site,title,company,location,date_posted,job_url,job_url_direct,id,job_type,salary_source,interval,min_amount,max_amount,currency,is_remote,job_level,job_function,listing_type,emails,company_industry,company_url,company_url_direct,company_addresses,company_num_employees,company_revenue,company_description,skills,experience_range,company_rating,company_reviews_count,vacancy_count,work_from_home_type
linkedin,Machine Learning Consultant (f/m/d),FRAMEN,"Berlin, Berlin, Germany",2026-07-13,https://www.linkedin.com/jobs/view/4437253994 , ,li-4437253994,parttime,,,,,,False,associate,Analyst,,,Software Development,https://de.linkedin.com/company/framen,,,,,,,,,,,
linkedin,AI Infrastructure Engineer,Fin,"Berlin, Berlin, Germany",2026-07-13,https://www.linkedin.com/jobs/view/4403464226 , ,li-4403464226,fulltime,,,,,,True,not applicable,Information Technology,,,"Technology, Information and Internet",https://www.linkedin.com/company/fin,,,,,,,,,,,
linkedin,Data Scientist (m/w/d) // Remote möglich,Breuninger,"Berlin, Berlin, Germany",2026-07-13,https://www.linkedin.com/jobs/view/4440003516 , ,li-4440003516,fulltime,,,,,,True,not applicable,Information Technology,,,Software Development and IT Services and IT Consulting,https://de.linkedin.com/company/breuninger,,,,,,,,,,,
linkedin,Brand Strategist - Fully Remote | Upto $150/hr,Mercor,,2026-07-13,https://www.linkedin.com/jobs/view/4439775746 , ,li-4439775746,parttime,description,hourly,80.0,150.0,USD,True,not applicable,Marketing,,support@mercor.com,Software Development,https://www.linkedin.com/company/mercor-ai,,,,,,,,,,,
linkedin,Data Scientist (m/w/d) // Remote möglich,Breuninger,"Hamburg, Hamburg, Germany",2026-07-13,https://www.linkedin.com/jobs/view/4439794883 , ,li-4439794883,fulltime,,,,,,True,not applicable,Information Technology,,,Software Development and IT Services and IT Consulting,https://de.linkedin.com/company/breuninger,,,,,,,,,,,
linkedin,Freelance Frontend Developer (Landing Pages & Websites),Mindrift,,2026-07-13,https://www.linkedin.com/jobs/view/4440022197 , ,li-4440022197,parttime,,,,,,True,mid-senior level,Other,,,IT Services and IT Consulting,https://www.linkedin.com/company/mindrift-ai,,,,,,,,,,,
linkedin,Data Scientist (m/w/d) // Remote möglich,Breuninger,"Düsseldorf, North Rhine-Westphalia, Germany",2026-07-13,https://www.linkedin.com/jobs/view/4440001566 , ,li-4440001566,fulltime,,,,,,True,not applicable,Information Technology,,,Software Development and IT Services and IT Consulting,https://de.linkedin.com/company/breuninger,,,,,,,,,,,
linkedin,Freelance Agent Evaluation Engineer,Mindrift,"Munich, Bavaria, Germany",2026-07-13,https://www.linkedin.com/jobs/view/4439795369 , ,li-4439795369,parttime,,,,,,False,mid-senior level,Other,,,IT Services and IT Consulting,https://www.linkedin.com/company/mindrift-ai,,,,,,,,,,,
linkedin,"AI Developer (all genders) - Düsseldorf, Münster",Provinzial Konzern,"Düsseldorf, North Rhine-Westphalia, Germany",2026-07-13,https://www.linkedin.com/jobs/view/4440031118 , ,li-4440031118,fulltime,,,,,,False,entry level,Engineering and Information Technology,,karriere@provinzial.com,Insurance,https://de.linkedin.com/company/provinzial-konzern,,,,,,,,,,,
linkedin,AI Solution Architect (w/m/d),Materna Virtual Solution GmbH,,2026-07-13,https://www.linkedin.com/jobs/view/4440019021 , ,li-4440019021,fulltime,,,,,,False,associate,Information Technology,,,Software Development,https://de.linkedin.com/company/materna-virtual-solution,,,,,,,,,,,
linkedin,Product Manager,Jaipur Robotics,,2026-07-13,https://www.linkedin.com/jobs/view/4439770099 , ,li-4439770099,fulltime,,,,,,True,entry level,Product Management and Marketing,,,Robotics Engineering,https://ch.linkedin.com/company/jaipurrobotics,,,,,,,,,,,
linkedin,Data Science Specialist - Fully Remote | Upto $170/hr,Mercor,,2026-07-13,https://www.linkedin.com/jobs/view/4439782181 , ,li-4439782181,parttime,description,hourly,120.0,170.0,USD,True,not applicable,Science,,support@mercor.com,Software Development,https://www.linkedin.com/company/mercor-ai,,,,,,,,,,,
linkedin,"R&D Software Engineer (C++, Rust, Python)",Keysight Technologies,,2026-07-13,https://www.linkedin.com/jobs/view/4437241990 , ,li-4437241990,fulltime,,,,,,False,mid-senior level,Engineering,,,"Appliances, Electrical, and Electronics Manufacturing",https://www.linkedin.com/company/keysight-technologies,,,,,,,,,,,
linkedin,Product Data Analyst,Freenow,,2026-07-13,https://www.linkedin.com/jobs/view/4439435334 , ,li-4439435334,fulltime,,,,,,False,mid-senior level,Information Technology,,,Internet Marketplace Platforms,https://de.linkedin.com/company/freenow,,,,,,,,,,,
linkedin,Energy Systems Data Engineer,TWAICE,,2026-07-13,https://www.linkedin.com/jobs/view/4437296198 , ,li-4437296198,fulltime,,,,,,True,associate,Information Technology,,,Software Development,https://de.linkedin.com/company/twaice,,,,,,,,,,,
linkedin,Analytics - Future Leaders Graduate Program,Picnic Technologies,"Hamburg, Hamburg, Germany",2026-07-13,https://www.linkedin.com/jobs/view/4301797915 , ,li-4301797915,fulltime,,,,,,False,internship,"Research, Analyst, and Information Technology",,,Retail,https://nl.linkedin.com/company/picnictechnologies,,,,,,,,,,,
linkedin,AI Content Creative & Concept,STAN GROUP,"Stuttgart, Baden-Württemberg, Germany",2026-07-13,https://www.linkedin.com/jobs/view/4437298256 , ,li-4437298256,fulltime,,,,,,False,associate,Art/Creative and Design,,,Software Development,https://de.linkedin.com/company/stan-worldwide,,,,,,,,,,,
linkedin,AI Research Scientist - PhD,Mercor,,2026-07-13,https://www.linkedin.com/jobs/view/4439789094 , ,li-4439789094,parttime,description,hourly,70.0,90.0,USD,True,not applicable,Research,,support@mercor.com,Software Development,https://www.linkedin.com/company/mercor-ai,,,,,,,,,,,
linkedin,Bachelor of Science (B. Sc.) (w/m/d) - Data Science & Künstliche Intelligenz - 2027,TRUMPF,"Ditzingen, Baden-Württemberg, Germany",2026-07-13,https://www.linkedin.com/jobs/view/4422809255 , ,li-4422809255,fulltime,,,,,,False,internship,"Research, Analyst, and Information Technology",,Florian.Mueller@trumpf.com,Machinery Manufacturing,https://www.linkedin.com/company/trumpf-se-co-kg,,,,,,,,,,,
linkedin,Data Engineer,Codex,,2026-07-13,https://www.linkedin.com/jobs/view/4440035256 , ,li-4440035256,fulltime,,,,,,False,mid-senior level,Consulting,,,IT Services and IT Consulting,https://uk.linkedin.com/company/codex-recruitment,,,,,,,,,,,
linkedin,Actuarial Data Scientist / Aktuar:in / Mathematiker:in (w/m/d) im Pricing,HUK-COBURG,"Coburg, Bavaria, Germany",2026-07-13,https://www.linkedin.com/jobs/view/4259442209 , ,li-4259442209,fulltime,,,,,,False,associate,"Education, Analyst, and Information Technology",,,Insurance,https://de.linkedin.com/company/huk-coburg,,,,,,,,,,,
linkedin,AI Engineer (m/w/d) // Remote möglich,Breuninger,"Hamburg, Hamburg, Germany",2026-07-13,https://www.linkedin.com/jobs/view/4440008277 , ,li-4440008277,fulltime,,,,,,True,not applicable,Engineering,,,Software Development and IT Services and IT Consulting,https://de.linkedin.com/company/breuninger,,,,,,,,,,,
linkedin,Students - Data & AI (m/f/d),Liebherr Group,"Ulm, Baden-Württemberg, Germany",2026-07-13,https://www.linkedin.com/jobs/view/4430377976 , ,li-4430377976,volunteer,,,,,,True,internship,Information Technology,,Lena.Dangel@liebherr.com,Industrial Machinery Manufacturing,https://de.linkedin.com/company/liebherr,,,,,,,,,,,
linkedin,Autonomous Systems Engineer (UAV / Drone),Piper Maddox,"North Rhine-Westphalia, Germany",2026-07-13,https://www.linkedin.com/jobs/view/4439141781 , ,li-4439141781,fulltime,,,,,,False,mid-senior level,Information Technology and Engineering,,,"Aviation and Aerospace Component Manufacturing, Airlines and Aviation, and Defense and Space Manufacturing",https://www.linkedin.com/company/piper-maddox,,,,,,,,,,,
linkedin,"Technical Lead, Product",Bioptimus,"Berlin, Berlin, Germany",2026-07-13,https://www.linkedin.com/jobs/view/4436339811 , ,li-4436339811,fulltime,,,,,,True,mid-senior level,Other,,,"Construction, Software Development, and IT Services and IT Consulting",https://fr.linkedin.com/company/bioptimus,,,,,,,,,,,
linkedin,"Senior Security Engineer, Security Incident Response Team (SIRT)",Jobgether,,2026-07-13,https://www.linkedin.com/jobs/view/4439125859 , ,li-4439125859,fulltime,,,,,,True,mid-senior level,Information Technology,,,Internet Marketplace Platforms,https://be.linkedin.com/company/jobgether,,,,,,,,,,,
linkedin,Creative Videograf (m/w/d),Schwarz Corporate Solutions,"Neckarsulm, Baden-Württemberg, Germany",2026-07-13,https://www.linkedin.com/jobs/view/4440046757 , ,li-4440046757,fulltime,,,,,,False,mid-senior level,"Marketing, Public Relations, and Writing/Editing",,,Retail,https://de.linkedin.com/company/schwarzcorporatesolutions,,,,,,,,,,,
linkedin,Digital Marketing Manager (m/w/d),mylantech GmbH,,2026-07-13,https://www.linkedin.com/jobs/view/4440005696 , ,li-4440005696,fulltime,,,,,,True,mid-senior level,Marketing and Sales,,,IT Services and IT Consulting,https://de.linkedin.com/company/mylantech-gmbh,,,,,,,,,,,
linkedin,AI Engineer (m/w/d) // Remote möglich,Breuninger,"Munich, Bavaria, Germany",2026-07-13,https://www.linkedin.com/jobs/view/4440007257 , ,li-4440007257,fulltime,,,,,,True,not applicable,Engineering,,,Software Development and IT Services and IT Consulting,https://de.linkedin.com/company/breuninger,,,,,,,,,,,
linkedin,Business Development Manager,Sailglobal,"Munich, Bavaria, Germany",2026-07-13,https://www.linkedin.com/jobs/view/4403172269 , ,li-4403172269,fulltime,,,,,,False,associate,"Business Development, Sales, and Information Technology",,,"Technology, Information and Media",https://sg.linkedin.com/company/sailglobal,,,,,,,,,,,
linkedin,Machine Learning Engineer,SafeAD,"Karlsruhe, Baden-Württemberg, Germany",2026-07-13,https://www.linkedin.com/jobs/view/4440008316 , ,li-4440008316,fulltime,,,,,,False,entry level,Engineering and Information Technology,,,Motor Vehicle Manufacturing,https://www.linkedin.com/company/safead,,,,,,,,,,,
linkedin,Senior Software Engineer (Python),Audatic,"Berlin, Germany",2026-07-13,https://www.linkedin.com/jobs/view/4439423180 , ,li-4439423180,fulltime,,,,,,True,mid-senior level,Engineering and Information Technology,,,Software Development,https://de.linkedin.com/company/audatic-ai,,,,,,,,,,,
linkedin,(Junior) Manager AI System & Process Integration (m/w/d),q.beyond AG,"Darmstadt, Hesse, Germany",2026-07-13,https://www.linkedin.com/jobs/view/4439131963 , ,li-4439131963,fulltime,,,,,,True,entry level,Engineering and Information Technology,,,IT Services and IT Consulting,https://de.linkedin.com/company/qbeyond-ag,,,,,,,,,,,
linkedin,Growth Strategy Manager (m/f/d),Numa,"Berlin, Germany",2026-07-13,https://www.linkedin.com/jobs/view/4421685552 , ,li-4421685552,fulltime,,,,,,False,mid-senior level,Management and Consulting,,,"Technology, Information and Internet and Hospitality",https://de.linkedin.com/company/numa-stays,,,,,,,,,,,
linkedin,QA Engineer,Jobgether,,2026-07-13,https://www.linkedin.com/jobs/view/4439164243 , ,li-4439164243,fulltime,,,,,,True,mid-senior level,Engineering and Information Technology,,,Internet Marketplace Platforms,https://be.linkedin.com/company/jobgether,,,,,,,,,,,
linkedin,Managing Director,Keller Executive Search,"Munich, Bavaria, Germany",2026-07-13,https://www.linkedin.com/jobs/view/4440036643 , ,li-4440036643,fulltime,,,,,,False,executive,Business Development and Sales,,assistance@kellerexecutivesearch.com,Defense and Space Manufacturing,https://www.linkedin.com/company/keller-executive-search,,,,,,,,,,,
linkedin,Data Science Specialist (m/w/d),Fagron GmbH,"Dresden, Saxony, Germany",2026-07-13,https://www.linkedin.com/jobs/view/4437259736 , ,li-4437259736,fulltime,,,,,,False,mid-senior level,Analyst,,,Data Infrastructure and Analytics,https://de.linkedin.com/company/fagrongermany,,,,,,,,,,,
linkedin,Generative AI Engineer (m/w/d) 85.000€,Computer Futures,"Frankfurt am Main, Hesse, Germany",2026-07-13,https://www.linkedin.com/jobs/view/4440053069 , ,li-4440053069,fulltime,,,,,,False,mid-senior level,Information Technology,,,Software Development,https://uk.linkedin.com/company/computerfutures,,,,,,,,,,,
linkedin,Postdoctoral Researcher - Machine Learning for Plant Regulatory Genomics,Forschungszentrum Jülich,"Jülich, North Rhine-Westphalia, Germany",2026-07-13,https://www.linkedin.com/jobs/view/4437260868 , ,li-4437260868,fulltime,,,,,,False,associate,Research and Science,,,Research Services and Services for Renewable Energy,https://de.linkedin.com/company/forschungszentrum-julich,,,,,,,,,,,
linkedin,Softwareentwickler / Mathematiker (m/w/d) in Oberndorf a.N.,Mitutoyo CTL Germany GmbH,"Oberndorf, Baden-Württemberg, Germany",2026-07-13,https://www.linkedin.com/jobs/view/4439135719 , ,li-4439135719,fulltime,,,,,,False,entry level,Engineering and Information Technology,,,IT Services and IT Consulting,https://de.linkedin.com/company/mitutoyo-ctl-germany-gmbh,,,,,,,,,,,
linkedin,Duales Studium (m/w/d) - Data Science und Künstliche Intelligenz 2026,MANN & SCHRÖDER COSMETICS,"Siegelsbach, Baden-Württemberg, Germany",2026-07-13,https://www.linkedin.com/jobs/view/4437264728 , ,li-4437264728,fulltime,,,,,,False,entry level,Information Technology,,,Personal Care Product Manufacturing,https://de.linkedin.com/company/mann-&-schr%C3%B6der-gmbh,,,,,,,,,,,
linkedin,Robotics Specialist,THRYVE,,2026-07-13,https://www.linkedin.com/jobs/view/4440000311 , ,li-4440000311,fulltime,,,,,,False,mid-senior level,Information Technology,,,"Technology, Information and Media",https://de.linkedin.com/company/thryvetalent,,,,,,,,,,,
linkedin,Material Science Specialist (Masters/PhDs),Alignerr,,2026-07-13,https://www.linkedin.com/jobs/view/4439778132 , ,li-4439778132,contract,,,,,,True,mid-senior level,"Research, Analyst, and Information Technology",,,"Technology, Information and Internet",https://www.linkedin.com/company/alignerr,,,,,,,,,,,
linkedin,Wissenschaftliche*r Mitarbeiter*in,Marburg University,"Marburg an der Lahn, Hesse, Germany",2026-07-13,https://www.linkedin.com/jobs/view/4440035385 , ,li-4440035385,fulltime,,,,,,False,entry level,"Research, Analyst, and Information Technology",,omlor@jura.uni,Internet Publishing,https://de.linkedin.com/school/philipps-universit-t-marburg/,,,,,,,,,,,
linkedin,Data Scientist (m/w/d) // Remote möglich,Breuninger,"Munich, Bavaria, Germany",2026-07-13,https://www.linkedin.com/jobs/view/4439793948 , ,li-4439793948,fulltime,,,,,,True,not applicable,Information Technology,,,Software Development and IT Services and IT Consulting,https://de.linkedin.com/company/breuninger,,,,,,,,,,,
linkedin,AI Engineer – Python & Automation (m/w/d),Assecor GmbH,"Berlin, Berlin, Germany",2026-07-13,https://www.linkedin.com/jobs/view/4437240516 , ,li-4437240516,fulltime,,,,,,True,associate,Information Technology,,,Software Development,https://de.linkedin.com/company/assecor-gmbh,,,,,,,,,,,
linkedin,Software Engineer (Python),Audatic,"Berlin, Germany",2026-07-13,https://www.linkedin.com/jobs/view/4439414435 , ,li-4439414435,fulltime,,,,,,True,entry level,Engineering and Information Technology,,,Software Development,https://de.linkedin.com/company/audatic-ai,,,,,,,,,,,
linkedin,Founding Data Scientist,Cubiq Recruitment,"Munich, Bavaria, Germany",2026-07-13,https://www.linkedin.com/jobs/view/4411580729 , ,li-4411580729,fulltime,,,,,,False,mid-senior level,"Science, Engineering, and Analyst",,,"Hospitals and Health Care, IT Services and IT Consulting, and Engineering Services",https://uk.linkedin.com/company/cubiq-recruitment,,,,,,,,,,,
linkedin,Full Stack Go Engineer (Germany-based),BoWatt,,2026-07-12,https://www.linkedin.com/jobs/view/4437153356 , ,li-4437153356,fulltime,,,,,,True,mid-senior level,Engineering,,,Software Development and Manufacturing,https://de.linkedin.com/company/bowatt,,,,,,,,,,,
linkedin,AI Research Engineer - ML Engineering,Helsing,"Munich, Bavaria, Germany",2026-07-12,https://www.linkedin.com/jobs/view/4363025863 , ,li-4363025863,fulltime,,,,,,True,mid-senior level,Engineering and Information Technology,,,Software Development,https://de.linkedin.com/company/helsing,,,,,,,,,,,
linkedin,Head of Artificial Intelligence,develop,"Munich, Bavaria, Germany",2026-07-12,https://www.linkedin.com/jobs/view/4437210461 , ,li-4437210461,fulltime,,,,,,False,mid-senior level,Information Technology,,,Defense and Space Manufacturing and Artificial Intelligence,https://uk.linkedin.com/company/developrec,,,,,,,,,,,
linkedin,Data Scientist - Remote,YO IT Consulting,"Munich, Bavaria, Germany",2026-07-12,https://www.linkedin.com/jobs/view/4438959588 , ,li-4438959588,fulltime,,,,,,True,entry level,Engineering and Information Technology,,,Software Development,https://ae.linkedin.com/company/yohritconsulting,,,,,,,,,,,
linkedin,Senior Embedded AI Developer (f/m/x),BMW Group,"Munich, Bavaria, Germany",2026-07-12,https://www.linkedin.com/jobs/view/4391064359 , ,li-4391064359,fulltime,,,,,,False,mid-senior level,Engineering and Information Technology,,,Motor Vehicle Manufacturing,https://de.linkedin.com/company/bmw-group,,,,,,,,,,,
linkedin,Senior ML Engineer - Next-Generation Autonomous Driving (f/m/x),BMW Group,"Munich, Bavaria, Germany",2026-07-12,https://www.linkedin.com/jobs/view/4417965098 , ,li-4417965098,fulltime,,,,,,False,mid-senior level,Engineering and Information Technology,,,Motor Vehicle Manufacturing,https://de.linkedin.com/company/bmw-group,,,,,,,,,,,
linkedin,Doktorandin / Doktorand KI Elektronikplanung (w/m/d),Volkswagen Group,"Wolfsburg, Lower Saxony, Germany",2026-07-11,https://www.linkedin.com/jobs/view/4429692641 , ,li-4429692641,fulltime,,,,,,False,internship,Research,,,Motor Vehicle Manufacturing,https://de.linkedin.com/company/volkswagen-group,,,,,,,,,,,
linkedin,Development Architect (f/m/d) - AI Foundation Model Training and Serving,SAP,"Potsdam, Brandenburg, Germany",2026-07-11,https://www.linkedin.com/jobs/view/4429680502 , ,li-4429680502,fulltime,,,,,,False,not applicable,Engineering and Information Technology,,Careers@sap.com,"Software Development, IT Services and IT Consulting, and Business Consulting and Services",https://de.linkedin.com/company/sap,,,,,,,,,,,
linkedin,Medical Lead,dehaze,"Berlin, Berlin, Germany",2026-07-11,https://www.linkedin.com/jobs/view/4436683259 , ,li-4436683259,fulltime,,,,,,False,associate,Management,,,IT Services and IT Consulting,https://de.linkedin.com/company/dehazeai,,,,,,,,,,,
linkedin,Graduate AI software engineer,Bending Spoons,"Munich, Bavaria, Germany",2026-07-11,https://www.linkedin.com/jobs/view/4438938576 , ,li-4438938576,fulltime,,,,,,True,entry level,Engineering and Information Technology,,,Software Development,https://it.linkedin.com/company/bendingspoons,,,,,,,,,,,
linkedin,Data Scientist (m/f/x),FINN,,2026-07-11,https://www.linkedin.com/jobs/view/4402290970 , ,li-4402290970,fulltime,,,,,,True,mid-senior level,Engineering and Information Technology,,,"Motor Vehicle Manufacturing and Technology, Information and Internet",https://de.linkedin.com/company/finn-auto,,,,,,,,,,,
linkedin,AI Trainer Lead - Remote,YO IT Consulting,"Berlin, Berlin, Germany",2026-07-11,https://www.linkedin.com/jobs/view/4438382958 , ,li-4438382958,fulltime,,,,,,True,mid-senior level,Education and Training,,,Software Development,https://ae.linkedin.com/company/yohritconsulting,,,,,,,,,,,
linkedin,AI Solution Architect - Educational Content Author,Jobgether,,2026-07-11,https://www.linkedin.com/jobs/view/4438345330 , ,li-4438345330,fulltime,,,,,,False,entry level,Engineering and Information Technology,,,Internet Marketplace Platforms,https://be.linkedin.com/company/jobgether,,,,,,,,,,,
linkedin,(Junior) Data Engineer (m/w/d),syte,"Münster, North Rhine-Westphalia, Germany",2026-07-11,https://www.linkedin.com/jobs/view/4436662541 , ,li-4436662541,fulltime,,,,,,False,entry level,Information Technology,,,IT Services and IT Consulting,https://de.linkedin.com/company/syte-real-estate,,,,,,,,,,,
linkedin,AI & Data Senior Manager Financial Services (all genders),Accenture Southeast Asia,"Frankfurt, Hesse, Germany",2026-07-11,https://www.linkedin.com/jobs/view/4436671240 , ,li-4436671240,fulltime,,,,,,True,director,Management,,,Business Consulting and Services,https://sg.linkedin.com/company/accenture-sea,,,,,,,,,,,
linkedin,Junior AI Developer — Services (m/w/d),AI-Z Group,"Stuttgart, Baden-Württemberg, Germany",2026-07-11,https://www.linkedin.com/jobs/view/4436669882 , ,li-4436669882,fulltime,,,,,,False,entry level,,,,Software Development,https://de.linkedin.com/company/ai-z-group,,,,,,,,,,,
linkedin,SAP Business AI Architect (m/w/d) - Germany,Infosys,"Frankfurt, Hesse, Germany",2026-07-11,https://www.linkedin.com/jobs/view/4428282040 , ,li-4428282040,fulltime,,,,,,False,mid-senior level,Business Development and Sales,,,IT Services and IT Consulting,https://in.linkedin.com/company/infosys,,,,,,,,,,,
linkedin,(Senior) Machine Learning Engineer (f/m/d),Pricenow,"Munich, Bavaria, Germany",2026-07-11,https://www.linkedin.com/jobs/view/4436685115 , ,li-4436685115,fulltime,,,,,,False,associate,Information Technology,,,IT Services and IT Consulting,https://ch.linkedin.com/company/pricenow-ag,,,,,,,,,,,
linkedin,Sales Development Representative (w/m/d) - Remote / Berlin / Hamburg,Packmatic,"Berlin, Berlin, Germany",2026-07-11,https://www.linkedin.com/jobs/view/4438165924 , ,li-4438165924,fulltime,,,,,,True,not applicable,Sales and Business Development,,,Packaging & Containers,https://de.linkedin.com/company/packmatic,,,,,,,,,,,
linkedin,"Member of Technical Staff (Product Data Scientist, Search Quality)",Perplexity,"Berlin, Berlin, Germany",2026-07-11,https://www.linkedin.com/jobs/view/4322778842 , ,li-4322778842,fulltime,,,,,,False,mid-senior level,Engineering and Information Technology,,,Software Development,https://www.linkedin.com/company/perplexity-ai,,,,,,,,,,,
linkedin,"Applied Scientist, Amazon Music - DISCO, Music DISCO",Amazon Music,"Berlin, Germany",2026-07-11,https://www.linkedin.com/jobs/view/4439390131 , ,li-4439390131,fulltime,,,,,,False,not applicable,"Research, Analyst, and Information Technology",,,Entertainment Providers,https://www.linkedin.com/company/amazon-music,,,,,,,,,,,
linkedin,Lead Instructor: Data Science (m/f/d),WBS CODING SCHOOL,,2026-07-11,https://www.linkedin.com/jobs/view/4436694024 , ,li-4436694024,parttime,,,,,,True,mid-senior level,Training,,,Education Administration Programs,https://de.linkedin.com/school/wbs-coding-school/,,,,,,,,,,,
linkedin,Product Data Engineer (w/m/d) 80 - 100%,NZZ,"Berlin, Berlin, Germany",2026-07-11,https://www.linkedin.com/jobs/view/4438384495 , ,li-4438384495,parttime,,,,,,False,associate,Information Technology,,,Media Production,https://ch.linkedin.com/company/neue-zurcher-zeitung,,,,,,,,,,,
linkedin,Senior Forward Deployed Engineer (AI Agent) - Germany,Cresta,,2026-07-11,https://www.linkedin.com/jobs/view/4380928196 , ,li-4380928196,fulltime,,,,,,False,mid-senior level,Engineering and Information Technology,,recruiting@cresta.ai,Software Development,https://www.linkedin.com/company/cresta-inc,,,,,,,,,,,
linkedin,Partner Solutions Architect – DACH and CEE Region,NVIDIA,"Munich, Bavaria, Germany",2026-07-11,https://www.linkedin.com/jobs/view/4402325615 , ,li-4402325615,fulltime,,,,,,False,mid-senior level,Sales,,,Computer Hardware Manufacturing,https://www.linkedin.com/company/nvidia,,,,,,,,,,,
linkedin,Robotics Data Collector (Germany),CNTXT AI,"Berlin, Berlin, Germany",2026-07-11,https://www.linkedin.com/jobs/view/4438930304 , ,li-4438930304,parttime,,,,,,False,entry level,Information Technology,,,Automation Machinery Manufacturing,https://ae.linkedin.com/company/cntxtai,,,,,,,,,,,
linkedin,Forward Deployed Data Scientist Expert (f/m/d),SAP,"Garching, Bavaria, Germany",2026-07-11,https://www.linkedin.com/jobs/view/4422019357 , ,li-4422019357,fulltime,,,,,,False,not applicable,Engineering and Information Technology,,Careers@sap.com,"Software Development, IT Services and IT Consulting, and Business Consulting and Services",https://de.linkedin.com/company/sap,,,,,,,,,,,
linkedin,PhD Student Development AI‑Native Development Models & Virtual AI Agents (f/m/d),Volkswagen Group,"Wolfsburg, Lower Saxony, Germany",2026-07-11,https://www.linkedin.com/jobs/view/4429675862 , ,li-4429675862,fulltime,,,,,,True,internship,Education and Training,,,Motor Vehicle Manufacturing,https://de.linkedin.com/company/volkswagen-group,,,,,,,,,,,
linkedin,Doktorandin / Doktorand Entwicklung AI‑Native Entwicklungsmodelle & virtuelle KI‑Agenten (w/m/d),Volkswagen Group,"Wolfsburg, Lower Saxony, Germany",2026-07-11,https://www.linkedin.com/jobs/view/4429693476 , ,li-4429693476,fulltime,,,,,,False,internship,Research,,,Motor Vehicle Manufacturing,https://de.linkedin.com/company/volkswagen-group,,,,,,,,,,,
linkedin,Investment Banking Associate Analyst,Mercor,,2026-07-11,https://www.linkedin.com/jobs/view/4411341090 , ,li-4411341090,parttime,,,,,,True,not applicable,Finance,,support@mercor.com,Software Development,https://www.linkedin.com/company/mercor-ai,,,,,,,,,,,
linkedin,Principal Machine Learning Engineer - Applied AI & LLMs (x/f/m),Doctolib,"Berlin, Berlin, Germany",2026-07-10,https://www.linkedin.com/jobs/view/4420976192 , ,li-4420976192,fulltime,,,,,,True,mid-senior level,Engineering and Information Technology,,,Software Development,https://fr.linkedin.com/company/doctolib,,,,,,,,,,,
linkedin,Business Intelligence Specialist (m/w/d),mittwald,"Espelkamp, North Rhine-Westphalia, Germany",2026-07-10,https://www.linkedin.com/jobs/view/4435992092 , ,li-4435992092,fulltime,,,,,,False,entry level,Finance and Purchasing,,,"Technology, Information and Internet",https://de.linkedin.com/company/mittwald,,,,,,,,,,,
linkedin,Partner Solution Architect - EMEA,Mistral,"Munich, Bavaria, Germany",2026-07-10,https://www.linkedin.com/jobs/view/4439087416 , ,li-4439087416,fulltime,,,,,,False,mid-senior level,Engineering and Information Technology,,,"Technology, Information and Internet",https://fr.linkedin.com/company/mistralai,,,,,,,,,,,
linkedin,PhD - Safety Contracts for Physical AI,Bosch,"Renningen, Baden-Württemberg, Germany",2026-07-10,https://www.linkedin.com/jobs/view/4437978707 , ,li-4437978707,fulltime,,,,,,False,entry level,Research,,,Software Development,https://de.linkedin.com/company/bosch,,,,,,,,,,,
linkedin,Consultant AI Plattform & Infrastructure (m/w/d),BWI GmbH,"Nuremberg, Bavaria, Germany",2026-07-10,https://www.linkedin.com/jobs/view/4430727949 , ,li-4430727949,fulltime,,,,,,False,mid-senior level,Information Technology,,,IT Services and IT Consulting,https://de.linkedin.com/company/bwi-gmbh,,,,,,,,,,,
linkedin,Founding Growth Marketer,Clera,"Berlin, Berlin, Germany",2026-07-10,https://www.linkedin.com/jobs/view/4438876287 , ,li-4438876287,fulltime,description,yearly,65000.0,95000.0,USD,False,mid-senior level,Marketing and Sales,,,"Technology, Information and Internet",https://www.linkedin.com/company/getclera,,,,,,,,,,,
linkedin,Software Developer (m/f/d),Spleenlab,"Saalburg-Ebersdorf, Thuringia, Germany",2026-07-10,https://www.linkedin.com/jobs/view/4437999052 , ,li-4437999052,fulltime,,,,,,False,mid-senior level,Engineering and Information Technology,,career@spleenlab.ai,Software Development,https://de.linkedin.com/company/spleenlab,,,,,,,,,,,
linkedin,Data Scientist,Oliver Bernard,"Berlin, Germany",2026-07-10,https://www.linkedin.com/jobs/view/4435984069 , ,li-4435984069,fulltime,,,,,,True,mid-senior level,Information Technology,,,Staffing and Recruiting,https://uk.linkedin.com/company/oliverbernard,,,,,,,,,,,
linkedin,Solution Engineer / Energy Data Analyst (m/w/d),hymate,"Munich, Bavaria, Germany",2026-07-10,https://www.linkedin.com/jobs/view/4439323498 , ,li-4439323498,internship,,,,,,False,entry level,Engineering and Information Technology,,,Software Development,https://de.linkedin.com/company/hymate,,,,,,,,,,,
linkedin,Senior AI Engineer (x/f/m),Doctolib,"Berlin, Germany",2026-07-10,https://www.linkedin.com/jobs/view/4372709869 , ,li-4372709869,fulltime,,,,,,True,mid-senior level,Engineering and Information Technology,,,Software Development,https://fr.linkedin.com/company/doctolib,,,,,,,,,,,
linkedin,"AI Strategy Consultant – Customer, Data & AI (all genders)",Accenture DACH,"Kronberg, Hesse, Germany",2026-07-10,https://www.linkedin.com/jobs/view/4408696131 , ,li-4408696131,fulltime,,,,,,True,mid-senior level,Business Development and Sales,,_germany@accenture.com,IT Services and IT Consulting,https://de.linkedin.com/company/accenture-dach,,,,,,,,,,,
linkedin,Business Analyst:in / AI Engineer,HDI Group,"Cologne, North Rhine-Westphalia, Germany",2026-07-10,https://www.linkedin.com/jobs/view/4430945677 , ,li-4430945677,fulltime,,,,,,False,mid-senior level,"Research, Analyst, and Information Technology",,,Insurance,https://de.linkedin.com/company/hdigroup,,,,,,,,,,,
linkedin,Principal KI Consultant (m/w/d),Telekom MMS,"Berlin, Berlin, Germany",2026-07-10,https://www.linkedin.com/jobs/view/4436606319 , ,li-4436606319,fulltime,,,,,,False,not applicable,"Consulting, Information Technology, and Sales",,,IT Services and IT Consulting,https://de.linkedin.com/company/telekom-mms,,,,,,,,,,,
linkedin,"Enterprise Integration Architect – SAP, PaaS, SaaS & AI-enabled Systems (m/f/d)",Simon-Kucher,"Bonn, North Rhine-Westphalia, Germany",2026-07-10,https://www.linkedin.com/jobs/view/4427871220 , ,li-4427871220,fulltime,,,,,,False,mid-senior level,Engineering and Information Technology,,,Business Consulting and Services,https://de.linkedin.com/company/simon-kucher,,,,,,,,,,,
linkedin,"Enterprise Integration Architect – SAP, PaaS, SaaS & AI-enabled Systems (m/f/d)",Simon-Kucher,"Frankfurt am Main, Hesse, Germany",2026-07-10,https://www.linkedin.com/jobs/view/4427870252 , ,li-4427870252,fulltime,,,,,,False,mid-senior level,Engineering and Information Technology,,,Business Consulting and Services,https://de.linkedin.com/company/simon-kucher,,,,,,,,,,,
linkedin,Consultant KI (m/w/d) - befristet,Telekom MMS,"Berlin, Berlin, Germany",2026-07-10,https://www.linkedin.com/jobs/view/4419147685 , ,li-4419147685,fulltime,,,,,,False,not applicable,"Consulting, Information Technology, and Sales",,,IT Services and IT Consulting,https://de.linkedin.com/company/telekom-mms,,,,,,,,,,,
linkedin,AI Enablement Manager (m/f/d),voize,"Berlin, Berlin, Germany",2026-07-10,https://www.linkedin.com/jobs/view/4419924509 , ,li-4419924509,fulltime,,,,,,True,mid-senior level,Other,,,Software Development,https://de.linkedin.com/company/voize-ai,,,,,,,,,,,
linkedin,Product Engineer / FDE (f/m/d)- Remote Europe,Otera,"Berlin, Berlin, Germany",2026-07-10,https://www.linkedin.com/jobs/view/4437991854 , ,li-4437991854,fulltime,,,,,,True,mid-senior level,Information Technology,,,IT Services and IT Consulting,https://at.linkedin.com/company/we-are-otera,,,,,,,,,,,
linkedin,Senior Forward Deployed Engineer,Taktile,,2026-07-10,https://www.linkedin.com/jobs/view/4439082967 , ,li-4439082967,fulltime,,,,,,False,mid-senior level,Engineering and Consulting,,,Software Development,https://www.linkedin.com/company/taktile1,,,,,,,,,,,
linkedin,Full Stack AI Engineer,Zalion,"Munich, Bavaria, Germany",2026-07-10,https://www.linkedin.com/jobs/view/4435938823 , ,li-4435938823,fulltime,,,,,,False,associate,Information Technology,,,Software Development,https://de.linkedin.com/company/zalion-ai,,,,,,,,,,,
linkedin,"Chatbot Developer (WhatsApp, Telegram, Discord) - Freelance",Mindrift,"Munich, Bavaria, Germany",2026-07-10,https://www.linkedin.com/jobs/view/4439309965 , ,li-4439309965,parttime,,,,,,True,entry level,Other,,,IT Services and IT Consulting,https://www.linkedin.com/company/mindrift-ai,,,,,,,,,,,
linkedin,"Chatbot Developer (WhatsApp, Telegram, Discord) - Freelance",Mindrift,,2026-07-10,https://www.linkedin.com/jobs/view/4439323238 , ,li-4439323238,parttime,,,,,,True,entry level,Other,,,IT Services and IT Consulting,https://www.linkedin.com/company/mindrift-ai,,,,,,,,,,,
linkedin,"Chatbot Developer (WhatsApp, Telegram, Discord) - Freelance",Mindrift,"Berlin, Berlin, Germany",2026-07-10,https://www.linkedin.com/jobs/view/4439308972 , ,li-4439308972,parttime,,,,,,True,entry level,Other,,,IT Services and IT Consulting,https://www.linkedin.com/company/mindrift-ai,,,,,,,,,,,
linkedin,Generative AI Engineer (all Genders) for Hamburg,Digitl,"Hamburg, Hamburg, Germany",2026-07-10,https://www.linkedin.com/jobs/view/4439026875 , ,li-4439026875,fulltime,,,,,,True,mid-senior level,Engineering and Information Technology,,,Marketing Services,https://de.linkedin.com/company/digitl-group,,,,,,,,,,,
linkedin,Generative AI Engineer (all Genders) for Berlin,Digitl,"Berlin, Berlin, Germany",2026-07-10,https://www.linkedin.com/jobs/view/4439030760 , ,li-4439030760,fulltime,,,,,,True,mid-senior level,Engineering and Information Technology,,,Marketing Services,https://de.linkedin.com/company/digitl-group,,,,,,,,,,,
linkedin,Data Scientist (all genders),Holidu,"Munich, Bavaria, Germany",2026-07-10,https://www.linkedin.com/jobs/view/4419893691 , ,li-4419893691,fulltime,,,,,,False,associate,Engineering and Information Technology,,,IT Services and IT Consulting,https://de.linkedin.com/company/holidu,,,,,,,,,,,
linkedin,Data Scientist,Almedia,"Berlin, Germany",2026-07-10,https://www.linkedin.com/jobs/view/4343355220 , ,li-4343355220,fulltime,,,,,,False,entry level,Engineering and Information Technology,,,Advertising Services,https://de.linkedin.com/company/almediaco,,,,,,,,,,,
linkedin,Create your own role (m/f/d),OMNIPEAK.AI,"Frankfurt, Hesse, Germany",2026-07-10,https://www.linkedin.com/jobs/view/4435962090 , ,li-4435962090,parttime,,,,,,True,entry level,Health Care Provider,,,Software Development,https://de.linkedin.com/company/linkedin-omnipeak-ai,,,,,,,,,,,
linkedin,DATA SCIENTIST (M/F/D),AI.Associates,"Stuttgart, Baden-Württemberg, Germany",2026-07-10,https://www.linkedin.com/jobs/view/4437992733 , ,li-4437992733,fulltime,,,,,,False,entry level,Engineering and Information Technology,,careers@ai.associates,Information Technology & Services,https://de.linkedin.com/company/ai-associates,,,,,,,,,,,
linkedin,AI & Data Science Consultant (all genders),Accenture DACH,"Kronberg, Hesse, Germany",2026-07-10,https://www.linkedin.com/jobs/view/4409766094 , ,li-4409766094,fulltime,,,,,,False,mid-senior level,Information Technology,,_germany@accenture.com,IT Services and IT Consulting,https://de.linkedin.com/company/accenture-dach,,,,,,,,,,,
linkedin,Data Scientist (all genders),Serviceplan Group Ukraine,"Munich, Bavaria, Germany",2026-07-10,https://www.linkedin.com/jobs/view/4438309103 , ,li-4438309103,fulltime,,,,,,False,mid-senior level,Engineering and Information Technology,,,Advertising Services,https://ua.linkedin.com/company/serviceplan-group-ua,,,,,,,,,,,
linkedin,Data Scientist im Logistiknetzwerkdesign (w/m/d),dm-drogerie markt Deutschland,,2026-07-10,https://www.linkedin.com/jobs/view/4438893230 , ,li-4438893230,fulltime,,,,,,False,mid-senior level,Engineering and Information Technology,,,Retail,https://de.linkedin.com/company/dm-drogerie-markt-deutschland,,,,,,,,,,,
linkedin,VIE - Data Analyst/Data Scientist within production (d/f/m),Airbus Helicopters,"Donauwörth, Bavaria, Germany",2026-07-10,https://www.linkedin.com/jobs/view/4435950456 , ,li-4435950456,fulltime,,,,,,False,entry level,Information Technology,,emsom@airbus.com,Aviation and Aerospace Component Manufacturing,https://fr.linkedin.com/company/airbus-helicopters,,,,,,,,,,,
linkedin,Video Education Manager (Remote),Softr,,2026-07-10,https://www.linkedin.com/jobs/view/4435994668 , ,li-4435994668,fulltime,,,,,,True,executive,Education,,,IT Services and IT Consulting,https://de.linkedin.com/company/softr,,,,,,,,,,,
linkedin,Lead AI Engineer,Headmatch GmbH & Co. KG,,2026-07-10,https://www.linkedin.com/jobs/view/4432625293 , ,li-4432625293,fulltime,,,,,,True,mid-senior level,Engineering,,,IT Services and IT Consulting,https://de.linkedin.com/company/headmatch,,,,,,,,,,,
linkedin,Generative AI Engineer (all Genders) for Dusseldorf,Digitl,,2026-07-10,https://www.linkedin.com/jobs/view/4439036655 , ,li-4439036655,fulltime,,,,,,True,mid-senior level,Engineering and Information Technology,,,Marketing Services,https://de.linkedin.com/company/digitl-group,,,,,,,,,,,
linkedin,AI Engineer bei SCOUTASTIC (all genders),SCOUTASTIC,"Hamburg, Hamburg, Germany",2026-07-10,https://www.linkedin.com/jobs/view/4439325004 , ,li-4439325004,fulltime,,,,,,False,entry level,Engineering and Information Technology,,,IT Services and IT Consulting,https://de.linkedin.com/company/scoutastic,,,,,,,,,,,
linkedin,Fullstack AI Solutions Entwickler (m/w/d),Zimmermann & Partner Patentanwälte mbB,"Munich, Bavaria, Germany",2026-07-10,https://www.linkedin.com/jobs/view/4439029569 , ,li-4439029569,fulltime,,,,,,False,entry level,Engineering and Information Technology,,,Law Practice,https://de.linkedin.com/company/zimpat,,,,,,,,,,,
linkedin,Software Engineer – Machine Learning (AI Training),Alignerr,"Berlin, Berlin, Germany",2026-07-10,https://www.linkedin.com/jobs/view/4438870389 , ,li-4438870389,contract,,,,,,True,mid-senior level,Engineering and Information Technology,,,"Technology, Information and Internet",https://www.linkedin.com/company/alignerr,,,,,,,,,,,
linkedin,(Senior) AI Engineer (m/f/d),Unternehmensgruppe Theo Müller,"Freising, Bavaria, Germany",2026-07-10,https://www.linkedin.com/jobs/view/4439096565 , ,li-4439096565,fulltime,,,,,,True,mid-senior level,Engineering and Information Technology,,Hendrik.Mueller@muellergroup.com,Food and Beverage Manufacturing,https://lu.linkedin.com/company/unternehmensgruppe-theo-muller,,,,,,,,,,,
linkedin,Senior AI Engineer (m/w/d),VGS Unternehmensberatung GmbH,"Hamburg, Germany",2026-07-10,https://www.linkedin.com/jobs/view/4438325656 , ,li-4438325656,fulltime,,,,,,False,associate,"Administrative, Finance, and Strategy/Planning",,,IT Services and IT Consulting and IT System Custom Software Development,https://www.linkedin.com/company/vgs-unternehmensberatung-gmbh,,,,,,,,,,,
linkedin,Data Scientist (Senior),team.blue,,2026-07-10,https://www.linkedin.com/jobs/view/4430487367 , ,li-4430487367,fulltime,,,,,,False,mid-senior level,Engineering and Information Technology,,,Software Development,https://be.linkedin.com/company/teamblue,,,,,,,,,,,
linkedin,DATA AND AI ENGINEER/SCIENTIST.,JOINT ACTIVITIES LLP,"Stuttgart, Baden-Württemberg, Germany",2026-07-10,https://www.linkedin.com/jobs/view/4439050093 , ,li-4439050093,fulltime,,,,,,False,not applicable,Engineering and Information Technology,,,Government Administration and Strategic Management Services,https://www.linkedin.com/company/joint-activities-llp,,,,,,,,,,,
linkedin,Data Engineer,SAIZ,"Berlin, Germany",2026-07-10,https://www.linkedin.com/jobs/view/4439077105 , ,li-4439077105,fulltime,,,,,,True,entry level,Information Technology,,careers@saiz.io,Software Development,https://de.linkedin.com/company/saiz-solutions,,,,,,,,,,,
linkedin,AI Research Engineer - ML Engineering,Helsing,"Berlin, Berlin, Germany",2026-07-10,https://www.linkedin.com/jobs/view/4362267345 , ,li-4362267345,fulltime,,,,,,True,mid-senior level,Engineering and Information Technology,,,Software Development,https://de.linkedin.com/company/helsing,,,,,,,,,,,
linkedin,"Applied Scientist, Amazon Robotics R&D",Amazon,"Berlin, Germany",2026-07-10,https://www.linkedin.com/jobs/view/4420467746 , ,li-4420467746,fulltime,,,,,,False,not applicable,"Research, Analyst, and Information Technology",,,Software Development,https://www.linkedin.com/company/amazon,,,,,,,,,,,
linkedin,Product Analyst B2C (m|w|d),idealo internet GmbH,"Berlin, Berlin, Germany",2026-07-10,https://www.linkedin.com/jobs/view/4438348552 , ,li-4438348552,fulltime,,,,,,False,entry level,"Research, Analyst, and Information Technology",,,Software Development,https://de.linkedin.com/company/idealo-internet-gmbh,,,,,,,,,,,
linkedin,"(SENIOR) CONSULTANT
DATA & ANALYTICS
(ALL GENDERS)",noventum consulting GmbH,"Münster, North Rhine-Westphalia, Germany",2026-07-10,https://www.linkedin.com/jobs/view/4439084246 , ,li-4439084246,fulltime,,,,,,True,mid-senior level,"Research, Analyst, and Information Technology",,,IT Services and IT Consulting,https://de.linkedin.com/company/noventum-consulting,,,,,,,,,,,
linkedin,"Product Expert, Agentic AI - Retail (f/m/d)",SAP,"Walldorf, Baden-Württemberg, Germany",2026-07-10,https://www.linkedin.com/jobs/view/4438309993 , ,li-4438309993,fulltime,,,,,,False,not applicable,Sales and Business Development,,Careers@sap.com,"Software Development, IT Services and IT Consulting, and Business Consulting and Services",https://de.linkedin.com/company/sap,,,,,,,,,,,
linkedin,"Forward Deployed Engineer, Agentic Platform (UK/Europe)",Cohere,,2026-07-10,https://www.linkedin.com/jobs/view/4418823251 , ,li-4418823251,fulltime,,,,,,True,entry level,Engineering and Information Technology,,,Software Development,https://ca.linkedin.com/company/cohere-ai,,,,,,,,,,,
linkedin,Computer Scientist (f/m/x) - Resilient Distributed Systems and Networks,German Aerospace Center (DLR),"Bremerhaven, Bremen, Germany",2026-07-10,https://www.linkedin.com/jobs/view/4439092023 , ,li-4439092023,fulltime,,,,,,False,not applicable,Engineering and Information Technology,,,Research Services,https://de.linkedin.com/company/dlr,,,,,,,,,,,
linkedin,Algorithms and Simulation Development Engineer (d/f/m),Airbus Defence and Space,"Munich, Bavaria, Germany",2026-07-10,https://www.linkedin.com/jobs/view/4435916606 , ,li-4435916606,parttime,,,,,,False,mid-senior level,Engineering and Information Technology,,emsom@airbus.com,Defense and Space Manufacturing,https://www.linkedin.com/company/airbus-defence-and-space,,,,,,,,,,,
linkedin,AI Deployment Strategist,Mistral,"Munich, Bavaria, Germany",2026-07-10,https://www.linkedin.com/jobs/view/4439075778 , ,li-4439075778,fulltime,,,,,,False,mid-senior level,Business Development and Sales,,,"Technology, Information and Internet",https://fr.linkedin.com/company/mistralai,,,,,,,,,,,
linkedin,"Solutions Engineer, Large Enterprise",OpenAI,"Munich, Bavaria, Germany",2026-07-10,https://www.linkedin.com/jobs/view/4418872031 , ,li-4418872031,fulltime,,,,,,False,mid-senior level,Engineering and Information Technology,,,Research Services,https://www.linkedin.com/company/openai,,,,,,,,,,,
linkedin,AI-Agent Quality & Ops Engineer (m/w/d),Wolters Kluwer,"Ludwigsburg, Baden-Württemberg, Germany",2026-07-10,https://www.linkedin.com/jobs/view/4419313208 , ,li-4419313208,fulltime,,,,,,False,mid-senior level,Engineering and Information Technology,,,Software Development,https://nl.linkedin.com/company/wolters-kluwer,,,,,,,,,,,
linkedin,Business Analyst / AI Engineer,HDI Group,"Hannover, Lower Saxony, Germany",2026-07-10,https://www.linkedin.com/jobs/view/4430945680 , ,li-4430945680,fulltime,,,,,,True,mid-senior level,"Research, Analyst, and Information Technology",,,Insurance,https://de.linkedin.com/company/hdigroup,,,,,,,,,,,
linkedin,Senior AI Solution Architect (m/f/d)- Enterprise AI & Agent Systems,DöhlerGroup,"Darmstadt, Hesse, Germany",2026-07-10,https://www.linkedin.com/jobs/view/4435992534 , ,li-4435992534,fulltime,,,,,,False,mid-senior level,Engineering and Information Technology,,,Food and Beverage Manufacturing,https://de.linkedin.com/company/doehler,,,,,,,,,,,
linkedin,AI Solutions Consultant Mercedes-Benz Management Consulting (d/m/f/x),Mercedes-Benz Management Consulting (Mercedes-Benz AG),"Stuttgart, Baden-Württemberg, Germany",2026-07-10,https://www.linkedin.com/jobs/view/4439307588 , ,li-4439307588,fulltime,,,,,,False,mid-senior level,"Consulting, Information Technology, and Sales",,,Automotive,https://de.linkedin.com/company/mercedes-benz-management-consulting,,,,,,,,,,,
linkedin,Artificial Intelligence Engineer,AI Republic,,2026-07-10,https://www.linkedin.com/jobs/view/4435996125 , ,li-4435996125,contract,,,,,,True,mid-senior level,"Writing/Editing, Information Technology, and Engineering",,,"Staffing and Recruiting, Technology, Information and Media, and IT Services and IT Consulting",https://www.linkedin.com/company/ai-republic-talent,,,,,,,,,,,
linkedin,Machine Learning Engineer,Alignerr,,2026-07-10,https://www.linkedin.com/jobs/view/4438863601 , ,li-4438863601,contract,,,,,,True,entry level,Engineering and Information Technology,,,"Technology, Information and Internet",https://www.linkedin.com/company/alignerr,,,,,,,,,,,
linkedin,KI - Engineer (m/w/d),Heinrich Schmid,"Reutlingen, Baden-Württemberg, Germany",2026-07-10,https://www.linkedin.com/jobs/view/4437972002 , ,li-4437972002,fulltime,,,,,,False,entry level,Information Technology,,,IT Services and IT Consulting,https://www.linkedin.com/company/heinrichschmid,,,,,,,,,,,
linkedin,Machine Learning Engineer*,TOMRA,"Mülheim, Rhineland-Palatinate, Germany",2026-07-10,https://www.linkedin.com/jobs/view/4430921646 , ,li-4430921646,fulltime,,,,,,False,mid-senior level,Research,,,Machinery Manufacturing,https://no.linkedin.com/company/tomra,,,,,,,,,,,
linkedin,"Strategy Consultant - AI Training & Evaluation (Freelance, Remote)",Mindrift,"Munich, Bavaria, Germany",2026-07-10,https://www.linkedin.com/jobs/view/4439052200 , ,li-4439052200,parttime,,,,,,True,mid-senior level,Consulting,,,IT Services and IT Consulting,https://www.linkedin.com/company/mindrift-ai,,,,,,,,,,,
linkedin,Content Video Editor,Jobgether,,2026-07-10,https://www.linkedin.com/jobs/view/4437963330 , ,li-4437963330,fulltime,,,,,,True,entry level,"Marketing, Public Relations, and Writing/Editing",,,Internet Marketplace Platforms,https://be.linkedin.com/company/jobgether,,,,,,,,,,,
linkedin,Agentic AI MarTech Architect (all genders),Accenture DACH,"Hamburg, Hamburg, Germany",2026-07-10,https://www.linkedin.com/jobs/view/4414181835 , ,li-4414181835,fulltime,,,,,,False,mid-senior level,"Design, Art/Creative, and Information Technology",,_germany@accenture.com,IT Services and IT Consulting,https://de.linkedin.com/company/accenture-dach,,,,,,,,,,,
linkedin,Data Scientist - Remote,YO IT Consulting,"Berlin, Berlin, Germany",2026-07-10,https://www.linkedin.com/jobs/view/4437933717 , ,li-4437933717,fulltime,,,,,,True,entry level,Engineering and Information Technology,,,Software Development,https://ae.linkedin.com/company/yohritconsulting,,,,,,,,,,,
linkedin,Machine Learning Engineer (m/f/d),Spleenlab,"Jena, Thuringia, Germany",2026-07-10,https://www.linkedin.com/jobs/view/4437987420 , ,li-4437987420,fulltime,,,,,,False,entry level,Engineering and Information Technology,,career@spleenlab.ai,Software Development,https://de.linkedin.com/company/spleenlab,,,,,,,,,,,
linkedin,Robot Perception/ML Engineer (f/m/d) Autonomous Mobile Robots,Magazino – a Jungheinrich company,"Munich, Bavaria, Germany",2026-07-10,https://www.linkedin.com/jobs/view/4436601187 , ,li-4436601187,contract,,,,,,False,associate,Information Technology,,,Administrative and Support Services,https://de.linkedin.com/company/magazino-a-jungheinrich-company,,,,,,,,,,,
linkedin,Artificial Intelligence Engineer,Coltech,"Munich, Bavaria, Germany",2026-07-10,https://www.linkedin.com/jobs/view/4435990932 , ,li-4435990932,fulltime,,,,,,True,mid-senior level,Engineering,,,IT Services and IT Consulting,https://uk.linkedin.com/company/coltechglobal,,,,,,,,,,,
linkedin,(Senior) AI Engineer,Unternehmensgruppe Theo Müller,"Freising, Bavaria, Germany",2026-07-10,https://www.linkedin.com/jobs/view/4435966196 , ,li-4435966196,fulltime,,,,,,True,associate,Information Technology,,,Food and Beverage Manufacturing,https://lu.linkedin.com/company/unternehmensgruppe-theo-muller,,,,,,,,,,,
linkedin,Engineer für Conversational AI (m/w/d),HanseMerkur,"Hamburg, Hamburg, Germany",2026-07-10,https://www.linkedin.com/jobs/view/4438328040 , ,li-4438328040,fulltime,,,,,,False,mid-senior level,Engineering and Information Technology,,,Insurance,https://de.linkedin.com/company/hansemerkur,,,,,,,,,,,
linkedin,Senior AI Engineer (w/m/d),Skalar,"Munich, Bavaria, Germany",2026-07-10,https://www.linkedin.com/jobs/view/4436613148 , ,li-4436613148,fulltime,,,,,,False,associate,Information Technology,,,Professional Services,https://de.linkedin.com/company/skalar-tax,,,,,,,,,,,
linkedin,Mehrere KI-Positionen (m/w/d) | Deutschland,GEMMACON,"Baden-Württemberg, Germany",2026-07-10,https://www.linkedin.com/jobs/view/4439089098 , ,li-4439089098,fulltime,,,,,,False,not applicable,Information Technology,,,Artificial Intelligence and Robotics Engineering,https://de.linkedin.com/company/gemmacon-gmbh,,,,,,,,,,,
linkedin,Wissenschaftliche/r Mitarbeiter/in (m/f/d) für KI und Teleoperation: Remote Assistance für komplexe Szenarien,Technische Universität München (Technical University of Munich),"Munich, Bavaria, Germany",2026-07-09,https://www.linkedin.com/jobs/view/4437391562 , ,li-4437391562,fulltime,,,,,,True,entry level,"Research, Analyst, and Information Technology",,"bewerbung.ftm@ed.tum.de, bewerbung.ftm@ed.tum.de",Higher Education,https://de.linkedin.com/school/c446-deccan-m.ed-college-gulbarga/,,,,,,,,,,,
linkedin,Data Engineer / Machine Learning Engineer (w/m/d),freenet AG,"Hamburg, Hamburg, Germany",2026-07-09,https://www.linkedin.com/jobs/view/4438675134 , ,li-4438675134,fulltime,,,,,,False,entry level,Engineering and Information Technology,,,Telecommunications,https://de.linkedin.com/company/freenet-ag,,,,,,,,,,,
linkedin,Software Engineer (AI Training),Alignerr,"Nuremberg, Bavaria, Germany",2026-07-09,https://www.linkedin.com/jobs/view/4438555388 , ,li-4438555388,contract,,,,,,True,entry level,Engineering and Information Technology,,,"Technology, Information and Internet",https://www.linkedin.com/company/alignerr,,,,,,,,,,,
linkedin,Data & AI Engineer,BAUEN+LEBEN - Ihr Baufachhandel,"Krefeld, North Rhine-Westphalia, Germany",2026-07-09,https://www.linkedin.com/jobs/view/4438631307 , ,li-4438631307,fulltime,,,,,,False,associate,Information Technology and Strategy/Planning,,b.hohmuth@bauenundleben.com,Wholesale Building Materials,https://de.linkedin.com/company/bauen-leben-service-gmbh-co-kg,,,,,,,,,,,
linkedin,Student Data Scientist,RELX,"Karlsruhe, Baden-Württemberg, Germany",2026-07-09,https://www.linkedin.com/jobs/view/4437550453 , ,li-4437550453,fulltime,,,,,,False,internship,Engineering and Information Technology,,,"Technology, Information and Media",https://uk.linkedin.com/company/relx-group,,,,,,,,,,,
linkedin,Data Scientist (m/w/d),CKM Group,"Berlin, Berlin, Germany",2026-07-09,https://www.linkedin.com/jobs/view/4435656887 , ,li-4435656887,fulltime,,,,,,False,entry level,Information Technology,,career@ckmgroup.de,Hospitals and Health Care,https://de.linkedin.com/company/ckmgroup,,,,,,,,,,,
linkedin,Data Scientist,DEPT®,"Hamburg, Hamburg, Germany",2026-07-09,https://www.linkedin.com/jobs/view/4438660998 , ,li-4438660998,fulltime,,,,,,False,mid-senior level,Engineering and Information Technology,,,Advertising Services,https://nl.linkedin.com/company/deptagency,,,,,,,,,,,
linkedin,Data Scientist (m/w/d),ERGO,"Munich, Bavaria, Germany",2026-07-09,https://www.linkedin.com/jobs/view/4438602585 , ,li-4438602585,fulltime,,,,,,False,mid-senior level,Engineering and Information Technology,,,Insurance,https://de.linkedin.com/company/ergo-group-ag,,,,,,,,,,,
linkedin,Senior Research Engineer (Code World Models),JetBrains,"Berlin, Berlin, Germany",2026-07-09,https://www.linkedin.com/jobs/view/4427361572 , ,li-4427361572,fulltime,,,,,,False,mid-senior level,Engineering and Information Technology,,,Software Development,https://nl.linkedin.com/company/jetbrains,,,,,,,,,,,
linkedin,"Entwicklungsingenieur Automatisierung, HMI und KI-Robotik (m/w/d/x)",prognum Automotive GmbH,"Stuttgart, Baden-Württemberg, Germany",2026-07-09,https://www.linkedin.com/jobs/view/4438812865 , ,li-4438812865,fulltime,,,,,,False,entry level,Engineering and Information Technology,,,Engineering Services,https://de.linkedin.com/company/prognum-automotive,,,,,,,,,,,
linkedin,DHBW Studium - Data Science und Künstliche Intelligenz (B.Sc.),Liebherr Mobile and Crawler Cranes,"Ehingen, Baden-Württemberg, Germany",2026-07-09,https://www.linkedin.com/jobs/view/4437566841 , ,li-4437566841,fulltime,,,,,,False,internship,Engineering and Information Technology,,Selina.Teufel@liebherr.com,Industrial Machinery Manufacturing,https://de.linkedin.com/company/mobile-and-crawler-cranes,,,,,,,,,,,
linkedin,"Data Product Manager, Dynamic Assortment - (Quick Commerce)",Delivery Hero,"Berlin, Berlin, Germany",2026-07-09,https://www.linkedin.com/jobs/view/4418501406 , ,li-4418501406,fulltime,,,,,,False,mid-senior level,Marketing and Product Management,,inclusion@deliveryhero.com,Software Development and IT Services and IT Consulting,https://de.linkedin.com/company/delivery-hero-se,,,,,,,,,,,
linkedin,AI Deployment Lead (m/f/d),OMMAX,,2026-07-09,https://www.linkedin.com/jobs/view/4437373800 , ,li-4437373800,fulltime,,,,,,False,associate,"Consulting, Business Development, and Information Technology",,,Business Consulting and Services,https://de.linkedin.com/company/ommax,,,,,,,,,,,
linkedin,Senior Python Data Scraping Engineer (Freelance),Mindrift,"Hamburg, Hamburg, Germany",2026-07-09,https://www.linkedin.com/jobs/view/4438596551 , ,li-4438596551,parttime,,,,,,True,mid-senior level,Other,,,IT Services and IT Consulting,https://www.linkedin.com/company/mindrift-ai,,,,,,,,,,,
linkedin,Data Scientist / Softwareentwickler (m/w/d),AITAD GmbH,"Offenburg, Baden-Württemberg, Germany",2026-07-09,https://www.linkedin.com/jobs/view/4435622936 , ,li-4435622936,fulltime,,,,,,False,entry level,Engineering,,,IT Services and IT Consulting,https://de.linkedin.com/company/aitad-gmbh,,,,,,,,,,,
linkedin,Data Scientist,DEPT®,"Berlin, Germany",2026-07-09,https://www.linkedin.com/jobs/view/4438659943 , ,li-4438659943,fulltime,,,,,,False,mid-senior level,Engineering and Information Technology,,,Advertising Services,https://nl.linkedin.com/company/deptagency,,,,,,,,,,,
linkedin,Senior Python Data Scraping Engineer (Freelance),Mindrift,"Munich, Bavaria, Germany",2026-07-09,https://www.linkedin.com/jobs/view/4438595565 , ,li-4438595565,parttime,,,,,,True,mid-senior level,Other,,,IT Services and IT Consulting,https://www.linkedin.com/company/mindrift-ai,,,,,,,,,,,
linkedin,Software Engineer (AI Training),Alignerr,"Cologne, North Rhine-Westphalia, Germany",2026-07-09,https://www.linkedin.com/jobs/view/4438561095 , ,li-4438561095,contract,,,,,,True,entry level,Engineering and Information Technology,,,"Technology, Information and Internet",https://www.linkedin.com/company/alignerr,,,,,,,,,,,
linkedin,Data Engineer – Schwerpunkt Programmierung & Datenpipelines*,Haeger Consulting GmbH,"Bonn, North Rhine-Westphalia, Germany",2026-07-09,https://www.linkedin.com/jobs/view/4435656796 , ,li-4435656796,fulltime,,,,,,False,associate,Information Technology,,,Software Development,https://de.linkedin.com/company/haeger-consulting,,,,,,,,,,,
linkedin,Senior Applied Data Scientist,team.blue,"Hamburg, Hamburg, Germany",2026-07-09,https://www.linkedin.com/jobs/view/4438840079 , ,li-4438840079,fulltime,,,,,,False,mid-senior level,Engineering and Information Technology,,,Software Development,https://be.linkedin.com/company/teamblue,,,,,,,,,,,
linkedin,Senior Python Data Scraping Engineer (Freelance),Mindrift,"Berlin, Berlin, Germany",2026-07-09,https://www.linkedin.com/jobs/view/4438586899 , ,li-4438586899,parttime,,,,,,True,mid-senior level,Other,,,IT Services and IT Consulting,https://www.linkedin.com/company/mindrift-ai,,,,,,,,,,,
linkedin,Data Scientist Customer Analytics (w/m/d),freenet AG,"Hamburg, Hamburg, Germany",2026-07-09,https://www.linkedin.com/jobs/view/4438669239 , ,li-4438669239,fulltime,,,,,,False,entry level,Engineering and Information Technology,,,Telecommunications,https://de.linkedin.com/company/freenet-ag,,,,,,,,,,,
linkedin,Senior GenAI Architect - Customer Projects & Solutions (m/w/d),in-tech GmbH,"Munich, Bavaria, Germany",2026-07-09,https://www.linkedin.com/jobs/view/4433888224 , ,li-4433888224,fulltime,,,,,,True,mid-senior level,Engineering and Information Technology,,,IT Services and IT Consulting,https://de.linkedin.com/company/in-tech-gmbh,,,,,,,,,,,
linkedin,"Software Engineer III, AI Powered Rust",Google,"Munich, Bavaria, Germany",2026-07-09,https://www.linkedin.com/jobs/view/4418280005 , ,li-4418280005,fulltime,,,,,,False,not applicable,Information Technology and Engineering,,,"Information Services and Technology, Information and Internet",https://www.linkedin.com/company/google,,,,,,,,,,,
linkedin,Datenwissenschaftler:in,Data-Talent GmbH,"Munich, Bavaria, Germany",2026-07-09,https://www.linkedin.com/jobs/view/4435698501 , ,li-4435698501,fulltime,,,,,,False,associate,Information Technology and Engineering,,,Staffing and Recruiting,https://de.linkedin.com/company/data-talent-gmbh,,,,,,,,,,,
linkedin,Senior Solution Architect (m/f/d) Industrial AI & Data,eigenblue,,2026-07-09,https://www.linkedin.com/jobs/view/4435670837 , ,li-4435670837,fulltime,,,,,,False,associate,Engineering and Information Technology,,,Software Development,https://de.linkedin.com/company/eigenblue,,,,,,,,,,,
linkedin,Electrical Engineer - Battery & Charging,Stealth Physical AI,"Munich, Bavaria, Germany",2026-07-09,https://www.linkedin.com/jobs/view/4438607368 , ,li-4438607368,fulltime,,,,,,False,mid-senior level,Engineering,,,Robotics Engineering,https://de.linkedin.com/company/stealth-physical-ai,,,,,,,,,,,
linkedin,Senior Consumer Insights Manager - DACH (m/f/d),Appinio,,2026-07-09,https://www.linkedin.com/jobs/view/4433873175 , ,li-4433873175,fulltime,,,,,,True,mid-senior level,Research,,,"Software Development, Technology, Information and Internet, and Market Research",https://de.linkedin.com/company/appinio,,,,,,,,,,,
linkedin,Senior Product Designer (m/f/d),Cosuno,"Berlin, Berlin, Germany",2026-07-09,https://www.linkedin.com/jobs/view/4438672759 , ,li-4438672759,fulltime,,,,,,True,mid-senior level,"Design, Art/Creative, and Information Technology",,,Construction,https://de.linkedin.com/company/cosuno,,,,,,,,,,,
linkedin,Data Scientist (f/m/d),Mytheresa,,2026-07-09,https://www.linkedin.com/jobs/view/4438610645 , ,li-4438610645,fulltime,,,,,,False,mid-senior level,Information Technology,,,"Retail Luxury Goods and Jewelry and Technology, Information and Media",https://de.linkedin.com/company/mytheresa-com,,,,,,,,,,,
linkedin,Software Engineer (AI Training),Alignerr,"Leipzig, Saxony, Germany",2026-07-09,https://www.linkedin.com/jobs/view/4438550543 , ,li-4438550543,contract,,,,,,True,entry level,Engineering and Information Technology,,,"Technology, Information and Internet",https://www.linkedin.com/company/alignerr,,,,,,,,,,,
linkedin,Software Engineer (AI Training),Alignerr,"Hamburg, Hamburg, Germany",2026-07-09,https://www.linkedin.com/jobs/view/4438549562 , ,li-4438549562,contract,,,,,,True,entry level,Engineering and Information Technology,,,"Technology, Information and Internet",https://www.linkedin.com/company/alignerr,,,,,,,,,,,
linkedin,GenAI Engineer (m/w/d),Machine Learning Reply GmbH,"Munich, Bavaria, Germany",2026-07-09,https://www.linkedin.com/jobs/view/4438620693 , ,li-4438620693,fulltime,,,,,,True,not applicable,Consulting,,,Business Consulting and Services,https://de.linkedin.com/company/machine-learning-reply-de,,,,,,,,,,,
linkedin,Population Health Informaticist,Alignerr,,2026-07-09,https://www.linkedin.com/jobs/view/4438546667 , ,li-4438546667,contract,,,,,,True,entry level,"Research, Analyst, and Information Technology",,,"Technology, Information and Internet",https://www.linkedin.com/company/alignerr,,,,,,,,,,,
linkedin,Software Engineer (AI Training),Alignerr,"Stuttgart, Baden-Württemberg, Germany",2026-07-09,https://www.linkedin.com/jobs/view/4438548583 , ,li-4438548583,contract,,,,,,True,entry level,Engineering and Information Technology,,,"Technology, Information and Internet",https://www.linkedin.com/company/alignerr,,,,,,,,,,,
linkedin,Senior Data Scientist (m/w/d),ZABEL,"Munich, Bavaria, Germany",2026-07-09,https://www.linkedin.com/jobs/view/4438668370 , ,li-4438668370,fulltime,,,,,,False,mid-senior level,Science and General Business,,e.fiordellisi@zabelglobal.com,Retail and Internet Marketplace Platforms,https://de.linkedin.com/company/zabelconsulting,,,,,,,,,,,
linkedin,Researcher Applied AI (all genders),NFON AG,"Bremen, Bremen, Germany",2026-07-09,https://www.linkedin.com/jobs/view/4435678903 , ,li-4435678903,fulltime,,,,,,False,associate,Information Technology,,,Telecommunications,https://de.linkedin.com/company/nfon,,,,,,,,,,,
linkedin,Agentic AI Developer im Deloitte aiStudio (m/w/d) in Hamburg,Deloitte,"Hamburg, Hamburg, Germany",2026-07-09,https://www.linkedin.com/jobs/view/4438817511 , ,li-4438817511,fulltime,,,,,,True,entry level,Engineering and Information Technology,,career@deloitte.de,Business Consulting and Services,https://www.linkedin.com/company/deloitte,,,,,,,,,,,
linkedin,Agentic AI Developer im Deloitte aiStudio (m/w/d) in München,Deloitte,"Munich, Bavaria, Germany",2026-07-09,https://www.linkedin.com/jobs/view/4438827101 , ,li-4438827101,fulltime,,,,,,True,entry level,Engineering and Information Technology,,career@deloitte.de,Business Consulting and Services,https://www.linkedin.com/company/deloitte,,,,,,,,,,,
linkedin,GTM Engineer (f/m/d),osapiens,"Munich, Bavaria, Germany",2026-07-09,https://www.linkedin.com/jobs/view/4438608696 , ,li-4438608696,fulltime,,,,,,False,mid-senior level,Engineering and Information Technology,,,Software Development,https://de.linkedin.com/company/osapiens,,,,,,,,,,,
linkedin,Bachelorand Systems Engineering (m/f/d),Danfoss,"Nuremberg, Bavaria, Germany",2026-07-09,https://www.linkedin.com/jobs/view/4438595977 , ,li-4438595977,parttime,,,,,,False,entry level,Research and Engineering,,,Industrial Machinery Manufacturing,https://dk.linkedin.com/company/danfoss,,,,,,,,,,,
linkedin,Masterarbeit »Synthese und Optimierung von Katalysatoren für die Trockenreformierung von Methan«,Fraunhofer UMSICHT,"Oberhausen, North Rhine-Westphalia, Germany",2026-07-09,https://www.linkedin.com/jobs/view/4437540732 , ,li-4437540732,fulltime,,,,,,False,internship,Education and Training,,bewerbung@umsicht.fraunhofer.de,Research Services,https://de.linkedin.com/company/fraunhofer-umsicht,,,,,,,,,,,
linkedin,Senior Gen-AI Engineer,Nagarro,,2026-07-09,https://www.linkedin.com/jobs/view/4428757081 , ,li-4428757081,fulltime,,,,,,False,mid-senior level,Engineering,,,IT Services and IT Consulting,https://de.linkedin.com/company/nagarro,,,,,,,,,,,
linkedin,AI Infrastructure Engineer,Google,"Munich, Bavaria, Germany",2026-07-09,https://www.linkedin.com/jobs/view/4437565719 , ,li-4437565719,fulltime,,,,,,False,not applicable,"Project Management, Consulting, and Engineering",,,"Information Services and Technology, Information and Internet",https://www.linkedin.com/company/google,,,,,,,,,,,
linkedin,Voice AI Engineer (all genders),NFON AG,"Bremen, Bremen, Germany",2026-07-09,https://www.linkedin.com/jobs/view/4435690375 , ,li-4435690375,fulltime,,,,,,False,associate,Information Technology,,,Telecommunications,https://de.linkedin.com/company/nfon,,,,,,,,,,,
linkedin,Algorithm Developer (m/f/d),Nova Ltd.,"Mannheim, Baden-Württemberg, Germany",2026-07-09,https://www.linkedin.com/jobs/view/4437370690 , ,li-4437370690,fulltime,,,,,,True,associate,Information Technology,,talents@novami.com,Semiconductor Manufacturing,https://il.linkedin.com/company/nova-ltd.,,,,,,,,,,,
linkedin,AI Specialist (all genders),Roland Berger,"Munich, Bavaria, Germany",2026-07-09,https://www.linkedin.com/jobs/view/4435637863 , ,li-4435637863,fulltime,,,,,,False,associate,Consulting,,,Business Consulting and Services,https://de.linkedin.com/company/rolandberger,,,,,,,,,,,
linkedin,Machine Learning Engineer (all genders),NFON AG,"Bremen, Bremen, Germany",2026-07-09,https://www.linkedin.com/jobs/view/4435694028 , ,li-4435694028,fulltime,,,,,,False,associate,Information Technology,,,Telecommunications,https://de.linkedin.com/company/nfon,,,,,,,,,,,
linkedin,Data Scientist (m/w/d),Rewire,"Heidelberg, Baden-Württemberg, Germany",2026-07-09,https://www.linkedin.com/jobs/view/4438627617 , ,li-4438627617,fulltime,,,,,,False,entry level,"Consulting, Information Technology, and Project Management",,talent@rewirenow.com,Business Consulting and Services,https://nl.linkedin.com/company/rewirenow,,,,,,,,,,,
linkedin,Consultant AI & Data Engineering (m/w/d) in Hannover,Deloitte,"Hannover, Lower Saxony, Germany",2026-07-09,https://www.linkedin.com/jobs/view/4410958249 , ,li-4410958249,fulltime,,,,,,True,entry level,Engineering and Information Technology,,career@deloitte.de,Business Consulting and Services,https://www.linkedin.com/company/deloitte,,,,,,,,,,,
linkedin,"(Senior) Test Manager - Methods, Processes and GenAI (m/f/d)",SEGULA Technologies,"Munich, Bavaria, Germany",2026-07-09,https://www.linkedin.com/jobs/view/4429981372 , ,li-4429981372,fulltime,,,,,,False,mid-senior level,Quality Assurance,,,Engineering Services,https://fr.linkedin.com/company/segula-technologies,,,,,,,,,,,
linkedin,Agentic AI Developer im Deloitte aiStudio (m/w/d) in Düsseldorf,Deloitte,"Düsseldorf, North Rhine-Westphalia, Germany",2026-07-09,https://www.linkedin.com/jobs/view/4438822298 , ,li-4438822298,fulltime,,,,,,True,entry level,Engineering and Information Technology,,career@deloitte.de,Business Consulting and Services,https://www.linkedin.com/company/deloitte,,,,,,,,,,,
linkedin,Agentic AI Developer im Deloitte aiStudio (m/w/d) in Frankfurt (Main),Deloitte,"Frankfurt, Hesse, Germany",2026-07-09,https://www.linkedin.com/jobs/view/4438822279 , ,li-4438822279,fulltime,,,,,,True,entry level,Engineering and Information Technology,,career@deloitte.de,Business Consulting and Services,https://www.linkedin.com/company/deloitte,,,,,,,,,,,
linkedin,Staff Software Engineer,Helsing,"Berlin, Berlin, Germany",2026-07-09,https://www.linkedin.com/jobs/view/4435907268 , ,li-4435907268,fulltime,,,,,,False,mid-senior level,Engineering and Information Technology,,,Software Development,https://de.linkedin.com/company/helsing,,,,,,,,,,,
linkedin,Gen AI Solution Architect,Capgemini,"Berlin, Germany",2026-07-09,https://www.linkedin.com/jobs/view/4435694109 , ,li-4435694109,fulltime,,,,,,False,mid-senior level,"Consulting, Other, and Information Technology",,,"Outsourcing and Offshoring Consulting, Business Consulting and Services, and IT Services and IT Consulting",https://fr.linkedin.com/company/capgemini,,,,,,,,,,,
linkedin,Enterprise Architect AI (m/w/d),eightbit experts GmbH,"Hamburg, Hamburg, Germany",2026-07-09,https://www.linkedin.com/jobs/view/4438586928 , ,li-4438586928,fulltime,,,,,,False,associate,Information Technology,,,Staffing and Recruiting,https://de.linkedin.com/company/eightbitexperts,,,,,,,,,,,
linkedin,AI Engineer – Schwerpunkt Generative KI Systeme (m/w/d),Thalia Bücher GmbH,"Münster, North Rhine-Westphalia, Germany",2026-07-09,https://www.linkedin.com/jobs/view/4438619984 , ,li-4438619984,fulltime,,,,,,False,entry level,Engineering and Information Technology,,,Retail,https://de.linkedin.com/company/thalia-b%C3%BCcher-gmbh,,,,,,,,,,,
linkedin,"Forward Deployed AI Engineer, Germany",ICEYE,,2026-07-09,https://www.linkedin.com/jobs/view/4401720999 , ,li-4401720999,fulltime,,,,,,True,mid-senior level,Engineering and Information Technology,,,Defense and Space Manufacturing,https://fi.linkedin.com/company/iceye,,,,,,,,,,,
linkedin,AI Engineer,commercetools,"Munich, Bavaria, Germany",2026-07-09,https://www.linkedin.com/jobs/view/4430125350 , ,li-4430125350,fulltime,,,,,,False,mid-senior level,Engineering and Information Technology,,,Software Development,https://de.linkedin.com/company/commercetools,,,,,,,,,,,
linkedin,Software Engineer (AI Training),Alignerr,"Düsseldorf, North Rhine-Westphalia, Germany",2026-07-09,https://www.linkedin.com/jobs/view/4438561049 , ,li-4438561049,contract,,,,,,True,entry level,Engineering and Information Technology,,,"Technology, Information and Internet",https://www.linkedin.com/company/alignerr,,,,,,,,,,,
linkedin,Consultant,Appian,"Frankfurt, Hesse, Germany",2026-07-08,https://www.linkedin.com/jobs/view/4438175754 , ,li-4438175754,fulltime,,,,,,False,not applicable,"Consulting, Information Technology, and Sales",,ReasonableAccommodations@appian.com,Software Development,https://www.linkedin.com/company/appian,,,,,,,,,,,
linkedin,Wiss. Mitarbeiter*in (d/m/w) - 1. Qualifizierungsphase (zur Promotion),Technische Universität Berlin,"Berlin, Berlin, Germany",2026-07-08,https://www.linkedin.com/jobs/view/4438283486 , ,li-4438283486,fulltime,,,,,,False,internship,"Research, Analyst, and Information Technology",,"office@rip.tu, office@rip.tu",Education Administration Programs,https://de.linkedin.com/school/tuberlin/,,,,,,,,,,,
linkedin,KI Entwickler (m/w/d),ARAG,"Düsseldorf, North Rhine-Westphalia, Germany",2026-07-08,https://www.linkedin.com/jobs/view/4415508039 , ,li-4415508039,fulltime,,,,,,False,associate,Engineering and Information Technology,,,Insurance,https://de.linkedin.com/company/arag,,,,,,,,,,,
linkedin,Consultant Intelligent Automation - Dein Einstieg in AI & Data (m/w/d) in München,Deloitte,"Munich, Bavaria, Germany",2026-07-08,https://www.linkedin.com/jobs/view/4335183489 , ,li-4335183489,fulltime,,,,,,True,entry level,Engineering and Information Technology,,career@deloitte.de,Business Consulting and Services,https://www.linkedin.com/company/deloitte,,,,,,,,,,,
linkedin,AI Operations Lead (w/m/d),Everphone,"Berlin, Berlin, Germany",2026-07-08,https://www.linkedin.com/jobs/view/4434870212 , ,li-4434870212,fulltime,,,,,,False,associate,Information Technology,,,Software Development,https://de.linkedin.com/company/everphone-gmbh,,,,,,,,,,,
linkedin,(Senior) AI Architect (m/w/d),S.OLIVER GROUP,"Rottendorf, Bavaria, Germany",2026-07-08,https://www.linkedin.com/jobs/view/4434876425 , ,li-4434876425,fulltime,,,,,,False,mid-senior level,"Design, Art/Creative, and Information Technology",,,Retail Apparel and Fashion,https://de.linkedin.com/company/s-oliver-group,,,,,,,,,,,
linkedin,Senior AI & Software Engineer (m/w/d) – remote,Cito Transport Technologies GmbH,"Berlin, Berlin, Germany",2026-07-08,https://www.linkedin.com/jobs/view/4434863109 , ,li-4434863109,fulltime,,,,,,True,associate,Information Technology,,,Software Development,https://de.linkedin.com/company/ceracitoai,,,,,,,,,,,
linkedin,Engineering Manager (Data Direction),Jobgether,,2026-07-08,https://www.linkedin.com/jobs/view/4437062223 , ,li-4437062223,fulltime,,,,,,True,mid-senior level,Engineering and Information Technology,,,Internet Marketplace Platforms,https://be.linkedin.com/company/jobgether,,,,,,,,,,,
linkedin,AI Platform Engineer (m/f/d) - Unum,ML6,"Munich, Bavaria, Germany",2026-07-08,https://www.linkedin.com/jobs/view/4438248592 , ,li-4438248592,fulltime,,,,,,False,mid-senior level,Engineering and Information Technology,,,Software Development,https://be.linkedin.com/company/ml6team,,,,,,,,,,,
linkedin,Senior Machine Learning Engineer,Acceler8 Talent,"Munich, Bavaria, Germany",2026-07-08,https://www.linkedin.com/jobs/view/4434863604 , ,li-4434863604,fulltime,,,,,,False,mid-senior level,Information Technology,,,Defense and Space Manufacturing,https://www.linkedin.com/company/acceler8-talent,,,,,,,,,,,
linkedin,AI Developer,Jobgether,,2026-07-08,https://www.linkedin.com/jobs/view/4437042821 , ,li-4437042821,fulltime,,,,,,True,mid-senior level,Engineering and Information Technology,,,Internet Marketplace Platforms,https://be.linkedin.com/company/jobgether,,,,,,,,,,,
linkedin,SAP Senior Consultant / Data & AI Engineer (w/m/d),Capgemini,"Berlin, Berlin, Germany",2026-07-08,https://www.linkedin.com/jobs/view/4438261475 , ,li-4438261475,fulltime,,,,,,False,mid-senior level,Information Technology,,career.de@capgemini.com,IT Services and IT Consulting,https://fr.linkedin.com/company/capgemini,,,,,,,,,,,
linkedin,Data & Analytics Engineer – Supply Chain & Process Excellence (m/w/d),Peek & Cloppenburg* Düsseldorf,"Düsseldorf, North Rhine-Westphalia, Germany",2026-07-08,https://www.linkedin.com/jobs/view/4408055454 , ,li-4408055454,fulltime,,,,,,False,mid-senior level,Information Technology,,,Retail Apparel and Fashion,https://de.linkedin.com/company/peek-cloppenburg-duesseldorf,,,,,,,,,,,
linkedin,"AI for Science (Materials, Chemistry, Knowledge Graphs, Ontologies) - Developer (m/f/d)",datin GmbH,"Karlsruhe, Baden-Württemberg, Germany",2026-07-08,https://www.linkedin.com/jobs/view/4435602394 , ,li-4435602394,fulltime,,,,,,True,associate,Information Technology,,,Software Development,https://www.linkedin.com/company/datin-io,,,,,,,,,,,
linkedin,Robot Deployment Engineer (f/m/x),Magazino – a Jungheinrich company,"Munich, Bavaria, Germany",2026-07-08,https://www.linkedin.com/jobs/view/4434825716 , ,li-4434825716,fulltime,,,,,,False,associate,Information Technology,,,Administrative and Support Services,https://de.linkedin.com/company/magazino-a-jungheinrich-company,,,,,,,,,,,
linkedin,Software Engineer,Jobgether,,2026-07-08,https://www.linkedin.com/jobs/view/4437056082 , ,li-4437056082,fulltime,,,,,,False,entry level,Engineering and Information Technology,,,Internet Marketplace Platforms,https://be.linkedin.com/company/jobgether,,,,,,,,,,,
linkedin,Salesforce AI Use Case Developer,Fluence,"Erlangen, Bavaria, Germany",2026-07-08,https://www.linkedin.com/jobs/view/4429547524 , ,li-4429547524,fulltime,,,,,,False,mid-senior level,Information Technology,,,Renewable Energy Semiconductor Manufacturing,https://www.linkedin.com/company/fluenceenergy,,,,,,,,,,,
linkedin,Wissenschaftliche*r Mitarbeiter*in (m/w/d),Stiftung Universität Hildesheim,"Hildesheim, Lower Saxony, Germany",2026-07-08,https://www.linkedin.com/jobs/view/4438216755 , ,li-4438216755,fulltime,,,,,,False,entry level,"Research, Analyst, and Information Technology",,,Internet Publishing,https://de.linkedin.com/school/stiftung-universitaet-hildesheim/,,,,,,,,,,,
linkedin,Junior Data Engineer (m/w/d),Edel Verlagsgruppe GmbH,"Hamburg, Hamburg, Germany",2026-07-08,https://www.linkedin.com/jobs/view/4439063087 , ,li-4439063087,fulltime,,,,,,False,entry level,Information Technology,,,Book and Periodical Publishing,https://de.linkedin.com/company/edel-verlagsgruppe,,,,,,,,,,,
linkedin,AI Engineer,LOGEX,"Hamburg, Germany",2026-07-08,https://www.linkedin.com/jobs/view/4438208235 , ,li-4438208235,fulltime,,,,,,False,mid-senior level,Information Technology,,wesley.schreuder@logex.com,Hospitals and Health Care,https://nl.linkedin.com/company/logex,,,,,,,,,,,
linkedin,Applied Researcher - Query Science,eBay,,2026-07-08,https://www.linkedin.com/jobs/view/4434855625 , ,li-4434855625,fulltime,,,,,,False,mid-senior level,"Research, Analyst, and Information Technology",,talent@ebay.com,"Technology, Information and Internet",https://www.linkedin.com/company/ebay,,,,,,,,,,,
linkedin,Data & AI Engineer (w/m/d),PCG - Public Cloud Group,,2026-07-08,https://www.linkedin.com/jobs/view/4409328873 , ,li-4409328873,fulltime,,,,,,True,entry level,Engineering and Information Technology,,,IT Services and IT Consulting,https://de.linkedin.com/company/publiccloudgroup,,,,,,,,,,,
linkedin,Radio Engineer,Helsing,"Munich, Bavaria, Germany",2026-07-08,https://www.linkedin.com/jobs/view/4434855057 , ,li-4434855057,fulltime,,,,,,True,mid-senior level,Engineering and Information Technology,,,Software Development,https://de.linkedin.com/company/helsing,,,,,,,,,,,
linkedin,Senior SEO and Generative Search Manager,Pleo,"Berlin, Berlin, Germany",2026-07-08,https://www.linkedin.com/jobs/view/4410707696 , ,li-4410707696,fulltime,,,,,,True,mid-senior level,Marketing and Sales,,belonging@pleo.io,Financial Services,https://dk.linkedin.com/company/pleo-company,,,,,,,,,,,
linkedin,Art Director (m/w/x),AVANTGARDE Group,"Munich, Bavaria, Germany",2026-07-08,https://www.linkedin.com/jobs/view/4438184903 , ,li-4438184903,fulltime,,,,,,True,mid-senior level,"Design, Art/Creative, and Information Technology",,,Advertising Services,https://de.linkedin.com/company/avantgarde,,,,,,,,,,,
linkedin,Research Engineer (Agentic Models),JetBrains,"Munich, Bavaria, Germany",2026-07-08,https://www.linkedin.com/jobs/view/4353615246 , ,li-4353615246,fulltime,,,,,,False,mid-senior level,Engineering and Information Technology,,,Software Development,https://nl.linkedin.com/company/jetbrains,,,,,,,,,,,
linkedin,Technical Gen AI Solutions Consultant (w/m/d),Capgemini,"Berlin, Berlin, Germany",2026-07-08,https://www.linkedin.com/jobs/view/4438266220 , ,li-4438266220,fulltime,,,,,,False,entry level,"Consulting, Information Technology, and Sales",,career.de@capgemini.com,IT Services and IT Consulting,https://fr.linkedin.com/company/capgemini,,,,,,,,,,,
linkedin,Geospatial Analysis Specialist - Remote,YO IT Consulting,"Berlin, Berlin, Germany",2026-07-08,https://www.linkedin.com/jobs/view/4436881555 , ,li-4436881555,fulltime,,,,,,True,entry level,"Research, Analyst, and Information Technology",,,Software Development,https://ae.linkedin.com/company/yohritconsulting,,,,,,,,,,,
linkedin,Machine Learning Engineer,Trimble Inc.,,2026-07-08,https://www.linkedin.com/jobs/view/4410081314 , ,li-4410081314,fulltime,,,,,,False,mid-senior level,Other,,careers@trimble.com,Software Development,https://www.linkedin.com/company/trimble,,,,,,,,,,,
linkedin,Platform Engineer Analytics & KI-Platform (m/w/d),REWE digital,"Cologne, North Rhine-Westphalia, Germany",2026-07-08,https://www.linkedin.com/jobs/view/4386355137 , ,li-4386355137,fulltime,,,,,,False,associate,Engineering and Information Technology,,,Software Development,https://de.linkedin.com/company/rewedigital,,,,,,,,,,,
linkedin,AI Architect,LOGEX,"Hamburg, Germany",2026-07-08,https://www.linkedin.com/jobs/view/4438208245 , ,li-4438208245,fulltime,,,,,,False,mid-senior level,Information Technology,,,Hospitals and Health Care,https://nl.linkedin.com/company/logex,,,,,,,,,,,
linkedin,Senior Python Developer & Data Engineer,Scope Ratings,"Berlin, Berlin, Germany",2026-07-08,https://www.linkedin.com/jobs/view/4419013973 , ,li-4419013973,fulltime,,,,,,False,mid-senior level,Analyst,,,Financial Services,https://de.linkedin.com/company/scoperatings,,,,,,,,,,,
linkedin,Freelance Data Scraping Engineer (Python),Mindrift,"Munich, Bavaria, Germany",2026-07-08,https://www.linkedin.com/jobs/view/4438187345 , ,li-4438187345,parttime,,,,,,True,mid-senior level,Other,,,IT Services and IT Consulting,https://www.linkedin.com/company/mindrift-ai,,,,,,,,,,,
linkedin,Senior AI Engineer Germany,Infosys,"Frankfurt, Hesse, Germany",2026-07-08,https://www.linkedin.com/jobs/view/4434864943 , ,li-4434864943,fulltime,,,,,,False,mid-senior level,Engineering and Information Technology,,,IT Services and IT Consulting,https://in.linkedin.com/company/infosys,,,,,,,,,,,
linkedin,(Senior) Researcher (f/m/d) - Foundation and World Models on Structured Business Data,SAP,"Garching, Bavaria, Germany",2026-07-08,https://www.linkedin.com/jobs/view/4428475477 , ,li-4428475477,fulltime,,,,,,False,not applicable,"General Business, Management, and Business Development",,Careers@sap.com,"Software Development, IT Services and IT Consulting, and Business Consulting and Services",https://de.linkedin.com/company/sap,,,,,,,,,,,
linkedin,"Member of Technical Staff (Backend/Infrastructure Engineer, Search)",Perplexity,"Berlin, Berlin, Germany",2026-07-08,https://www.linkedin.com/jobs/view/4322243474 , ,li-4322243474,fulltime,,,,,,False,mid-senior level,Information Technology,,,Software Development,https://www.linkedin.com/company/perplexity-ai,,,,,,,,,,,
linkedin,Flight Test / Data Engineer – Acoustic Systems,DeepRec.ai,"Munich, Bavaria, Germany",2026-07-08,https://www.linkedin.com/jobs/view/4438158675 , ,li-4438158675,fulltime,,,,,,False,mid-senior level,Engineering,,,"Technology, Information and Media",https://uk.linkedin.com/company/deep-rec-ai,,,,,,,,,,,
linkedin,Sr Data Scientist- Stuttgart Germany,"BAE Systems, Inc.",,2026-07-08,https://www.linkedin.com/jobs/view/4434870464 , ,li-4434870464,fulltime,,,,,,False,mid-senior level,Engineering and Information Technology,,,Defense and Space Manufacturing,https://www.linkedin.com/company/baesystemsinc,,,,,,,,,,,
linkedin,Principal Data Scientist (m/f/d),AutoScout24,"Munich, Bavaria, Germany",2026-07-08,https://www.linkedin.com/jobs/view/4408695257 , ,li-4408695257,fulltime,,,,,,False,mid-senior level,Engineering and Information Technology,,,Software Development,https://de.linkedin.com/company/autoscout24,,,,,,,,,,,
linkedin,Senior Data Scientist (m/w/d),INC Innovation Center,"Aachen, North Rhine-Westphalia, Germany",2026-07-08,https://www.linkedin.com/jobs/view/4434874380 , ,li-4434874380,fulltime,,,,,,True,mid-senior level,Engineering,,,Professional Services,https://de.linkedin.com/company/inc-innovation-center,,,,,,,,,,,
linkedin,Senior Machine Learning Scientist / Data Engineer - Logistics Algorithms (all genders),Zalando,"Berlin, Berlin, Germany",2026-07-08,https://www.linkedin.com/jobs/view/4438513279 , ,li-4438513279,fulltime,,,,,,False,mid-senior level,Other,,,"Technology, Information and Internet, Retail, and IT Services and IT Consulting",https://de.linkedin.com/company/zalando,,,,,,,,,,,
linkedin,Senior Data Scientist (f/m/d),PAIR Finance,"Berlin, Berlin, Germany",2026-07-08,https://www.linkedin.com/jobs/view/4434838607 , ,li-4434838607,fulltime,,,,,,False,associate,Information Technology,,jobs@pairfinance.com,Financial Services,https://de.linkedin.com/company/pair-finance,,,,,,,,,,,
linkedin,Applied Scientist - Logistics Algorithms (all genders),Zalando,"Berlin, Berlin, Germany",2026-07-08,https://www.linkedin.com/jobs/view/4438510325 , ,li-4438510325,fulltime,,,,,,False,mid-senior level,"Research, Analyst, and Information Technology",,,"Technology, Information and Internet, Retail, and IT Services and IT Consulting",https://de.linkedin.com/company/zalando,,,,,,,,,,,
linkedin,(Senior) Director Data Science,mbiomics GmbH,"München, Bavaria, Germany",2026-07-07,https://www.linkedin.com/jobs/view/4434573669 , ,li-4434573669,fulltime,,,,,,False,director,Information Technology and Research,,,Biotechnology Research and Pharmaceutical Manufacturing,https://de.linkedin.com/company/mbiomics-gmbh,,,,,,,,,,,
linkedin,Junior AI Developer,reeeliance,"Hamburg, Germany",2026-07-07,https://www.linkedin.com/jobs/view/4390352980 , ,li-4390352980,fulltime,,,,,,False,entry level,Engineering and Information Technology,,,IT Services and IT Consulting,https://de.linkedin.com/company/reeeliance-im-gmbh,,,,,,,,,,,
linkedin,Post Doc Sustainable Data-Driven Clinical Analytics,Boehringer Ingelheim,"Ingelheim am Rhein, Rhineland-Palatinate, Germany",2026-07-07,https://www.linkedin.com/jobs/view/4437840425 , ,li-4437840425,fulltime,,,,,,False,internship,"Research, Analyst, and Information Technology",,,Pharmaceutical Manufacturing,https://de.linkedin.com/company/boehringer-ingelheim,,,,,,,,,,,
linkedin,Lead Research Engineer (f/m/d): Foundation and World Models on Structured Data,SAP,"Garching, Bavaria, Germany",2026-07-07,https://www.linkedin.com/jobs/view/4377947918 , ,li-4377947918,fulltime,,,,,,False,not applicable,Engineering and Information Technology,,Careers@sap.com,"Software Development, IT Services and IT Consulting, and Business Consulting and Services",https://de.linkedin.com/company/sap,,,,,,,,,,,
linkedin,Teamcenter Developers,Snowrelic Inc,,2026-07-07,https://www.linkedin.com/jobs/view/4437847752 , ,li-4437847752,fulltime,,,,,,True,mid-senior level,Other,,,IT Services and IT Consulting,https://www.linkedin.com/company/snowrelic,,,,,,,,,,,
linkedin,Machine Learning Engineer (m/f/d),ZABEL,"Berlin, Germany",,https://www.linkedin.com/jobs/view/4440551244 , ,li-4440551244,fulltime,,,,,,True,mid-senior level,Engineering and Science,,e.fiordellisi@zabelglobal.com,Defense and Space Manufacturing and Security and Investigations,https://de.linkedin.com/company/zabelconsulting,,,,,,,,,,,
linkedin,ML & AI Engineering Curriculum Developer,Masterschool,,,https://www.linkedin.com/jobs/view/4440395963 , ,li-4440395963,contract,,,,,,True,mid-senior level,Engineering,,,Education and Software Development,https://www.linkedin.com/school/joinmasterschool/,,,,,,,,,,,
linkedin,Applied AI Developer - Remote,dexter health,,,https://www.linkedin.com/jobs/view/4437696238 , ,li-4437696238,fulltime,,,,,,True,associate,Engineering,,,Hospitals and Health Care,https://de.linkedin.com/company/dexter-health,,,,,,,,,,,
linkedin,AI Engineer (m/w/d | m/f/d) – Agentic Systems,rightflow,"Mannheim, Baden-Württemberg, Germany",,https://www.linkedin.com/jobs/view/4437686741 , ,li-4437686741,fulltime,,,,,,True,associate,Information Technology,,,Software Development,https://de.linkedin.com/company/rightflow,,,,,,,,,,,
linkedin,AI Engineer (LLM) - Remote,dexter health,,,https://www.linkedin.com/jobs/view/4437678771 , ,li-4437678771,fulltime,,,,,,True,associate,Engineering,,,Hospitals and Health Care,https://de.linkedin.com/company/dexter-health,,,,,,,,,,,
linkedin,Senior Machine Learning Engineer,develop,"Berlin, Germany",,https://www.linkedin.com/jobs/view/4437693424 , ,li-4437693424,fulltime,,,,,,False,mid-senior level,Information Technology,,,"Artificial Intelligence and Technology, Information and Media",https://uk.linkedin.com/company/developrec,,,,,,,,,,,
linkedin,Artificial Intelligence Engineer,THRYVE,,,https://www.linkedin.com/jobs/view/4440512883 , ,li-4440512883,fulltime,,,,,,True,not applicable,"Engineering, Information Technology, and Other",,,"Technology, Information and Media, IT Services and IT Consulting, and IT System Design Services",https://de.linkedin.com/company/thryvetalent,,,,,,,,,,,
linkedin,AI Developer (LLM Products) - Remote,dexter health,,,https://www.linkedin.com/jobs/view/4437690352 , ,li-4437690352,fulltime,,,,,,True,associate,Engineering,,,Hospitals and Health Care,https://de.linkedin.com/company/dexter-health,,,,,,,,,,,
linkedin,Data Scientist,JD.COM,"Düsseldorf, North Rhine-Westphalia, Germany",,https://www.linkedin.com/jobs/view/4440529490 , ,li-4440529490,fulltime,,,,,,False,mid-senior level,Engineering and Information Technology,,,Software Development,https://cn.linkedin.com/company/jd.com,,,,,,,,,,,
linkedin,Senior AI Engineer (Freelance),AI Futures,"Frankfurt, Hesse, Germany",,https://www.linkedin.com/jobs/view/4437696714 , ,li-4437696714,contract,,,,,,False,mid-senior level,Information Technology,,,Financial Services,https://uk.linkedin.com/company/aifuturesgroup,,,,,,,,,,,
linkedin,Senior Data Scientist (m/f/d),AutoScout24,"Munich, Bavaria, Germany",,https://www.linkedin.com/jobs/view/4432214339 , ,li-4432214339,fulltime,,,,,,False,mid-senior level,Engineering and Information Technology,,,Software Development,https://de.linkedin.com/company/autoscout24,,,,,,,,,,,
linkedin,"Senior Data Engineer / Data Scientist - AI & Machine Learning - €130,000",Findr,"Frankfurt am Main, Hesse, Germany",,https://www.linkedin.com/jobs/view/4440584751 , ,li-4440584751,fulltime,,,,,,False,mid-senior level,"Engineering, Information Technology, and Analyst",,,"Data Infrastructure and Analytics, Technology, Information and Media, and IT System Data Services",https://de.linkedin.com/company/findr-tech,,,,,,,,,,,
linkedin,Senior Engineer Machine Learning / AI (w/m/d),Mecklenburgische Versicherungs-Gesellschaft a. G.,"Coburg, Bavaria, Germany",,https://www.linkedin.com/jobs/view/4440356073 , ,li-4440356073,fulltime,,,,,,False,mid-senior level,Engineering and Information Technology,,,Insurance,https://de.linkedin.com/company/mecklenburgische-versicherungen,,,,,,,,,,,
linkedin,KI & Machine Vision – Applikationsingenieur,xis.ai,"Heilbronn, Baden-Württemberg, Germany",,https://www.linkedin.com/jobs/view/4440520995 , ,li-4440520995,fulltime,,,,,,False,entry level,Engineering and Information Technology,,,Automation Machinery Manufacturing,https://de.linkedin.com/company/xis-ai,,,,,,,,,,,
linkedin,Quantitative Trading Researcher,BEO (formerly Co-Power),"Munich, Bavaria, Germany",,https://www.linkedin.com/jobs/view/4437294127 , ,li-4437294127,fulltime,,,,,,False,mid-senior level,Finance and Sales,,,Services for Renewable Energy and Energy Technology,https://de.linkedin.com/company/batteryenergyorganization,,,,,,,,,,,
linkedin,Generative AI Engineer,THRYVE,,,https://www.linkedin.com/jobs/view/4440554635 , ,li-4440554635,fulltime,,,,,,True,not applicable,"Engineering, Information Technology, and Other",,,"Technology, Information and Media, IT Services and IT Consulting, and IT System Design Services",https://de.linkedin.com/company/thryvetalent,,,,,,,,,,,
linkedin,Analytics Engineer (m/w/d),Octopus Energy,"Berlin, Berlin, Germany",,https://www.linkedin.com/jobs/view/4431717636 , ,li-4431717636,fulltime,,,,,,False,not applicable,Information Technology,,talent@octoenergy.com,Utilities and Environmental Services,https://uk.linkedin.com/company/octopusenergy,,,,,,,,,,,
linkedin,AI Lead - Venture Capital,MAM Gruppe,"Munich, Bavaria, Germany",,https://www.linkedin.com/jobs/view/4419085329 , ,li-4419085329,fulltime,,,,,,False,mid-senior level,Information Technology,,,Venture Capital and Private Equity Principals,https://uk.linkedin.com/company/mam-gruppe,,,,,,,,,,,
linkedin,SAP Consultant AI / Artificial Intelligence (m/w/d),Cpro Industry Projects & Solutions GmbH,,,https://www.linkedin.com/jobs/view/4439830251 , ,li-4439830251,fulltime,,,,,,False,associate,Consulting and Information Technology,,,IT Services and IT Consulting,https://de.linkedin.com/company/cpro-industry,,,,,,,,,,,
linkedin,Remote AI Engineer - Knowledge (m/f/d),RoomPriceGenie,,,https://www.linkedin.com/jobs/view/4440565499 , ,li-4440565499,fulltime,,,,,,True,entry level,Engineering and Information Technology,,,Software Development,https://ch.linkedin.com/company/roompricegenie,,,,,,,,,,,
linkedin,Product Engineer (w/m/d),Theo,"Berlin, Germany",,https://www.linkedin.com/jobs/view/4440564847 , ,li-4440564847,fulltime,,,,,,True,associate,Information Technology,,,"Technology, Information and Internet",https://de.linkedin.com/company/theohausverwaltung,,,,,,,,,,,
linkedin,Data Engineer,Malvern Panalytical,"Wessling, Bavaria, Germany",,https://www.linkedin.com/jobs/view/4439893052 , ,li-4439893052,fulltime,,,,,,False,mid-senior level,Information Technology,,,Computers and Electronics Manufacturing,https://uk.linkedin.com/company/malvernpanalytical,,,,,,,,,,,
linkedin,AI Engineer,Deluxe,"Aachen, North Rhine-Westphalia, Germany",,https://www.linkedin.com/jobs/view/4440533427 , ,li-4440533427,fulltime,,,,,,False,entry level,Engineering and Information Technology,,,"Entertainment Providers, Broadcast Media Production and Distribution, and Movies, Videos, and Sound",https://www.linkedin.com/company/deluxe1915,,,,,,,,,,,
linkedin,Applied AI Engineer,BLP,"Munich, Bavaria, Germany",,https://www.linkedin.com/jobs/view/4439466171 , ,li-4439466171,fulltime,,,,,,False,mid-senior level,Engineering and Information Technology,,,Software Development,https://ch.linkedin.com/company/blp-digital,,,,,,,,,,,
linkedin,Künstliche Intelligenz Ingenieur,ALTEN Germany,"Hamburg, Germany",,https://www.linkedin.com/jobs/view/4437677779 , ,li-4437677779,fulltime,,,,,,False,associate,Engineering,,,IT Services and IT Consulting,https://de.linkedin.com/company/altengermany,,,,,,,,,,,
linkedin,Research Software Engineer (m/f/d) for image data analysis,Max Delbrück Center,"List, Schleswig-Holstein, Germany",,https://www.linkedin.com/jobs/view/4439861005 , ,li-4439861005,fulltime,,,,,,True,entry level,Engineering and Information Technology,,,Research Services,https://de.linkedin.com/school/mdcberlin/,,,,,,,,,,,
linkedin,Chief of Staff (m/w/d),Beam AI,"Berlin, Berlin, Germany",,https://www.linkedin.com/jobs/view/4440538040 , ,li-4440538040,fulltime,,,,,,False,director,Business Development,,,IT Services and IT Consulting,https://www.linkedin.com/company/beam-ai,,,,,,,,,,,
linkedin,Chief of Staff (m/w/d),Beam AI,"Munich, Bavaria, Germany",,https://www.linkedin.com/jobs/view/4440520626 , ,li-4440520626,fulltime,,,,,,False,mid-senior level,Business Development,,,IT Services and IT Consulting,https://www.linkedin.com/company/beam-ai,,,,,,,,,,,
linkedin,AI Workflow Engineer (d/m/w) Web & Marketing,Instaffo,"Freiburg, Baden-Württemberg, Germany",,https://www.linkedin.com/jobs/view/4431708809 , ,li-4431708809,fulltime,,,,,,False,mid-senior level,Analyst and Information Technology,,,Staffing and Recruiting,https://de.linkedin.com/company/instaffo-gmbh,,,,,,,,,,,
linkedin,Data Engineer,BEO (formerly Co-Power),"Munich, Bavaria, Germany",,https://www.linkedin.com/jobs/view/4437670938 , ,li-4437670938,fulltime,,,,,,False,entry level,Information Technology,,,Services for Renewable Energy and Energy Technology,https://de.linkedin.com/company/batteryenergyorganization,,,,,,,,,,,
linkedin,Lead AI Engineer (w/m/d) IT-Consulting,MaibornWolff GmbH,"Hamburg, Hamburg, Germany",,https://www.linkedin.com/jobs/view/4440553740 , ,li-4440553740,fulltime,,,,,,False,associate,Information Technology,,,IT Services and IT Consulting,https://de.linkedin.com/company/maibornwolff,,,,,,,,,,,
linkedin,Freelance Annotator (English) - AI Trainer,Toloka Annotators,"Berlin, Berlin, Germany",,https://www.linkedin.com/jobs/view/4440572171 , ,li-4440572171,parttime,,,,,,True,entry level,Other,,,IT Services and IT Consulting,https://www.linkedin.com/company/toloka-annotators,,,,,,,,,,,
linkedin,AI-Native Software Engineer (m/w/d),Senacor Technologies,"Hamburg, Hamburg, Germany",,https://www.linkedin.com/jobs/view/4430618795 , ,li-4430618795,fulltime,,,,,,False,mid-senior level,Engineering and Information Technology,,-resources@senacor.com,IT Services and IT Consulting,https://de.linkedin.com/company/senacor-technologies,,,,,,,,,,,
linkedin,Talent Acquisition Specialist (Data),Jobgether,,,https://www.linkedin.com/jobs/view/4439495964 , ,li-4439495964,fulltime,,,,,,True,mid-senior level,Human Resources,,,Internet Marketplace Platforms,https://be.linkedin.com/company/jobgether,,,,,,,,,,,
linkedin,Data Scientist in Telematik mit Schwerpunkt Projektmanagement (w/m/d),Mecklenburgische Versicherungs-Gesellschaft a. G.,"Coburg, Bavaria, Germany",,https://www.linkedin.com/jobs/view/4440335989 , ,li-4440335989,fulltime,,,,,,False,entry level,Engineering and Information Technology,,,Insurance,https://de.linkedin.com/company/mecklenburgische-versicherungen,,,,,,,,,,,
linkedin,Product Support Specialist - EMEA,Ashby,,,https://www.linkedin.com/jobs/view/4403399915 , ,li-4403399915,fulltime,,,,,,False,entry level,Other,,,Software Development,https://www.linkedin.com/company/ashbyhq,,,,,,,,,,,
linkedin,Junior Data Analyst & Data Operations Specialist (m/f/d),REPA Deutschland,"Bergkirchen, Bavaria, Germany",,https://www.linkedin.com/jobs/view/4440522687 , ,li-4440522687,fulltime,,,,,,False,entry level,Information Technology,,bewerbung.de@repagroup.com,Wholesale,https://de.linkedin.com/company/repa-deutschland,,,,,,,,,,,
linkedin,Senior Software Engineer,nu:legal,"Berlin, Berlin, Germany",,https://www.linkedin.com/jobs/view/4434140205 , ,li-4434140205,fulltime,,,,,,False,associate,Information Technology,,,IT Services and IT Consulting,https://www.linkedin.com/company/nulegaleu,,,,,,,,,,,
linkedin,Microsoft 365 Consultant – Copilot & Collaboration (m/w/d),Skaylink,"Munich, Bavaria, Germany",,https://www.linkedin.com/jobs/view/4439817237 , ,li-4439817237,fulltime,,,,,,False,mid-senior level,Information Technology,,,IT Services and IT Consulting,https://de.linkedin.com/company/skaylink,,,,,,,,,,,
linkedin,Team Lead Data Intelligence and AI (m/f/d),Eos India Brand Office,"Krailling, Bavaria, Germany",,https://www.linkedin.com/jobs/view/4439859208 , ,li-4439859208,fulltime,,,,,,False,mid-senior level,Information Technology,,recruiting@eos.info,Consumer Services,https://www.linkedin.com/company/eos-india-brand-office,,,,,,,,,,,
linkedin,AI Trainer - Freelance Data Annotator,Toloka Annotators,,,https://www.linkedin.com/jobs/view/4440557736 , ,li-4440557736,parttime,,,,,,True,entry level,Other,,,IT Services and IT Consulting,https://www.linkedin.com/company/toloka-annotators,,,,,,,,,,,
linkedin,AI Trainer - Freelance Data Annotator,Toloka Annotators,"Berlin, Berlin, Germany",,https://www.linkedin.com/jobs/view/4440548983 , ,li-4440548983,parttime,,,,,,True,entry level,Other,,,IT Services and IT Consulting,https://www.linkedin.com/company/toloka-annotators,,,,,,,,,,,
linkedin,AI Trainer - Freelance Data Annotator,Toloka Annotators,"Hamburg, Hamburg, Germany",,https://www.linkedin.com/jobs/view/4440553790 , ,li-4440553790,parttime,,,,,,True,entry level,Other,,,IT Services and IT Consulting,https://www.linkedin.com/company/toloka-annotators,,,,,,,,,,,
linkedin,AI Trainer - Freelance Data Annotator,Toloka Annotators,"Frankfurt am Main, Hesse, Germany",,https://www.linkedin.com/jobs/view/4440562510 , ,li-4440562510,parttime,,,,,,True,entry level,Other,,,IT Services and IT Consulting,https://www.linkedin.com/company/toloka-annotators,,,,,,,,,,,
linkedin,AI Trainer - Freelance Data Annotator,Toloka Annotators,"Stuttgart, Baden-Württemberg, Germany",,https://www.linkedin.com/jobs/view/4440548984 , ,li-4440548984,parttime,,,,,,True,entry level,Other,,,IT Services and IT Consulting,https://www.linkedin.com/company/toloka-annotators,,,,,,,,,,,
linkedin,AI Trainer - Freelance Data Annotator,Toloka Annotators,"Munich, Bavaria, Germany",,https://www.linkedin.com/jobs/view/4440561615 , ,li-4440561615,parttime,,,,,,True,entry level,Other,,,IT Services and IT Consulting,https://www.linkedin.com/company/toloka-annotators,,,,,,,,,,,
linkedin,Senior Data Scientist (m/f/d),Finmatics,,,https://www.linkedin.com/jobs/view/4437628991 , ,li-4437628991,fulltime,,,,,,True,mid-senior level,Information Technology,,,Consumer Services,https://at.linkedin.com/company/finmaticsgmbh,,,,,,,,,,,
linkedin,"Lead Agentic Systems Engineer - Frankfurt - €175,000-€200,000",Findr,"Frankfurt am Main, Hesse, Germany",,https://www.linkedin.com/jobs/view/4440580885 , ,li-4440580885,fulltime,,,,,,False,mid-senior level,"Information Technology, Engineering, and Analyst",,,"Software Development, Technology, Information and Media, and Data Infrastructure and Analytics",https://de.linkedin.com/company/findr-tech,,,,,,,,,,,
linkedin,Senior Backend Engineer - Ranking (all genders),ABOUT YOU,"Hamburg, Hamburg, Germany",,https://www.linkedin.com/jobs/view/4439478262 , ,li-4439478262,fulltime,,,,,,False,mid-senior level,Engineering,,,"Technology, Information and Internet",https://de.linkedin.com/company/about-you,,,,,,,,,,,
linkedin,SAP Senior Consultant / Data & AI Engineer (w/m/d),Capgemini,"Berlin, Germany",,https://www.linkedin.com/jobs/view/4440802064 , ,li-4440802064,fulltime,,,,,,False,mid-senior level,Information Technology,,career.de@capgemini.com,IT Services and IT Consulting,https://fr.linkedin.com/company/capgemini,,,,,,,,,,,
linkedin,Art Director AI (m/w/d) - remote,mmmake,"Heilbronn, Baden-Württemberg, Germany",,https://www.linkedin.com/jobs/view/4437678696 , ,li-4437678696,fulltime,,,,,,True,associate,Other,,,"Technology, Information and Media",https://de.linkedin.com/company/mmmake,,,,,,,,,,,
linkedin,Senior Consultant Business & AI Insights (m/w/d) in Hamburg,Deloitte,"Hamburg, Hamburg, Germany",,https://www.linkedin.com/jobs/view/4440568217 , ,li-4440568217,fulltime,,,,,,True,associate,"Consulting, Information Technology, and Sales",,career@deloitte.de,Business Consulting and Services,https://www.linkedin.com/company/deloitte,,,,,,,,,,,
linkedin,Senior Consultant Business & AI Insights (m/w/d) in Stuttgart,Deloitte,"Stuttgart, Baden-Württemberg, Germany",,https://www.linkedin.com/jobs/view/4440572076 , ,li-4440572076,fulltime,,,,,,True,associate,"Consulting, Information Technology, and Sales",,career@deloitte.de,Business Consulting and Services,https://www.linkedin.com/company/deloitte,,,,,,,,,,,
linkedin,Data Scientist,JD.COM,"Berlin, Berlin, Germany",,https://www.linkedin.com/jobs/view/4440521782 , ,li-4440521782,fulltime,,,,,,False,mid-senior level,Engineering and Information Technology,,,Software Development,https://cn.linkedin.com/company/jd.com,,,,,,,,,,,
linkedin,Data Scientist (m/w/d) // Remote möglich,Breuninger,"Stuttgart, Baden-Württemberg, Germany",,https://www.linkedin.com/jobs/view/4440011139 , ,li-4440011139,fulltime,,,,,,True,not applicable,Information Technology,,,Software Development and IT Services and IT Consulting,https://de.linkedin.com/company/breuninger,,,,,,,,,,,
linkedin,(Geo) Data Scientist,FfE,,,https://www.linkedin.com/jobs/view/4437678732 , ,li-4437678732,fulltime,,,,,,False,entry level,"Science, Consulting, and Project Management",,,"Research Services, IT Services and IT Consulting, and Services for Renewable Energy",https://de.linkedin.com/company/ffemuenchen,,,,,,,,,,,
linkedin,Senior Data Scientist – Generative AI,Careerwise,,,https://www.linkedin.com/jobs/view/4439844530 , ,li-4439844530,fulltime,,,,,,False,mid-senior level,Information Technology,,,IT Services and IT Consulting and Business Consulting and Services,https://uk.linkedin.com/company/careerwise-uk,,,,,,,,,,,
linkedin,"Senior / Lead Data Scientist – Applied Statistics & Machine Learning – €105,000 – Hybrid – Frankfurt",Findr,"Frankfurt am Main, Hesse, Germany",,https://www.linkedin.com/jobs/view/4440585637 , ,li-4440585637,fulltime,,,,,,False,mid-senior level,"Science, Information Technology, and Engineering",,,"Data Infrastructure and Analytics, IT System Data Services, and Technology, Information and Media",https://de.linkedin.com/company/findr-tech,,,,,,,,,,,
linkedin,Data Engineer (all genders),Nect,"Hamburg, Hamburg, Germany",,https://www.linkedin.com/jobs/view/4437678480 , ,li-4437678480,fulltime,,,,,,True,mid-senior level,Information Technology,,,IT Services and IT Consulting,https://de.linkedin.com/company/nect.com,,,,,,,,,,,
linkedin,"Staff Data Scientist, Growth Data Products",GetYourGuide,"Berlin, Berlin, Germany",,https://www.linkedin.com/jobs/view/4391729953 , ,li-4391729953,fulltime,,,,,,False,mid-senior level,Information Technology and Engineering,,jobs@getyourguide.com,"Technology, Information and Internet and Travel Arrangements",https://de.linkedin.com/company/getyourguide-ag,,,,,,,,,,,
linkedin,"(Senior) Data Scientist, People Analytics & Intelligence (m/f/d)",Fresenius Group,"Bad Homburg, Hesse, Germany",,https://www.linkedin.com/jobs/view/4439831065 , ,li-4439831065,fulltime,,,,,,False,mid-senior level,Engineering and Information Technology,,,Hospitals and Health Care,https://de.linkedin.com/company/fresenius-se,,,,,,,,,,,
linkedin,Wissenschaftlicher Mitarbeiter Statistik / Quantitative Methoden / Datenanalyse remote möglich (m/w/d),Deutsches Promotionszentrum,"Bonn, North Rhine-Westphalia, Germany",,https://www.linkedin.com/jobs/view/4440578476 , ,li-4440578476,fulltime,,,,,,True,entry level,Consulting,,,Business Consulting and Services,https://www.linkedin.com/company/deutsches-promotionszentrum,,,,,,,,,,,
linkedin,"Senior Analytics Engineer, Marketing DSA",Vinted,"Berlin, Berlin, Germany",,https://www.linkedin.com/jobs/view/4431732223 , ,li-4431732223,fulltime,,,,,,False,mid-senior level,Information Technology,,,Software Development,https://lt.linkedin.com/company/vinted,,,,,,,,,,,
linkedin,Deep Learning Engineer (m/f/d) - Audatic,Sonova Group,"Berlin, Berlin, Germany",,https://www.linkedin.com/jobs/view/4440800028 , ,li-4440800028,fulltime,,,,,,False,entry level,Information Technology,,,Medical Equipment Manufacturing,https://ch.linkedin.com/company/sonovagroup,,,,,,,,,,,
linkedin,"Applied Scientist II, AFT AI, Amazon AFT AI",Amazon,"Berlin, Germany",,https://www.linkedin.com/jobs/view/4422161426 , ,li-4422161426,fulltime,,,,,,False,mid-senior level,Engineering and Information Technology,,,Software Development,https://www.linkedin.com/company/amazon,,,,,,,,,,,
linkedin,"AIML - Applied Research Engineer, Machine Translation",Apple,"Aachen, North Rhine-Westphalia, Germany",,https://www.linkedin.com/jobs/view/4439854471 , ,li-4439854471,fulltime,,,,,,False,mid-senior level,Engineering and Information Technology,,,Computers and Electronics Manufacturing,https://www.linkedin.com/company/apple,,,,,,,,,,,
linkedin,Product Owner Price Optimization (m/f/d),SIXT,"Munich, Bavaria, Germany",,https://www.linkedin.com/jobs/view/4382181545 , ,li-4382181545,fulltime,,,,,,False,mid-senior level,Product Management and Marketing,,,Travel Arrangements,https://de.linkedin.com/company/sixt,,,,,,,,,,,
linkedin,Scientist - Computational Biology [m/f/d],Resolve Biosciences,"Monheim, North Rhine-Westphalia, Germany",,https://www.linkedin.com/jobs/view/4439842940 , ,li-4439842940,fulltime,,,,,,False,entry level,Science and Research,,,Business Consulting and Services,https://de.linkedin.com/company/resolve-biosciences,,,,,,,,,,,
linkedin,Data Engineer (m/w/d),Rheinmetall,"Weeze, North Rhine-Westphalia, Germany",,https://www.linkedin.com/jobs/view/4437684233 , ,li-4437684233,fulltime,,,,,,False,mid-senior level,Information Technology,,,Defense and Space Manufacturing,https://de.linkedin.com/company/rheinmetall,,,,,,,,,,,
linkedin,System Engineer (Token Factory),Jobgether,,,https://www.linkedin.com/jobs/view/4439803565 , ,li-4439803565,fulltime,,,,,,True,mid-senior level,Information Technology,,,Internet Marketplace Platforms,https://be.linkedin.com/company/jobgether,,,,,,,,,,,
