site,title,company,location,date_posted,job_url,job_url_direct,id,job_type,salary_source,interval,min_amount,max_amount,currency,is_remote,job_level,job_function,listing_type,emails,company_industry,company_url,company_url_direct,company_addresses,company_num_employees,company_revenue,company_description,skills,experience_range,company_rating,company_reviews_count,vacancy_count,work_from_home_type
linkedin,"Senior / Lead Data Scientist – Applied Statistics & Machine Learning – €100,000 – Hybrid – Munich",Findr,"Munich, Bavaria, Germany",2026-09-15,https://www.linkedin.com/jobs/view/4467705325 , ,li-4467705325,fulltime,,,,,,False,mid-senior level,"Science, Information Technology, and Engineering",,,"Data Infrastructure and Analytics, IT System Data Services, and Technology, Information and Media",https://de.linkedin.com/company/findr-tech,,,,,,,,,,,
linkedin,Senior Data Scientist,erg group,"Berlin, Germany",2026-09-15,https://www.linkedin.com/jobs/view/4465511850 , ,li-4465511850,fulltime,,,,,,False,mid-senior level,,,,Software Development,https://uk.linkedin.com/company/erggroup,,,,,,,,,,,
linkedin,Manager / Senior Manager  in der aktuariellen Beratung (m/w/d),Oliver Wyman,,2026-09-15,https://www.linkedin.com/jobs/view/4458754375 , ,li-4458754375,fulltime,,,,,,False,mid-senior level,Consulting,,"ActuarialRecruiting@oliverwyman.com, alexander.hofmann@oliverwyman.com, sebastian.justi@oliverwyman.com",Business Consulting and Services,https://www.linkedin.com/company/oliver-wyman,,,,,,,,,,,
linkedin,Forward Deployed AI Engineer Expert / Senior (f/m/d),SAP,"Garching, Bavaria, Germany",2026-09-15,https://www.linkedin.com/jobs/view/4447907337 , ,li-4447907337,fulltime,,,,,,False,not applicable,Engineering and Information Technology,,Careers@sap.com,"Software Development, IT Services and IT Consulting, and Business Consulting and Services",https://de.linkedin.com/company/sap,,,,,,,,,,,
linkedin,Lead AI Architect & Engineer (m/w/d),RSE+ GmbH,"Kassel, Hesse, Germany",2026-09-15,https://www.linkedin.com/jobs/view/4465544320 , ,li-4465544320,fulltime,,,,,,False,mid-senior level,Design,,,Architecture and Planning,https://de.linkedin.com/company/rseplus,,,,,,,,,,,
linkedin,Senior AI Engineer (m/w/d/x),T-Systems International,"Hamburg, Hamburg, Germany",2026-09-15,https://www.linkedin.com/jobs/view/4467706953 , ,li-4467706953,fulltime,,,,,,False,mid-senior level,Engineering and Information Technology,,,Telecommunications,https://de.linkedin.com/company/t-systems,,,,,,,,,,,
linkedin,Senior AI Engineer (m/w/d/x),T-Systems International,"Munich, Bavaria, Germany",2026-09-15,https://www.linkedin.com/jobs/view/4467494994 , ,li-4467494994,fulltime,,,,,,False,mid-senior level,Engineering and Information Technology,,,Telecommunications,https://de.linkedin.com/company/t-systems,,,,,,,,,,,
linkedin,Senior AI Software Engineer,NiCE,"Berlin, Berlin, Germany",2026-09-15,https://www.linkedin.com/jobs/view/4446213534 , ,li-4446213534,fulltime,,,,,,True,mid-senior level,Engineering and Information Technology,,,Software Development,https://www.linkedin.com/company/nice-systems,,,,,,,,,,,
linkedin,"Senior / Lead Data Scientist – Applied Statistics & Machine Learning – €100,000 – Hybrid – Frankfurt",Findr,"Frankfurt am Main, Hesse, Germany",2026-09-15,https://www.linkedin.com/jobs/view/4467499240 , ,li-4467499240,fulltime,,,,,,False,mid-senior level,"Science, Information Technology, and Engineering",,,"Data Infrastructure and Analytics, IT System Data Services, and Technology, Information and Media",https://de.linkedin.com/company/findr-tech,,,,,,,,,,,
linkedin,Data Engineer Mid-Level (m/w/d),Octopus Energy,"Berlin, Berlin, Germany",2026-09-15,https://www.linkedin.com/jobs/view/4466518838 , ,li-4466518838,fulltime,,,,,,False,not applicable,Information Technology,,talent@octoenergy.com,Utilities and Environmental Services,https://uk.linkedin.com/company/octopusenergy,,,,,,,,,,,
linkedin,Data Scientist / ML Engineer | 120k€ - 160k€ Gesamtvergütung!,The Associated Engineers Group,,2026-09-15,https://www.linkedin.com/jobs/view/4467708287 , ,li-4467708287,fulltime,,,,,,True,associate,Information Technology,,,Data Infrastructure and Analytics and IT Services and IT Consulting,https://ch.linkedin.com/company/the-associated-engineers-group,,,,,,,,,,,
linkedin,PhD Position – Scalable AI and Advanced Computing for Earth Observation,Forschungszentrum Jülich,"Jülich, North Rhine-Westphalia, Germany",2026-09-15,https://www.linkedin.com/jobs/view/4465924037 , ,li-4465924037,fulltime,,,,,,True,internship,"Research, Analyst, and Information Technology",,,Internet Publishing,https://de.linkedin.com/company/forschungszentrum-julich,,,,,,,,,,,
linkedin,Data Analyst,Haystack,,2026-09-15,https://www.linkedin.com/jobs/view/4466186064 , ,li-4466186064,fulltime,,,,,,False,associate,Information Technology,,,"Technology, Information and Media",https://uk.linkedin.com/company/wearehaystack,,,,,,,,,,,
linkedin,Technical Business Analyst (w/m/d) – Dynamics 365 & Power BI,FIO,"Leipzig, Saxony, Germany",2026-09-15,https://www.linkedin.com/jobs/view/4465574433 , ,li-4465574433,fulltime,,,,,,True,associate,"Analyst, Project Management, and Information Technology",,,"Financial Services, Insurance, and Software Development",https://de.linkedin.com/company/fio-systems-ag,,,,,,,,,,,
linkedin,Precision Medicine Data Lead,Alignerr,,2026-09-15,https://www.linkedin.com/jobs/view/4467425220 , ,li-4467425220,contract,,,,,,True,mid-senior level,Health Care Provider,,,"Technology, Information and Internet",https://www.linkedin.com/company/alignerr,,,,,,,,,,,
linkedin,Data Engineer Mid-Level (m/w/d),Octopus Energy,"Munich, Bavaria, Germany",2026-09-15,https://www.linkedin.com/jobs/view/4466519849 , ,li-4466519849,fulltime,,,,,,False,not applicable,Information Technology,,talent@octoenergy.com,Utilities and Environmental Services,https://uk.linkedin.com/company/octopusenergy,,,,,,,,,,,
linkedin,Senior Consultant SAP Data & AI,Wavestone,,2026-09-15,https://www.linkedin.com/jobs/view/4465516532 , ,li-4465516532,fulltime,,,,,,False,associate,"Consulting, Information Technology, and Sales",,,IT Services and IT Consulting and Business Consulting and Services,https://fr.linkedin.com/company/wavestone,,,,,,,,,,,
linkedin,Teamleitung Digitalisierung & KI (w/m/d),Die Autobahn GmbH des Bundes,"Berlin, Berlin, Germany",2026-09-15,https://www.linkedin.com/jobs/view/4467726496 , ,li-4467726496,fulltime,,,,,,False,executive,Information Technology and Project Management,,STEPHAN.WOLFERT@AUTOBAHN.DE,Construction,https://de.linkedin.com/company/die-autobahn,,,,,,,,,,,
linkedin,Vertrags- und Performancemanager*in (w/m/d),Transdev GmbH,"Berlin, Berlin, Germany",2026-09-15,https://www.linkedin.com/jobs/view/4466544021 , ,li-4466544021,fulltime,,,,,,False,associate,Quality Assurance,,Dominik.Reinelt@transdev.de,Truck Transportation,https://de.linkedin.com/company/transdev-gmbh,,,,,,,,,,,
linkedin,Lead Product Marketing Manager | Translator,DeepL,"Berlin, Germany",2026-09-15,https://www.linkedin.com/jobs/view/4457102174 , ,li-4457102174,fulltime,,,,,,False,associate,Marketing and Sales,,,Software Development,https://de.linkedin.com/company/deepl,,,,,,,,,,,
linkedin,"Talent Lead at AIOS- Remote, $100-200k inc equity",AIOS,"Berlin, Berlin, Germany",2026-09-15,https://www.linkedin.com/jobs/view/4467430562 , ,li-4467430562,fulltime,,,,,,True,mid-senior level,Human Resources,,,"Technology, Information and Internet",https://www.linkedin.com/company/aios-tech,,,,,,,,,,,
linkedin,Solution Architect (all genders),Lio,"Munich, Bavaria, Germany",2026-09-15,https://www.linkedin.com/jobs/view/4434617899 , ,li-4434617899,fulltime,,,,,,False,entry level,Engineering and Information Technology,,,Software Development,https://www.linkedin.com/company/lio-ai,,,,,,,,,,,
linkedin,Forward Deployed Data and Applied Science Chief Expert (f/m/d),SAP,"Garching, Bavaria, Germany",2026-09-15,https://www.linkedin.com/jobs/view/4422052707 , ,li-4422052707,fulltime,,,,,,False,not applicable,Engineering and Information Technology,,Careers@sap.com,"Software Development, IT Services and IT Consulting, and Business Consulting and Services",https://de.linkedin.com/company/sap,,,,,,,,,,,
linkedin,(Senior) Automation Solution Architect (all genders) - Beats & Bytes - Universal Music Entertainment GmbH,Universal Music Deutschland,"Berlin, Berlin, Germany",2026-09-15,https://www.linkedin.com/jobs/view/4445517368 , ,li-4445517368,fulltime,,,,,,False,mid-senior level,Engineering and Information Technology,,,Entertainment Providers,https://de.linkedin.com/company/universal-music-gmbh,,,,,,,,,,,
linkedin,"Senior DevOps / Platform Engineer, AI Infrastructure (m/f/x)",MAIA,,2026-09-15,https://www.linkedin.com/jobs/view/4465551573 , ,li-4465551573,fulltime,,,,,,True,associate,Information Technology,,,Software Development,https://de.linkedin.com/company/prodlane-maia,,,,,,,,,,,
linkedin,"Senior Forward Deployed Engineer, Germany",Primer.ai,,2026-09-15,https://www.linkedin.com/jobs/view/4412400066 , ,li-4412400066,fulltime,,,,,,True,entry level,Engineering and Information Technology,,info@primer.com,Software Development,https://www.linkedin.com/company/primer-ai,,,,,,,,,,,
linkedin,Senior Software Engineer (Token Factory),Jobgether,,2026-09-15,https://www.linkedin.com/jobs/view/4466164039 , ,li-4466164039,fulltime,,,,,,False,mid-senior level,Engineering and Information Technology,,,Internet Marketplace Platforms,https://be.linkedin.com/company/jobgether,,,,,,,,,,,
linkedin,(Senior) Researcher (f/m/d) - Knowledge Graphs and Generative AI,SAP,"Garching, Bavaria, Germany",2026-09-15,https://www.linkedin.com/jobs/view/4326395711 , ,li-4326395711,fulltime,,,,,,False,not applicable,"Research, Analyst, and Information Technology",,Careers@sap.com,"Software Development, IT Services and IT Consulting, and Business Consulting and Services",https://de.linkedin.com/company/sap,,,,,,,,,,,
linkedin,AI Application Engineer - LangGraph & Agentic AI,Belmont Lavan,"Stuttgart, Baden-Württemberg, Germany",2026-09-15,https://www.linkedin.com/jobs/view/4467765406 , ,li-4467765406,fulltime,,,,,,False,mid-senior level,Information Technology,,,IT Services and IT Consulting,https://nl.linkedin.com/company/belmontlavan,,,,,,,,,,,
linkedin,Machine Learning Scientist,ED ENERGY,"Hove, North Rhine-Westphalia, Germany",2026-09-15,https://www.linkedin.com/jobs/view/4465551760 , ,li-4465551760,fulltime,,,,,,True,entry level,Other,,,Construction,https://www.linkedin.com/company/ed-energy,,,,,,,,,,,
linkedin,(Senior) Portfolio Analytics Expert,HDI Group,"Hannover, Lower Saxony, Germany",2026-09-15,https://www.linkedin.com/jobs/view/4466546793 , ,li-4466546793,fulltime,,,,,,True,mid-senior level,Finance and Sales,,,Insurance,https://de.linkedin.com/company/hdigroup,,,,,,,,,,,
linkedin,Senior Machine Learning Engineer - Radiologie-KI - Arbeitsgruppe Machine Learning,Universitätsmedizin Frankfurt,"Frankfurt, Hesse, Germany",2026-09-15,https://www.linkedin.com/jobs/view/4466079872 , ,li-4466079872,fulltime,,,,,,False,associate,Other,,bucher@med.uni,Hospitals and Health Care,https://de.linkedin.com/company/universit%C3%A4tsmedizin-frankfurt,,,,,,,,,,,
linkedin,184/2026 Wissenschaftliche* Mitarbeiter*in (m/w/d) für individualisierbare Assistenzsysteme“ im intelligenten Mobilitätsraum (IMIQ),Otto-von-Guericke University Magdeburg,"Magdeburg, Saxony-Anhalt, Germany",2026-09-15,https://www.linkedin.com/jobs/view/4456932380 , ,li-4456932380,fulltime,,,,,,False,mid-senior level,"Research, Analyst, and Information Technology",,,Higher Education,https://de.linkedin.com/school/otto-von-guericke-university-magdeburg/,,,,,,,,,,,
linkedin,Junior Data Scientist,Haystack,"Baden-Württemberg, Germany",2026-09-15,https://www.linkedin.com/jobs/view/4466198380 , ,li-4466198380,fulltime,,,,,,False,entry level,Information Technology,,,"Technology, Information and Media",https://uk.linkedin.com/company/wearehaystack,,,,,,,,,,,
linkedin,Senior Analytics Engineer (all genders),Eraneos,,2026-09-15,https://www.linkedin.com/jobs/view/4446205992 , ,li-4446205992,fulltime,,,,,,False,mid-senior level,Information Technology,,paulina.krzeminski@eraneos.com,Business Consulting and Services,https://ch.linkedin.com/company/eraneos,,,,,,,,,,,
linkedin,Senior AI Engineer (m/w/d/x),T-Systems International,"Leinfelden-Echterdingen, Baden-Württemberg, Germany",2026-09-15,https://www.linkedin.com/jobs/view/4467717210 , ,li-4467717210,fulltime,,,,,,False,mid-senior level,Engineering and Information Technology,,,Telecommunications,https://de.linkedin.com/company/t-systems,,,,,,,,,,,
linkedin,AI/ML System Architecture Lead (f/m/d),NXP Semiconductors,"Hamburg, Hamburg, Germany",2026-09-15,https://www.linkedin.com/jobs/view/4448193539 , ,li-4448193539,fulltime,,,,,,False,mid-senior level,"Design, Art/Creative, and Information Technology",,,"Semiconductor Manufacturing, Computers and Electronics Manufacturing, and Software Development",https://nl.linkedin.com/company/nxp-semiconductors,,,,,,,,,,,
linkedin,Computer Vision Engineer — Aerial Perception & Target Analysis,Optimus Search,"Berlin, Germany",2026-09-15,https://www.linkedin.com/jobs/view/4465545978 , ,li-4465545978,fulltime,,,,,,False,mid-senior level,,,,"Robotics Engineering, Automation Machinery Manufacturing, and Robot Manufacturing",https://uk.linkedin.com/company/optimus-search,,,,,,,,,,,
linkedin,"Customer Engineer, Platform, Mobility, DACH (English, German)",Google,"Hamburg, Hamburg, Germany",2026-09-15,https://www.linkedin.com/jobs/view/4466506277 , ,li-4466506277,fulltime,,,,,,False,not applicable,"Sales, General Business, and Customer Service",,,"Information Services and Technology, Information and Internet",https://www.linkedin.com/company/google,,,,,,,,,,,
linkedin,"Backend Engineer, AI Systems",ActAI,,2026-09-15,https://www.linkedin.com/jobs/view/4466168147 , ,li-4466168147,fulltime,,,,,,False,entry level,Engineering and Information Technology,,,Software Development,https://my.linkedin.com/company/actai,,,,,,,,,,,
linkedin,Software Engineer (Early Careers),Helsing,"Berlin, Berlin, Germany",2026-09-15,https://www.linkedin.com/jobs/view/4465531466 , ,li-4465531466,fulltime,,,,,,True,entry level,Engineering and Information Technology,,,Software Development,https://de.linkedin.com/company/helsing,,,,,,,,,,,
linkedin,Lead / Principal AI Infrastructure Architect,Belmont Lavan,"Stuttgart, Baden-Württemberg, Germany",2026-09-15,https://www.linkedin.com/jobs/view/4466526884 , ,li-4466526884,fulltime,,,,,,False,mid-senior level,Information Technology,,,IT Services and IT Consulting,https://nl.linkedin.com/company/belmontlavan,,,,,,,,,,,
linkedin,Expert Data Science (m/f/d),HSE - Home Shopping Europe GmbH,"Ismaning, Bavaria, Germany",2026-09-15,https://www.linkedin.com/jobs/view/4465516401 , ,li-4465516401,fulltime,,,,,,False,not applicable,Engineering and Information Technology,,,Online and Mail Order Retail,https://de.linkedin.com/company/hse,,,,,,,,,,,
linkedin,Forward Deployment Engineer,NiCE,,2026-09-15,https://www.linkedin.com/jobs/view/4446228305 , ,li-4446228305,fulltime,,,,,,False,entry level,Information Technology,,,Software Development,https://www.linkedin.com/company/nice-systems,,,,,,,,,,,
linkedin,Machine Learning Platform Engineer,ActAI,,2026-09-15,https://www.linkedin.com/jobs/view/4466166996 , ,li-4466166996,fulltime,,,,,,False,entry level,Engineering and Information Technology,,,Software Development,https://my.linkedin.com/company/actai,,,,,,,,,,,
linkedin,Technical AI Consultant (all genders),Aivisory,,2026-09-15,https://www.linkedin.com/jobs/view/4465520090 , ,li-4465520090,fulltime,,,,,,True,entry level,Consulting,,,Professional Services,https://de.linkedin.com/company/aivisory-de,,,,,,,,,,,
linkedin,Research Software Engineer – AI and Earth Observation,Forschungszentrum Jülich,"Jülich, North Rhine-Westphalia, Germany",2026-09-15,https://www.linkedin.com/jobs/view/4465921072 , ,li-4465921072,fulltime,,,,,,True,mid-senior level,Engineering and Information Technology,,,Internet Publishing,https://de.linkedin.com/company/forschungszentrum-julich,,,,,,,,,,,
linkedin,"Senior Data Scientist - (Content, Consumer)",Delivery Hero,"Berlin, Berlin, Germany",2026-09-15,https://www.linkedin.com/jobs/view/4456887928 , ,li-4456887928,fulltime,,,,,,False,mid-senior level,Information Technology,,inclusion@deliveryhero.com,Software Development and IT Services and IT Consulting,https://de.linkedin.com/company/delivery-hero-se,,,,,,,,,,,
linkedin,AI/ML Engineer (Remote),Quik Hire Staffing,,2026-09-15,https://www.linkedin.com/jobs/view/4467460057 , ,li-4467460057,fulltime,,,,,,True,associate,"Engineering, Information Technology, and Research",,,Staffing and Recruiting,https://in.linkedin.com/company/quik-hire-staffing,,,,,,,,,,,
linkedin,Machine Learning Engineer (Remote),Quik Hire Staffing,,2026-09-15,https://www.linkedin.com/jobs/view/4467452154 , ,li-4467452154,fulltime,,,,,,True,associate,"Engineering, Information Technology, and Product Management",,,Staffing and Recruiting,https://in.linkedin.com/company/quik-hire-staffing,,,,,,,,,,,
linkedin,Senior Machine Learning Engineer,ActAI,,2026-09-15,https://www.linkedin.com/jobs/view/4466165988 , ,li-4466165988,fulltime,,,,,,False,mid-senior level,Engineering and Information Technology,,,Software Development,https://my.linkedin.com/company/actai,,,,,,,,,,,
linkedin,AI Data Scientist – Agentic AI & RAG,BE Consultancy Group,"Berlin, Germany",2026-09-15,https://www.linkedin.com/jobs/view/4466510009 , ,li-4466510009,fulltime,,,,,,False,mid-senior level,,,,"Staffing and Recruiting, Outsourcing and Offshoring Consulting, and IT Services and IT Consulting",https://es.linkedin.com/company/be-consultancy-group,,,,,,,,,,,
linkedin,AI Data Scientist – Agentic AI & RAG,All European Careers,"Berlin, Germany",2026-09-15,https://www.linkedin.com/jobs/view/4466192157 , ,li-4466192157,fulltime,,,,,,False,mid-senior level,,,,"Staffing and Recruiting, Outsourcing and Offshoring Consulting, and IT Services and IT Consulting",https://es.linkedin.com/company/all-european-careers,,,,,,,,,,,
linkedin,Machine Learning Engineer (m/f/x),CarOnSale,"Berlin, Germany",2026-09-15,https://www.linkedin.com/jobs/view/4461184460 , ,li-4461184460,fulltime,,,,,,True,mid-senior level,Engineering and Information Technology,,,"Technology, Information and Internet",https://de.linkedin.com/company/caronsale,,,,,,,,,,,
linkedin,Principal ML & AI Engineer (Spatial AI & Perception),HERE Technologies,"Berlin, Berlin, Germany",2026-09-15,https://www.linkedin.com/jobs/view/4467741600 , ,li-4467741600,fulltime,,,,,,False,mid-senior level,Engineering and Information Technology,,,IT Services and IT Consulting,https://nl.linkedin.com/company/here,,,,,,,,,,,
linkedin,Senior Generative AI Engineer (m/w/d),[at] Group,"Munich, Bavaria, Germany",2026-09-14,https://www.linkedin.com/jobs/view/4465740801 , ,li-4465740801,fulltime,,,,,,False,associate,Information Technology,,,Software Development,https://de.linkedin.com/company/alexander-thamm-gmbh,,,,,,,,,,,
linkedin,Senior AI Engineer,deugro group,"Hanau am Main, Hesse, Germany",2026-09-14,https://www.linkedin.com/jobs/view/4454724115 , ,li-4454724115,fulltime,,,,,,False,mid-senior level,Information Technology,,,"Transportation, Logistics, Supply Chain and Storage",https://ch.linkedin.com/company/deugrogroup,,,,,,,,,,,
linkedin,Senior AI Software Engineer (m/w/d) - Jobbird.com,Jobster,"Heidelberg, Baden-Württemberg, Germany",2026-09-14,https://www.linkedin.com/jobs/view/4465754800 , ,li-4465754800,fulltime,,,,,,False,mid-senior level,Engineering and Information Technology,,,Software Development,https://nl.linkedin.com/company/jobster-com,,,,,,,,,,,
linkedin,"Software Development Engineer II, AWS AI & Strategic Partner Engineering",Amazon Web Services (AWS),"Walldorf, Hesse, Germany",2026-09-14,https://www.linkedin.com/jobs/view/4467223490 , ,li-4467223490,fulltime,,,,,,False,mid-senior level,"Information Technology, Consulting, and Engineering",,,IT Services and IT Consulting,https://www.linkedin.com/company/amazon-web-services,,,,,,,,,,,
linkedin,AI Research Engineer - Computer Vision,Helsing,"Berlin, Berlin, Germany",2026-09-14,https://www.linkedin.com/jobs/view/4353797020 , ,li-4353797020,fulltime,,,,,,True,mid-senior level,Engineering and Information Technology,,,Software Development,https://de.linkedin.com/company/helsing,,,,,,,,,,,
linkedin,AI Research Engineer - Computer Vision,Helsing,"Munich, Bavaria, Germany",2026-09-14,https://www.linkedin.com/jobs/view/4353717216 , ,li-4353717216,fulltime,,,,,,True,mid-senior level,Engineering and Information Technology,,,Software Development,https://de.linkedin.com/company/helsing,,,,,,,,,,,
linkedin,AI Research Engineer - Reinforcement Learning,Helsing,"Berlin, Berlin, Germany",2026-09-14,https://www.linkedin.com/jobs/view/4328721877 , ,li-4328721877,fulltime,,,,,,True,mid-senior level,Engineering and Information Technology,,,Software Development,https://de.linkedin.com/company/helsing,,,,,,,,,,,
linkedin,SLAM / Spatial Perception | AI / ML Engineer / Munich,AI Futures,"Munich, Bavaria, Germany",2026-09-14,https://www.linkedin.com/jobs/view/4465233830 , ,li-4465233830,fulltime,,,,,,False,mid-senior level,Engineering,,,Robotics Engineering,https://uk.linkedin.com/company/aifuturesgroup,,,,,,,,,,,
linkedin,Head of Applied AI (m/f/d),enmacc,"Munich, Bavaria, Germany",2026-09-14,https://www.linkedin.com/jobs/view/4423341470 , ,li-4423341470,fulltime,,,,,,True,director,Engineering and Information Technology,,,Software Development,https://de.linkedin.com/company/enmacc,,,,,,,,,,,
linkedin,AI Engineer For E2E Advanced Driving,European Tech Recruit,"Munich, Bavaria, Germany",2026-09-14,https://www.linkedin.com/jobs/view/4467210176 , ,li-4467210176,fulltime,,,,,,False,mid-senior level,"Engineering, Information Technology, and Design",,,"Telecommunications, Computer Hardware Manufacturing, and Software Development",https://uk.linkedin.com/company/european-tech-recruit,,,,,,,,,,,
linkedin,Senior Agentic AI Solution Specialist,Capgemini,"Frankfurt am Main, Hesse, Germany",2026-09-14,https://www.linkedin.com/jobs/view/4467206710 , ,li-4467206710,fulltime,,,,,,False,mid-senior level,Sales and Business Development,,,IT Services and IT Consulting,https://fr.linkedin.com/company/capgemini,,,,,,,,,,,
linkedin,AI Research Engineer - 3D Computer Vision,Helsing,"Berlin, Berlin, Germany",2026-09-14,https://www.linkedin.com/jobs/view/4431527214 , ,li-4431527214,fulltime,,,,,,True,mid-senior level,Engineering and Information Technology,,,Software Development,https://de.linkedin.com/company/helsing,,,,,,,,,,,
linkedin,AI Research Engineer - 3D Computer Vision,Helsing,"Munich, Bavaria, Germany",2026-09-14,https://www.linkedin.com/jobs/view/4431515899 , ,li-4431515899,fulltime,,,,,,True,mid-senior level,Engineering and Information Technology,,,Software Development,https://de.linkedin.com/company/helsing,,,,,,,,,,,
linkedin,Data Engineer for AI (f/m/d),Allianz Global Investors,"Frankfurt, Hesse, Germany",2026-09-14,https://www.linkedin.com/jobs/view/4461093012 , ,li-4461093012,fulltime,,,,,,False,mid-senior level,Information Technology,,recruiting@allianzgi.com,Financial Services and Insurance,https://www.linkedin.com/company/allianz-global-investors,,,,,,,,,,,
linkedin,Senior Robotics Research Engineer - Foundation Models & Agentic Systems (m/w/d),BWI GmbH,"Frankfurt am Main, Hesse, Germany",2026-09-14,https://www.linkedin.com/jobs/view/4467059123 , ,li-4467059123,fulltime,,,,,,False,mid-senior level,Engineering and Information Technology,,,IT Services and IT Consulting,https://de.linkedin.com/company/bwi-gmbh,,,,,,,,,,,
linkedin,Founding Data Scientist,Cubiq Recruitment,"Munich, Bavaria, Germany",2026-09-14,https://www.linkedin.com/jobs/view/4452821313 , ,li-4452821313,fulltime,,,,,,False,mid-senior level,"Science, Engineering, and Analyst",,,"Hospitals and Health Care, IT Services and IT Consulting, and Engineering Services",https://uk.linkedin.com/company/cubiq-recruitment,,,,,,,,,,,
linkedin,Senior Data Scientist,Scrambly,,2026-09-14,https://www.linkedin.com/jobs/view/4465254524 , ,li-4465254524,fulltime,,,,,,False,mid-senior level,Engineering and Information Technology,,,Marketing Services,https://it.linkedin.com/company/scrambly,,,,,,,,,,,
linkedin,(Junior) Data Scientist,quantilope,"Hamburg, Hamburg, Germany",2026-09-14,https://www.linkedin.com/jobs/view/4466396891 , ,li-4466396891,fulltime,,,,,,True,entry level,Engineering and Information Technology,,,Market Research,https://www.linkedin.com/company/quantilope,,,,,,,,,,,
linkedin,Senior Data Scientist (m/f/d),"GXO Logistics, Inc.","Dormagen, North Rhine-Westphalia, Germany",2026-09-14,https://www.linkedin.com/jobs/view/4467070476 , ,li-4467070476,fulltime,,,,,,False,mid-senior level,Engineering and Information Technology,,,"Transportation, Logistics, Supply Chain and Storage",https://www.linkedin.com/company/gxologistics,,,,,,,,,,,
linkedin,Junior AI Developer,reeeliance,"Hamburg, Germany",2026-09-14,https://www.linkedin.com/jobs/view/4390352980 , ,li-4390352980,fulltime,,,,,,False,entry level,Engineering and Information Technology,,marija.sekularac@reeeliance.com,IT Services and IT Consulting,https://de.linkedin.com/company/reeeliance-im-gmbh,,,,,,,,,,,
linkedin,"AI Builder, Emerging Talent - EMEA Central Market",Salesforce,"Munich, Bavaria, Germany",2026-09-14,https://www.linkedin.com/jobs/view/4467235688 , ,li-4467235688,fulltime,,,,,,False,not applicable,"General Business, Management, and Business Development",,,"Software Development, IT Services and IT Consulting, and Technology, Information and Internet",https://www.linkedin.com/company/salesforce,,,,,,,,,,,
linkedin,AI Solutions Engineer/ AI Enablement Engineer (m/f/d),Redcare Pharmacy,"Cologne, North Rhine-Westphalia, Germany",2026-09-14,https://www.linkedin.com/jobs/view/4464785489 , ,li-4464785489,fulltime,,,,,,True,mid-senior level,Information Technology,,,Software Development and IT Services and IT Consulting,https://nl.linkedin.com/company/redcare-pharmacy-com,,,,,,,,,,,
linkedin,Senior AI Engineer (Ref: 197454),Forsyth Barnes,"Berlin, Germany",2026-09-14,https://www.linkedin.com/jobs/view/4467058511 , ,li-4467058511,fulltime,,,,,,False,mid-senior level,Engineering,,,Financial Services,https://uk.linkedin.com/company/forsythbarnes,,,,,,,,,,,
linkedin,"Senior AI Engineer (Python, LLMs) - Remote Work",BairesDev,,2026-09-14,https://www.linkedin.com/jobs/view/4465795245 , ,li-4465795245,fulltime,,,,,,True,mid-senior level,Information Technology,,,Software Development,https://www.linkedin.com/company/bairesdev,,,,,,,,,,,
linkedin,Senior AI Software Engineer (m/w/d) - Jobbird.com,Jobster,"Coblenz, Rhineland-Palatinate, Germany",2026-09-14,https://www.linkedin.com/jobs/view/4465757773 , ,li-4465757773,fulltime,,,,,,False,mid-senior level,Engineering and Information Technology,,,Software Development,https://nl.linkedin.com/company/jobster-com,,,,,,,,,,,
linkedin,Staff AI Engineer- Developer Tools,Jobgether,,2026-09-14,https://www.linkedin.com/jobs/view/4465762576 , ,li-4465762576,fulltime,,,,,,True,mid-senior level,Engineering and Information Technology,,,Internet Marketplace Platforms,https://be.linkedin.com/company/jobgether,,,,,,,,,,,
linkedin,Senior AI Architect (all genders) - BCG Platinion,BCG Platinion,"Frankfurt am Main, Hesse, Germany",2026-09-14,https://www.linkedin.com/jobs/view/4443777734 , ,li-4443777734,fulltime,,,,,,False,associate,"Information Technology, Project Management, and Consulting",,,"IT Services and IT Consulting, Strategic Management Services, and Business Consulting and Services",https://de.linkedin.com/company/bcg-platinion,,,,,,,,,,,
linkedin,Senior Manager AI Content,Kijimea (SYNformulas GmbH),"Munich, Bavaria, Germany",2026-09-14,https://www.linkedin.com/jobs/view/4456861583 , ,li-4456861583,fulltime,,,,,,False,mid-senior level,Engineering and Information Technology,,jobs@futrue.com,Pharmaceutical Manufacturing,https://de.linkedin.com/company/synformulas,,,,,,,,,,,
linkedin,AI Engineer - Agentic & Autonomous Operations (m/f/x),xHeron,"Berlin, Berlin, Germany",2026-09-14,https://www.linkedin.com/jobs/view/4465233038 , ,li-4465233038,fulltime,,,,,,False,associate,Engineering,,,Hospitality,https://de.linkedin.com/company/xheron,,,,,,,,,,,
linkedin,"Senior Machine Learning Engineer - (Logistics, Optimization)",Delivery Hero,"Berlin, Berlin, Germany",2026-09-14,https://www.linkedin.com/jobs/view/4456856854 , ,li-4456856854,fulltime,,,,,,False,mid-senior level,Information Technology,,inclusion@deliveryhero.com,Software Development and IT Services and IT Consulting,https://de.linkedin.com/company/delivery-hero-se,,,,,,,,,,,
linkedin,Machine Learning Engineer - Computer Vision (Remote),Hire Feed,,2026-09-14,https://www.linkedin.com/jobs/view/4467096099 , ,li-4467096099,fulltime,,,,,,True,associate,"Information Technology, Analyst, and Research",,,"Technology, Information and Media, Software Development, and IT Services and IT Consulting",https://www.linkedin.com/company/hirefeedd,,,,,,,,,,,
linkedin,Senior Robotics Research Engineer - Foundation Models & Agentic Systems (m/w/d),BWI GmbH,"Bonn, North Rhine-Westphalia, Germany",2026-09-14,https://www.linkedin.com/jobs/view/4467057127 , ,li-4467057127,fulltime,,,,,,False,mid-senior level,Engineering and Information Technology,,,IT Services and IT Consulting,https://de.linkedin.com/company/bwi-gmbh,,,,,,,,,,,
linkedin,Senior Robotics Research Engineer - Foundation Models & Agentic Systems (m/w/d),BWI GmbH,"Ulm, Baden-Württemberg, Germany",2026-09-14,https://www.linkedin.com/jobs/view/4467068110 , ,li-4467068110,fulltime,,,,,,False,mid-senior level,Engineering and Information Technology,,,IT Services and IT Consulting,https://de.linkedin.com/company/bwi-gmbh,,,,,,,,,,,
linkedin,AI Research Engineer - ML & Signal Processing,Helsing,"Berlin, Berlin, Germany",2026-09-14,https://www.linkedin.com/jobs/view/4316259871 , ,li-4316259871,fulltime,,,,,,True,mid-senior level,Engineering and Information Technology,,,Software Development,https://de.linkedin.com/company/helsing,,,,,,,,,,,
linkedin,AI Research Engineer - Foundation Models,Helsing,"Berlin, Berlin, Germany",2026-09-14,https://www.linkedin.com/jobs/view/4355748462 , ,li-4355748462,fulltime,,,,,,True,mid-senior level,Engineering and Information Technology,,,Software Development,https://de.linkedin.com/company/helsing,,,,,,,,,,,
linkedin,Data Scientist / Naturwissenschaftler als AI Software Builder (m/w/d),Analytik NEWS,"Heppenheim an der Bergstraße, Hesse, Germany",2026-09-14,https://www.linkedin.com/jobs/view/4464786154 , ,li-4464786154,fulltime,,,,,,False,mid-senior level,Engineering and Information Technology,,,"Technology, Information and Internet",https://de.linkedin.com/company/analytik-news,,,,,,,,,,,
linkedin,Staff Scientist / PostDoc – Machine Learning for Scientific Applications,Forschungszentrum Jülich,"Jülich, North Rhine-Westphalia, Germany",2026-09-14,https://www.linkedin.com/jobs/view/4467230796 , ,li-4467230796,fulltime,,,,,,True,mid-senior level,Other,,,Internet Publishing,https://de.linkedin.com/company/forschungszentrum-julich,,,,,,,,,,,
linkedin,AI Research Engineer - AI Safety,Helsing,"Munich, Bavaria, Germany",2026-09-14,https://www.linkedin.com/jobs/view/4328761765 , ,li-4328761765,fulltime,,,,,,True,mid-senior level,Engineering and Information Technology,,,Software Development,https://de.linkedin.com/company/helsing,,,,,,,,,,,
linkedin,Business Partner IT - Datenspezialist & Prozessautomatisierung (m/w/d),Stadtwerke Bietigheim-Bissingen,"Bietigheim-Bissingen, Baden-Württemberg, Germany",2026-09-14,https://www.linkedin.com/jobs/view/4464765482 , ,li-4464765482,fulltime,,,,,,False,mid-senior level,Information Technology,,,Oil and Gas,https://de.linkedin.com/company/swbb,,,,,,,,,,,
linkedin,Amazon Business Performance Analyst (m/f/d) | 2-Year Fixed-Term Contract,BRITA Group,"Taunusstein, Hesse, Germany",2026-09-14,https://www.linkedin.com/jobs/view/4465688848 , ,li-4465688848,fulltime,,,,,,True,entry level,Business Development and Sales,,,Manufacturing,https://de.linkedin.com/company/brita-se,,,,,,,,,,,
linkedin,Analyst / Programmierer – Kreditrisikomanagement Bankwesen / Finanzdienstleistung (w/m/d),TARGOBANK,"Düsseldorf, North Rhine-Westphalia, Germany",2026-09-14,https://www.linkedin.com/jobs/view/4448138712 , ,li-4448138712,fulltime,,,,,,False,entry level,Finance and Sales,,,Financial Services,https://de.linkedin.com/company/targobank,,,,,,,,,,,
linkedin,"Senior Expert Global Pricing Manager - BI, Systems & Data Analytics (M/F/X)",DHL eCommerce,"Bonn, North Rhine-Westphalia, Germany",2026-09-14,https://www.linkedin.com/jobs/view/4467099061 , ,li-4467099061,fulltime,,,,,,False,mid-senior level,Business Development and Sales,,,Truck Transportation,https://de.linkedin.com/company/dhlecommerce,,,,,,,,,,,
linkedin,Senior Consultant AI Data Engineering - Microsoft Azure (all genders),Wavestone,,2026-09-14,https://www.linkedin.com/jobs/view/4445881584 , ,li-4445881584,fulltime,,,,,,False,associate,Consulting and Information Technology,,,"IT Services and IT Consulting, Business Consulting and Services, and Technology, Information and Media",https://fr.linkedin.com/company/wavestone,,,,,,,,,,,
linkedin,Senior AI Architect (m/f/d),BEUMER Group,"Beckum, North Rhine-Westphalia, Germany",2026-09-14,https://www.linkedin.com/jobs/view/4457101323 , ,li-4457101323,fulltime,,,,,,False,associate,Other,,,Industrial Automation,https://de.linkedin.com/company/beumer-group-,,,,,,,,,,,
linkedin,Forward Deployed Engineer (100% Remote),Giant Swarm,,2026-09-14,https://www.linkedin.com/jobs/view/4464792765 , ,li-4464792765,fulltime,,,,,,True,associate,Engineering,,,Software Development,https://de.linkedin.com/company/giant-swarm,,,,,,,,,,,
linkedin,IT Operations AI Engineer (m/f/d) Ref. No. 26-82195,Terma Group,,2026-09-14,https://www.linkedin.com/jobs/view/4465780359 , ,li-4465780359,fulltime,,,,,,False,mid-senior level,"Research, Science, and Engineering",,ta.space@terma.com,"Defense and Space Manufacturing, Airlines and Aviation, and IT Services and IT Consulting",https://dk.linkedin.com/company/terma-a-s,,,,,,,,,,,
linkedin,Software Engineer - Autonomous Air Systems,Helsing,"Berlin, Berlin, Germany",2026-09-14,https://www.linkedin.com/jobs/view/4350287405 , ,li-4350287405,fulltime,,,,,,False,mid-senior level,Engineering and Information Technology,,,Software Development,https://de.linkedin.com/company/helsing,,,,,,,,,,,
linkedin,"Software-Entwickler – RAG, Knowledgraph & Agentische Systeme (m/w/d)",Riverty,"Verl, North Rhine-Westphalia, Germany",2026-09-14,https://www.linkedin.com/jobs/view/4446720450 , ,li-4446720450,fulltime,,,,,,False,mid-senior level,Engineering and Information Technology,,,Financial Services,https://de.linkedin.com/company/riverty,,,,,,,,,,,
linkedin,Senior AI Transformation & Innovation Consultant,Celonis,"Munich, Bavaria, Germany",2026-09-14,https://www.linkedin.com/jobs/view/4465207294 , ,li-4465207294,fulltime,,,,,,True,not applicable,Product Management and Marketing,,,Software Development,https://www.linkedin.com/company/celonis,,,,,,,,,,,
linkedin,Senior Robotics Research Engineer - Foundation Models & Agentic Systems (m/w/d),BWI GmbH,"Munich, Bavaria, Germany",2026-09-14,https://www.linkedin.com/jobs/view/4467054163 , ,li-4467054163,fulltime,,,,,,False,mid-senior level,Engineering and Information Technology,,,IT Services and IT Consulting,https://de.linkedin.com/company/bwi-gmbh,,,,,,,,,,,
linkedin,Data Scientist (m/w/d),CKM Group,"Berlin, Berlin, Germany",2026-09-14,https://www.linkedin.com/jobs/view/4465206172 , ,li-4465206172,fulltime,,,,,,False,entry level,Information Technology,,career@ckmgroup.de,Hospitals and Health Care,https://de.linkedin.com/company/ckmgroup,,,,,,,,,,,
linkedin,Data Scientist - Python (Remote),Hire Feed,,2026-09-14,https://www.linkedin.com/jobs/view/4467091549 , ,li-4467091549,fulltime,,,,,,True,associate,"Information Technology, Analyst, and Engineering",,,"Technology, Information and Media, Software Development, and IT Services and IT Consulting",https://www.linkedin.com/company/hirefeedd,,,,,,,,,,,
linkedin,Staff ML/AI Engineer,develop,"Berlin, Germany",2026-09-14,https://www.linkedin.com/jobs/view/4464769673 , ,li-4464769673,fulltime,,,,,,True,mid-senior level,Information Technology and Engineering,,,Software Development,https://uk.linkedin.com/company/developrec,,,,,,,,,,,
linkedin,Senior Machine Learning Engineer (m/w/d),Instaffo,"Berlin, Berlin, Germany",2026-09-14,https://www.linkedin.com/jobs/view/4420981019 , ,li-4420981019,fulltime,,,,,,True,mid-senior level,Analyst and Information Technology,,,Staffing and Recruiting,https://de.linkedin.com/company/instaffo-gmbh,,,,,,,,,,,
linkedin,AI Engineer (f/m/d),Allianz Global Investors,"Frankfurt, Hesse, Germany",2026-09-14,https://www.linkedin.com/jobs/view/4461074965 , ,li-4461074965,fulltime,,,,,,False,mid-senior level,Engineering and Information Technology,,recruiting@allianzgi.com,Financial Services and Insurance,https://www.linkedin.com/company/allianz-global-investors,,,,,,,,,,,
linkedin,"Teamlead Product, AI & Applications (m/w/d)",WEFRA LIFE,"Neu-Isenburg, Hesse, Germany",2026-09-14,https://www.linkedin.com/jobs/view/4464769994 , ,li-4464769994,fulltime,,,,,,False,associate,Information Technology,,,Business Consulting and Services,https://de.linkedin.com/company/wefralife,,,,,,,,,,,
linkedin,AI/ML Ops Engineer (w/m/d),1&1,"Karlsruhe, Baden-Württemberg, Germany",2026-09-14,https://www.linkedin.com/jobs/view/4465773565 , ,li-4465773565,fulltime,,,,,,False,mid-senior level,Information Technology,,,Telecommunications,https://de.linkedin.com/company/1und1de,,,,,,,,,,,
linkedin,AI Solution Architect & Delivery Manager (m/w/d),Aareal Bank AG,"Wiesbaden, Hesse, Germany",2026-09-14,https://www.linkedin.com/jobs/view/4392588262 , ,li-4392588262,fulltime,,,,,,False,mid-senior level,Engineering and Information Technology,,,Banking,https://de.linkedin.com/company/aareal-bank,,,,,,,,,,,
linkedin,Content Manager (m/f/x),Mercanis,"Berlin, Berlin, Germany",2026-09-14,https://www.linkedin.com/jobs/view/4464784917 , ,li-4464784917,fulltime,,,,,,False,associate,Marketing and Writing/Editing,,,Software Development,https://de.linkedin.com/company/mercanis,,,,,,,,,,,
linkedin,Technologie-Berater:in – Cloud-Innovation (all genders),Accenture DACH,"Kronberg, Hesse, Germany",2026-09-14,https://www.linkedin.com/jobs/view/4328134550 , ,li-4328134550,fulltime,,,,,,True,mid-senior level,Strategy/Planning and Consulting,,_germany@accenture.com,Business Consulting and Services,https://de.linkedin.com/company/accenture-dach,,,,,,,,,,,
linkedin,Founding ML Researcher,Base Compute,"Berlin, Berlin, Germany",2026-09-14,https://www.linkedin.com/jobs/view/4467079785 , ,li-4467079785,fulltime,,,,,,False,mid-senior level,Other,,,Artificial Intelligence,https://au.linkedin.com/company/basecompute,,,,,,,,,,,
linkedin,(Senior) Consultant Data & AI – Data Engineer / Data Scientist (all genders),Wavestone,,2026-09-14,https://www.linkedin.com/jobs/view/4461135104 , ,li-4461135104,fulltime,,,,,,False,associate,Consulting and Information Technology,,,"IT Services and IT Consulting, Business Consulting and Services, and Technology, Information and Media",https://fr.linkedin.com/company/wavestone,,,,,,,,,,,
linkedin,Data Scientist,Almedia,"Berlin, Germany",2026-09-14,https://www.linkedin.com/jobs/view/4343355220 , ,li-4343355220,fulltime,,,,,,False,entry level,Engineering and Information Technology,,,Advertising Services,https://de.linkedin.com/company/almediaco,,,,,,,,,,,
linkedin,Reconstruction-AI Engineer (m/f/d),MuRay Tech,"Hamburg, Germany",2026-09-14,https://www.linkedin.com/jobs/view/4467069054 , ,li-4467069054,fulltime,,,,,,False,entry level,Engineering and Information Technology,,,Manufacturing,https://de.linkedin.com/company/muraytech,,,,,,,,,,,
linkedin,Consultant AI Plattform & Infrastructure (m/w/d),BWI GmbH,"Bonn, North Rhine-Westphalia, Germany",2026-09-13,https://www.linkedin.com/jobs/view/4430744497 , ,li-4430744497,fulltime,,,,,,False,mid-senior level,Information Technology,,,IT Services and IT Consulting,https://de.linkedin.com/company/bwi-gmbh,,,,,,,,,,,
linkedin,Senior Consultant GenAI Shopfloor (m/w/d) in Köln,Deloitte,"Cologne, North Rhine-Westphalia, Germany",2026-09-13,https://www.linkedin.com/jobs/view/4447528660 , ,li-4447528660,fulltime,,,,,,True,associate,"Consulting, Information Technology, and Sales",,career@deloitte.de,Business Consulting and Services,https://www.linkedin.com/company/deloitte,,,,,,,,,,,
linkedin,AI-Agent Engineer (m/w/d),Wolters Kluwer,"Ludwigsburg, Baden-Württemberg, Germany",2026-09-13,https://www.linkedin.com/jobs/view/4419309422 , ,li-4419309422,fulltime,,,,,,False,mid-senior level,Engineering and Information Technology,,,Software Development,https://nl.linkedin.com/company/wolters-kluwer,,,,,,,,,,,
linkedin,Founding AI Engineer,AI Futures,"Munich, Bavaria, Germany",2026-09-13,https://www.linkedin.com/jobs/view/4464739299 , ,li-4464739299,fulltime,,,,,,False,associate,Information Technology,,,"Manufacturing, Public Health, and Hospitality",https://uk.linkedin.com/company/aifuturesgroup,,,,,,,,,,,
linkedin,Digital Scientist & Programme Coordinator,BMI Deutschland,"Heusenstamm, Hesse, Germany",2026-09-13,https://www.linkedin.com/jobs/view/4447555224 , ,li-4447555224,fulltime,,,,,,False,mid-senior level,Other,,,Wholesale Building Materials,https://de.linkedin.com/company/bmi-deutschland,,,,,,,,,,,
linkedin,Business Analyst / AI Engineer,HDI Group,"Hannover, Lower Saxony, Germany",2026-09-13,https://www.linkedin.com/jobs/view/4430945680 , ,li-4430945680,fulltime,,,,,,True,mid-senior level,"Research, Analyst, and Information Technology",,,Insurance,https://de.linkedin.com/company/hdigroup,,,,,,,,,,,
linkedin,"Forward-Deployed AI Engineer - Claude Code - €120,000 - Munich - Hybrid",Findr,"Munich, Bavaria, Germany",2026-09-13,https://www.linkedin.com/jobs/view/4466785118 , ,li-4466785118,fulltime,,,,,,False,mid-senior level,,,,"Financial Services, Technology, Information and Media, and Data Infrastructure and Analytics",https://de.linkedin.com/company/findr-tech,,,,,,,,,,,
linkedin,Consultant Quantitative Finance / Financial Engineering (m/w/d) in Köln,Deloitte,"Cologne, North Rhine-Westphalia, Germany",2026-09-13,https://www.linkedin.com/jobs/view/4402206027 , ,li-4402206027,fulltime,,,,,,True,entry level,"Strategy/Planning, Finance, and Consulting",,career@deloitte.de,Business Consulting and Services,https://www.linkedin.com/company/deloitte,,,,,,,,,,,
linkedin,Development Architect (f/m/d) - AI Foundation Model Training and Serving,SAP,"Potsdam, Brandenburg, Germany",2026-09-13,https://www.linkedin.com/jobs/view/4429680502 , ,li-4429680502,fulltime,,,,,,False,not applicable,Engineering and Information Technology,,Careers@sap.com,"Software Development, IT Services and IT Consulting, and Business Consulting and Services",https://de.linkedin.com/company/sap,,,,,,,,,,,
linkedin,Founders Associate (Ops & Product),Nobura,"Munich, Bavaria, Germany",2026-09-12,https://www.linkedin.com/jobs/view/4464287248 , ,li-4464287248,fulltime,,,,,,False,executive,Business Development and Sales,,,Software Development,https://de.linkedin.com/company/nobura,,,,,,,,,,,
linkedin,Agentforce Operations Account Executive,Salesforce,"Berlin, Berlin, Germany",2026-09-12,https://www.linkedin.com/jobs/view/4466431567 , ,li-4466431567,fulltime,,,,,,False,not applicable,Sales and Business Development,,,"Software Development, IT Services and IT Consulting, and Technology, Information and Internet",https://www.linkedin.com/company/salesforce,,,,,,,,,,,
linkedin,"Senior Principal Enterprise Architect - multi-cloud (GCP, Azure, AWS)",Infosys,"Düsseldorf, North Rhine-Westphalia, Germany",2026-09-12,https://www.linkedin.com/jobs/view/4440155853 , ,li-4440155853,fulltime,,,,,,False,mid-senior level,Information Technology,,,IT Services and IT Consulting,https://in.linkedin.com/company/infosys,,,,,,,,,,,
linkedin,AI Consultant (m/w/d) | AI Projects & Solutions,elunic AG,"Munich, Bavaria, Germany",2026-09-12,https://www.linkedin.com/jobs/view/4441491326 , ,li-4441491326,fulltime,,,,,,True,mid-senior level,Engineering and Information Technology,,,IT Services and IT Consulting,https://de.linkedin.com/company/elunic-ag,,,,,,,,,,,
linkedin,Founding GTM,opus,"Berlin, Berlin, Germany",2026-09-12,https://www.linkedin.com/jobs/view/4464273855 , ,li-4464273855,fulltime,,,,,,False,mid-senior level,Other,,,Software Development,https://de.linkedin.com/company/opus-technologies-gmbh,,,,,,,,,,,
linkedin,Doktorarbeit: Sichere KI für maritime Antriebe / Safe Artificial Intelligence for Maritime Engines,Everllence,"Augsburg, Bavaria, Germany",2026-09-12,https://www.linkedin.com/jobs/view/4326512416 , ,li-4326512416,fulltime,,,,,,False,internship,"Other, Information Technology, and Management",,nicola.hasl@everllence.com,Climate Technology Product Manufacturing,https://de.linkedin.com/company/everllence,,,,,,,,,,,
linkedin,Data Scientist - Payments,IXOPAY,,2026-09-12,https://www.linkedin.com/jobs/view/4438319122 , ,li-4438319122,fulltime,,,,,,True,mid-senior level,Engineering and Information Technology,,,Software Development,https://www.linkedin.com/company/ixopay,,,,,,,,,,,
linkedin,Data Scientist (m/w/d) mit Schwerpunkt HR,Dirk Rossmann GmbH,"Burgwedel, Lower Saxony, Germany",2026-09-12,https://www.linkedin.com/jobs/view/4410029391 , ,li-4410029391,fulltime,,,,,,False,associate,Engineering and Information Technology,,,Retail,https://de.linkedin.com/company/dirk-rossmann-gmbh,,,,,,,,,,,
linkedin,"Risk Methodology Specialist in Group Strategic Analytics Berlin, Frankfurt am Main (d/m/w)",Deutsche Bank,"Frankfurt, Hesse, Germany",2026-09-12,https://www.linkedin.com/jobs/view/4466464387 , ,li-4466464387,fulltime,,,,,,False,not applicable,Finance and Sales,,nana.darko@db.com,Financial Services,https://de.linkedin.com/company/deutsche-bank,,,,,,,,,,,
linkedin,Climate Consultant (m/w/d),ISS STOXX Sustainability,"Munich, Bavaria, Germany",2026-09-12,https://www.linkedin.com/jobs/view/4429948478 , ,li-4429948478,fulltime,,,,,,False,associate,"Consulting, Information Technology, and Sales",,,Financial Services,https://uk.linkedin.com/company/iss-stoxx-sustainability,,,,,,,,,,,
linkedin,Mathematiker/-in Versicherungen (all genders),adesso SE,"Coblenz, Rhineland-Palatinate, Germany",2026-09-12,https://www.linkedin.com/jobs/view/4446791258 , ,li-4446791258,fulltime,,,,,,False,mid-senior level,"Research, Analyst, and Information Technology",,,IT Services and IT Consulting,https://de.linkedin.com/company/adesso-se,,,,,,,,,,,
linkedin,(Senior) Manager AI Engineering (all genders),MHP – A Porsche Company,"Frankfurt am Main, Hesse, Germany",2026-09-12,https://www.linkedin.com/jobs/view/4466413480 , ,li-4466413480,fulltime,,,,,,False,mid-senior level,Engineering and Information Technology,,,Business Consulting and Services,https://de.linkedin.com/company/mhp-a-porsche-company,,,,,,,,,,,
linkedin,Industrial Engineer m/f/d,Texas Instruments Europe,"Freising, Bavaria, Germany",2026-09-12,https://www.linkedin.com/jobs/view/4456230308 , ,li-4456230308,fulltime,,,,,,False,entry level,Manufacturing,,,Semiconductor Manufacturing,https://www.linkedin.com/company/texas-instruments-europe,,,,,,,,,,,
linkedin,Aktuar/-in / Versicherungsmathematiker/-in (all genders),adesso SE,"Bremen, Bremen, Germany",2026-09-12,https://www.linkedin.com/jobs/view/4446788284 , ,li-4446788284,fulltime,,,,,,False,mid-senior level,Finance and Sales,,,IT Services and IT Consulting,https://de.linkedin.com/company/adesso-se,,,,,,,,,,,
linkedin,Aktuar/-in / Versicherungsmathematiker/-in (all genders),adesso SE,"Ulm, Baden-Württemberg, Germany",2026-09-12,https://www.linkedin.com/jobs/view/4446785322 , ,li-4446785322,fulltime,,,,,,False,mid-senior level,Finance and Sales,,,IT Services and IT Consulting,https://de.linkedin.com/company/adesso-se,,,,,,,,,,,
linkedin,Staff People Scientist (d/f/m),Personio,"Berlin, Berlin, Germany",2026-09-12,https://www.linkedin.com/jobs/view/4444586018 , ,li-4444586018,fulltime,,,,,,True,mid-senior level,"Research, Analyst, and Information Technology",,,Software Development,https://de.linkedin.com/company/personio,,,,,,,,,,,
linkedin,Pricing Actuary (m/w/d),AGILA Haustierversicherung AG,"Hannover, Lower Saxony, Germany",2026-09-12,https://www.linkedin.com/jobs/view/4454631747 , ,li-4454631747,fulltime,,,,,,False,mid-senior level,Finance and Sales,,,Insurance,https://de.linkedin.com/company/agila-haustierversicherung-ag,,,,,,,,,,,
linkedin,Mathematiker/-in Versicherungen (all genders),adesso SE,"Augsburg, Bavaria, Germany",2026-09-12,https://www.linkedin.com/jobs/view/4446778426 , ,li-4446778426,fulltime,,,,,,False,mid-senior level,"Research, Analyst, and Information Technology",,,IT Services and IT Consulting,https://de.linkedin.com/company/adesso-se,,,,,,,,,,,
linkedin,"Product Lead, Platform & Enterprise -Sureel AI",Warner Music Group,"Munich, Bavaria, Germany",2026-09-12,https://www.linkedin.com/jobs/view/4457545619 , ,li-4457545619,fulltime,,,,,,False,mid-senior level,Product Management and Marketing,,,Entertainment Providers,https://www.linkedin.com/company/warner-music-group,,,,,,,,,,,
linkedin,Software Engineer,Code Compass 🧭,"Berlin, Germany",2026-09-12,https://www.linkedin.com/jobs/view/4464286587 , ,li-4464286587,fulltime,,,,,,True,mid-senior level,"Information Technology, Engineering, and Other",,,"Staffing and Recruiting, IT Services and IT Consulting, and Technology, Information and Media",https://ch.linkedin.com/company/code-compass,,,,,,,,,,,
linkedin,(Senior) Manager AI Engineering (all genders),MHP – A Porsche Company,"Nuremberg, Bavaria, Germany",2026-09-12,https://www.linkedin.com/jobs/view/4466431368 , ,li-4466431368,fulltime,,,,,,False,mid-senior level,Engineering and Information Technology,,,Business Consulting and Services,https://de.linkedin.com/company/mhp-a-porsche-company,,,,,,,,,,,
linkedin,Data Scientist Digital Technologies / (Gen)AI (m/w/d),ERGO,"Düsseldorf, North Rhine-Westphalia, Germany",2026-09-12,https://www.linkedin.com/jobs/view/4466460934 , ,li-4466460934,fulltime,,,,,,False,mid-senior level,Engineering and Information Technology,,,Insurance,https://de.linkedin.com/company/ergo-group-ag,,,,,,,,,,,
linkedin,Agentic AI Developer im Deloitte aiStudio (m/w/d) in Düsseldorf,Deloitte,"Düsseldorf, North Rhine-Westphalia, Germany",2026-09-12,https://www.linkedin.com/jobs/view/4438822298 , ,li-4438822298,fulltime,,,,,,True,entry level,Engineering and Information Technology,,career@deloitte.de,Business Consulting and Services,https://www.linkedin.com/company/deloitte,,,,,,,,,,,
linkedin,Data Scientist / Data Engineer,Build & Hire,"Berlin, Berlin, Germany",2026-09-12,https://www.linkedin.com/jobs/view/4466703946 , ,li-4466703946,fulltime,,,,,,False,mid-senior level,Engineering and Information Technology,,,"Technology, Information and Internet",https://de.linkedin.com/company/buildandhire,,,,,,,,,,,
linkedin,Senior Consultant GenAI Shopfloor (m/w/d) in Frankfurt (Main),Deloitte,"Frankfurt, Hesse, Germany",2026-09-12,https://www.linkedin.com/jobs/view/4447518774 , ,li-4447518774,fulltime,,,,,,True,associate,"Consulting, Information Technology, and Sales",,career@deloitte.de,Business Consulting and Services,https://www.linkedin.com/company/deloitte,,,,,,,,,,,
linkedin,Business Analyst:in / AI Engineer,HDI Group,"Hannover, Lower Saxony, Germany",2026-09-12,https://www.linkedin.com/jobs/view/4430944682 , ,li-4430944682,fulltime,,,,,,False,mid-senior level,"Research, Analyst, and Information Technology",,,Insurance,https://de.linkedin.com/company/hdigroup,,,,,,,,,,,
linkedin,Senior Consultant GenAI Shopfloor (m/w/d) in Düsseldorf,Deloitte,"Düsseldorf, North Rhine-Westphalia, Germany",2026-09-12,https://www.linkedin.com/jobs/view/4447520742 , ,li-4447520742,fulltime,,,,,,True,associate,"Consulting, Information Technology, and Sales",,career@deloitte.de,Business Consulting and Services,https://www.linkedin.com/company/deloitte,,,,,,,,,,,
linkedin,Artificial Intelligence Specialist,Blum Ventures,"Berlin, Germany",2026-09-12,https://www.linkedin.com/jobs/view/4464269325 , ,li-4464269325,fulltime,,,,,,False,entry level,Engineering and Information Technology,,,Venture Capital and Private Equity Principals,https://www.linkedin.com/company/blum-ventures-gmbh,,,,,,,,,,,
linkedin,Senior Consultant Data Science & ML Engineering (m/w/d) in Köln,Deloitte,"Cologne, North Rhine-Westphalia, Germany",2026-09-12,https://www.linkedin.com/jobs/view/4429951576 , ,li-4429951576,fulltime,,,,,,True,associate,"Consulting, Information Technology, and Sales",,career@deloitte.de,Business Consulting and Services,https://www.linkedin.com/company/deloitte,,,,,,,,,,,
linkedin,"(Senior) AI Engineer - Data & AI Organisation (all genders, full-/part-time)",Merck Group,"Weiterstadt, Hesse, Germany",2026-09-12,https://www.linkedin.com/jobs/view/4457378474 , ,li-4457378474,fulltime,,,,,,False,mid-senior level,"Business Development, Strategy/Planning, and Analyst",,,Pharmaceutical Manufacturing,https://de.linkedin.com/company/merck-group,,,,,,,,,,,
linkedin,Agentic AI Developer im Deloitte aiStudio (m/w/d) in München,Deloitte,"Munich, Bavaria, Germany",2026-09-12,https://www.linkedin.com/jobs/view/4438827101 , ,li-4438827101,fulltime,,,,,,True,entry level,Engineering and Information Technology,,career@deloitte.de,Business Consulting and Services,https://www.linkedin.com/company/deloitte,,,,,,,,,,,
linkedin,AI Large Language Model (LLM) Technology Architect (All Genders),Accenture DACH,"Würzburg, Bavaria, Germany",2026-09-12,https://www.linkedin.com/jobs/view/4456264253 , ,li-4456264253,fulltime,,,,,,False,mid-senior level,Engineering and Information Technology,,,IT Services and IT Consulting,https://de.linkedin.com/company/accenture-dach,,,,,,,,,,,
linkedin,AI Engineer (LLM) - Remote,dexter health,,2026-09-12,https://www.linkedin.com/jobs/view/4464294430 , ,li-4464294430,fulltime,,,,,,True,associate,Engineering,,,Hospitals and Health Care,https://de.linkedin.com/company/dexter-health,,,,,,,,,,,
linkedin,Master - SAP AI Engineering Architect (f/m/d),SAP,"Walldorf, Baden-Württemberg, Germany",2026-09-12,https://www.linkedin.com/jobs/view/4388976705 , ,li-4388976705,fulltime,,,,,,False,not applicable,Customer Service,,Careers@sap.com,"Software Development, IT Services and IT Consulting, and Business Consulting and Services",https://de.linkedin.com/company/sap,,,,,,,,,,,
linkedin,AI Solution Architect – Agentic GenAI Workflows & Automation (m/w/d),CGI,"Eschborn, Hesse, Germany",2026-09-12,https://www.linkedin.com/jobs/view/4447591179 , ,li-4447591179,fulltime,,,,,,False,entry level,Engineering and Information Technology,,,IT Services and IT Consulting,https://ca.linkedin.com/company/cgi,,,,,,,,,,,
linkedin,Masterarbeit - Reinforcement Learning für zweibeinigen Outdoor-Roboter auf Rädern mit Isaac Lab,Fraunhofer IPA,"Stuttgart, Baden-Württemberg, Germany",2026-09-11,https://www.linkedin.com/jobs/view/4466319719 , ,li-4466319719,fulltime,,,,,,False,entry level,Education and Training,,jennifer.leppich@ipa.fraunhofer.de,Human Resources and Education,https://de.linkedin.com/company/fraunhofer-ipa,,,,,,,,,,,
linkedin,Aktuar/-in / Versicherungsmathematiker/-in (all genders),adesso SE,"Coblenz, Rhineland-Palatinate, Germany",2026-09-11,https://www.linkedin.com/jobs/view/4446790242 , ,li-4446790242,fulltime,,,,,,False,mid-senior level,Finance and Sales,,,IT Services and IT Consulting,https://de.linkedin.com/company/adesso-se,,,,,,,,,,,
linkedin,Prompt Engineer (w/m/d),1&1,"Montabaur, Rhineland-Palatinate, Germany",2026-09-11,https://www.linkedin.com/jobs/view/4464894074 , ,li-4464894074,fulltime,,,,,,False,mid-senior level,Information Technology,,,"Information Services, Technology, Information and Internet, and Telecommunications",https://de.linkedin.com/company/1und1de,,,,,,,,,,,
linkedin,Aktuar/-in / Versicherungsmathematiker/-in (all genders),adesso SE,"Essen, North Rhine-Westphalia, Germany",2026-09-11,https://www.linkedin.com/jobs/view/4446786302 , ,li-4446786302,fulltime,,,,,,False,mid-senior level,Finance and Sales,,,IT Services and IT Consulting,https://de.linkedin.com/company/adesso-se,,,,,,,,,,,
linkedin,Mathematiker/-in Versicherungen (all genders),adesso SE,"Cologne, North Rhine-Westphalia, Germany",2026-09-11,https://www.linkedin.com/jobs/view/4446797144 , ,li-4446797144,fulltime,,,,,,False,mid-senior level,"Research, Analyst, and Information Technology",,,IT Services and IT Consulting,https://de.linkedin.com/company/adesso-se,,,,,,,,,,,
linkedin,Aktuar/-in / Versicherungsmathematiker/-in (all genders),adesso SE,"Walldorf, Baden-Württemberg, Germany",2026-09-11,https://www.linkedin.com/jobs/view/4446786299 , ,li-4446786299,fulltime,,,,,,False,mid-senior level,Finance and Sales,,,IT Services and IT Consulting,https://de.linkedin.com/company/adesso-se,,,,,,,,,,,
linkedin,Translatable Text Finance Data Analytics & BI Specialist (m/w/d) - befristet für 2 Jahre,ABB,"Mannheim, Baden-Württemberg, Germany",2026-09-11,https://www.linkedin.com/jobs/view/4464861868 , ,li-4464861868,fulltime,,,,,,False,mid-senior level,Finance and Sales,,,Automation Machinery Manufacturing,https://ch.linkedin.com/company/abb,,,,,,,,,,,
linkedin,Mathematiker/-in Versicherungen (all genders),adesso SE,"Frankfurt, Hesse, Germany",2026-09-11,https://www.linkedin.com/jobs/view/4446784329 , ,li-4446784329,fulltime,,,,,,False,mid-senior level,"Research, Analyst, and Information Technology",,,IT Services and IT Consulting,https://de.linkedin.com/company/adesso-se,,,,,,,,,,,
linkedin,Principal Investigators (f/m/x) for (i) AI in Biomedicine and (ii) AI Foundations,Helmholtz Munich,,2026-09-11,https://www.linkedin.com/jobs/view/4447292344 , ,li-4447292344,fulltime,,,,,,True,mid-senior level,"Management, Research, and Science",,,Research Services,https://de.linkedin.com/company/helmholtzmunich,,,,,,,,,,,
linkedin,Mathematiker/-in Versicherungen (all genders),adesso SE,"Dresden, Saxony, Germany",2026-09-11,https://www.linkedin.com/jobs/view/4446797133 , ,li-4446797133,fulltime,,,,,,False,mid-senior level,"Research, Analyst, and Information Technology",,,IT Services and IT Consulting,https://de.linkedin.com/company/adesso-se,,,,,,,,,,,
linkedin,Mathematiker/-in Versicherungen (all genders),adesso SE,"Düsseldorf, North Rhine-Westphalia, Germany",2026-09-11,https://www.linkedin.com/jobs/view/4446781371 , ,li-4446781371,fulltime,,,,,,False,mid-senior level,"Research, Analyst, and Information Technology",,,IT Services and IT Consulting,https://de.linkedin.com/company/adesso-se,,,,,,,,,,,
linkedin,"Senior AI Engineer, Location AI",Mapbox,,2026-09-11,https://www.linkedin.com/jobs/view/4466380942 , ,li-4466380942,fulltime,,,,,,True,mid-senior level,Engineering and Information Technology,,,Software Development,https://www.linkedin.com/company/mapbox,,,,,,,,,,,
linkedin,Consultant - quantitative Methods & Strategy (f|m|x),zeb consulting,"Berlin, Berlin, Germany",2026-09-11,https://www.linkedin.com/jobs/view/4465169166 , ,li-4465169166,fulltime,,,,,,True,entry level,Business Development and Sales,,,Business Consulting and Services,https://de.linkedin.com/company/zebconsulting,,,,,,,,,,,
linkedin,Senior People Science Analyst (12 month FTC),Culture Amp,"Berlin, Germany",2026-09-11,https://www.linkedin.com/jobs/view/4464260167 , ,li-4464260167,contract,,,,,,False,mid-senior level,Human Resources,,"accommodations@cultureamp.com, privacy@cultureamp.com",Software Development,https://au.linkedin.com/company/cultureamp,,,,,,,,,,,
linkedin,"Staff ML Engineer, Product Recommendations (m/f/d)",Redcare Pharmacy,"Cologne, North Rhine-Westphalia, Germany",2026-09-11,https://www.linkedin.com/jobs/view/4463977411 , ,li-4463977411,fulltime,,,,,,True,mid-senior level,Analyst,,,Software Development and IT Services and IT Consulting,https://nl.linkedin.com/company/redcare-pharmacy-com,,,,,,,,,,,
linkedin,"Manager Analytics, AI & Decision Intelligence (m/w/d)",Buss Fertiggerichte GmbH,"Ottersberg, Lower Saxony, Germany",2026-09-11,https://www.linkedin.com/jobs/view/4466056004 , ,li-4466056004,fulltime,,,,,,False,mid-senior level,"Research, Analyst, and Information Technology",,,Food and Beverage Manufacturing,https://de.linkedin.com/company/buss-fertiggerichte-gmbh,,,,,,,,,,,
linkedin,"Associate Director, Europe Business Analytics & Insights",Corcept Therapeutics,"Munich, Bavaria, Germany",2026-09-11,https://www.linkedin.com/jobs/view/4428783219 , ,li-4428783219,fulltime,,,,,,False,mid-senior level,Business Development and Sales,,,Biotechnology Research,https://www.linkedin.com/company/corcept-therapeutics,,,,,,,,,,,
linkedin,"Forward Deployed Engineer, Agentic Platform (UK/Europe)",Cohere,"Frankfurt, Hesse, Germany",2026-09-11,https://www.linkedin.com/jobs/view/4418816639 , ,li-4418816639,fulltime,,,,,,True,entry level,Engineering and Information Technology,,,Software Development,https://ca.linkedin.com/company/cohere-ai,,,,,,,,,,,
linkedin,"Senior Machine Learning Engineer, Delivery Merchant",Bolt,"Berlin, Berlin, Germany",2026-09-11,https://www.linkedin.com/jobs/view/4446913845 , ,li-4446913845,fulltime,,,,,,False,mid-senior level,Engineering and Information Technology,,,Software Development,https://ee.linkedin.com/company/bolt-eu,,,,,,,,,,,
linkedin,Senior AI Engineer / AI Architect (all gender),ALTEN,"Munich, Bavaria, Germany",2026-09-11,https://www.linkedin.com/jobs/view/4466063989 , ,li-4466063989,fulltime,,,,,,False,associate,"Production, Distribution, and Engineering",,,Software Development and IT Services and IT Consulting,https://fr.linkedin.com/company/alten,,,,,,,,,,,
linkedin,Machine Learning Engineer,Code Compass 🧭,"Berlin, Germany",2026-09-11,https://www.linkedin.com/jobs/view/4463993207 , ,li-4463993207,fulltime,,,,,,False,mid-senior level,"Information Technology, Engineering, and Art/Creative",,,"Staffing and Recruiting, IT Services and IT Consulting, and Technology, Information and Media",https://ch.linkedin.com/company/code-compass,,,,,,,,,,,
linkedin,Analytics Engineer (m/w/d),myposter GmbH,,2026-09-11,https://www.linkedin.com/jobs/view/4466072514 , ,li-4466072514,fulltime,,,,,,False,mid-senior level,Information Technology,,,"Technology, Information and Internet",https://de.linkedin.com/company/myposter,,,,,,,,,,,
linkedin,Aktuar/-in / Versicherungsmathematiker/-in (all genders),adesso SE,"Cologne, North Rhine-Westphalia, Germany",2026-09-11,https://www.linkedin.com/jobs/view/4446780410 , ,li-4446780410,fulltime,,,,,,False,mid-senior level,Finance and Sales,,,IT Services and IT Consulting,https://de.linkedin.com/company/adesso-se,,,,,,,,,,,
linkedin,Aktuar/-in / Versicherungsmathematiker/-in (all genders),adesso SE,"Siegen, North Rhine-Westphalia, Germany",2026-09-11,https://www.linkedin.com/jobs/view/4446776448 , ,li-4446776448,fulltime,,,,,,False,mid-senior level,Finance and Sales,,,IT Services and IT Consulting,https://de.linkedin.com/company/adesso-se,,,,,,,,,,,
linkedin,Senior Data & Analytics Consultant (m/w/d) Schwerpunkt Data Architecture,Disy Informationssysteme GmbH,"Karlsruhe, Baden-Württemberg, Germany",2026-09-11,https://www.linkedin.com/jobs/view/4458611158 , ,li-4458611158,fulltime,,,,,,True,mid-senior level,Analyst and Information Technology,,,Manufacturing,https://de.linkedin.com/company/disy,,,,,,,,,,,
linkedin,Mathematiker/-in Versicherungen (all genders),adesso SE,"Paderborn, North Rhine-Westphalia, Germany",2026-09-11,https://www.linkedin.com/jobs/view/4446781363 , ,li-4446781363,fulltime,,,,,,False,mid-senior level,"Research, Analyst, and Information Technology",,,IT Services and IT Consulting,https://de.linkedin.com/company/adesso-se,,,,,,,,,,,
linkedin,DH-Studenten (m/w/d) für den Studiengang Data Science und Künstlicher Intelligenz 2027 (Duale Hochschule Mosbach),Roto Technologia Okien i Drzwi,"Bad Mergentheim, Baden-Württemberg, Germany",2026-09-11,https://www.linkedin.com/jobs/view/4464898675 , ,li-4464898675,fulltime,,,,,,False,internship,Education and Training,,,Construction,https://pl.linkedin.com/company/roto-frank-okucia-budowlane,,,,,,,,,,,
linkedin,Senior Business Analyst,Omaze,"Munich, Bavaria, Germany",2026-09-11,https://www.linkedin.com/jobs/view/4428734236 , ,li-4428734236,fulltime,,,,,,False,mid-senior level,"Research, Analyst, and Information Technology",,,Entertainment Providers,https://uk.linkedin.com/company/omaze-uk,,,,,,,,,,,
linkedin,Consultant Quantitative Finance / Financial Engineering (m/w/d) in Hamburg,Deloitte,"Hamburg, Hamburg, Germany",2026-09-11,https://www.linkedin.com/jobs/view/4402097342 , ,li-4402097342,fulltime,,,,,,True,entry level,"Strategy/Planning, Finance, and Consulting",,career@deloitte.de,Business Consulting and Services,https://www.linkedin.com/company/deloitte,,,,,,,,,,,
linkedin,Consultant Quantitative Finance / Financial Engineering (m/w/d) in München,Deloitte,"Munich, Bavaria, Germany",2026-09-11,https://www.linkedin.com/jobs/view/4402095517 , ,li-4402095517,fulltime,,,,,,True,entry level,"Strategy/Planning, Finance, and Consulting",,career@deloitte.de,Business Consulting and Services,https://www.linkedin.com/company/deloitte,,,,,,,,,,,
linkedin,Consultant Quantitative Finance / Financial Engineering (m/w/d) in Frankfurt (Main),Deloitte,"Frankfurt, Hesse, Germany",2026-09-11,https://www.linkedin.com/jobs/view/4402092589 , ,li-4402092589,fulltime,,,,,,True,entry level,"Strategy/Planning, Finance, and Consulting",,career@deloitte.de,Business Consulting and Services,https://www.linkedin.com/company/deloitte,,,,,,,,,,,
linkedin,Referent Digitalisierung in der Landwirtschaft (m/w/d),Pfeifer & Langen GmbH & Co. KG,"Cologne, North Rhine-Westphalia, Germany",2026-09-11,https://www.linkedin.com/jobs/view/4445518021 , ,li-4445518021,fulltime,,,,,,False,associate,Other,,,Food Production,https://de.linkedin.com/company/pfeifer-langen,,,,,,,,,,,
linkedin,Expert Data Analyst (m/w/d),HSE - Home Shopping Europe GmbH,"Ismaning, Bavaria, Germany",2026-09-11,https://www.linkedin.com/jobs/view/4458371299 , ,li-4458371299,fulltime,,,,,,False,mid-senior level,Information Technology,,,Online and Mail Order Retail,https://de.linkedin.com/company/hse,,,,,,,,,,,
linkedin,Wissenschaftliche/r Mitarbeiterin / Mitarbeiter im Projekt BMDNow – Klinik für Radiologie und Nuklearmedizin,Universitätsmedizin Frankfurt,"Frankfurt, Hesse, Germany",2026-09-11,https://www.linkedin.com/jobs/view/4465847016 , ,li-4465847016,fulltime,,,,,,False,entry level,"Research, Analyst, and Information Technology",,gruenewald@med.uni,Hospitals and Health Care,https://de.linkedin.com/company/universit%C3%A4tsmedizin-frankfurt,,,,,,,,,,,
linkedin,Computational Metabolomics Scientist (LC-MS/QTOF),CMF - Center for Molecular Fingerprinting,"Garching, Bavaria, Germany",2026-09-11,https://www.linkedin.com/jobs/view/4466091033 , ,li-4466091033,fulltime,,,,,,False,associate,Science,,recruitment@cmf.hu,Research Services,https://hu.linkedin.com/company/cmf-centre-for-molecular-fingerprinting,,,,,,,,,,,
linkedin,"Senior Data Scientist, Buyer",Vinted,"Berlin, Berlin, Germany",2026-09-11,https://www.linkedin.com/jobs/view/4456753596 , ,li-4456753596,fulltime,,,,,,False,mid-senior level,Engineering and Information Technology,,,Software Development,https://lt.linkedin.com/company/vinted,,,,,,,,,,,
linkedin,"Member of Technical Staff (Machine Learning Engineer, Search)",Perplexity,"Berlin, Berlin, Germany",2026-09-11,https://www.linkedin.com/jobs/view/4322193528 , ,li-4322193528,fulltime,,,,,,False,mid-senior level,Engineering and Information Technology,,,Software Development,https://www.linkedin.com/company/perplexity-ai,,,,,,,,,,,
linkedin,"Staff ML Engineer, Product Recommendations (m/f/d)",Redcare Pharmacy,"Munich, Bavaria, Germany",2026-09-11,https://www.linkedin.com/jobs/view/4463966975 , ,li-4463966975,fulltime,,,,,,True,mid-senior level,Analyst,,,Software Development and IT Services and IT Consulting,https://nl.linkedin.com/company/redcare-pharmacy-com,,,,,,,,,,,
linkedin,Data Scientist (all genders),Finanztip,"Munich, Bavaria, Germany",2026-09-11,https://www.linkedin.com/jobs/view/4466334606 , ,li-4466334606,fulltime,,,,,,False,entry level,Engineering and Information Technology,,,Business Content,https://de.linkedin.com/company/finanztip,,,,,,,,,,,
linkedin,Mathematiker/-in Versicherungen (all genders),adesso SE,"Rostock, Mecklenburg-West Pomerania, Germany",2026-09-11,https://www.linkedin.com/jobs/view/4446789259 , ,li-4446789259,fulltime,,,,,,False,mid-senior level,"Research, Analyst, and Information Technology",,,IT Services and IT Consulting,https://de.linkedin.com/company/adesso-se,,,,,,,,,,,
linkedin,No-Code & AI Specialist (m/w/d),yoursquares GmbH,"Berlin, Germany",2026-09-11,https://www.linkedin.com/jobs/view/4464891031 , ,li-4464891031,fulltime,,,,,,False,entry level,Other,,,Real Estate,https://de.linkedin.com/company/yoursquares,,,,,,,,,,,
linkedin,(Senior) Data Scientist (all genders),flaconi,"Berlin, Berlin, Germany",2026-09-11,https://www.linkedin.com/jobs/view/4460324391 , ,li-4460324391,fulltime,,,,,,False,mid-senior level,Engineering and Information Technology,,jobs@flaconi.de,"Construction, Software Development, and IT Services and IT Consulting",https://de.linkedin.com/company/flaconi-gmbh,,,,,,,,,,,
linkedin,Senior Product Manager (m/f/d),Moss,"Berlin, Berlin, Germany",2026-09-11,https://www.linkedin.com/jobs/view/4445251098 , ,li-4445251098,fulltime,,,,,,False,mid-senior level,Product Management and Marketing,,,Financial Services,https://de.linkedin.com/company/moss-finance,,,,,,,,,,,
linkedin,Senior Product Manager (m/f/d) – Enterprise SaaS & AI,amasol,"Munich, Bavaria, Germany",2026-09-11,https://www.linkedin.com/jobs/view/4463983493 , ,li-4463983493,fulltime,,,,,,True,associate,Information Technology,,-team@amasol.com,Software Development,https://de.linkedin.com/company/amasol-gmbh,,,,,,,,,,,
linkedin,Team Lead AI Process Automation (m/f/d),DocuWare,"Germering, Bavaria, Germany",2026-09-11,https://www.linkedin.com/jobs/view/4466356230 , ,li-4466356230,fulltime,,,,,,False,mid-senior level,Quality Assurance,,,Software Development,https://de.linkedin.com/company/docuware-corporation,,,,,,,,,,,
linkedin,Senior Developer (f/m/d) - Industry AI Utilities (Metering) / St. Ingbert,SAP,"St. Ingbert, Saarland, Germany",2026-09-11,https://www.linkedin.com/jobs/view/4464894481 , ,li-4464894481,fulltime,,,,,,True,not applicable,Engineering and Information Technology,,Careers@sap.com,"Software Development, IT Services and IT Consulting, and Business Consulting and Services",https://de.linkedin.com/company/sap,,,,,,,,,,,
linkedin,AI Engineer (m/f/d) for Chat-to-CAD / CAD-Automation,CADAICO,"Stuttgart, Baden-Württemberg, Germany",2026-09-11,https://www.linkedin.com/jobs/view/4463959655 , ,li-4463959655,fulltime,,,,,,False,associate,Engineering,,,Software Development,https://de.linkedin.com/company/cadaico,,,,,,,,,,,
linkedin,(Senior) AI Product Engineer – Agentic Experience (all genders),Holidu,"Munich, Bavaria, Germany",2026-09-11,https://www.linkedin.com/jobs/view/4419967966 , ,li-4419967966,fulltime,,,,,,False,mid-senior level,Engineering and Information Technology,,,IT Services and IT Consulting,https://de.linkedin.com/company/holidu,,,,,,,,,,,
linkedin,Founding AI Engineer @handly - 20VC backed,handly,"Berlin, Berlin, Germany",2026-09-11,https://www.linkedin.com/jobs/view/4463996428 , ,li-4463996428,fulltime,,,,,,True,associate,Information Technology,,,IT Services and IT Consulting,https://de.linkedin.com/company/handly-platform,,,,,,,,,,,
linkedin,"Forward Deployed Engineer, Agentic Platform (UK/Europe)",Cohere,"Berlin, Berlin, Germany",2026-09-11,https://www.linkedin.com/jobs/view/4418824220 , ,li-4418824220,fulltime,,,,,,True,entry level,Engineering and Information Technology,,,Software Development,https://ca.linkedin.com/company/cohere-ai,,,,,,,,,,,
linkedin,Machine Learning Engineer,Understanding Recruitment,"Munich, Bavaria, Germany",2026-09-11,https://www.linkedin.com/jobs/view/4463964698 , ,li-4463964698,fulltime,,,,,,False,mid-senior level,Information Technology,,,Information Services,https://uk.linkedin.com/company/understanding-recruitment,,,,,,,,,,,
linkedin,"Staff ML Engineer, Product Recommendations (m/f/d)",Redcare Pharmacy,"Berlin, Berlin, Germany",2026-09-11,https://www.linkedin.com/jobs/view/4463965924 , ,li-4463965924,fulltime,,,,,,True,mid-senior level,Analyst,,,Software Development and IT Services and IT Consulting,https://nl.linkedin.com/company/redcare-pharmacy-com,,,,,,,,,,,
linkedin,Senior AI Engineer Germany,Infosys,"Frankfurt, Hesse, Germany",2026-09-11,https://www.linkedin.com/jobs/view/4434864943 , ,li-4434864943,fulltime,,,,,,False,mid-senior level,Engineering and Information Technology,,,IT Services and IT Consulting,https://in.linkedin.com/company/infosys,,,,,,,,,,,
linkedin,Software/AI Engineer,Product Pulse,"Munich, Bavaria, Germany",2026-09-10,https://www.linkedin.com/jobs/view/4464803608 , ,li-4464803608,fulltime,,,,,,True,mid-senior level,Information Technology,,,Retail,https://de.linkedin.com/company/product-pulse-consulting,,,,,,,,,,,
linkedin,AI Developer with Python for Customer Care AI Platform team (f/m/d),IONOS,"Berlin, Germany",2026-09-10,https://www.linkedin.com/jobs/view/4465805013 , ,li-4465805013,fulltime,,,,,,False,mid-senior level,Engineering and Information Technology,,,IT Services and IT Consulting,https://de.linkedin.com/company/ionos,,,,,,,,,,,
linkedin,AI Developer with Python for Customer Care AI Platform team (f/m/d),IONOS,"Karlsruhe, Baden-Württemberg, Germany",2026-09-10,https://www.linkedin.com/jobs/view/4463442344 , ,li-4463442344,fulltime,,,,,,False,entry level,Information Technology,,,IT Services and IT Consulting,https://de.linkedin.com/company/ionos,,,,,,,,,,,
linkedin,Senior AI Consultant Energiewirtschaft (all genders),adesso SE,"Berlin, Berlin, Germany",2026-09-10,https://www.linkedin.com/jobs/view/4446405051 , ,li-4446405051,fulltime,,,,,,False,mid-senior level,Management and Manufacturing,,,IT Services and IT Consulting,https://de.linkedin.com/company/adesso-se,,,,,,,,,,,
linkedin,"Senior Product Engineer (DevTools & AI reliability, remote)",Checkly,"Berlin, Berlin, Germany",2026-09-10,https://www.linkedin.com/jobs/view/4465682832 , ,li-4465682832,fulltime,,,,,,True,mid-senior level,Engineering and Information Technology,,,"Technology, Information and Internet",https://www.linkedin.com/company/checkly,,,,,,,,,,,
linkedin,AI Consumer Experience Manager,Sonova Group,"Hannover, Lower Saxony, Germany",2026-09-10,https://www.linkedin.com/jobs/view/4437823937 , ,li-4437823937,fulltime,,,,,,False,mid-senior level,Information Technology,,,Medical Equipment Manufacturing,https://ch.linkedin.com/company/sonovagroup,,,,,,,,,,,
linkedin,AIOps Lead,GCS,"Munich, Bavaria, Germany",2026-09-10,https://www.linkedin.com/jobs/view/4464199643 , ,li-4464199643,fulltime,,,,,,False,mid-senior level,"Product Management, Engineering, and Other",,,"Engineering Services, Software Development, and Manufacturing",https://uk.linkedin.com/company/gcs-recruitment-specialists,,,,,,,,,,,
linkedin,AI Engineer (m/f/d),Raisin,"Berlin, Germany",2026-09-10,https://www.linkedin.com/jobs/view/4463496815 , ,li-4463496815,fulltime,,,,,,False,mid-senior level,Engineering and Information Technology,,,Financial Services,https://de.linkedin.com/company/join-raisin,,,,,,,,,,,
linkedin,Management Berater:in - AI & Data / Tech Modernisation (m/w/d),AlixPartners,"Munich, Bavaria, Germany",2026-09-10,https://www.linkedin.com/jobs/view/4463433996 , ,li-4463433996,fulltime,,,,,,False,mid-senior level,Business Development and Sales,,,Business Consulting and Services,https://www.linkedin.com/company/alixpartners,,,,,,,,,,,
linkedin,AI Architect / Tech Lead,BE Consultancy Group,"Berlin, Germany",2026-09-10,https://www.linkedin.com/jobs/view/4464506406 , ,li-4464506406,fulltime,,,,,,False,mid-senior level,Information Technology and Consulting,,,"Outsourcing and Offshoring Consulting, IT Services and IT Consulting, and Staffing and Recruiting",https://es.linkedin.com/company/be-consultancy-group,,,,,,,,,,,
linkedin,Frontend Engineer - Agentic AI,CUBE,"Berlin, Berlin, Germany",2026-09-10,https://www.linkedin.com/jobs/view/4446432632 , ,li-4446432632,fulltime,,,,,,False,entry level,Engineering and Information Technology,,,"Technology, Information and Internet",https://uk.linkedin.com/company/cube-global,,,,,,,,,,,
linkedin,Staff Research Engineer (LLM Pre-Training),JetBrains,"Munich, Bavaria, Germany",2026-09-10,https://www.linkedin.com/jobs/view/4385773332 , ,li-4385773332,fulltime,,,,,,False,internship,Engineering and Information Technology,,,Software Development,https://nl.linkedin.com/company/jetbrains,,,,,,,,,,,
linkedin,Azure AI Engineer - Agentic Systems (all genders),adesso SE,"Ulm, Baden-Württemberg, Germany",2026-09-10,https://www.linkedin.com/jobs/view/4436806556 , ,li-4436806556,fulltime,,,,,,False,mid-senior level,Engineering and Information Technology,,,IT Services and IT Consulting,https://de.linkedin.com/company/adesso-se,,,,,,,,,,,
linkedin,Principal Researcher (f/m/d) - Foundation and World Models on Structured Business Data,SAP,"Garching, Bavaria, Germany",2026-09-10,https://www.linkedin.com/jobs/view/4377950785 , ,li-4377950785,fulltime,,,,,,False,not applicable,Education and Training,,Careers@sap.com,"Software Development, IT Services and IT Consulting, and Business Consulting and Services",https://de.linkedin.com/company/sap,,,,,,,,,,,
linkedin,Senior Software Engineer (Backend/LLM Infrastructure),Routine Labs,"Berlin, Berlin, Germany",2026-09-10,https://www.linkedin.com/jobs/view/4463909178 , ,li-4463909178,fulltime,,,,,,False,associate,Information Technology,,,Professional Services,https://de.linkedin.com/company/routine-labs,,,,,,,,,,,
linkedin,Senior AI Product Engineer,Cosuno,"Berlin, Berlin, Germany",2026-09-10,https://www.linkedin.com/jobs/view/4465884692 , ,li-4465884692,fulltime,,,,,,True,mid-senior level,Engineering and Information Technology,,,Construction,https://de.linkedin.com/company/cosuno,,,,,,,,,,,
linkedin,KI Beratung,Tensora GmbH,"Hamburg, Germany",2026-09-10,https://www.linkedin.com/jobs/view/4463009368 , ,li-4463009368,fulltime,,,,,,False,mid-senior level,Finance and Sales,,,"IT Services and IT Consulting, Business Consulting and Services, and Software Development",https://de.linkedin.com/company/tensora,,,,,,,,,,,
linkedin,"Senior Forward Deployed Industry Consultant, Pharma - Bayer",SAS,"Berlin, Germany",2026-09-10,https://www.linkedin.com/jobs/view/4465862823 , ,li-4465862823,fulltime,,,,,,False,mid-senior level,"Consulting, Information Technology, and Sales",,Recruitingsupport@sas.com,Software Development,https://www.linkedin.com/company/sas,,,,,,,,,,,
linkedin,Junior Consultant (all genders) AI & MLOps Engineering,valantic,"Munich, Bavaria, Germany",2026-09-10,https://www.linkedin.com/jobs/view/4463494114 , ,li-4463494114,fulltime,,,,,,False,entry level,"Consulting, Information Technology, and Sales",,,Business Consulting and Services,https://de.linkedin.com/company/valantic,,,,,,,,,,,
linkedin,Senior Consultant / (Senior) Manager Industrial AI Lab & Industry Data Strategy (w/m/d),Capgemini Invent,"Stuttgart, Baden-Württemberg, Germany",2026-09-10,https://www.linkedin.com/jobs/view/4463038456 , ,li-4463038456,fulltime,,,,,,False,mid-senior level,Business Development and Sales,,seda.nau@capgemini.com,Business Consulting and Services,https://fr.linkedin.com/company/capgemini-invent,,,,,,,,,,,
linkedin,"Consultant für Microsoft Fabric, Azure & AI (m/f/d)",Instaffo,"Berlin, Berlin, Germany",2026-09-10,https://www.linkedin.com/jobs/view/4358453557 , ,li-4358453557,fulltime,,,,,,False,mid-senior level,Consulting and Management,,,Staffing and Recruiting,https://de.linkedin.com/company/instaffo-gmbh,,,,,,,,,,,
linkedin,(Junior) Consultant Process Intelligence (w/m/d),KPMG Deutschland,"Frankfurt, Hesse, Germany",2026-09-10,https://www.linkedin.com/jobs/view/4464569445 , ,li-4464569445,fulltime,,,,,,False,entry level,"Consulting, Information Technology, and Sales",,,Business Consulting and Services,https://de.linkedin.com/company/kpmg-deutschland,,,,,,,,,,,
linkedin,(Junior) Consultant Process Intelligence (w/m/d),KPMG Deutschland,"Cologne, North Rhine-Westphalia, Germany",2026-09-10,https://www.linkedin.com/jobs/view/4464562472 , ,li-4464562472,fulltime,,,,,,False,entry level,"Consulting, Information Technology, and Sales",,,Business Consulting and Services,https://de.linkedin.com/company/kpmg-deutschland,,,,,,,,,,,
linkedin,Commercial & Analytics Projects - Mid-Level (m/w/d),Picnic Technologies,"Düsseldorf, North Rhine-Westphalia, Germany",2026-09-10,https://www.linkedin.com/jobs/view/4288467576 , ,li-4288467576,fulltime,,,,,,False,mid-senior level,"Research, Analyst, and Information Technology",,,Retail,https://nl.linkedin.com/company/picnictechnologies,,,,,,,,,,,
linkedin,AI Solution Engineer for our Portfolio Company SITECO,Stern Stewart & Co.,"Munich, Bavaria, Germany",2026-09-10,https://www.linkedin.com/jobs/view/4464518989 , ,li-4464518989,fulltime,,,,,,False,entry level,Strategy/Planning and Consulting,,,Business Consulting and Services and Strategic Management Services,https://de.linkedin.com/company/stern-stewart-&-co.,,,,,,,,,,,
linkedin,Business Development Analyst (all gender),TUI Cruises,"Hamburg, Hamburg, Germany",2026-09-10,https://www.linkedin.com/jobs/view/4465644518 , ,li-4465644518,fulltime,,,,,,False,mid-senior level,Business Development and Sales,,hr@tuicruises.com,Maritime,https://de.linkedin.com/company/tui-cruises-gmbh,,,,,,,,,,,
linkedin,Senior AI/LLM Engineer (Python) - Remote,Kake,"Berlin, Germany",2026-09-10,https://www.linkedin.com/jobs/view/4463479690 , ,li-4463479690,contract,,,,,,True,mid-senior level,Information Technology,,,"IT Services and IT Consulting, Engineering Services, and IT System Custom Software Development",https://www.linkedin.com/company/kake,,,,,,,,,,,
linkedin,Applied Machine Learning Engineer,Cohere,"Berlin, Berlin, Germany",2026-09-10,https://www.linkedin.com/jobs/view/4455429359 , ,li-4455429359,fulltime,,,,,,True,mid-senior level,Engineering and Information Technology,,,Software Development,https://ca.linkedin.com/company/cohere-ai,,,,,,,,,,,
linkedin,Machine Learning Engineer / ML Engineer - Roleplay Sessions,Jobgether,,2026-09-10,https://www.linkedin.com/jobs/view/4464579044 , ,li-4464579044,fulltime,,,,,,True,mid-senior level,Engineering and Information Technology,,,Internet Marketplace Platforms,https://be.linkedin.com/company/jobgether,,,,,,,,,,,
linkedin,Senior Consultant / (Senior) Manager Industrial AI Lab & Industry Data Strategy (w/m/d),Capgemini Invent,"Berlin, Berlin, Germany",2026-09-10,https://www.linkedin.com/jobs/view/4463044389 , ,li-4463044389,fulltime,,,,,,False,mid-senior level,Business Development and Sales,,seda.nau@capgemini.com,Business Consulting and Services,https://fr.linkedin.com/company/capgemini-invent,,,,,,,,,,,
linkedin,Principal Machine Learning Scientist (alle Gechlechter),Bayer,"Berlin, Berlin, Germany",2026-09-10,https://www.linkedin.com/jobs/view/4443242307 , ,li-4443242307,fulltime,,,,,,False,mid-senior level,Other,,,"Chemical Manufacturing, Pharmaceutical Manufacturing, and Biotechnology Research",https://de.linkedin.com/company/bayer,,,,,,,,,,,
linkedin,"Senior Data Scientist – Python, ML & Signal-Processing (Berlin)",DATATRONiQ,"Berlin, Berlin, Germany",2026-09-10,https://www.linkedin.com/jobs/view/4463423565 , ,li-4463423565,fulltime,,,,,,False,mid-senior level,Engineering and Information Technology,,work@datatroniq.com,IT Services and IT Consulting,https://de.linkedin.com/company/datatroniq,,,,,,,,,,,
linkedin,AI Developer with Python for Customer Care AI Platform team (f/m/d),IONOS,"Berlin, Berlin, Germany",2026-09-10,https://www.linkedin.com/jobs/view/4463445144 , ,li-4463445144,fulltime,,,,,,False,entry level,Information Technology,,,IT Services and IT Consulting,https://de.linkedin.com/company/ionos,,,,,,,,,,,
linkedin,Principal Machine Learning Scientist (all genders),Bayer,"Berlin, Berlin, Germany",2026-09-10,https://www.linkedin.com/jobs/view/4443241345 , ,li-4443241345,fulltime,,,,,,False,mid-senior level,Other,,,"Chemical Manufacturing, Pharmaceutical Manufacturing, and Biotechnology Research",https://de.linkedin.com/company/bayer,,,,,,,,,,,
linkedin,"Engineering Manager, Machine Learning and Data Science",sennder,"Berlin, Berlin, Germany",2026-09-10,https://www.linkedin.com/jobs/view/4465356856 , ,li-4465356856,fulltime,,,,,,False,mid-senior level,Engineering and Information Technology,,,Truck Transportation,https://de.linkedin.com/company/sennder,,,,,,,,,,,
linkedin,Senior Data Scientist (gn) with Spanish language skills - Focus on AI Engineering,ControlExpert GmbH,"Langenfeld, North Rhine-Westphalia, Germany",2026-09-10,https://www.linkedin.com/jobs/view/4463468326 , ,li-4463468326,fulltime,,,,,,True,mid-senior level,Engineering,,karriere@controlexpert.com,Software Development,https://de.linkedin.com/company/control%E2%82%ACxpert-gmbh,,,,,,,,,,,
linkedin,AI Engineer - Data,Almedia,"Berlin, Germany",2026-09-10,https://www.linkedin.com/jobs/view/4465658359 , ,li-4465658359,fulltime,,,,,,False,entry level,Engineering and Information Technology,,,Advertising Services,https://de.linkedin.com/company/almediaco,,,,,,,,,,,
linkedin,Azure AI Engineer - Agentic Systems (all genders),adesso SE,"Aachen, North Rhine-Westphalia, Germany",2026-09-10,https://www.linkedin.com/jobs/view/4436817195 , ,li-4436817195,fulltime,,,,,,False,mid-senior level,Engineering and Information Technology,,,IT Services and IT Consulting,https://de.linkedin.com/company/adesso-se,,,,,,,,,,,
linkedin,Research Engineer (Agentic Models),JetBrains,"Munich, Bavaria, Germany",2026-09-10,https://www.linkedin.com/jobs/view/4353615246 , ,li-4353615246,fulltime,,,,,,False,mid-senior level,Engineering and Information Technology,,,Software Development,https://nl.linkedin.com/company/jetbrains,,,,,,,,,,,
linkedin,Senior Data Engineer - Flexibility (all genders),gridX,"Aachen, North Rhine-Westphalia, Germany",2026-09-10,https://www.linkedin.com/jobs/view/4428873242 , ,li-4428873242,fulltime,,,,,,True,mid-senior level,Information Technology,,,"Technology, Information and Internet",https://de.linkedin.com/company/gridx,,,,,,,,,,,
linkedin,Senior Data Engineer - Flexibility (all genders),gridX,,2026-09-10,https://www.linkedin.com/jobs/view/4428863326 , ,li-4428863326,fulltime,,,,,,True,mid-senior level,Information Technology,,,"Technology, Information and Internet",https://de.linkedin.com/company/gridx,,,,,,,,,,,
linkedin,Senior AI Consultant Energiewirtschaft (all genders),adesso SE,"Ulm, Baden-Württemberg, Germany",2026-09-10,https://www.linkedin.com/jobs/view/4446406048 , ,li-4446406048,fulltime,,,,,,False,mid-senior level,Management and Manufacturing,,,IT Services and IT Consulting,https://de.linkedin.com/company/adesso-se,,,,,,,,,,,
linkedin,Sr. Forward Deployed Engineer - FDE (Fullstack),Databricks,"Munich, Bavaria, Germany",2026-09-10,https://www.linkedin.com/jobs/view/4444122397 , ,li-4444122397,fulltime,,,,,,False,mid-senior level,Engineering and Information Technology,,,Software Development,https://www.linkedin.com/company/databricks,,,,,,,,,,,
linkedin,AI Engineer (m/w/d) - Implementation & Consulting,Feldion,"Frankfurt, Hesse, Germany",2026-09-10,https://www.linkedin.com/jobs/view/4464523840 , ,li-4464523840,fulltime,,,,,,False,associate,Information Technology,,,Software Development,https://de.linkedin.com/company/feldion,,,,,,,,,,,
linkedin,AI Research Engineer - ML & Signal Processing,Helsing,"Munich, Bavaria, Germany",2026-09-10,https://www.linkedin.com/jobs/view/4316266734 , ,li-4316266734,fulltime,,,,,,True,mid-senior level,Engineering and Information Technology,,,Software Development,https://de.linkedin.com/company/helsing,,,,,,,,,,,
linkedin,Market & Business Intelligence Lead DACH (m/w/d),Grünenthal Group,"Stolberg (Rhld.), North Rhine-Westphalia, Germany",2026-09-10,https://www.linkedin.com/jobs/view/4442649144 , ,li-4442649144,fulltime,,,,,,False,mid-senior level,"Sales, Advertising, and Marketing",,,"Pharmaceutical Manufacturing, Hospitals and Health Care, and Biotechnology Research",https://de.linkedin.com/company/gruenenthal,,,,,,,,,,,
linkedin,Market & Business Intelligence Lead DACH (m/w/d),Grünenthal Group,"Stolberg, North Rhine-Westphalia, Germany",2026-09-10,https://www.linkedin.com/jobs/view/4443376652 , ,li-4443376652,fulltime,,,,,,False,mid-senior level,"Sales, Advertising, and Marketing",,,"Pharmaceutical Manufacturing, Hospitals and Health Care, and Biotechnology Research",https://de.linkedin.com/company/gruenenthal,,,,,,,,,,,
linkedin,(Senior) Researcher (f/m/d) - Foundation and World Models on Structured Business Data,SAP,"Garching, Bavaria, Germany",2026-09-10,https://www.linkedin.com/jobs/view/4428475477 , ,li-4428475477,fulltime,,,,,,False,not applicable,"General Business, Management, and Business Development",,Careers@sap.com,"Software Development, IT Services and IT Consulting, and Business Consulting and Services",https://de.linkedin.com/company/sap,,,,,,,,,,,
linkedin,Senior AI Consultant Energiewirtschaft (all genders),adesso SE,"Kiel, Schleswig-Holstein, Germany",2026-09-10,https://www.linkedin.com/jobs/view/4446418030 , ,li-4446418030,fulltime,,,,,,False,mid-senior level,Management and Manufacturing,,,IT Services and IT Consulting,https://de.linkedin.com/company/adesso-se,,,,,,,,,,,
linkedin,Senior Data Scientist/ML Engineer - Financial Crime,SumUp,"Berlin, Berlin, Germany",2026-09-10,https://www.linkedin.com/jobs/view/4453861201 , ,li-4453861201,fulltime,,,,,,False,mid-senior level,Engineering and Information Technology,,,Financial Services,https://uk.linkedin.com/company/sumup,,,,,,,,,,,
linkedin,Data Scientist - AI Search & Ranking,trivago,"Düsseldorf, North Rhine-Westphalia, Germany",2026-09-10,https://www.linkedin.com/jobs/view/4451695166 , ,li-4451695166,fulltime,,,,,,False,associate,Information Technology,,,"Technology, Information and Internet",https://de.linkedin.com/company/trivagonv,,,,,,,,,,,
linkedin,Senior Machine Learning Engineer (all genders) - Babbel Labs,Babbel,"Berlin, Berlin, Germany",2026-09-10,https://www.linkedin.com/jobs/view/4464523478 , ,li-4464523478,fulltime,,,,,,True,mid-senior level,Engineering and Information Technology,,,E-Learning Providers,https://de.linkedin.com/company/babbel-com,,,,,,,,,,,
linkedin,Senior Applied Scientist (all genders),Zalando,"Berlin, Berlin, Germany",2026-09-10,https://www.linkedin.com/jobs/view/4463473388 , ,li-4463473388,fulltime,,,,,,False,mid-senior level,"Research, Analyst, and Information Technology",,,Retail,https://de.linkedin.com/company/zalando,,,,,,,,,,,
linkedin,Senior Principal Applied Scientist - Ranking and Recommendations (all genders),Zalando,"Berlin, Berlin, Germany",2026-09-10,https://www.linkedin.com/jobs/view/4463483395 , ,li-4463483395,fulltime,,,,,,False,mid-senior level,"Research, Analyst, and Information Technology",,,Retail,https://de.linkedin.com/company/zalando,,,,,,,,,,,
linkedin,Senior AI Consultant Energiewirtschaft (all genders),adesso SE,"Dresden, Saxony, Germany",2026-09-10,https://www.linkedin.com/jobs/view/4446406043 , ,li-4446406043,fulltime,,,,,,False,mid-senior level,Management and Manufacturing,,,IT Services and IT Consulting,https://de.linkedin.com/company/adesso-se,,,,,,,,,,,
linkedin,Sales Performance & Commercial Insights Manager (gn),Oerlikon,"Garching, Bavaria, Germany",2026-09-10,https://www.linkedin.com/jobs/view/4450246976 , ,li-4450246976,fulltime,,,,,,False,mid-senior level,"Research, Analyst, and Information Technology",,johanna.meuser@oerlikon.com,Industrial Machinery Manufacturing,https://ch.linkedin.com/company/oerlikon,,,,,,,,,,,
linkedin,RevOrg Data Analytics Manager / Lead Data Analyst,ATOSS Software SE,"Munich, Bavaria, Germany",2026-09-10,https://www.linkedin.com/jobs/view/4427752904 , ,li-4427752904,fulltime,,,,,,True,mid-senior level,"Research, Analyst, and Information Technology",,,Software Development,https://de.linkedin.com/company/atoss-software,,,,,,,,,,,
linkedin,LEAD AI ENGINEER (M/F/D),Kyvera,"Cologne, North Rhine-Westphalia, Germany",2026-09-10,https://www.linkedin.com/jobs/view/4465672224 , ,li-4465672224,fulltime,,,,,,False,mid-senior level,Engineering and Information Technology,,,Data Infrastructure and Analytics,https://de.linkedin.com/company/kyverahq,,,,,,,,,,,
linkedin,Head of - Product & Engineering Analytics (d/f/m),Personio,"Munich, Bavaria, Germany",2026-09-10,https://www.linkedin.com/jobs/view/4453468163 , ,li-4453468163,fulltime,,,,,,True,mid-senior level,Product Management and Marketing,,,Software Development,https://de.linkedin.com/company/personio,,,,,,,,,,,
linkedin,Staff Data Analyst (m/f/d),Redcare Pharmacy,"Cologne, North Rhine-Westphalia, Germany",2026-09-10,https://www.linkedin.com/jobs/view/4444127103 , ,li-4444127103,fulltime,,,,,,True,mid-senior level,"Production, Distribution, and Engineering",,,Software Development and IT Services and IT Consulting,https://nl.linkedin.com/company/redcare-pharmacy-com,,,,,,,,,,,
linkedin,Data Scientist (f/m/d),thinkcell,"Berlin, Germany",2026-09-09,https://www.linkedin.com/jobs/view/4464118834 , ,li-4464118834,fulltime,,,,,,False,mid-senior level,Engineering and Information Technology,,,Software Development,https://de.linkedin.com/company/think-cell,,,,,,,,,,,
linkedin,(Senior) AI Engineer Financial Services / Banking & Capital Markets (m/w/d) in Hamburg,Deloitte,"Hamburg, Hamburg, Germany",2026-09-09,https://www.linkedin.com/jobs/view/4465308759 , ,li-4465308759,fulltime,,,,,,True,associate,"Consulting, Finance, and Business Development",,career@deloitte.de,Business Consulting and Services,https://www.linkedin.com/company/deloitte,,,,,,,,,,,
linkedin,(Senior) AI Engineer Financial Services / Banking & Capital Markets (m/w/d) in Stuttgart,Deloitte,"Stuttgart, Baden-Württemberg, Germany",2026-09-09,https://www.linkedin.com/jobs/view/4465308760 , ,li-4465308760,fulltime,,,,,,True,associate,"Consulting, Finance, and Business Development",,career@deloitte.de,Business Consulting and Services,https://www.linkedin.com/company/deloitte,,,,,,,,,,,
linkedin,(Senior) AI Engineer Financial Services / Banking & Capital Markets (m/w/d) in München,Deloitte,"Munich, Bavaria, Germany",2026-09-09,https://www.linkedin.com/jobs/view/4465318691 , ,li-4465318691,fulltime,,,,,,True,associate,"Consulting, Finance, and Business Development",,career@deloitte.de,Business Consulting and Services,https://www.linkedin.com/company/deloitte,,,,,,,,,,,
linkedin,Senior Fullstack Engineer (LLMs & AI Agents),Tappz GmbH,"Munich, Bavaria, Germany",2026-09-09,https://www.linkedin.com/jobs/view/4464123988 , ,li-4464123988,fulltime,,,,,,True,associate,Engineering,,,Software Development,https://de.linkedin.com/company/tappz-gmbh,,,,,,,,,,,
linkedin,"Expert Senior Manager, AI Engineering",Bain & Company,"Munich, Bavaria, Germany",2026-09-09,https://www.linkedin.com/jobs/view/4423014081 , ,li-4423014081,fulltime,,,,,,False,not applicable,Engineering,,,Business Consulting and Services,https://www.linkedin.com/company/bain-and-company,,,,,,,,,,,
linkedin,(Senior) AI Engineer Financial Services / Banking & Capital Markets (m/w/d) in Frankfurt (Main),Deloitte,"Frankfurt, Hesse, Germany",2026-09-09,https://www.linkedin.com/jobs/view/4465306765 , ,li-4465306765,fulltime,,,,,,True,associate,"Consulting, Finance, and Business Development",,career@deloitte.de,Business Consulting and Services,https://www.linkedin.com/company/deloitte,,,,,,,,,,,
linkedin,(Senior) AI Engineer Financial Services / Banking & Capital Markets (m/w/d) in Nürnberg,Deloitte,"Nuremberg, Bavaria, Germany",2026-09-09,https://www.linkedin.com/jobs/view/4465308758 , ,li-4465308758,fulltime,,,,,,True,associate,"Consulting, Finance, and Business Development",,career@deloitte.de,Business Consulting and Services,https://www.linkedin.com/company/deloitte,,,,,,,,,,,
linkedin,Senior ML Engineer,Wave Group,"Berlin, Germany",,https://www.linkedin.com/jobs/view/4465954882 , ,li-4465954882,fulltime,,,,,,True,mid-senior level,Information Technology,,,"Internet Marketplace Platforms, Software Development, and IT System Custom Software Development",https://uk.linkedin.com/company/wavegroupio,,,,,,,,,,,
linkedin,AI Engineer,Jobgether,,,https://www.linkedin.com/jobs/view/4466841129 , ,li-4466841129,fulltime,,,,,,True,mid-senior level,Engineering and Information Technology,,,Internet Marketplace Platforms,https://be.linkedin.com/company/jobgether,,,,,,,,,,,
linkedin,AI/ML Engineer,DocuSketch,,,https://www.linkedin.com/jobs/view/4454969231 , ,li-4454969231,fulltime,,,,,,True,mid-senior level,Engineering,,,Software Development,https://www.linkedin.com/company/docusketch,,,,,,,,,,,
linkedin,AI and Computer Vision Engineer,The Exploration Company,"Munich, Bavaria, Germany",,https://www.linkedin.com/jobs/view/4466597001 , ,li-4466597001,fulltime,,,,,,False,mid-senior level,Engineering and Information Technology,,,Aviation and Aerospace Component Manufacturing,https://de.linkedin.com/company/exploration-company,,,,,,,,,,,
linkedin,"(Junior) AI Engineer (m/w/d) mit Schwerpunkt Generative AI, Daten und Automatisierung",Privatmolkerei Bauer GmbH & Co KG,"Wasserburg am Inn, Bavaria, Germany",,https://www.linkedin.com/jobs/view/4468243338 , ,li-4468243338,fulltime,,,,,,False,entry level,Engineering and Information Technology,,,Food and Beverage Manufacturing,https://de.linkedin.com/company/privatmolkereibauer,,,,,,,,,,,
linkedin,Senior Edge AI & Robotics Engineer (f-m-d),Aptiv,"Wuppertal, North Rhine-Westphalia, Germany",,https://www.linkedin.com/jobs/view/4459045108 , ,li-4459045108,fulltime,,,,,,False,not applicable,Engineering and Information Technology,,,Automation Machinery Manufacturing,https://ch.linkedin.com/company/aptiv,,,,,,,,,,,
linkedin,Senior Applied Value Engineer,Celonis,"Munich, Bavaria, Germany",,https://www.linkedin.com/jobs/view/4465985297 , ,li-4465985297,fulltime,,,,,,True,not applicable,"Consulting, Sales, and Analyst",,,Software Development,https://www.linkedin.com/company/celonis,,,,,,,,,,,
linkedin,Senior Agentic AI Engineer,CUBE,"Berlin, Berlin, Germany",,https://www.linkedin.com/jobs/view/4457904613 , ,li-4457904613,fulltime,,,,,,False,mid-senior level,Engineering and Information Technology,,,"Technology, Information and Internet",https://uk.linkedin.com/company/cube-global,,,,,,,,,,,
linkedin,Tencent Cloud – AI & LLM Solution Architect,Tencent,"Frankfurt, Hesse, Germany",,https://www.linkedin.com/jobs/view/4464349064 , ,li-4464349064,fulltime,,,,,,False,entry level,"Sales, Consulting, and Information Technology",,,Software Development,https://cn.linkedin.com/company/tencentglobal,,,,,,,,,,,
linkedin,Data Scientist (w/m/d) - AI & Automation,Fielmann Group,"Hamburg, Hamburg, Germany",,https://www.linkedin.com/jobs/view/4446231838 , ,li-4446231838,fulltime,,,,,,True,mid-senior level,Engineering and Information Technology,,,Retail,https://de.linkedin.com/company/fielmann-group-ag,,,,,,,,,,,
linkedin,Founding Engineer,Logistica OS,"Berlin, Berlin, Germany",,https://www.linkedin.com/jobs/view/4466204424 , ,li-4466204424,fulltime,,,,,,True,associate,Engineering,,,IT Services and IT Consulting,https://de.linkedin.com/company/logistica-os,,,,,,,,,,,
linkedin,Platform & Data Engineering Director,Visium,"Munich, Bavaria, Germany",,https://www.linkedin.com/jobs/view/4468231542 , ,li-4468231542,fulltime,,,,,,False,director,Other,,,IT Services and IT Consulting,https://ch.linkedin.com/company/visium-sa,,,,,,,,,,,
linkedin,Backend Engineer - Agentic AI (m/w/d),getpress,"Berlin, Berlin, Germany",,https://www.linkedin.com/jobs/view/4466577354 , ,li-4466577354,fulltime,,,,,,True,mid-senior level,Engineering and Information Technology,,,Public Relations and Communications Services,https://de.linkedin.com/company/getpress,,,,,,,,,,,
linkedin,Head of Analytics and Data Science (f/m/d),Zenjob,"Berlin, Germany",,https://www.linkedin.com/jobs/view/4465905842 , ,li-4465905842,fulltime,,,,,,True,director,"Analyst, Management, and Strategy/Planning",,,"Staffing and Recruiting, Internet Marketplace Platforms, and Software Development",https://de.linkedin.com/company/zenjob,,,,,,,,,,,
linkedin,Senior AI/ML Engineer (F/M/D),Animore,"Munich, Bavaria, Germany",,https://www.linkedin.com/jobs/view/4462820779 , ,li-4462820779,fulltime,,,,,,False,mid-senior level,Engineering,,,IT Services and IT Consulting,https://www.linkedin.com/company/animore-ai,,,,,,,,,,,
linkedin,Senior Generative AI Engineer,IQVIA,"Frankfurt am Main, Hesse, Germany",,https://www.linkedin.com/jobs/view/4466861391 , ,li-4466861391,fulltime,,,,,,False,mid-senior level,Engineering and Information Technology,,,Hospitals and Health Care,https://www.linkedin.com/company/iqvia,,,,,,,,,,,
linkedin,"Senior Applied AI Engineer, AI Platform (f/m/d)",bunch,"Berlin, Berlin, Germany",,https://www.linkedin.com/jobs/view/4468227474 , ,li-4468227474,fulltime,,,,,,True,mid-senior level,Engineering and Information Technology,,Recruiting@bunch.capital,Financial Services,https://de.linkedin.com/company/bunchcapital,,,,,,,,,,,
linkedin,Senior AI Engineer (w/m/d),Eraneos,,,https://www.linkedin.com/jobs/view/4448028473 , ,li-4448028473,fulltime,,,,,,False,mid-senior level,Engineering and Information Technology,,paulina.krzeminski@eraneos.com,Business Consulting and Services,https://ch.linkedin.com/company/eraneos,,,,,,,,,,,
linkedin,Lead AI Egineer,AI Futures,"Berlin, Germany",,https://www.linkedin.com/jobs/view/4466222154 , ,li-4466222154,fulltime,,,,,,False,mid-senior level,Engineering and Product Management,,,Artificial Intelligence and Software Development,https://uk.linkedin.com/company/aifuturesgroup,,,,,,,,,,,
linkedin,Agentic AI Software Engineer,Machine Learning Reply GmbH,"Berlin, Berlin, Germany",,https://www.linkedin.com/jobs/view/4467979173 , ,li-4467979173,fulltime,,,,,,True,entry level,Consulting,,,Business Consulting and Services,https://de.linkedin.com/company/machine-learning-reply-de,,,,,,,,,,,
linkedin,Senior Software Engineer - Agent Safety / Evals - AI Foundations,Kraken,,,https://www.linkedin.com/jobs/view/4457601406 , ,li-4457601406,fulltime,,,,,,False,mid-senior level,Engineering and Information Technology,,inclusion@kraken.tech,"Technology, Information and Internet",https://uk.linkedin.com/company/krakentech,,,,,,,,,,,
linkedin,Data Scientist / Senior Data Scientist (m/f/d) – Machine Learning & AI,ZABEL,"Munich, Bavaria, Germany",,https://www.linkedin.com/jobs/view/4468269301 , ,li-4468269301,fulltime,,,,,,False,mid-senior level,Information Technology,,v.best@zabelglobal.com,"Hospitality, Online and Mail Order Retail, and Technology, Information and Media",https://de.linkedin.com/company/zabelconsulting,,,,,,,,,,,
linkedin,Consultant GenAI & Agentic AI | Insurance (m/w/d) in Nürnberg,Deloitte,"Nuremberg, Bavaria, Germany",,https://www.linkedin.com/jobs/view/4467933925 , ,li-4467933925,fulltime,,,,,,True,entry level,"Consulting, Information Technology, and Sales",,career@deloitte.de,Business Consulting and Services,https://www.linkedin.com/company/deloitte,,,,,,,,,,,
linkedin,AI ENGINEER (m/f/d),OBERMEYER Group,"Munich, Bavaria, Germany",,https://www.linkedin.com/jobs/view/4466854483 , ,li-4466854483,fulltime,,,,,,False,associate,Information Technology,,,"Construction, Architecture and Planning, and Engineering Services",https://de.linkedin.com/company/obermeyer-group,,,,,,,,,,,
linkedin,"Senior Product Specialist, Agentic AI - Retail (f/m/d)",SAP,"Garching, Bavaria, Germany",,https://www.linkedin.com/jobs/view/4466842348 , ,li-4466842348,fulltime,,,,,,False,not applicable,Sales and Business Development,,Careers@sap.com,"Software Development, IT Services and IT Consulting, and Business Consulting and Services",https://de.linkedin.com/company/sap,,,,,,,,,,,
linkedin,Senior / Principal Full Stack AI Engineer (m/w/d),Instaffo,"Bochum, North Rhine-Westphalia, Germany",,https://www.linkedin.com/jobs/view/4468222930 , ,li-4468222930,fulltime,,,,,,False,mid-senior level,Information Technology and Engineering,,,Staffing and Recruiting,https://de.linkedin.com/company/instaffo-gmbh,,,,,,,,,,,
linkedin,Microsoft Copilot Studio und AI Solutions Consultant (m/w/d),Skaylink,"Munich, Bavaria, Germany",,https://www.linkedin.com/jobs/view/4466830596 , ,li-4466830596,fulltime,,,,,,False,entry level,"Consulting, Information Technology, and Sales",,,IT Services and IT Consulting,https://de.linkedin.com/company/skaylink,,,,,,,,,,,
linkedin,Forward Deployed Engineer — Agentforce Orchestration,Salesforce,"Munich, Bavaria, Germany",,https://www.linkedin.com/jobs/view/4458769016 , ,li-4458769016,fulltime,,,,,,False,not applicable,Engineering and Information Technology,,,"Software Development, IT Services and IT Consulting, and Technology, Information and Internet",https://www.linkedin.com/company/salesforce,,,,,,,,,,,
linkedin,AI Manager – Enterprise Applications (all genders),Roland Berger,"Berlin, Berlin, Germany",,https://www.linkedin.com/jobs/view/4465931648 , ,li-4465931648,parttime,,,,,,False,mid-senior level,Other,,,Business Consulting and Services,https://de.linkedin.com/company/rolandberger,,,,,,,,,,,
linkedin,AI Forward Deployed Engineer - Germany,Databricks,"Munich, Bavaria, Germany",,https://www.linkedin.com/jobs/view/4465993694 , ,li-4465993694,fulltime,,,,,,True,mid-senior level,Engineering and Information Technology,,,Software Development,https://www.linkedin.com/company/databricks,,,,,,,,,,,
linkedin,AI Content Engineer,Soda,"Berlin, Berlin, Germany",,https://www.linkedin.com/jobs/view/4465921655 , ,li-4465921655,fulltime,,,,,,True,mid-senior level,Other,,,IT Services and IT Consulting,https://be.linkedin.com/company/sodadata,,,,,,,,,,,
linkedin,Backend Software Engineer - AI Systems (m/w/d),HAIAR GmbH,,,https://www.linkedin.com/jobs/view/4465993733 , ,li-4465993733,fulltime,,,,,,True,mid-senior level,Information Technology,,,IT Services and IT Consulting,https://de.linkedin.com/company/haiar,,,,,,,,,,,
linkedin,Senior Consultant GenAI & Agentic AI | Insurance (m/w/d) in Mannheim,Deloitte,"Mannheim, Baden-Württemberg, Germany",,https://www.linkedin.com/jobs/view/4467947000 , ,li-4467947000,fulltime,,,,,,True,associate,"Consulting, Information Technology, and Sales",,career@deloitte.de,Business Consulting and Services,https://www.linkedin.com/company/deloitte,,,,,,,,,,,
linkedin,Python Engineer (AI/ ML),Doghouse Recruitment,,,https://www.linkedin.com/jobs/view/4450307479 , ,li-4450307479,fulltime,,,,,,True,mid-senior level,Supply Chain,,,Software Development,https://nl.linkedin.com/company/doghouse-recruitment,,,,,,,,,,,
linkedin,Product Manager Agentic AI (m/w/d),Amprion GmbH,"Dortmund, North Rhine-Westphalia, Germany",,https://www.linkedin.com/jobs/view/4458025355 , ,li-4458025355,fulltime,,,,,,False,mid-senior level,Product Management and Marketing,,,Utilities,https://de.linkedin.com/company/amprion-gmbh,,,,,,,,,,,
linkedin,AI Platform Engineer (m/f/d),Instaffo,"Hamburg, Hamburg, Germany",,https://www.linkedin.com/jobs/view/4458780037 , ,li-4458780037,fulltime,,,,,,False,mid-senior level,Analyst and Information Technology,,,Staffing and Recruiting,https://de.linkedin.com/company/instaffo-gmbh,,,,,,,,,,,
linkedin,Knowledge Engineer,Fusion Consulting,"Stuttgart, Baden-Württemberg, Germany",,https://www.linkedin.com/jobs/view/4467089176 , ,li-4467089176,fulltime,,,,,,False,mid-senior level,Information Technology,,,Pharmaceutical Manufacturing,https://ch.linkedin.com/company/fusionconsultingag,,,,,,,,,,,
linkedin,Product Owner – AI Forge Platform (f/m/d),Siemens Energy,"Erlangen, Bavaria, Germany",,https://www.linkedin.com/jobs/view/4466851578 , ,li-4466851578,fulltime,,,,,,False,mid-senior level,Supply Chain,,,"Appliances, Electrical, and Electronics Manufacturing",https://www.linkedin.com/company/siemens-energy,,,,,,,,,,,
linkedin,Product Owner – AI Forge Platform (f/m/d),Siemens Energy,"Berlin, Berlin, Germany",,https://www.linkedin.com/jobs/view/4466848571 , ,li-4466848571,fulltime,,,,,,False,mid-senior level,Supply Chain,,,"Appliances, Electrical, and Electronics Manufacturing",https://www.linkedin.com/company/siemens-energy,,,,,,,,,,,
linkedin,"Assistant to the CRO - Germany, Munich",Neural Concept,"Bavaria, Germany",,https://www.linkedin.com/jobs/view/4446634680 , ,li-4446634680,fulltime,,,,,,False,mid-senior level,Administrative,,,Software Development,https://ch.linkedin.com/company/neuralconcept,,,,,,,,,,,
linkedin,"Lead Data Scientist, Revenue - Ads, Revenue",Vinted,"Berlin, Berlin, Germany",,https://www.linkedin.com/jobs/view/4431743056 , ,li-4431743056,fulltime,,,,,,True,mid-senior level,Engineering and Information Technology,,,Software Development,https://lt.linkedin.com/company/vinted,,,,,,,,,,,
linkedin,Senior Data Scientist - Search (all genders),ABOUT YOU,"Hamburg, Hamburg, Germany",,https://www.linkedin.com/jobs/view/4442099348 , ,li-4442099348,fulltime,,,,,,False,mid-senior level,Science,,,"Technology, Information and Internet",https://de.linkedin.com/company/about-you,,,,,,,,,,,
linkedin,"Associate Director (m/f/d), Computational Pathology Biomarker Lead (Oncology/BioPharma)",AstraZeneca,"Munich, Bavaria, Germany",,https://www.linkedin.com/jobs/view/4448237382 , ,li-4448237382,fulltime,,,,,,False,mid-senior level,Health Care Provider,,,Pharmaceutical Manufacturing,https://uk.linkedin.com/company/astrazeneca,,,,,,,,,,,
linkedin,PhD Candidate (m/f/d),Leibniz-Institut für Analytische Wissenschaften – ISAS – e.V.,"Dortmund, North Rhine-Westphalia, Germany",,https://www.linkedin.com/jobs/view/4468220192 , ,li-4468220192,fulltime,,,,,,False,internship,Education and Training,,bewerbungen@isas.de,Internet Publishing,https://de.linkedin.com/company/leibniz-institut-isas,,,,,,,,,,,
linkedin,R&D Associate Consultant,ZS,"Frankfurt, Hesse, Germany",,https://www.linkedin.com/jobs/view/4465999217 , ,li-4465999217,fulltime,,,,,,True,mid-senior level,Business Development and Sales,,,Business Consulting and Services,https://www.linkedin.com/company/zs-associates,,,,,,,,,,,
linkedin,"Postdoc - Gesundheitsökonomie / Health Data Science im Projekt EU-MIC - Klinik für Psychiatrie, Psychosomatik und Psychotherapie",Universitätsmedizin Frankfurt,"Frankfurt, Hesse, Germany",,https://www.linkedin.com/jobs/view/4467999675 , ,li-4467999675,fulltime,,,,,,False,not applicable,Health Care Provider,,reif@med.uni,Hospitals and Health Care,https://de.linkedin.com/company/universit%C3%A4tsmedizin-frankfurt,,,,,,,,,,,
linkedin,Senior Consultant / (Senior) Manager Industrial AI Lab & Industry Data Strategy (w/m/d),Capgemini Invent,"Hamburg, Hamburg, Germany",,https://www.linkedin.com/jobs/view/4463024487 , ,li-4463024487,fulltime,,,,,,False,mid-senior level,Business Development and Sales,,seda.nau@capgemini.com,Business Consulting and Services,https://fr.linkedin.com/company/capgemini-invent,,,,,,,,,,,
linkedin,Consultant Financial Risk Management (m/w/d) in Köln,Deloitte,"Cologne, North Rhine-Westphalia, Germany",,https://www.linkedin.com/jobs/view/4243067020 , ,li-4243067020,fulltime,,,,,,True,entry level,"Business Development, Strategy/Planning, and Consulting",,career@deloitte.de,Business Consulting and Services,https://www.linkedin.com/company/deloitte,,,,,,,,,,,
linkedin,Trainee AI Engineering in der Unternehmensberatung,niologic | KI-Beratung,"Hürth, North Rhine-Westphalia, Germany",,https://www.linkedin.com/jobs/view/4465987877 , ,li-4465987877,fulltime,,,,,,False,entry level,Training,,,Software Development,https://de.linkedin.com/company/niologic,,,,,,,,,,,
linkedin,Vice President Client Analytics (Mensch),WPP Media,"Frankfurt, Hesse, Germany",,https://www.linkedin.com/jobs/view/4460702734 , ,li-4460702734,fulltime,,,,,,True,executive,Business Development and Sales,,,Advertising Services,https://www.linkedin.com/company/wpp-media,,,,,,,,,,,
linkedin,AI Engineer (m/w/d),imos AG,"Herford, North Rhine-Westphalia, Germany",,https://www.linkedin.com/jobs/view/4465986561 , ,li-4465986561,fulltime,,,,,,False,entry level,Engineering and Information Technology,,,Information Technology & Services,https://de.linkedin.com/company/imos-ag,,,,,,,,,,,
linkedin,"Analytical Consultant, Germany (Fixed-Term Contract)",Google,"Frankfurt am Main, Hesse, Germany",,https://www.linkedin.com/jobs/view/4466896502 , ,li-4466896502,fulltime,,,,,,False,not applicable,"Sales, General Business, and Customer Service",,,"Information Services and Technology, Information and Internet",https://www.linkedin.com/company/google,,,,,,,,,,,
linkedin,"Analytical Consultant, Germany (Fixed-Term Contract)",Google,"Hamburg, Hamburg, Germany",,https://www.linkedin.com/jobs/view/4467104427 , ,li-4467104427,fulltime,,,,,,False,not applicable,"Sales, General Business, and Customer Service",,,"Information Services and Technology, Information and Internet",https://www.linkedin.com/company/google,,,,,,,,,,,
linkedin,Masterarbeit: Algorithmenbasierte Disaggregation von Energie- und Produktionsdaten,Fraunhofer IGCV,"Augsburg, Bavaria, Germany",,https://www.linkedin.com/jobs/view/4467107301 , ,li-4467107301,fulltime,,,,,,False,internship,Management and Manufacturing,,vincent.kalchschmid@igcv.fraunhofer.de,Research Services,https://de.linkedin.com/company/fraunhofer-igcv,,,,,,,,,,,
linkedin,Data Scientist,Haystack,"Rhineland-Palatinate, Germany",,https://www.linkedin.com/jobs/view/4466854922 , ,li-4466854922,fulltime,,,,,,False,mid-senior level,Information Technology,,,"Technology, Information and Media",https://uk.linkedin.com/company/wearehaystack,,,,,,,,,,,
linkedin,Senior Data Scientist (gn) fulltime/parttime (hybrid),DKV Mobility,"Ratingen, North Rhine-Westphalia, Germany",,https://www.linkedin.com/jobs/view/4468254869 , ,li-4468254869,parttime,,,,,,False,entry level,Engineering and Information Technology,,,"Transportation, Logistics, Supply Chain and Storage",https://de.linkedin.com/company/dkv-mobility,,,,,,,,,,,
linkedin,Data Analyst,Tripledot Studios,"Berlin, Germany",,https://www.linkedin.com/jobs/view/4468230336 , ,li-4468230336,fulltime,,,,,,False,entry level,Information Technology,,,Computer Games,https://uk.linkedin.com/company/tripledot-studios,,,,,,,,,,,
linkedin,Senior Consultant Credit Risk (m/w/d) in Berlin,Deloitte,"Berlin, Germany",,https://www.linkedin.com/jobs/view/4243066069 , ,li-4243066069,fulltime,,,,,,True,associate,"Consulting, Information Technology, and Sales",,career@deloitte.de,Business Consulting and Services,https://www.linkedin.com/company/deloitte,,,,,,,,,,,
linkedin,Senior Consultant / (Senior) Manager Industrial AI Lab & Industry Data Strategy (w/m/d),Capgemini Invent,"Cologne, North Rhine-Westphalia, Germany",,https://www.linkedin.com/jobs/view/4463034475 , ,li-4463034475,fulltime,,,,,,False,mid-senior level,Business Development and Sales,,seda.nau@capgemini.com,Business Consulting and Services,https://fr.linkedin.com/company/capgemini-invent,,,,,,,,,,,
linkedin,Machine Learning Engineer*,TOMRA,"Mülheim, Rhineland-Palatinate, Germany",,https://www.linkedin.com/jobs/view/4468210410 , ,li-4468210410,fulltime,,,,,,False,mid-senior level,Research,,,Machinery Manufacturing,https://no.linkedin.com/company/tomra,,,,,,,,,,,
linkedin,Analytics - Future Leaders Graduate Program,Picnic Technologies,"Hamburg, Hamburg, Germany",,https://www.linkedin.com/jobs/view/4301797915 , ,li-4301797915,fulltime,,,,,,False,internship,"Research, Analyst, and Information Technology",,,Retail,https://nl.linkedin.com/company/picnictechnologies,,,,,,,,,,,
linkedin,Senior Manager R&D Quality Analytics & Portfolio Insights,BeOne Medicines,,,https://www.linkedin.com/jobs/view/4448556268 , ,li-4448556268,fulltime,,,,,,False,mid-senior level,"Research, Analyst, and Information Technology",,,Pharmaceutical Manufacturing,https://www.linkedin.com/company/beonemedicines,,,,,,,,,,,
linkedin,Senior Consultant Data Analytics & Business Insights (m/w/d) in Frankfurt (Main),Deloitte,"Frankfurt, Hesse, Germany",,https://www.linkedin.com/jobs/view/4343161163 , ,li-4343161163,fulltime,,,,,,True,associate,Analyst and Consulting,,career@deloitte.de,Business Consulting and Services,https://www.linkedin.com/company/deloitte,,,,,,,,,,,
linkedin,Scientist,"Jiangsu Surun Talent Development Group Co., Ltd.","Berlin, Germany",,https://www.linkedin.com/jobs/view/4467948766 , ,li-4467948766,other,,,,,,False,not applicable,"Research, Analyst, and Information Technology",,jiahe.zhang@suruntalent.com,"Technology, Information and Media",https://www.linkedin.com/company/suruntalentgroup,,,,,,,,,,,
linkedin,Senior Consultant GenAI & Agentic AI | Insurance (m/w/d),Deloitte,"Berlin, Germany",,https://www.linkedin.com/jobs/view/4467919993 , ,li-4467919993,fulltime,,,,,,True,associate,"Consulting, Information Technology, and Sales",,career@deloitte.de,Business Consulting and Services,https://www.linkedin.com/company/deloitte,,,,,,,,,,,
linkedin,Digital Lead for Additive Manufacturing (f/m/d),Siemens Energy,"Mülheim an der Ruhr, North Rhine-Westphalia, Germany",,https://www.linkedin.com/jobs/view/4466883848 , ,li-4466883848,fulltime,,,,,,True,mid-senior level,Research,,,"Appliances, Electrical, and Electronics Manufacturing",https://www.linkedin.com/company/siemens-energy,,,,,,,,,,,
linkedin,Technical CRM & Data Manager (m/w/d),Thalia Bücher GmbH,"Münster, North Rhine-Westphalia, Germany",,https://www.linkedin.com/jobs/view/4459177814 , ,li-4459177814,fulltime,,,,,,False,mid-senior level,Information Technology,,,Retail,https://de.linkedin.com/company/thalia-b%C3%BCcher-gmbh,,,,,,,,,,,
linkedin,Referent Prozess-/Datenanalyse Netzanschluss-/Geräteprozesse (m/w/d),Westnetz,"Dortmund, North Rhine-Westphalia, Germany",,https://www.linkedin.com/jobs/view/4444150159 , ,li-4444150159,fulltime,,,,,,False,associate,Customer Service,,tanja.eckert@westnetz.de,Utilities,https://de.linkedin.com/company/westnetz,,,,,,,,,,,
linkedin,"Masterarbeit: GenAI im IIoT - Automatisierte, OPC-UA-basierte Digitalisierung von Produktionsanlagen",Fraunhofer IGCV,"Augsburg, Bavaria, Germany",,https://www.linkedin.com/jobs/view/4467107299 , ,li-4467107299,fulltime,,,,,,False,internship,Other,,lukas.wittmann@igcv.fraunhofer.de,Research Services,https://de.linkedin.com/company/fraunhofer-igcv,,,,,,,,,,,
linkedin,Sr. Engineer Biomedical Engineering (m/f/d),Johnson & Johnson MedTech,"Aachen, North Rhine-Westphalia, Germany",,https://www.linkedin.com/jobs/view/4449468665 , ,li-4449468665,fulltime,,,,,,False,not applicable,"Research, Analyst, and Information Technology",,,Hospitals and Health Care,https://www.linkedin.com/company/johnson-&-johnson-medtech,,,,,,,,,,,
