site,title,company,location,date_posted,job_url,job_url_direct,id,job_type,salary_source,interval,min_amount,max_amount,currency,is_remote,job_level,job_function,listing_type,emails,company_industry,company_url,company_url_direct,company_addresses,company_num_employees,company_revenue,company_description,skills,experience_range,company_rating,company_reviews_count,vacancy_count,work_from_home_type
linkedin,"Senior Machine Learning Engineer - (Logistics, Optimization)",Delivery Hero,"Berlin, Berlin, Germany",2026-10-05,https://www.linkedin.com/jobs/view/4456856854 , ,li-4456856854,fulltime,,,,,,False,mid-senior level,,,inclusion@deliveryhero.com,Software Development and IT Services and IT Consulting,https://de.linkedin.com/company/delivery-hero-se,,,,,,,,,,,
linkedin,Operations Research & Optimization Engineer (m/w/d),flaschenpost SE,"Münster, North Rhine-Westphalia, Germany",2026-10-05,https://www.linkedin.com/jobs/view/4475539296 , ,li-4475539296,fulltime,,,,,,False,associate,,,,"Transportation, Logistics, Supply Chain and Storage, Mobile Food Services, and Online and Mail Order Retail",https://de.linkedin.com/company/flaschenpost,,,,,,,,,,,
linkedin,Wiss. Mitarbeiter*in (w/m/d) Vollzeitbeschäftigung befristet bis 30.09.2027 Entgeltgruppe 13 TV-L FU Kennung: AllgMet-PostDoc-ARIA01,Freie Universität Berlin,"Berlin, Berlin, Germany",2026-10-05,https://www.linkedin.com/jobs/view/4473606409 , ,li-4473606409,fulltime,,,,,,False,entry level,,,f.hoffmann@fu-berlin.de,Research Services,https://de.linkedin.com/school/freie-universitat-berlin/,,,,,,,,,,,
linkedin,PhD position (all genders) in Computational Neuroscience - Game-theoretical approaches for understanding interactions of brain regions in brain injury and recovery,Universitätsklinikum Hamburg Eppendorf,"Hamburg, Hamburg, Germany",2026-10-05,https://www.linkedin.com/jobs/view/4473609314 , ,li-4473609314,fulltime,,,,,,False,internship,,,c.hilgetag@uke.de,Hospitals and Health Care,https://de.linkedin.com/company/universit-tsklinikum-hamburg-eppendorf,,,,,,,,,,,
linkedin,Bachelor angewandte Mathematik & Data Science - Fachrichtung Technomathematik ab 01.09.2027 (m/w/d) - Tires,Continental,"Hannover, Lower Saxony, Germany",2026-10-05,https://www.linkedin.com/jobs/view/4475875074 , ,li-4475875074,fulltime,,,,,,False,entry level,,,,Automotive,https://de.linkedin.com/company/continental,,,,,,,,,,,
linkedin,(Senior) Data Consultant (all genders),Publicis Media Germany,"Düsseldorf, North Rhine-Westphalia, Germany",2026-10-05,https://www.linkedin.com/jobs/view/4378976798 , ,li-4378976798,fulltime,,,,,,False,not applicable,,,,Marketing Services,https://de.linkedin.com/company/publicis-media-germany,,,,,,,,,,,
linkedin,Senior Consultant Data Analytics & Business Insights (m/w/d) in München,Deloitte,"Munich, Bavaria, Germany",2026-10-05,https://www.linkedin.com/jobs/view/4343051642 , ,li-4343051642,fulltime,,,,,,False,associate,,,career@deloitte.de,Business Consulting and Services,https://www.linkedin.com/company/deloitte,,,,,,,,,,,
linkedin,Aktuar / Mathematiker (m/w/d) Kalkulation und Statistik in der Krankenversicherung,Continentale Versicherung,"Dortmund, North Rhine-Westphalia, Germany",2026-10-05,https://www.linkedin.com/jobs/view/4393018767 , ,li-4393018767,fulltime,,,,,,False,entry level,,,,Insurance,https://de.linkedin.com/company/continentale-versicherung,,,,,,,,,,,
linkedin,IT-Referenten und -Referentinnen (m/w/d) in verschiedenen Bereichen,Bundesamt für Verfassungsschutz (BfV),"Cologne, North Rhine-Westphalia, Germany",2026-10-05,https://www.linkedin.com/jobs/view/4475818155 , ,li-4475818155,fulltime,,,,,,False,entry level,,,,Government Administration,https://de.linkedin.com/company/bundesamt-fuer-verfassungsschutz,,,,,,,,,,,
linkedin,Senior Product Analyst (CX),Jobgether,Germany,2026-10-05,https://www.linkedin.com/jobs/view/4474252873 , ,li-4474252873,fulltime,,,,,,False,associate,,,,Internet Marketplace Platforms,https://be.linkedin.com/company/jobgether,,,,,,,,,,,
linkedin,Senior Aktuar:in / Mathematiker:in Migration Leben,HDI Group,"Cologne, North Rhine-Westphalia, Germany",2026-10-05,https://www.linkedin.com/jobs/view/4389735424 , ,li-4389735424,fulltime,,,,,,False,mid-senior level,,,,Insurance,https://de.linkedin.com/company/hdigroup,,,,,,,,,,,
linkedin,Senior Aktuar:in / Mathematiker:in Migration Leben,HDI Group,"Hilden, North Rhine-Westphalia, Germany",2026-10-05,https://www.linkedin.com/jobs/view/4389721993 , ,li-4389721993,fulltime,,,,,,False,mid-senior level,,,,Insurance,https://de.linkedin.com/company/hdigroup,,,,,,,,,,,
linkedin,PhD position (all genders) in Computational Neuroscience and NeuroAI,Universitätsklinikum Hamburg Eppendorf,"Hamburg, Hamburg, Germany",2026-10-05,https://www.linkedin.com/jobs/view/4473616098 , ,li-4473616098,fulltime,,,,,,False,internship,,,f.hadaeghi@uke.de,Hospitals and Health Care,https://de.linkedin.com/company/universit-tsklinikum-hamburg-eppendorf,,,,,,,,,,,
linkedin,Manager AI & Data Engineering (m/w/d) in Frankfurt (Main),Deloitte,"Frankfurt, Hesse, Germany",2026-10-05,https://www.linkedin.com/jobs/view/4262628780 , ,li-4262628780,fulltime,,,,,,False,mid-senior level,,,career@deloitte.de,Business Consulting and Services,https://www.linkedin.com/company/deloitte,,,,,,,,,,,
linkedin,Microsoft Copilot Studio und AI Solutions Consultant (m/w/d),Skaylink,"Munich, Bavaria, Germany",2026-10-05,https://www.linkedin.com/jobs/view/4474247219 , ,li-4474247219,fulltime,,,,,,False,entry level,,,,IT Services and IT Consulting,https://de.linkedin.com/company/skaylink,,,,,,,,,,,
linkedin,Senior Consultant GenAI Shopfloor (m/w/d) in Hannover,Deloitte,"Hannover, Lower Saxony, Germany",2026-10-05,https://www.linkedin.com/jobs/view/4447530579 , ,li-4447530579,fulltime,,,,,,False,associate,,,career@deloitte.de,Business Consulting and Services,https://www.linkedin.com/company/deloitte,,,,,,,,,,,
linkedin,(Senior) Consultant – AI-Transformation | Insurance (all genders),Wavestone,Germany,2026-10-05,https://www.linkedin.com/jobs/view/4473635116 , ,li-4473635116,fulltime,,,,,,False,mid-senior level,,,,Business Consulting and Services,https://fr.linkedin.com/company/wavestone,,,,,,,,,,,
linkedin,Junior Consultant Data & AI (m/w/d),DEVnet,"Munich, Bavaria, Germany",2026-10-05,https://www.linkedin.com/jobs/view/4475547629 , ,li-4475547629,fulltime,,,,,,False,entry level,,,,IT Services and IT Consulting and Business Consulting and Services,https://de.linkedin.com/company/devnet-group,,,,,,,,,,,
linkedin,Research Engineer - 3D Reconstruction,SpAItial AI,"Munich, Bavaria, Germany",2026-10-05,https://www.linkedin.com/jobs/view/4475555062 , ,li-4475555062,fulltime,,,,,,False,mid-senior level,,,,Software Development,https://uk.linkedin.com/company/spaitial-ai,,,,,,,,,,,
linkedin,Solution Architect (m/w/d) KI,GASCADE Gastransport GmbH,"Kassel, Hesse, Germany",2026-10-05,https://www.linkedin.com/jobs/view/4475550006 , ,li-4475550006,fulltime,,,,,,False,mid-senior level,,,,Oil and Gas,https://de.linkedin.com/company/gascade-gastransport-gmbh,,,,,,,,,,,
linkedin,Plattform AI Engineer,Guldberg GmbH,Frankfurt Rhine-Main Metropolitan Area,2026-10-05,https://www.linkedin.com/jobs/view/4473675276 , ,li-4473675276,fulltime,,,,,,False,mid-senior level,,,,Staffing and Recruiting,https://de.linkedin.com/company/guldberggmbh,,,,,,,,,,,
linkedin,"Autonomous Driving Technical Lead (w/m/d) - with experience in autonomous driving L4, C++, Python, AI implementation - IMMEDIATE JOINERS",Luxoft Germany,Germany,2026-10-05,https://www.linkedin.com/jobs/view/4475589549 , ,li-4475589549,fulltime,,,,,,False,mid-senior level,,,,IT Services and IT Consulting,https://de.linkedin.com/company/luxoft-germany,,,,,,,,,,,
linkedin,Data Engineer Digital Technologies / (Gen)AI (m/w/d),ERGO,"Düsseldorf, North Rhine-Westphalia, Germany",2026-10-05,https://www.linkedin.com/jobs/view/4466477684 , ,li-4466477684,fulltime,,,,,,False,entry level,,,,Insurance,https://de.linkedin.com/company/ergo-group-ag,,,,,,,,,,,
linkedin,Technical Lead (m/w/d) – AI Solutions & Microsoft Azure,Reply,"Düsseldorf, North Rhine-Westphalia, Germany",2026-10-05,https://www.linkedin.com/jobs/view/4463040164 , ,li-4463040164,fulltime,,,,,,False,mid-senior level,,,,IT Services and IT Consulting and Artificial Intelligence,https://it.linkedin.com/company/reply,,,,,,,,,,,
linkedin,Senior Python Engineer (NLP) - Munich,Next Ventures,"Munich, Bavaria, Germany",2026-10-05,https://www.linkedin.com/jobs/view/4444552223 , ,li-4444552223,fulltime,direct_data,yearly,75000.0,120000.0,EUR,False,mid-senior level,,,,IT Services and IT Consulting and Industrial Machinery Manufacturing,https://uk.linkedin.com/company/next-ventures,,,,,,,,,,,
linkedin,Software Engineer - Autonomous Air Systems,Helsing,"Berlin, Berlin, Germany",2026-10-05,https://www.linkedin.com/jobs/view/4350287405 , ,li-4350287405,fulltime,,,,,,False,mid-senior level,,,,Software Development,https://de.linkedin.com/company/helsing,,,,,,,,,,,
linkedin,"Software-Entwickler – RAG, Knowledgraph & Agentische Systeme (m/w/d)",Riverty,"Baden-Baden, Baden-Württemberg, Germany",2026-10-05,https://www.linkedin.com/jobs/view/4475871598 , ,li-4475871598,fulltime,,,,,,False,mid-senior level,,,,Information Technology & Services,https://de.linkedin.com/company/riverty,,,,,,,,,,,
linkedin,Data Scientist Production (w/m/d),LANXESS,"Cologne, North Rhine-Westphalia, Germany",2026-10-05,https://www.linkedin.com/jobs/view/4474273831 , ,li-4474273831,fulltime,,,,,,False,mid-senior level,,,,Chemical Manufacturing,https://de.linkedin.com/company/lanxess,,,,,,,,,,,
linkedin,AI-Agent Engineer (m/w/d),Wolters Kluwer,"Ludwigsburg, Baden-Württemberg, Germany",2026-10-05,https://www.linkedin.com/jobs/view/4419309422 , ,li-4419309422,fulltime,,,,,,False,mid-senior level,,,,Software Development,https://nl.linkedin.com/company/wolters-kluwer,,,,,,,,,,,
linkedin,"Aktuar:in / Mathematiker:in Unfall-, Sach-, und Kraftfahrtversicherung, 3206",Hannover Re,"Hannover, Lower Saxony, Germany",2026-10-05,https://www.linkedin.com/jobs/view/4441181170 , ,li-4441181170,fulltime,,,,,,False,associate,,,personnel@hannover-re.com,Insurance,https://de.linkedin.com/company/hannover-re,,,,,,,,,,,
linkedin,Postdoc - Systems Neuroscience / Computational Neurology,Forschungszentrum Jülich,"Jülich, North Rhine-Westphalia, Germany",2026-10-05,https://www.linkedin.com/jobs/view/4473645082 , ,li-4473645082,fulltime,,,,,,False,associate,,,,Research Services and Services for Renewable Energy,https://de.linkedin.com/company/forschungszentrum-julich,,,,,,,,,,,
linkedin,Data Scientist (m/f/d),Limehome,"Munich, Bavaria, Germany",2026-10-05,https://www.linkedin.com/jobs/view/4475821128 , ,li-4475821128,fulltime,,,,,,False,mid-senior level,,,,Hospitality,https://de.linkedin.com/company/limehome,,,,,,,,,,,
linkedin,Full Stack Engineer,Trust In SODA,"Berlin, Germany",2026-10-05,https://www.linkedin.com/jobs/view/4474284717 , ,li-4474284717,fulltime,direct_data,yearly,80000.0,110000.0,EUR,False,mid-senior level,,,,"Software Development, Technology, Information and Media, and IT System Custom Software Development",https://uk.linkedin.com/company/trust-in-soda,,,,,,,,,,,
linkedin,"Consultant - Digital, Data & AI in Procurement / Supply Chain Management (f/m/d)",Inverto | A BCG Company,Cologne Bonn Region,2026-10-05,https://www.linkedin.com/jobs/view/4475560244 , ,li-4475560244,fulltime,,,,,,False,entry level,,,,"Business Consulting and Services and Transportation, Logistics, Supply Chain and Storage",https://de.linkedin.com/company/inverto-gmbh,,,,,,,,,,,
linkedin,Advanced Analytics & Databricks Expert (all genders),MHP – A Porsche Company,"Munich, Bavaria, Germany",2026-10-05,https://www.linkedin.com/jobs/view/4470438020 , ,li-4470438020,fulltime,,,,,,False,mid-senior level,,,,Business Consulting and Services,https://de.linkedin.com/company/mhp-a-porsche-company,,,,,,,,,,,
linkedin,Data Analyst / Data Science Specialist (m/w/d),Molkerei Gropper GmbH & Co. KG,"Bissingen, Bavaria, Germany",2026-10-05,https://www.linkedin.com/jobs/view/4475879284 , ,li-4475879284,fulltime,,,,,,False,entry level,,,,Dairy Product Manufacturing,https://de.linkedin.com/company/molkereigropper,,,,,,,,,,,
linkedin,"(Senior) Manager - Digital, Data & AI in Procurement / Supply Chain Management (f/m/d)",Inverto | A BCG Company,"Cologne, North Rhine-Westphalia, Germany",2026-10-05,https://www.linkedin.com/jobs/view/4475559298 , ,li-4475559298,fulltime,,,,,,False,associate,,,,Data Infrastructure and Analytics,https://de.linkedin.com/company/inverto-gmbh,,,,,,,,,,,
linkedin,Quantitative Investment Analyst (d/m/w),LIQID,"Berlin, Berlin, Germany",2026-10-05,https://www.linkedin.com/jobs/view/4475807024 , ,li-4475807024,fulltime,,,,,,False,entry level,,,,Financial Services,https://de.linkedin.com/company/liqid,,,,,,,,,,,
linkedin,Data & Business Analytics Expert:in (m|w|d) - befristet bis zum 31.12.2027,K+S Group,"Philippsthal, Hesse, Germany",2026-10-05,https://www.linkedin.com/jobs/view/4469793365 , ,li-4469793365,fulltime,,,,,,False,entry level,,,,Mining,https://de.linkedin.com/company/k-s-group,,,,,,,,,,,
linkedin,Senior Data Engineer (Analyst/Scientist) - Remote,Kake,"Berlin, Germany",2026-10-05,https://www.linkedin.com/jobs/view/4462501718 , ,li-4462501718,contract,,,,,,True,mid-senior level,,,,"IT Services and IT Consulting, Engineering Services, and IT System Custom Software Development",https://www.linkedin.com/company/kake,,,,,,,,,,,
linkedin,"Senior Decision Scientist, Customer Care Analytics",GetYourGuide,"Berlin, Germany",2026-10-05,https://www.linkedin.com/jobs/view/4420273968 , ,li-4420273968,fulltime,,,,,,False,mid-senior level,,,jobs@getyourguide.com,"Technology, Information and Internet and Travel Arrangements",https://de.linkedin.com/company/getyourguide-ag,,,,,,,,,,,
linkedin,Senior Clinical Data Scientist (m/f/d),Merz Aesthetics,"Frankfurt am Main, Hesse, Germany",2026-10-05,https://www.linkedin.com/jobs/view/4468580616 , ,li-4468580616,temporary,,,,,,False,mid-senior level,,,,Pharmaceutical Manufacturing,https://www.linkedin.com/company/merz-aesthetics-inc.,,,,,,,,,,,
linkedin,"(Senior) Software Engineer: Data, AI & Workflow Automation (m/f/d)",A11,"Berlin, Germany",2026-10-05,https://www.linkedin.com/jobs/view/4475809739 , ,li-4475809739,fulltime,,,,,,False,entry level,,,,Business Consulting and Services,https://de.linkedin.com/company/a11-global,,,,,,,,,,,
linkedin,Software Engineer,Haystack,Berlin Metropolitan Area,2026-10-05,https://www.linkedin.com/jobs/view/4474261170 , ,li-4474261170,fulltime,,,,,,False,mid-senior level,,,,"Technology, Information and Media",https://uk.linkedin.com/company/wearehaystack,,,,,,,,,,,
linkedin,Senior AI Architect (m/f/d),BEUMER Group,"Dortmund, North Rhine-Westphalia, Germany",2026-10-05,https://www.linkedin.com/jobs/view/4457109334 , ,li-4457109334,fulltime,,,,,,False,associate,,,,Industrial Automation,https://de.linkedin.com/company/beumer-group-,,,,,,,,,,,
linkedin,Wissenschaftliche:r Angestellte:r Junior / Doktorand:in (all genders) – Computational Neuroscience und NeuroAI,Universitätsklinikum Hamburg Eppendorf,"Hamburg, Hamburg, Germany",2026-10-05,https://www.linkedin.com/jobs/view/4473611269 , ,li-4473611269,parttime,,,,,,False,internship,,,f.hadaeghi@uke.de,Hospitals and Health Care,https://de.linkedin.com/company/universit-tsklinikum-hamburg-eppendorf,,,,,,,,,,,
linkedin,Consultant - Process Mining (m/w/d),Deloitte,"Berlin, Germany",2026-10-05,https://www.linkedin.com/jobs/view/4319029649 , ,li-4319029649,fulltime,,,,,,False,entry level,,,career@deloitte.de,Business Consulting and Services,https://www.linkedin.com/company/deloitte,,,,,,,,,,,
linkedin,Celonis Process Intelligence Consultant (m/w/d),Proxius,"Berlin, Germany",2026-10-05,https://www.linkedin.com/jobs/view/4475807477 , ,li-4475807477,fulltime,,,,,,False,entry level,,,,IT Services and IT Consulting and Business Consulting and Services,https://de.linkedin.com/company/proxius,,,,,,,,,,,
linkedin,"DATENANALYST – SCHWERPUNKT WASSER, WÄRME UND PHOTOVOLTAIK (M/W/D)",Stadtwerke Nienburg/Weser,"Hamburg, Hamburg, Germany",2026-10-05,https://www.linkedin.com/jobs/view/4474252077 , ,li-4474252077,fulltime,,,,,,False,entry level,,,"bewerbung@stadtwerke-nienburg.de, bewerbung@stadtwerke-nienburg.de",Utilities,https://de.linkedin.com/company/stadtwerkenienburg,,,,,,,,,,,
linkedin,Celonis Process Intelligence Consultant (m/w/d),Proxius,"Cologne, North Rhine-Westphalia, Germany",2026-10-05,https://www.linkedin.com/jobs/view/4475809423 , ,li-4475809423,fulltime,,,,,,False,entry level,,,,IT Services and IT Consulting and Business Consulting and Services,https://de.linkedin.com/company/proxius,,,,,,,,,,,
linkedin,"Data Scientist (Freelance, Berlin)",Zero to One Search | Recruitment Agency,"Berlin, Germany",2026-10-05,https://www.linkedin.com/jobs/view/4473612648 , ,li-4473612648,contract,,,,,,False,mid-senior level,,,,Information Services and Staffing and Recruiting,https://de.linkedin.com/company/zero-to-one-search,,,,,,,,,,,
linkedin,Technical Lead Engineer – ML (f/m/d),Aptiv,"Wuppertal, North Rhine-Westphalia, Germany",2026-10-05,https://www.linkedin.com/jobs/view/4475594568 , ,li-4475594568,fulltime,,,,,,False,not applicable,,,,Automation Machinery Manufacturing,https://ch.linkedin.com/company/aptiv,,,,,,,,,,,
linkedin,"Lead Decision Scientist, Revenue - Ads, Revenue",Vinted,"Berlin, Berlin, Germany",2026-10-05,https://www.linkedin.com/jobs/view/4447552309 , ,li-4447552309,fulltime,,,,,,False,mid-senior level,,,,Software Development,https://lt.linkedin.com/company/vinted,,,,,,,,,,,
linkedin,Microsoft Copilot & AI Consultant,Digital Bricks,"Frankfurt, Hesse, Germany",2026-10-05,https://www.linkedin.com/jobs/view/4475854738 , ,li-4475854738,fulltime,,,,,,False,mid-senior level,,,hr@digitalbricks.ai,IT Services and IT Consulting,https://nl.linkedin.com/company/digitalbricksai,,,,,,,,,,,
linkedin,Senior Fullstack Developer - Data Analytics & AI (m/f/d),TÜV SÜD,"Munich, Bavaria, Germany",2026-10-05,https://www.linkedin.com/jobs/view/4371986593 , ,li-4371986593,fulltime,,,,,,False,mid-senior level,,,,Public Safety,https://de.linkedin.com/company/tuvsud,,,,,,,,,,,
linkedin,Senior Product Manager | B2C,Kaufland e-commerce,"Berlin, Berlin, Germany",2026-10-05,https://www.linkedin.com/jobs/view/4471933319 , ,li-4471933319,fulltime,,,,,,False,mid-senior level,,,,Online and Mail Order Retail,https://de.linkedin.com/company/kauflandecommerce,,,,,,,,,,,
linkedin,Founding Engineer,Jobgether,Germany,2026-10-05,https://www.linkedin.com/jobs/view/4474229573 , ,li-4474229573,fulltime,,,,,,False,mid-senior level,,,,Internet Marketplace Platforms,https://be.linkedin.com/company/jobgether,,,,,,,,,,,
linkedin,Senior Manager AI Content,Kijimea (SYNformulas GmbH),"Munich, Bavaria, Germany",2026-10-05,https://www.linkedin.com/jobs/view/4456861583 , ,li-4456861583,fulltime,,,,,,False,mid-senior level,,,jobs@futrue.com,Pharmaceutical Manufacturing,https://de.linkedin.com/company/synformulas,,,,,,,,,,,
linkedin,(Senior) Manager – AI Automation & Integration Engineer,FUTRUE,"Munich, Bavaria, Germany",2026-10-05,https://www.linkedin.com/jobs/view/4455802089 , ,li-4455802089,fulltime,,,,,,False,mid-senior level,,,jobs@futrue.com,Pharmaceutical Manufacturing,https://de.linkedin.com/company/futrue-gmbh,,,,,,,,,,,
linkedin,Senior Software Engineer - Integrations - AI/ML,ClickHouse,Germany,2026-10-05,https://www.linkedin.com/jobs/view/4475849733 , ,li-4475849733,fulltime,,,,,,False,mid-senior level,,,,Software Development,https://www.linkedin.com/company/clickhouseinc,,,,,,,,,,,
linkedin,"Forward Deployed AI Engineer, Germany",ICEYE,Greater Munich Metropolitan Area,2026-10-05,https://www.linkedin.com/jobs/view/4401720999 , ,li-4401720999,fulltime,,,,,,False,mid-senior level,,,,Defense and Space Manufacturing,https://fi.linkedin.com/company/iceye,,,,,,,,,,,
linkedin,Senior Strategic Solutions Consultant (AI),Celonis,"Munich, Bavaria, Germany",2026-10-05,https://www.linkedin.com/jobs/view/4464788386 , ,li-4464788386,fulltime,,,,,,False,not applicable,,,,Software Development,https://www.linkedin.com/company/celonis,,,,,,,,,,,
linkedin,Principal Machine Learning Engineer - Applied AI & LLMs (x/f/m),Doctolib,"Berlin, Berlin, Germany",2026-10-05,https://www.linkedin.com/jobs/view/4420976192 , ,li-4420976192,fulltime,,,,,,False,mid-senior level,,,,Software Development,https://fr.linkedin.com/company/doctolib,,,,,,,,,,,
linkedin,AI Research Engineer - Computer Vision,Helsing,"Berlin, Berlin, Germany",2026-10-05,https://www.linkedin.com/jobs/view/4353797020 , ,li-4353797020,fulltime,,,,,,False,mid-senior level,,,,Software Development,https://de.linkedin.com/company/helsing,,,,,,,,,,,
linkedin,Senior AI Engineer (m/w/d),nerdware GmbH,"Nuremberg, Bavaria, Germany",2026-10-05,https://www.linkedin.com/jobs/view/4473651071 , ,li-4473651071,fulltime,,,,,,False,associate,,,,Software Development,https://de.linkedin.com/company/nerdware-dev,,,,,,,,,,,
linkedin,Expert Artificial Intelligence (m/w/d),Genoverband e.V.,"Neu-Isenburg, Hesse, Germany",2026-10-05,https://www.linkedin.com/jobs/view/4475555083 , ,li-4475555083,fulltime,,,,,,False,mid-senior level,,,,Business Consulting and Services,https://de.linkedin.com/company/genoverband-e-v,,,,,,,,,,,
linkedin,WANTED: MACHINE LEARNING ENGINEER FOR BERTLING GERMANY,F.H. Bertling Shipping,Ruhr Region,2026-10-05,https://www.linkedin.com/jobs/view/4475859821 , ,li-4475859821,contract,,,,,,False,entry level,,,Therese.Strootmann@bertling.com,Maritime Transportation,https://de.linkedin.com/company/f-h-bertling-shipping,,,,,,,,,,,
linkedin,"Lead, AI Engineering",Bain & Company,"Munich, Bavaria, Germany",2026-10-05,https://www.linkedin.com/jobs/view/4475889235 , ,li-4475889235,fulltime,,,,,,False,not applicable,,,,Business Consulting and Services,https://www.linkedin.com/company/bain-and-company,,,,,,,,,,,
linkedin,"Lead, AI Engineering",Bain & Company,"Berlin, Berlin, Germany",2026-10-05,https://www.linkedin.com/jobs/view/4475887243 , ,li-4475887243,fulltime,,,,,,False,not applicable,,,,Business Consulting and Services,https://www.linkedin.com/company/bain-and-company,,,,,,,,,,,
linkedin,GenAI Platform Engineer (Cloud & AI Solutions) (m/w/d),Reply,Greater Munich Metropolitan Area,2026-10-05,https://www.linkedin.com/jobs/view/4473612945 , ,li-4473612945,fulltime,,,,,,False,associate,,,,IT Services and IT Consulting,https://it.linkedin.com/company/reply,,,,,,,,,,,
linkedin,AI Research Engineer - Computer Vision,Helsing,"Munich, Bavaria, Germany",2026-10-05,https://www.linkedin.com/jobs/view/4353717216 , ,li-4353717216,fulltime,,,,,,False,mid-senior level,,,,Software Development,https://de.linkedin.com/company/helsing,,,,,,,,,,,
linkedin,Senior Robotics Research Engineer - Foundation Models & Agentic Systems (m/w/d),BWI GmbH,"Munich, Bavaria, Germany",2026-10-05,https://www.linkedin.com/jobs/view/4467054163 , ,li-4467054163,fulltime,,,,,,False,mid-senior level,,,,IT Services and IT Consulting,https://de.linkedin.com/company/bwi-gmbh,,,,,,,,,,,
linkedin,AI Research Engineer - ML Engineering,Helsing,"Berlin, Berlin, Germany",2026-10-05,https://www.linkedin.com/jobs/view/4362267345 , ,li-4362267345,fulltime,,,,,,False,mid-senior level,,,,Software Development,https://de.linkedin.com/company/helsing,,,,,,,,,,,
linkedin,AI Research Engineer - ML Engineering,Helsing,"Munich, Bavaria, Germany",2026-10-05,https://www.linkedin.com/jobs/view/4363025863 , ,li-4363025863,fulltime,,,,,,False,mid-senior level,,,,Software Development,https://de.linkedin.com/company/helsing,,,,,,,,,,,
linkedin,AI Research Engineer - 3D Computer Vision,Helsing,"Munich, Bavaria, Germany",2026-10-05,https://www.linkedin.com/jobs/view/4431515899 , ,li-4431515899,fulltime,,,,,,False,mid-senior level,,,,Software Development,https://de.linkedin.com/company/helsing,,,,,,,,,,,
linkedin,Senior Data Scientist,Jobgether,Germany,2026-10-05,https://www.linkedin.com/jobs/view/4474253349 , ,li-4474253349,fulltime,description,yearly,152000.0,205000.0,USD,False,mid-senior level,,,,Internet Marketplace Platforms,https://be.linkedin.com/company/jobgether,,,,,,,,,,,
linkedin,Senior Robotics Research Engineer - Foundation Models & Agentic Systems (m/w/d),BWI GmbH,"Hamburg, Hamburg, Germany",2026-10-05,https://www.linkedin.com/jobs/view/4467050306 , ,li-4467050306,fulltime,,,,,,False,mid-senior level,,,,IT Services and IT Consulting,https://de.linkedin.com/company/bwi-gmbh,,,,,,,,,,,
linkedin,Senior Robotics Research Engineer - Foundation Models & Agentic Systems (m/w/d),BWI GmbH,"Leipzig, Saxony, Germany",2026-10-05,https://www.linkedin.com/jobs/view/4467058137 , ,li-4467058137,fulltime,,,,,,False,mid-senior level,,,,IT Services and IT Consulting,https://de.linkedin.com/company/bwi-gmbh,,,,,,,,,,,
linkedin,ML Inference Engineer,SpAItial AI,"Munich, Bavaria, Germany",2026-10-05,https://www.linkedin.com/jobs/view/4475550231 , ,li-4475550231,fulltime,,,,,,False,mid-senior level,,,,Software Development,https://uk.linkedin.com/company/spaitial-ai,,,,,,,,,,,
linkedin,Senior Robotics Research Engineer - Foundation Models & Agentic Systems (m/w/d),BWI GmbH,"Nuremberg, Bavaria, Germany",2026-10-05,https://www.linkedin.com/jobs/view/4467069084 , ,li-4467069084,fulltime,,,,,,False,mid-senior level,,,,IT Services and IT Consulting,https://de.linkedin.com/company/bwi-gmbh,,,,,,,,,,,
linkedin,Senior Robotics Research Engineer - Foundation Models & Agentic Systems (m/w/d),BWI GmbH,"Berlin, Berlin, Germany",2026-10-05,https://www.linkedin.com/jobs/view/4467066102 , ,li-4467066102,fulltime,,,,,,False,mid-senior level,,,,IT Services and IT Consulting,https://de.linkedin.com/company/bwi-gmbh,,,,,,,,,,,
linkedin,Senior Data Scientist (m/f/d),"GXO Logistics, Inc.","Dormagen, North Rhine-Westphalia, Germany",2026-10-05,https://www.linkedin.com/jobs/view/4467070476 , ,li-4467070476,fulltime,,,,,,False,mid-senior level,,,,"Transportation, Logistics, Supply Chain and Storage",https://www.linkedin.com/company/gxologistics,,,,,,,,,,,
linkedin,Development Architect (f/m/d) - AI Foundation Model Training and Serving,SAP,"Potsdam, Brandenburg, Germany",2026-10-05,https://www.linkedin.com/jobs/view/4429680502 , ,li-4429680502,fulltime,,,,,,False,mid-senior level,,,Careers@sap.com,"Software Development, IT Services and IT Consulting, and Business Consulting and Services",https://de.linkedin.com/company/sap,,,,,,,,,,,
linkedin,AI Engineer (m/w/d) - Fokus AWS,Devoteam | AWS Partner,"Frankfurt, Hesse, Germany",2026-10-05,https://www.linkedin.com/jobs/view/4474249914 , ,li-4474249914,fulltime,,,,,,False,mid-senior level,,,de.recruiting@devoteam.com,IT Services and IT Consulting,https://fr.linkedin.com/company/devoteam-aws-partner,,,,,,,,,,,
linkedin,Lead AI Engineer / Senior AI Engineer,AI.IMPACT,"Hamburg, Hamburg, Germany",2026-10-05,https://www.linkedin.com/jobs/view/4473627033 , ,li-4473627033,fulltime,,,,,,False,associate,,,,Professional Services,https://de.linkedin.com/company/ai-impact-gmbh,,,,,,,,,,,
linkedin,Senior Data Scientist (m/w/d),BAUMLINK,"Berlin, Germany",2026-10-05,https://www.linkedin.com/jobs/view/4471884046 , ,li-4471884046,fulltime,,,,,,False,associate,,,,Software Development,https://de.linkedin.com/company/baumlink,,,,,,,,,,,
linkedin,AI Engineer (m/w/d) - Fokus AWS,Devoteam | AWS Partner,"Munich, Bavaria, Germany",2026-10-05,https://www.linkedin.com/jobs/view/4474262446 , ,li-4474262446,fulltime,,,,,,False,mid-senior level,,,de.recruiting@devoteam.com,IT Services and IT Consulting,https://fr.linkedin.com/company/devoteam-aws-partner,,,,,,,,,,,
linkedin,Senior Computer Vision Engineer - Perception,SE3 Labs,"Munich, Bavaria, Germany",2026-10-05,https://www.linkedin.com/jobs/view/4475800255 , ,li-4475800255,fulltime,,,,,,False,mid-senior level,,,,Software Development,https://de.linkedin.com/company/se3-labs,,,,,,,,,,,
linkedin,Senior Data Scientist (f/m/d),TÜV SÜD,"Munich, Bavaria, Germany",2026-10-05,https://www.linkedin.com/jobs/view/4473635840 , ,li-4473635840,fulltime,,,,,,False,mid-senior level,,,,Public Safety,https://de.linkedin.com/company/tuvsud,,,,,,,,,,,
linkedin,Applied AI / ML Lead Engineer,DAiNA Inc.,"Berlin, Germany",2026-10-05,https://www.linkedin.com/jobs/view/4440162627 , ,li-4440162627,fulltime,,,,,,False,executive,,,recruiting@daina.com,Biotechnology Research,https://www.linkedin.com/company/daina-inc,,,,,,,,,,,
linkedin,Machine Learning Engineer for Digital Manufacturing,GlobalFoundries,"Dresden, Saxony, Germany",2026-10-05,https://www.linkedin.com/jobs/view/4474636101 , ,li-4474636101,fulltime,,,,,,False,entry level,,,,Semiconductor Manufacturing,https://www.linkedin.com/company/globalfoundries,,,,,,,,,,,
linkedin,Senior ML Engineer,Wave Group,Germany,2026-10-05,https://www.linkedin.com/jobs/view/4463985013 , ,li-4463985013,fulltime,direct_data,yearly,90000.0,200000.0,EUR,False,mid-senior level,,,,"Internet Marketplace Platforms, Software Development, and IT System Custom Software Development",https://uk.linkedin.com/company/wavegroupio,,,,,,,,,,,
linkedin,AI Research Engineer - Foundation Models,Helsing,"Munich, Bavaria, Germany",2026-10-05,https://www.linkedin.com/jobs/view/4355932185 , ,li-4355932185,fulltime,,,,,,False,mid-senior level,,,,Software Development,https://de.linkedin.com/company/helsing,,,,,,,,,,,
linkedin,(Senior) Applied Scientist (Machine Learning) (w/m/d),Mecklenburgische Versicherungs-Gesellschaft a. G.,"Coburg, Bavaria, Germany",2026-10-05,https://www.linkedin.com/jobs/view/4475886780 , ,li-4475886780,fulltime,,,,,,False,mid-senior level,,,,Insurance,https://de.linkedin.com/company/mecklenburgische-versicherungen,,,,,,,,,,,
linkedin,AI Research Engineer - Foundation Models,Helsing,"Berlin, Berlin, Germany",2026-10-05,https://www.linkedin.com/jobs/view/4355748462 , ,li-4355748462,fulltime,,,,,,False,mid-senior level,,,,Software Development,https://de.linkedin.com/company/helsing,,,,,,,,,,,
linkedin,Senior Robotics Research Engineer - Foundation Models & Agentic Systems (m/w/d),BWI GmbH,"Bonn, North Rhine-Westphalia, Germany",2026-10-05,https://www.linkedin.com/jobs/view/4467057127 , ,li-4467057127,fulltime,,,,,,False,mid-senior level,,,,IT Services and IT Consulting,https://de.linkedin.com/company/bwi-gmbh,,,,,,,,,,,
linkedin,Senior Robotics Research Engineer - Foundation Models & Agentic Systems (m/w/d),BWI GmbH,"Ulm, Baden-Württemberg, Germany",2026-10-05,https://www.linkedin.com/jobs/view/4467068110 , ,li-4467068110,fulltime,,,,,,False,mid-senior level,,,,IT Services and IT Consulting,https://de.linkedin.com/company/bwi-gmbh,,,,,,,,,,,
linkedin,Founding Data Scientist,Almedia,"Berlin, Germany",2026-10-05,https://www.linkedin.com/jobs/view/4475838558 , ,li-4475838558,fulltime,,,,,,False,mid-senior level,,,,Advertising Services,https://de.linkedin.com/company/almediaco,,,,,,,,,,,
linkedin,Head of Artificial Intelligence,AI Futures,"Berlin, Germany",2026-10-05,https://www.linkedin.com/jobs/view/4471741935 , ,li-4471741935,fulltime,direct_data,yearly,90000.0,130000.0,USD,False,mid-senior level,,,,Artificial Intelligence and Software Development,https://uk.linkedin.com/company/aifuturesgroup,,,,,,,,,,,
linkedin,AI Architect / Tech Lead,All European Careers,"Berlin, Germany",2026-10-05,https://www.linkedin.com/jobs/view/4474266345 , ,li-4474266345,fulltime,,,,,,False,mid-senior level,,,,"Outsourcing and Offshoring Consulting, IT Services and IT Consulting, and Staffing and Recruiting",https://es.linkedin.com/company/all-european-careers,,,,,,,,,,,
linkedin,Microsoft Copilot Studio und AI Solutions Consultant (m/w/d),Skaylink,"Leipzig, Saxony, Germany",2026-10-05,https://www.linkedin.com/jobs/view/4473895479 , ,li-4473895479,fulltime,,,,,,False,entry level,,,,IT Services and IT Consulting,https://de.linkedin.com/company/skaylink,,,,,,,,,,,
linkedin,AI Engineer - Agentic BI & Semantic Layer (m/w/d),REWE GROUP,"Cologne, North Rhine-Westphalia, Germany",2026-10-05,https://www.linkedin.com/jobs/view/4475517466 , ,li-4475517466,fulltime,,,,,,False,associate,,,,Retail,https://de.linkedin.com/company/rewegroup,,,,,,,,,,,
linkedin,Microsoft Copilot Studio und AI Solutions Consultant (m/w/d),Skaylink,"Hamburg, Hamburg, Germany",2026-10-05,https://www.linkedin.com/jobs/view/4474204198 , ,li-4474204198,fulltime,,,,,,False,entry level,,,,IT Services and IT Consulting,https://de.linkedin.com/company/skaylink,,,,,,,,,,,
linkedin,Edge AI Engineer (human),NEURA Robotics,"Riederich, Baden-Württemberg, Germany",2026-10-05,https://www.linkedin.com/jobs/view/4475864425 , ,li-4475864425,fulltime,,,,,,False,mid-senior level,,,,Automation Machinery Manufacturing,https://de.linkedin.com/company/neura-robotics,,,,,,,,,,,
linkedin,Edge AI Engineer (Mensch),NEURA Robotics,"Riederich, Baden-Württemberg, Germany",2026-10-05,https://www.linkedin.com/jobs/view/4475863481 , ,li-4475863481,fulltime,,,,,,False,mid-senior level,,,,Automation Machinery Manufacturing,https://de.linkedin.com/company/neura-robotics,,,,,,,,,,,
linkedin,"Senior MLOps Engineer, ISR",ICEYE,Berlin Metropolitan Area,2026-10-05,https://www.linkedin.com/jobs/view/4475564080 , ,li-4475564080,temporary,,,,,,False,mid-senior level,,,,Defense and Space Manufacturing,https://fi.linkedin.com/company/iceye,,,,,,,,,,,
linkedin,Senior Forward Deployed Engineer (AI Agent) - Germany,Cresta,Germany,2026-10-05,https://www.linkedin.com/jobs/view/4380928196 , ,li-4380928196,fulltime,,,,,,False,mid-senior level,,,recruiting@cresta.ai,Software Development,https://www.linkedin.com/company/cresta-inc,,,,,,,,,,,
linkedin,"Senior Solutions Architect - Data & AI Engineer (f/m/d, 4-Days-Week), German Speaking",Auvaria,"Hamburg, Germany",2026-10-05,https://www.linkedin.com/jobs/view/4474245354 , ,li-4474245354,fulltime,,,,,,False,associate,,,,IT Services and IT Consulting,https://at.linkedin.com/company/auvaria,,,,,,,,,,,
linkedin,Senior AI Transformation & Innovation Consultant,Celonis,"Munich, Bavaria, Germany",2026-10-05,https://www.linkedin.com/jobs/view/4465207294 , ,li-4465207294,fulltime,,,,,,False,not applicable,,,,Software Development,https://www.linkedin.com/company/celonis,,,,,,,,,,,
linkedin,"Senior Solution Architect, MLOps - AI Factory",NVIDIA,"Hamburg, Hamburg, Germany",2026-10-05,https://www.linkedin.com/jobs/view/4474653258 , ,li-4474653258,fulltime,,,,,,False,mid-senior level,,,,Computer Hardware Manufacturing,https://www.linkedin.com/company/nvidia,,,,,,,,,,,
linkedin,Senior Agentic AI Engineer,Mercanis,Berlin Metropolitan Area,2026-10-05,https://www.linkedin.com/jobs/view/4475570432 , ,li-4475570432,fulltime,,,,,,False,associate,,,,Software Development,https://de.linkedin.com/company/mercanis,,,,,,,,,,,
linkedin,"Consultant Data & AI (m/w/d), München/Frankfurt am Main / Hamburg",DEVnet,"Munich, Bavaria, Germany",2026-10-05,https://www.linkedin.com/jobs/view/4475583245 , ,li-4475583245,fulltime,,,,,,False,associate,,,,IT Services and IT Consulting and Business Consulting and Services,https://de.linkedin.com/company/devnet-group,,,,,,,,,,,
linkedin,Associate AI Inference Engineer (m/f/d/x),T-Systems International,"Hamburg, Hamburg, Germany",2026-10-05,https://www.linkedin.com/jobs/view/4475827308 , ,li-4475827308,fulltime,,,,,,False,mid-senior level,,,,Telecommunications,https://de.linkedin.com/company/t-systems,,,,,,,,,,,
linkedin,AI Research Engineer - AI Safety,Helsing,"Berlin, Berlin, Germany",2026-10-05,https://www.linkedin.com/jobs/view/4328721874 , ,li-4328721874,fulltime,,,,,,False,mid-senior level,,,,Software Development,https://de.linkedin.com/company/helsing,,,,,,,,,,,
linkedin,Applied AI Engineer,Revolut,"Berlin, Germany",2026-10-05,https://www.linkedin.com/jobs/view/4474604819 , ,li-4474604819,fulltime,,,,,,False,mid-senior level,,,,Financial Services,https://uk.linkedin.com/company/revolut,,,,,,,,,,,
linkedin,AI Solutions Engineer/ AI Enablement Engineer (m/f/d),Redcare Pharmacy,"Cologne, North Rhine-Westphalia, Germany",2026-10-05,https://www.linkedin.com/jobs/view/4464785489 , ,li-4464785489,fulltime,,,,,,False,mid-senior level,,,,Software Development and IT Services and IT Consulting,https://nl.linkedin.com/company/redcare-pharmacy-com,,,,,,,,,,,
linkedin,Senior Robotics Research Engineer - Foundation Models & Agentic Systems (m/w/d),BWI GmbH,"Frankfurt am Main, Hesse, Germany",2026-10-05,https://www.linkedin.com/jobs/view/4467059123 , ,li-4467059123,fulltime,,,,,,False,mid-senior level,,,,IT Services and IT Consulting,https://de.linkedin.com/company/bwi-gmbh,,,,,,,,,,,
linkedin,AI Research Engineer - GPU Simulation,Helsing,"Munich, Bavaria, Germany",2026-10-05,https://www.linkedin.com/jobs/view/4454643124 , ,li-4454643124,fulltime,,,,,,False,mid-senior level,,,,Software Development,https://de.linkedin.com/company/helsing,,,,,,,,,,,
linkedin,AI Research Engineer - GPU Simulation,Helsing,"Berlin, Berlin, Germany",2026-10-05,https://www.linkedin.com/jobs/view/4454637128 , ,li-4454637128,fulltime,,,,,,False,mid-senior level,,,,Software Development,https://de.linkedin.com/company/helsing,,,,,,,,,,,
linkedin,Team Lead - Perception,SE3 Labs,"Munich, Bavaria, Germany",2026-10-05,https://www.linkedin.com/jobs/view/4475592546 , ,li-4475592546,fulltime,,,,,,False,mid-senior level,,,,Software Development,https://de.linkedin.com/company/se3-labs,,,,,,,,,,,
linkedin,Artificial Intelligence Engineer,THRYVE,Germany,2026-10-05,https://www.linkedin.com/jobs/view/4475824068 , ,li-4475824068,fulltime,,,,,,False,not applicable,,,,"Technology, Information and Media, IT Services and IT Consulting, and IT System Design Services",https://de.linkedin.com/company/thryvetalent,,,,,,,,,,,
linkedin,"Energy Transition Analyst – Market Analytics, Energy Trading (f/m/d)",EnBW Energie Baden-Württemberg AG,"Karlsruhe, Baden-Württemberg, Germany",2026-10-04,https://www.linkedin.com/jobs/view/4447824129 , ,li-4447824129,parttime,,,,,,False,entry level,,,m.wieckenberg@enbw.com,Utilities,https://de.linkedin.com/company/enbw,,,,,,,,,,,
linkedin,Consultant - Process Mining (m/w/d) in Hamburg,Deloitte,"Hamburg, Hamburg, Germany",2026-10-04,https://www.linkedin.com/jobs/view/4319027696 , ,li-4319027696,fulltime,,,,,,False,entry level,,,career@deloitte.de,Business Consulting and Services,https://www.linkedin.com/company/deloitte,,,,,,,,,,,
linkedin,Mathematiker/-in Versicherungen (all genders),adesso SE,"Jena, Thuringia, Germany",2026-10-04,https://www.linkedin.com/jobs/view/4446794202 , ,li-4446794202,fulltime,,,,,,False,mid-senior level,,,,IT Services and IT Consulting,https://de.linkedin.com/company/adesso-se,,,,,,,,,,,
linkedin,Optimization and Forecast Engineer - Energy Systems (f/m/d),FION Energy,"Berlin, Berlin, Germany",2026-10-04,https://www.linkedin.com/jobs/view/4473496592 , ,li-4473496592,fulltime,,,,,,False,associate,,,,Renewable Energy Semiconductor Manufacturing,https://de.linkedin.com/company/fion-energy,,,,,,,,,,,
linkedin,Mathematiker/-in Versicherungen (all genders),adesso SE,"Karlsruhe, Baden-Württemberg, Germany",2026-10-04,https://www.linkedin.com/jobs/view/4446773598 , ,li-4446773598,fulltime,,,,,,False,mid-senior level,,,,IT Services and IT Consulting,https://de.linkedin.com/company/adesso-se,,,,,,,,,,,
linkedin,Head of - Product & Engineering Analytics (d/f/m),Personio,"Berlin, Berlin, Germany",2026-10-04,https://www.linkedin.com/jobs/view/4473498129 , ,li-4473498129,fulltime,,,,,,False,mid-senior level,,,,Software Development,https://de.linkedin.com/company/personio,,,,,,,,,,,
linkedin,Mathematiker/-in Versicherungen (all genders),adesso SE,"Stuttgart, Baden-Württemberg, Germany",2026-10-04,https://www.linkedin.com/jobs/view/4446782303 , ,li-4446782303,fulltime,,,,,,False,mid-senior level,,,,IT Services and IT Consulting,https://de.linkedin.com/company/adesso-se,,,,,,,,,,,
linkedin,Mathematiker/-in Versicherungen (all genders),adesso SE,"Kiel, Schleswig-Holstein, Germany",2026-10-04,https://www.linkedin.com/jobs/view/4446781365 , ,li-4446781365,fulltime,,,,,,False,mid-senior level,,,,IT Services and IT Consulting,https://de.linkedin.com/company/adesso-se,,,,,,,,,,,
linkedin,Mathematiker/-in Versicherungen (all genders),adesso SE,"Aachen, North Rhine-Westphalia, Germany",2026-10-04,https://www.linkedin.com/jobs/view/4446778431 , ,li-4446778431,fulltime,,,,,,False,mid-senior level,,,,IT Services and IT Consulting,https://de.linkedin.com/company/adesso-se,,,,,,,,,,,
linkedin,Pricing Actuary (m/w/d),AGILA Haustierversicherung AG,"Hannover, Lower Saxony, Germany",2026-10-04,https://www.linkedin.com/jobs/view/4454631747 , ,li-4454631747,fulltime,,,,,,False,mid-senior level,,,,Insurance,https://de.linkedin.com/company/agila-haustierversicherung-ag,,,,,,,,,,,
linkedin,Principal NLP Scientist - Munich - Hybrid,MRL Consulting Group | Global Niche Technology Recruitment,"Munich, Bavaria, Germany",2026-10-04,https://www.linkedin.com/jobs/view/4475378367 , ,li-4475378367,fulltime,,,,,,False,mid-senior level,,,,"Information Services, Technology, Information and Media, and Appliances, Electrical, and Electronics Manufacturing",https://uk.linkedin.com/company/mrlcg,,,,,,,,,,,
linkedin,Data Analyst,Haystack,Greater Munich Metropolitan Area,2026-10-04,https://www.linkedin.com/jobs/view/4473897757 , ,li-4473897757,fulltime,,,,,,False,mid-senior level,,,,"Technology, Information and Media",https://uk.linkedin.com/company/wearehaystack,,,,,,,,,,,
linkedin,Agentic AI Developer im Deloitte aiStudio (m/w/d) in Berlin,Deloitte,"Berlin, Germany",2026-10-04,https://www.linkedin.com/jobs/view/4438816492 , ,li-4438816492,fulltime,,,,,,False,entry level,,,career@deloitte.de,Business Consulting and Services,https://www.linkedin.com/company/deloitte,,,,,,,,,,,
linkedin,Senior Machine Learning Engineer (all genders) -,Instaffo,"Berlin, Berlin, Germany",2026-10-04,https://www.linkedin.com/jobs/view/4447584434 , ,li-4447584434,fulltime,,,,,,False,mid-senior level,,,,Staffing and Recruiting,https://de.linkedin.com/company/instaffo-gmbh,,,,,,,,,,,
linkedin,Senior Data Scientist (m/f/d),Finmatics,Germany,2026-10-04,https://www.linkedin.com/jobs/view/4473473142 , ,li-4473473142,fulltime,,,,,,False,associate,,,,Consumer Services,https://at.linkedin.com/company/finmaticsgmbh,,,,,,,,,,,
linkedin,Machine Learning Engineer / MLOps Engineer (m/w/d),RockstarDevelopers GmbH,Germany,2026-10-04,https://www.linkedin.com/jobs/view/4473461713 , ,li-4473461713,fulltime,,,,,,False,mid-senior level,,,,IT Services and IT Consulting,https://de.linkedin.com/company/rockstardevelopers,,,,,,,,,,,
linkedin,Senior Consultant Data Science & ML Engineering (m/w/d) in München,Deloitte,"Munich, Bavaria, Germany",2026-10-04,https://www.linkedin.com/jobs/view/4429941660 , ,li-4429941660,fulltime,,,,,,False,associate,,,career@deloitte.de,Business Consulting and Services,https://www.linkedin.com/company/deloitte,,,,,,,,,,,
linkedin,Senior Consultant Data Science & ML Engineering (m/w/d) in Köln,Deloitte,"Cologne, North Rhine-Westphalia, Germany",2026-10-04,https://www.linkedin.com/jobs/view/4429951576 , ,li-4429951576,fulltime,,,,,,False,associate,,,career@deloitte.de,Business Consulting and Services,https://www.linkedin.com/company/deloitte,,,,,,,,,,,
linkedin,Senior Consultant Data Science & ML Engineering (m/w/d) in Frankfurt (Main),Deloitte,"Frankfurt, Hesse, Germany",2026-10-04,https://www.linkedin.com/jobs/view/4429961519 , ,li-4429961519,fulltime,,,,,,False,associate,,,career@deloitte.de,Business Consulting and Services,https://www.linkedin.com/company/deloitte,,,,,,,,,,,
linkedin,"Expert Senior Manager, AI Engineering",Bain & Company,"Munich, Bavaria, Germany",2026-10-04,https://www.linkedin.com/jobs/view/4423014081 , ,li-4423014081,fulltime,,,,,,False,not applicable,,,,Business Consulting and Services,https://www.linkedin.com/company/bain-and-company,,,,,,,,,,,
linkedin,Agentic AI Developer im Deloitte aiStudio (m/w/d) in Hamburg,Deloitte,"Hamburg, Hamburg, Germany",2026-10-04,https://www.linkedin.com/jobs/view/4438817511 , ,li-4438817511,fulltime,,,,,,False,entry level,,,career@deloitte.de,Business Consulting and Services,https://www.linkedin.com/company/deloitte,,,,,,,,,,,
linkedin,"Expert Senior Manager, AI Engineering",Bain & Company,"Berlin, Berlin, Germany",2026-10-04,https://www.linkedin.com/jobs/view/4430749877 , ,li-4430749877,fulltime,,,,,,False,not applicable,,,,Business Consulting and Services,https://www.linkedin.com/company/bain-and-company,,,,,,,,,,,
linkedin,Principal Research Scientist Speech Voice Foundation Models,Intelix.AI,Germany,2026-10-04,https://www.linkedin.com/jobs/view/4445745982 , ,li-4445745982,fulltime,description,yearly,270000.0,500000.0,USD,False,mid-senior level,,,,Artificial Intelligence,https://uk.linkedin.com/company/intelix-limited,,,,,,,,,,,
linkedin,(Senior) Data & AI Engineer (all genders) mit Schwerpunkt Databricks,OPITZ CONSULTING Deutschland GmbH,"Gummersbach, North Rhine-Westphalia, Germany",2026-10-04,https://www.linkedin.com/jobs/view/4474229137 , ,li-4474229137,fulltime,,,,,,False,mid-senior level,,,,IT Services and IT Consulting,https://de.linkedin.com/company/opitz-consulting-deutschland-gmbh,,,,,,,,,,,
linkedin,Principal Engineer – AI-Enabled Embedded Software (Multi GenAI Orchestration),NXP Semiconductors,"Munich, Bavaria, Germany",2026-10-04,https://www.linkedin.com/jobs/view/4438595552 , ,li-4438595552,fulltime,,,,,,False,mid-senior level,,,,"Semiconductor Manufacturing, Computers and Electronics Manufacturing, and Software Development",https://nl.linkedin.com/company/nxp-semiconductors,,,,,,,,,,,
linkedin,"Senior Solutions Architect, HPC and AI",NVIDIA,"Berlin, Berlin, Germany",2026-10-04,https://www.linkedin.com/jobs/view/4447408300 , ,li-4447408300,fulltime,,,,,,False,mid-senior level,,,,Computer Hardware Manufacturing,https://www.linkedin.com/company/nvidia,,,,,,,,,,,
linkedin,Mathematiker/-in Versicherungen (all genders),adesso SE,"Augsburg, Bavaria, Germany",2026-10-04,https://www.linkedin.com/jobs/view/4446778426 , ,li-4446778426,fulltime,,,,,,False,mid-senior level,,,,IT Services and IT Consulting,https://de.linkedin.com/company/adesso-se,,,,,,,,,,,
linkedin,Datenwissenschaftler:in,Data-Talent GmbH,"Munich, Bavaria, Germany",2026-10-04,https://www.linkedin.com/jobs/view/4473487735 , ,li-4473487735,fulltime,,,,,,False,associate,,,markus@data-talent.de,Staffing and Recruiting,https://de.linkedin.com/company/data-talent-gmbh,,,,,,,,,,,
linkedin,Senior Consultant GenAI Shopfloor (m/w/d) in München,Deloitte,"Munich, Bavaria, Germany",2026-10-04,https://www.linkedin.com/jobs/view/4447517776 , ,li-4447517776,fulltime,,,,,,False,associate,,,career@deloitte.de,Business Consulting and Services,https://www.linkedin.com/company/deloitte,,,,,,,,,,,
linkedin,Senior Consultant GenAI Shopfloor (m/w/d) in Köln,Deloitte,"Cologne, North Rhine-Westphalia, Germany",2026-10-04,https://www.linkedin.com/jobs/view/4447528660 , ,li-4447528660,fulltime,,,,,,False,associate,,,career@deloitte.de,Business Consulting and Services,https://www.linkedin.com/company/deloitte,,,,,,,,,,,
linkedin,Senior Consultant GenAI Shopfloor (m/w/d) in Frankfurt (Main),Deloitte,"Frankfurt, Hesse, Germany",2026-10-04,https://www.linkedin.com/jobs/view/4447518774 , ,li-4447518774,fulltime,,,,,,False,associate,,,career@deloitte.de,Business Consulting and Services,https://www.linkedin.com/company/deloitte,,,,,,,,,,,
linkedin,Consultant Data Science Credit Risk (m/w/d),Deloitte,"Stuttgart, Baden-Württemberg, Germany",2026-10-04,https://www.linkedin.com/jobs/view/4243063523 , ,li-4243063523,fulltime,,,,,,False,entry level,,,career@deloitte.de,Business Consulting and Services,https://www.linkedin.com/company/deloitte,,,,,,,,,,,
linkedin,Consultant Data Science Credit Risk (m/w/d) in Berlin,Deloitte,"Berlin, Germany",2026-10-04,https://www.linkedin.com/jobs/view/4243060949 , ,li-4243060949,fulltime,,,,,,False,entry level,,,career@deloitte.de,Business Consulting and Services,https://www.linkedin.com/company/deloitte,,,,,,,,,,,
linkedin,Enterprise AI Expert *,BTC - Business Technology Consulting AG,"Oldenburg, Lower Saxony, Germany",2026-10-04,https://www.linkedin.com/jobs/view/4457893843 , ,li-4457893843,fulltime,,,,,,False,mid-senior level,,,,IT Services and IT Consulting,https://de.linkedin.com/company/btcag,,,,,,,,,,,
linkedin,Senior Consultant GenAI Shopfloor (m/w/d) in Stuttgart,Deloitte,"Stuttgart, Baden-Württemberg, Germany",2026-10-04,https://www.linkedin.com/jobs/view/4447512895 , ,li-4447512895,fulltime,,,,,,False,associate,,,career@deloitte.de,Business Consulting and Services,https://www.linkedin.com/company/deloitte,,,,,,,,,,,
linkedin,AI Engineer – GenAI Integration & Automation (m/w/d),CGI,"Eschborn, Hesse, Germany",2026-10-04,https://www.linkedin.com/jobs/view/4447581382 , ,li-4447581382,fulltime,,,,,,False,entry level,,,,IT Services and IT Consulting,https://ca.linkedin.com/company/cgi,,,,,,,,,,,
linkedin,AI Solution Engineer (m/f/d),Chrono24,"Karlsruhe, Baden-Württemberg, Germany",2026-10-04,https://www.linkedin.com/jobs/view/4446902091 , ,li-4446902091,fulltime,,,,,,False,mid-senior level,,,,Retail Luxury Goods and Jewelry,https://de.linkedin.com/company/chrono24,,,,,,,,,,,
linkedin,"Manager, Applied AI Engineering (Codex)",OpenAI,"Munich, Bavaria, Germany",2026-10-03,https://www.linkedin.com/jobs/view/4465106149 , ,li-4465106149,fulltime,,,,,,False,mid-senior level,,,,Research Services,https://www.linkedin.com/company/openai,,,,,,,,,,,
linkedin,Postdoctoral Researcher / PhD Student (f/m/x) – Digital Alzheimer’s Research,German Center for Neurodegenerative Diseases (DZNE),"Magdeburg, Saxony-Anhalt, Germany",2026-10-03,https://www.linkedin.com/jobs/view/4469143005 , ,li-4469143005,fulltime,,,,,,False,mid-senior level,,,david.berron@dzne.de,Research Services and Biotechnology Research,https://de.linkedin.com/company/dzne,,,,,,,,,,,
linkedin,"Risk Methodology Specialist in Group Strategic Analytics Berlin, Frankfurt am Main (d/m/w)",Deutsche Bank,"Frankfurt, Hesse, Germany",2026-10-03,https://www.linkedin.com/jobs/view/4466464387 , ,li-4466464387,fulltime,,,,,,False,not applicable,,,nana.darko@db.com,Financial Services,https://de.linkedin.com/company/deutsche-bank,,,,,,,,,,,
linkedin,Senior Software Engineer / AI Enabler (m/f/d),AutoScout24,"Munich, Bavaria, Germany",2026-10-03,https://www.linkedin.com/jobs/view/4408901211 , ,li-4408901211,fulltime,,,,,,False,mid-senior level,,,,Software Development,https://de.linkedin.com/company/autoscout24,,,,,,,,,,,
linkedin,Senior People Science Analyst (12 month FTC),Culture Amp,"Berlin, Germany",2026-10-03,https://www.linkedin.com/jobs/view/4464260167 , ,li-4464260167,contract,,,,,,False,mid-senior level,,,"accommodations@cultureamp.com, privacy@cultureamp.com",Software Development,https://au.linkedin.com/company/cultureamp,,,,,,,,,,,
linkedin,AI Solution Architect – Agentic GenAI Workflows & Automation (m/w/d),CGI,"Eschborn, Hesse, Germany",2026-10-03,https://www.linkedin.com/jobs/view/4447591179 , ,li-4447591179,fulltime,,,,,,False,entry level,,,,IT Services and IT Consulting,https://ca.linkedin.com/company/cgi,,,,,,,,,,,
linkedin,AI QA Engineer – Conversational AI & GenAI-Automationen (m/w/d),CGI,"Eschborn, Hesse, Germany",2026-10-03,https://www.linkedin.com/jobs/view/4447592166 , ,li-4447592166,fulltime,,,,,,False,entry level,,,,IT Services and IT Consulting,https://ca.linkedin.com/company/cgi,,,,,,,,,,,
linkedin,Senior Software Engineer - Node.js/TypeScript (x/f/m),Doctolib,"Berlin, Berlin, Germany",2026-10-03,https://www.linkedin.com/jobs/view/4466304718 , ,li-4466304718,fulltime,,,,,,False,mid-senior level,,,,Software Development,https://fr.linkedin.com/company/doctolib,,,,,,,,,,,
linkedin,Phd student (d/f/m)  Intelligent Process Monitoring and Digital Twinning,Airbus Defence and Space,"Manching, Bavaria, Germany",2026-10-03,https://www.linkedin.com/jobs/view/4473196575 , ,li-4473196575,fulltime,,,,,,False,internship,,,emsom@airbus.com,Defense and Space Manufacturing,https://www.linkedin.com/company/airbus-defence-and-space,,,,,,,,,,,
linkedin,Senior AI Software Engineer (m/w/d),CompuGroup Medical SE & Co. KGaA,"Coblenz, Rhineland-Palatinate, Germany",2026-10-03,https://www.linkedin.com/jobs/view/4419067339 , ,li-4419067339,fulltime,,,,,,False,mid-senior level,,,,IT Services and IT Consulting,https://de.linkedin.com/company/compugroup-medical,,,,,,,,,,,
linkedin,Data Analyst eCommerce (w/m/d),dm-drogerie markt Deutschland,Greater Karlsruhe Area,2026-10-03,https://www.linkedin.com/jobs/view/4470679469 , ,li-4470679469,fulltime,,,,,,False,entry level,,,,Retail,https://de.linkedin.com/company/dm-drogerie-markt-deutschland,,,,,,,,,,,
linkedin,Senior Consultant Data Science & ML Engineering (m/w/d) in Hannover,Deloitte,"Hannover, Lower Saxony, Germany",2026-10-03,https://www.linkedin.com/jobs/view/4429951574 , ,li-4429951574,fulltime,,,,,,False,associate,,,career@deloitte.de,Business Consulting and Services,https://www.linkedin.com/company/deloitte,,,,,,,,,,,
linkedin,Senior Consultant GenAI Shopfloor (m/w/d) in Düsseldorf,Deloitte,"Düsseldorf, North Rhine-Westphalia, Germany",2026-10-03,https://www.linkedin.com/jobs/view/4447520742 , ,li-4447520742,fulltime,,,,,,False,associate,,,career@deloitte.de,Business Consulting and Services,https://www.linkedin.com/company/deloitte,,,,,,,,,,,
linkedin,Senior Consultant GenAI Shopfloor (m/w/d) in Hamburg,Deloitte,"Hamburg, Hamburg, Germany",2026-10-03,https://www.linkedin.com/jobs/view/4447527649 , ,li-4447527649,fulltime,,,,,,False,associate,,,career@deloitte.de,Business Consulting and Services,https://www.linkedin.com/company/deloitte,,,,,,,,,,,
linkedin,Agentic AI Developer im Deloitte aiStudio (m/w/d) in Düsseldorf,Deloitte,"Düsseldorf, North Rhine-Westphalia, Germany",2026-10-03,https://www.linkedin.com/jobs/view/4438822298 , ,li-4438822298,fulltime,,,,,,False,entry level,,,career@deloitte.de,Business Consulting and Services,https://www.linkedin.com/company/deloitte,,,,,,,,,,,
linkedin,Agentic AI Developer im Deloitte aiStudio (m/w/d) in Frankfurt (Main),Deloitte,"Frankfurt, Hesse, Germany",2026-10-03,https://www.linkedin.com/jobs/view/4438822279 , ,li-4438822279,fulltime,,,,,,False,entry level,,,career@deloitte.de,Business Consulting and Services,https://www.linkedin.com/company/deloitte,,,,,,,,,,,
linkedin,Mathematiker/-in Versicherungen (all genders),adesso SE,"Siegen, North Rhine-Westphalia, Germany",2026-10-03,https://www.linkedin.com/jobs/view/4446774513 , ,li-4446774513,fulltime,,,,,,False,mid-senior level,,,,IT Services and IT Consulting,https://de.linkedin.com/company/adesso-se,,,,,,,,,,,
linkedin,"Forward Deployed Engineer, Agentic Platform (Europe)",Cohere,Germany,2026-10-03,https://www.linkedin.com/jobs/view/4418823251 , ,li-4418823251,fulltime,,,,,,False,entry level,,,,Software Development,https://ca.linkedin.com/company/cohere-ai,,,,,,,,,,,
linkedin,Product Engineer (m/w/div),Deutsche Rentenversicherung Bund,"Berlin, Germany",2026-10-03,https://www.linkedin.com/jobs/view/4466685983 , ,li-4466685983,fulltime,,,,,,False,associate,,,sebastian.gustke@drv-bund.de,Government Administration,https://de.linkedin.com/company/deutsche-rentenversicherung-bund,,,,,,,,,,,
linkedin,Director of AI & Biometrics,World,"Munich, Bavaria, Germany",2026-10-03,https://www.linkedin.com/jobs/view/4382305316 , ,li-4382305316,fulltime,,,,,,False,director,,,,"Technology, Information and Internet",https://www.linkedin.com/company/worldofficial,,,,,,,,,,,
linkedin,Agentic AI Developer im Deloitte aiStudio (m/w/d) in München,Deloitte,"Munich, Bavaria, Germany",2026-10-03,https://www.linkedin.com/jobs/view/4438827101 , ,li-4438827101,fulltime,,,,,,False,entry level,,,career@deloitte.de,Business Consulting and Services,https://www.linkedin.com/company/deloitte,,,,,,,,,,,
linkedin,KI-Entwickler (m/w/d),[at] Group,"Munich, Bavaria, Germany",2026-10-03,https://www.linkedin.com/jobs/view/4467839420 , ,li-4467839420,fulltime,,,,,,False,associate,,,,Software Development,https://de.linkedin.com/company/alexander-thamm-gmbh,,,,,,,,,,,
linkedin,Senior Consultant Data Science & ML Engineering (m/w/d) in Düsseldorf,Deloitte,"Düsseldorf, North Rhine-Westphalia, Germany",2026-10-03,https://www.linkedin.com/jobs/view/4429954567 , ,li-4429954567,fulltime,,,,,,False,associate,,,career@deloitte.de,Business Consulting and Services,https://www.linkedin.com/company/deloitte,,,,,,,,,,,
linkedin,(Senior) Researcher (f/m/d) - Foundation and World Models on Structured Business Data,SAP,"Garching, Bavaria, Germany",2026-10-03,https://www.linkedin.com/jobs/view/4428466488 , ,li-4428466488,fulltime,,,,,,False,mid-senior level,,,Careers@sap.com,"Software Development, IT Services and IT Consulting, and Business Consulting and Services",https://de.linkedin.com/company/sap,,,,,,,,,,,
linkedin,Senior Consultant Data Science & ML Engineering (m/w/d) in Hamburg,Deloitte,"Hamburg, Hamburg, Germany",2026-10-03,https://www.linkedin.com/jobs/view/4429943677 , ,li-4429943677,fulltime,,,,,,False,associate,,,career@deloitte.de,Business Consulting and Services,https://www.linkedin.com/company/deloitte,,,,,,,,,,,
linkedin,Senior Consultant Data Science & ML Engineering (m/w/d) in Stuttgart,Deloitte,"Stuttgart, Baden-Württemberg, Germany",2026-10-03,https://www.linkedin.com/jobs/view/4429952602 , ,li-4429952602,fulltime,,,,,,False,associate,,,career@deloitte.de,Business Consulting and Services,https://www.linkedin.com/company/deloitte,,,,,,,,,,,
linkedin,Gruppenleitung Künstliche Intelligenz (m/w/d),Hahn-Schickard,"Freiburg, Baden-Württemberg, Germany",2026-10-03,https://www.linkedin.com/jobs/view/4473863671 , ,li-4473863671,fulltime,,,,,,False,not applicable,,,,Research Services,https://de.linkedin.com/company/hahn-schickard,,,,,,,,,,,
linkedin,AI-Engineer (Generative AI & Agentic AI) (f/m/d),HCLTech Germany,"Munich, Bavaria, Germany",2026-10-03,https://www.linkedin.com/jobs/view/4473841926 , ,li-4473841926,fulltime,,,,,,False,mid-senior level,,,,IT Services and IT Consulting,https://de.linkedin.com/company/hcltech-germany,,,,,,,,,,,
linkedin,"Senior AI Engineer, Location AI",Mapbox,Germany,2026-10-03,https://www.linkedin.com/jobs/view/4466380942 , ,li-4466380942,fulltime,,,,,,False,mid-senior level,,,,Software Development,https://www.linkedin.com/company/mapbox,,,,,,,,,,,
linkedin,Master - SAP AI Engineering Architect (f/m/d),SAP,"Walldorf, Baden-Württemberg, Germany",2026-10-03,https://www.linkedin.com/jobs/view/4388976705 , ,li-4388976705,fulltime,,,,,,False,mid-senior level,,,Careers@sap.com,"Software Development, IT Services and IT Consulting, and Business Consulting and Services",https://de.linkedin.com/company/sap,,,,,,,,,,,
linkedin,AI & MLOps Engineer (m/w/d),enercity Netz GmbH,"Hannover, Lower Saxony, Germany",2026-10-03,https://www.linkedin.com/jobs/view/4469108897 , ,li-4469108897,fulltime,,,,,,False,mid-senior level,,,,Energy Technology,https://www.linkedin.com/company/enercity-netz-gmbh,,,,,,,,,,,
linkedin,Senior AI Engineer (x/f/m),Doctolib,"Berlin, Germany",2026-10-03,https://www.linkedin.com/jobs/view/4372709869 , ,li-4372709869,fulltime,,,,,,False,mid-senior level,,,,Software Development,https://fr.linkedin.com/company/doctolib,,,,,,,,,,,
linkedin,"AI Architect / Machine Learning Engineer (m,f,d)",Medirion,"Duisburg, North Rhine-Westphalia, Germany",2026-10-03,https://www.linkedin.com/jobs/view/4473428124 , ,li-4473428124,fulltime,direct_data,yearly,69999.0,70000.0,EUR,False,mid-senior level,,,,Medical Equipment Manufacturing,https://de.linkedin.com/company/medirion,,,,,,,,,,,
linkedin,Senior AI Data Scientist / Data Engineer,HDI Group,"Hannover, Lower Saxony, Germany",2026-10-03,https://www.linkedin.com/jobs/view/4457313636 , ,li-4457313636,fulltime,,,,,,False,mid-senior level,,,,Insurance,https://de.linkedin.com/company/hdigroup,,,,,,,,,,,
linkedin,"Forward Deployed AI Engineer, Germany",ICEYE,Berlin Metropolitan Area,2026-10-03,https://www.linkedin.com/jobs/view/4457317258 , ,li-4457317258,fulltime,,,,,,False,mid-senior level,,,,Defense and Space Manufacturing,https://fi.linkedin.com/company/iceye,,,,,,,,,,,
linkedin,Senior AI Architect (m/w/d),CSS AG,"Künzell, Hesse, Germany",2026-10-03,https://www.linkedin.com/jobs/view/4473875034 , ,li-4473875034,fulltime,,,,,,False,mid-senior level,,,,IT Services and IT Consulting,https://de.linkedin.com/company/css-ag,,,,,,,,,,,
linkedin,Mathematiker/-in Versicherungen (all genders),adesso SE,"Paderborn, North Rhine-Westphalia, Germany",2026-10-03,https://www.linkedin.com/jobs/view/4446781363 , ,li-4446781363,fulltime,,,,,,False,mid-senior level,,,,IT Services and IT Consulting,https://de.linkedin.com/company/adesso-se,,,,,,,,,,,
linkedin,Mathematiker/-in Versicherungen (all genders),adesso SE,"Coblenz, Rhineland-Palatinate, Germany",2026-10-03,https://www.linkedin.com/jobs/view/4446791258 , ,li-4446791258,fulltime,,,,,,False,mid-senior level,,,,IT Services and IT Consulting,https://de.linkedin.com/company/adesso-se,,,,,,,,,,,
linkedin,Mathematiker/-in Versicherungen (all genders),adesso SE,"Dresden, Saxony, Germany",2026-10-03,https://www.linkedin.com/jobs/view/4446797133 , ,li-4446797133,fulltime,,,,,,False,mid-senior level,,,,IT Services and IT Consulting,https://de.linkedin.com/company/adesso-se,,,,,,,,,,,
linkedin,Mathematiker/-in Versicherungen (all genders),adesso SE,"Saarbrücken, Saarland, Germany",2026-10-03,https://www.linkedin.com/jobs/view/4446797145 , ,li-4446797145,fulltime,,,,,,False,mid-senior level,,,,IT Services and IT Consulting,https://de.linkedin.com/company/adesso-se,,,,,,,,,,,
linkedin,Mathematiker/-in Versicherungen (all genders),adesso SE,"Ulm, Baden-Württemberg, Germany",2026-10-03,https://www.linkedin.com/jobs/view/4446788283 , ,li-4446788283,fulltime,,,,,,False,mid-senior level,,,,IT Services and IT Consulting,https://de.linkedin.com/company/adesso-se,,,,,,,,,,,
linkedin,Mathematiker/-in Versicherungen (all genders),adesso SE,"Munich, Bavaria, Germany",2026-10-03,https://www.linkedin.com/jobs/view/4446785317 , ,li-4446785317,fulltime,,,,,,False,mid-senior level,,,,IT Services and IT Consulting,https://de.linkedin.com/company/adesso-se,,,,,,,,,,,
linkedin,Mathematiker/-in Versicherungen (all genders),adesso SE,"Neumünster, Schleswig-Holstein, Germany",2026-10-03,https://www.linkedin.com/jobs/view/4446794204 , ,li-4446794204,fulltime,,,,,,False,mid-senior level,,,,IT Services and IT Consulting,https://de.linkedin.com/company/adesso-se,,,,,,,,,,,
linkedin,Mathematiker/-in Versicherungen (all genders),adesso SE,"Frankfurt, Hesse, Germany",2026-10-03,https://www.linkedin.com/jobs/view/4446784329 , ,li-4446784329,fulltime,,,,,,False,mid-senior level,,,,IT Services and IT Consulting,https://de.linkedin.com/company/adesso-se,,,,,,,,,,,
linkedin,Mathematiker/-in Versicherungen (all genders),adesso SE,"Leipzig, Saxony, Germany",2026-10-03,https://www.linkedin.com/jobs/view/4446786294 , ,li-4446786294,fulltime,,,,,,False,mid-senior level,,,,IT Services and IT Consulting,https://de.linkedin.com/company/adesso-se,,,,,,,,,,,
linkedin,Mathematiker/-in Versicherungen (all genders),adesso SE,"Essen, North Rhine-Westphalia, Germany",2026-10-03,https://www.linkedin.com/jobs/view/4446790246 , ,li-4446790246,fulltime,,,,,,False,mid-senior level,,,,IT Services and IT Consulting,https://de.linkedin.com/company/adesso-se,,,,,,,,,,,
linkedin,Mathematiker/-in Versicherungen (all genders),adesso SE,"Hannover, Lower Saxony, Germany",2026-10-03,https://www.linkedin.com/jobs/view/4446785319 , ,li-4446785319,fulltime,,,,,,False,mid-senior level,,,,IT Services and IT Consulting,https://de.linkedin.com/company/adesso-se,,,,,,,,,,,
linkedin,Mathematiker/-in Versicherungen (all genders),adesso SE,"Bonn, North Rhine-Westphalia, Germany",2026-10-03,https://www.linkedin.com/jobs/view/4446797142 , ,li-4446797142,fulltime,,,,,,False,mid-senior level,,,,IT Services and IT Consulting,https://de.linkedin.com/company/adesso-se,,,,,,,,,,,
linkedin,Mathematiker/-in Versicherungen (all genders),adesso SE,"Bremen, Bremen, Germany",2026-10-03,https://www.linkedin.com/jobs/view/4446796165 , ,li-4446796165,fulltime,,,,,,False,mid-senior level,,,,IT Services and IT Consulting,https://de.linkedin.com/company/adesso-se,,,,,,,,,,,
linkedin,Consultant Decision Intelligence (m/w/d),ValueWorks.ai,"Munich, Bavaria, Germany",2026-10-03,https://www.linkedin.com/jobs/view/4473429692 , ,li-4473429692,fulltime,direct_data,yearly,50000.0,68000.0,EUR,False,entry level,,,,IT Services and IT Consulting,https://de.linkedin.com/company/valueworks-ai,,,,,,,,,,,
linkedin,"Senior Consultant / Manager SAP Business Data Cloud, SAP BTP AI & Analytics / Consulting (w/m/d)",EY,"Munich, Bavaria, Germany",2026-10-03,https://www.linkedin.com/jobs/view/4454627610 , ,li-4454627610,fulltime,,,,,,False,mid-senior level,,,,Professional Services,https://uk.linkedin.com/company/ernstandyoung,,,,,,,,,,,
linkedin,Mathematiker/-in Versicherungen (all genders),adesso SE,"Nuremberg, Bavaria, Germany",2026-10-03,https://www.linkedin.com/jobs/view/4446794201 , ,li-4446794201,fulltime,,,,,,False,mid-senior level,,,,IT Services and IT Consulting,https://de.linkedin.com/company/adesso-se,,,,,,,,,,,
linkedin,Mathematiker/-in Versicherungen (all genders),adesso SE,"Berlin, Berlin, Germany",2026-10-03,https://www.linkedin.com/jobs/view/4446779339 , ,li-4446779339,fulltime,,,,,,False,mid-senior level,,,,IT Services and IT Consulting,https://de.linkedin.com/company/adesso-se,,,,,,,,,,,
linkedin,Mathematiker/-in Versicherungen (all genders),adesso SE,"Cologne, North Rhine-Westphalia, Germany",2026-10-03,https://www.linkedin.com/jobs/view/4446797144 , ,li-4446797144,fulltime,,,,,,False,mid-senior level,,,,IT Services and IT Consulting,https://de.linkedin.com/company/adesso-se,,,,,,,,,,,
linkedin,AI-Consultant - Public Sector & Energy (w/m/d),PwC Deutschland,"Berlin, Berlin, Germany",2026-10-02,https://www.linkedin.com/jobs/view/4472864791 , ,li-4472864791,fulltime,,,,,,False,mid-senior level,,,,Accounting and Legal Services,https://de.linkedin.com/company/pwc-deutschland,,,,,,,,,,,
linkedin,Senior Developer (f/m/d) - Industry AI Utilities (Metering) / St. Ingbert,SAP,"St. Ingbert, Saarland, Germany",2026-10-02,https://www.linkedin.com/jobs/view/4464894481 , ,li-4464894481,fulltime,,,,,,False,mid-senior level,,,Careers@sap.com,"Software Development, IT Services and IT Consulting, and Business Consulting and Services",https://de.linkedin.com/company/sap,,,,,,,,,,,
linkedin,Trainee Customer Experience / Agentic AI / KI-Use-Cases (m/w/d),R+V Versicherung,"Wiesbaden, Hesse, Germany",2026-10-02,https://www.linkedin.com/jobs/view/4472992988 , ,li-4472992988,fulltime,,,,,,False,internship,,,,Insurance,https://de.linkedin.com/company/r-v-versicherung,,,,,,,,,,,
linkedin,Software Engineer,Zero to One Search | Recruitment Agency,"Berlin, Germany",2026-10-02,https://www.linkedin.com/jobs/view/4473138322 , ,li-4473138322,fulltime,direct_data,yearly,80000.0,140000.0,EUR,False,mid-senior level,,,,"Artificial Intelligence, Space Research and Technology, and Robotics Engineering",https://de.linkedin.com/company/zero-to-one-search,,,,,,,,,,,
linkedin,Mathematiker/-in Versicherungen (all genders),adesso SE,"Dortmund, North Rhine-Westphalia, Germany",2026-10-02,https://www.linkedin.com/jobs/view/4446782300 , ,li-4446782300,fulltime,,,,,,False,mid-senior level,,,,IT Services and IT Consulting,https://de.linkedin.com/company/adesso-se,,,,,,,,,,,
linkedin,Mathematiker/-in Versicherungen (all genders),adesso SE,"Münster, North Rhine-Westphalia, Germany",2026-10-02,https://www.linkedin.com/jobs/view/4446779335 , ,li-4446779335,fulltime,,,,,,False,mid-senior level,,,,IT Services and IT Consulting,https://de.linkedin.com/company/adesso-se,,,,,,,,,,,
linkedin,Senior Marketing analyst,Jobgether,Germany,2026-10-02,https://www.linkedin.com/jobs/view/4472890379 , ,li-4472890379,fulltime,,,,,,False,associate,,,,Internet Marketplace Platforms,https://be.linkedin.com/company/jobgether,,,,,,,,,,,
linkedin,AI-Consultant - Public Sector & Energy (w/m/d),PwC Deutschland,"Mannheim, Baden-Württemberg, Germany",2026-10-02,https://www.linkedin.com/jobs/view/4472876337 , ,li-4472876337,fulltime,,,,,,False,mid-senior level,,,,Accounting and Legal Services,https://de.linkedin.com/company/pwc-deutschland,,,,,,,,,,,
linkedin,Senior Developer (f/m/d) - Industry AI Utilities (Metering),SAP,"St. Ingbert, Saarland, Germany",2026-10-02,https://www.linkedin.com/jobs/view/4464881794 , ,li-4464881794,fulltime,,,,,,False,mid-senior level,,,Careers@sap.com,"Software Development, IT Services and IT Consulting, and Business Consulting and Services",https://de.linkedin.com/company/sap,,,,,,,,,,,
linkedin,Forward Deployed Engineer (FDE),CLAR AI,"Munich, Bavaria, Germany",2026-10-02,https://www.linkedin.com/jobs/view/4474759720 , ,li-4474759720,fulltime,,,,,,False,entry level,,,,Software Development,https://de.linkedin.com/company/clar-ai,,,,,,,,,,,
linkedin,Forward Deployed Engineer,Stott and May,"Berlin, Germany",2026-10-02,https://www.linkedin.com/jobs/view/4473127544 , ,li-4473127544,fulltime,,,,,,False,mid-senior level,,,,Software Development,https://uk.linkedin.com/company/stott-and-may,,,,,,,,,,,
linkedin,AI-Consultant - Public Sector & Energy (w/m/d),PwC Deutschland,"Munich, Bavaria, Germany",2026-10-02,https://www.linkedin.com/jobs/view/4472859926 , ,li-4472859926,fulltime,,,,,,False,mid-senior level,,,,Accounting and Legal Services,https://de.linkedin.com/company/pwc-deutschland,,,,,,,,,,,
linkedin,Duales Studium Data Science und KI - Smart Operations Management 2027,Lidl International,"Neckarsulm, Baden-Württemberg, Germany",2026-10-02,https://www.linkedin.com/jobs/view/4473190074 , ,li-4473190074,fulltime,,,,,,False,internship,,,,Retail,https://de.linkedin.com/company/lidl-international,,,,,,,,,,,
linkedin,Consultant - Process Mining (m/w/d) in München,Deloitte,"Munich, Bavaria, Germany",2026-10-02,https://www.linkedin.com/jobs/view/4319043022 , ,li-4319043022,fulltime,,,,,,False,entry level,,,career@deloitte.de,Business Consulting and Services,https://www.linkedin.com/company/deloitte,,,,,,,,,,,
linkedin,Mathematiker/-in Versicherungen (all genders),adesso SE,"Hamburg, Hamburg, Germany",2026-10-02,https://www.linkedin.com/jobs/view/4446782297 , ,li-4446782297,fulltime,,,,,,False,mid-senior level,,,,IT Services and IT Consulting,https://de.linkedin.com/company/adesso-se,,,,,,,,,,,
linkedin,Mathematiker/-in Versicherungen (all genders),adesso SE,"Walldorf, Baden-Württemberg, Germany",2026-10-02,https://www.linkedin.com/jobs/view/4446779341 , ,li-4446779341,fulltime,,,,,,False,mid-senior level,,,,IT Services and IT Consulting,https://de.linkedin.com/company/adesso-se,,,,,,,,,,,
linkedin,Mathematiker/-in Versicherungen (all genders),adesso SE,"Stralsund, Mecklenburg-West Pomerania, Germany",2026-10-02,https://www.linkedin.com/jobs/view/4446794203 , ,li-4446794203,fulltime,,,,,,False,mid-senior level,,,,IT Services and IT Consulting,https://de.linkedin.com/company/adesso-se,,,,,,,,,,,
linkedin,Mathematiker/-in Versicherungen (all genders),adesso SE,"Rostock, Mecklenburg-West Pomerania, Germany",2026-10-02,https://www.linkedin.com/jobs/view/4446789259 , ,li-4446789259,fulltime,,,,,,False,mid-senior level,,,,IT Services and IT Consulting,https://de.linkedin.com/company/adesso-se,,,,,,,,,,,
linkedin,Mathematiker/-in Versicherungen (all genders),adesso SE,"Düsseldorf, North Rhine-Westphalia, Germany",2026-10-02,https://www.linkedin.com/jobs/view/4446781371 , ,li-4446781371,fulltime,,,,,,False,mid-senior level,,,,IT Services and IT Consulting,https://de.linkedin.com/company/adesso-se,,,,,,,,,,,
linkedin,AI Application Developer (m/f/d),HARMAN International,"Garching, Bavaria, Germany",2026-10-02,https://www.linkedin.com/jobs/view/4463913137 , ,li-4463913137,fulltime,,,,,,False,mid-senior level,,,harmancareers@harman.com,Computers and Electronics Manufacturing,https://www.linkedin.com/company/harman-international,,,,,,,,,,,
linkedin,Senior AI Specialist (Operations) (x/f/m),Doctolib,"Berlin, Berlin, Germany",2026-10-02,https://www.linkedin.com/jobs/view/4438607485 , ,li-4438607485,fulltime,,,,,,False,mid-senior level,,,,Software Development,https://fr.linkedin.com/company/doctolib,,,,,,,,,,,
linkedin,Fullstack AI Engineer,CLAR AI,"Munich, Bavaria, Germany",2026-10-02,https://www.linkedin.com/jobs/view/4474771225 , ,li-4474771225,fulltime,,,,,,False,entry level,,,,Software Development,https://de.linkedin.com/company/clar-ai,,,,,,,,,,,
linkedin,AI Echosystem Architect (all genders),Plan.Net Group,"Munich, Bavaria, Germany",2026-10-02,https://www.linkedin.com/jobs/view/4464593313 , ,li-4464593313,fulltime,,,,,,False,mid-senior level,,,,"Advertising Services, Technology, Information and Internet, and Online Audio and Video Media",https://de.linkedin.com/company/plan-net-group,,,,,,,,,,,
linkedin,Senior Software Engineer AI Initiatives (m/w/d),hygi.de GmbH & Co. KG,"Telgte, North Rhine-Westphalia, Germany",2026-10-02,https://www.linkedin.com/jobs/view/4474579359 , ,li-4474579359,fulltime,,,,,,False,mid-senior level,,,"karriere@hygi.de, karriere@hygi.de","Technology, Information and Internet",https://de.linkedin.com/company/hygi.de-gmbh-&-co.-kg,,,,,,,,,,,
linkedin,Senior Full Stack Engineer (AI Native),Trust In SODA,"Berlin, Berlin, Germany",2026-10-02,https://www.linkedin.com/jobs/view/4473346838 , ,li-4473346838,fulltime,direct_data,yearly,80000.0,100000.0,EUR,False,mid-senior level,,,,"Insurance, Software Development, and IT System Custom Software Development",https://uk.linkedin.com/company/trust-in-soda,,,,,,,,,,,
linkedin,Senior AI Software Engineer (m/w/d) - Jobbird.com,Jobster,"Heidelberg, Baden-Württemberg, Germany",2026-10-02,https://www.linkedin.com/jobs/view/4473335437 , ,li-4473335437,fulltime,,,,,,False,mid-senior level,,,,Software Development,https://nl.linkedin.com/company/jobster-com,,,,,,,,,,,
linkedin,KI-Entwickler (m/w/d),BKK firmus,"Osnabrück, Lower Saxony, Germany",2026-10-02,https://www.linkedin.com/jobs/view/4473343795 , ,li-4473343795,fulltime,,,,,,False,entry level,,,,"Public Health, Hospitals and Health Care, and Insurance",https://de.linkedin.com/company/bkk-firmus,,,,,,,,,,,
linkedin,AI Systems Engineer (m/w/d),STTech GmbH,Greater Munich Metropolitan Area,2026-10-02,https://www.linkedin.com/jobs/view/4474735523 , ,li-4474735523,fulltime,,,,,,False,entry level,,,,IT Services and IT Consulting,https://www.linkedin.com/company/sttech-gmbh,,,,,,,,,,,
linkedin,AI-Consultant - Public Sector & Energy (w/m/d),PwC Deutschland,"Frankfurt, Hesse, Germany",2026-10-02,https://www.linkedin.com/jobs/view/4472872517 , ,li-4472872517,fulltime,,,,,,False,mid-senior level,,,,Accounting and Legal Services,https://de.linkedin.com/company/pwc-deutschland,,,,,,,,,,,
linkedin,Quantitative Model Developer (f/m/d),Deutsche Börse Group,"Frankfurt, Hesse, Germany",2026-10-02,https://www.linkedin.com/jobs/view/4463864278 , ,li-4463864278,fulltime,,,,,,False,not applicable,,,,Financial Services,https://de.linkedin.com/company/deutscheboersegroup,,,,,,,,,,,
linkedin,AI-Consultant - Public Sector & Energy (w/m/d),PwC Deutschland,"Essen, North Rhine-Westphalia, Germany",2026-10-02,https://www.linkedin.com/jobs/view/4472873455 , ,li-4472873455,fulltime,,,,,,False,mid-senior level,,,,Accounting and Legal Services,https://de.linkedin.com/company/pwc-deutschland,,,,,,,,,,,
linkedin,AI-Consultant - Public Sector & Energy (w/m/d),PwC Deutschland,Saarland,2026-10-02,https://www.linkedin.com/jobs/view/4472873473 , ,li-4472873473,fulltime,,,,,,False,mid-senior level,,,,Accounting and Legal Services,https://de.linkedin.com/company/pwc-deutschland,,,,,,,,,,,
linkedin,Masterarbeit (m/w/d) AI - FunctionFrame2Code,FEV Europe GmbH,"Aachen, North Rhine-Westphalia, Germany",2026-10-02,https://www.linkedin.com/jobs/view/4473340294 , ,li-4473340294,fulltime,,,,,,False,internship,,,,Engineering Services,https://de.linkedin.com/company/fev-europe,,,,,,,,,,,
linkedin,"Senior Decision Scientist, Revenue",Vinted,"Berlin, Berlin, Germany",2026-10-02,https://www.linkedin.com/jobs/view/4456496470 , ,li-4456496470,fulltime,,,,,,False,mid-senior level,,,,Software Development,https://lt.linkedin.com/company/vinted,,,,,,,,,,,
linkedin,Celonis Process Intelligence Consultant (m/w/d),Proxius,Greater Munich Metropolitan Area,2026-10-02,https://www.linkedin.com/jobs/view/4474711982 , ,li-4474711982,fulltime,,,,,,False,entry level,,,,IT Services and IT Consulting and Business Consulting and Services,https://de.linkedin.com/company/proxius,,,,,,,,,,,
linkedin,Management Berater:in - AI & Data (m/w/d),AlixPartners,"Munich, Bavaria, Germany",2026-10-02,https://www.linkedin.com/jobs/view/4463433996 , ,li-4463433996,fulltime,,,,,,False,mid-senior level,,,,Business Consulting and Services,https://www.linkedin.com/company/alixpartners,,,,,,,,,,,
linkedin,(Senior) Manager Customer Data & Tech (w/m/d),Capgemini Invent,"Cologne, North Rhine-Westphalia, Germany",2026-10-02,https://www.linkedin.com/jobs/view/4422299711 , ,li-4422299711,fulltime,,,,,,False,mid-senior level,,,sophie.virneburg@capgemini.com,Business Consulting and Services,https://fr.linkedin.com/company/capgemini-invent,,,,,,,,,,,
linkedin,Duales Studium (B.Sc.) Data Science und Künstliche Intelligenz (m/w/d) Start 2027,Seeberger,"Ulm, Baden-Württemberg, Germany",2026-10-02,https://www.linkedin.com/jobs/view/4462482466 , ,li-4462482466,fulltime,,,,,,False,internship,,,,Retail Groceries,https://de.linkedin.com/company/seeberger,,,,,,,,,,,
linkedin,Groundwater Modeling & Environmental Data Consultant,ERM,"Frankfurt am Main, Hesse, Germany",2026-10-02,https://www.linkedin.com/jobs/view/4473129120 , ,li-4473129120,fulltime,,,,,,False,entry level,,,,"Environmental Services, Civil Engineering, and Oil and Gas",https://uk.linkedin.com/company/erm,,,,,,,,,,,
linkedin,"Associate Director, Europe Business Analytics & Insights",Corcept Therapeutics,"Munich, Bavaria, Germany",2026-10-02,https://www.linkedin.com/jobs/view/4428783219 , ,li-4428783219,fulltime,,,,,,False,mid-senior level,,,,Biotechnology Research,https://www.linkedin.com/company/corcept-therapeutics,,,,,,,,,,,
linkedin,Market & Business Intelligence Lead DACH (m/w/d),Grünenthal Group,"Stolberg (Rhld.), North Rhine-Westphalia, Germany",2026-10-02,https://www.linkedin.com/jobs/view/4442649144 , ,li-4442649144,fulltime,,,,,,False,mid-senior level,,,,"Pharmaceutical Manufacturing, Hospitals and Health Care, and Biotechnology Research",https://de.linkedin.com/company/gruenenthal,,,,,,,,,,,
linkedin,Market & Business Intelligence Lead DACH (m/w/d),Grünenthal Group,"Stolberg, North Rhine-Westphalia, Germany",2026-10-02,https://www.linkedin.com/jobs/view/4443376652 , ,li-4443376652,fulltime,,,,,,False,mid-senior level,,,,"Pharmaceutical Manufacturing, Hospitals and Health Care, and Biotechnology Research",https://de.linkedin.com/company/gruenenthal,,,,,,,,,,,
linkedin,"Decision Scientist, Trust & Safety",Vinted,"Berlin, Berlin, Germany",2026-10-02,https://www.linkedin.com/jobs/view/4469131554 , ,li-4469131554,fulltime,,,,,,False,mid-senior level,,,,Software Development,https://lt.linkedin.com/company/vinted,,,,,,,,,,,
linkedin,Advanced Analytics & Databricks Expert (all genders),MHP – A Porsche Company,"Dresden, Saxony, Germany",2026-10-02,https://www.linkedin.com/jobs/view/4470416876 , ,li-4470416876,fulltime,,,,,,False,mid-senior level,,,,Business Consulting and Services,https://de.linkedin.com/company/mhp-a-porsche-company,,,,,,,,,,,
linkedin,Advanced Analytics & Databricks Expert (all genders),MHP – A Porsche Company,"Berlin, Berlin, Germany",2026-10-02,https://www.linkedin.com/jobs/view/4470421458 , ,li-4470421458,fulltime,,,,,,False,mid-senior level,,,,Business Consulting and Services,https://de.linkedin.com/company/mhp-a-porsche-company,,,,,,,,,,,
linkedin,Advanced Analytics & Databricks Expert (all genders),MHP – A Porsche Company,"Frankfurt am Main, Hesse, Germany",2026-10-02,https://www.linkedin.com/jobs/view/4470422455 , ,li-4470422455,fulltime,,,,,,False,mid-senior level,,,,Business Consulting and Services,https://de.linkedin.com/company/mhp-a-porsche-company,,,,,,,,,,,
linkedin,Advanced Analytics & Databricks Expert (all genders),MHP – A Porsche Company,"Düsseldorf, North Rhine-Westphalia, Germany",2026-10-02,https://www.linkedin.com/jobs/view/4470427233 , ,li-4470427233,fulltime,,,,,,False,mid-senior level,,,,Business Consulting and Services,https://de.linkedin.com/company/mhp-a-porsche-company,,,,,,,,,,,
linkedin,Advanced Analytics & Databricks Expert (all genders),MHP – A Porsche Company,"Wolfsburg, Lower Saxony, Germany",2026-10-02,https://www.linkedin.com/jobs/view/4470428214 , ,li-4470428214,fulltime,,,,,,False,mid-senior level,,,,Business Consulting and Services,https://de.linkedin.com/company/mhp-a-porsche-company,,,,,,,,,,,
linkedin,Advanced Analytics & Databricks Expert (all genders),MHP – A Porsche Company,"Ludwigsburg, Baden-Württemberg, Germany",2026-10-02,https://www.linkedin.com/jobs/view/4470427232 , ,li-4470427232,fulltime,,,,,,False,mid-senior level,,,,Business Consulting and Services,https://de.linkedin.com/company/mhp-a-porsche-company,,,,,,,,,,,
linkedin,Expert Customer Data Analyst (m/w/d),HSE - Home Shopping Europe GmbH,"Ismaning, Bavaria, Germany",2026-10-02,https://www.linkedin.com/jobs/view/4473351574 , ,li-4473351574,fulltime,,,,,,False,mid-senior level,,,,Online and Mail Order Retail,https://de.linkedin.com/company/hse,,,,,,,,,,,
linkedin,Consultant Data Analytics ERP Migrations (w/m/d),PwC Deutschland,"Stuttgart, Baden-Württemberg, Germany",2026-10-02,https://www.linkedin.com/jobs/view/4472876344 , ,li-4472876344,fulltime,,,,,,False,mid-senior level,,,,Accounting and Legal Services,https://de.linkedin.com/company/pwc-deutschland,,,,,,,,,,,
linkedin,Consultant Data Analytics ERP Migrations (w/m/d),PwC Deutschland,"Frankfurt, Hesse, Germany",2026-10-02,https://www.linkedin.com/jobs/view/4472870571 , ,li-4472870571,fulltime,,,,,,False,mid-senior level,,,,Accounting and Legal Services,https://de.linkedin.com/company/pwc-deutschland,,,,,,,,,,,
linkedin,Principal Omics Data Engineer,KEMIO Consulting,"Baden-Württemberg, Germany",2026-10-02,https://www.linkedin.com/jobs/view/4474774442 , ,li-4474774442,fulltime,,,,,,False,mid-senior level,,,,Biotechnology Research and Pharmaceutical Manufacturing,https://uk.linkedin.com/company/kemio-consulting,,,,,,,,,,,
linkedin,Data & Insights,Jobgether,Germany,2026-10-02,https://www.linkedin.com/jobs/view/4472868105 , ,li-4472868105,fulltime,,,,,,False,mid-senior level,,,,Internet Marketplace Platforms,https://be.linkedin.com/company/jobgether,,,,,,,,,,,
linkedin,Postdoctoral Researcher (f/m/x) – Event Segmentation and Laminar 7T fMRI in Alzheimer’s Disease,German Center for Neurodegenerative Diseases (DZNE),"Magdeburg, Saxony-Anhalt, Germany",2026-10-02,https://www.linkedin.com/jobs/view/4468603316 , ,li-4468603316,fulltime,,,,,,False,mid-senior level,,,david.berron@dzne.de,Research Services and Biotechnology Research,https://de.linkedin.com/company/dzne,,,,,,,,,,,
linkedin,Analytics - Future Leaders Graduate Program,Picnic Technologies,"Düsseldorf, North Rhine-Westphalia, Germany",2026-10-02,https://www.linkedin.com/jobs/view/4289798336 , ,li-4289798336,fulltime,,,,,,False,internship,,,,Retail,https://nl.linkedin.com/company/picnictechnologies,,,,,,,,,,,
linkedin,AI Operations Associate (m/f/d),inca,"Berlin, Berlin, Germany",2026-10-02,https://www.linkedin.com/jobs/view/4473119650 , ,li-4473119650,fulltime,direct_data,yearly,60000.0,80000.0,EUR,False,entry level,,,,IT Services and IT Consulting,https://de.linkedin.com/company/inca-ai,,,,,,,,,,,
linkedin,AI-Consultant - Public Sector & Energy (w/m/d),PwC Deutschland,"Düsseldorf, North Rhine-Westphalia, Germany",2026-10-02,https://www.linkedin.com/jobs/view/4472868719 , ,li-4472868719,fulltime,,,,,,False,mid-senior level,,,,Accounting and Legal Services,https://de.linkedin.com/company/pwc-deutschland,,,,,,,,,,,
linkedin,AI-Consultant - Public Sector & Energy (w/m/d),PwC Deutschland,"Leipzig, Saxony, Germany",2026-10-02,https://www.linkedin.com/jobs/view/4472877284 , ,li-4472877284,fulltime,,,,,,False,mid-senior level,,,,Accounting and Legal Services,https://de.linkedin.com/company/pwc-deutschland,,,,,,,,,,,
linkedin,AI-Consultant - Public Sector & Energy (w/m/d),PwC Deutschland,"Nuremberg, Bavaria, Germany",2026-10-02,https://www.linkedin.com/jobs/view/4472878257 , ,li-4472878257,fulltime,,,,,,False,mid-senior level,,,,Accounting and Legal Services,https://de.linkedin.com/company/pwc-deutschland,,,,,,,,,,,
linkedin,AI Platform Administrator (m/w/d),MERKUR GROUP,"Lübbecke, North Rhine-Westphalia, Germany",2026-10-02,https://www.linkedin.com/jobs/view/4473135327 , ,li-4473135327,fulltime,,,,,,False,mid-senior level,,,,Entertainment Providers,https://de.linkedin.com/company/merkur-group,,,,,,,,,,,
linkedin,Technical Product Owner (m|w|d),idealo internet GmbH,"Berlin, Berlin, Germany",2026-10-02,https://www.linkedin.com/jobs/view/4473333692 , ,li-4473333692,fulltime,,,,,,False,mid-senior level,,,,Software Development,https://de.linkedin.com/company/idealo-internet-gmbh,,,,,,,,,,,
linkedin,Senior Product Owner - Agentic AI,Capgemini,"Frankfurt am Main, Hesse, Germany",2026-10-02,https://www.linkedin.com/jobs/view/4467099837 , ,li-4467099837,fulltime,,,,,,False,mid-senior level,,,,IT Services and IT Consulting,https://fr.linkedin.com/company/capgemini,,,,,,,,,,,
linkedin,Senior Full-Stack Engineer + AI-Architect,costeo GmbH,"Frankfurt, Hesse, Germany",2026-10-02,https://www.linkedin.com/jobs/view/4474749773 , ,li-4474749773,fulltime,,,,,,False,mid-senior level,,,,IT Services and IT Consulting,https://de.linkedin.com/company/costeo-company,,,,,,,,,,,
linkedin,Senior AI Agent Developer,LanceSoft Europe,Germany,2026-10-02,https://www.linkedin.com/jobs/view/4473337446 , ,li-4473337446,contract,,,,,,False,mid-senior level,,,,Software Development,https://pl.linkedin.com/company/lancesoft-europe,,,,,,,,,,,
linkedin,"Senior KI-Experte (m/w/d) – Daten, Prozesse, Automatisierung & AI Security",Einkaufsbüro Deutscher Eisenhändler (E/D/E Gruppe),"Wuppertal, North Rhine-Westphalia, Germany",2026-10-02,https://www.linkedin.com/jobs/view/4465857518 , ,li-4465857518,fulltime,,,,,,False,mid-senior level,,,,Wholesale,https://de.linkedin.com/company/ede-einkaufsbuero-deutscher-eisenhaendler-gmbh,,,,,,,,,,,
linkedin,Senior AI Client Delivery Manager (w/m/x),NTT DATA Europe & Latam,"Munich, Bavaria, Germany",2026-10-02,https://www.linkedin.com/jobs/view/4473404010 , ,li-4473404010,fulltime,,,,,,False,mid-senior level,,,,IT Services and IT Consulting,https://es.linkedin.com/company/ntt-data-europe-latam,,,,,,,,,,,
linkedin,Masterarbeit (m/w/d) AI - FunctionFrame2Code,FEV Europe GmbH,"Alsdorf, North Rhine-Westphalia, Germany",2026-10-02,https://www.linkedin.com/jobs/view/4473335513 , ,li-4473335513,fulltime,,,,,,False,internship,,,,Engineering Services,https://de.linkedin.com/company/fev-europe,,,,,,,,,,,
linkedin,Consultant Data Analytics ERP Migrations (w/m/d),PwC Deutschland,"Essen, North Rhine-Westphalia, Germany",2026-10-02,https://www.linkedin.com/jobs/view/4472875459 , ,li-4472875459,fulltime,,,,,,False,mid-senior level,,,,Accounting and Legal Services,https://de.linkedin.com/company/pwc-deutschland,,,,,,,,,,,
linkedin,AI-Consultant - Public Sector & Energy (w/m/d),PwC Deutschland,"Hamburg, Hamburg, Germany",2026-10-02,https://www.linkedin.com/jobs/view/4472861953 , ,li-4472861953,fulltime,,,,,,False,mid-senior level,,,,Accounting and Legal Services,https://de.linkedin.com/company/pwc-deutschland,,,,,,,,,,,
linkedin,Consultant Data Analytics ERP Migrations (w/m/d),PwC Deutschland,"Hannover, Lower Saxony, Germany",2026-10-02,https://www.linkedin.com/jobs/view/4472872452 , ,li-4472872452,fulltime,,,,,,False,mid-senior level,,,,Accounting and Legal Services,https://de.linkedin.com/company/pwc-deutschland,,,,,,,,,,,
linkedin,Applied Operations Research Engineer,Circonomit,"Cologne, North Rhine-Westphalia, Germany",2026-10-02,https://www.linkedin.com/jobs/view/4474733503 , ,li-4474733503,fulltime,,,,,,False,mid-senior level,,,,IT Services and IT Consulting,https://de.linkedin.com/company/circonomit,,,,,,,,,,,
linkedin,Senior Supply Chain Consultant – Digitalisierung & Analytics (m/w/d),aioneers,"Mannheim, Baden-Württemberg, Germany",2026-10-02,https://www.linkedin.com/jobs/view/4473171046 , ,li-4473171046,fulltime,,,,,,False,associate,,,,Software Development,https://de.linkedin.com/company/aioneers,,,,,,,,,,,
linkedin,Senior Supply Chain Consultant – Digitalisierung & Analytics (m/w/d),aioneers,"Munich, Bavaria, Germany",2026-10-02,https://www.linkedin.com/jobs/view/4473150951 , ,li-4473150951,fulltime,,,,,,False,associate,,,,Software Development,https://de.linkedin.com/company/aioneers,,,,,,,,,,,
linkedin,Projektmanager Datenanalyse bei Airbus (m/w/d),ARTS Aero,"Hamburg, Germany",2026-10-02,https://www.linkedin.com/jobs/view/4473326882 , ,li-4473326882,fulltime,direct_data,yearly,79000.0,102000.0,USD,False,associate,,,,Aviation and Aerospace Component Manufacturing and Airlines and Aviation,https://de.linkedin.com/company/arts-aero,,,,,,,,,,,
linkedin,Manager Value Creation Management (m/f/d),adidas,"Herzogenaurach, Bavaria, Germany",2026-10-02,https://www.linkedin.com/jobs/view/4473167194 , ,li-4473167194,fulltime,,,,,,False,not applicable,,,,"Manufacturing, Retail, and Sporting Goods Manufacturing",https://de.linkedin.com/company/adidas,,,,,,,,,,,
linkedin,Head of - Product & Engineering Analytics (d/f/m),Personio,"Munich, Bavaria, Germany",2026-10-02,https://www.linkedin.com/jobs/view/4453468163 , ,li-4453468163,fulltime,,,,,,False,mid-senior level,,,,Software Development,https://de.linkedin.com/company/personio,,,,,,,,,,,
linkedin,Referentin/Referent (m/w/d) Wasserhaushalt und Datenmanagement Wassermenge,State Chancellery of Saxony,"Dresden, Saxony, Germany",2026-10-02,https://www.linkedin.com/jobs/view/4472871808 , ,li-4472871808,fulltime,,,,,,False,entry level,,,bewerbungen.nb@smul.sachsen.de,Government Administration,https://de.linkedin.com/company/s%C3%A4chsische-staatskanzlei,,,,,,,,,,,
linkedin,PhD/Junior Researcher oder PostDoc/Senior Researcher (m/w/d) - Mathematical Research Data Initiative,FIZ Karlsruhe - Leibniz Institute for Information Infrastructure,"Berlin, Berlin, Germany",2026-10-02,https://www.linkedin.com/jobs/view/4474766169 , ,li-4474766169,fulltime,,,,,,False,internship,,,moritz.schubotz@fiz-karlsruhe.de,Information Services,https://de.linkedin.com/company/fiz-karlsruhe,,,,,,,,,,,
linkedin,Consultant Data Analytics Global Transformation Tax (w/m/d),PwC Deutschland,"Hamburg, Hamburg, Germany",2026-10-02,https://www.linkedin.com/jobs/view/4472873472 , ,li-4472873472,fulltime,,,,,,False,mid-senior level,,,,Accounting and Legal Services,https://de.linkedin.com/company/pwc-deutschland,,,,,,,,,,,
linkedin,Staff AI Engineer (f/m/x),Eye Security,"Berlin, Berlin, Germany",2026-10-02,https://www.linkedin.com/jobs/view/4464873089 , ,li-4464873089,fulltime,,,,,,False,mid-senior level,,,,Computer and Network Security,https://nl.linkedin.com/company/eyesecurity,,,,,,,,,,,
linkedin,"Lead Agentic Systems Engineer - Frankfurt - €175,000-€200,000",Findr,Frankfurt Rhine-Main Metropolitan Area,2026-10-02,https://www.linkedin.com/jobs/view/4474783133 , ,li-4474783133,fulltime,direct_data,yearly,175000.0,200000.0,EUR,False,mid-senior level,,,,"Software Development, IT System Custom Software Development, and Technology, Information and Media",https://de.linkedin.com/company/findr-tech,,,,,,,,,,,
linkedin,Applied AI Architect – Semiconductor Engineering Solutions (f/m/div),Infineon Technologies,"Munich, Bavaria, Germany",2026-10-02,https://www.linkedin.com/jobs/view/4473771590 , ,li-4473771590,fulltime,,,,,,False,entry level,,,,"Semiconductor Manufacturing, Appliances, Electrical, and Electronics Manufacturing, and Computer Hardware Manufacturing",https://de.linkedin.com/company/infineon-technologies,,,,,,,,,,,
linkedin,Senior Agentic AI Engineer  (m/f/d),Mercanis,"Berlin, Berlin, Germany",2026-10-02,https://www.linkedin.com/jobs/view/4473141359 , ,li-4473141359,fulltime,,,,,,False,associate,,,,Software Development,https://de.linkedin.com/company/mercanis,,,,,,,,,,,
linkedin,Senior AI Solutions Consultant (all genders) | 80%-100%,Wavestone,Germany,2026-10-02,https://www.linkedin.com/jobs/view/4473151625 , ,li-4473151625,fulltime,,,,,,False,associate,,,,IT Services and IT Consulting,https://fr.linkedin.com/company/wavestone,,,,,,,,,,,
linkedin,ML Product Engineer,kausable,"Heidelberg, Baden-Württemberg, Germany",2026-10-02,https://www.linkedin.com/jobs/view/4473196308 , ,li-4473196308,fulltime,direct_data,yearly,55000.0,120000.0,EUR,False,associate,,,,Software Development,https://www.linkedin.com/company/kausable,,,,,,,,,,,
linkedin,AI Platform Lead,TechTree,"Berlin, Berlin, Germany",2026-10-02,https://www.linkedin.com/jobs/view/4473145870 , ,li-4473145870,fulltime,,,,,,False,mid-senior level,,,,Software Development,https://uk.linkedin.com/company/techtreehq,,,,,,,,,,,
linkedin,AI Engineer,Instaffo,"Berlin, Berlin, Germany",2026-10-02,https://www.linkedin.com/jobs/view/4475039118 , ,li-4475039118,fulltime,direct_data,yearly,60000.0,80000.0,EUR,False,mid-senior level,,,,Staffing and Recruiting,https://de.linkedin.com/company/instaffo-gmbh,,,,,,,,,,,
linkedin,Senior AI Solution Architect (m/f/d),EOS,"Krailling, Bavaria, Germany",2026-10-02,https://www.linkedin.com/jobs/view/4450292257 , ,li-4450292257,fulltime,,,,,,False,mid-senior level,,,recruiting@eos.info,Machinery Manufacturing,https://de.linkedin.com/company/eos,,,,,,,,,,,
linkedin,Senior AI Engineer (w/m/x),NTT DATA Europe & Latam,"Ettlingen, Baden-Württemberg, Germany",2026-10-02,https://www.linkedin.com/jobs/view/4473192432 , ,li-4473192432,fulltime,,,,,,False,mid-senior level,,,,IT Services and IT Consulting,https://es.linkedin.com/company/ntt-data-europe-latam,,,,,,,,,,,
linkedin,AI Engineer – GenAI & Agentic AI (all genders),Wavestone,Germany,2026-10-02,https://www.linkedin.com/jobs/view/4473160108 , ,li-4473160108,fulltime,,,,,,False,associate,,,,IT Services and IT Consulting,https://fr.linkedin.com/company/wavestone,,,,,,,,,,,
linkedin,Lead Research Engineer (f/m/d): Foundation and World Models on Structured Data,SAP,"Garching, Bavaria, Germany",2026-10-02,https://www.linkedin.com/jobs/view/4377947918 , ,li-4377947918,fulltime,,,,,,False,mid-senior level,,,Careers@sap.com,"Software Development, IT Services and IT Consulting, and Business Consulting and Services",https://de.linkedin.com/company/sap,,,,,,,,,,,
linkedin,Manager AI & Data Analytics / Data Science (m/w/d),Deloitte,"Düsseldorf, North Rhine-Westphalia, Germany",2026-10-02,https://www.linkedin.com/jobs/view/4318178855 , ,li-4318178855,fulltime,,,,,,False,mid-senior level,,,career@deloitte.de,Business Consulting and Services,https://www.linkedin.com/company/deloitte,,,,,,,,,,,
linkedin,Manager AI & Data Analytics / Data Science (m/w/d) in Frankfurt (Main),Deloitte,"Frankfurt, Hesse, Germany",2026-10-02,https://www.linkedin.com/jobs/view/4318189295 , ,li-4318189295,fulltime,,,,,,False,mid-senior level,,,career@deloitte.de,Business Consulting and Services,https://www.linkedin.com/company/deloitte,,,,,,,,,,,
linkedin,AI Research Engineer - ML & Signal Processing,Helsing,"Munich, Bavaria, Germany",2026-10-02,https://www.linkedin.com/jobs/view/4316266734 , ,li-4316266734,fulltime,,,,,,False,mid-senior level,,,,Software Development,https://de.linkedin.com/company/helsing,,,,,,,,,,,
linkedin,Research Engineer (Agentic Models),JetBrains,"Munich, Bavaria, Germany",2026-10-02,https://www.linkedin.com/jobs/view/4353615246 , ,li-4353615246,fulltime,,,,,,False,mid-senior level,,,,Software Development,https://nl.linkedin.com/company/jetbrains,,,,,,,,,,,
linkedin,Senior AI Engineer (w/m/x),NTT DATA Europe & Latam,"Wolfsburg, Lower Saxony, Germany",2026-10-02,https://www.linkedin.com/jobs/view/4473191432 , ,li-4473191432,fulltime,,,,,,False,mid-senior level,,,,IT Services and IT Consulting,https://es.linkedin.com/company/ntt-data-europe-latam,,,,,,,,,,,
linkedin,"Forward Deployed Engineer, Agentic Platform (Europe)",Cohere,"Munich, Bavaria, Germany",2026-10-02,https://www.linkedin.com/jobs/view/4418814807 , ,li-4418814807,fulltime,,,,,,False,entry level,,,,Software Development,https://ca.linkedin.com/company/cohere-ai,,,,,,,,,,,
linkedin,Software Engineer Conversational AI (m/w/d),BITMARCK,"Frankfurt, Hesse, Germany",2026-10-02,https://www.linkedin.com/jobs/view/4466081363 , ,li-4466081363,fulltime,,,,,,False,mid-senior level,,,,IT Services and IT Consulting,https://de.linkedin.com/company/bitmarck,,,,,,,,,,,
linkedin,Head of Development AI Agent Platform (m/w/d),Strategy & Transformation Consulting GmbH,Germany,2026-10-02,https://www.linkedin.com/jobs/view/4473133344 , ,li-4473133344,,,,,,,False,,,,,,https://de.linkedin.com/company/strategy-&-transformation-consulting,,,,,,,,,,,
linkedin,"Senior Software Engineer - Data Search (remote, Europe)",Modash,"Berlin, Berlin, Germany",2026-10-02,https://www.linkedin.com/jobs/view/4474762458 , ,li-4474762458,fulltime,,,,,,True,mid-senior level,,,,IT Services and IT Consulting,https://ee.linkedin.com/company/modash,,,,,,,,,,,
linkedin,Consultant Data Analytics Global Transformation Tax (w/m/d),PwC Deutschland,"Düsseldorf, North Rhine-Westphalia, Germany",2026-10-02,https://www.linkedin.com/jobs/view/4472879240 , ,li-4472879240,fulltime,,,,,,False,mid-senior level,,,,Accounting and Legal Services,https://de.linkedin.com/company/pwc-deutschland,,,,,,,,,,,
linkedin,Advanced Analytics & Databricks Expert (all genders),MHP – A Porsche Company,"Nuremberg, Bavaria, Germany",2026-10-02,https://www.linkedin.com/jobs/view/4470420642 , ,li-4470420642,fulltime,,,,,,False,mid-senior level,,,,Business Consulting and Services,https://de.linkedin.com/company/mhp-a-porsche-company,,,,,,,,,,,
linkedin,Commercial & Analytics Projects - Mid-Level (m/w/d),Picnic Technologies,"Düsseldorf, North Rhine-Westphalia, Germany",2026-10-02,https://www.linkedin.com/jobs/view/4288467576 , ,li-4288467576,fulltime,,,,,,False,mid-senior level,,,,Retail,https://nl.linkedin.com/company/picnictechnologies,,,,,,,,,,,
linkedin,AI Architect – Agentic & Sovereign AI (all genders),Wavestone,Germany,2026-10-02,https://www.linkedin.com/jobs/view/4473155295 , ,li-4473155295,fulltime,,,,,,False,associate,,,,IT Services and IT Consulting,https://fr.linkedin.com/company/wavestone,,,,,,,,,,,
linkedin,"Forward Deployed AI Engineer, Germany",ICEYE,"Neuss, North Rhine-Westphalia, Germany",2026-10-02,https://www.linkedin.com/jobs/view/4457308314 , ,li-4457308314,fulltime,,,,,,False,mid-senior level,,,,Defense and Space Manufacturing,https://fi.linkedin.com/company/iceye,,,,,,,,,,,
linkedin,"Forward Deployed Engineer, Agentic Platform (Europe)",Cohere,"Berlin, Berlin, Germany",2026-10-02,https://www.linkedin.com/jobs/view/4418824220 , ,li-4418824220,fulltime,,,,,,False,entry level,,,,Software Development,https://ca.linkedin.com/company/cohere-ai,,,,,,,,,,,
linkedin,"Forward Deployed Engineer, Agentic Platform (Europe)",Cohere,"Frankfurt, Hesse, Germany",2026-10-02,https://www.linkedin.com/jobs/view/4418816639 , ,li-4418816639,fulltime,,,,,,False,entry level,,,,Software Development,https://ca.linkedin.com/company/cohere-ai,,,,,,,,,,,
linkedin,Azure AI Engineer - Agentic Systems (all genders),adesso SE,"Aachen, North Rhine-Westphalia, Germany",2026-10-02,https://www.linkedin.com/jobs/view/4436817195 , ,li-4436817195,fulltime,,,,,,False,mid-senior level,,,,IT Services and IT Consulting,https://de.linkedin.com/company/adesso-se,,,,,,,,,,,
linkedin,Senior AI Software Engineer (m/w/d) - Jobbird.com,Jobster,"Coblenz, Rhineland-Palatinate, Germany",2026-10-02,https://www.linkedin.com/jobs/view/4473339310 , ,li-4473339310,fulltime,,,,,,False,mid-senior level,,,,Software Development,https://nl.linkedin.com/company/jobster-com,,,,,,,,,,,
linkedin,"Senior AI Engineer, Agents and Platform (f/m/d)",XU Group,"Berlin, Berlin, Germany",2026-10-02,https://www.linkedin.com/jobs/view/4473167203 , ,li-4473167203,fulltime,,,,,,False,associate,,,,Software Development,https://de.linkedin.com/school/xu-group/,,,,,,,,,,,
linkedin,SW Optimization Engineer AI/ML,Apple,"Neubiberg, Bavaria, Germany",2026-10-02,https://www.linkedin.com/jobs/view/4472873611 , ,li-4472873611,fulltime,,,,,,False,mid-senior level,,,,Computers and Electronics Manufacturing,https://www.linkedin.com/company/apple,,,,,,,,,,,
linkedin,Platform Engineer Analytics & KI-Platform (m/w/d),REWE digital,"Cologne, North Rhine-Westphalia, Germany",2026-10-02,https://www.linkedin.com/jobs/view/4386355137 , ,li-4386355137,fulltime,,,,,,False,associate,,,,Software Development,https://de.linkedin.com/company/rewedigital,,,,,,,,,,,
linkedin,Forward Deployed Engineer (m/w/d) KI-native Entwicklung,Union Investment,"Berlin, Germany",2026-10-02,https://www.linkedin.com/jobs/view/4465867033 , ,li-4465867033,fulltime,,,,,,False,mid-senior level,,,,Financial Services,https://de.linkedin.com/company/union-investment,,,,,,,,,,,
linkedin,PhD Position - Representation and Active Learning for Multi-Scale Scientific Imaging,Forschungszentrum Jülich,"Jülich, North Rhine-Westphalia, Germany",2026-10-02,https://www.linkedin.com/jobs/view/4474754518 , ,li-4474754518,fulltime,,,,,,False,internship,,,,Internet Publishing,https://de.linkedin.com/company/forschungszentrum-julich,,,,,,,,,,,
linkedin,Senior Data & AI Architect,reeeliance,"Hamburg, Germany",2026-10-02,https://www.linkedin.com/jobs/view/4431928145 , ,li-4431928145,fulltime,,,,,,False,mid-senior level,,,marija.sekularac@reeeliance.com,IT Services and IT Consulting,https://de.linkedin.com/company/reeeliance-im-gmbh,,,,,,,,,,,
linkedin,Senior AI Engineer (w/m/x),NTT DATA Europe & Latam,"Berlin, Germany",2026-10-02,https://www.linkedin.com/jobs/view/4473404008 , ,li-4473404008,fulltime,,,,,,False,mid-senior level,,,,IT Services and IT Consulting,https://es.linkedin.com/company/ntt-data-europe-latam,,,,,,,,,,,
linkedin,AI Technical Lead,Teva Pharmaceuticals,"Ulm, Baden-Württemberg, Germany",2026-10-02,https://www.linkedin.com/jobs/view/4474798779 , ,li-4474798779,fulltime,,,,,,False,not applicable,,,,Pharmaceutical Manufacturing,https://il.linkedin.com/company/teva-pharmaceuticals,,,,,,,,,,,
linkedin,Senior AI Engineer (w/m/x),NTT DATA Europe & Latam,"Rosenheim, Bavaria, Germany",2026-10-02,https://www.linkedin.com/jobs/view/4473187682 , ,li-4473187682,fulltime,,,,,,False,mid-senior level,,,,IT Services and IT Consulting,https://es.linkedin.com/company/ntt-data-europe-latam,,,,,,,,,,,
linkedin,"Staff ML Engineer, Product Recommendations (m/f/d)",Redcare Pharmacy,"Munich, Bavaria, Germany",2026-10-02,https://www.linkedin.com/jobs/view/4463966975 , ,li-4463966975,fulltime,,,,,,False,mid-senior level,,,,Software Development and IT Services and IT Consulting,https://nl.linkedin.com/company/redcare-pharmacy-com,,,,,,,,,,,
linkedin,Staff Research Engineer (LLM Pre-Training),JetBrains,"Munich, Bavaria, Germany",2026-10-02,https://www.linkedin.com/jobs/view/4385773332 , ,li-4385773332,fulltime,,,,,,False,internship,,,,Software Development,https://nl.linkedin.com/company/jetbrains,,,,,,,,,,,
linkedin,Senior/Staff ML Scientist - Bidding & Optimization (f/m/d),adjoe,"Berlin, Berlin, Germany",2026-10-02,https://www.linkedin.com/jobs/view/4474772192 , ,li-4474772192,fulltime,,,,,,False,mid-senior level,,,,Software Development,https://de.linkedin.com/company/adjoe,,,,,,,,,,,
linkedin,Machine Learning / MLOps Engineer (m/w/d),Michael Page,"Hamburg, Hamburg, Germany",2026-10-02,https://www.linkedin.com/jobs/view/4474765674 , ,li-4474765674,fulltime,,,,,,False,mid-senior level,,,,"Telecommunications, Biotechnology Research, and IT Services and IT Consulting",https://uk.linkedin.com/company/michael-page,,,,,,,,,,,
linkedin,Senior AI Engineer (w/m/x),NTT DATA Europe & Latam,"Munich, Bavaria, Germany",2026-10-02,https://www.linkedin.com/jobs/view/4473191439 , ,li-4473191439,fulltime,,,,,,False,mid-senior level,,,,IT Services and IT Consulting,https://es.linkedin.com/company/ntt-data-europe-latam,,,,,,,,,,,
linkedin,Senior AI Engineer (w/m/x),NTT DATA Europe & Latam,"Stuttgart, Baden-Württemberg, Germany",2026-10-02,https://www.linkedin.com/jobs/view/4473198256 , ,li-4473198256,fulltime,,,,,,False,mid-senior level,,,,IT Services and IT Consulting,https://es.linkedin.com/company/ntt-data-europe-latam,,,,,,,,,,,
linkedin,"Staff ML Engineer, Product Recommendations (m/f/d)",Redcare Pharmacy,"Berlin, Berlin, Germany",2026-10-02,https://www.linkedin.com/jobs/view/4463965924 , ,li-4463965924,fulltime,,,,,,False,mid-senior level,,,,Software Development and IT Services and IT Consulting,https://nl.linkedin.com/company/redcare-pharmacy-com,,,,,,,,,,,
linkedin,Senior Machine Learning Engineer,AI Futures,"Berlin, Germany",2026-10-02,https://www.linkedin.com/jobs/view/4473157648 , ,li-4473157648,fulltime,direct_data,yearly,95.0,115.0,EUR,False,mid-senior level,,,,Hospitals and Health Care,https://uk.linkedin.com/company/aifuturesgroup,,,,,,,,,,,
linkedin,Senior Data Scientist/ML Engineer - Financial Crime,SumUp,"Berlin, Berlin, Germany",2026-10-02,https://www.linkedin.com/jobs/view/4453861201 , ,li-4453861201,fulltime,,,,,,False,mid-senior level,,,,Financial Services,https://uk.linkedin.com/company/sumup,,,,,,,,,,,
linkedin,"Senior Data Scientist, Buyer",Vinted,"Berlin, Berlin, Germany",2026-10-02,https://www.linkedin.com/jobs/view/4456753596 , ,li-4456753596,fulltime,,,,,,False,mid-senior level,,,,Software Development,https://lt.linkedin.com/company/vinted,,,,,,,,,,,
linkedin,Expert Machine Learning Perception Engineer – Self-Driving,VINFAST,"Frankfurt am Main, Hesse, Germany",2026-10-02,https://www.linkedin.com/jobs/view/4435791601 , ,li-4435791601,fulltime,,,,,,False,mid-senior level,,,,Motor Vehicle Manufacturing,https://vn.linkedin.com/company/vinfast,,,,,,,,,,,
linkedin,Machine Learning Engineer,Women Building Bio,"Munich, Bavaria, Germany",2026-10-02,https://www.linkedin.com/jobs/view/4472846357 , ,li-4472846357,fulltime,,,,,,False,mid-senior level,,,,Biotechnology Research,https://www.linkedin.com/company/women-building-bio,,,,,,,,,,,
linkedin,"Senior / Lead Data Scientist – Applied Statistics & Machine Learning – €100,000 – Hybrid – Frankfurt",Findr,"Frankfurt am Main, Hesse, Germany",2026-10-02,https://www.linkedin.com/jobs/view/4474782236 , ,li-4474782236,fulltime,direct_data,yearly,80000.0,105000.0,EUR,False,mid-senior level,,,,"Data Infrastructure and Analytics, IT System Data Services, and Technology, Information and Media",https://de.linkedin.com/company/findr-tech,,,,,,,,,,,
linkedin,"Senior / Lead Data Scientist – Applied Statistics & Machine Learning – €100,000 – Hybrid – Munich",Findr,"Munich, Bavaria, Germany",2026-10-02,https://www.linkedin.com/jobs/view/4474779282 , ,li-4474779282,fulltime,direct_data,yearly,80000.0,100000.0,EUR,False,mid-senior level,,,,"Data Infrastructure and Analytics, IT System Data Services, and Technology, Information and Media",https://de.linkedin.com/company/findr-tech,,,,,,,,,,,
linkedin,Consultant Data Analytics Global Transformation Tax (w/m/d),PwC Deutschland,"Munich, Bavaria, Germany",2026-10-02,https://www.linkedin.com/jobs/view/4472859930 , ,li-4472859930,fulltime,,,,,,False,mid-senior level,,,,Accounting and Legal Services,https://de.linkedin.com/company/pwc-deutschland,,,,,,,,,,,
linkedin,Senior AI Engineer (w/m/x),NTT DATA Europe & Latam,"Cologne, North Rhine-Westphalia, Germany",2026-10-02,https://www.linkedin.com/jobs/view/4473183767 , ,li-4473183767,fulltime,,,,,,False,mid-senior level,,,,IT Services and IT Consulting,https://es.linkedin.com/company/ntt-data-europe-latam,,,,,,,,,,,
linkedin,Consultant Data Analytics Global Transformation Tax (w/m/d),PwC Deutschland,"Berlin, Berlin, Germany",2026-10-02,https://www.linkedin.com/jobs/view/4472872450 , ,li-4472872450,fulltime,,,,,,False,mid-senior level,,,,Accounting and Legal Services,https://de.linkedin.com/company/pwc-deutschland,,,,,,,,,,,
linkedin,Machine Learning Engineer,develop,"Berlin, Germany",2026-10-02,https://www.linkedin.com/jobs/view/4473130593 , ,li-4473130593,fulltime,direct_data,yearly,90000.0,120000.0,EUR,False,mid-senior level,,,,"Artificial Intelligence, Manufacturing, and Software Development",https://uk.linkedin.com/company/developrec,,,,,,,,,,,
linkedin,Consultant Data Analytics Global Transformation Tax (w/m/d),PwC Deutschland,"Mannheim, Baden-Württemberg, Germany",2026-10-02,https://www.linkedin.com/jobs/view/4472879186 , ,li-4472879186,fulltime,,,,,,False,mid-senior level,,,,Accounting and Legal Services,https://de.linkedin.com/company/pwc-deutschland,,,,,,,,,,,
linkedin,Principal Machine Learning Scientist (alle Gechlechter),Bayer,"Berlin, Berlin, Germany",2026-10-02,https://www.linkedin.com/jobs/view/4443242307 , ,li-4443242307,fulltime,,,,,,False,mid-senior level,,,,"Chemical Manufacturing, Pharmaceutical Manufacturing, and Biotechnology Research",https://de.linkedin.com/company/bayer,,,,,,,,,,,
linkedin,Lead Data Scientist,DT,"Berlin, Berlin, Germany",2026-10-02,https://www.linkedin.com/jobs/view/4473392580 , ,li-4473392580,fulltime,description,yearly,223000.0,272000.0,USD,False,mid-senior level,,,,Advertising Services,https://www.linkedin.com/company/digital-turbine,,,,,,,,,,,
linkedin,Principal Machine Learning Scientist (all genders),Bayer,"Berlin, Berlin, Germany",2026-10-02,https://www.linkedin.com/jobs/view/4443241345 , ,li-4443241345,fulltime,,,,,,False,mid-senior level,,,,"Chemical Manufacturing, Pharmaceutical Manufacturing, and Biotechnology Research",https://de.linkedin.com/company/bayer,,,,,,,,,,,
linkedin,Senior AI Engineer (w/m/x),NTT DATA Europe & Latam,"Hamburg, Hamburg, Germany",2026-10-02,https://www.linkedin.com/jobs/view/4473191438 , ,li-4473191438,fulltime,,,,,,False,mid-senior level,,,,IT Services and IT Consulting,https://es.linkedin.com/company/ntt-data-europe-latam,,,,,,,,,,,
linkedin,Machine Learning Engineer (Governance ML Platform),Jobgether,Germany,2026-10-02,https://www.linkedin.com/jobs/view/4473338428 , ,li-4473338428,fulltime,,,,,,False,mid-senior level,,,,Internet Marketplace Platforms,https://be.linkedin.com/company/jobgether,,,,,,,,,,,
linkedin,"Staff ML Engineer, Product Recommendations (m/f/d)",Redcare Pharmacy,"Cologne, North Rhine-Westphalia, Germany",2026-10-02,https://www.linkedin.com/jobs/view/4463977411 , ,li-4463977411,fulltime,,,,,,False,mid-senior level,,,,Software Development and IT Services and IT Consulting,https://nl.linkedin.com/company/redcare-pharmacy-com,,,,,,,,,,,
linkedin,Principal AI/ ML Algorithm Development Engineer - Battery Insights,Analog Devices,Greater Munich Metropolitan Area,2026-10-02,https://www.linkedin.com/jobs/view/4443617735 , ,li-4443617735,fulltime,,,,,,False,mid-senior level,,,,Semiconductor Manufacturing,https://www.linkedin.com/company/analog-devices,,,,,,,,,,,
linkedin,Junior Consultant (all genders) AI & MLOps Engineering,valantic,"Munich, Bavaria, Germany",2026-10-02,https://www.linkedin.com/jobs/view/4463494114 , ,li-4463494114,fulltime,,,,,,False,entry level,,,,Business Consulting and Services,https://de.linkedin.com/company/valantic,,,,,,,,,,,
linkedin,Senior Manager Data Science & AI Engineering (w/m/d),Eraneos,Greater Munich Metropolitan Area,2026-10-02,https://www.linkedin.com/jobs/view/4444592802 , ,li-4444592802,fulltime,,,,,,False,mid-senior level,,,paulina.krzeminski@eraneos.com,Business Consulting and Services,https://ch.linkedin.com/company/eraneos,,,,,,,,,,,
linkedin,Senior AI Engineer (w/m/x),NTT DATA Europe & Latam,"Erfurt, Thuringia, Germany",2026-10-02,https://www.linkedin.com/jobs/view/4473190458 , ,li-4473190458,fulltime,,,,,,False,mid-senior level,,,,IT Services and IT Consulting,https://es.linkedin.com/company/ntt-data-europe-latam,,,,,,,,,,,
linkedin,Senior Data Scientist,Impala Search,"Berlin, Germany",2026-10-02,https://www.linkedin.com/jobs/view/4473351534 , ,li-4473351534,fulltime,,,,,,False,mid-senior level,,,,Information Services,https://uk.linkedin.com/company/impala-search,,,,,,,,,,,
linkedin,(Senior) AI Solutions Engineer (m/w/d),CHEPLAPHARM,"Greifswald, Mecklenburg-West Pomerania, Germany",2026-10-02,https://www.linkedin.com/jobs/view/4473143717 , ,li-4473143717,fulltime,,,,,,False,mid-senior level,,,,Pharmaceutical Manufacturing,https://de.linkedin.com/company/cheplapharm-arzneimittel-gmbh,,,,,,,,,,,
linkedin,Lead Machine Learning and Intelligent Automation Engineer,Uneek Global,"Bavaria, Germany",2026-10-02,https://www.linkedin.com/jobs/view/4462792171 , ,li-4462792171,fulltime,direct_data,yearly,100000.0,130000.0,EUR,False,mid-senior level,,,,"Energy Technology, Services for Renewable Energy, and Electric Power Generation",https://uk.linkedin.com/company/uneek-global,,,,,,,,,,,
linkedin,ML Engineering Lead (LLM Ops),Neko Health,"Berlin, Berlin, Germany",2026-10-02,https://www.linkedin.com/jobs/view/4474755684 , ,li-4474755684,fulltime,,,,,,False,mid-senior level,,,,Hospitals and Health Care,https://se.linkedin.com/company/nekohealth,,,,,,,,,,,
linkedin,Senior AI Engineer (w/m/x),NTT DATA Europe & Latam,"Frankfurt am Main, Hesse, Germany",2026-10-02,https://www.linkedin.com/jobs/view/4473193458 , ,li-4473193458,fulltime,,,,,,False,mid-senior level,,,,IT Services and IT Consulting,https://es.linkedin.com/company/ntt-data-europe-latam,,,,,,,,,,,
linkedin,Staff Computer Vision Engineer - Perception,SE3 Labs,"Munich, Bavaria, Germany",2026-10-02,https://www.linkedin.com/jobs/view/4475019586 , ,li-4475019586,fulltime,,,,,,False,mid-senior level,,,,Software Development,https://de.linkedin.com/company/se3-labs,,,,,,,,,,,
linkedin,Senior AI/ML Audio Engineer (f/m/d),NXP Semiconductors,"Dresden, Saxony, Germany",2026-10-02,https://www.linkedin.com/jobs/view/4437883012 , ,li-4437883012,fulltime,,,,,,False,mid-senior level,,,,"Semiconductor Manufacturing, Computers and Electronics Manufacturing, and Software Development",https://nl.linkedin.com/company/nxp-semiconductors,,,,,,,,,,,
linkedin,AI Systems Engineer (f/m/d),Sonar,"Bochum, North Rhine-Westphalia, Germany",2026-10-01,https://www.linkedin.com/jobs/view/4471727191 , ,li-4471727191,fulltime,,,,,,False,mid-senior level,,,,Software Development,https://ch.linkedin.com/company/sonarsource,,,,,,,,,,,
linkedin,Data Scientist,develop,"Leipzig, Saxony, Germany",2026-10-01,https://www.linkedin.com/jobs/view/4472915222 , ,li-4472915222,fulltime,direct_data,yearly,70000.0,80000.0,EUR,False,mid-senior level,,,,"Spectator Sports, Technology, Information and Media, and Artificial Intelligence",https://uk.linkedin.com/company/developrec,,,,,,,,,,,
linkedin,Product Engineer (m/f/d),Buying Labs,"Hamburg, Hamburg, Germany",2026-10-01,https://www.linkedin.com/jobs/view/4472930531 , ,li-4472930531,fulltime,,,,,,False,associate,,,,Retail Luxury Goods and Jewelry,https://de.linkedin.com/company/buying-labs,,,,,,,,,,,
linkedin,Senior Consultant Insurance AI (m/w/d),Fincon Reply GmbH,"Münster, North Rhine-Westphalia, Germany",2026-10-01,https://www.linkedin.com/jobs/view/4472517940 , ,li-4472517940,fulltime,,,,,,False,not applicable,,,recruiting.fincon@reply.de,Information Services,https://de.linkedin.com/company/fincon-reply,,,,,,,,,,,
linkedin,Head of AI Enablement (CEO Office),Shine,"Berlin, Berlin, Germany",2026-10-01,https://www.linkedin.com/jobs/view/4463048973 , ,li-4463048973,fulltime,,,,,,False,mid-senior level,,,,Information Technology & Services,https://dk.linkedin.com/company/shine-global-tools,,,,,,,,,,,
linkedin,"Solution Architect – AI Voice Backend (w/m/d) - Azure, hands on experience in designing AI/LLM-based products, Terraform",Luxoft Germany,"Ingolstadt, Bavaria, Germany",2026-10-01,https://www.linkedin.com/jobs/view/4474317913 , ,li-4474317913,fulltime,,,,,,False,mid-senior level,,,,IT Services and IT Consulting,https://de.linkedin.com/company/luxoft-germany,,,,,,,,,,,
linkedin,"Backend Engineer – LLM Integration (w/m/d) - Python, LangChain, LangGraph, or LiteLLM, Apache Kafka",Luxoft Germany,"Ingolstadt, Bavaria, Germany",2026-10-01,https://www.linkedin.com/jobs/view/4474334026 , ,li-4474334026,fulltime,,,,,,False,mid-senior level,,,,IT Services and IT Consulting,https://de.linkedin.com/company/luxoft-germany,,,,,,,,,,,
linkedin,Artificial Intelligence Engineer,Thryving Women in Tech,Germany,2026-10-01,https://www.linkedin.com/jobs/view/4474324443 , ,li-4474324443,fulltime,,,,,,False,not applicable,,,,"IT Services and IT Consulting, Software Development, and IT System Custom Software Development",https://de.linkedin.com/company/thryving-women-in-tech,,,,,,,,,,,
linkedin,Lead Product Designer,Zendesk,"Berlin, Berlin, Germany",2026-10-01,https://www.linkedin.com/jobs/view/4472945594 , ,li-4472945594,fulltime,,,,,,False,mid-senior level,,,"peopleops@zendesk.com, peopleandplaces@zendesk.com",Artificial Intelligence,https://www.linkedin.com/company/zendesk,,,,,,,,,,,
linkedin,Senior IT Consultant AI Automation (m/w/d),Michael Page,"Hamburg, Hamburg, Germany",2026-10-01,https://www.linkedin.com/jobs/view/4474524361 , ,li-4474524361,fulltime,,,,,,False,mid-senior level,,,,"Telecommunications, Biotechnology Research, and IT Services and IT Consulting",https://uk.linkedin.com/company/michael-page,,,,,,,,,,,
linkedin,(Senior) AI Engineer Financial Services / Banking & Capital Markets (m/w/d) in Nürnberg,Deloitte,"Nuremberg, Bavaria, Germany",2026-10-01,https://www.linkedin.com/jobs/view/4465308758 , ,li-4465308758,fulltime,,,,,,False,associate,,,career@deloitte.de,Business Consulting and Services,https://www.linkedin.com/company/deloitte,,,,,,,,,,,
linkedin,(Senior) AI Engineer Financial Services / Banking & Capital Markets (m/w/d) in Frankfurt (Main),Deloitte,"Frankfurt, Hesse, Germany",2026-10-01,https://www.linkedin.com/jobs/view/4465306765 , ,li-4465306765,fulltime,,,,,,False,associate,,,career@deloitte.de,Business Consulting and Services,https://www.linkedin.com/company/deloitte,,,,,,,,,,,
linkedin,(Senior) AI Engineer Financial Services / Banking & Capital Markets (m/w/d) in Hamburg,Deloitte,"Hamburg, Hamburg, Germany",2026-10-01,https://www.linkedin.com/jobs/view/4465308759 , ,li-4465308759,fulltime,,,,,,False,associate,,,career@deloitte.de,Business Consulting and Services,https://www.linkedin.com/company/deloitte,,,,,,,,,,,
linkedin,(Senior) AI Engineer Financial Services / Banking & Capital Markets (m/w/d) in Düsseldorf,Deloitte,"Düsseldorf, North Rhine-Westphalia, Germany",2026-10-01,https://www.linkedin.com/jobs/view/4465307752 , ,li-4465307752,fulltime,,,,,,False,associate,,,career@deloitte.de,Business Consulting and Services,https://www.linkedin.com/company/deloitte,,,,,,,,,,,
linkedin,Research Engineer,ElevenLabs,Germany,2026-10-01,https://www.linkedin.com/jobs/view/4474368548 , ,li-4474368548,fulltime,,,,,,False,mid-senior level,,,,Research Services,https://uk.linkedin.com/company/elevenlabs,,,,,,,,,,,
linkedin,Senior Data Scientist,team.blue,"Berlin, Berlin, Germany",2026-10-01,https://www.linkedin.com/jobs/view/4469191058 , ,li-4469191058,fulltime,,,,,,False,mid-senior level,,,,Software Development,https://be.linkedin.com/company/teamblue,,,,,,,,,,,
linkedin,"AI/ML Engineer – LLM & Voice Pipeline (w/m/d) - hands on experience in hands-on AI/ML, LangChain/LangGraph, Azure, ASR engine",Luxoft Germany,"Ingolstadt, Bavaria, Germany",2026-10-01,https://www.linkedin.com/jobs/view/4474331143 , ,li-4474331143,fulltime,,,,,,False,mid-senior level,,,,IT Services and IT Consulting,https://de.linkedin.com/company/luxoft-germany,,,,,,,,,,,
linkedin,"Engineering Manager, Machine Learning and Data Science",sennder,"Berlin, Berlin, Germany",2026-10-01,https://www.linkedin.com/jobs/view/4465356856 , ,li-4465356856,fulltime,,,,,,False,mid-senior level,,,,Truck Transportation,https://de.linkedin.com/company/sennder,,,,,,,,,,,
linkedin,AI Engineer / Specialist (m/f/d),REPA,"Bergkirchen, Bavaria, Germany",2026-10-01,https://www.linkedin.com/jobs/view/4454647667 , ,li-4454647667,fulltime,,,,,,False,mid-senior level,,,bewerbung.de@repagroup.com,Wholesale,https://de.linkedin.com/company/repagroup,,,,,,,,,,,
linkedin,Computer Vision Engineer,NeuralAgent,"Gauting, Bavaria, Germany",2026-10-01,https://www.linkedin.com/jobs/view/4474140514 , ,li-4474140514,fulltime,,,,,,False,entry level,,,,IT Services and IT Consulting,https://de.linkedin.com/company/neuralagent,,,,,,,,,,,
linkedin,Senior ML Engineer,Annapurna,"Berlin, Berlin, Germany",2026-10-01,https://www.linkedin.com/jobs/view/4448850473 , ,li-4448850473,fulltime,,,,,,False,not applicable,,,,Software Development,https://uk.linkedin.com/company/annapurna-recruitment,,,,,,,,,,,
linkedin,Machine Learning Engineer,SciPro,"Hamburg, Germany",2026-10-01,https://www.linkedin.com/jobs/view/4472543408 , ,li-4472543408,fulltime,,,,,,False,director,,,,"Hospitals and Health Care, Hospitals, and Medical Practices",https://www.linkedin.com/company/scipro,,,,,,,,,,,
linkedin,Staff Machine Learning Engineer - Munich,PPRO,"Munich, Bavaria, Germany",2026-10-01,https://www.linkedin.com/jobs/view/4472951812 , ,li-4472951812,fulltime,,,,,,False,mid-senior level,,,,Financial Services,https://uk.linkedin.com/company/ppro,,,,,,,,,,,
linkedin,Staff Machine Learning Engineer - Berlin,PPRO,"Berlin, Berlin, Germany",2026-10-01,https://www.linkedin.com/jobs/view/4472962289 , ,li-4472962289,fulltime,,,,,,False,mid-senior level,,,,Financial Services,https://uk.linkedin.com/company/ppro,,,,,,,,,,,
linkedin,(Senior) AI Engineer Financial Services / Banking & Capital Markets (m/w/d) in München,Deloitte,"Munich, Bavaria, Germany",2026-10-01,https://www.linkedin.com/jobs/view/4465318691 , ,li-4465318691,fulltime,,,,,,False,associate,,,career@deloitte.de,Business Consulting and Services,https://www.linkedin.com/company/deloitte,,,,,,,,,,,
linkedin,(Senior) AI Engineer Financial Services / Banking & Capital Markets (m/w/d) in Stuttgart,Deloitte,"Stuttgart, Baden-Württemberg, Germany",2026-10-01,https://www.linkedin.com/jobs/view/4465308760 , ,li-4465308760,fulltime,,,,,,False,associate,,,career@deloitte.de,Business Consulting and Services,https://www.linkedin.com/company/deloitte,,,,,,,,,,,
linkedin,Staff Research Engineer (LLM Pre-Training),JetBrains,"Berlin, Berlin, Germany",2026-10-01,https://www.linkedin.com/jobs/view/4385775203 , ,li-4385775203,fulltime,,,,,,False,internship,,,,Software Development,https://nl.linkedin.com/company/jetbrains,,,,,,,,,,,
linkedin,Lead ML Engineer (m/f/x),Cofinity-X,"Cologne, North Rhine-Westphalia, Germany",2026-10-01,https://www.linkedin.com/jobs/view/4472900935 , ,li-4472900935,fulltime,,,,,,False,associate,,,,Software Development,https://de.linkedin.com/company/cofinity-x,,,,,,,,,,,
linkedin,Machine Learning Engineer,THRYVE,Germany,2026-10-01,https://www.linkedin.com/jobs/view/4474312710 , ,li-4474312710,fulltime,,,,,,False,mid-senior level,,,Iman@thryvetalent.com,"IT Services and IT Consulting, Software Development, and Financial Services",https://de.linkedin.com/company/thryvetalent,,,,,,,,,,,
linkedin,"Computer Vision Engineer (m/f/d) | Berlin, Hybrid",Airteam Aerial Intelligence,"Berlin, Berlin, Germany",2026-10-01,https://www.linkedin.com/jobs/view/4472913344 , ,li-4472913344,fulltime,direct_data,yearly,60000.0,85000.0,EUR,False,associate,,,,IT Services and IT Consulting,https://de.linkedin.com/company/airteamaerialintelligence,,,,,,,,,,,
linkedin,Reinforcement Learning Engineer,NeuralAgent,"Gauting, Bavaria, Germany",2026-10-01,https://www.linkedin.com/jobs/view/4474148392 , ,li-4474148392,fulltime,,,,,,False,entry level,,,,IT Services and IT Consulting,https://de.linkedin.com/company/neuralagent,,,,,,,,,,,
linkedin,Senior NLP Engineer,NeuralAgent,"Gauting, Bavaria, Germany",2026-10-01,https://www.linkedin.com/jobs/view/4474140515 , ,li-4474140515,fulltime,,,,,,False,mid-senior level,,,,IT Services and IT Consulting,https://de.linkedin.com/company/neuralagent,,,,,,,,,,,
linkedin,Senior Principal Applied Scientist - Ranking and Recommendations (all genders),Zalando,"Berlin, Berlin, Germany",2026-10-01,https://www.linkedin.com/jobs/view/4463483395 , ,li-4463483395,fulltime,,,,,,False,mid-senior level,,,,Retail,https://de.linkedin.com/company/zalando,,,,,,,,,,,
linkedin,AI Engineer (m/w/d),GEMA,"Berlin, Berlin, Germany",2026-10-01,https://www.linkedin.com/jobs/view/4474169940 , ,li-4474169940,fulltime,,,,,,False,associate,,,karriere@gema.de,Legal Services,https://de.linkedin.com/company/gema,,,,,,,,,,,
linkedin,Senior Machine Learning Engineer - Platform Team,SumUp,"Berlin, Berlin, Germany",2026-10-01,https://www.linkedin.com/jobs/view/4472931439 , ,li-4472931439,fulltime,,,,,,False,mid-senior level,,,,Financial Services,https://uk.linkedin.com/company/sumup,,,,,,,,,,,
linkedin,Manager AI & Data Analytics / Data Science (m/w/d) in Hamburg,Deloitte,"Hamburg, Hamburg, Germany",2026-10-01,https://www.linkedin.com/jobs/view/4318190273 , ,li-4318190273,fulltime,,,,,,False,mid-senior level,,,career@deloitte.de,Business Consulting and Services,https://www.linkedin.com/company/deloitte,,,,,,,,,,,
linkedin,Machine Learning Researcher,THRYVE,Germany,2026-10-01,https://www.linkedin.com/jobs/view/4474323507 , ,li-4474323507,fulltime,,,,,,False,mid-senior level,,,Iman@thryvetalent.com,"IT Services and IT Consulting, Software Development, and Financial Services",https://de.linkedin.com/company/thryvetalent,,,,,,,,,,,
linkedin,Manager AI & Data Analytics / Data Science (m/w/d) in München,Deloitte,"Munich, Bavaria, Germany",2026-10-01,https://www.linkedin.com/jobs/view/4318189296 , ,li-4318189296,fulltime,,,,,,False,mid-senior level,,,career@deloitte.de,Business Consulting and Services,https://www.linkedin.com/company/deloitte,,,,,,,,,,,
linkedin,"Relational Foundation Model Engineer, Modern Data Stack",NVIDIA,Germany,2026-10-01,https://www.linkedin.com/jobs/view/4441119752 , ,li-4441119752,fulltime,,,,,,False,mid-senior level,,,,Computer Hardware Manufacturing,https://www.linkedin.com/company/nvidia,,,,,,,,,,,
linkedin,Manager Quantitative Analytics - Financial Services (m/w/d),Deloitte,"Frankfurt, Hesse, Germany",2026-10-01,https://www.linkedin.com/jobs/view/4437107910 , ,li-4437107910,fulltime,,,,,,False,mid-senior level,,,career@deloitte.de,Business Consulting and Services,https://www.linkedin.com/company/deloitte,,,,,,,,,,,
linkedin,Doktorandin / Doktorand KI-gestützte globale Kundenfeedback- und Entscheidungsplattformen (w/m/d),Volkswagen Group,"Wolfsburg, Lower Saxony, Germany",2026-10-01,https://www.linkedin.com/jobs/view/4461991913 , ,li-4461991913,fulltime,,,,,,False,internship,,,,Motor Vehicle Manufacturing,https://de.linkedin.com/company/volkswagen-group,,,,,,,,,,,
linkedin,Data Analytics Manager für Künstliche Intelligenz (m/w/d),Ventum Consulting,Greater Munich Metropolitan Area,2026-10-01,https://www.linkedin.com/jobs/view/4461122330 , ,li-4461122330,fulltime,,,,,,False,mid-senior level,,,,IT Services and IT Consulting,https://de.linkedin.com/company/ventum-consulting,,,,,,,,,,,
linkedin,Research Assistant (m/f/d) - Machine Learning for Earth Observation,Universität Rostock,"Rostock, Mecklenburg-West Pomerania, Germany",2026-10-01,https://www.linkedin.com/jobs/view/4474502342 , ,li-4474502342,fulltime,,,,,,False,entry level,,,"pia.dahl@uni-rostock.de, stefan.oehmcke@uni-rostock.de",Internet Publishing,https://de.linkedin.com/school/university-of-rostock/,,,,,,,,,,,
linkedin,Team Lead Data Science (m/w/d) – Industrial & Automotive Consulting,DRIVE Consulting,"Berlin, Germany",2026-10-01,https://www.linkedin.com/jobs/view/4419698874 , ,li-4419698874,fulltime,,,,,,False,mid-senior level,,,,Business Consulting and Services,https://de.linkedin.com/company/drive-consulting-de,,,,,,,,,,,
linkedin,(Senior) Data Scientist with focus Clinical Statistics (f/m/d - part/full-time),Staburo GmbH,"Munich, Bavaria, Germany",2026-10-01,https://www.linkedin.com/jobs/view/4472904148 , ,li-4472904148,fulltime,,,,,,False,associate,,,application@staburo.de,Hospitals and Health Care,https://de.linkedin.com/company/staburo-gmbh,,,,,,,,,,,
linkedin,Knowledge Graph Tech Lead (m/f/d),SAP,"Garching, Bavaria, Germany",2026-10-01,https://www.linkedin.com/jobs/view/4472814887 , ,li-4472814887,fulltime,,,,,,False,mid-senior level,,,Careers@sap.com,"Software Development, IT Services and IT Consulting, and Business Consulting and Services",https://de.linkedin.com/company/sap,,,,,,,,,,,
linkedin,Risk Analyst B2B (m/f/d),Riverty,"Berlin, Germany",2026-10-01,https://www.linkedin.com/jobs/view/4453087450 , ,li-4453087450,fulltime,,,,,,False,mid-senior level,,,,Financial Services,https://de.linkedin.com/company/riverty,,,,,,,,,,,
linkedin,Principal Researcher (f/m/d) - Foundation and World Models on Structured Business Data,SAP,"Garching, Bavaria, Germany",2026-10-01,https://www.linkedin.com/jobs/view/4377943991 , ,li-4377943991,fulltime,,,,,,False,mid-senior level,,,Careers@sap.com,"Software Development, IT Services and IT Consulting, and Business Consulting and Services",https://de.linkedin.com/company/sap,,,,,,,,,,,
linkedin,(Senior) Manager AI Engineering (all genders),MHP – A Porsche Company,"Berlin, Berlin, Germany",2026-10-01,https://www.linkedin.com/jobs/view/4466427412 , ,li-4466427412,fulltime,,,,,,False,mid-senior level,,,,Business Consulting and Services,https://de.linkedin.com/company/mhp-a-porsche-company,,,,,,,,,,,
linkedin,(Senior) Manager AI Engineering (all genders),MHP – A Porsche Company,"Wolfsburg, Lower Saxony, Germany",2026-10-01,https://www.linkedin.com/jobs/view/4466429379 , ,li-4466429379,fulltime,,,,,,False,mid-senior level,,,,Business Consulting and Services,https://de.linkedin.com/company/mhp-a-porsche-company,,,,,,,,,,,
linkedin,(Senior) Manager AI Engineering (all genders),MHP – A Porsche Company,"Frankfurt am Main, Hesse, Germany",2026-10-01,https://www.linkedin.com/jobs/view/4466413480 , ,li-4466413480,fulltime,,,,,,False,mid-senior level,,,,Business Consulting and Services,https://de.linkedin.com/company/mhp-a-porsche-company,,,,,,,,,,,
linkedin,(Senior) Manager AI Engineering (all genders),MHP – A Porsche Company,"Ludwigsburg, Baden-Württemberg, Germany",2026-10-01,https://www.linkedin.com/jobs/view/4466421414 , ,li-4466421414,fulltime,,,,,,False,mid-senior level,,,,Business Consulting and Services,https://de.linkedin.com/company/mhp-a-porsche-company,,,,,,,,,,,
linkedin,(Senior) Manager AI Engineering (all genders),MHP – A Porsche Company,"Munich, Bavaria, Germany",2026-10-01,https://www.linkedin.com/jobs/view/4466414484 , ,li-4466414484,fulltime,,,,,,False,mid-senior level,,,,Business Consulting and Services,https://de.linkedin.com/company/mhp-a-porsche-company,,,,,,,,,,,
linkedin,(Senior) Manager AI Engineering (all genders),MHP – A Porsche Company,"Düsseldorf, North Rhine-Westphalia, Germany",2026-10-01,https://www.linkedin.com/jobs/view/4466429380 , ,li-4466429380,fulltime,,,,,,False,mid-senior level,,,,Business Consulting and Services,https://de.linkedin.com/company/mhp-a-porsche-company,,,,,,,,,,,
linkedin,"Relational Foundation Model Engineer, Modern Data Stack",NVIDIA,"Munich, Bavaria, Germany",2026-10-01,https://www.linkedin.com/jobs/view/4441123593 , ,li-4441123593,fulltime,,,,,,False,mid-senior level,,,,Computer Hardware Manufacturing,https://www.linkedin.com/company/nvidia,,,,,,,,,,,
linkedin,(Senior) Data Analyst – Category Management & Commercial  (alle Geschlechter),OBI Group Holding,"Cologne, North Rhine-Westphalia, Germany",2026-10-01,https://www.linkedin.com/jobs/view/4466220740 , ,li-4466220740,fulltime,,,,,,False,mid-senior level,,,,Retail,https://de.linkedin.com/company/obi,,,,,,,,,,,
linkedin,Azure AI Engineer - Agentic Systems (all genders),adesso SE,"Siegen, North Rhine-Westphalia, Germany",2026-10-01,https://www.linkedin.com/jobs/view/4436811400 , ,li-4436811400,fulltime,,,,,,False,mid-senior level,,,,IT Services and IT Consulting,https://de.linkedin.com/company/adesso-se,,,,,,,,,,,
linkedin,(Senior) Manager M&A Analytics / Transaction Diligence (m/w/d) in Hannover,Deloitte,"Hannover, Lower Saxony, Germany",2026-10-01,https://www.linkedin.com/jobs/view/4369088611 , ,li-4369088611,fulltime,,,,,,False,mid-senior level,,,career@deloitte.de,Business Consulting and Services,https://www.linkedin.com/company/deloitte,,,,,,,,,,,
linkedin,Duales Studium Data Science und Künstliche Intelligenz ab 10.2027 - Weil a.R. (w/m/d),Endress+Hauser Group,"Weil am Rhein, Baden-Württemberg, Germany",2026-10-01,https://www.linkedin.com/jobs/view/4428888723 , ,li-4428888723,fulltime,,,,,,False,internship,,,ausbildung.ehis@endress.com,Automation Machinery Manufacturing,https://ch.linkedin.com/company/endress-hauser-group,,,,,,,,,,,
linkedin,Commercial Performance Specialist - Data Analytics & Reporting (gn),Grafton Recruitment,"Frankfurt am Main, Hesse, Germany",2026-10-01,https://www.linkedin.com/jobs/view/4467652039 , ,li-4467652039,fulltime,,,,,,False,associate,,,,Staffing and Recruiting,https://it.linkedin.com/company/grafton-recruitment,,,,,,,,,,,
linkedin,Promotionsstelle – Maschinelles Lernen & Genomik in der Diagnostik antimikrobieller Resistenzen (w/m/d),German Center for Infection Research,"Tübingen, Baden-Württemberg, Germany",2026-10-01,https://www.linkedin.com/jobs/view/4474326743 , ,li-4474326743,fulltime,,,,,,False,entry level,,,,Research Services,https://de.linkedin.com/company/deutsches-zentrum-f%C3%BCr-infektionsforschung,,,,,,,,,,,
linkedin,SAMSUNG Specialist Retail Analytics (gn),Grafton Recruitment,"Eschborn, Hesse, Germany",2026-10-01,https://www.linkedin.com/jobs/view/4424889405 , ,li-4424889405,fulltime,,,,,,False,associate,,,,"Appliances, Electrical, and Electronics Manufacturing",https://it.linkedin.com/company/grafton-recruitment,,,,,,,,,,,
linkedin,Quantitative Trader - Energy Markets,Enemix,"Munich, Bavaria, Germany",2026-10-01,https://www.linkedin.com/jobs/view/4462406974 , ,li-4462406974,fulltime,,,,,,False,mid-senior level,,,,Services for Renewable Energy,https://au.linkedin.com/company/enemix,,,,,,,,,,,
linkedin,Senior Consultant Data Analytics (w/m/d),TIMETOACT GROUP,"Cologne, North Rhine-Westphalia, Germany",2026-10-01,https://www.linkedin.com/jobs/view/4472915179 , ,li-4472915179,fulltime,,,,,,False,associate,,,,Software Development,https://de.linkedin.com/company/timetoactgroup,,,,,,,,,,,
linkedin,ClinDev Operations Data & Analytics Lead,Boehringer Ingelheim,"Biberach, Baden-Württemberg, Germany",2026-10-01,https://www.linkedin.com/jobs/view/4474340950 , ,li-4474340950,fulltime,,,,,,False,mid-senior level,,,hr.de@boehringer-ingelheim.com,Pharmaceutical Manufacturing,https://de.linkedin.com/company/boehringer-ingelheim,,,,,,,,,,,
linkedin,RevOrg Data Analytics Manager / Lead Data Analyst,ATOSS Software SE,"Munich, Bavaria, Germany",2026-10-01,https://www.linkedin.com/jobs/view/4427752904 , ,li-4427752904,fulltime,,,,,,False,mid-senior level,,,,Software Development,https://de.linkedin.com/company/atoss-software,,,,,,,,,,,
linkedin,Referent Data Science & Reporting (m/w/d),S-Kreditpartner,"Berlin, Berlin, Germany",2026-10-01,https://www.linkedin.com/jobs/view/4474183419 , ,li-4474183419,fulltime,,,,,,False,associate,,,melanie.fiedler@s-kreditpartner.de,Financial Services,https://de.linkedin.com/company/s-kreditpartner,,,,,,,,,,,
linkedin,Strategy & Insights Trainee - Off Premise (Graduate Program),Red Bull,"Munich, Bavaria, Germany",2026-10-01,https://www.linkedin.com/jobs/view/4474313425 , ,li-4474313425,fulltime,,,,,,False,entry level,,,,Food and Beverage Services,https://at.linkedin.com/company/red-bull,,,,,,,,,,,
linkedin,Director Biostatistics (Oncology),BioNTech SE,"Mainz, Rhineland-Palatinate, Germany",2026-10-01,https://www.linkedin.com/jobs/view/4409498593 , ,li-4409498593,fulltime,,,,,,False,director,,,,Biotechnology Research,https://de.linkedin.com/company/biontech-se,,,,,,,,,,,
linkedin,Climate Consultant (m/w/d),ISS STOXX Sustainability,"Munich, Bavaria, Germany",2026-10-01,https://www.linkedin.com/jobs/view/4474322155 , ,li-4474322155,fulltime,,,,,,False,associate,,,,Financial Services,https://uk.linkedin.com/company/iss-stoxx-sustainability,,,,,,,,,,,
linkedin,"Postdoctoral Scientist, Amazon Robotics R&D",Amazon,"Berlin, Germany",2026-10-01,https://www.linkedin.com/jobs/view/4455902263 , ,li-4455902263,fulltime,,,,,,False,not applicable,,,,Software Development,https://www.linkedin.com/company/amazon,,,,,,,,,,,
linkedin,Masterarbeit Datengetriebene Analyse und Prognose charakteristischer Thermal-Runaway-Kenngrößen von Lithium-Ionen-Zellen,Porsche AG,"Weissach, Baden-Württemberg, Germany",2026-10-01,https://www.linkedin.com/jobs/view/4412285033 , ,li-4412285033,fulltime,,,,,,False,internship,,,,Motor Vehicle Manufacturing,https://de.linkedin.com/company/porsche-ag,,,,,,,,,,,
linkedin,Scientist (f_m_x) – Preparation of the GRACE‑C Science Data System,GFZ Helmholtz Centre for Geosciences,"Wessling, Bavaria, Germany",2026-10-01,https://www.linkedin.com/jobs/view/4473913479 , ,li-4473913479,parttime,direct_data,monthly,4901.0,7025.0,EUR,False,mid-senior level,,,,Research Services,https://de.linkedin.com/company/gfz-helmholtz-zentrum-fuer-geoforschung,,,,,,,,,,,
linkedin,Wissenschaftliche Mitarbeiterin oder Wissenschaftlicher Mitarbeiter (w/m/d) für Künstliche Intelligenz in der Produktion,Hochschule für angewandte Wissenschaften Kempten,"Kempten, Bavaria, Germany",2026-10-01,https://www.linkedin.com/jobs/view/4474317013 , ,li-4474317013,fulltime,,,,,,False,entry level,,,frieder.heieck@hs-kempten.de,Internet Publishing,https://de.linkedin.com/school/hs-kempten/,,,,,,,,,,,
linkedin,Azure AI Engineer - Agentic Systems (all genders),adesso SE,"Essen, North Rhine-Westphalia, Germany",2026-10-01,https://www.linkedin.com/jobs/view/4436804653 , ,li-4436804653,fulltime,,,,,,False,mid-senior level,,,,IT Services and IT Consulting,https://de.linkedin.com/company/adesso-se,,,,,,,,,,,
linkedin,Data Scientist (f/m/d),thinkcell,"Berlin, Berlin, Germany",2026-10-01,https://www.linkedin.com/jobs/view/4464118834 , ,li-4464118834,fulltime,,,,,,False,mid-senior level,,,,Software Development,https://de.linkedin.com/company/think-cell,,,,,,,,,,,
linkedin,Azure AI Engineer - Agentic Systems (all genders),adesso SE,"Düsseldorf, North Rhine-Westphalia, Germany",2026-10-01,https://www.linkedin.com/jobs/view/4436813253 , ,li-4436813253,fulltime,,,,,,False,mid-senior level,,,,IT Services and IT Consulting,https://de.linkedin.com/company/adesso-se,,,,,,,,,,,
linkedin,AI Architect (all genders) - BCG Platinion,BCG Platinion,"Cologne, North Rhine-Westphalia, Germany",2026-10-01,https://www.linkedin.com/jobs/view/4387720105 , ,li-4387720105,fulltime,,,,,,False,mid-senior level,,,,Business Consulting and Services,https://de.linkedin.com/company/bcg-platinion,,,,,,,,,,,
linkedin,"Director, Team Lead, Computational Pathology Products (m/f/d)",AstraZeneca,"Munich, Bavaria, Germany",2026-10-01,https://www.linkedin.com/jobs/view/4454753721 , ,li-4454753721,fulltime,,,,,,False,mid-senior level,,,,Pharmaceutical Manufacturing,https://uk.linkedin.com/company/astrazeneca,,,,,,,,,,,
linkedin,PhD Student AI-driven Global Customer Feedback And Decision-making Platforms (f/m/d),Volkswagen Group,"Wolfsburg, Lower Saxony, Germany",2026-10-01,https://www.linkedin.com/jobs/view/4461973962 , ,li-4461973962,fulltime,,,,,,False,internship,,,,Motor Vehicle Manufacturing,https://de.linkedin.com/company/volkswagen-group,,,,,,,,,,,
linkedin,Senior AI Engineer (f/m/x),Jobgether,Germany,2026-10-01,https://www.linkedin.com/jobs/view/4472537387 , ,li-4472537387,fulltime,,,,,,False,mid-senior level,,,,Internet Marketplace Platforms,https://be.linkedin.com/company/jobgether,,,,,,,,,,,
linkedin,KI-Spezialist:in (m/w/d),EVI Energieversorgung Hildesheim GmbH & Co. KG,"Hildesheim, Lower Saxony, Germany",2026-10-01,https://www.linkedin.com/jobs/view/4472698515 , ,li-4472698515,fulltime,direct_data,yearly,63849.89,81327.09,EUR,False,mid-senior level,,,,Oil and Gas,https://de.linkedin.com/company/evi-energieversorgung-hildesheim-gmbh-co-kg,,,,,,,,,,,
linkedin,Senior AI Platform & Agentic Systems Engineer (m/w/d),Mandl. Executives & Experts,Germany,2026-10-01,https://www.linkedin.com/jobs/view/4474166903 , ,li-4474166903,fulltime,,,,,,False,associate,,,,Software Development,https://de.linkedin.com/company/mandl-executives-experts,,,,,,,,,,,
linkedin,KI-Lösungsarchitekt (m/w/d) / AI Technology Specialist,SET Management Consulting,Frankfurt Rhine-Main Metropolitan Area,2026-10-01,https://www.linkedin.com/jobs/view/4474179587 , ,li-4474179587,fulltime,,,,,,False,mid-senior level,,,,Business Consulting and Services,https://de.linkedin.com/company/set-mc,,,,,,,,,,,
linkedin,Data Scientist (Entry Level),SPRYFOX,"Darmstadt, Hesse, Germany",2026-10-01,https://www.linkedin.com/jobs/view/4472936688 , ,li-4472936688,fulltime,,,,,,False,entry level,,,,Information Technology & Services,https://de.linkedin.com/company/spryfox,,,,,,,,,,,
linkedin,Wissenschaftliche/r Mitarbeiter/in (m/w/d) - Machine Learning für Erdbeobachtung,Universität Rostock,"Rostock, Mecklenburg-West Pomerania, Germany",2026-10-01,https://www.linkedin.com/jobs/view/4474395775 , ,li-4474395775,fulltime,,,,,,False,not applicable,,,"pia.dahl@uni-rostock.de, stefan.oehmcke@uni-rostock.de",Internet Publishing,https://de.linkedin.com/school/university-of-rostock/,,,,,,,,,,,
linkedin,AI Architect / Tech Lead,BE Consultancy Group,"Berlin, Germany",2026-10-01,https://www.linkedin.com/jobs/view/4472529519 , ,li-4472529519,fulltime,,,,,,False,mid-senior level,,,,"Outsourcing and Offshoring Consulting, IT Services and IT Consulting, and Staffing and Recruiting",https://es.linkedin.com/company/be-consultancy-group,,,,,,,,,,,
linkedin,Azure AI Engineer - Agentic Systems (all genders),adesso SE,"Bonn, North Rhine-Westphalia, Germany",2026-10-01,https://www.linkedin.com/jobs/view/4436808495 , ,li-4436808495,fulltime,,,,,,False,mid-senior level,,,,IT Services and IT Consulting,https://de.linkedin.com/company/adesso-se,,,,,,,,,,,
linkedin,Head of ML,JetBrains,"Berlin, Berlin, Germany",2026-10-01,https://www.linkedin.com/jobs/view/4442856592 , ,li-4442856592,fulltime,,,,,,False,director,,,,Software Development,https://nl.linkedin.com/company/jetbrains,,,,,,,,,,,
linkedin,"Data, Digital & AI- Frames Advanced Manufacturing Engineering VIE",Faurecia,Hannover-Braunschweig-Göttingen-Wolfsburg Region,2026-10-01,https://www.linkedin.com/jobs/view/4473934597 , ,li-4473934597,fulltime,,,,,,False,not applicable,,,,Motor Vehicle Manufacturing,https://fr.linkedin.com/company/faurecia,,,,,,,,,,,
linkedin,PhD Student Agentic AI Process Design Automotive Production (f/m/d),Volkswagen Group,"Wolfsburg, Lower Saxony, Germany",2026-10-01,https://www.linkedin.com/jobs/view/4470303309 , ,li-4470303309,fulltime,,,,,,False,internship,,,,Motor Vehicle Manufacturing,https://de.linkedin.com/company/volkswagen-group,,,,,,,,,,,
linkedin,"Senior AI Engineer (Python, LLMs) - Remote Work",BairesDev,Germany,2026-10-01,https://www.linkedin.com/jobs/view/4472557536 , ,li-4472557536,fulltime,,,,,,True,mid-senior level,,,,IT Services and IT Consulting,https://www.linkedin.com/company/bairesdev,,,,,,,,,,,
linkedin,(Senior) Manager AI Engineering (all genders),MHP – A Porsche Company,"Dresden, Saxony, Germany",2026-10-01,https://www.linkedin.com/jobs/view/4466420380 , ,li-4466420380,fulltime,,,,,,False,mid-senior level,,,,Business Consulting and Services,https://de.linkedin.com/company/mhp-a-porsche-company,,,,,,,,,,,
linkedin,(Senior) Manager AI Engineering (all genders),MHP – A Porsche Company,"Nuremberg, Bavaria, Germany",2026-10-01,https://www.linkedin.com/jobs/view/4466431368 , ,li-4466431368,fulltime,,,,,,False,mid-senior level,,,,Business Consulting and Services,https://de.linkedin.com/company/mhp-a-porsche-company,,,,,,,,,,,
linkedin,"Senior AI, Data & Automation Expert (m/w/d)",hyrUP GmbH,"Wuppertal, North Rhine-Westphalia, Germany",2026-10-01,https://www.linkedin.com/jobs/view/4472918898 , ,li-4472918898,fulltime,,,,,,False,associate,,,p.heldmann@hyrup.de,IT System Testing and Evaluation and IT System Operations and Maintenance,https://de.linkedin.com/company/hyrup-gmbh,,,,,,,,,,,
linkedin,Azure AI Engineer - Agentic Systems (all genders),adesso SE,"Ulm, Baden-Württemberg, Germany",2026-10-01,https://www.linkedin.com/jobs/view/4436806556 , ,li-4436806556,fulltime,,,,,,False,mid-senior level,,,,IT Services and IT Consulting,https://de.linkedin.com/company/adesso-se,,,,,,,,,,,
linkedin,Azure AI Engineer - Agentic Systems (all genders),adesso SE,"Nuremberg, Bavaria, Germany",2026-10-01,https://www.linkedin.com/jobs/view/4436821062 , ,li-4436821062,fulltime,,,,,,False,mid-senior level,,,,IT Services and IT Consulting,https://de.linkedin.com/company/adesso-se,,,,,,,,,,,
linkedin,AI Architect (d/f/m),4flow,"Friedberg, Hesse, Germany",2026-10-01,https://www.linkedin.com/jobs/view/4474143586 , ,li-4474143586,fulltime,,,,,,False,director,,,,"Transportation, Logistics, Supply Chain and Storage",https://de.linkedin.com/company/4flow,,,,,,,,,,,
linkedin,(Senior) Data & KI Architekt (m/w/d),TEQYARD | Dein Data Analytics & AI Partner,"Brunswick, Lower Saxony, Germany",2026-10-01,https://www.linkedin.com/jobs/view/4472949951 , ,li-4472949951,fulltime,,,,,,False,mid-senior level,,,,Software Development,https://de.linkedin.com/company/teqyardrocks,,,,,,,,,,,
linkedin,Senior AI Tooling Engineer,Taktile,"Berlin, Berlin, Germany",2026-10-01,https://www.linkedin.com/jobs/view/4474311519 , ,li-4474311519,fulltime,,,,,,False,mid-senior level,,,privacy@taktile.com,Financial Services,https://www.linkedin.com/company/taktile1,,,,,,,,,,,
linkedin,"Data Scientist, Music DISCO",Amazon Music,"Berlin, Germany",2026-10-01,https://www.linkedin.com/jobs/view/4455904370 , ,li-4455904370,fulltime,,,,,,False,not applicable,,,,Entertainment Providers,https://www.linkedin.com/company/amazon-music,,,,,,,,,,,
linkedin,(Senior) Simulation Software Engineer - Unreal Engine & AI Autonomy (d/m/w),Airbus Defence and Space,"Stuttgart, Baden-Württemberg, Germany",2026-10-01,https://www.linkedin.com/jobs/view/4463092622 , ,li-4463092622,fulltime,,,,,,False,mid-senior level,,,emsom@airbus.com,Defense and Space Manufacturing,https://www.linkedin.com/company/airbus-defence-and-space,,,,,,,,,,,
linkedin,Data Science Manager,SoTalent,"Berlin, Germany",2026-10-01,https://www.linkedin.com/jobs/view/4472683869 , ,li-4472683869,fulltime,,,,,,False,mid-senior level,,,,Data Infrastructure and Analytics,https://www.linkedin.com/company/sotalentjobs,,,,,,,,,,,
linkedin,"Sr Solutions Architect GenAI, Automotive & Manufacturing GenAI",Amazon Web Services (AWS),"Munich, Bavaria, Germany",2026-10-01,https://www.linkedin.com/jobs/view/4455798501 , ,li-4455798501,fulltime,,,,,,False,mid-senior level,,,,IT Services and IT Consulting,https://www.linkedin.com/company/amazon-web-services,,,,,,,,,,,
linkedin,Senior Software Engineer – Data Pipelines & ML (m/w/d),deecoob GmbH,"Dresden, Saxony, Germany",2026-10-01,https://www.linkedin.com/jobs/view/4472929036 , ,li-4472929036,fulltime,,,,,,False,associate,,,jobs@deecoob.com,"Technology, Information and Internet",https://de.linkedin.com/company/deecoob,,,,,,,,,,,
linkedin,Softwareentwickler KI und Voice (m/w/d),LVM Versicherung,"Münster, North Rhine-Westphalia, Germany",2026-10-01,https://www.linkedin.com/jobs/view/4474125558 , ,li-4474125558,fulltime,,,,,,False,mid-senior level,,,,Insurance,https://de.linkedin.com/company/lvmversicherung,,,,,,,,,,,
linkedin,Mid-Level MLOps Engineer (m/f/d),Redcare Pharmacy,"Cologne, North Rhine-Westphalia, Germany",2026-10-01,https://www.linkedin.com/jobs/view/4463042581 , ,li-4463042581,fulltime,,,,,,False,associate,,,,Software Development and IT Services and IT Consulting,https://nl.linkedin.com/company/redcare-pharmacy-com,,,,,,,,,,,
linkedin,2x Researcher (m/w/d/x) im EU-Projekt COMBO,Deutsches Forschungszentrum für Künstliche Intelligenz (DFKI),"Berlin, Germany",2026-10-01,https://www.linkedin.com/jobs/view/4472565928 , ,li-4472565928,fulltime,,,,,,False,entry level,,,,Research Services,https://de.linkedin.com/company/dfki,,,,,,,,,,,
linkedin,Software Engineer,Station,"Munich, Bavaria, Germany",2026-10-01,https://www.linkedin.com/jobs/view/4472540067 , ,li-4472540067,fulltime,,,,,,False,mid-senior level,,,,Software Development and IT System Custom Software Development,https://www.linkedin.com/company/station-group-international,,,,,,,,,,,
linkedin,Senior Software Engineer - AV Components,NVIDIA,"Munich, Bavaria, Germany",2026-10-01,https://www.linkedin.com/jobs/view/4472364763 , ,li-4472364763,fulltime,,,,,,False,mid-senior level,,,,Computer Hardware Manufacturing,https://www.linkedin.com/company/nvidia,,,,,,,,,,,
linkedin,SAP AI Software Developer (m/w/d),XFT GmbH,"Walldorf, Baden-Württemberg, Germany",2026-10-01,https://www.linkedin.com/jobs/view/4474328527 , ,li-4474328527,fulltime,,,,,,False,entry level,,,,Software Development,https://de.linkedin.com/company/xft-gmbh,,,,,,,,,,,
linkedin,Technical Product Manager - Agentic AI Platform (f/m/d) Remote Europe,Otera,"Berlin, Berlin, Germany",2026-10-01,https://www.linkedin.com/jobs/view/4472551878 , ,li-4472551878,fulltime,,,,,,True,mid-senior level,,,,IT Services and IT Consulting,https://at.linkedin.com/company/we-are-otera,,,,,,,,,,,
linkedin,"Forward Deployed Engineer, Life Sciences",Domino Data Lab,"Berlin, Berlin, Germany",2026-10-01,https://www.linkedin.com/jobs/view/4465560817 , ,li-4465560817,fulltime,,,,,,False,entry level,,,,Software Development,https://www.linkedin.com/company/domino-data-lab,,,,,,,,,,,
linkedin,Senior Data Analyst: Multiple Teams,Jobgether,Germany,2026-09-30,https://www.linkedin.com/jobs/view/4471971893 , ,li-4471971893,fulltime,description,yearly,80000.0,120000.0,USD,False,associate,,,,Internet Marketplace Platforms,https://be.linkedin.com/company/jobgether,,,,,,,,,,,
linkedin,Data Engineer (Energy & AI),einklang energy,"Cologne, North Rhine-Westphalia, Germany",2026-09-30,https://www.linkedin.com/jobs/view/4472184244 , ,li-4472184244,fulltime,,,,,,False,associate,,,,Oil and Gas,https://de.linkedin.com/company/einklang-energy,,,,,,,,,,,
linkedin,Senior Real World Evidence Expert (Germany),UCB,"Mettmann, North Rhine-Westphalia, Germany",2026-09-30,https://www.linkedin.com/jobs/view/4456142396 , ,li-4456142396,fulltime,,,,,,False,mid-senior level,,,_Accommodation@ucb.com,Pharmaceutical Manufacturing,https://be.linkedin.com/company/ucb-pharma,,,,,,,,,,,
linkedin,Wiss. Mitarbeiter*in (Postdoc) (m/w/d) (920),Freie Universität Berlin,"Berlin, Berlin, Germany",2026-09-30,https://www.linkedin.com/jobs/view/4472101292 , ,li-4472101292,fulltime,,,,,,False,internship,,,christof.schuette@fu-berlin.de,Research Services,https://de.linkedin.com/school/freie-universitat-berlin/,,,,,,,,,,,
linkedin,Freelance Temporary Role Data Scientist (M/F/D),Agência Lynx,"Berlin, Berlin, Germany",2026-09-30,https://www.linkedin.com/jobs/view/4472610753 , ,li-4472610753,temporary,,,,,,False,entry level,,,,Financial Services,https://br.linkedin.com/company/lynx-consultoria,,,,,,,,,,,
linkedin,(Senior) Manager M&A Analytics / Transaction Diligence (m/w/d) in Frankfurt (Main),Deloitte,"Frankfurt, Hesse, Germany",2026-09-30,https://www.linkedin.com/jobs/view/4369087670 , ,li-4369087670,fulltime,,,,,,False,mid-senior level,,,career@deloitte.de,Business Consulting and Services,https://www.linkedin.com/company/deloitte,,,,,,,,,,,
linkedin,Duales Studium 2027 - Softwaretechnologie - FR Data Science (m/f/d),GSK,"Marburg an der Lahn, Hesse, Germany",2026-09-30,https://www.linkedin.com/jobs/view/4424892348 , ,li-4424892348,fulltime,,,,,,False,internship,,,"johanna.x.erkel@gsk.com, de.contact-recruitment@gsk.com, DE.Contact-Recruitment@gsk.com",Pharmaceutical Manufacturing,https://uk.linkedin.com/company/gsk,,,,,,,,,,,
linkedin,Freelance Temporary Role Data Scientist (M/F/D),LYNX Beleggen,"Berlin, Berlin, Germany",2026-09-30,https://www.linkedin.com/jobs/view/4472328298 , ,li-4472328298,contract,,,,,,False,entry level,,,,Financial Services,https://nl.linkedin.com/company/lynx,,,,,,,,,,,
linkedin,Duales Studium Data Science und Künstliche Intelligenz ab 10.2027 - Freiburg (w/m/d),Endress+Hauser Group,"Freiburg, Baden-Württemberg, Germany",2026-09-30,https://www.linkedin.com/jobs/view/4428896635 , ,li-4428896635,fulltime,,,,,,False,internship,,,ausbildung.ehis@endress.com,Automation Machinery Manufacturing,https://ch.linkedin.com/company/endress-hauser-group,,,,,,,,,,,
linkedin,Scientist,"Jiangsu Surun Talent Development Group Co., Ltd.","Berlin, Germany",2026-09-30,https://www.linkedin.com/jobs/view/4473722164 , ,li-4473722164,other,direct_data,yearly,64000.0,256000.0,EUR,False,not applicable,,,jiahe.zhang@suruntalent.com,"Technology, Information and Media",https://www.linkedin.com/company/suruntalentgroup,,,,,,,,,,,
linkedin,Strategic Business Partner Data Intelligence (m/w/d),RheinEnergie AG,"Cologne, North Rhine-Westphalia, Germany",2026-09-30,https://www.linkedin.com/jobs/view/4472128473 , ,li-4472128473,fulltime,,,,,,False,mid-senior level,,,,Utilities,https://de.linkedin.com/company/rheinenergie,,,,,,,,,,,
linkedin,Manager Assortment Planning (m/w/d) Schwerpunkt Datenanalyse,Ernsting's family,"Münster, North Rhine-Westphalia, Germany",2026-09-30,https://www.linkedin.com/jobs/view/4472605593 , ,li-4472605593,fulltime,,,,,,False,mid-senior level,,,,Textile Manufacturing,https://de.linkedin.com/company/ernstingsfamily,,,,,,,,,,,
linkedin,Data Analyst,Jobgether,Germany,2026-09-30,https://www.linkedin.com/jobs/view/4471975993 , ,li-4471975993,fulltime,,,,,,False,associate,,,,Internet Marketplace Platforms,https://be.linkedin.com/company/jobgether,,,,,,,,,,,
linkedin,"Senior Data Scientist, Workforce Management Analytics",Wolt,"Berlin, Berlin, Germany",2026-09-30,https://www.linkedin.com/jobs/view/4454763504 , ,li-4454763504,fulltime,,,,,,False,mid-senior level,,,zhanna.filintseva@wolt.com,Software Development,https://fi.linkedin.com/company/wolt-oy,,,,,,,,,,,
linkedin,Praktikant/in KI-gest. Analyse von App-Store-Feedback (m/w/d),BSH Home Appliances Group,"Regensburg, Bavaria, Germany",2026-09-30,https://www.linkedin.com/jobs/view/4454972854 , ,li-4454972854,fulltime,,,,,,False,entry level,,,,Manufacturing,https://de.linkedin.com/company/bsh-home-appliances-group,,,,,,,,,,,
linkedin,"Versicherungsmathematiker:in (m/w/d) - aktuarielle Beratung, mathematische Analyse",vtmw AG,"Düsseldorf, North Rhine-Westphalia, Germany",2026-09-30,https://www.linkedin.com/jobs/view/4472122483 , ,li-4472122483,fulltime,,,,,,False,associate,,,,Professional Services,https://de.linkedin.com/company/vtmw-ag,,,,,,,,,,,
linkedin,Product Analyst,Xometry EMEA & APAC,"Munich, Bavaria, Germany",2026-09-30,https://www.linkedin.com/jobs/view/4463519602 , ,li-4463519602,fulltime,,,,,,False,mid-senior level,,,,Industrial Machinery Manufacturing,https://de.linkedin.com/company/xometry-emea-apac,,,,,,,,,,,
linkedin,Payments Data Analyst,IXOPAY,"Munich, Bavaria, Germany",2026-09-30,https://www.linkedin.com/jobs/view/4445128743 , ,li-4445128743,fulltime,,,,,,False,mid-senior level,,,,Software Development,https://www.linkedin.com/company/ixopay,,,,,,,,,,,
linkedin,Data Scientist (Masters),Alignerr,Germany,2026-09-30,https://www.linkedin.com/jobs/view/4473573663 , ,li-4473573663,contract,direct_data,hourly,40.0,80.0,USD,False,entry level,,,,"Technology, Information and Internet",https://www.linkedin.com/company/alignerr,,,,,,,,,,,
linkedin,"Business Analyst, Delivery Promise  (m/w/x)",AUTODOC,"Berlin, Berlin, Germany",2026-09-30,https://www.linkedin.com/jobs/view/4473727269 , ,li-4473727269,fulltime,,,,,,False,mid-senior level,,,,"Transportation, Logistics, Supply Chain and Storage",https://de.linkedin.com/company/autodoc,,,,,,,,,,,
linkedin,Senior Data Scientist - Marketing,Preply,"Berlin, Berlin, Germany",2026-09-30,https://www.linkedin.com/jobs/view/4471994759 , ,li-4471994759,fulltime,,,,,,False,mid-senior level,,,,"Technology, Information and Internet",https://www.linkedin.com/company/preply,,,,,,,,,,,
linkedin,Juniorprofessur (W1 mit Tenure-Track-Option auf W3) Probabilistische Methoden im Maschinellen Lernen,Brandenburgische Technische Universität Cottbus-Senftenberg,"Cottbus, Brandenburg, Germany",2026-09-30,https://www.linkedin.com/jobs/view/4472643633 , ,li-4472643633,fulltime,,,,,,False,not applicable,,,,Higher Education,https://de.linkedin.com/school/btu-cottbus-senftenberg/,,,,,,,,,,,
linkedin,Senior Professional Fleet Optimization (m/w/d),SIXT,"Munich, Bavaria, Germany",2026-09-30,https://www.linkedin.com/jobs/view/4455709706 , ,li-4455709706,fulltime,,,,,,False,mid-senior level,,,,Travel Arrangements,https://de.linkedin.com/company/sixt,,,,,,,,,,,
linkedin,Principal Scientist - In Silico Research & Modeling (f/m/d),Coriolis Pharma,Greater Munich Metropolitan Area,2026-09-30,https://www.linkedin.com/jobs/view/4472325243 , ,li-4472325243,fulltime,,,,,,False,mid-senior level,,,,Pharmaceutical Manufacturing,https://de.linkedin.com/company/coriolis-pharma,,,,,,,,,,,
linkedin,Senior Product Development Specialist (m/f/d) - Financial Indexes,BITA,Frankfurt Rhine-Main Metropolitan Area,2026-09-30,https://www.linkedin.com/jobs/view/4452963697 , ,li-4452963697,fulltime,,,,,,False,mid-senior level,,,,Financial Services,https://de.linkedin.com/company/bita-gmbh,,,,,,,,,,,
linkedin,Director Real World Evidence Scientist (Oncology) (all genders),Merck Healthcare,"Darmstadt, Hesse, Germany",2026-09-30,https://www.linkedin.com/jobs/view/4446576845 , ,li-4446576845,fulltime,,,,,,False,mid-senior level,,,,Pharmaceutical Manufacturing,https://de.linkedin.com/company/merck-healthcare,,,,,,,,,,,
linkedin,Munich Re Markets: Performance Analyst (m/w/d)*,Munich Re,"Munich, Bavaria, Germany",2026-09-30,https://www.linkedin.com/jobs/view/4473936338 , ,li-4473936338,fulltime,,,,,,False,mid-senior level,,,,Insurance,https://de.linkedin.com/company/munich-re,,,,,,,,,,,
linkedin,Prozessentwickler Digitalisierung (m/w/d),KRONE GROUP,"Lübtheen, Mecklenburg-West Pomerania, Germany",2026-09-30,https://www.linkedin.com/jobs/view/4472301293 , ,li-4472301293,fulltime,,,,,,False,entry level,,,,Machinery Manufacturing,https://www.linkedin.com/company/kronegroup,,,,,,,,,,,
linkedin,Data Science Expert - AI Content Specialist,Alignerr,Germany,2026-09-30,https://www.linkedin.com/jobs/view/4473590193 , ,li-4473590193,contract,direct_data,hourly,40.0,80.0,USD,False,mid-senior level,,,,"Technology, Information and Internet",https://www.linkedin.com/company/alignerr,,,,,,,,,,,
linkedin,Senior AI Architect (m/w/d),Hermes Germany GmbH,"Hamburg, Hamburg, Germany",2026-09-30,https://www.linkedin.com/jobs/view/4472602997 , ,li-4472602997,fulltime,,,,,,False,mid-senior level,,,,"Transportation, Logistics, Supply Chain and Storage",https://de.linkedin.com/company/hermes-germany-gmbh,,,,,,,,,,,
linkedin,Modelling Scientist (f/m/d),Coriolis Pharma,Greater Munich Metropolitan Area,2026-09-30,https://www.linkedin.com/jobs/view/4472324257 , ,li-4472324257,fulltime,,,,,,False,mid-senior level,,,,Pharmaceutical Manufacturing,https://de.linkedin.com/company/coriolis-pharma,,,,,,,,,,,
linkedin,Founding CTO / AI Engineer (€70k + Equity) at IRIS OS,Jack & Jill,Germany,2026-09-30,https://www.linkedin.com/jobs/view/4457405587 , ,li-4457405587,fulltime,,,,,,False,executive,,,,"Technology, Information and Internet",https://www.linkedin.com/company/jackandjillai,,,,,,,,,,,
linkedin,AI Research Engineer (Kernel & Inference Optimization),Jobgether,Germany,2026-09-30,https://www.linkedin.com/jobs/view/4472137882 , ,li-4472137882,fulltime,,,,,,False,mid-senior level,,,,Internet Marketplace Platforms,https://be.linkedin.com/company/jobgether,,,,,,,,,,,
linkedin,AI Specialist (m/w/d) – Öffentlicher Sektor,CGI,"Munich, Bavaria, Germany",2026-09-30,https://www.linkedin.com/jobs/view/4378011681 , ,li-4378011681,fulltime,,,,,,False,entry level,,,,IT Services and IT Consulting,https://ca.linkedin.com/company/cgi,,,,,,,,,,,
linkedin,Lead Research Engineer (f/m/d) - Foundation and World Models on Structured Data,SAP,"Garching, Bavaria, Germany",2026-09-30,https://www.linkedin.com/jobs/view/4377965060 , ,li-4377965060,fulltime,,,,,,False,mid-senior level,,,Careers@sap.com,"Software Development, IT Services and IT Consulting, and Business Consulting and Services",https://de.linkedin.com/company/sap,,,,,,,,,,,
linkedin,"Senior Forward Deployed Engineer, Generative AI, Google Cloud",Google,"Munich, Bavaria, Germany",2026-09-30,https://www.linkedin.com/jobs/view/4463517776 , ,li-4463517776,fulltime,,,,,,False,mid-senior level,,,,"Information Services and Technology, Information and Internet",https://www.linkedin.com/company/google,,,,,,,,,,,
linkedin,Robotertechniker:in,Syn2core,"Munich, Bavaria, Germany",2026-09-30,https://www.linkedin.com/jobs/view/4473722869 , ,li-4473722869,fulltime,,,,,,False,associate,,,,"Software Development, Artificial Intelligence, and Robotics Engineering",https://www.linkedin.com/company/syn2core,,,,,,,,,,,
linkedin,"Senior Forward Deployed Engineer, Generative AI, Google Cloud",Google,"Berlin, Berlin, Germany",2026-09-30,https://www.linkedin.com/jobs/view/4463521731 , ,li-4463521731,fulltime,,,,,,False,mid-senior level,,,,"Information Services and Technology, Information and Internet",https://www.linkedin.com/company/google,,,,,,,,,,,
linkedin,Senior AI Solution Architect (m/f/d)- Enterprise AI & Agent Systems,DöhlerGroup,"Darmstadt, Hesse, Germany",2026-09-30,https://www.linkedin.com/jobs/view/4472192431 , ,li-4472192431,fulltime,,,,,,False,mid-senior level,,,,Food and Beverage Manufacturing,https://de.linkedin.com/company/doehler,,,,,,,,,,,
linkedin,Data Scientist - AI & Experimentation (m/f/d),Pflegia,Germany,2026-09-30,https://www.linkedin.com/jobs/view/4472513059 , ,li-4472513059,fulltime,direct_data,yearly,42000.0,75000.0,EUR,False,associate,,,,Staffing and Recruiting,https://de.linkedin.com/company/pflegia-ag,,,,,,,,,,,
linkedin,AI Data Lead - SAP-RPT Foundation Model Family (f/m/d),SAP,"Garching, Bavaria, Germany",2026-09-30,https://www.linkedin.com/jobs/view/4454970556 , ,li-4454970556,fulltime,,,,,,False,mid-senior level,,,Careers@sap.com,"Software Development, IT Services and IT Consulting, and Business Consulting and Services",https://de.linkedin.com/company/sap,,,,,,,,,,,
linkedin,Forward Deployed Engineer,Kuro,"Berlin, Germany",2026-09-30,https://www.linkedin.com/jobs/view/4472168731 , ,li-4472168731,fulltime,,,,,,False,mid-senior level,,,,"IT Services and IT Consulting, Software Development, and Construction",https://de.linkedin.com/company/kuro-ai,,,,,,,,,,,
linkedin,AI-Engineer (w/m/x),opta data,"Essen, North Rhine-Westphalia, Germany",2026-09-30,https://www.linkedin.com/jobs/view/4426822227 , ,li-4426822227,fulltime,,,,,,False,entry level,,,,IT Services and IT Consulting,https://de.linkedin.com/company/optadata,,,,,,,,,,,
linkedin,Forward Deployed AI Engineer (m/w/d),One Thousand,"Berlin, Berlin, Germany",2026-09-30,https://www.linkedin.com/jobs/view/4472118846 , ,li-4472118846,fulltime,,,,,,False,associate,,,,IT Services and IT Consulting and Software Development,https://de.linkedin.com/company/one-thousand-ai,,,,,,,,,,,
linkedin,Forward Deployed Engineer (m/w/d),Eraneos,Greater Munich Metropolitan Area,2026-09-30,https://www.linkedin.com/jobs/view/4462546551 , ,li-4462546551,fulltime,,,,,,False,entry level,,,paulina.krzeminski@eraneos.com,Business Consulting and Services,https://ch.linkedin.com/company/eraneos,,,,,,,,,,,
linkedin,Data Scientist,Booz Allen Hamilton,"Wiesbaden, Hesse, Germany",2026-09-30,https://www.linkedin.com/jobs/view/4446192174 , ,li-4446192174,fulltime,,,,,,False,not applicable,,,,Software Development,https://www.linkedin.com/company/booz-allen-hamilton,,,,,,,,,,,
linkedin,"Senior Forward Deployed Engineer, Generative AI, Google Cloud",Google,"Frankfurt am Main, Hesse, Germany",2026-09-30,https://www.linkedin.com/jobs/view/4463512859 , ,li-4463512859,fulltime,,,,,,False,mid-senior level,,,,"Information Services and Technology, Information and Internet",https://www.linkedin.com/company/google,,,,,,,,,,,
linkedin,Lead Engineer (m/f/d) Data Science,Danfoss,"Hamburg, Hamburg, Germany",2026-09-30,https://www.linkedin.com/jobs/view/4465066986 , ,li-4465066986,fulltime,,,,,,False,mid-senior level,,,,Industrial Machinery Manufacturing,https://dk.linkedin.com/company/danfoss,,,,,,,,,,,
linkedin,Founding AI Engineer,5U AI,"Munich, Bavaria, Germany",2026-09-30,https://www.linkedin.com/jobs/view/4452294865 , ,li-4452294865,fulltime,,,,,,False,not applicable,,,,"Technology, Information and Internet",https://de.linkedin.com/company/5u-ai,,,,,,,,,,,
linkedin,Machine Learning Platform Engineer – No-Code ML,RockQ Technologies GmbH,"Stuttgart, Baden-Württemberg, Germany",2026-09-30,https://www.linkedin.com/jobs/view/4467392645 , ,li-4467392645,fulltime,,,,,,False,entry level,,,,IT Services and IT Consulting,https://de.linkedin.com/company/rockqtech,,,,,,,,,,,
linkedin,Senior Solutions Architect – Large Scale AI Inference,NVIDIA,Germany,2026-09-30,https://www.linkedin.com/jobs/view/4463579036 , ,li-4463579036,fulltime,,,,,,False,mid-senior level,,,,Computer Hardware Manufacturing,https://www.linkedin.com/company/nvidia,,,,,,,,,,,
linkedin,"Senior Software Engineer, XR World Context",Google,"Munich, Bavaria, Germany",2026-09-30,https://www.linkedin.com/jobs/view/4472309922 , ,li-4472309922,fulltime,,,,,,False,mid-senior level,,,,"Information Services and Technology, Information and Internet",https://www.linkedin.com/company/google,,,,,,,,,,,
linkedin,Manager AI & Data Engineering (m/w/d),Deloitte,"Berlin, Germany",2026-09-30,https://www.linkedin.com/jobs/view/4262632247 , ,li-4262632247,fulltime,,,,,,False,mid-senior level,,,career@deloitte.de,Business Consulting and Services,https://www.linkedin.com/company/deloitte,,,,,,,,,,,
linkedin,Azure AI Engineer - Agentic Systems (all genders),adesso SE,"Cologne, North Rhine-Westphalia, Germany",2026-09-30,https://www.linkedin.com/jobs/view/4436812363 , ,li-4436812363,fulltime,,,,,,False,mid-senior level,,,,IT Services and IT Consulting,https://de.linkedin.com/company/adesso-se,,,,,,,,,,,
linkedin,Software Engineer - AI,Kuro,"Berlin, Germany",2026-09-30,https://www.linkedin.com/jobs/view/4472180427 , ,li-4472180427,fulltime,,,,,,False,mid-senior level,,,,Construction and Software Development,https://de.linkedin.com/company/kuro-ai,,,,,,,,,,,
linkedin,AI Product Engineer (m/w/d),getpress,"Berlin, Berlin, Germany",2026-09-30,https://www.linkedin.com/jobs/view/4472619785 , ,li-4472619785,fulltime,,,,,,False,mid-senior level,,,,Public Relations and Communications Services,https://de.linkedin.com/company/getpress,,,,,,,,,,,
linkedin,Software Engineer,Walaris,"Nuremberg, Bavaria, Germany",2026-09-30,https://www.linkedin.com/jobs/view/4472627506 , ,li-4472627506,fulltime,direct_data,yearly,65000.0,90000.0,EUR,False,entry level,,,,"Technology, Information and Internet",https://www.linkedin.com/company/walaris,,,,,,,,,,,
linkedin,AI LLM Technology Architecture Senior Manager (All Genders),Accenture DACH,"Kronberg, Hesse, Germany",2026-09-30,https://www.linkedin.com/jobs/view/4472354804 , ,li-4472354804,fulltime,,,,,,False,mid-senior level,,,divyani.shah@accenture.com,IT Services and IT Consulting,https://de.linkedin.com/company/accenture-dach,,,,,,,,,,,
linkedin,AI Software Engineer (m/w/d),Aclue GmbH,"Cologne, North Rhine-Westphalia, Germany",2026-09-30,https://www.linkedin.com/jobs/view/4472124734 , ,li-4472124734,fulltime,,,,,,False,associate,,,,Software Development,https://de.linkedin.com/company/aclue-gmbh,,,,,,,,,,,
linkedin,(Senior) SAP AI / Artificial Intelligence Consultant (m/w/d),Cpro,Germany,2026-09-30,https://www.linkedin.com/jobs/view/4472308078 , ,li-4472308078,fulltime,,,,,,False,associate,,,,"Information Technology & Services, IT Services and IT Consulting, and Business Consulting and Services",https://de.linkedin.com/company/cprogruppe,,,,,,,,,,,
linkedin,"Senior Forward Deployed Engineer, Generative AI, Google Cloud",Google,"Hamburg, Hamburg, Germany",2026-09-30,https://www.linkedin.com/jobs/view/4463505886 , ,li-4463505886,fulltime,,,,,,False,mid-senior level,,,,"Information Services and Technology, Information and Internet",https://www.linkedin.com/company/google,,,,,,,,,,,
linkedin,Head of Machine Learning Research (all genders),Bayer,"Berlin, Berlin, Germany",2026-09-30,https://www.linkedin.com/jobs/view/4472125541 , ,li-4472125541,fulltime,,,,,,False,director,,,,"Chemical Manufacturing, Pharmaceutical Manufacturing, and Biotechnology Research",https://de.linkedin.com/company/bayer,,,,,,,,,,,
linkedin,Lead AI Engineer,Morson Edge (Technology),Berlin Metropolitan Area,2026-09-30,https://www.linkedin.com/jobs/view/4473753017 , ,li-4473753017,fulltime,direct_data,yearly,110000.0,140000.0,EUR,False,not applicable,,,,IT Services and IT Consulting and Artificial Intelligence,https://uk.linkedin.com/company/morson-edge-technology,,,,,,,,,,,
linkedin,Senior ML Engineer | Kimchi (LLM Inference Optimization),Cast AI,Germany,2026-09-30,https://www.linkedin.com/jobs/view/4473599649 , ,li-4473599649,fulltime,,,,,,False,mid-senior level,,,,Software Development,https://www.linkedin.com/company/cast-ai,,,,,,,,,,,
linkedin,Senior Machine Learning Engineer: ML Recall,Jobgether,Germany,2026-09-30,https://www.linkedin.com/jobs/view/4471993068 , ,li-4471993068,fulltime,description,yearly,80000.0,120000.0,USD,False,mid-senior level,,,,Internet Marketplace Platforms,https://be.linkedin.com/company/jobgether,,,,,,,,,,,
linkedin,Senior Machine Learning Engineer I,SumUp,"Berlin, Berlin, Germany",2026-09-30,https://www.linkedin.com/jobs/view/4433956145 , ,li-4433956145,fulltime,,,,,,False,mid-senior level,,,,Financial Services,https://uk.linkedin.com/company/sumup,,,,,,,,,,,
linkedin,Machine Learning Engineer: Personalization,Jobgether,Germany,2026-09-30,https://www.linkedin.com/jobs/view/4471990156 , ,li-4471990156,fulltime,description,yearly,80000.0,120000.0,USD,False,mid-senior level,,,,Internet Marketplace Platforms,https://be.linkedin.com/company/jobgether,,,,,,,,,,,
linkedin,Head of IT AI & Automation (x|f|m),Sartorius,"Göttingen, Lower Saxony, Germany",2026-09-30,https://www.linkedin.com/jobs/view/4473761280 , ,li-4473761280,fulltime,,,,,,False,director,,,,Biotechnology Research,https://de.linkedin.com/company/sartorius,,,,,,,,,,,
linkedin,Staff Product Engineer,Parloa,"Berlin, Berlin, Germany",2026-09-30,https://www.linkedin.com/jobs/view/4473798646 , ,li-4473798646,fulltime,,,,,,False,mid-senior level,,,,"Technology, Information and Internet",https://de.linkedin.com/company/parloa,,,,,,,,,,,
linkedin,Junior AI Applied Consultant (w/m/d),TRUMPF,"Ditzingen, Baden-Württemberg, Germany",2026-09-30,https://www.linkedin.com/jobs/view/4473744561 , ,li-4473744561,fulltime,,,,,,False,entry level,,,lena.riexinger@trumpf.com,Machinery Manufacturing,https://www.linkedin.com/company/trumpf-se-co-kg,,,,,,,,,,,
linkedin,Senior AI Adoption Consultant (m/f/d) - with salary details,Covestro,"Leverkusen, North Rhine-Westphalia, Germany",2026-09-30,https://www.linkedin.com/jobs/view/4455273507 , ,li-4455273507,fulltime,,,,,,False,mid-senior level,,,Chris.Rziha@covestro.com,Chemical Manufacturing,https://de.linkedin.com/company/covestro,,,,,,,,,,,
linkedin,Senior ML Research Engineer,European Tech Recruit,Berlin Metropolitan Area,2026-09-30,https://www.linkedin.com/jobs/view/4473737209 , ,li-4473737209,fulltime,,,,,,False,mid-senior level,,,cw@eu-recruit.com,"Software Development, Artificial Intelligence, and Technology, Information and Media",https://uk.linkedin.com/company/european-tech-recruit,,,,,,,,,,,
linkedin,🚀 Founding AI Product Manager | High Growth Startup | Lisbon or Remote,Planeco Building,Germany,2026-09-30,https://www.linkedin.com/jobs/view/4473920882 , ,li-4473920882,fulltime,,,,,,True,associate,,,,"Artificial Intelligence, Real Estate, and Construction",https://de.linkedin.com/company/planeco-building,,,,,,,,,,,
linkedin,Senior GenAI Data Scientist (m/f/d),AutoScout24,"Munich, Bavaria, Germany",2026-09-30,https://www.linkedin.com/jobs/view/4454298205 , ,li-4454298205,fulltime,,,,,,False,mid-senior level,,,,Software Development,https://de.linkedin.com/company/autoscout24,,,,,,,,,,,
linkedin,Principal AI Engineer (m/f/d),HARMAN International,"Garching, Bavaria, Germany",2026-09-30,https://www.linkedin.com/jobs/view/4463056308 , ,li-4463056308,fulltime,,,,,,False,mid-senior level,,,harmancareers@harman.com,Computers and Electronics Manufacturing,https://www.linkedin.com/company/harman-international,,,,,,,,,,,
linkedin,Principal AI/ML Engineer (Robotics),Analog Devices,Greater Munich Metropolitan Area,2026-09-30,https://www.linkedin.com/jobs/view/4452831481 , ,li-4452831481,fulltime,,,,,,False,mid-senior level,,,,Semiconductor Manufacturing,https://www.linkedin.com/company/analog-devices,,,,,,,,,,,
linkedin,Enterprise AI Expert *,BTC - Business Technology Consulting AG,"Bremen, Bremen, Germany",2026-09-30,https://www.linkedin.com/jobs/view/4446355413 , ,li-4446355413,fulltime,,,,,,False,mid-senior level,,,,IT Services and IT Consulting,https://de.linkedin.com/company/btcag,,,,,,,,,,,
linkedin,AI/ML Computational Scientist Manager (All Genders),Accenture DACH,"Kronberg, Hesse, Germany",2026-09-30,https://www.linkedin.com/jobs/view/4472357687 , ,li-4472357687,fulltime,,,,,,False,mid-senior level,,,,IT Services and IT Consulting,https://de.linkedin.com/company/accenture-dach,,,,,,,,,,,
linkedin,Senior Software Engineer AI & Automation (d/m/w),be quiet! by Listan GmbH,"Glinde, Schleswig-Holstein, Germany",2026-09-30,https://www.linkedin.com/jobs/view/4473726414 , ,li-4473726414,fulltime,,,,,,False,associate,,,,"Transportation, Logistics, Supply Chain and Storage",https://de.linkedin.com/company/be-quiet-,,,,,,,,,,,
linkedin,Senior Data Scientist,Solaris SE,"Berlin, Germany",2026-09-30,https://www.linkedin.com/jobs/view/4462558266 , ,li-4462558266,fulltime,,,,,,False,mid-senior level,,,,Financial Services,https://de.linkedin.com/company/solariscompany,,,,,,,,,,,
linkedin,AI/ML Computational Science Analyst (All Genders),Accenture DACH,"Kronberg, Hesse, Germany",2026-09-30,https://www.linkedin.com/jobs/view/4472360608 , ,li-4472360608,fulltime,,,,,,False,mid-senior level,,,marta.paraschiv@accenture.com,IT Services and IT Consulting,https://de.linkedin.com/company/accenture-dach,,,,,,,,,,,
linkedin,Machine Learning / MLOps Engineer (m/w/d),BDO Germany,"Hamburg, Hamburg, Germany",2026-09-30,https://www.linkedin.com/jobs/view/4473959416 , ,li-4473959416,fulltime,,,,,,False,associate,,,recruiting@bdo.de,"Accounting, Business Consulting and Services, and Strategic Management Services",https://de.linkedin.com/company/bdo-germany,,,,,,,,,,,
linkedin,AI Engineer (f/m/d),Digital Charging Solutions,"Berlin, Germany",2026-09-30,https://www.linkedin.com/jobs/view/4472149603 , ,li-4472149603,fulltime,,,,,,False,mid-senior level,,,,Software Development,https://de.linkedin.com/company/digitalchargingsolutions,,,,,,,,,,,
linkedin,Senior Data Scientist – Fintech (Credit and Fraud),Delivery Hero,"Berlin, Berlin, Germany",2026-09-30,https://www.linkedin.com/jobs/view/4472157466 , ,li-4472157466,fulltime,,,,,,False,mid-senior level,,,inclusion@deliveryhero.com,Software Development and IT Services and IT Consulting,https://de.linkedin.com/company/delivery-hero-se,,,,,,,,,,,
linkedin,Artificial Intelligence Engineer,Excelloit Consultancy Services,Germany,2026-09-30,https://www.linkedin.com/jobs/view/4472155069 , ,li-4472155069,contract,,,,,,False,associate,,,,Information Services,https://de.linkedin.com/company/excelloit,,,,,,,,,,,
linkedin,Senior Machine Learning Engineer - Embedded AI,Pennylane,Germany,2026-09-30,https://www.linkedin.com/jobs/view/4465049285 , ,li-4465049285,fulltime,,,,,,False,mid-senior level,,,"dpo@pennylane.com, dpo@pennylane.com, dpo@pennylane.com, dpo@pennylane.com",Accounting,https://fr.linkedin.com/company/pennylaneaccounting,,,,,,,,,,,
linkedin,AI Infrastructure Engineer (f/m/x),BMW Group,"Munich, Bavaria, Germany",2026-09-30,https://www.linkedin.com/jobs/view/4452272192 , ,li-4452272192,fulltime,,,,,,False,mid-senior level,,,,Motor Vehicle Manufacturing,https://de.linkedin.com/company/bmw-group,,,,,,,,,,,
linkedin,Fullstack & AI Engineer,INTELLEGAM,"Munich, Bavaria, Germany",2026-09-30,https://www.linkedin.com/jobs/view/4473760142 , ,li-4473760142,fulltime,,,,,,False,entry level,,,,IT System Data Services,https://de.linkedin.com/company/intellegam,,,,,,,,,,,
linkedin,AI Architect (all genders) - BCG Platinion,BCG Platinion,"Berlin, Berlin, Germany",2026-09-30,https://www.linkedin.com/jobs/view/4387710381 , ,li-4387710381,fulltime,,,,,,False,mid-senior level,,,,Business Consulting and Services,https://de.linkedin.com/company/bcg-platinion,,,,,,,,,,,
linkedin,Consultant (w/m/d) BI & Analytics (all levels),Horváth,"Stuttgart, Baden-Württemberg, Germany",2026-09-29,https://www.linkedin.com/jobs/view/3580585619 , ,li-3580585619,fulltime,,,,,,False,not applicable,,,,Business Consulting and Services,https://de.linkedin.com/company/horvathpartners,,,,,,,,,,,
linkedin,"Research Associate/ Postdoc (m/w/d) for Project “Storage as a Sustainability Enabler through Optimization, Machine Learning and High Performance Computing”",Technische Universität München (Technical University of Munich),"Munich, Bavaria, Germany",2026-09-29,https://www.linkedin.com/jobs/view/4471906183 , ,li-4471906183,fulltime,,,,,,False,entry level,,,"papavasiliou@mail.ntua.gr, papavasiliou@mail.ntua.gr, papavasiliou@mail.ntua.gr",Higher Education,https://de.linkedin.com/school/c446-deccan-m.ed-college-gulbarga/,,,,,,,,,,,
linkedin,(Senior) Data Analyst – CRM & Marketing Analytics (m/w/d),Peek & Cloppenburg* Düsseldorf,"Düsseldorf, North Rhine-Westphalia, Germany",2026-09-29,https://www.linkedin.com/jobs/view/4464466459 , ,li-4464466459,fulltime,,,,,,False,entry level,,,karriere@peek-cloppenburg.de,Retail Apparel and Fashion,https://de.linkedin.com/company/peek-cloppenburg-duesseldorf,,,,,,,,,,,
linkedin,Senior Consultant (all genders) SAP Analytics Cloud,valantic,"Hamburg, Hamburg, Germany",2026-09-29,https://www.linkedin.com/jobs/view/4452242778 , ,li-4452242778,fulltime,,,,,,False,mid-senior level,,,,Business Consulting and Services,https://de.linkedin.com/company/valantic,,,,,,,,,,,
linkedin,Senior Business Analyst (all genders) - Lounge by Zalando - Parental Leave Cover (12 months),Zalando,"Berlin, Berlin, Germany",2026-09-29,https://www.linkedin.com/jobs/view/4462510338 , ,li-4462510338,fulltime,,,,,,False,mid-senior level,,,,Retail,https://de.linkedin.com/company/zalando,,,,,,,,,,,
linkedin,Duales Studium - Bachelor angewandte Mathermatik & Data Science - Fachrichtung Technomathematik (m/w/d),Continental Industry,"Hannover, Lower Saxony, Germany",2026-09-29,https://www.linkedin.com/jobs/view/4470316347 , ,li-4470316347,fulltime,,,,,,False,not applicable,,,,Chemical Manufacturing,https://de.linkedin.com/company/continental-industry,,,,,,,,,,,
linkedin,Business Intelligence Expert (m/w/d),PAYONE Austria GmbH,Frankfurt Rhine-Main Metropolitan Area,2026-09-29,https://www.linkedin.com/jobs/view/4473227584 , ,li-4473227584,fulltime,,,,,,False,mid-senior level,,,,Financial Services,https://at.linkedin.com/company/payone-austria-gmbh,,,,,,,,,,,
linkedin,Senior Expert Flexibilitätsvermarktung & Optimierung (m/w/d),e-regio GmbH & Co. KG,"Euskirchen, North Rhine-Westphalia, Germany",2026-09-29,https://www.linkedin.com/jobs/view/4445891629 , ,li-4445891629,fulltime,,,,,,False,mid-senior level,,,,Utilities,https://de.linkedin.com/company/e-regio,,,,,,,,,,,
linkedin,Consultant Supply Chain Management (m/w/d),Lidl in Germany,"Neckarsulm, Baden-Württemberg, Germany",2026-09-29,https://www.linkedin.com/jobs/view/4454508092 , ,li-4454508092,fulltime,,,,,,False,mid-senior level,,,,"Retail, Food and Beverage Services, and Retail Groceries",https://de.linkedin.com/company/lidl-in-deutschland,,,,,,,,,,,
linkedin,(Senior) Manager M&A Analytics / Transaction Diligence (m/w/d) in Hamburg,Deloitte,"Hamburg, Hamburg, Germany",2026-09-29,https://www.linkedin.com/jobs/view/4369200492 , ,li-4369200492,fulltime,,,,,,False,mid-senior level,,,career@deloitte.de,Business Consulting and Services,https://www.linkedin.com/company/deloitte,,,,,,,,,,,
linkedin,(Senior) Manager M&A Analytics / Transaction Diligence (m/w/d) in Düsseldorf,Deloitte,"Düsseldorf, North Rhine-Westphalia, Germany",2026-09-29,https://www.linkedin.com/jobs/view/4369202458 , ,li-4369202458,fulltime,,,,,,False,mid-senior level,,,career@deloitte.de,Business Consulting and Services,https://www.linkedin.com/company/deloitte,,,,,,,,,,,
linkedin,Senior Clinical Biostatistician (m/f/d),Fresenius Kabi,"Bad Homburg, Hesse, Germany",2026-09-29,https://www.linkedin.com/jobs/view/4398120716 , ,li-4398120716,fulltime,,,,,,False,mid-senior level,,,,Pharmaceutical Manufacturing,https://de.linkedin.com/company/freseniuskabi,,,,,,,,,,,
linkedin,Head of Analytics and Data Science (f/m/d),Zenjob,"Berlin, Germany",2026-09-29,https://www.linkedin.com/jobs/view/4471736982 , ,li-4471736982,fulltime,,,,,,False,director,,,,"Staffing and Recruiting, Internet Marketplace Platforms, and Software Development",https://de.linkedin.com/company/zenjob,,,,,,,,,,,
linkedin,AI Platform Engineer (w/m/d),Capgemini,"Dortmund, North Rhine-Westphalia, Germany",2026-09-29,https://www.linkedin.com/jobs/view/4471264304 , ,li-4471264304,fulltime,,,,,,False,mid-senior level,,,career.de@capgemini.com,IT Services and IT Consulting,https://fr.linkedin.com/company/capgemini,,,,,,,,,,,
linkedin,Postdoctoral Researcher – Computational & Translational Analysis of Pulmonary Nodules,DKFZ German Cancer Research Center,"Heidelberg, Baden-Württemberg, Germany",2026-09-29,https://www.linkedin.com/jobs/view/4471920113 , ,li-4471920113,fulltime,,,,,,False,associate,,,,Research Services,https://de.linkedin.com/school/dkfz-de/,,,,,,,,,,,
linkedin,"E-Commerce Data, Automation & AI Manager (m/w/d)",Philips,"Hamburg, Hamburg, Germany",2026-09-29,https://www.linkedin.com/jobs/view/4444325902 , ,li-4444325902,fulltime,,,,,,False,mid-senior level,,,,Hospitals and Health Care,https://nl.linkedin.com/company/philips,,,,,,,,,,,
linkedin,AI Developer (m/w/d),WITRON Group,"Parkstein, Bavaria, Germany",2026-09-29,https://www.linkedin.com/jobs/view/4464769042 , ,li-4464769042,fulltime,,,,,,False,not applicable,,,,"Automation Machinery Manufacturing, Transportation, Logistics, Supply Chain and Storage, and Industrial Machinery Manufacturing",https://de.linkedin.com/company/witron,,,,,,,,,,,
linkedin,Research Engineer (f/m/d),Sonar,"Bochum, North Rhine-Westphalia, Germany",2026-09-29,https://www.linkedin.com/jobs/view/4358578712 , ,li-4358578712,fulltime,,,,,,False,mid-senior level,,,,Software Development,https://ch.linkedin.com/company/sonarsource,,,,,,,,,,,
linkedin,Senior Researcher in Embedded Research for AI in Finance (f/m/d),SAP,"Walldorf, Baden-Württemberg, Germany",2026-09-29,https://www.linkedin.com/jobs/view/4462979455 , ,li-4462979455,fulltime,,,,,,False,entry level,,,Careers@sap.com,"Software Development, IT Services and IT Consulting, and Business Consulting and Services",https://de.linkedin.com/company/sap,,,,,,,,,,,
linkedin,Head of ML,JetBrains,"Munich, Bavaria, Germany",2026-09-29,https://www.linkedin.com/jobs/view/4442855609 , ,li-4442855609,fulltime,,,,,,False,director,,,,Software Development,https://nl.linkedin.com/company/jetbrains,,,,,,,,,,,
linkedin,AI Engineer / KI-Spezialist für Produktintegration (m/w/d),DIS AG,"Mainz, Rhineland-Palatinate, Germany",2026-09-29,https://www.linkedin.com/jobs/view/4471740001 , ,li-4471740001,fulltime,,,,,,False,mid-senior level,,,,Information Technology & Services,https://de.linkedin.com/company/dis-ag,,,,,,,,,,,
linkedin,Experte (w/m/d) Contact Center AI (Conversational AI & Agentic AI),Kassenärztliche Vereinigung Nordrhein,"Cologne, North Rhine-Westphalia, Germany",2026-09-29,https://www.linkedin.com/jobs/view/4471906818 , ,li-4471906818,fulltime,,,,,,False,mid-senior level,,,,Hospitals and Health Care,https://de.linkedin.com/company/kv-nordrhein,,,,,,,,,,,
linkedin,"Research Associate (f/m/d)  Research focus: AI-based design of engine architecture, HAP5",Brandenburg University of Applied Sciences,"Brandenburg on the Havel, Brandenburg, Germany",2026-09-29,https://www.linkedin.com/jobs/view/4473262388 , ,li-4473262388,fulltime,,,,,,False,entry level,,,"leitung-pvo@th-brandenburg.de, gba@th-brandenburg.de, flassig@th-brandenburg.de, doreen.peters@th-brandenburg.de",Internet Publishing,https://de.linkedin.com/school/th-brandenburg/,,,,,,,,,,,
linkedin,AI Engineer/ Specialist (m/w/d),Rottendorf Pharma,"Ennigerloh, North Rhine-Westphalia, Germany",2026-09-29,https://www.linkedin.com/jobs/view/4452286364 , ,li-4452286364,fulltime,,,,,,False,entry level,,,karriere@rottendorf.com,Pharmaceutical Manufacturing,https://de.linkedin.com/company/rottendorfpharma,,,,,,,,,,,
linkedin,"Customer Engineer, Applied AI",Google,"Munich, Bavaria, Germany",2026-09-29,https://www.linkedin.com/jobs/view/4471931123 , ,li-4471931123,fulltime,,,,,,False,not applicable,,,,"Information Services and Technology, Information and Internet",https://www.linkedin.com/company/google,,,,,,,,,,,
linkedin,Machine Learning System Software Engineer (m/f/d),Apple,"Munich, Bavaria, Germany",2026-09-29,https://www.linkedin.com/jobs/view/4471590108 , ,li-4471590108,fulltime,,,,,,False,mid-senior level,,,,Computers and Electronics Manufacturing,https://www.linkedin.com/company/apple,,,,,,,,,,,
linkedin,AI Engineer Full Stack | Agentic AI Team Build-Out | Bavaria,AI Futures,"Bavaria, Germany",2026-09-29,https://www.linkedin.com/jobs/view/4471757393 , ,li-4471757393,fulltime,direct_data,yearly,70000.0,95000.0,EUR,False,mid-senior level,,,,"Technology, Information and Media, Staffing and Recruiting, and Artificial Intelligence",https://uk.linkedin.com/company/aifuturesgroup,,,,,,,,,,,
linkedin,AI Architect (all genders) - BCG Platinion,BCG Platinion,"Stuttgart, Baden-Württemberg, Germany",2026-09-29,https://www.linkedin.com/jobs/view/4387712386 , ,li-4387712386,fulltime,,,,,,False,mid-senior level,,,,Business Consulting and Services,https://de.linkedin.com/company/bcg-platinion,,,,,,,,,,,
linkedin,AI Architect (all genders) - BCG Platinion,BCG Platinion,"Hamburg, Hamburg, Germany",2026-09-29,https://www.linkedin.com/jobs/view/4387705672 , ,li-4387705672,fulltime,,,,,,False,mid-senior level,,,,Business Consulting and Services,https://de.linkedin.com/company/bcg-platinion,,,,,,,,,,,
linkedin,Full-Stack AI Developer – Agentic Systems (m/f/d),Autonomous Teaming,"Berlin, Berlin, Germany",2026-09-29,https://www.linkedin.com/jobs/view/4471736829 , ,li-4471736829,fulltime,,,,,,False,associate,,,,Software Development,https://de.linkedin.com/company/autonomous-teaming,,,,,,,,,,,
linkedin,Lead Software Engineer (C#.NET) - Data & AI Products,SimCorp,"Bad Homburg, Hesse, Germany",2026-09-29,https://www.linkedin.com/jobs/view/4455262185 , ,li-4455262185,fulltime,,,,,,False,mid-senior level,,,,Software Development,https://dk.linkedin.com/company/simcorp,,,,,,,,,,,
linkedin,Full-Stack AI Developer – Agentic Systems (m/f/d),Autonomous Teaming,"Berlin, Germany",2026-09-29,https://www.linkedin.com/jobs/view/4473538600 , ,li-4473538600,fulltime,,,,,,False,mid-senior level,,,,Software Development,https://de.linkedin.com/company/autonomous-teaming,,,,,,,,,,,
linkedin,AI Architect (all genders) - BCG Platinion,BCG Platinion,"Frankfurt, Hesse, Germany",2026-09-29,https://www.linkedin.com/jobs/view/4387720106 , ,li-4387720106,fulltime,,,,,,False,mid-senior level,,,,Business Consulting and Services,https://de.linkedin.com/company/bcg-platinion,,,,,,,,,,,
linkedin,Software Engineer,OWKIN,"Berlin, Germany",2026-09-29,https://www.linkedin.com/jobs/view/4426607272 , ,li-4426607272,fulltime,,,,,,False,mid-senior level,,,hiring@owkin.com,"Technology, Information and Internet",https://www.linkedin.com/company/owkin,,,,,,,,,,,
linkedin,"English speaking AI Marketing Lead (m/w) | Automation, MarTech & Workflow Integration",RIB Software,"Stuttgart, Baden-Württemberg, Germany",2026-09-29,https://www.linkedin.com/jobs/view/4464416274 , ,li-4464416274,fulltime,,,,,,False,associate,,,,Software Development and Construction,https://de.linkedin.com/company/rib-software,,,,,,,,,,,
linkedin,Senior Software Engineer (AI CICD),Jobgether,Germany,2026-09-29,https://www.linkedin.com/jobs/view/4471287522 , ,li-4471287522,fulltime,description,yearly,157000.0,184000.0,USD,False,mid-senior level,,,,Internet Marketplace Platforms,https://be.linkedin.com/company/jobgether,,,,,,,,,,,
linkedin,Founding Tech Lead (GrowthBricks),JetBrains,Germany,2026-09-29,https://www.linkedin.com/jobs/view/4473229247 , ,li-4473229247,fulltime,,,,,,False,mid-senior level,,,,Software Development,https://nl.linkedin.com/company/jetbrains,,,,,,,,,,,
linkedin,Founding Tech Lead (GrowthBricks),JetBrains,"Berlin, Berlin, Germany",2026-09-29,https://www.linkedin.com/jobs/view/4473235035 , ,li-4473235035,fulltime,,,,,,False,mid-senior level,,,,Software Development,https://nl.linkedin.com/company/jetbrains,,,,,,,,,,,
linkedin,Software Developer (m/f/d),innoGPT,"Vechta, Lower Saxony, Germany",2026-09-29,https://www.linkedin.com/jobs/view/4471572610 , ,li-4471572610,fulltime,,,,,,False,entry level,,,"hello@innogpt.de, hello@innogpt.de",Software Development,https://www.linkedin.com/company/innogpt,,,,,,,,,,,
linkedin,Softwareentwickler:in mit KI-Fokus (m/w/d),red6 enterprise software GmbH,"Hamburg, Hamburg, Germany",2026-09-29,https://www.linkedin.com/jobs/view/4471758570 , ,li-4471758570,fulltime,,,,,,False,entry level,,,,IT Services and IT Consulting,https://de.linkedin.com/company/red6-enterprise-software-gmbh,,,,,,,,,,,
linkedin,KI-Transformationsleiter,SDK - Süddeutsche Krankenversicherung a. G.,"Fellbach, Baden-Württemberg, Germany",2026-09-29,https://www.linkedin.com/jobs/view/4473205698 , ,li-4473205698,fulltime,,,,,,False,associate,,,bewerbung@sdk.de,Insurance,https://de.linkedin.com/company/sdk-sueddeutsche-krankenversicherung,,,,,,,,,,,
linkedin,AI Researcher - Post-Training (f/m/d),Sonar,"Bochum, North Rhine-Westphalia, Germany",2026-09-29,https://www.linkedin.com/jobs/view/4454072381 , ,li-4454072381,fulltime,,,,,,False,mid-senior level,,,,Software Development,https://ch.linkedin.com/company/sonarsource,,,,,,,,,,,
linkedin,Data Scientist - Content,trivago,"Düsseldorf, North Rhine-Westphalia, Germany",2026-09-29,https://www.linkedin.com/jobs/view/4471906405 , ,li-4471906405,fulltime,,,,,,False,mid-senior level,,,joinus@trivago.com,Internet Publishing,https://de.linkedin.com/company/trivagonv,,,,,,,,,,,
linkedin,"Assistant Vice President, Quantitative Analyst, Structured Finance",Morningstar,"Frankfurt, Hesse, Germany",2026-09-29,https://www.linkedin.com/jobs/view/4470936740 , ,li-4470936740,fulltime,,,,,,False,mid-senior level,,,,Financial Services,https://www.linkedin.com/company/morningstar,,,,,,,,,,,
linkedin,Duales Studium Data Science & KI in Kooperation mit der DHBW Lörrach 2026/27,Seqonis,"Bad Säckingen, Baden-Württemberg, Germany",2026-09-29,https://www.linkedin.com/jobs/view/4471734509 , ,li-4471734509,fulltime,,,,,,False,internship,,,career@eschbach.com,Software Development,https://de.linkedin.com/company/eschbachit-gmbh,,,,,,,,,,,
linkedin,AI Platform Engineer (w/m/d),Capgemini,"Munich, Bavaria, Germany",2026-09-29,https://www.linkedin.com/jobs/view/4471261378 , ,li-4471261378,fulltime,,,,,,False,mid-senior level,,,career.de@capgemini.com,IT Services and IT Consulting,https://fr.linkedin.com/company/capgemini,,,,,,,,,,,
linkedin,Machine Learning Engineer (all genders),Avelios Medical,"Munich, Bavaria, Germany",2026-09-29,https://www.linkedin.com/jobs/view/4361562595 , ,li-4361562595,fulltime,,,,,,False,mid-senior level,,,,Software Development,https://de.linkedin.com/company/avelios-medical,,,,,,,,,,,
linkedin,Machine Learning & AI Engineer (m/w/d),Tchibo,"Hamburg, Hamburg, Germany",2026-09-29,https://www.linkedin.com/jobs/view/4464389448 , ,li-4464389448,fulltime,,,,,,False,mid-senior level,,,,Retail,https://de.linkedin.com/company/tchibo,,,,,,,,,,,
linkedin,"Data Scientist AI (D/F/M), DHL Data & AI",DHL,"Bonn, North Rhine-Westphalia, Germany",2026-09-29,https://www.linkedin.com/jobs/view/4471124259 , ,li-4471124259,fulltime,,,,,,False,entry level,,,dna.recruiting@dhl.com,"Transportation, Logistics, Supply Chain and Storage",https://de.linkedin.com/company/dhl,,,,,,,,,,,
linkedin,Data Scientist AI (d/f/m),DHL Data & AI,"Bonn, North Rhine-Westphalia, Germany",2026-09-29,https://www.linkedin.com/jobs/view/4473282422 , ,li-4473282422,fulltime,,,,,,False,associate,,,dna.recruiting@dhl.com,"Transportation, Logistics, Supply Chain and Storage and IT Services and IT Consulting",https://de.linkedin.com/company/dhl-data-ai,,,,,,,,,,,
linkedin,"Computer Vision Engineer, 3D Perception | Tier 1 VC-backed Physical AI | Germany (English-speaking)",AI Futures,"North Rhine-Westphalia, Germany",2026-09-29,https://www.linkedin.com/jobs/view/4471738500 , ,li-4471738500,fulltime,direct_data,yearly,120000.0,250000.0,EUR,False,mid-senior level,,,will.childs@aifutures.group,Robotics Engineering,https://uk.linkedin.com/company/aifuturesgroup,,,,,,,,,,,
linkedin,Senior Generative AI Engineer (m/w/d),[at] Group,"Munich, Bavaria, Germany",2026-09-29,https://www.linkedin.com/jobs/view/4465740801 , ,li-4465740801,fulltime,,,,,,False,associate,,,,Software Development,https://de.linkedin.com/company/alexander-thamm-gmbh,,,,,,,,,,,
linkedin,"Senior Data Scientist, Delivery Consumer Discovery",Bolt,"Berlin, Berlin, Germany",2026-09-29,https://www.linkedin.com/jobs/view/4471904632 , ,li-4471904632,fulltime,,,,,,False,mid-senior level,,,,Software Development,https://ee.linkedin.com/company/bolt-eu,,,,,,,,,,,
linkedin,Senior Forward Deployed AI Engineer (f/m/d),Siemens Healthineers,"Forchheim, Bavaria, Germany",2026-09-29,https://www.linkedin.com/jobs/view/4471728988 , ,li-4471728988,fulltime,,,,,,False,mid-senior level,,,recruitinggersupport.func@siemens-healthineers.com,Hospitals and Health Care,https://de.linkedin.com/company/siemens-healthineers,,,,,,,,,,,
linkedin,Artificial Intelligence Specialist,fairforce.one,"Leipzig, Saxony, Germany",2026-09-29,https://www.linkedin.com/jobs/view/4471246426 , ,li-4471246426,fulltime,direct_data,yearly,46000.0,55000.0,EUR,False,associate,,,,Law Practice,https://de.linkedin.com/company/fairforce1,,,,,,,,,,,
linkedin,Principal Research Scientist | Speech & Voice Foundation Models,Intelix.AI,"Berlin, Germany",2026-09-29,https://www.linkedin.com/jobs/view/4471075998 , ,li-4471075998,fulltime,description,yearly,270000.0,500000.0,USD,False,mid-senior level,,,,Artificial Intelligence,https://uk.linkedin.com/company/intelix-limited,,,,,,,,,,,
linkedin,Senior Data Scientist — Data Cloud Acceleration,Zeta Global,"Berlin, Berlin, Germany",2026-09-29,https://www.linkedin.com/jobs/view/4463514158 , ,li-4463514158,fulltime,,,,,,False,mid-senior level,,,,Software Development,https://www.linkedin.com/company/zetaglobal,,,,,,,,,,,
linkedin,AI Research Engineer / ML Researcher.,Typus,Germany,2026-09-29,https://www.linkedin.com/jobs/view/4471711423 , ,li-4471711423,fulltime,,,,,,False,entry level,,,,Administrative and Support Services,https://de.linkedin.com/company/typus-ai,,,,,,,,,,,
linkedin,Founding AI Engineer,newinsights.ai,Germany,2026-09-29,https://www.linkedin.com/jobs/view/4473095834 , ,li-4473095834,fulltime,,,,,,False,entry level,,,,"Technology, Information and Internet",https://www.linkedin.com/company/newinsights,,,,,,,,,,,
linkedin,AI Research Engineer - Reinforcement Learning,Helsing,"Munich, Bavaria, Germany",2026-09-29,https://www.linkedin.com/jobs/view/4328761767 , ,li-4328761767,fulltime,,,,,,False,mid-senior level,,,,Software Development,https://de.linkedin.com/company/helsing,,,,,,,,,,,
linkedin,Research Engineer (Agentic Models),JetBrains,"Berlin, Berlin, Germany",2026-09-29,https://www.linkedin.com/jobs/view/4353455236 , ,li-4353455236,fulltime,,,,,,False,mid-senior level,,,,Software Development,https://nl.linkedin.com/company/jetbrains,,,,,,,,,,,
linkedin,Manager AI & Data Analytics / Data Science (m/w/d) in Berlin,Deloitte,"Berlin, Germany",2026-09-29,https://www.linkedin.com/jobs/view/4318199028 , ,li-4318199028,fulltime,,,,,,False,mid-senior level,,,career@deloitte.de,Business Consulting and Services,https://www.linkedin.com/company/deloitte,,,,,,,,,,,
linkedin,Senior Consultant AI Engineering (m/w/d) in München,Deloitte,"Munich, Bavaria, Germany",2026-09-29,https://www.linkedin.com/jobs/view/4427683567 , ,li-4427683567,fulltime,,,,,,False,associate,,,career@deloitte.de,Business Consulting and Services,https://www.linkedin.com/company/deloitte,,,,,,,,,,,
linkedin,Senior Consultant AI Engineering (m/w/d) in Frankfurt (Main),Deloitte,"Frankfurt, Hesse, Germany",2026-09-29,https://www.linkedin.com/jobs/view/4427687598 , ,li-4427687598,fulltime,,,,,,False,associate,,,career@deloitte.de,Business Consulting and Services,https://www.linkedin.com/company/deloitte,,,,,,,,,,,
linkedin,AI Engineer (LLM Products) - Remote,dexter health,Germany,2026-09-29,https://www.linkedin.com/jobs/view/4471267379 , ,li-4471267379,fulltime,,,,,,True,associate,,,,Hospitals and Health Care,https://de.linkedin.com/company/dexter-health,,,,,,,,,,,
linkedin,Experte Data Analytics & Projektmanagement in der Einkaufssteuerung / Governance (m/w/d),Vonovia,"Bochum, North Rhine-Westphalia, Germany",2026-09-29,https://www.linkedin.com/jobs/view/4473229969 , ,li-4473229969,fulltime,,,,,,False,mid-senior level,,,,Real Estate,https://de.linkedin.com/company/vonovia,,,,,,,,,,,
