site,title,company,location,date_posted,job_url,job_url_direct,id,job_type,salary_source,interval,min_amount,max_amount,currency,is_remote,job_level,job_function,listing_type,emails,company_industry,company_url,company_url_direct,company_addresses,company_num_employees,company_revenue,company_description,skills,experience_range,company_rating,company_reviews_count,vacancy_count,work_from_home_type
linkedin,SOC Architect - Chiplet,Tenstorrent,"Munich, Bavaria, Germany",2026-10-02,https://www.linkedin.com/jobs/view/4473801404 , ,li-4473801404,fulltime,,,,,,False,mid-senior level,,,,Computer Hardware Manufacturing,https://ca.linkedin.com/company/tenstorrent-inc.,,,,,,,,,,,
linkedin,Embedded-Software-Entwickler (m/w/d),FERCHAU,"Munich, Bavaria, Germany",2026-10-02,https://www.linkedin.com/jobs/view/4438586067 , ,li-4438586067,fulltime,direct_data,yearly,60000.0,85000.0,EUR,False,mid-senior level,,,yue.tang@ferchau.com,Engineering Services,https://de.linkedin.com/company/ferchau,,,,,,,,,,,
linkedin,Senior Fullstack Developer m/w/d,FLYERALARM,"Würzburg, Bavaria, Germany",2026-10-02,https://www.linkedin.com/jobs/view/4473128314 , ,li-4473128314,,,,,,,False,,,,,,https://de.linkedin.com/company/flyeralarm,,,,,,,,,,,
linkedin,Full-Stack Developer,FUNDED,"Munich, Bavaria, Germany",2026-10-02,https://www.linkedin.com/jobs/view/4472894194 , ,li-4472894194,fulltime,direct_data,yearly,65000.0,75000.0,EUR,False,mid-senior level,,,,Professional Services,https://de.linkedin.com/company/gotfunded,,,,,,,,,,,
linkedin,Forward Deployment Engineer,Keysight Technologies,"Munich, Bavaria, Germany",2026-10-02,https://www.linkedin.com/jobs/view/4473139996 , ,li-4473139996,fulltime,,,,,,False,associate,,,,"Appliances, Electrical, and Electronics Manufacturing",https://www.linkedin.com/company/keysight-technologies,,,,,,,,,,,
linkedin,"Fullstack Developer: Frontend, UX, Mobile - Legal AI (m/w/d)",Silvernova GmbH,"Munich, Bavaria, Germany",2026-10-02,https://www.linkedin.com/jobs/view/4473114920 , ,li-4473114920,fulltime,direct_data,yearly,60000.0,90000.0,EUR,False,associate,,,,Software Development,https://de.linkedin.com/company/silvernova-gmbh,,,,,,,,,,,
linkedin,Sidebase Open-Source Contributor & Senior TS Dev (f/m/d),SIDESTREAM,Germany,2026-10-02,https://www.linkedin.com/jobs/view/4473121105 , ,li-4473121105,fulltime,,,,,,False,mid-senior level,,,,IT Services and IT Consulting,https://de.linkedin.com/company/sidestreamtech,,,,,,,,,,,
linkedin,Embedded-Software-Entwickler (m/w/d),FERCHAU,"Brunswick, Lower Saxony, Germany",2026-10-02,https://www.linkedin.com/jobs/view/4438571750 , ,li-4438571750,fulltime,direct_data,yearly,55000.0,65000.0,EUR,False,entry level,,,braunschweig@ferchau.com,Engineering Services,https://de.linkedin.com/company/ferchau,,,,,,,,,,,
linkedin,Full Stack Engineer,Code Compass 🧭,"Munich, Bavaria, Germany",2026-10-02,https://www.linkedin.com/jobs/view/4473146901 , ,li-4473146901,fulltime,,,,,,False,mid-senior level,,,,"Staffing and Recruiting, IT Services and IT Consulting, and Technology, Information and Media",https://ch.linkedin.com/company/code-compass,,,,,,,,,,,
linkedin,Senior Firmware Engineer (FPGA) (m/f/d) – Medical Devices,Alcon,"Erlangen, Bavaria, Germany",2026-10-02,https://www.linkedin.com/jobs/view/4446819444 , ,li-4446819444,fulltime,,,,,,False,mid-senior level,,,,Medical Equipment Manufacturing,https://ch.linkedin.com/company/alcon,,,,,,,,,,,
linkedin,"Principal Engineer, Nitro System, EC2",Amazon Web Services (AWS),"Berlin, Germany",2026-10-02,https://www.linkedin.com/jobs/view/4465830477 , ,li-4465830477,fulltime,,,,,,False,director,,,,IT Services and IT Consulting,https://www.linkedin.com/company/amazon-web-services,,,,,,,,,,,
linkedin,Konstrukteur Maschinenbau (m/w/d),FERCHAU,"Paderborn, North Rhine-Westphalia, Germany",2026-10-02,https://www.linkedin.com/jobs/view/4438567952 , ,li-4438567952,fulltime,direct_data,yearly,48000.0,58000.0,EUR,False,entry level,,,paderborn@ferchau.com,Engineering Services,https://de.linkedin.com/company/ferchau,,,,,,,,,,,
linkedin,Research and Development Engineer (f/m/d),ABB,"Sasbach, Baden-Württemberg, Germany",2026-10-02,https://www.linkedin.com/jobs/view/4469920852 , ,li-4469920852,fulltime,,,,,,False,not applicable,,,,"Appliances, Electrical, and Electronics Manufacturing",https://ch.linkedin.com/company/abb,,,,,,,,,,,
linkedin,Lead Software Engineer (f/m/x),ZEISS Group,"Ulm, Baden-Württemberg, Germany",2026-10-02,https://www.linkedin.com/jobs/view/4473190068 , ,li-4473190068,fulltime,,,,,,False,mid-senior level,,,,Machinery Manufacturing,https://de.linkedin.com/company/zeiss,,,,,,,,,,,
linkedin,Senior Engineer Advanced Technology (M/F/D),Adtran,"Berlin, Berlin, Germany",2026-10-02,https://www.linkedin.com/jobs/view/4379049738 , ,li-4379049738,fulltime,,,,,,False,mid-senior level,,,,Telecommunications,https://www.linkedin.com/company/adtran,,,,,,,,,,,
linkedin,Electrical Engineer (Design Engineering) - Gronau,Urenco Global,"Gronau, North Rhine-Westphalia, Germany",2026-10-02,https://www.linkedin.com/jobs/view/4456701661 , ,li-4456701661,fulltime,,,,,,False,entry level,,,,Utilities,https://uk.linkedin.com/company/urenco-global,,,,,,,,,,,
linkedin,Konstruktionsingenieur Fahrzeugtechnik (m/w/d),Oehmichen & Bürgers Industrieplanung GmbH,"Düsseldorf, North Rhine-Westphalia, Germany",2026-10-02,https://www.linkedin.com/jobs/view/4474781227 , ,li-4474781227,fulltime,,,,,,False,entry level,,,,Engineering Services,https://de.linkedin.com/company/oub,,,,,,,,,,,
linkedin,Entwicklungsingenieur (m/w/d) Automotive,FERCHAU,"Karlsruhe, Baden-Württemberg, Germany",2026-10-02,https://www.linkedin.com/jobs/view/4438572807 , ,li-4438572807,fulltime,direct_data,yearly,48000.0,62000.0,EUR,False,entry level,,,karlsruhe-mobility@ferchau.com,Engineering Services,https://de.linkedin.com/company/ferchau,,,,,,,,,,,
linkedin,Senior / Staff Engineer - Product Engineer,Infineon Technologies,"Soest, North Rhine-Westphalia, Germany",2026-10-02,https://www.linkedin.com/jobs/view/4474747651 , ,li-4474747651,fulltime,,,,,,False,mid-senior level,,,,"Semiconductor Manufacturing, Appliances, Electrical, and Electronics Manufacturing, and Computer Hardware Manufacturing",https://de.linkedin.com/company/infineon-technologies,,,,,,,,,,,
linkedin,Mechanical Engineer,Helsing,"Munich, Bavaria, Germany",2026-10-02,https://www.linkedin.com/jobs/view/4463473180 , ,li-4463473180,fulltime,,,,,,False,mid-senior level,,,,Software Development,https://de.linkedin.com/company/helsing,,,,,,,,,,,
linkedin,Hardware Entwickler (m/w/d) / Hardware Developer (m/f/d),IPETRONIK,"Bergkirchen, Bavaria, Germany",2026-10-02,https://www.linkedin.com/jobs/view/4473117770 , ,li-4473117770,fulltime,,,,,,False,mid-senior level,,,"career@ipetronik.com, career@ipetronik.com",Medical Practices,https://de.linkedin.com/company/ipetronik,,,,,,,,,,,
linkedin,Staff Engineer Digital Design (f/m/div),Infineon Technologies,"Munich, Bavaria, Germany",2026-10-02,https://www.linkedin.com/jobs/view/4468626474 , ,li-4468626474,fulltime,,,,,,False,mid-senior level,,,,"Semiconductor Manufacturing, Appliances, Electrical, and Electronics Manufacturing, and Computer Hardware Manufacturing",https://de.linkedin.com/company/infineon-technologies,,,,,,,,,,,
linkedin,Senior Embedded DevOps & Engineering Platform Engineer - Aviation (all genders),VÆRIDION,"Munich, Bavaria, Germany",2026-10-02,https://www.linkedin.com/jobs/view/4473114896 , ,li-4473114896,fulltime,,,,,,False,entry level,,,,Aviation and Aerospace Component Manufacturing,https://de.linkedin.com/company/vaeridion,,,,,,,,,,,
linkedin,Systemingenieur Vorentwicklung Elektrik/Elektronik (m/w/d),Tintschl Unternehmensgruppe,Greater Kassel Area,2026-10-02,https://www.linkedin.com/jobs/view/4474772381 , ,li-4474772381,fulltime,,,,,,False,associate,,,,Defense and Space Manufacturing,https://de.linkedin.com/company/tintschlunternehmensgruppe,,,,,,,,,,,
linkedin,Electronics engineer for communication systems (m/w/d),Emerson,"Laatzen, Lower Saxony, Germany",2026-10-02,https://www.linkedin.com/jobs/view/4474737037 , ,li-4474737037,fulltime,,,,,,False,mid-senior level,,,,Automation Machinery Manufacturing,https://www.linkedin.com/company/emerson,,,,,,,,,,,
linkedin,Flight Software Engineer,The Exploration Company,"Munich, Bavaria, Germany",2026-10-02,https://www.linkedin.com/jobs/view/4464873386 , ,li-4464873386,fulltime,,,,,,False,entry level,,,,Aviation and Aerospace Component Manufacturing,https://de.linkedin.com/company/exploration-company,,,,,,,,,,,
linkedin,Embedded Software Developer (m/w/d),Thales,"Ditzingen, Baden-Württemberg, Germany",2026-10-02,https://www.linkedin.com/jobs/view/4419463033 , ,li-4419463033,fulltime,,,,,,False,not applicable,,,,Aviation and Aerospace Component Manufacturing and Defense and Space Manufacturing,https://fr.linkedin.com/company/thales,,,,,,,,,,,
linkedin,Robotics Motion Planning & Control Engineer (m/f/d),Agile Robots SE,"Munich, Bavaria, Germany",2026-10-02,https://www.linkedin.com/jobs/view/4473139430 , ,li-4473139430,fulltime,,,,,,False,associate,,,,"Robotics Engineering, Robot Manufacturing, and Software Development",https://de.linkedin.com/company/agile-robots-se,,,,,,,,,,,
linkedin,Wissenschaftlicher Mitarbeiterin (m/w/d) – Technische Umsetzung und Evaluation multisensorischer VR-Systeme,Hochschule Kaiserslautern,"Kaiserslautern, Rhineland-Palatinate, Germany",2026-10-02,https://www.linkedin.com/jobs/view/4474746867 , ,li-4474746867,fulltime,,,,,,False,entry level,,,matthias.pfaff@hs-kl.de,Internet Publishing,https://de.linkedin.com/school/hochschule-kaiserslautern/,,,,,,,,,,,
linkedin,Postdoctoral Laser Scientist,DESY,"Hamburg, Hamburg, Germany",2026-10-02,https://www.linkedin.com/jobs/view/4468614626 , ,li-4468614626,temporary,,,,,,False,not applicable,,,ingmar.hartl@desy.de,Research Services,https://de.linkedin.com/company/desy,,,,,,,,,,,
linkedin,Professional Full Stack Engineer – PHP/Go + Flutter (m/f/x),SIDES,"Berlin, Berlin, Germany",2026-10-02,https://www.linkedin.com/jobs/view/4473127922 , ,li-4473127922,fulltime,,,,,,False,associate,,,,Software Development,https://de.linkedin.com/company/get-sides,,,,,,,,,,,
linkedin,Senior Full Stack Engineer - PHP/Go + Flutter (m/f/x),SIDES,"Berlin, Berlin, Germany",2026-10-02,https://www.linkedin.com/jobs/view/4473144226 , ,li-4473144226,fulltime,,,,,,False,associate,,,,Software Development,https://de.linkedin.com/company/get-sides,,,,,,,,,,,
linkedin,Embedded Developer,SBG Associates,"Immenstaad am Bodensee, Baden-Württemberg, Germany",2026-10-02,https://www.linkedin.com/jobs/view/4473122516 , ,li-4473122516,fulltime,,,,,,False,mid-senior level,,,,Software Development,https://uk.linkedin.com/company/sbg-associates,,,,,,,,,,,
linkedin,Projektmitarbeiter (w/m/d),Technische Hochschule Nürnberg Georg Simon Ohm,"Lauf an der Pegnitz, Bavaria, Germany",2026-10-02,https://www.linkedin.com/jobs/view/4473183400 , ,li-4473183400,fulltime,,,,,,False,entry level,,,,Higher Education,https://de.linkedin.com/school/thnuernberg/,,,,,,,,,,,
linkedin,Embedded Systems & Software Engineer Aerospace (w/m/d),Brunel,"Rhineland-Palatinate, Germany",2026-10-02,https://www.linkedin.com/jobs/view/4475003502 , ,li-4475003502,fulltime,,,,,,False,mid-senior level,,,,Staffing and Recruiting,https://nl.linkedin.com/company/brunel,,,,,,,,,,,
linkedin,"Masterarbeit ""Primärquellenorientierter Betrieb von netzbildenden Erzeugern und Lasten""",Fraunhofer-Institut für Solare Energiesysteme ISE,"Freiburg, Baden-Württemberg, Germany",2026-10-02,https://www.linkedin.com/jobs/view/4473386109 , ,li-4473386109,fulltime,,,,,,False,internship,,,rebekka.denninger@ise.fraunhofer.de,Research,https://de.linkedin.com/company/fraunhofer-ise-freiburg,,,,,,,,,,,
linkedin,Freelancer Opportunity: Infrastructure Hardware Engineer in Hybrid (m/f/d),Hays,"Berlin, Germany",2026-10-02,https://www.linkedin.com/jobs/view/4474716983 , ,li-4474716983,contract,,,,,,False,mid-senior level,,,,IT Services and IT Consulting,https://uk.linkedin.com/company/hays,,,,,,,,,,,
linkedin,Embedded-Software-Entwickler (m/w/d),FERCHAU,"Berlin, Berlin, Germany",2026-10-02,https://www.linkedin.com/jobs/view/4438578584 , ,li-4438578584,fulltime,direct_data,yearly,50000.0,70000.0,EUR,False,mid-senior level,,,berlin-brandenburg@ferchau.com,Engineering Services,https://de.linkedin.com/company/ferchau,,,,,,,,,,,
linkedin,Senior Embedded Developer - Munich Area (d / m / w),Optimus Search,Greater Munich Metropolitan Area,2026-10-02,https://www.linkedin.com/jobs/view/4473128622 , ,li-4473128622,fulltime,,,,,,False,mid-senior level,,,arasulo@optimussearch.com,Defense and Space Manufacturing,https://uk.linkedin.com/company/optimus-search,,,,,,,,,,,
linkedin,"Guidance, Navigation, & Control Engineer",Helsing,"Munich, Bavaria, Germany",2026-10-02,https://www.linkedin.com/jobs/view/4463468202 , ,li-4463468202,fulltime,,,,,,False,mid-senior level,,,,Software Development,https://de.linkedin.com/company/helsing,,,,,,,,,,,
linkedin,Senior Embedded Software Engineer,The Exploration Company,"Munich, Bavaria, Germany",2026-10-02,https://www.linkedin.com/jobs/view/4464877383 , ,li-4464877383,fulltime,,,,,,False,mid-senior level,,,,Aviation and Aerospace Component Manufacturing,https://de.linkedin.com/company/exploration-company,,,,,,,,,,,
linkedin,Simulation Engineer,Helsing,"Munich, Bavaria, Germany",2026-10-02,https://www.linkedin.com/jobs/view/4463904487 , ,li-4463904487,fulltime,,,,,,False,mid-senior level,,,,Software Development,https://de.linkedin.com/company/helsing,,,,,,,,,,,
linkedin,System Engineer (m/w/d) Defence,FERCHAU,"Ulm, Baden-Württemberg, Germany",2026-10-02,https://www.linkedin.com/jobs/view/4438583332 , ,li-4438583332,fulltime,direct_data,yearly,52000.0,80000.0,EUR,False,entry level,,,muc-ad@ferchau.com,Engineering Services,https://de.linkedin.com/company/ferchau,,,,,,,,,,,
linkedin,Defense Innovation Manager – Technical Delivery (m/w/d),HAT.tec,"Neubiberg, Bavaria, Germany",2026-10-02,https://www.linkedin.com/jobs/view/4453420376 , ,li-4453420376,fulltime,,,,,,False,mid-senior level,,,,Software Development,https://de.linkedin.com/company/hattec,,,,,,,,,,,
linkedin,Entwicklungsingenieur Verfahrenstechnik (m/w/d) - Jobbird.com,Jobster,"Unterföhring, Bavaria, Germany",2026-10-02,https://www.linkedin.com/jobs/view/4473322743 , ,li-4473322743,fulltime,,,,,,False,mid-senior level,,,,Software Development,https://nl.linkedin.com/company/jobster-com,,,,,,,,,,,
linkedin,Embedded Software Engineer (m/f/d),Alpitronic,"Nuremberg, Bavaria, Germany",2026-10-02,https://www.linkedin.com/jobs/view/4385741400 , ,li-4385741400,fulltime,,,,,,False,associate,,,,"Appliances, Electrical, and Electronics Manufacturing",https://it.linkedin.com/company/alpitronic-srl,,,,,,,,,,,
linkedin,SDV (Senior) Consultant Architect 5G Campus Networks (all genders),MHP – A Porsche Company,"Wolfsburg, Lower Saxony, Germany",2026-10-02,https://www.linkedin.com/jobs/view/4437772960 , ,li-4437772960,fulltime,,,,,,False,mid-senior level,,,,Business Consulting and Services,https://de.linkedin.com/company/mhp-a-porsche-company,,,,,,,,,,,
linkedin,Senior Semiconductor Packaging Ingenieur (m/w/d) gesucht,United Headhunters München,"Munich, Bavaria, Germany",2026-10-02,https://www.linkedin.com/jobs/view/4473111798 , ,li-4473111798,fulltime,,,,,,False,associate,,,r.sepp@united-headhunters-muenchen.de,Semiconductor Manufacturing,https://de.linkedin.com/company/united-headhunters-m%C3%BCnchen,,,,,,,,,,,
linkedin,System Architect Radar Signal Processing (m/w/d) - Product Line Detect,Valeo,"Bietigheim-Bissingen, Baden-Württemberg, Germany",2026-10-02,https://www.linkedin.com/jobs/view/4438666652 , ,li-4438666652,fulltime,,,,,,False,mid-senior level,,,Julia.Mittelmaier@valeo.com,Motor Vehicle Parts Manufacturing,https://fr.linkedin.com/company/valeo,,,,,,,,,,,
linkedin,Battery Engineer (Pack Design & Cell Characterization),TYTAN Technologies,"Munich, Bavaria, Germany",2026-10-02,https://www.linkedin.com/jobs/view/4473369032 , ,li-4473369032,fulltime,,,,,,False,mid-senior level,,,,Defense and Space Manufacturing and Aviation and Aerospace Component Manufacturing,https://de.linkedin.com/company/tytan-technologies,,,,,,,,,,,
linkedin,Senior Layout Engineer (M/F/D),Adtran,"Berlin, Berlin, Germany",2026-10-02,https://www.linkedin.com/jobs/view/4401049437 , ,li-4401049437,fulltime,,,,,,False,mid-senior level,,,,Telecommunications,https://www.linkedin.com/company/adtran,,,,,,,,,,,
linkedin,"Senior Aerodynamics, CFD & Aircraft Design Engineer",Cambridge Aerospace,"Munich, Bavaria, Germany",2026-10-02,https://www.linkedin.com/jobs/view/4474741507 , ,li-4474741507,fulltime,,,,,,False,mid-senior level,,,,Defense and Space Manufacturing,https://www.linkedin.com/company/cambridgeaerospace,,,,,,,,,,,
linkedin,Powertrain Engineer,Kaizen Resourcing,"Munich, Bavaria, Germany",2026-10-02,https://www.linkedin.com/jobs/view/4474795974 , ,li-4474795974,fulltime,direct_data,yearly,80000.0,120000.0,EUR,False,mid-senior level,,,,"Robotics Engineering, Aviation and Aerospace Component Manufacturing, and Defense and Space Manufacturing",https://uk.linkedin.com/company/kaizen-resourcing,,,,,,,,,,,
linkedin,Senior Electrical Engineer (Design Engineering) - Gronau,Urenco Global,"Gronau, North Rhine-Westphalia, Germany",2026-10-02,https://www.linkedin.com/jobs/view/4457318280 , ,li-4457318280,fulltime,,,,,,False,mid-senior level,,,,Utilities,https://uk.linkedin.com/company/urenco-global,,,,,,,,,,,
linkedin,Entwicklungsingenieur (Hardware - Schaltnetzteile) (m/w/d),PULS Ltd.,"Bad Lobenstein, Thuringia, Germany",2026-10-02,https://www.linkedin.com/jobs/view/4475006032 , ,li-4475006032,fulltime,,,,,,False,entry level,,,,Industrial Automation,https://jp.linkedin.com/company/%E3%83%97%E3%83%AB%E3%82%B9%E6%A0%AA%E5%BC%8F%E4%BC%9A%E7%A4%BE,,,,,,,,,,,
linkedin,Entwicklungsingenieur:in F&E | High-Tech Kompressor Startup,Ecalia,"Stuttgart, Baden-Württemberg, Germany",2026-10-02,https://www.linkedin.com/jobs/view/4473109572 , ,li-4473109572,fulltime,direct_data,yearly,45000.0,60000.0,EUR,False,associate,,,,Machinery Manufacturing,https://de.linkedin.com/company/ecalia,,,,,,,,,,,
linkedin,Product Experience Designer,Corsair,"Landshut, Bavaria, Germany",2026-10-02,https://www.linkedin.com/jobs/view/4437823201 , ,li-4437823201,fulltime,,,,,,False,mid-senior level,,,,Computer Hardware Manufacturing,https://www.linkedin.com/company/corsair,,,,,,,,,,,
linkedin,Senior Sim Racing Industrial Designer,Corsair,"Landshut, Bavaria, Germany",2026-10-02,https://www.linkedin.com/jobs/view/4466074231 , ,li-4466074231,fulltime,,,,,,False,mid-senior level,,,,Computer Hardware Manufacturing,https://www.linkedin.com/company/corsair,,,,,,,,,,,
linkedin,Principal Firmware Engineer (FPGA) (m/f/d)– Medical Devices,Alcon,"Erlangen, Bavaria, Germany",2026-10-02,https://www.linkedin.com/jobs/view/4446813569 , ,li-4446813569,fulltime,,,,,,False,mid-senior level,,,,Medical Equipment Manufacturing,https://ch.linkedin.com/company/alcon,,,,,,,,,,,
linkedin,Senior Staff Engineer Digital IP (f/m/div),Infineon Technologies,"Dresden, Saxony, Germany",2026-10-02,https://www.linkedin.com/jobs/view/4443375359 , ,li-4443375359,fulltime,,,,,,False,mid-senior level,,,,"Semiconductor Manufacturing, Appliances, Electrical, and Electronics Manufacturing, and Computer Hardware Manufacturing",https://de.linkedin.com/company/infineon-technologies,,,,,,,,,,,
linkedin,Senior Game Designer - Systems & Economy - Fully Remote,videoga.me,"Berlin, Berlin, Germany",2026-10-02,https://www.linkedin.com/jobs/view/4474792847 , ,li-4474792847,fulltime,,,,,,True,mid-senior level,,,,"Technology, Information and Internet",https://ca.linkedin.com/company/videoga-me,,,,,,,,,,,
linkedin,Business Intelligence & Systems Design Engineer (m/f/d),Alpitronic,"Nuremberg, Bavaria, Germany",2026-10-02,https://www.linkedin.com/jobs/view/4385734895 , ,li-4385734895,fulltime,,,,,,False,associate,,,,"Appliances, Electrical, and Electronics Manufacturing",https://it.linkedin.com/company/alpitronic-srl,,,,,,,,,,,
linkedin,Principal AI/ ML Algorithm Development Engineer - Battery Insights,Analog Devices,Greater Munich Metropolitan Area,2026-10-02,https://www.linkedin.com/jobs/view/4443617735 , ,li-4443617735,fulltime,,,,,,False,mid-senior level,,,,Semiconductor Manufacturing,https://www.linkedin.com/company/analog-devices,,,,,,,,,,,
linkedin,Power Electronics Engineer (m/f/d),Alpitronic,"Nuremberg, Bavaria, Germany",2026-10-02,https://www.linkedin.com/jobs/view/4261106552 , ,li-4261106552,fulltime,,,,,,False,associate,,,,"Appliances, Electrical, and Electronics Manufacturing",https://it.linkedin.com/company/alpitronic-srl,,,,,,,,,,,
linkedin,Electronics Design Engineer (m/w/d),mamgo | Talente 🔗 Jobs,"Munich, Bavaria, Germany",2026-10-02,https://www.linkedin.com/jobs/view/4474793453 , ,li-4474793453,fulltime,,,,,,False,mid-senior level,,,,"Technology, Information and Internet",https://de.linkedin.com/company/mamgo-io,,,,,,,,,,,
linkedin,PIC Team Lead,Darwin Quantum,"Berlin, Berlin, Germany",2026-10-02,https://www.linkedin.com/jobs/view/4472880855 , ,li-4472880855,fulltime,,,,,,False,not applicable,,,,Semiconductor Manufacturing,https://uk.linkedin.com/company/darwin-quantum-and-photonics,,,,,,,,,,,
linkedin,Analog Transceiver Design Engineer  (f/m/d),Black Semiconductor,"Aachen, North Rhine-Westphalia, Germany",2026-10-02,https://www.linkedin.com/jobs/view/4446881380 , ,li-4446881380,fulltime,,,,,,False,mid-senior level,,,,Semiconductor Manufacturing,https://de.linkedin.com/company/black-semiconductor,,,,,,,,,,,
linkedin,Senior Analog Designer (m/w/d) in Direktvermittlung,Randstad Deutschland,"Dresden, Saxony, Germany",2026-10-02,https://www.linkedin.com/jobs/view/4473183478 , ,li-4473183478,fulltime,,,,,,False,mid-senior level,,,,Human Resources Services,https://de.linkedin.com/company/randstad-deutschland,,,,,,,,,,,
linkedin,Senior Staff Engineer Digital Concept (f/m/div),Infineon Technologies,"Munich, Bavaria, Germany",2026-10-02,https://www.linkedin.com/jobs/view/4413994273 , ,li-4413994273,fulltime,,,,,,False,mid-senior level,,,,"Semiconductor Manufacturing, Appliances, Electrical, and Electronics Manufacturing, and Computer Hardware Manufacturing",https://de.linkedin.com/company/infineon-technologies,,,,,,,,,,,
linkedin,Senior Staff Engineer Physical Design and Methodology (f/m/div),JobKuppler,"Munich, Bavaria, Germany",2026-10-02,https://www.linkedin.com/jobs/view/4473313803 , ,li-4473313803,volunteer,,,,,,False,mid-senior level,,,,"Technology, Information and Internet",https://www.linkedin.com/company/jobkuppler,,,,,,,,,,,
linkedin,Staff Engineer Component Verification (f/m/div),Infineon Technologies,"Dresden, Saxony, Germany",2026-10-02,https://www.linkedin.com/jobs/view/4472005605 , ,li-4472005605,fulltime,,,,,,False,entry level,,,,"Semiconductor Manufacturing, Appliances, Electrical, and Electronics Manufacturing, and Computer Hardware Manufacturing",https://de.linkedin.com/company/infineon-technologies,,,,,,,,,,,
linkedin,Lead Principal Engineer for Timer & Real-Time Control in Microcontrollers (f/m/div),Infineon Technologies,"Munich, Bavaria, Germany",2026-10-02,https://www.linkedin.com/jobs/view/4459309077 , ,li-4459309077,fulltime,,,,,,False,director,,,,"Semiconductor Manufacturing, Appliances, Electrical, and Electronics Manufacturing, and Computer Hardware Manufacturing",https://de.linkedin.com/company/infineon-technologies,,,,,,,,,,,
linkedin,Principal Engineer System Compute (f/m/div),Infineon Technologies,"Frankfurt, Hesse, Germany",2026-10-02,https://www.linkedin.com/jobs/view/4405235415 , ,li-4405235415,fulltime,,,,,,False,mid-senior level,,,,"Semiconductor Manufacturing, Appliances, Electrical, and Electronics Manufacturing, and Computer Hardware Manufacturing",https://de.linkedin.com/company/infineon-technologies,,,,,,,,,,,
linkedin,Lead Principal Engineer Device Development RF-GaN (w/m/div),Infineon Technologies,"Regensburg, Bavaria, Germany",2026-10-02,https://www.linkedin.com/jobs/view/4465677454 , ,li-4465677454,fulltime,,,,,,False,mid-senior level,,,,"Semiconductor Manufacturing, Appliances, Electrical, and Electronics Manufacturing, and Computer Hardware Manufacturing",https://de.linkedin.com/company/infineon-technologies,,,,,,,,,,,
linkedin,Principal SoC Architect (f/m/div),Infineon Technologies,"Munich, Bavaria, Germany",2026-10-02,https://www.linkedin.com/jobs/view/4442457807 , ,li-4442457807,fulltime,,,,,,False,mid-senior level,,,,"Semiconductor Manufacturing, Appliances, Electrical, and Electronics Manufacturing, and Computer Hardware Manufacturing",https://de.linkedin.com/company/infineon-technologies,,,,,,,,,,,
linkedin,Senior Staff Engineer Memory Macro Design and Architecture Verification (f/m/div),Infineon Technologies,"Munich, Bavaria, Germany",2026-10-02,https://www.linkedin.com/jobs/view/4463362311 , ,li-4463362311,fulltime,,,,,,False,director,,,,"Semiconductor Manufacturing, Appliances, Electrical, and Electronics Manufacturing, and Computer Hardware Manufacturing",https://de.linkedin.com/company/infineon-technologies,,,,,,,,,,,
linkedin,Senior Principal Engineer for Platform Architecture (f/m/div),Infineon Technologies,"Munich, Bavaria, Germany",2026-10-02,https://www.linkedin.com/jobs/view/4436735361 , ,li-4436735361,fulltime,,,,,,False,mid-senior level,,,,"Semiconductor Manufacturing, Appliances, Electrical, and Electronics Manufacturing, and Computer Hardware Manufacturing",https://de.linkedin.com/company/infineon-technologies,,,,,,,,,,,
linkedin,Senior Engineer Digital IP (f/m/div),Infineon Technologies,"Dresden, Saxony, Germany",2026-10-02,https://www.linkedin.com/jobs/view/4461731903 , ,li-4461731903,fulltime,,,,,,False,entry level,,,,"Semiconductor Manufacturing, Appliances, Electrical, and Electronics Manufacturing, and Computer Hardware Manufacturing",https://de.linkedin.com/company/infineon-technologies,,,,,,,,,,,
linkedin,Staff Engineer Photonics Engineer (f/m/div),Infineon Technologies,"Dresden, Saxony, Germany",2026-10-02,https://www.linkedin.com/jobs/view/4455294420 , ,li-4455294420,fulltime,,,,,,False,entry level,,,,"Semiconductor Manufacturing, Appliances, Electrical, and Electronics Manufacturing, and Computer Hardware Manufacturing",https://de.linkedin.com/company/infineon-technologies,,,,,,,,,,,
linkedin,Senior Engineer  Digital Concept Engineering (f/m/div),Infineon Technologies,"Munich, Bavaria, Germany",2026-10-02,https://www.linkedin.com/jobs/view/4459197147 , ,li-4459197147,fulltime,,,,,,False,mid-senior level,,,,"Semiconductor Manufacturing, Appliances, Electrical, and Electronics Manufacturing, and Computer Hardware Manufacturing",https://de.linkedin.com/company/infineon-technologies,,,,,,,,,,,
linkedin,Principal Engineer NVM and Technology Development (f/m/div),Infineon Technologies,"Dresden, Saxony, Germany",2026-10-02,https://www.linkedin.com/jobs/view/4458748757 , ,li-4458748757,fulltime,,,,,,False,mid-senior level,,,,"Semiconductor Manufacturing, Appliances, Electrical, and Electronics Manufacturing, and Computer Hardware Manufacturing",https://de.linkedin.com/company/infineon-technologies,,,,,,,,,,,
linkedin,Staff Engineer AMS Implementation (f/m/div),Infineon Technologies,"Munich, Bavaria, Germany",2026-10-02,https://www.linkedin.com/jobs/view/4419873329 , ,li-4419873329,fulltime,,,,,,False,mid-senior level,,,,"Semiconductor Manufacturing, Appliances, Electrical, and Electronics Manufacturing, and Computer Hardware Manufacturing",https://de.linkedin.com/company/infineon-technologies,,,,,,,,,,,
linkedin,Senior Staff Engineer Automation & Digitalization for IP Development (f/m/div),Infineon Technologies,"Munich, Bavaria, Germany",2026-10-02,https://www.linkedin.com/jobs/view/4455733515 , ,li-4455733515,fulltime,,,,,,False,mid-senior level,,,,"Semiconductor Manufacturing, Appliances, Electrical, and Electronics Manufacturing, and Computer Hardware Manufacturing",https://de.linkedin.com/company/infineon-technologies,,,,,,,,,,,
linkedin,Staff Engineer Functional Verification & Methodology (f/m/div),Infineon Technologies,"Munich, Bavaria, Germany",2026-10-02,https://www.linkedin.com/jobs/view/4369737807 , ,li-4369737807,fulltime,,,,,,False,mid-senior level,,,,"Semiconductor Manufacturing, Appliances, Electrical, and Electronics Manufacturing, and Computer Hardware Manufacturing",https://de.linkedin.com/company/infineon-technologies,,,,,,,,,,,
linkedin,Senior Staff Engineer Analog Verification Methodology (f/m/div),Infineon Technologies,"Munich, Bavaria, Germany",2026-10-02,https://www.linkedin.com/jobs/view/4421826523 , ,li-4421826523,fulltime,,,,,,False,mid-senior level,,,,"Semiconductor Manufacturing, Appliances, Electrical, and Electronics Manufacturing, and Computer Hardware Manufacturing",https://de.linkedin.com/company/infineon-technologies,,,,,,,,,,,
linkedin,Senior Hardwareentwickler Elektronik & Baugruppenentwicklung (all gender),ALTEN,"Wedel, Schleswig-Holstein, Germany",2026-10-02,https://www.linkedin.com/jobs/view/4451222770 , ,li-4451222770,fulltime,,,,,,False,associate,,,,Defense and Space Manufacturing,https://fr.linkedin.com/company/alten,,,,,,,,,,,
linkedin,Development Engineer – Dynamics and Control Engineering (f/m/x),ZEISS Group,"Erfurt, Thuringia, Germany",2026-10-02,https://www.linkedin.com/jobs/view/4473191017 , ,li-4473191017,fulltime,,,,,,False,mid-senior level,,,,Machinery Manufacturing,https://de.linkedin.com/company/zeiss,,,,,,,,,,,
linkedin,Medium Voltage Power Electronics Engineer (m/f/d),Alpitronic,"Nuremberg, Bavaria, Germany",2026-10-02,https://www.linkedin.com/jobs/view/4385730987 , ,li-4385730987,fulltime,,,,,,False,associate,,,,"Appliances, Electrical, and Electronics Manufacturing",https://it.linkedin.com/company/alpitronic-srl,,,,,,,,,,,
linkedin,Senior Compact Modeling Engineer (f/m/div),Infineon Technologies,"Munich, Bavaria, Germany",2026-10-02,https://www.linkedin.com/jobs/view/4472273927 , ,li-4472273927,fulltime,,,,,,False,mid-senior level,,,,"Semiconductor Manufacturing, Appliances, Electrical, and Electronics Manufacturing, and Computer Hardware Manufacturing",https://de.linkedin.com/company/infineon-technologies,,,,,,,,,,,
linkedin,Senior Staff Engineer Physical Design and Methodology (f/m/div),Infineon Technologies,"Munich, Bavaria, Germany",2026-10-02,https://www.linkedin.com/jobs/view/4474741969 , ,li-4474741969,fulltime,,,,,,False,mid-senior level,,,,"Semiconductor Manufacturing, Appliances, Electrical, and Electronics Manufacturing, and Computer Hardware Manufacturing",https://de.linkedin.com/company/infineon-technologies,,,,,,,,,,,
linkedin,Senior Software Simulation Engineer (d/f/m),Airbus Defence and Space,"Manching, Bavaria, Germany",2026-10-01,https://www.linkedin.com/jobs/view/4472642835 , ,li-4472642835,parttime,,,,,,False,mid-senior level,,,emsom@airbus.com,Defense and Space Manufacturing,https://www.linkedin.com/company/airbus-defence-and-space,,,,,,,,,,,
linkedin,Trainee Focus Product & Technology (m/w/d/x),Deutsche Telekom,"Bonn, North Rhine-Westphalia, Germany",2026-10-01,https://www.linkedin.com/jobs/view/4468371210 , ,li-4468371210,internship,,,,,,False,internship,,,,Telecommunications,https://de.linkedin.com/company/telekom,,,,,,,,,,,
linkedin,CFD Engineer — AI Task Designer (OpenFOAM),Alignerr,"Munich, Bavaria, Germany",2026-10-01,https://www.linkedin.com/jobs/view/4473999263 , ,li-4473999263,contract,direct_data,hourly,80.0,110.0,USD,False,entry level,,,,"Technology, Information and Internet",https://www.linkedin.com/company/alignerr,,,,,,,,,,,
linkedin,Space Avionics & Embedded Systems Engineer,NeuralAgent,"Gauting, Bavaria, Germany",2026-10-01,https://www.linkedin.com/jobs/view/4474142413 , ,li-4474142413,fulltime,,,,,,False,mid-senior level,,,,IT Services and IT Consulting,https://de.linkedin.com/company/neuralagent,,,,,,,,,,,
linkedin,Robotics Simulation Engineer,Alignerr,"Munich, Bavaria, Germany",2026-10-01,https://www.linkedin.com/jobs/view/4473998252 , ,li-4473998252,contract,direct_data,hourly,180.0,200.0,USD,False,entry level,,,,"Technology, Information and Internet",https://www.linkedin.com/company/alignerr,,,,,,,,,,,
linkedin,Software Engineer (m/f/d) Industrial Robot Control,Agile Robots SE,"Munich, Bavaria, Germany",2026-10-01,https://www.linkedin.com/jobs/view/4472929812 , ,li-4472929812,fulltime,,,,,,False,associate,,,,"Robotics Engineering, Robot Manufacturing, and Automation Machinery Manufacturing",https://de.linkedin.com/company/agile-robots-se,,,,,,,,,,,
linkedin,FrontEnd Entwickler (m/w/d) Aerospace & Defence,FERCHAU,"Garching, Bavaria, Germany",2026-10-01,https://www.linkedin.com/jobs/view/4438583305 , ,li-4438583305,fulltime,direct_data,yearly,52000.0,80000.0,EUR,False,entry level,,,muc-ad@ferchau.com,Engineering Services,https://de.linkedin.com/company/ferchau,,,,,,,,,,,
linkedin,STUDENTISCHE HILFSKRAFT im Bereich XR-Anwendungen für Digitales Training,Fraunhofer FKIE,"Bonn, North Rhine-Westphalia, Germany",2026-10-01,https://www.linkedin.com/jobs/view/4472820024 , ,li-4472820024,fulltime,,,,,,False,internship,,,,Research,https://de.linkedin.com/company/fraunhofer-fkie,,,,,,,,,,,
linkedin,Software Engineer,Helsing,"Munich, Bavaria, Germany",2026-10-01,https://www.linkedin.com/jobs/view/4343993789 , ,li-4343993789,fulltime,,,,,,False,entry level,,,,Software Development,https://de.linkedin.com/company/helsing,,,,,,,,,,,
linkedin,C++ Application Developer (m/f/d),Dassault Systèmes,"Munich, Bavaria, Germany",2026-10-01,https://www.linkedin.com/jobs/view/4445995526 , ,li-4445995526,fulltime,,,,,,False,associate,,,,"Software Development, IT Services and IT Consulting, and Research Services",https://fr.linkedin.com/company/dassaultsystemes,,,,,,,,,,,
linkedin,Systems Engineer - Armament Control System Testing,Helsing,"Munich, Bavaria, Germany",2026-10-01,https://www.linkedin.com/jobs/view/4472964076 , ,li-4472964076,fulltime,,,,,,False,mid-senior level,,,,Software Development,https://de.linkedin.com/company/helsing,,,,,,,,,,,
linkedin,Praktikant/in oder Masterand/in (w/m/d) Multipfad-Transportprotokolle,German Aerospace Center (DLR),"Oberpfaffenhofen, Bavaria, Germany",2026-10-01,https://www.linkedin.com/jobs/view/4474139102 , ,li-4474139102,fulltime,,,,,,False,internship,,,,Research Services,https://de.linkedin.com/company/dlr,,,,,,,,,,,
linkedin,Deployed Hardware Engineer,Helsing,"Munich, Bavaria, Germany",2026-10-01,https://www.linkedin.com/jobs/view/4463489160 , ,li-4463489160,fulltime,,,,,,False,entry level,,,,Software Development,https://de.linkedin.com/company/helsing,,,,,,,,,,,
linkedin,System Engineer – FHSS Communication Systems,Recruit-ME (Recruitment Made Easy),"Munich, Bavaria, Germany",2026-10-01,https://www.linkedin.com/jobs/view/4474140294 , ,li-4474140294,temporary,,,,,,False,entry level,,,,Human Resources Services,https://de.linkedin.com/company/recruit-me-recruitment-made-easy,,,,,,,,,,,
linkedin,"App Developer (C#, Flutter) – Remote (Germany) (m/f/d)",NeuroNation - Mind & Brain Health Technology,"Berlin, Germany",2026-10-01,https://www.linkedin.com/jobs/view/4472013534 , ,li-4472013534,fulltime,,,,,,True,mid-senior level,,,,Health and Human Services,https://de.linkedin.com/company/neuronation,,,,,,,,,,,
linkedin,Software Engineer (m/f/d),GE Aerospace,"Bavaria, Germany",2026-10-01,https://www.linkedin.com/jobs/view/4474371873 , ,li-4474371873,fulltime,,,,,,False,entry level,,,,Aviation and Aerospace Component Manufacturing,https://www.linkedin.com/company/geaerospace,,,,,,,,,,,
linkedin,Field Application Engineer EMEA (MIPS),GlobalFoundries,"Munich, Bavaria, Germany",2026-10-01,https://www.linkedin.com/jobs/view/4469706926 , ,li-4469706926,fulltime,,,,,,False,mid-senior level,,,,Semiconductor Manufacturing,https://www.linkedin.com/company/globalfoundries,,,,,,,,,,,
linkedin,Senior Autonomy and Navigation Engineer,NeuralAgent,"Gauting, Bavaria, Germany",2026-10-01,https://www.linkedin.com/jobs/view/4474143438 , ,li-4474143438,fulltime,,,,,,False,mid-senior level,,,,IT Services and IT Consulting,https://de.linkedin.com/company/neuralagent,,,,,,,,,,,
linkedin,Praktikant:in (w/m/d) System Engineering,NXP Semiconductors,"Dresden, Saxony, Germany",2026-10-01,https://www.linkedin.com/jobs/view/4465073325 , ,li-4465073325,internship,,,,,,False,internship,,,,"Semiconductor Manufacturing, Computers and Electronics Manufacturing, and Software Development",https://nl.linkedin.com/company/nxp-semiconductors,,,,,,,,,,,
linkedin,Entwicklungsingenieur (m/w/d) für Fluggeräte in Bingen Rheinland-Pfalz,"CONDOR Schutz- und Sicherheitsdienst GmbH, UAV-Solutions","Essen, North Rhine-Westphalia, Germany",2026-10-01,https://www.linkedin.com/jobs/view/4472364892 , ,li-4472364892,fulltime,,,,,,False,mid-senior level,,,"karriere@condor-sicherheit.de, s.lange@condor-sicherheit.de",Security and Investigations,https://de.linkedin.com/company/condor-security-and-safety,,,,,,,,,,,
linkedin,Computer Engineering,Alignerr,Germany,2026-10-01,https://www.linkedin.com/jobs/view/4474102238 , ,li-4474102238,contract,direct_data,hourly,35.0,60.0,USD,False,entry level,,,,"Technology, Information and Internet",https://www.linkedin.com/company/alignerr,,,,,,,,,,,
linkedin,Feed System Functional Engineer,The Exploration Company,Greater Munich Metropolitan Area,2026-10-01,https://www.linkedin.com/jobs/view/4455439277 , ,li-4455439277,fulltime,,,,,,False,mid-senior level,,,,Aviation and Aerospace Component Manufacturing,https://de.linkedin.com/company/exploration-company,,,,,,,,,,,
linkedin,Flight Software Engineer - Space Segment,NeuralAgent,"Gauting, Bavaria, Germany",2026-10-01,https://www.linkedin.com/jobs/view/4474146408 , ,li-4474146408,fulltime,,,,,,False,mid-senior level,,,,IT Services and IT Consulting,https://de.linkedin.com/company/neuralagent,,,,,,,,,,,
linkedin,Embedded Software Entwickler (all gender),Actana Consulting Services GmbH,"Aalen, Baden-Württemberg, Germany",2026-10-01,https://www.linkedin.com/jobs/view/4472919880 , ,li-4472919880,fulltime,direct_data,yearly,74000.0,84000.0,EUR,False,associate,,,,Professional Services,https://de.linkedin.com/company/actana-gmbh,,,,,,,,,,,
linkedin,PhD Student Power Electronics (f/m/d),Volkswagen Group,"Wolfsburg, Lower Saxony, Germany",2026-10-01,https://www.linkedin.com/jobs/view/4469031290 , ,li-4469031290,fulltime,,,,,,False,internship,,,,Motor Vehicle Manufacturing,https://de.linkedin.com/company/volkswagen-group,,,,,,,,,,,
linkedin,Entwicklungsingenieur Elektrotechnik (m/w/d),ORANGE Engineering GmbH & Co. KG,"Bremen, Bremen, Germany",2026-10-01,https://www.linkedin.com/jobs/view/4472932065 , ,li-4472932065,fulltime,,,,,,False,mid-senior level,,,,Machinery Manufacturing,https://de.linkedin.com/company/orange-engineering-gmbh,,,,,,,,,,,
linkedin,Electrical Hardware Engineer (m/f/d),KLA,"Weilburg, Hesse, Germany",2026-10-01,https://www.linkedin.com/jobs/view/4452841647 , ,li-4452841647,fulltime,,,,,,False,mid-senior level,,,,Semiconductor Manufacturing,https://www.linkedin.com/company/klacorp,,,,,,,,,,,
linkedin,Sr RF Filter Design Engineer (m/f/d),"Qorvo, Inc.","Munich, Bavaria, Germany",2026-10-01,https://www.linkedin.com/jobs/view/4474363721 , ,li-4474363721,fulltime,,,,,,False,not applicable,,,,"Computers and Electronics Manufacturing, Semiconductor Manufacturing, and Wireless Services",https://www.linkedin.com/company/qorvo,,,,,,,,,,,
linkedin,"Motor Design Engineer , Amazon Robotics",Amazon,"Munich, Bavaria, Germany",2026-10-01,https://www.linkedin.com/jobs/view/4455907510 , ,li-4455907510,fulltime,,,,,,False,not applicable,,,,Software Development,https://www.linkedin.com/company/amazon,,,,,,,,,,,
linkedin,Game Designer,8Bit - Games Industry Recruitment,"Berlin, Germany",2026-10-01,https://www.linkedin.com/jobs/view/4474338088 , ,li-4474338088,fulltime,,,,,,False,mid-senior level,,,,Computer Games,https://www.linkedin.com/company/8bit-agency,,,,,,,,,,,
linkedin,Electronic Hardware Engineer (m/f/d) Automotive Traction Inverters,SEG Automotive,"Stuttgart, Baden-Württemberg, Germany",2026-10-01,https://www.linkedin.com/jobs/view/4474304632 , ,li-4474304632,fulltime,,,,,,False,associate,,,,Motor Vehicle Manufacturing,https://de.linkedin.com/company/segautomotive,,,,,,,,,,,
linkedin,"Senior Network Architect - Network Solutioning & Design - Stockholm, Amsterdam, London, Frankfurt",Infosys,"Frankfurt, Hesse, Germany",2026-10-01,https://www.linkedin.com/jobs/view/4463068161 , ,li-4463068161,fulltime,,,,,,False,mid-senior level,,,,IT Services and IT Consulting,https://in.linkedin.com/company/infosys,,,,,,,,,,,
linkedin,R&D Process Development Engineer (m/w/d) – Schwerpunkt Wet Etch / CMP,Vishay Siliconix Itzehoe GmbH,"Itzehoe, Schleswig-Holstein, Germany",2026-10-01,https://www.linkedin.com/jobs/view/4429588694 , ,li-4429588694,fulltime,,,,,,False,mid-senior level,,,,Semiconductor Manufacturing,https://de.linkedin.com/company/vishay-siliconix-itzehoe-gmbh,,,,,,,,,,,
linkedin,Trainee Program – Mixed-Signal IC Design for RF integrated circuits (RFIC) (all genders),Fraunhofer IIS,"Erlangen, Bavaria, Germany",2026-10-01,https://www.linkedin.com/jobs/view/4468619419 , ,li-4468619419,fulltime,,,,,,False,internship,,,,Research Services,https://de.linkedin.com/company/fraunhofer-iis,,,,,,,,,,,
linkedin,Entwicklungsingenieur Elektronik (m/w/d),SMP STABIL Deutschland,"Kirchheim unter Teck, Baden-Württemberg, Germany",2026-10-01,https://www.linkedin.com/jobs/view/4474172963 , ,li-4474172963,fulltime,,,,,,False,associate,,,Bewerbung@smpcorp.eu,"Appliances, Electrical, and Electronics Manufacturing, Computers and Electronics Manufacturing, and Railroad Equipment Manufacturing",https://de.linkedin.com/company/smp-stabil-deutschland,,,,,,,,,,,
linkedin,R&D Process Development Engineer (m/w/d) – Schwerpunkt Thin Film/Diffusion,Vishay Siliconix Itzehoe GmbH,"Itzehoe, Schleswig-Holstein, Germany",2026-10-01,https://www.linkedin.com/jobs/view/4429578856 , ,li-4429578856,fulltime,,,,,,False,mid-senior level,,,,Semiconductor Manufacturing,https://de.linkedin.com/company/vishay-siliconix-itzehoe-gmbh,,,,,,,,,,,
linkedin,GaN Process Development Engineer,X-FAB,"Dresden, Saxony, Germany",2026-10-01,https://www.linkedin.com/jobs/view/4472645575 , ,li-4472645575,fulltime,,,,,,False,mid-senior level,,,,Semiconductors,https://de.linkedin.com/company/x-fab,,,,,,,,,,,
linkedin,Senior Hardwareentwickler/-in SmartHome (m/w/x),GIRA Giersiepen GmbH,"Radevormwald, North Rhine-Westphalia, Germany",2026-10-01,https://www.linkedin.com/jobs/view/4472534907 , ,li-4472534907,fulltime,,,,,,False,associate,,,,Semiconductor Manufacturing,https://www.linkedin.com/company/gira-giersiepen-gmbh,,,,,,,,,,,
linkedin,Senior Hardware Design Engineer (f/m/d),Munich Electrification,"Munich, Bavaria, Germany",2026-10-01,https://www.linkedin.com/jobs/view/4355797299 , ,li-4355797299,fulltime,,,,,,False,mid-senior level,,,,"Appliances, Electrical, and Electronics Manufacturing",https://de.linkedin.com/company/munichelectrification,,,,,,,,,,,
linkedin,System Engineer Leistungselektronik (m/w/d) Standort Schongau,STAR Specialists,"Bavaria, Germany",2026-10-01,https://www.linkedin.com/jobs/view/4472589025 , ,li-4472589025,fulltime,,,,,,False,entry level,,,,"Engineering Services, Construction, and Renewable Energy Power Generation",https://nl.linkedin.com/company/starspecialists,,,,,,,,,,,
linkedin,Head of Analog Design (m/f/d) - Executive,AUMOVIO,"Frankfurt, Hesse, Germany",2026-10-01,https://www.linkedin.com/jobs/view/4471481826 , ,li-4471481826,fulltime,,,,,,False,executive,,,,Automotive,https://de.linkedin.com/company/aumovio,,,,,,,,,,,
linkedin,"Entwicklungsingenieur Hardware, all genders",SALT AND PEPPER Group,"Bremen, Bremen, Germany",2026-10-01,https://www.linkedin.com/jobs/view/4069346387 , ,li-4069346387,fulltime,,,,,,False,entry level,,,,Engineering Services,https://de.linkedin.com/company/salt-and-pepper,,,,,,,,,,,
linkedin,"Electronics Design Engineer, Industrial Robotics Group",Amazon,"Munich, Bavaria, Germany",2026-10-01,https://www.linkedin.com/jobs/view/4455906869 , ,li-4455906869,fulltime,,,,,,False,not applicable,,,,Software Development,https://www.linkedin.com/company/amazon,,,,,,,,,,,
linkedin,Head of Analog Design (m/f/d) - Executive,AUMOVIO,"Regensburg, Bavaria, Germany",2026-10-01,https://www.linkedin.com/jobs/view/4471491473 , ,li-4471491473,fulltime,,,,,,False,executive,,,,Automotive,https://de.linkedin.com/company/aumovio,,,,,,,,,,,
linkedin,"DFT Engineer, Automotive Robotics",Tenstorrent,"Munich, Bavaria, Germany",2026-10-01,https://www.linkedin.com/jobs/view/4378271865 , ,li-4378271865,fulltime,,,,,,False,mid-senior level,,,,Computer Hardware Manufacturing,https://ca.linkedin.com/company/tenstorrent-inc.,,,,,,,,,,,
linkedin,Simulation & Modeling Engineer,Tensordyne,"Munich, Bavaria, Germany",2026-10-01,https://www.linkedin.com/jobs/view/4474518717 , ,li-4474518717,fulltime,,,,,,False,mid-senior level,,,,Computer Hardware Manufacturing,https://www.linkedin.com/company/tensordyne,,,,,,,,,,,
linkedin,Principal Hardware Engineer,Cisco,"Nuremberg, Bavaria, Germany",2026-10-01,https://www.linkedin.com/jobs/view/4418093491 , ,li-4418093491,fulltime,,,,,,False,mid-senior level,,,,Software Development,https://www.linkedin.com/company/cisco,,,,,,,,,,,
linkedin,Senior SoC Architect (f/m/d),Black Semiconductor,"Aachen, North Rhine-Westphalia, Germany",2026-10-01,https://www.linkedin.com/jobs/view/4474532674 , ,li-4474532674,fulltime,,,,,,False,mid-senior level,,,,Semiconductor Manufacturing,https://de.linkedin.com/company/black-semiconductor,,,,,,,,,,,
linkedin,Senior Device Design Engineer,L&T Semiconductor Technologies,"Munich, Bavaria, Germany",2026-10-01,https://www.linkedin.com/jobs/view/4472917624 , ,li-4472917624,fulltime,,,,,,False,not applicable,,,,Semiconductor Manufacturing,https://in.linkedin.com/company/lt-semiconductor-technologies,,,,,,,,,,,
linkedin,ASIC Development Engineer Digital IC Design (f/m/div.),Bosch,"Erlangen, Bavaria, Germany",2026-10-01,https://www.linkedin.com/jobs/view/4454499817 , ,li-4454499817,fulltime,,,,,,False,associate,,,,Automotive,https://de.linkedin.com/company/bosch,,,,,,,,,,,
linkedin,Sr Principal Design Engineer,Cadence,"Feldkirchen, Bavaria, Germany",2026-10-01,https://www.linkedin.com/jobs/view/4464525083 , ,li-4464525083,fulltime,,,,,,False,mid-senior level,,,,Software Development,https://www.linkedin.com/company/cadence,,,,,,,,,,,
linkedin,Doktorandin / Doktorand Leistungselektronik (w/m/d),Volkswagen Group,"Wolfsburg, Lower Saxony, Germany",2026-10-01,https://www.linkedin.com/jobs/view/4469036195 , ,li-4469036195,fulltime,,,,,,False,internship,,,,Motor Vehicle Manufacturing,https://de.linkedin.com/company/volkswagen-group,,,,,,,,,,,
linkedin,Produktentwickler (m/w/d),Schunk Group,"Krofdorf-Gleiberg, Hesse, Germany",2026-10-01,https://www.linkedin.com/jobs/view/4471739820 , ,li-4471739820,fulltime,,,,,,False,mid-senior level,,,,"Appliances, Electrical, and Electronics Manufacturing and Manufacturing",https://de.linkedin.com/company/schunk-group,,,,,,,,,,,
linkedin,Senior Engineer Electrical Engineering (m/w/d),Atotech an MKS Brand,"Feucht, Bavaria, Germany",2026-10-01,https://www.linkedin.com/jobs/view/4466849738 , ,li-4466849738,fulltime,,,,,,False,associate,,,,Machinery Manufacturing,https://de.linkedin.com/company/atotechanmksbrand,,,,,,,,,,,
linkedin,Senior High-Speed Analog/RF System Architect (f/m/d),Black Semiconductor,"Aachen, North Rhine-Westphalia, Germany",2026-10-01,https://www.linkedin.com/jobs/view/4446328491 , ,li-4446328491,fulltime,,,,,,False,mid-senior level,,,,Semiconductor Manufacturing,https://de.linkedin.com/company/black-semiconductor,,,,,,,,,,,
linkedin,Entwicklungs-/Applikationsingenieur (m/w/d) – Elektrifizierung mobile Arbeitsmaschinen,LHY,"Aschaffenburg, Bavaria, Germany",2026-10-01,https://www.linkedin.com/jobs/view/4472921019 , ,li-4472921019,fulltime,,,,,,False,mid-senior level,,,,Mining,https://de.linkedin.com/company/lhy-powertrain,,,,,,,,,,,
linkedin,Antenna Design Engineer,Amphenol,"Frankfurt, Hesse, Germany",2026-10-01,https://www.linkedin.com/jobs/view/4296794814 , ,li-4296794814,fulltime,,,,,,False,associate,,,lauren.devine@amphenolmcp.com,"Appliances, Electrical, and Electronics Manufacturing",https://www.linkedin.com/company/amphenol,,,,,,,,,,,
linkedin,E/E SW- und HW-Architekt im Bereich AV-Stack Entwicklung (w/m/d),MAN Truck & Bus SE,"Munich, Bavaria, Germany",2026-10-01,https://www.linkedin.com/jobs/view/4465083506 , ,li-4465083506,fulltime,,,,,,False,mid-senior level,,,,Motor Vehicle Manufacturing,https://de.linkedin.com/company/man-commercial-vehicles,,,,,,,,,,,
linkedin,"Sr HDE, Industrial Robotics, Industrial Robotics Group",Amazon,"Munich, Bavaria, Germany",2026-10-01,https://www.linkedin.com/jobs/view/4455908038 , ,li-4455908038,fulltime,,,,,,False,mid-senior level,,,,Software Development,https://www.linkedin.com/company/amazon,,,,,,,,,,,
linkedin,SDV (Senior) Consultant Architect 5G Campus Networks (all genders),MHP – A Porsche Company,"Ludwigsburg, Baden-Württemberg, Germany",2026-10-01,https://www.linkedin.com/jobs/view/4437780545 , ,li-4437780545,fulltime,,,,,,False,mid-senior level,,,,Business Consulting and Services,https://de.linkedin.com/company/mhp-a-porsche-company,,,,,,,,,,,
linkedin,Senior Electronic Engineer,Advanced Energy,"Metzingen, Baden-Württemberg, Germany",2026-10-01,https://www.linkedin.com/jobs/view/4474119891 , ,li-4474119891,fulltime,,,,,,False,mid-senior level,,,,"Appliances, Electrical, and Electronics Manufacturing",https://www.linkedin.com/company/advancedenergy,,,,,,,,,,,
linkedin,SDV (Senior) Consultant Architect 5G Campus Networks (all genders),MHP – A Porsche Company,"Düsseldorf, North Rhine-Westphalia, Germany",2026-10-01,https://www.linkedin.com/jobs/view/4437791212 , ,li-4437791212,fulltime,,,,,,False,mid-senior level,,,,Business Consulting and Services,https://de.linkedin.com/company/mhp-a-porsche-company,,,,,,,,,,,
linkedin,SDV (Senior) Consultant Architect 5G Campus Networks (all genders),MHP – A Porsche Company,"Nuremberg, Bavaria, Germany",2026-10-01,https://www.linkedin.com/jobs/view/4437778666 , ,li-4437778666,fulltime,,,,,,False,mid-senior level,,,,Business Consulting and Services,https://de.linkedin.com/company/mhp-a-porsche-company,,,,,,,,,,,
linkedin,Development Engineer (w/m/d),MBDA Deutschland,"Aschau bei Kraiburg, Bavaria, Germany",2026-10-01,https://www.linkedin.com/jobs/view/4474331032 , ,li-4474331032,fulltime,,,,,,False,mid-senior level,,,,Defense and Space Manufacturing,https://de.linkedin.com/company/mbda-deutschland,,,,,,,,,,,
linkedin,SDV (Senior) Consultant Architect 5G Campus Networks (all genders),MHP – A Porsche Company,"Munich, Bavaria, Germany",2026-10-01,https://www.linkedin.com/jobs/view/4437779582 , ,li-4437779582,fulltime,,,,,,False,mid-senior level,,,,Business Consulting and Services,https://de.linkedin.com/company/mhp-a-porsche-company,,,,,,,,,,,
linkedin,Hardwareentwickler Automotive -Steuergeräte / ECU (m/w/d),Randstad Deutschland,"Munich, Bavaria, Germany",2026-10-01,https://www.linkedin.com/jobs/view/4474315342 , ,li-4474315342,fulltime,,,,,,False,entry level,,,,Human Resources Services,https://de.linkedin.com/company/randstad-deutschland,,,,,,,,,,,
linkedin,SDV (Senior) Consultant Architect 5G Campus Networks (all genders),MHP – A Porsche Company,"Dresden, Saxony, Germany",2026-10-01,https://www.linkedin.com/jobs/view/4437775662 , ,li-4437775662,fulltime,,,,,,False,mid-senior level,,,,Business Consulting and Services,https://de.linkedin.com/company/mhp-a-porsche-company,,,,,,,,,,,
linkedin,"Hardwareentwickler (m/w/d) Elektronik & Leistungselektronik | Energy, Railway & MedTech",agap2 Germany,"Bavaria, Germany",2026-10-01,https://www.linkedin.com/jobs/view/4472513773 , ,li-4472513773,fulltime,,,,,,False,associate,,,,Business Consulting and Services and Engineering Services,https://de.linkedin.com/company/agap2-germany,,,,,,,,,,,
linkedin,Coherent Systems Architect - Optical Modem Modeling and Specification,Nokia,"Nuremberg, Bavaria, Germany",2026-10-01,https://www.linkedin.com/jobs/view/4434504933 , ,li-4434504933,fulltime,,,,,,False,not applicable,,,,IT Services and IT Consulting and Telecommunications,https://fi.linkedin.com/company/nokia,,,,,,,,,,,
linkedin,Physicist / Engineer (m/f/d) Particle Beam Technology / Semiconductor Control,Applied Materials Europe,"Heimstetten, Bavaria, Germany",2026-10-01,https://www.linkedin.com/jobs/view/4472957061 , ,li-4472957061,fulltime,,,,,,False,not applicable,,,,"Appliances, Electrical, and Electronics Manufacturing, Nanotechnology Research, and Semiconductor Manufacturing",https://nl.linkedin.com/company/applied-materials-europe,,,,,,,,,,,
linkedin,Senior Game Balancer / Senior Economy Designer (m/w/d),WHOW Games GmbH,"Hamburg, Hamburg, Germany",2026-10-01,https://www.linkedin.com/jobs/view/4472922474 , ,li-4472922474,fulltime,,,,,,False,mid-senior level,,,,Administrative and Support Services,https://de.linkedin.com/company/whow-games-gmbh,,,,,,,,,,,
linkedin,"Senior Systems Engineer Control Systems & Mechatronics, Amazon Robotics",Amazon,"Munich, Bavaria, Germany",2026-10-01,https://www.linkedin.com/jobs/view/4455920105 , ,li-4455920105,fulltime,,,,,,False,mid-senior level,,,,Software Development,https://www.linkedin.com/company/amazon,,,,,,,,,,,
linkedin,Electrical & Electronics Engineer,Helsing,"Munich, Bavaria, Germany",2026-10-01,https://www.linkedin.com/jobs/view/4463489161 , ,li-4463489161,fulltime,,,,,,False,entry level,,,,Software Development,https://de.linkedin.com/company/helsing,,,,,,,,,,,
linkedin,"Principal Engineer, EC2",Amazon Web Services (AWS),"Berlin, Germany",2026-10-01,https://www.linkedin.com/jobs/view/4455790985 , ,li-4455790985,fulltime,,,,,,False,director,,,,IT Services and IT Consulting,https://www.linkedin.com/company/amazon-web-services,,,,,,,,,,,
linkedin,Konstrukteur Produktentwicklung (m/w/d),MDS Germany GmbH,"Regensburg, Bavaria, Germany",2026-10-01,https://www.linkedin.com/jobs/view/4472531417 , ,li-4472531417,fulltime,direct_data,yearly,47173.0,75518.0,EUR,False,not applicable,,,bewerbung@mds-r.de,Machinery Manufacturing and Manufacturing,https://www.linkedin.com/company/mds-maschinen--und-werkzeugbau-gmbh,,,,,,,,,,,
linkedin,SDV (Senior) Consultant Architect 5G Campus Networks (all genders),MHP – A Porsche Company,"Berlin, Berlin, Germany",2026-10-01,https://www.linkedin.com/jobs/view/4437771993 , ,li-4437771993,fulltime,,,,,,False,mid-senior level,,,,Business Consulting and Services,https://de.linkedin.com/company/mhp-a-porsche-company,,,,,,,,,,,
linkedin,Hardwareentwickler (m/w/d),Rosenxt Group,"Lohne, Lower Saxony, Germany",2026-10-01,https://www.linkedin.com/jobs/view/4468755431 , ,li-4468755431,fulltime,,,,,,False,mid-senior level,,,,Engineering Services,https://ch.linkedin.com/company/rosenxt,,,,,,,,,,,
linkedin,SDV (Senior) Consultant Architect 5G Campus Networks (all genders),MHP – A Porsche Company,"Frankfurt am Main, Hesse, Germany",2026-10-01,https://www.linkedin.com/jobs/view/4437771994 , ,li-4437771994,fulltime,,,,,,False,mid-senior level,,,,Business Consulting and Services,https://de.linkedin.com/company/mhp-a-porsche-company,,,,,,,,,,,
linkedin,Specialist Field Application Engineer for FPGA,Future Electronics,"Munich, Bavaria, Germany",2026-09-30,https://www.linkedin.com/jobs/view/4453680600 , ,li-4453680600,fulltime,,,,,,False,mid-senior level,,,,"Appliances, Electrical, and Electronics Manufacturing",https://ca.linkedin.com/company/future-electronics,,,,,,,,,,,
linkedin,PhD IT (m/f/d),Technische Universität Dresden,"Dresden, Saxony, Germany",2026-09-30,https://www.linkedin.com/jobs/view/4473732742 , ,li-4473732742,parttime,direct_data,yearly,53388.0,65252.0,EUR,False,associate,,,,Information Technology & Services,https://de.linkedin.com/school/tu-dresden/,,,,,,,,,,,
linkedin,Expert Bordtechnologie & Konnektivität (m/w/d),Flix,"Berlin, Germany",2026-09-30,https://www.linkedin.com/jobs/view/4458206579 , ,li-4458206579,fulltime,,,,,,False,mid-senior level,,,,Software Development,https://de.linkedin.com/company/flixbus-flixtrain,,,,,,,,,,,
linkedin,Computer Engineering Expert - AI Content Specialist,Alignerr,Germany,2026-09-30,https://www.linkedin.com/jobs/view/4473568889 , ,li-4473568889,contract,direct_data,hourly,35.0,60.0,USD,False,entry level,,,,"Technology, Information and Internet",https://www.linkedin.com/company/alignerr,,,,,,,,,,,
linkedin,"Software Development Engineer, II, 3DLN",Mapbox,Germany,2026-09-30,https://www.linkedin.com/jobs/view/4473900479 , ,li-4473900479,fulltime,,,,,,False,mid-senior level,,,,Software Development,https://www.linkedin.com/company/mapbox,,,,,,,,,,,
linkedin,Student (w/m/d) - Unterstützung bei der Entwicklung synthetischer Umgebungen in der Unreal Engine,German Aerospace Center (DLR),"Ulm, Baden-Württemberg, Germany",2026-09-30,https://www.linkedin.com/jobs/view/4471875102 , ,li-4471875102,fulltime,,,,,,False,internship,,,,Research Services,https://de.linkedin.com/company/dlr,,,,,,,,,,,
linkedin,Student (w/m/d) - Unterstützung bei der Entwicklung synthetischer Umgebungen in der Unreal Engine,German Aerospace Center (DLR),"Sankt Augustin, North Rhine-Westphalia, Germany",2026-09-30,https://www.linkedin.com/jobs/view/4471860870 , ,li-4471860870,fulltime,,,,,,False,internship,,,,Research Services,https://de.linkedin.com/company/dlr,,,,,,,,,,,
linkedin,Masterand/in (w/m/d) - Optische Detektion schwach reflektierender Weltraumobjekte,German Aerospace Center (DLR),"Stuttgart, Baden-Württemberg, Germany",2026-09-30,https://www.linkedin.com/jobs/view/4473772954 , ,li-4473772954,fulltime,,,,,,False,entry level,,,,Research Services,https://de.linkedin.com/company/dlr,,,,,,,,,,,
linkedin,Active Devices Manager (m/w/d) in Direktvermittlung,Randstad Deutschland,"Dresden, Saxony, Germany",2026-09-30,https://www.linkedin.com/jobs/view/4472603304 , ,li-4472603304,fulltime,,,,,,False,mid-senior level,,,,Human Resources Services,https://de.linkedin.com/company/randstad-deutschland,,,,,,,,,,,
linkedin,Senior GNC Engineer (f/m/d),TYTAN Technologies,"Munich, Bavaria, Germany",2026-09-30,https://www.linkedin.com/jobs/view/4472322048 , ,li-4472322048,fulltime,,,,,,False,mid-senior level,,,,Aviation and Aerospace Component Manufacturing and Defense and Space Manufacturing,https://de.linkedin.com/company/tytan-technologies,,,,,,,,,,,
linkedin,Analog Design and Verification Flow (M/F/D),Apple,"Munich, Bavaria, Germany",2026-09-30,https://www.linkedin.com/jobs/view/4471969839 , ,li-4471969839,volunteer,,,,,,False,entry level,,,,Computers and Electronics Manufacturing,https://www.linkedin.com/company/apple,,,,,,,,,,,
linkedin,Senior R&D Engineer (f/m/d) Vacuum Switching Devices and Vacuum Circuit Breakers,Siemens,"Berlin, Berlin, Germany",2026-09-30,https://www.linkedin.com/jobs/view/4472312847 , ,li-4472312847,fulltime,,,,,,False,mid-senior level,,,,Automation Machinery Manufacturing,https://de.linkedin.com/company/siemens,,,,,,,,,,,
linkedin,Senior/SMTS CMP Process Development Engineer (f/m/d),Black Semiconductor,"Aachen, North Rhine-Westphalia, Germany",2026-09-30,https://www.linkedin.com/jobs/view/4437422470 , ,li-4437422470,fulltime,,,,,,False,mid-senior level,,,,Semiconductor Manufacturing,https://de.linkedin.com/company/black-semiconductor,,,,,,,,,,,
linkedin,Module Owner – Mechatronics (f/m/x),ZEISS Group,"Erfurt, Thuringia, Germany",2026-09-30,https://www.linkedin.com/jobs/view/4472188983 , ,li-4472188983,fulltime,,,,,,False,mid-senior level,,,,Machinery Manufacturing,https://de.linkedin.com/company/zeiss,,,,,,,,,,,
linkedin,Hardware Development Engineer (m/w/d),SII Germany,"Taufkirchen, Bavaria, Germany",2026-09-30,https://www.linkedin.com/jobs/view/4473981153 , ,li-4473981153,fulltime,,,,,,False,entry level,,,,IT Services and IT Consulting,https://de.linkedin.com/company/sii-germany,,,,,,,,,,,
linkedin,Hardware Development Engineer (m/w/d),SII Germany,"Ditzingen, Baden-Württemberg, Germany",2026-09-30,https://www.linkedin.com/jobs/view/4473974301 , ,li-4473974301,fulltime,,,,,,False,entry level,,,,IT Services and IT Consulting,https://de.linkedin.com/company/sii-germany,,,,,,,,,,,
linkedin,Hardware Development Engineer (m/w/d),SII Germany,"Ulm, Baden-Württemberg, Germany",2026-09-30,https://www.linkedin.com/jobs/view/4473975284 , ,li-4473975284,fulltime,,,,,,False,entry level,,,,IT Services and IT Consulting,https://de.linkedin.com/company/sii-germany,,,,,,,,,,,
linkedin,Senior Process Engineer - Lithium,CSG Talent,"Südliche Weinstrasse, Rhineland-Palatinate, Germany",2026-09-30,https://www.linkedin.com/jobs/view/4473773659 , ,li-4473773659,fulltime,,,,,,False,mid-senior level,,,,Metal Ore Mining,https://www.linkedin.com/company/csg-talent,,,,,,,,,,,
linkedin,Elektrotechniker als Elektronik-Entwickler/Hardware-Entwickler (m/w/d),SPECS Surface Nano Analysis GmbH,"Berlin, Berlin, Germany",2026-09-30,https://www.linkedin.com/jobs/view/4472603535 , ,li-4472603535,fulltime,,,,,,False,mid-senior level,,,,Nanotechnology Research,https://de.linkedin.com/company/specs-gmbh,,,,,,,,,,,
linkedin,Mechanical Engineer (Rapid Prototyping & Optomechanics for Quantum Sensing) (f/m/d),QuantumDiamonds,"Munich, Bavaria, Germany",2026-09-30,https://www.linkedin.com/jobs/view/4466580618 , ,li-4466580618,fulltime,,,,,,False,associate,,,,Software Development,https://de.linkedin.com/company/quantumdiamonds,,,,,,,,,,,
linkedin,"Entwicklungsingenieur (w/m/d) Hochfrequenztechnik, RF",TRUMPF,"Freiburg, Baden-Württemberg, Germany",2026-09-30,https://www.linkedin.com/jobs/view/4463564643 , ,li-4463564643,fulltime,,,,,,False,mid-senior level,,,david.brodkorb.external@trumpf.com,Machinery Manufacturing,https://www.linkedin.com/company/trumpf-se-co-kg,,,,,,,,,,,
linkedin,Gameplay Polish & Technical Designer/Artist (f/m/d),kaleidoscube,"Stuttgart, Baden-Württemberg, Germany",2026-09-30,https://www.linkedin.com/jobs/view/4473776799 , ,li-4473776799,fulltime,,,,,,False,entry level,,,,Computer Games,https://de.linkedin.com/company/kaleidoscube,,,,,,,,,,,
linkedin,Embedded Software Engineer (IoT & Computer Vision) (m/w/d),Vusion,"Ettenheim, Baden-Württemberg, Germany",2026-09-30,https://www.linkedin.com/jobs/view/4436074468 , ,li-4436074468,fulltime,,,,,,False,entry level,,,,Software Development,https://fr.linkedin.com/company/vusiongroup,,,,,,,,,,,
linkedin,Quantum Sensing Engineer (NV Centers) (f/m/d),QuantumDiamonds,"Munich, Bavaria, Germany",2026-09-30,https://www.linkedin.com/jobs/view/4466175986 , ,li-4466175986,fulltime,,,,,,False,associate,,,,Software Development,https://de.linkedin.com/company/quantumdiamonds,,,,,,,,,,,
linkedin,Elektronikentwickler/in (w/m/d) für Quantensensoren auf mobilen Plattformen,German Aerospace Center (DLR),"Hannover, Lower Saxony, Germany",2026-09-30,https://www.linkedin.com/jobs/view/4469702608 , ,li-4469702608,fulltime,,,,,,False,mid-senior level,,,,Research Services,https://de.linkedin.com/company/dlr,,,,,,,,,,,
linkedin,Electrical Engineer (m/f/d) - for semiconductor industry,Applied Materials Europe,"Feldkirchen-Westerham, Bavaria, Germany",2026-09-30,https://www.linkedin.com/jobs/view/4459539743 , ,li-4459539743,fulltime,,,,,,False,not applicable,,,,"Appliances, Electrical, and Electronics Manufacturing, Nanotechnology Research, and Semiconductor Manufacturing",https://nl.linkedin.com/company/applied-materials-europe,,,,,,,,,,,
linkedin,"MTS, Power Module Design Technical Leader",onsemi,"Munich, Bavaria, Germany",2026-09-30,https://www.linkedin.com/jobs/view/4472600337 , ,li-4472600337,fulltime,,,,,,False,not applicable,,,,Semiconductor Manufacturing,https://www.linkedin.com/company/onsemi,,,,,,,,,,,
linkedin,Erfahrene Konstruktionsingenieurin im Sondermaschinenbau – R&D Maschinenarchitektur & Systemsynthese (m/w/x),ZEISS Group,"Oberkochen, Baden-Württemberg, Germany",2026-09-30,https://www.linkedin.com/jobs/view/4472123636 , ,li-4472123636,fulltime,,,,,,False,mid-senior level,,,,"Manufacturing and Appliances, Electrical, and Electronics Manufacturing",https://de.linkedin.com/company/zeiss,,,,,,,,,,,
linkedin,Entwicklungsingenieur (m/w/d) FPGA-Design,Diehl Defence,"Kressbronn am Bodensee, Baden-Württemberg, Germany",2026-09-30,https://www.linkedin.com/jobs/view/4472616223 , ,li-4472616223,fulltime,,,,,,False,mid-senior level,,,,Defense and Space Manufacturing,https://de.linkedin.com/company/diehl-defence,,,,,,,,,,,
linkedin,Designer Integrated Photonics (f/m/x),ZEISS Group,"Ulm, Baden-Württemberg, Germany",2026-09-30,https://www.linkedin.com/jobs/view/4472610580 , ,li-4472610580,fulltime,,,,,,False,entry level,,,,Machinery Manufacturing,https://de.linkedin.com/company/zeiss,,,,,,,,,,,
linkedin,Senior ASIC Digital Lead - ATPG & Methodology (f/m/div.),Bosch,"Reutlingen, Baden-Württemberg, Germany",2026-09-30,https://www.linkedin.com/jobs/view/4467627939 , ,li-4467627939,fulltime,,,,,,False,associate,,,,Automotive,https://de.linkedin.com/company/bosch,,,,,,,,,,,
linkedin,Analog  Design Engineer – High Speed Memory Interfaces (m/f/d),Micron Technology,"Munich, Bavaria, Germany",2026-09-30,https://www.linkedin.com/jobs/view/4463298718 , ,li-4463298718,fulltime,,,,,,False,entry level,,,"_EMEA@micron.com, _EMEA@micron.com","Computer Hardware Manufacturing, Appliances, Electrical, and Electronics Manufacturing, and Semiconductor Manufacturing",https://www.linkedin.com/company/micron-technology,,,,,,,,,,,
linkedin,Technical Staff Engineer-Design,Microchip Technology Inc.,"Neu Ulm, Bavaria, Germany",2026-09-30,https://www.linkedin.com/jobs/view/4455523223 , ,li-4455523223,fulltime,,,,,,False,mid-senior level,,,,"Appliances, Electrical, and Electronics Manufacturing and Semiconductor Manufacturing",https://www.linkedin.com/company/microchip-technology,,,,,,,,,,,
linkedin,EMV Ingenieur (m/w/d),Schotstek,"Mannheim, Baden-Württemberg, Germany",2026-09-30,https://www.linkedin.com/jobs/view/4473927269 , ,li-4473927269,fulltime,,,,,,False,mid-senior level,,,,Non-profit Organizations,https://de.linkedin.com/company/schotstek,,,,,,,,,,,
linkedin,Senior Konstrukteur w/m/d Sondermaschinenbau,XENON Automation,"Dresden, Saxony, Germany",2026-09-30,https://www.linkedin.com/jobs/view/4473770223 , ,li-4473770223,fulltime,,,,,,False,associate,,,bewerbung@xenon-automation.com,Automation Machinery Manufacturing and Machinery Manufacturing,https://de.linkedin.com/company/xenon-automation,,,,,,,,,,,
linkedin,Senior Elektronikentwickler Analog & Mixed-Signal (m/w/d),Amoria Bond,Greater Munich Metropolitan Area,2026-09-30,https://www.linkedin.com/jobs/view/4472135732 , ,li-4472135732,fulltime,,,,,,False,associate,,,,Defense and Space Manufacturing,https://uk.linkedin.com/company/amoria-bond,,,,,,,,,,,
linkedin,Software Developer (m/w/d) for Cyber Secure Marine Application Software,PEC Group,"Friedrichshafen, Baden-Württemberg, Germany",2026-09-30,https://www.linkedin.com/jobs/view/4470487858 , ,li-4470487858,fulltime,,,,,,False,entry level,,,bewerbung@pec-group.com,Business Consulting and Services,https://de.linkedin.com/company/pec-project-engineers-&-consultants-gmbh,,,,,,,,,,,
linkedin,Senior Software Engineer,Auterion,"Munich, Bavaria, Germany",2026-09-30,https://www.linkedin.com/jobs/view/4472166771 , ,li-4472166771,,,,,,,False,,,,,,https://www.linkedin.com/company/auterion,,,,,,,,,,,
linkedin,Electronic Warfare System Engineer (d/f/m),Airbus Helicopters,"Donauwörth, Bavaria, Germany",2026-09-30,https://www.linkedin.com/jobs/view/4472128185 , ,li-4472128185,parttime,,,,,,False,entry level,,,emsom@airbus.com,Aviation and Aerospace Component Manufacturing,https://fr.linkedin.com/company/airbus-helicopters,,,,,,,,,,,
linkedin,Postdoctoral position (f/m/d) | Experimental particle physics,Max Planck Society,"Garching, Bavaria, Germany",2026-09-30,https://www.linkedin.com/jobs/view/4472604130 , ,li-4472604130,fulltime,,,,,,False,internship,,,"oliver.kortner@mpp.mpg.de, anja.schielke@mpp.mpg.de",Civic and Social Organizations,https://de.linkedin.com/school/max-planck-society/,,,,,,,,,,,
linkedin,Embedded Software Engineer (m/f/d) - ADAM Audio GmbH,Focusrite,"Berlin, Berlin, Germany",2026-09-30,https://www.linkedin.com/jobs/view/4473902024 , ,li-4473902024,fulltime,,,,,,False,mid-senior level,,,,IT Services and IT Consulting,https://uk.linkedin.com/company/focusrite,,,,,,,,,,,
linkedin,Senior Developer Robotics,NODE Robotics,"Stuttgart, Baden-Württemberg, Germany",2026-09-30,https://www.linkedin.com/jobs/view/4465570368 , ,li-4465570368,fulltime,,,,,,False,associate,,,,Software Development,https://de.linkedin.com/company/node-robotics,,,,,,,,,,,
linkedin,Processor Development Engineer (f/m/x),IBM,"Ehningen, Baden-Württemberg, Germany",2026-09-30,https://www.linkedin.com/jobs/view/4472195276 , ,li-4472195276,fulltime,,,,,,False,entry level,,,,IT Services and IT Consulting,https://www.linkedin.com/company/ibm,,,,,,,,,,,
linkedin,Photonics / Systems Engineer (m/f/d) Quantum Technologies,OHB SE,"Munich, Bavaria, Germany",2026-09-30,https://www.linkedin.com/jobs/view/4473974260 , ,li-4473974260,fulltime,,,,,,False,associate,,,,Defense and Space Manufacturing,https://de.linkedin.com/company/ohb-se,,,,,,,,,,,
linkedin,Paid Founder-in-Residence: Build an Industrial AI Startup,The Flywheel,Germany,2026-09-30,https://www.linkedin.com/jobs/view/4472183425 , ,li-4472183425,contract,,,,,,False,not applicable,,,,"Manufacturing, Software Development, and Technology, Information and Media",https://gr.linkedin.com/company/theflywheelvs,,,,,,,,,,,
linkedin,Quantum Integration Engineer,planqc,"Garching, Bavaria, Germany",2026-09-30,https://www.linkedin.com/jobs/view/4472170982 , ,li-4472170982,fulltime,,,,,,False,associate,,,,Software Development,https://de.linkedin.com/company/planqc,,,,,,,,,,,
linkedin,Senior Konstrukteur*in für Lasersysteme,TOPTICA Photonics,"Gräfelfing, Bavaria, Germany",2026-09-30,https://www.linkedin.com/jobs/view/4473909317 , ,li-4473909317,fulltime,,,,,,False,mid-senior level,,,,Industrial Machinery Manufacturing,https://de.linkedin.com/company/toptica-photonics,,,,,,,,,,,
linkedin,AI and Computer Vision Engineer,The Exploration Company,"Munich, Bavaria, Germany",2026-09-30,https://www.linkedin.com/jobs/view/4473955349 , ,li-4473955349,fulltime,,,,,,False,mid-senior level,,,,Aviation and Aerospace Component Manufacturing,https://de.linkedin.com/company/exploration-company,,,,,,,,,,,
linkedin,Full-Stack Software Engineer UI/UX/Backend (m/w/d),Typus,Germany,2026-09-29,https://www.linkedin.com/jobs/view/4471709489 , ,li-4471709489,fulltime,direct_data,monthly,4000.0,4000.0,EUR,False,entry level,,,,Administrative and Support Services,https://de.linkedin.com/company/typus-ai,,,,,,,,,,,
linkedin,Embedded Software Engineer FCS & FMS (f/m/d),Airbus Defence and Space,"Manching, Bavaria, Germany",2026-09-29,https://www.linkedin.com/jobs/view/4471226408 , ,li-4471226408,parttime,,,,,,False,mid-senior level,,,emsom@airbus.com,Defense and Space Manufacturing,https://www.linkedin.com/company/airbus-defence-and-space,,,,,,,,,,,
linkedin,Software Engineer - Frontend Autonomous Air System V&V,Helsing,"Berlin, Berlin, Germany",2026-09-29,https://www.linkedin.com/jobs/view/4350226149 , ,li-4350226149,fulltime,,,,,,False,mid-senior level,,,,Software Development,https://de.linkedin.com/company/helsing,,,,,,,,,,,
linkedin,Softwareingenieur (w/m/d),Excelitas Technologies Corp.,"Kelheim, Bavaria, Germany",2026-09-29,https://www.linkedin.com/jobs/view/4457168704 , ,li-4457168704,contract,,,,,,False,entry level,,,,Manufacturing,https://www.linkedin.com/company/excelitas-technologies,,,,,,,,,,,
linkedin,(Leitungs-) Assistenz in der R&D der Sicherheitstechnik (m/w/d) – befristet,Dräger,"Lübeck, Schleswig-Holstein, Germany",2026-09-29,https://www.linkedin.com/jobs/view/4471776731 , ,li-4471776731,fulltime,,,,,,False,entry level,,,,Manufacturing,https://de.linkedin.com/company/draeger,,,,,,,,,,,
linkedin,Projektmitarbeiter (w/m/d),Technische Hochschule Nürnberg Georg Simon Ohm,"Nuremberg, Bavaria, Germany",2026-09-29,https://www.linkedin.com/jobs/view/4473504974 , ,li-4473504974,fulltime,,,,,,False,entry level,,,,Internet Publishing,https://de.linkedin.com/school/thnuernberg/,,,,,,,,,,,
linkedin,System Engineer (m/w/d) Satelliten- & Raumfahrt-Kryptosysteme,techculture GmbH,"Bremen, Bremen, Germany",2026-09-29,https://www.linkedin.com/jobs/view/4473255811 , ,li-4473255811,fulltime,,,,,,False,associate,,,,Computer and Network Security,https://de.linkedin.com/company/techculture-recruiting,,,,,,,,,,,
linkedin,Research Assistant (m/f/d) - Smart Implants for Life Enrichment,Universität Rostock,"Rostock, Mecklenburg-West Pomerania, Germany",2026-09-29,https://www.linkedin.com/jobs/view/4473258430 , ,li-4473258430,fulltime,,,,,,False,entry level,,,"pia.dahl@uni-rostock.de, christian.haubelt@uni-rostock.de",Internet Publishing,https://de.linkedin.com/school/university-of-rostock/,,,,,,,,,,,
linkedin,Senior Firmware Engineer,Advanced Energy,"Metzingen, Baden-Württemberg, Germany",2026-09-29,https://www.linkedin.com/jobs/view/4471932101 , ,li-4471932101,fulltime,,,,,,False,mid-senior level,,,,"Appliances, Electrical, and Electronics Manufacturing",https://www.linkedin.com/company/advancedenergy,,,,,,,,,,,
linkedin,Growth Engineer,fonio.ai,Greater Munich Metropolitan Area,2026-09-29,https://www.linkedin.com/jobs/view/4464352226 , ,li-4464352226,fulltime,,,,,,False,mid-senior level,,,,Telecommunications,https://at.linkedin.com/company/fonio-ai,,,,,,,,,,,
linkedin,Koordinator*in: Innovation & Technologietransfer (all genders),Fraunhofer Institute for Photonic Microsystems IPMS,"Cottbus, Brandenburg, Germany",2026-09-29,https://www.linkedin.com/jobs/view/4471933910 , ,li-4471933910,fulltime,,,,,,False,mid-senior level,,,,Research Services,https://de.linkedin.com/company/fraunhofer-ipms,,,,,,,,,,,
linkedin,Senior Entwicklungsingenieur Gesamtfahrzeug Elektronik (m/w/d),EDAG Group,"Munich, Bavaria, Germany",2026-09-29,https://www.linkedin.com/jobs/view/4471529906 , ,li-4471529906,fulltime,,,,,,False,mid-senior level,,,,Engineering Services,https://de.linkedin.com/company/edaggroup,,,,,,,,,,,
linkedin,"Research Associate (f/m/d)  Research focus: AI-based design of engine architecture, HAP5",Brandenburg University of Applied Sciences,"Brandenburg on the Havel, Brandenburg, Germany",2026-09-29,https://www.linkedin.com/jobs/view/4473262388 , ,li-4473262388,fulltime,,,,,,False,entry level,,,"leitung-pvo@th-brandenburg.de, gba@th-brandenburg.de, flassig@th-brandenburg.de, doreen.peters@th-brandenburg.de",Internet Publishing,https://de.linkedin.com/school/th-brandenburg/,,,,,,,,,,,
linkedin,Valves Development Engineer [High-Thrust Rocket Engine],The Exploration Company,"Munich, Bavaria, Germany",2026-09-29,https://www.linkedin.com/jobs/view/4316667115 , ,li-4316667115,fulltime,,,,,,False,mid-senior level,,,,Aviation and Aerospace Component Manufacturing,https://de.linkedin.com/company/exploration-company,,,,,,,,,,,
linkedin,Lead Engineer Sodium Ion Cell (m/f/d),Clarios,"Hannover, Lower Saxony, Germany",2026-09-29,https://www.linkedin.com/jobs/view/4473526812 , ,li-4473526812,fulltime,,,,,,False,mid-senior level,,,Special.Accommodations@Clarios.com,Motor Vehicle Parts Manufacturing,https://www.linkedin.com/company/clarios,,,,,,,,,,,
linkedin,"Technical Lead, Laser Amplification (f/m/d)",Focused Energy,"Darmstadt, Hesse, Germany",2026-09-29,https://www.linkedin.com/jobs/view/4465860034 , ,li-4465860034,fulltime,,,,,,False,mid-senior level,,,,Electric Power Generation,https://de.linkedin.com/company/focused-energy-inc,,,,,,,,,,,
linkedin,Co-founder for startup: Quantum Algorithm Scientist,DiQuNET,"Munich, Bavaria, Germany",2026-09-29,https://www.linkedin.com/jobs/view/4471293790 , ,li-4471293790,fulltime,,,,,,False,executive,,,,Semiconductor Manufacturing,https://www.linkedin.com/company/diqunet,,,,,,,,,,,
linkedin,Entwicklungsingenieur Mechatronik mit Schwerpunkt Dynamik und Regelungstechnik (w/m/d),AlphaConsult-Gruppe,"Aalen, Baden-Württemberg, Germany",2026-09-29,https://www.linkedin.com/jobs/view/4471718661 , ,li-4471718661,temporary,,,,,,False,associate,,,,Semiconductor Manufacturing and Machinery Manufacturing,https://de.linkedin.com/company/alphaconsult-gruppe,,,,,,,,,,,
linkedin,Propulsion Valve Development Engineer (m/f/d),Rocket Factory Augsburg - RFA,"Augsburg, Bavaria, Germany",2026-09-29,https://www.linkedin.com/jobs/view/4471941961 , ,li-4471941961,fulltime,,,,,,False,entry level,,,,Aviation and Aerospace Component Manufacturing,https://de.linkedin.com/company/rfa-space,,,,,,,,,,,
linkedin,Entwickler für Linearbeschleunigertechnologie (w/m/d),Siemens Healthineers,"Rudolstadt, Thuringia, Germany",2026-09-29,https://www.linkedin.com/jobs/view/4471751069 , ,li-4471751069,fulltime,,,,,,False,entry level,,,recruitinggersupport.func@siemens-healthineers.com,Hospitals and Health Care,https://de.linkedin.com/company/siemens-healthineers,,,,,,,,,,,
linkedin,Coherent Systems Architect - Mixed Signal AFE development,Nokia,"Nuremberg, Bavaria, Germany",2026-09-29,https://www.linkedin.com/jobs/view/4434516598 , ,li-4434516598,fulltime,,,,,,False,not applicable,,,,IT Services and IT Consulting and Telecommunications,https://fi.linkedin.com/company/nokia,,,,,,,,,,,
linkedin,Senior Development Engineer Fluid Mechanics (Flow & Pressure) (f/m/x),ZEISS Group,"Jena, Thuringia, Germany",2026-09-29,https://www.linkedin.com/jobs/view/4471266493 , ,li-4471266493,fulltime,,,,,,False,mid-senior level,,,,"Manufacturing and Appliances, Electrical, and Electronics Manufacturing",https://de.linkedin.com/company/zeiss,,,,,,,,,,,
linkedin,Electronics Engineer – Munich,IC Resources,"Bavaria, Germany",2026-09-29,https://www.linkedin.com/jobs/view/4473510742 , ,li-4473510742,fulltime,,,,,,False,entry level,,,,Staffing and Recruiting,https://uk.linkedin.com/company/icresources,,,,,,,,,,,
linkedin,Electronics Engineer - Munich,IC Resources,"Munich, Bavaria, Germany",2026-09-29,https://www.linkedin.com/jobs/view/4473275073 , ,li-4473275073,fulltime,,,,,,False,mid-senior level,,,,"Space Research and Technology, Semiconductor Manufacturing, and Telecommunications",https://uk.linkedin.com/company/icresources,,,,,,,,,,,
linkedin,(Senior) System Engineer Photonic Integrated Circuits (m/f/x),ZEISS Group,"Oberkochen, Baden-Württemberg, Germany",2026-09-29,https://www.linkedin.com/jobs/view/4473231885 , ,li-4473231885,fulltime,,,,,,False,not applicable,,,,Electrical Equipment Manufacturing,https://de.linkedin.com/company/zeiss,,,,,,,,,,,
linkedin,Analog IC Layout Engineer,IC Resources,"Bavaria, Germany",2026-09-29,https://www.linkedin.com/jobs/view/4473507843 , ,li-4473507843,fulltime,,,,,,False,mid-senior level,,,,Staffing and Recruiting,https://uk.linkedin.com/company/icresources,,,,,,,,,,,
linkedin,Principal Com-Sys Design Engineer,Microchip Technology Inc.,Greater Heilbronn Region,2026-09-29,https://www.linkedin.com/jobs/view/4464474667 , ,li-4464474667,fulltime,,,,,,False,mid-senior level,,,,"Appliances, Electrical, and Electronics Manufacturing and Semiconductor Manufacturing",https://www.linkedin.com/company/microchip-technology,,,,,,,,,,,
linkedin,Senior Game Designer - Mob Control,Voodoo,"Berlin, Berlin, Germany",2026-09-29,https://www.linkedin.com/jobs/view/4446113504 , ,li-4446113504,fulltime,,,,,,False,mid-senior level,,,,Entertainment Providers,https://fr.linkedin.com/company/voodoo.io,,,,,,,,,,,
linkedin,Expert Cloud Infrastructure Architect (f/m/d),SAP,"Sankt Leon-Rot, Baden-Württemberg, Germany",2026-09-29,https://www.linkedin.com/jobs/view/4449750761 , ,li-4449750761,fulltime,,,,,,False,mid-senior level,,,Careers@sap.com,"Software Development, IT Services and IT Consulting, and Business Consulting and Services",https://de.linkedin.com/company/sap,,,,,,,,,,,
linkedin,Principal Com-Sys Design Engineer,Microchip Technology Inc.,"Neu Ulm, Bavaria, Germany",2026-09-29,https://www.linkedin.com/jobs/view/4464472631 , ,li-4464472631,fulltime,,,,,,False,mid-senior level,,,,"Appliances, Electrical, and Electronics Manufacturing and Semiconductor Manufacturing",https://www.linkedin.com/company/microchip-technology,,,,,,,,,,,
linkedin,Konstruktionsingenieure (m/w/d) Turbinenbau / Kraftwerksbau,Oehmichen & Bürgers Industrieplanung GmbH,"Düsseldorf, North Rhine-Westphalia, Germany",2026-09-29,https://www.linkedin.com/jobs/view/4471703064 , ,li-4471703064,fulltime,,,,,,False,entry level,,,,Engineering Services,https://de.linkedin.com/company/oub,,,,,,,,,,,
linkedin,Coherent Systems Architect - Optical Modem Development and Optimization,Nokia,"Nuremberg, Bavaria, Germany",2026-09-29,https://www.linkedin.com/jobs/view/4434508866 , ,li-4434508866,fulltime,,,,,,False,not applicable,,,,IT Services and IT Consulting and Telecommunications,https://fi.linkedin.com/company/nokia,,,,,,,,,,,
linkedin,Principal SerDes System/DSP Design Engineer,Ciena,Hannover-Braunschweig-Göttingen-Wolfsburg Region,2026-09-29,https://www.linkedin.com/jobs/view/4370239717 , ,li-4370239717,fulltime,description,yearly,126100.0,201500.0,USD,False,mid-senior level,,,,Telecommunications,https://www.linkedin.com/company/ciena,,,,,,,,,,,
linkedin,Digital IC Designer - BCI,IC Resources,"Munich, Bavaria, Germany",2026-09-29,https://www.linkedin.com/jobs/view/4473269688 , ,li-4473269688,fulltime,,,,,,False,mid-senior level,,,,Staffing and Recruiting and Semiconductor Manufacturing,https://uk.linkedin.com/company/icresources,,,,,,,,,,,
linkedin,GaN Process Development Engineer,X-FAB Sarawak,"Dresden, Saxony, Germany",2026-09-29,https://www.linkedin.com/jobs/view/4471776319 , ,li-4471776319,fulltime,,,,,,False,mid-senior level,,,,Semiconductor Manufacturing,https://my.linkedin.com/company/xfabsarawak,,,,,,,,,,,
linkedin,Senior Digital ASIC Design Engineer Verification (m/f/d),Advantest,"Böblingen, Baden-Württemberg, Germany",2026-09-29,https://www.linkedin.com/jobs/view/4473562419 , ,li-4473562419,fulltime,,,,,,False,mid-senior level,,,,Semiconductor Manufacturing,https://jp.linkedin.com/company/advantest,,,,,,,,,,,
linkedin,Hardwareentwickler (m/w/d),Randstad Deutschland,"Leipzig, Saxony, Germany",2026-09-29,https://www.linkedin.com/jobs/view/4471596789 , ,li-4471596789,fulltime,,,,,,False,entry level,,,,Human Resources Services,https://de.linkedin.com/company/randstad-deutschland,,,,,,,,,,,
linkedin,(Senior) Development Engineer: Digital Semicustom Design (m/f/d),Micron Technology,"Munich, Bavaria, Germany",2026-09-29,https://www.linkedin.com/jobs/view/4471594686 , ,li-4471594686,fulltime,,,,,,False,mid-senior level,,,"_EMEA@micron.com, _EMEA@micron.com","Computer Hardware Manufacturing, Appliances, Electrical, and Electronics Manufacturing, and Semiconductor Manufacturing",https://www.linkedin.com/company/micron-technology,,,,,,,,,,,
linkedin,FPGA Design Engineer (m/w/d),Thales,"Ditzingen, Baden-Württemberg, Germany",2026-09-29,https://www.linkedin.com/jobs/view/4387888525 , ,li-4387888525,fulltime,,,,,,False,not applicable,,,,Aviation and Aerospace Component Manufacturing and Defense and Space Manufacturing,https://fr.linkedin.com/company/thales,,,,,,,,,,,
linkedin,Analog IC Layout Engineer,IC Resources,"Munich, Bavaria, Germany",2026-09-29,https://www.linkedin.com/jobs/view/4473267732 , ,li-4473267732,fulltime,,,,,,False,mid-senior level,,,,Staffing and Recruiting and Semiconductor Manufacturing,https://uk.linkedin.com/company/icresources,,,,,,,,,,,
linkedin,Absolventen (m/w/d) für die Schaltungsentwicklung,Oehmichen & Bürgers Industrieplanung GmbH,"Düsseldorf, North Rhine-Westphalia, Germany",2026-09-29,https://www.linkedin.com/jobs/view/4471283984 , ,li-4471283984,fulltime,,,,,,False,internship,,,,Engineering Services,https://de.linkedin.com/company/oub,,,,,,,,,,,
linkedin,R&D Engineer for Photonic Integrated Systems,TOPTICA Photonics,"Gräfelfing, Bavaria, Germany",2026-09-29,https://www.linkedin.com/jobs/view/4455375975 , ,li-4455375975,fulltime,,,,,,False,mid-senior level,,,,Industrial Machinery Manufacturing,https://de.linkedin.com/company/toptica-photonics,,,,,,,,,,,
linkedin,System Architect,GS Group,"Bavaria, Germany",2026-09-28,https://www.linkedin.com/jobs/view/4472732899 , ,li-4472732899,fulltime,,,,,,False,mid-senior level,,,,Semiconductor Manufacturing,https://uk.linkedin.com/company/gs-solutions-ltd,,,,,,,,,,,
linkedin,Senior Flutter Engineer - Purchase & Post Purchase (all genders),ABOUT YOU,"Berlin, Berlin, Germany",2026-09-28,https://www.linkedin.com/jobs/view/4471513585 , ,li-4471513585,fulltime,,,,,,False,mid-senior level,,,,"Technology, Information and Internet",https://de.linkedin.com/company/about-you,,,,,,,,,,,
linkedin,App Engineer - Discovery & Consideration (all genders),ABOUT YOU,"Hamburg, Hamburg, Germany",2026-09-28,https://www.linkedin.com/jobs/view/4471522095 , ,li-4471522095,fulltime,,,,,,False,mid-senior level,,,,"Technology, Information and Internet",https://de.linkedin.com/company/about-you,,,,,,,,,,,
linkedin,Senior Full Stack Games Engineer (Remote),over99,"Berlin, Berlin, Germany",2026-09-28,https://www.linkedin.com/jobs/view/4471525954 , ,li-4471525954,fulltime,,,,,,True,mid-senior level,,,,IT Services and IT Consulting,https://www.linkedin.com/company/over99,,,,,,,,,,,
linkedin,Software Engineer,Strativ Group,"Constance, Baden-Württemberg, Germany",2026-09-28,https://www.linkedin.com/jobs/view/4472722896 , ,li-4472722896,,,,,,,False,,,,,,https://uk.linkedin.com/company/strativgroup,,,,,,,,,,,
linkedin,Flutter Entwickler (m/w/d) Mobile Apps,ATMINA Solutions GmbH,Germany,2026-09-28,https://www.linkedin.com/jobs/view/4472795113 , ,li-4472795113,fulltime,,,,,,False,entry level,,,carina.reuter@atmina.de,Information Technology & Services,https://de.linkedin.com/company/atmina-solutions-gmbh,,,,,,,,,,,
linkedin,Teilprojektleiter HW Digital (Plattform) & Gerät (m/w/x),K-tronik GmbH,"Berlin, Berlin, Germany",2026-09-28,https://www.linkedin.com/jobs/view/4470856269 , ,li-4470856269,fulltime,,,,,,False,associate,,,,IT Services and IT Consulting,https://de.linkedin.com/company/k-tronik-gmbh,,,,,,,,,,,
linkedin,Software Engineer - Airborne Mission Systems,Helsing,"Munich, Bavaria, Germany",2026-09-28,https://www.linkedin.com/jobs/view/4350177552 , ,li-4350177552,fulltime,,,,,,False,entry level,,,,Software Development,https://de.linkedin.com/company/helsing,,,,,,,,,,,
linkedin,Software Engineer - Frontend Autonomous Air System V&V,Helsing,"Munich, Bavaria, Germany",2026-09-28,https://www.linkedin.com/jobs/view/4350206184 , ,li-4350206184,fulltime,,,,,,False,mid-senior level,,,,Software Development,https://de.linkedin.com/company/helsing,,,,,,,,,,,
linkedin,Research assistant (praedoc) (f/m/d) (DM-PHY-918),Freie Universität Berlin,"Berlin, Berlin, Germany",2026-09-28,https://www.linkedin.com/jobs/view/4470893064 , ,li-4470893064,parttime,,,,,,False,mid-senior level,,,b.selke@fu-berlin.de,Research Services,https://de.linkedin.com/school/freie-universitat-berlin/,,,,,,,,,,,
linkedin,Software Engineer SLAM (F/M/D),NavVis,"Munich, Bavaria, Germany",2026-09-28,https://www.linkedin.com/jobs/view/4472717050 , ,li-4472717050,fulltime,,,,,,False,mid-senior level,,,,"Technology, Information and Internet",https://de.linkedin.com/company/navvis,,,,,,,,,,,
linkedin,Forward Deployment Engineer,Keysight Technologies,"Aschheim, Bavaria, Germany",2026-09-28,https://www.linkedin.com/jobs/view/4470868893 , ,li-4470868893,parttime,,,,,,False,not applicable,,,,"Appliances, Electrical, and Electronics Manufacturing",https://www.linkedin.com/company/keysight-technologies,,,,,,,,,,,
linkedin,C++ Software Engineer / Flight Test Systems - Germany | Airbus Projects,Orbital Critical Systems (Grupo CAF),"Manching, Bavaria, Germany",2026-09-28,https://www.linkedin.com/jobs/view/4471375820 , ,li-4471375820,other,,,,,,False,not applicable,,,,Airlines and Aviation,https://es.linkedin.com/company/orbital-aerospace,,,,,,,,,,,
linkedin,Frontend-Entwickler:in (m/w/d),NEOCOSMO GmbH,"Saarbrücken, Saarland, Germany",2026-09-28,https://www.linkedin.com/jobs/view/4470893146 , ,li-4470893146,fulltime,,,,,,False,associate,,,,Software Development,https://de.linkedin.com/company/neocosmo,,,,,,,,,,,
linkedin,Automatisierungsingenieur:in,ficonTEC,"Achim, Lower Saxony, Germany",2026-09-28,https://www.linkedin.com/jobs/view/4471339631 , ,li-4471339631,fulltime,direct_data,yearly,56000.0,62000.0,EUR,False,associate,,,,Machinery Manufacturing and Automation Machinery Manufacturing,https://de.linkedin.com/company/ficontec,,,,,,,,,,,
linkedin,Senior Entwicklungsingenieur Defence Projects (m/w/d),EDAG Group,"Munich, Bavaria, Germany",2026-09-28,https://www.linkedin.com/jobs/view/4471383716 , ,li-4471383716,fulltime,,,,,,False,mid-senior level,,,,Engineering Services,https://de.linkedin.com/company/edaggroup,,,,,,,,,,,
linkedin,(Senior) Flight Dynamics Engineer (all genders),Reflex Aerospace,"Berlin, Berlin, Germany",2026-09-28,https://www.linkedin.com/jobs/view/4471525033 , ,li-4471525033,fulltime,,,,,,False,associate,,,,Aviation and Aerospace Component Manufacturing,https://de.linkedin.com/company/reflex-aerospace,,,,,,,,,,,
linkedin,Research assistant (praedoc) (f/m/d) (DM-PHY-816),Freie Universität Berlin,"Berlin, Berlin, Germany",2026-09-28,https://www.linkedin.com/jobs/view/4470894031 , ,li-4470894031,parttime,,,,,,False,internship,,,andres.ordonez@fu-berlin.de,Research Services,https://de.linkedin.com/school/freie-universitat-berlin/,,,,,,,,,,,
linkedin,Software Engineer - Ground to Air HMI,Helsing,"Munich, Bavaria, Germany",2026-09-28,https://www.linkedin.com/jobs/view/4350246166 , ,li-4350246166,fulltime,,,,,,False,mid-senior level,,,,Software Development,https://de.linkedin.com/company/helsing,,,,,,,,,,,
linkedin,Embedded Software Entwickler C++ (m/w/d),Guldberg GmbH,"Aalen, Baden-Württemberg, Germany",2026-09-28,https://www.linkedin.com/jobs/view/4470877547 , ,li-4470877547,fulltime,,,,,,False,mid-senior level,,,,Defense and Space Manufacturing,https://de.linkedin.com/company/guldberggmbh,,,,,,,,,,,
linkedin,System Architect,u-blox,"Hannover, Lower Saxony, Germany",2026-09-28,https://www.linkedin.com/jobs/view/4472703985 , ,li-4472703985,parttime,,,,,,False,associate,,,,Semiconductor Manufacturing,https://ch.linkedin.com/company/u-blox,,,,,,,,,,,
linkedin,Integrations Engineer - Embedded Systems Engineer (multi-platform) (f/m/d),Green Fusion,"Berlin, Berlin, Germany",2026-09-28,https://www.linkedin.com/jobs/view/4470854223 , ,li-4470854223,fulltime,,,,,,False,associate,,,,Software Development,https://de.linkedin.com/company/green-fusion-gmbh,,,,,,,,,,,
linkedin,Senior IoT Softwareentwickler (m/w/d),Andreas Hettich GmbH,"Tuttlingen, Baden-Württemberg, Germany",2026-09-28,https://www.linkedin.com/jobs/view/4472494780 , ,li-4472494780,fulltime,,,,,,False,associate,,,personal@hettichlab.com,Medical Equipment Manufacturing,https://de.linkedin.com/company/andreas-hettich-gmbh,,,,,,,,,,,
linkedin,Flight Physics & Flight Controls Engineer (m/w/d),Alpine Eagle,"Munich, Bavaria, Germany",2026-09-28,https://www.linkedin.com/jobs/view/4377153674 , ,li-4377153674,fulltime,,,,,,False,not applicable,,,,Software Development,https://de.linkedin.com/company/alpineeagle,,,,,,,,,,,
linkedin,206/2026 PhD/Postdoc position (m/f/d): AI for Safety-Critical Systems,Otto-von-Guericke University Magdeburg,"Magdeburg, Saxony-Anhalt, Germany",2026-09-28,https://www.linkedin.com/jobs/view/4471214495 , ,li-4471214495,fulltime,,,,,,False,internship,,,,Higher Education,https://de.linkedin.com/school/otto-von-guericke-university-magdeburg/,,,,,,,,,,,
linkedin,Wissenschaftlicher Mitarbeiter (m/w/d) im Bereich Leistungselektronikentwicklung und Implementation von Regelungsverfahren für Ultraschallschweißsysteme,Karlsruhe University of Applied  Sciences,"Karlsruhe, Baden-Württemberg, Germany",2026-09-28,https://www.linkedin.com/jobs/view/4472780942 , ,li-4472780942,parttime,,,,,,False,entry level,,,sbv@h-ka.de,Internet Publishing,https://de.linkedin.com/school/hochschule-karlsruhe/,,,,,,,,,,,
linkedin,Principal Digital Design Engineer,NXP Semiconductors,"Hamburg, Hamburg, Germany",2026-09-28,https://www.linkedin.com/jobs/view/4386511432 , ,li-4386511432,fulltime,,,,,,False,mid-senior level,,,,"Semiconductor Manufacturing, Computers and Electronics Manufacturing, and Software Development",https://nl.linkedin.com/company/nxp-semiconductors,,,,,,,,,,,
linkedin,Hardwareentwickler:in,personic GmbH,"Augsburg, Bavaria, Germany",2026-09-28,https://www.linkedin.com/jobs/view/4470842351 , ,li-4470842351,fulltime,direct_data,yearly,50000.0,80000.0,EUR,False,associate,,,n.simm@personic.de,"Machinery Manufacturing, Appliances, Electrical, and Electronics Manufacturing, and Defense and Space Manufacturing",https://de.linkedin.com/company/personic-gmbh,,,,,,,,,,,
linkedin,"Sr. Innovation Engineer, WW AMZL Innovation Engineering",Amazon,"Berlin, Germany",2026-09-28,https://www.linkedin.com/jobs/view/4472786134 , ,li-4472786134,fulltime,,,,,,False,mid-senior level,,,,Software Development,https://www.linkedin.com/company/amazon,,,,,,,,,,,
linkedin,Elektronik Hardware Entwickler,Kirstein GmbH Technische Systeme,"Augsburg, Bavaria, Germany",2026-09-28,https://www.linkedin.com/jobs/view/4470829882 , ,li-4470829882,fulltime,,,,,,False,associate,,,,Administrative and Support Services,https://de.linkedin.com/company/kirstein-gmbh-technische-systeme,,,,,,,,,,,
linkedin,Senior Hardware Engineer Display Systems | Component Owner (m/w/d),EDAG Group,"Ingolstadt, Bavaria, Germany",2026-09-28,https://www.linkedin.com/jobs/view/4471395118 , ,li-4471395118,fulltime,,,,,,False,mid-senior level,,,,Engineering Services,https://de.linkedin.com/company/edaggroup,,,,,,,,,,,
linkedin,Wissenschaftliche*r Mitarbeiter*in: Interconnect Technologies (all genders),Fraunhofer Institute for Photonic Microsystems IPMS,"Dresden, Saxony, Germany",2026-09-28,https://www.linkedin.com/jobs/view/4471385515 , ,li-4471385515,fulltime,,,,,,False,mid-senior level,,,,Research Services,https://de.linkedin.com/company/fraunhofer-ipms,,,,,,,,,,,
linkedin,PCIE SOC Application Engineer (Sr Staff),Synopsys Inc,"Munich, Bavaria, Germany",2026-09-28,https://www.linkedin.com/jobs/view/4444940366 , ,li-4444940366,fulltime,,,,,,False,mid-senior level,,,,"Semiconductor Manufacturing, Software Development, and Computer Hardware Manufacturing",https://www.linkedin.com/company/synopsys,,,,,,,,,,,
linkedin,Research assistant (praedoc) (f/m/d) (DM-PHY-791),Freie Universität Berlin,"Berlin, Berlin, Germany",2026-09-28,https://www.linkedin.com/jobs/view/4470874642 , ,li-4470874642,parttime,,,,,,False,entry level,,,bolotin@zedat.fu-berlin.de,Research Services,https://de.linkedin.com/school/freie-universitat-berlin/,,,,,,,,,,,
linkedin,Wiss. Mitarbeiter*in (Praedoc) (w/m/d) (DM-PHY-791),Freie Universität Berlin,"Berlin, Berlin, Germany",2026-09-28,https://www.linkedin.com/jobs/view/4470879493 , ,li-4470879493,parttime,,,,,,False,mid-senior level,,,bolotin@zedat.fu-berlin.de,Research Services,https://de.linkedin.com/school/freie-universitat-berlin/,,,,,,,,,,,
linkedin,Konstrukteur (all gender),ALTEN,"Frankfurt, Hesse, Germany",2026-09-28,https://www.linkedin.com/jobs/view/4465237157 , ,li-4465237157,fulltime,,,,,,False,associate,,,,Energy Technology,https://fr.linkedin.com/company/alten,,,,,,,,,,,
linkedin,(Senior) Product Designer - Systems & AI (m/w/d) - B2B SaaS | Berlin (hybrid),Packmatic,"Berlin, Germany",2026-09-28,https://www.linkedin.com/jobs/view/4472740894 , ,li-4472740894,fulltime,,,,,,False,not applicable,,,,Packaging & Containers,https://de.linkedin.com/company/packmatic,,,,,,,,,,,
linkedin,Masterarbeit (m/w/d) Automatisiertes Ladeverfahren für humanoide Roboter,Mesta Consulting,"Verden (Aller), Lower Saxony, Germany",2026-09-28,https://www.linkedin.com/jobs/view/4470892129 , ,li-4470892129,fulltime,,,,,,False,internship,,,lena.blazeczak@mesta-consulting.de,Robotics Engineering and Machinery Manufacturing,https://de.linkedin.com/company/mesta-consulting,,,,,,,,,,,
linkedin,Elektronikingenieur/in (m/w/d),Thorlabs,"Lübeck, Schleswig-Holstein, Germany",2026-09-28,https://www.linkedin.com/jobs/view/4472703375 , ,li-4472703375,fulltime,direct_data,yearly,65000.0,70000.0,EUR,False,associate,,,bewerbung@thorlabs.com,IT Services and IT Consulting,https://www.linkedin.com/company/thorlabs,,,,,,,,,,,
linkedin,Senior Hardware Engineer Display Systems | Component Owner (m/w/d),EDAG Group,"Stuttgart, Baden-Württemberg, Germany",2026-09-28,https://www.linkedin.com/jobs/view/4471381665 , ,li-4471381665,fulltime,,,,,,False,mid-senior level,,,,Engineering Services,https://de.linkedin.com/company/edaggroup,,,,,,,,,,,
linkedin,Senior Hardware Engineer Display Systems | Component Owner (m/w/d),EDAG Group,"Böblingen, Baden-Württemberg, Germany",2026-09-28,https://www.linkedin.com/jobs/view/4471376918 , ,li-4471376918,fulltime,,,,,,False,mid-senior level,,,,Engineering Services,https://de.linkedin.com/company/edaggroup,,,,,,,,,,,
linkedin,Senior Hardware Engineer Display Systems | Component Owner (m/w/d),EDAG Group,"Munich, Bavaria, Germany",2026-09-28,https://www.linkedin.com/jobs/view/4471392314 , ,li-4471392314,fulltime,,,,,,False,mid-senior level,,,,Engineering Services,https://de.linkedin.com/company/edaggroup,,,,,,,,,,,
linkedin,Lead Hardware Engineer Power Electronics,EDAG Group,"Dortmund, North Rhine-Westphalia, Germany",2026-09-28,https://www.linkedin.com/jobs/view/4471374948 , ,li-4471374948,fulltime,,,,,,False,mid-senior level,,,,Engineering Services,https://de.linkedin.com/company/edaggroup,,,,,,,,,,,
linkedin,Lead Hardware Engineer Power Electronics,EDAG Group,"Fulda, Hesse, Germany",2026-09-28,https://www.linkedin.com/jobs/view/4471377828 , ,li-4471377828,fulltime,,,,,,False,mid-senior level,,,,Engineering Services,https://de.linkedin.com/company/edaggroup,,,,,,,,,,,
linkedin,Lead Hardware Engineer Power Electronics,EDAG Group,"Berlin, Germany",2026-09-28,https://www.linkedin.com/jobs/view/4471395115 , ,li-4471395115,fulltime,,,,,,False,mid-senior level,,,,Engineering Services,https://de.linkedin.com/company/edaggroup,,,,,,,,,,,
linkedin,Senior Hardware Engineer Display Systems | Component Owner (m/w/d),EDAG Group,"Ulm, Baden-Württemberg, Germany",2026-09-28,https://www.linkedin.com/jobs/view/4471382630 , ,li-4471382630,fulltime,,,,,,False,mid-senior level,,,,Engineering Services,https://de.linkedin.com/company/edaggroup,,,,,,,,,,,
linkedin,Lead Hardware Engineer Power Electronics,EDAG Group,"Ingolstadt, Bavaria, Germany",2026-09-28,https://www.linkedin.com/jobs/view/4471376917 , ,li-4471376917,fulltime,,,,,,False,mid-senior level,,,,Engineering Services,https://de.linkedin.com/company/edaggroup,,,,,,,,,,,
linkedin,Entwicklungsingenieur Hardware Systems Engineering Steuergeräteentwicklung (m/w/d),EDAG Group,"Munich, Bavaria, Germany",2026-09-28,https://www.linkedin.com/jobs/view/4471374945 , ,li-4471374945,fulltime,,,,,,False,mid-senior level,,,,Engineering Services,https://de.linkedin.com/company/edaggroup,,,,,,,,,,,
linkedin,Scientist (m/f/d) | Quantum Sensors &amp; Qubit Technology,Max Planck Society,"Garching, Bavaria, Germany",2026-09-28,https://www.linkedin.com/jobs/view/4470889328 , ,li-4470889328,fulltime,,,,,,False,mid-senior level,,,,Civic and Social Organizations,https://de.linkedin.com/school/max-planck-society/,,,,,,,,,,,
linkedin,Senior Hardwareentwickler (m/w/d),Schotstek GmbH,"Mannheim, Baden-Württemberg, Germany",2026-09-28,https://www.linkedin.com/jobs/view/4470869358 , ,li-4470869358,fulltime,,,,,,False,associate,,,,"Automation Machinery Manufacturing, Motor Vehicle Manufacturing, and Medical Equipment Manufacturing",https://de.linkedin.com/company/schotstek-gmbh,,,,,,,,,,,
linkedin,Entwicklungsingenieur Leistungselektronik (all genders),VINCORION,"Wedel, Schleswig-Holstein, Germany",2026-09-28,https://www.linkedin.com/jobs/view/4473014294 , ,li-4473014294,fulltime,,,,,,False,mid-senior level,,,,Mechanical Or Industrial Engineering,https://de.linkedin.com/company/vincorion,,,,,,,,,,,
linkedin,Game Economy Designer (f/m/d),Kolibri Games,"Berlin, Germany",2026-09-28,https://www.linkedin.com/jobs/view/4470855137 , ,li-4470855137,fulltime,,,,,,False,mid-senior level,,,,Entertainment Providers,https://de.linkedin.com/company/kolibri-games,,,,,,,,,,,
linkedin,Entwicklungsingenieur (m/w/d) Mechatronik & Regelungstechnik,encontec GmbH,"Oberkochen, Baden-Württemberg, Germany",2026-09-28,https://www.linkedin.com/jobs/view/4471332761 , ,li-4471332761,fulltime,,,,,,False,not applicable,,,bastian.heidenfelder@encontec.de,Engineering Services,https://de.linkedin.com/company/encontec-gmbh,,,,,,,,,,,
linkedin,Senior Entwicklungsingenieur:in,ficonTEC,"Achim, Lower Saxony, Germany",2026-09-28,https://www.linkedin.com/jobs/view/4471340588 , ,li-4471340588,fulltime,,,,,,False,associate,,,,Automation Machinery Manufacturing and Machinery Manufacturing,https://de.linkedin.com/company/ficontec,,,,,,,,,,,
linkedin,Konstrukteur:in,Schotstek GmbH,"Reutlingen, Baden-Württemberg, Germany",2026-09-28,https://www.linkedin.com/jobs/view/4470859749 , ,li-4470859749,fulltime,,,,,,False,associate,,,,Measuring and Control Instrument Manufacturing,https://de.linkedin.com/company/schotstek-gmbh,,,,,,,,,,,
linkedin,European Patent Attorney (m/f/d) - Munich,Qualcomm,"Munich, Bavaria, Germany",2026-09-28,https://www.linkedin.com/jobs/view/4471391642 , ,li-4471391642,fulltime,,,,,,False,not applicable,,,disability-accomodations@qualcomm.com,Semiconductor Manufacturing,https://www.linkedin.com/company/qualcomm,,,,,,,,,,,
linkedin,Senior Platform & Hardware Applications Engineer (f/m/d),Black Semiconductor,"Aachen, North Rhine-Westphalia, Germany",2026-09-28,https://www.linkedin.com/jobs/view/4445900831 , ,li-4445900831,fulltime,,,,,,False,mid-senior level,,,,Semiconductor Manufacturing,https://de.linkedin.com/company/black-semiconductor,,,,,,,,,,,
linkedin,Development Engineer (m/f/x) in the Field of High-Frequency Technology,K-tronik GmbH,"Bonn, North Rhine-Westphalia, Germany",2026-09-28,https://www.linkedin.com/jobs/view/4470866502 , ,li-4470866502,fulltime,,,,,,False,associate,,,,IT Services and IT Consulting,https://de.linkedin.com/company/k-tronik-gmbh,,,,,,,,,,,
linkedin,Staff Product Designer,Superhuman,"Berlin, Berlin, Germany",2026-09-28,https://www.linkedin.com/jobs/view/4470875260 , ,li-4470875260,fulltime,direct_data,yearly,110000.0,160000.0,EUR,False,mid-senior level,,,,Software Development,https://www.linkedin.com/company/superhumanhq,,,,,,,,,,,
linkedin,"Emulation Engineer, Automotive Robotics",Tenstorrent,"Munich, Bavaria, Germany",2026-09-28,https://www.linkedin.com/jobs/view/4407906055 , ,li-4407906055,fulltime,,,,,,False,mid-senior level,,,,Computer Hardware Manufacturing,https://ca.linkedin.com/company/tenstorrent-inc.,,,,,,,,,,,
linkedin,FPGA Entwickler (m/w/x),Randstad Deutschland,"Freiburg, Baden-Württemberg, Germany",2026-09-28,https://www.linkedin.com/jobs/view/4472746168 , ,li-4472746168,fulltime,,,,,,False,entry level,,,,Human Resources Services,https://de.linkedin.com/company/randstad-deutschland,,,,,,,,,,,
linkedin,Senior Mechatronik Design Engineer – Halbleiter-Automatisierung (w/m/div.),Bosch,"Schweinfurt, Bavaria, Germany",2026-09-28,https://www.linkedin.com/jobs/view/4471352236 , ,li-4471352236,fulltime,,,,,,False,associate,,,,Industrial Automation,https://de.linkedin.com/company/bosch,,,,,,,,,,,
linkedin,Graphene Process Development & Innovation Engineer (f/m/d),Black Semiconductor,"Aachen, North Rhine-Westphalia, Germany",2026-09-28,https://www.linkedin.com/jobs/view/4473036162 , ,li-4473036162,fulltime,,,,,,False,mid-senior level,,,,Semiconductor Manufacturing,https://de.linkedin.com/company/black-semiconductor,,,,,,,,,,,
linkedin,(Mid-Senior) Product Designer,autarc (YC S24),"Berlin, Berlin, Germany",2026-09-28,https://www.linkedin.com/jobs/view/4470871204 , ,li-4470871204,fulltime,,,,,,False,associate,,,,Software Development,https://de.linkedin.com/company/autarc-energy,,,,,,,,,,,
linkedin,Senior Softwareentwickler Embedded Systems (m/w/d),Lorch Schweißtechnik GmbH,"Oberbrüden, Baden-Württemberg, Germany",2026-09-27,https://www.linkedin.com/jobs/view/4471076794 , ,li-4471076794,fulltime,,,,,,False,mid-senior level,,,,Industrial Machinery Manufacturing,https://de.linkedin.com/company/lorch-schwei%C3%9Ftechnik-gmbh,,,,,,,,,,,
linkedin,Senior Designer (all genders),schleich®,"Munich, Bavaria, Germany",2026-09-27,https://www.linkedin.com/jobs/view/4414014025 , ,li-4414014025,fulltime,,,,,,False,mid-senior level,,,feline.wilkens@schleich-s.com,Manufacturing,https://de.linkedin.com/company/schleich-global,,,,,,,,,,,
linkedin,Software Engineer - Autonomous Air System V&V,Helsing,"Munich, Bavaria, Germany",2026-09-27,https://www.linkedin.com/jobs/view/4350332894 , ,li-4350332894,fulltime,,,,,,False,mid-senior level,,,,Software Development,https://de.linkedin.com/company/helsing,,,,,,,,,,,
linkedin,Lead Machine Learning Engineer - Geometric Spatial AI (F/M/D),NavVis,"Munich, Bavaria, Germany",2026-09-27,https://www.linkedin.com/jobs/view/4444990451 , ,li-4444990451,fulltime,,,,,,False,mid-senior level,,,,"Technology, Information and Internet",https://de.linkedin.com/company/navvis,,,,,,,,,,,
linkedin,Senior GPU Networking Architect,NVIDIA,Germany,2026-09-27,https://www.linkedin.com/jobs/view/4395489205 , ,li-4395489205,fulltime,,,,,,False,mid-senior level,,,,Computer Hardware Manufacturing,https://www.linkedin.com/company/nvidia,,,,,,,,,,,
linkedin,Entwicklungsingenieur Elektronik (m/w/d) Regler,ProMinent Group,"Heidelberg, Baden-Württemberg, Germany",2026-09-27,https://www.linkedin.com/jobs/view/4435853385 , ,li-4435853385,fulltime,,,,,,False,mid-senior level,,,Bewerbungen@prominent.com,Industrial Machinery Manufacturing,https://de.linkedin.com/company/prominentgroup,,,,,,,,,,,
linkedin,Hardware / Software System Performance Expert,Synopsys Inc,"Munich, Bavaria, Germany",2026-09-27,https://www.linkedin.com/jobs/view/4472438358 , ,li-4472438358,fulltime,,,,,,False,mid-senior level,,,,"Semiconductor Manufacturing, Software Development, and Computer Hardware Manufacturing",https://www.linkedin.com/company/synopsys,,,,,,,,,,,
linkedin,Senior Analog Mixed-Signal IC Design Engineer,RequireTech Resources Ltd,"Dresden, Saxony, Germany",2026-09-27,https://www.linkedin.com/jobs/view/4470812251 , ,li-4470812251,fulltime,direct_data,yearly,60000.0,98000.0,EUR,False,mid-senior level,,,,Semiconductor Manufacturing,https://uk.linkedin.com/company/requiretech-resources-ltd,,,,,,,,,,,
linkedin,Multi-Sensor Navigation R&D Engineer,Trimble Inc.,"Munich, Bavaria, Germany",2026-09-27,https://www.linkedin.com/jobs/view/4436355919 , ,li-4436355919,fulltime,,,,,,False,mid-senior level,,,careers@trimble.com,Software Development,https://www.linkedin.com/company/trimble,,,,,,,,,,,
linkedin,(Senior) EPLAN Hardware Entwickler (m/w/d),EKU Power Drives,"Stuttgart, Baden-Württemberg, Germany",2026-09-26,https://www.linkedin.com/jobs/view/4466098810 , ,li-4466098810,fulltime,,,,,,False,not applicable,,,bewerbung@ekupd.com,Electric Power Generation,https://de.linkedin.com/company/eku-power-drives,,,,,,,,,,,
linkedin,DFT Design Engineer,TSMC,"Munich, Bavaria, Germany",2026-09-26,https://www.linkedin.com/jobs/view/4436170541 , ,li-4436170541,fulltime,,,,,,False,mid-senior level,,,,Semiconductor Manufacturing,https://tw.linkedin.com/company/tsmc,,,,,,,,,,,
linkedin,Lead Power Electronics Engineer (m/f/d),Clarios,"Hannover, Lower Saxony, Germany",2026-09-26,https://www.linkedin.com/jobs/view/4427053318 , ,li-4427053318,fulltime,,,,,,False,mid-senior level,,,Special.Accommodations@Clarios.com,Motor Vehicle Parts Manufacturing,https://www.linkedin.com/company/clarios,,,,,,,,,,,
linkedin,PLD Hardware / FPGA Entwickler im Bereich  Programmable Logic Device / Field (m/w/d),Liebherr Aerospace and Transportation,"Ulm, Baden-Württemberg, Germany",2026-09-26,https://www.linkedin.com/jobs/view/4444324724 , ,li-4444324724,fulltime,,,,,,False,mid-senior level,,,,Industrial Machinery Manufacturing,https://fr.linkedin.com/company/liebherr-aerospace-and-transportation,,,,,,,,,,,
linkedin,Quantum Error Correction Engineer,IQM Quantum Computers,"Munich, Bavaria, Germany",2026-09-26,https://www.linkedin.com/jobs/view/4386356572 , ,li-4386356572,fulltime,,,,,,False,mid-senior level,,,,Computer Hardware Manufacturing,https://fi.linkedin.com/company/iqm-quantum-computers,,,,,,,,,,,
linkedin,Principal Engineer-Analog Design RF,Microchip Technology Inc.,"Neu Ulm, Bavaria, Germany",2026-09-26,https://www.linkedin.com/jobs/view/4463394794 , ,li-4463394794,fulltime,,,,,,False,mid-senior level,,,,"Appliances, Electrical, and Electronics Manufacturing and Semiconductor Manufacturing",https://www.linkedin.com/company/microchip-technology,,,,,,,,,,,
linkedin,"Entwicklungsingenieur Elektrik/ Elektronik, all genders",SALT AND PEPPER Group,"Bremen, Bremen, Germany",2026-09-26,https://www.linkedin.com/jobs/view/3983796992 , ,li-3983796992,fulltime,,,,,,False,entry level,,,,Engineering Services,https://de.linkedin.com/company/salt-and-pepper,,,,,,,,,,,
linkedin,Entwicklungsingenieur Hardware (m/w/d),ANSMANN AG,"Assamstadt, Baden-Württemberg, Germany",2026-09-26,https://www.linkedin.com/jobs/view/4470568288 , ,li-4470568288,fulltime,,,,,,False,associate,,,,Manufacturing,https://de.linkedin.com/company/ansmann-ag,,,,,,,,,,,
linkedin,Senior Electrical Engineer,Axon,"Kassel, Hesse, Germany",2026-09-26,https://www.linkedin.com/jobs/view/4454524214 , ,li-4454524214,fulltime,,,,,,False,mid-senior level,,,"axongreenhousesupport@axon.com, recruitingops@axon.com, recruitingops@axon.com",Software Development,https://www.linkedin.com/company/axon-protect-life,,,,,,,,,,,
linkedin,Principle/Senior Engineer – MV Dc-DC Power Conversion | MRL Consulting,MRL Consulting Group | Global Niche Technology Recruitment,"Nuremberg, Bavaria, Germany",2026-09-26,https://www.linkedin.com/jobs/view/4472271248 , ,li-4472271248,fulltime,,,,,,False,mid-senior level,,,,Staffing and Recruiting,https://uk.linkedin.com/company/mrlcg,,,,,,,,,,,
linkedin,Senior Flight Control System Engineer,Maple Aviation,"Ottobrunn, Bavaria, Germany",2026-09-26,https://www.linkedin.com/jobs/view/4470564386 , ,li-4470564386,fulltime,,,,,,False,mid-senior level,,,,Manufacturing,https://de.linkedin.com/company/maple-aviation-gmbh,,,,,,,,,,,
linkedin,Senior Analog & Mixed-Signal Modelling Architect,Ciena,Hannover-Braunschweig-Göttingen-Wolfsburg Region,2026-09-26,https://www.linkedin.com/jobs/view/4418216358 , ,li-4418216358,fulltime,description,yearly,109000.0,174000.0,USD,False,mid-senior level,,,,Telecommunications,https://www.linkedin.com/company/ciena,,,,,,,,,,,
linkedin,Principal Engineer-Analog Design RF,Microchip Technology Inc.,Greater Heilbronn Region,2026-09-26,https://www.linkedin.com/jobs/view/4463605109 , ,li-4463605109,fulltime,,,,,,False,mid-senior level,,,,"Appliances, Electrical, and Electronics Manufacturing and Semiconductor Manufacturing",https://www.linkedin.com/company/microchip-technology,,,,,,,,,,,
linkedin,Flutter & Node.js Fullstack Engineer (f/m/d) - Fully Remote,memodio,Germany,2026-09-26,https://www.linkedin.com/jobs/view/4470569537 , ,li-4470569537,contract,direct_data,yearly,35000.0,55000.0,EUR,True,mid-senior level,,,,Government Administration,https://de.linkedin.com/company/memodio-app,,,,,,,,,,,
linkedin,"Research & Development Engineer, Light Technology (m/w/d)",Adam Hall Group,"Neu-Anspach, Hesse, Germany",2026-09-26,https://www.linkedin.com/jobs/view/4426065945 , ,li-4426065945,fulltime,,,,,,False,mid-senior level,,,,Electrical Equipment Manufacturing,https://de.linkedin.com/company/adam-hall-group,,,,,,,,,,,
linkedin,Technical Expert Onboard Connectivity (m/w/d),Flix,"Berlin, Germany",2026-09-26,https://www.linkedin.com/jobs/view/4463358648 , ,li-4463358648,fulltime,,,,,,False,mid-senior level,,,,Software Development,https://de.linkedin.com/company/flixbus-flixtrain,,,,,,,,,,,
linkedin,Senior DSP Engineer,Axon,"Kassel, Hesse, Germany",2026-09-26,https://www.linkedin.com/jobs/view/4454541830 , ,li-4454541830,fulltime,,,,,,False,mid-senior level,,,"axongreenhousesupport@axon.com, recruitingops@axon.com, recruitingops@axon.com",Software Development,https://www.linkedin.com/company/axon-protect-life,,,,,,,,,,,
linkedin,Staff GNC Engineer,Archer,"Munich, Bavaria, Germany",2026-09-26,https://www.linkedin.com/jobs/view/4435235694 , ,li-4435235694,fulltime,,,,,,False,mid-senior level,,,"people@archer.com, People@archer.com",Airlines and Aviation,https://www.linkedin.com/company/flyarcher,,,,,,,,,,,
linkedin,Senior Avionics System Engineer,The Exploration Company,"Munich, Bavaria, Germany",2026-09-26,https://www.linkedin.com/jobs/view/4462345025 , ,li-4462345025,fulltime,,,,,,False,mid-senior level,,,,Aviation and Aerospace Component Manufacturing,https://de.linkedin.com/company/exploration-company,,,,,,,,,,,
linkedin,Software Engineer - Autonomous Air Systems,Helsing,"Munich, Bavaria, Germany",2026-09-26,https://www.linkedin.com/jobs/view/4350334299 , ,li-4350334299,fulltime,,,,,,False,mid-senior level,,,,Software Development,https://de.linkedin.com/company/helsing,,,,,,,,,,,
linkedin,Avionics System Engineer,The Exploration Company,"Munich, Bavaria, Germany",2026-09-26,https://www.linkedin.com/jobs/view/4462330152 , ,li-4462330152,fulltime,,,,,,False,mid-senior level,,,,Aviation and Aerospace Component Manufacturing,https://de.linkedin.com/company/exploration-company,,,,,,,,,,,
linkedin,Spacecraft Electronics Engineer,Spire,"Munich, Bavaria, Germany",2026-09-26,https://www.linkedin.com/jobs/view/4444465116 , ,li-4444465116,fulltime,,,,,,False,mid-senior level,,,,Information Services,https://www.linkedin.com/company/spireglobal,,,,,,,,,,,
