site,title,company,location,date_posted,job_url,job_url_direct,id,job_type,salary_source,interval,min_amount,max_amount,currency,is_remote,job_level,job_function,listing_type,emails,company_industry,company_url,company_url_direct,company_addresses,company_num_employees,company_revenue,company_description,skills,experience_range,company_rating,company_reviews_count,vacancy_count,work_from_home_type
linkedin,CAD-Konstrukteur / Entwicklungsingenieur Automotive (all gender) 200,ALTEN,"Munich, Bavaria, Germany",2026-10-05,https://www.linkedin.com/jobs/view/4449576205 , ,li-4449576205,fulltime,,,,,,False,associate,,,,Machinery Manufacturing and Aviation and Aerospace Component Manufacturing,https://fr.linkedin.com/company/alten,,,,,,,,,,,
linkedin,Survivability Strategist - GM Defense (Global),General Motors,Germany,2026-10-05,https://www.linkedin.com/jobs/view/4430412856 , ,li-4430412856,fulltime,,,,,,False,not applicable,,,,"Motor Vehicle Manufacturing, Appliances, Electrical, and Electronics Manufacturing, and IT Services and IT Consulting",https://www.linkedin.com/company/general-motors,,,,,,,,,,,
linkedin,(Senior) Systemingenieur Avionik (m/w/d),IABG,"Ottobrunn, Bavaria, Germany",2026-10-05,https://www.linkedin.com/jobs/view/4419164010 , ,li-4419164010,fulltime,,,,,,False,mid-senior level,,,,"IT Services and IT Consulting, Defense and Space Manufacturing, and Motor Vehicle Manufacturing",https://de.linkedin.com/company/iabg,,,,,,,,,,,
linkedin,Senior Specialist Automated Intralogistics Systems Expert (m/f/d),HAVI,"Duisburg, North Rhine-Westphalia, Germany",2026-10-05,https://www.linkedin.com/jobs/view/4475827537 , ,li-4475827537,fulltime,,,,,,False,mid-senior level,,,,Holding Companies,https://www.linkedin.com/company/havigroup,,,,,,,,,,,
linkedin,Senior Testingenieur (m/w/d),KNDS Deutschland,"Kassel, Hesse, Germany",2026-10-05,https://www.linkedin.com/jobs/view/4461207288 , ,li-4461207288,fulltime,,,,,,False,mid-senior level,,,,Defense and Space Manufacturing,https://de.linkedin.com/company/knds-deutschland,,,,,,,,,,,
linkedin,Senior Electrical Engineer,Minerva Humanoids,"Munich, Bavaria, Germany",2026-10-05,https://www.linkedin.com/jobs/view/4475541421 , ,li-4475541421,fulltime,,,,,,False,mid-senior level,,,,Robotics Engineering,https://www.linkedin.com/company/minervahumanoids,,,,,,,,,,,
linkedin,Multimodal Sensing and Fusion Engineer,Helsing,"Berlin, Berlin, Germany",2026-10-05,https://www.linkedin.com/jobs/view/4445519730 , ,li-4445519730,fulltime,,,,,,False,mid-senior level,,,,Software Development,https://de.linkedin.com/company/helsing,,,,,,,,,,,
linkedin,System Architect-High Voltage Inverter,TST Group,"Nuremberg, Bavaria, Germany",2026-10-05,https://www.linkedin.com/jobs/view/4475802752 , ,li-4475802752,fulltime,,,,,,False,not applicable,,,,Information Services,https://pl.linkedin.com/company/tst-info,,,,,,,,,,,
linkedin,Systems Engineer - Physical Products,Helsing,"Munich, Bavaria, Germany",2026-10-05,https://www.linkedin.com/jobs/view/4403234663 , ,li-4403234663,fulltime,,,,,,False,mid-senior level,,,,Software Development,https://de.linkedin.com/company/helsing,,,,,,,,,,,
linkedin,Software Stability Expert (f/m/x),BMW Group,"Ulm, Baden-Württemberg, Germany",2026-10-05,https://www.linkedin.com/jobs/view/4473658552 , ,li-4473658552,fulltime,,,,,,False,mid-senior level,,,,Motor Vehicle Manufacturing,https://de.linkedin.com/company/bmw-group,,,,,,,,,,,
linkedin,Lead Systems Engineer - Active RF Sensing,Helsing,"Munich, Bavaria, Germany",2026-10-05,https://www.linkedin.com/jobs/view/4427381561 , ,li-4427381561,fulltime,,,,,,False,mid-senior level,,,,Software Development,https://de.linkedin.com/company/helsing,,,,,,,,,,,
linkedin,Senior Test Engineer Hochvolt-Batteriesysteme (all gender) – EOL/BOL Prüfstände & Automotive gl,ALTEN,"Regensburg, Bavaria, Germany",2026-10-05,https://www.linkedin.com/jobs/view/4449526955 , ,li-4449526955,fulltime,,,,,,False,associate,,,,Machinery Manufacturing and Aviation and Aerospace Component Manufacturing,https://fr.linkedin.com/company/alten,,,,,,,,,,,
linkedin,Senior Test Engineer Hochvolt-Batteriesysteme (all gender) – EOL/BOL Prüfstände & Automotive gl,ALTEN,"Munich, Bavaria, Germany",2026-10-05,https://www.linkedin.com/jobs/view/4449536467 , ,li-4449536467,fulltime,,,,,,False,associate,,,,Machinery Manufacturing and Aviation and Aerospace Component Manufacturing,https://fr.linkedin.com/company/alten,,,,,,,,,,,
linkedin,System Test Engineer (all gender) Automotive Electronics gg,ALTEN,"Stadt Landshut, Bavaria, Germany",2026-10-05,https://www.linkedin.com/jobs/view/4449531637 , ,li-4449531637,fulltime,,,,,,False,associate,,,,"Machinery Manufacturing, Aviation and Aerospace Component Manufacturing, and Motor Vehicle Manufacturing",https://fr.linkedin.com/company/alten,,,,,,,,,,,
linkedin,Systemingenieur:in,OSI Maritime Systems,"Kiel, Schleswig-Holstein, Germany",2026-10-05,https://www.linkedin.com/jobs/view/4463874214 , ,li-4463874214,fulltime,,,,,,False,associate,,,,Defense and Space Manufacturing and Maritime Transportation,https://ca.linkedin.com/company/osimaritime,,,,,,,,,,,
linkedin,HIL & OTA Test Engineer,E-Solutions,"Düsseldorf, North Rhine-Westphalia, Germany",2026-10-05,https://www.linkedin.com/jobs/view/4475547832 , ,li-4475547832,fulltime,,,,,,False,mid-senior level,,,,"Automation Machinery Manufacturing, Information Services, and Audio and Video Equipment Manufacturing",https://www.linkedin.com/company/e-solutions-global,,,,,,,,,,,
linkedin,Senior Specialist Automated Intralogistics Systems Expert (m/f/d),HAVI Belgium,"Duisburg, North Rhine-Westphalia, Germany",2026-10-05,https://www.linkedin.com/jobs/view/4474610089 , ,li-4474610089,fulltime,,,,,,False,mid-senior level,,,,"Transportation, Logistics, Supply Chain and Storage",https://be.linkedin.com/company/havi-logistics-belgium,,,,,,,,,,,
linkedin,Lead Systems Engineer - LO Emission Control & RF Interoperability,Helsing,"Munich, Bavaria, Germany",2026-10-05,https://www.linkedin.com/jobs/view/4364415379 , ,li-4364415379,fulltime,,,,,,False,mid-senior level,,,,Software Development,https://de.linkedin.com/company/helsing,,,,,,,,,,,
linkedin,"SDV Architekt Test & vECU (Cloud, KI, QS-Strategie) (all genders)",MHP – A Porsche Company,"Wolfsburg, Lower Saxony, Germany",2026-10-05,https://www.linkedin.com/jobs/view/4402986264 , ,li-4402986264,fulltime,,,,,,False,mid-senior level,,,,Business Consulting and Services,https://de.linkedin.com/company/mhp-a-porsche-company,,,,,,,,,,,
linkedin,"SDV Architekt Test & vECU (Cloud, KI, QS-Strategie) (all genders)",MHP – A Porsche Company,"Frankfurt am Main, Hesse, Germany",2026-10-05,https://www.linkedin.com/jobs/view/4402989203 , ,li-4402989203,fulltime,,,,,,False,mid-senior level,,,,Business Consulting and Services,https://de.linkedin.com/company/mhp-a-porsche-company,,,,,,,,,,,
linkedin,KFZ-Mechaniker/Mechatroniker (m/w/d) für Nutzfahrzeuge,Hans Geis GmbH & Co. KG Internationale Spedition,"Gering, Rhineland-Palatinate, Germany",2026-10-05,https://www.linkedin.com/jobs/view/4474252339 , ,li-4474252339,fulltime,,,,,,False,entry level,,,,Freight and Package Transportation,https://www.linkedin.com/company/hans-geis-gmbh-&-co.-kg-internationale-spedition,,,,,,,,,,,
linkedin,Senior Test Bench Engineer (m/f/d),HyImpulse,"Neuenstadt am Kocher, Baden-Württemberg, Germany",2026-10-05,https://www.linkedin.com/jobs/view/4473670448 , ,li-4473670448,fulltime,,,,,,False,mid-senior level,,,,Aviation & Aerospace,https://de.linkedin.com/company/hyimpulse,,,,,,,,,,,
linkedin,"Hardwareentwickler (m/w/d) Elektronik & Leistungselektronik | Energy, Railway & MedTech",agap2 Germany,"Bavaria, Germany",2026-10-05,https://www.linkedin.com/jobs/view/4474262416 , ,li-4474262416,fulltime,,,,,,False,associate,,,,Business Consulting and Services and Engineering Services,https://de.linkedin.com/company/agap2-germany,,,,,,,,,,,
linkedin,After sales engineer (m/f/d),Gotion Inc.,"Göttingen, Lower Saxony, Germany",2026-10-05,https://www.linkedin.com/jobs/view/4085410918 , ,li-4085410918,fulltime,,,,,,False,mid-senior level,,,,Manufacturing,https://www.linkedin.com/company/gotion-inc-,,,,,,,,,,,
linkedin,Praktikant (m/w/d) – Unterstützung im Labor,Hitachi Energy,"Karlstein am Main, Bavaria, Germany",2026-10-05,https://www.linkedin.com/jobs/view/4475563175 , ,li-4475563175,fulltime,,,,,,False,internship,,,,"Appliances, Electrical, and Electronics Manufacturing and IT Services and IT Consulting",https://ch.linkedin.com/company/hitachienergy,,,,,,,,,,,
linkedin,Inbetriebsetzer (m/w/d) für Batterietriebzüge (BEMU),CAF (Construcciones y Auxiliar de Ferrocarriles),"Gelsenkirchen, North Rhine-Westphalia, Germany",2026-10-05,https://www.linkedin.com/jobs/view/4401865801 , ,li-4401865801,fulltime,,,,,,False,entry level,,,,Transportation Equipment Manufacturing,https://es.linkedin.com/company/caf-mobility,,,,,,,,,,,
linkedin,Elektrotechniker (m/w/d) Fahrzeuginbetriebnahme,KNDS Deutschland,"Munich, Bavaria, Germany",2026-10-05,https://www.linkedin.com/jobs/view/4467715047 , ,li-4467715047,fulltime,,,,,,False,mid-senior level,,,,Defense and Space Manufacturing,https://de.linkedin.com/company/knds-deutschland,,,,,,,,,,,
linkedin,"Kfz-Mechatroniker / Kraftfahrzeugtechniker (m/w/d)  | LKW, Transporter, Busse",HRM CONSULTING GmbH,Hannover-Braunschweig-Göttingen-Wolfsburg Region,2026-10-05,https://www.linkedin.com/jobs/view/4475592928 , ,li-4475592928,fulltime,,,,,,False,associate,,,,Repair and Maintenance and Motor Vehicle Manufacturing,https://de.linkedin.com/company/hrm-consulting-gmbh,,,,,,,,,,,
linkedin,Senior Account Executive (Germany),Tempo Innovations,"Munich, Bavaria, Germany",2026-10-05,https://www.linkedin.com/jobs/view/4475874194 , ,li-4475874194,fulltime,,,,,,False,mid-senior level,,,,Renewable Energy Equipment Manufacturing,https://www.linkedin.com/company/tempoinnovations,,,,,,,,,,,
linkedin,Senior Account Executive (Germany),Tempo Innovations,"Berlin, Berlin, Germany",2026-10-05,https://www.linkedin.com/jobs/view/4475857866 , ,li-4475857866,fulltime,,,,,,False,mid-senior level,,,,Renewable Energy Equipment Manufacturing,https://www.linkedin.com/company/tempoinnovations,,,,,,,,,,,
linkedin,"System Engineer für Entwicklungsprojekte, all genders",SALT AND PEPPER Group,"Augsburg, Bavaria, Germany",2026-10-05,https://www.linkedin.com/jobs/view/4418808425 , ,li-4418808425,fulltime,,,,,,False,entry level,,,,Engineering Services,https://de.linkedin.com/company/salt-and-pepper,,,,,,,,,,,
linkedin,Field Service / Commissioning Engineer - Ship Electrification Solutions (m/w/d),Wärtsilä,"Hamburg, Hamburg, Germany",2026-10-05,https://www.linkedin.com/jobs/view/4467046047 , ,li-4467046047,fulltime,,,,,,False,not applicable,,,fabian.bartels@wartsila.com,Industrial Machinery Manufacturing,https://fi.linkedin.com/company/wartsila,,,,,,,,,,,
linkedin,Senior Account Executive (Germany),Tempo Innovations,"Frankfurt, Hesse, Germany",2026-10-05,https://www.linkedin.com/jobs/view/4475855880 , ,li-4475855880,fulltime,,,,,,False,mid-senior level,,,,Renewable Energy Equipment Manufacturing,https://www.linkedin.com/company/tempoinnovations,,,,,,,,,,,
linkedin,Prüfstandstechniker Großmotoren (m/w/d),Bertrandt Group,"Augsburg, Bavaria, Germany",2026-10-05,https://www.linkedin.com/jobs/view/4474270989 , ,li-4474270989,fulltime,,,,,,False,entry level,,,,Engineering Services,https://de.linkedin.com/company/bertrandt-ag,,,,,,,,,,,
linkedin,Technische Leitung,ScanDiesel GmbH,"Bremen, Germany",2026-10-05,https://www.linkedin.com/jobs/view/4475552517 , ,li-4475552517,fulltime,,,,,,False,associate,,,,Shipbuilding,https://de.linkedin.com/company/scandiesel,,,,,,,,,,,
linkedin,Software Engineer - Autonomous Air Systems,Helsing,"Berlin, Berlin, Germany",2026-10-05,https://www.linkedin.com/jobs/view/4350287405 , ,li-4350287405,fulltime,,,,,,False,mid-senior level,,,,Software Development,https://de.linkedin.com/company/helsing,,,,,,,,,,,
linkedin,Lead Systems Engineer - EO/IR Sensing,Helsing,"Munich, Bavaria, Germany",2026-10-05,https://www.linkedin.com/jobs/view/4364501082 , ,li-4364501082,fulltime,,,,,,False,mid-senior level,,,,Software Development,https://de.linkedin.com/company/helsing,,,,,,,,,,,
linkedin,Multimodal Sensing and Fusion Engineer,Helsing,"Munich, Bavaria, Germany",2026-10-05,https://www.linkedin.com/jobs/view/4445539474 , ,li-4445539474,fulltime,,,,,,False,mid-senior level,,,,Software Development,https://de.linkedin.com/company/helsing,,,,,,,,,,,
linkedin,Automotive Flash & Integration Engineer / Flamingo Script Specialist (m/w/d),jSERVICE GmbH,"Wolfsburg, Lower Saxony, Germany",2026-10-05,https://www.linkedin.com/jobs/view/4473620785 , ,li-4473620785,fulltime,,,,,,False,entry level,,,,IT Services and IT Consulting,https://de.linkedin.com/company/jservice,,,,,,,,,,,
linkedin,Lead Systems Engineer - Maritime,Helsing,"Munich, Bavaria, Germany",2026-10-05,https://www.linkedin.com/jobs/view/4431098529 , ,li-4431098529,fulltime,,,,,,False,mid-senior level,,,,Software Development,https://de.linkedin.com/company/helsing,,,,,,,,,,,
linkedin,Manager Hardware Engineering (m/f/d),HARMAN International,"Ulm, Baden-Württemberg, Germany",2026-10-05,https://www.linkedin.com/jobs/view/4412135671 , ,li-4412135671,fulltime,,,,,,False,mid-senior level,,,harmancareers@harman.com,Computers and Electronics Manufacturing,https://www.linkedin.com/company/harman-international,,,,,,,,,,,
linkedin,Principal Robotics Engineer - Autonomy & Behavior,Twentyfour Industries,"Munich, Bavaria, Germany",2026-10-05,https://www.linkedin.com/jobs/view/4473624050 , ,li-4473624050,fulltime,,,,,,False,associate,,,,Software Development,https://www.linkedin.com/company/24industries,,,,,,,,,,,
linkedin,Senior Robotics Research Engineer - Foundation Models & Agentic Systems (m/w/d),BWI GmbH,"Ulm, Baden-Württemberg, Germany",2026-10-05,https://www.linkedin.com/jobs/view/4467068110 , ,li-4467068110,fulltime,,,,,,False,mid-senior level,,,,IT Services and IT Consulting,https://de.linkedin.com/company/bwi-gmbh,,,,,,,,,,,
linkedin,Senior Robotics Research Engineer - Foundation Models & Agentic Systems (m/w/d),BWI GmbH,"Bonn, North Rhine-Westphalia, Germany",2026-10-05,https://www.linkedin.com/jobs/view/4467057127 , ,li-4467057127,fulltime,,,,,,False,mid-senior level,,,,IT Services and IT Consulting,https://de.linkedin.com/company/bwi-gmbh,,,,,,,,,,,
linkedin,Senior Robotics Research Engineer - Foundation Models & Agentic Systems (m/w/d),BWI GmbH,"Nuremberg, Bavaria, Germany",2026-10-05,https://www.linkedin.com/jobs/view/4467069084 , ,li-4467069084,fulltime,,,,,,False,mid-senior level,,,,IT Services and IT Consulting,https://de.linkedin.com/company/bwi-gmbh,,,,,,,,,,,
linkedin,Senior Robotics Research Engineer - Foundation Models & Agentic Systems (m/w/d),BWI GmbH,"Frankfurt am Main, Hesse, Germany",2026-10-05,https://www.linkedin.com/jobs/view/4467059123 , ,li-4467059123,fulltime,,,,,,False,mid-senior level,,,,IT Services and IT Consulting,https://de.linkedin.com/company/bwi-gmbh,,,,,,,,,,,
linkedin,Senior Robotics Research Engineer - Foundation Models & Agentic Systems (m/w/d),BWI GmbH,"Munich, Bavaria, Germany",2026-10-05,https://www.linkedin.com/jobs/view/4467054163 , ,li-4467054163,fulltime,,,,,,False,mid-senior level,,,,IT Services and IT Consulting,https://de.linkedin.com/company/bwi-gmbh,,,,,,,,,,,
linkedin,Senior Robotics Research Engineer - Foundation Models & Agentic Systems (m/w/d),BWI GmbH,"Leipzig, Saxony, Germany",2026-10-05,https://www.linkedin.com/jobs/view/4467058137 , ,li-4467058137,fulltime,,,,,,False,mid-senior level,,,,IT Services and IT Consulting,https://de.linkedin.com/company/bwi-gmbh,,,,,,,,,,,
linkedin,Entwicklungsingenieur (m/w/d),Randstad Deutschland,"Kassel, Hesse, Germany",2026-10-05,https://www.linkedin.com/jobs/view/4474289154 , ,li-4474289154,fulltime,,,,,,False,entry level,,,,Human Resources Services,https://de.linkedin.com/company/randstad-deutschland,,,,,,,,,,,
linkedin,Versuchsingenieur Steuerungstechnik - Drehleiter und Löschfahrzeuge (m/w/d),Magirus GmbH,"Ulm, Baden-Württemberg, Germany",2026-10-05,https://www.linkedin.com/jobs/view/4471409937 , ,li-4471409937,fulltime,,,,,,False,mid-senior level,,,,Fire Protection,https://de.linkedin.com/company/magirus-gmbh,,,,,,,,,,,
linkedin,System Engineer Leistungselektronik (m/w/d) Standort Schongau,STAR Specialists,"Bavaria, Germany",2026-10-05,https://www.linkedin.com/jobs/view/4472589025 , ,li-4472589025,fulltime,,,,,,False,entry level,,,,"Engineering Services, Construction, and Renewable Energy Power Generation",https://nl.linkedin.com/company/starspecialists,,,,,,,,,,,
linkedin,Digital Twin / Robotics Simulation Engineer (m/f/d),AI Futures,"Munich, Bavaria, Germany",2026-10-05,https://www.linkedin.com/jobs/view/4473668822 , ,li-4473668822,fulltime,,,,,,False,mid-senior level,,,,"Robotics Engineering, Software Development, and Artificial Intelligence",https://uk.linkedin.com/company/aifuturesgroup,,,,,,,,,,,
linkedin,Doktorandenstelle: Automatisierung in der Traktormechatronik,Technische Universität München (Technical University of Munich),"Munich, Bavaria, Germany",2026-10-05,https://www.linkedin.com/jobs/view/4474225628 , ,li-4474225628,fulltime,,,,,,False,internship,,,"amx@wzw.tum.de, amx@wzw.tum.de",Higher Education,https://de.linkedin.com/school/c446-deccan-m.ed-college-gulbarga/,,,,,,,,,,,
linkedin,Technical Lead Robotics,THRYVE,"Munich, Bavaria, Germany",2026-10-05,https://www.linkedin.com/jobs/view/4475535820 , ,li-4475535820,fulltime,,,,,,False,mid-senior level,,,,Robotics Engineering,https://de.linkedin.com/company/thryvetalent,,,,,,,,,,,
linkedin,Senior Robotics Research Engineer - Foundation Models & Agentic Systems (m/w/d),BWI GmbH,"Berlin, Berlin, Germany",2026-10-05,https://www.linkedin.com/jobs/view/4467066102 , ,li-4467066102,fulltime,,,,,,False,mid-senior level,,,,IT Services and IT Consulting,https://de.linkedin.com/company/bwi-gmbh,,,,,,,,,,,
linkedin,"Autonomous Driving Technical Lead (w/m/d) - with experience in autonomous driving L4, C++, Python, AI implementation - IMMEDIATE JOINERS",Luxoft Germany,Germany,2026-10-05,https://www.linkedin.com/jobs/view/4475589549 , ,li-4475589549,fulltime,,,,,,False,mid-senior level,,,,IT Services and IT Consulting,https://de.linkedin.com/company/luxoft-germany,,,,,,,,,,,
linkedin,Senior Robotics Research Engineer - Foundation Models & Agentic Systems (m/w/d),BWI GmbH,"Hamburg, Hamburg, Germany",2026-10-05,https://www.linkedin.com/jobs/view/4467050306 , ,li-4467050306,fulltime,,,,,,False,mid-senior level,,,,IT Services and IT Consulting,https://de.linkedin.com/company/bwi-gmbh,,,,,,,,,,,
linkedin,Ingenieur (m/w/d) Test & Inbetriebnahme - Schienenfahrzeuge,CAF (Construcciones y Auxiliar de Ferrocarriles),"Gelsenkirchen, North Rhine-Westphalia, Germany",2026-10-05,https://www.linkedin.com/jobs/view/4401884365 , ,li-4401884365,fulltime,,,,,,False,entry level,,,,Transportation Equipment Manufacturing,https://es.linkedin.com/company/caf-mobility,,,,,,,,,,,
linkedin,Fahrzeugprüfmeister (m/w/d),KNDS Deutschland,"Munich, Bavaria, Germany",2026-10-05,https://www.linkedin.com/jobs/view/4470428754 , ,li-4470428754,fulltime,,,,,,False,mid-senior level,,,,Defense and Space Manufacturing,https://de.linkedin.com/company/knds-deutschland,,,,,,,,,,,
linkedin,Versuchsingenieur (m/w/d),KNDS Deutschland,"Kassel, Hesse, Germany",2026-10-05,https://www.linkedin.com/jobs/view/4475591249 , ,li-4475591249,fulltime,,,,,,False,entry level,,,,Defense and Space Manufacturing,https://de.linkedin.com/company/knds-deutschland,,,,,,,,,,,
linkedin,Bachelorarbeit (w/m/d): Batteriedegradation in Elektrofahrzeugen-datenbasierte Analyse&Modellierung,German Aerospace Center (DLR),"Berlin, Germany",2026-10-05,https://www.linkedin.com/jobs/view/4475590514 , ,li-4475590514,fulltime,,,,,,False,internship,,,,Research Services,https://de.linkedin.com/company/dlr,,,,,,,,,,,
linkedin,Staff Robotics Engineer,THRYVE,"Munich, Bavaria, Germany",2026-10-05,https://www.linkedin.com/jobs/view/4475539518 , ,li-4475539518,fulltime,,,,,,False,mid-senior level,,,,"Technology, Information and Media",https://de.linkedin.com/company/thryvetalent,,,,,,,,,,,
linkedin,E/E SW- und HW-Architekt im Bereich AV-Stack Entwicklung (w/m/d),MAN Truck & Bus SE,"Munich, Bavaria, Germany",2026-10-05,https://www.linkedin.com/jobs/view/4465083506 , ,li-4465083506,fulltime,,,,,,False,mid-senior level,,,,Motor Vehicle Manufacturing,https://de.linkedin.com/company/man-commercial-vehicles,,,,,,,,,,,
linkedin,Entwicklungsingenieur Automotive Interior (all gender) – Bauteilverantwortung & Serienentwicklung gg,ALTEN,"Stadt Landshut, Bavaria, Germany",2026-10-05,https://www.linkedin.com/jobs/view/4449538497 , ,li-4449538497,fulltime,,,,,,False,associate,,,,"Machinery Manufacturing, Aviation and Aerospace Component Manufacturing, and Motor Vehicle Manufacturing",https://fr.linkedin.com/company/alten,,,,,,,,,,,
linkedin,Systemtechniker (m/w/d) Fahrzeuginbetriebnahme,KNDS Deutschland,"Munich, Bavaria, Germany",2026-10-05,https://www.linkedin.com/jobs/view/4475596045 , ,li-4475596045,fulltime,,,,,,False,mid-senior level,,,,Defense and Space Manufacturing,https://de.linkedin.com/company/knds-deutschland,,,,,,,,,,,
linkedin,Praktikant/in oder Masterand/in (w/m/d) Multipfad-Transportprotokolle,German Aerospace Center (DLR),"Oberpfaffenhofen, Bavaria, Germany",2026-10-05,https://www.linkedin.com/jobs/view/4474139102 , ,li-4474139102,fulltime,,,,,,False,internship,,,,Research Services,https://de.linkedin.com/company/dlr,,,,,,,,,,,
linkedin,Praktikant*in Entwicklung von Soundfunktionen /-Komponenten / -Systemen,Mercedes-Benz AG,"Sindelfingen, Baden-Württemberg, Germany",2026-10-05,https://www.linkedin.com/jobs/view/4473616726 , ,li-4473616726,fulltime,,,,,,False,internship,,,"sbv-sindelfingen@mercedes-benz.com, myhrservice@mercedes-benz.com",Motor Vehicle Manufacturing,https://de.linkedin.com/company/mercedes-benz_ag,,,,,,,,,,,
linkedin,"Duales Studium Mechatronik/Elektromobilität und Fahrzeugsystemtechnik (B.Eng.) Campusmodell Düsseldorf/Sindelfingen, 01.10.2027 (m/w/d)",Mercedes-Benz AG,"Düsseldorf, North Rhine-Westphalia, Germany",2026-10-05,https://www.linkedin.com/jobs/view/4473678760 , ,li-4473678760,fulltime,,,,,,False,internship,,,sbv-duesseldorf@mercedes-benz.com,Motor Vehicle Manufacturing,https://de.linkedin.com/company/mercedes-benz_ag,,,,,,,,,,,
linkedin,"Duales Studium Mechatronik/Elektromobilität und Fahrzeugsystemtechnik (B.Eng.) Campusmodell Bremen/Sindelfingen, 01.10.2027 (m/w/d)",Mercedes-Benz AG,"Bremen, Bremen, Germany",2026-10-05,https://www.linkedin.com/jobs/view/4473674950 , ,li-4473674950,fulltime,,,,,,False,internship,,,sbv-bremen@mercedes-benz.com,Motor Vehicle Manufacturing,https://de.linkedin.com/company/mercedes-benz_ag,,,,,,,,,,,
linkedin,Field Deployment & Flight Test Engineer – Unmanned Systems (m/w/d),Neoterra Talent,"Munich, Bavaria, Germany",2026-10-05,https://www.linkedin.com/jobs/view/4473655518 , ,li-4473655518,fulltime,,,,,,False,mid-senior level,,,,Defense and Space Manufacturing,https://de.linkedin.com/company/neoterra-talent,,,,,,,,,,,
linkedin,Flottenmanager (m/w/d) für Schienengüterverkehr,BLG LOGISTICS GROUP AG & Co. KG,"Wiesbaden, Hesse, Germany",2026-10-05,https://www.linkedin.com/jobs/view/4473695104 , ,li-4473695104,fulltime,,,,,,False,mid-senior level,,,,"Transportation, Logistics, Supply Chain and Storage",https://de.linkedin.com/company/blg-logistics-group,,,,,,,,,,,
linkedin,Entwicklungsingenieur (m/w/d) Hochdruck- und Kühlsysteme,Diehl Defence,"Überlingen, Baden-Württemberg, Germany",2026-10-05,https://www.linkedin.com/jobs/view/4474273870 , ,li-4474273870,fulltime,,,,,,False,entry level,,,,Defense and Space Manufacturing,https://de.linkedin.com/company/diehl-defence,,,,,,,,,,,
linkedin,Drone Field Engineer,Helsing,"Munich, Bavaria, Germany",2026-10-05,https://www.linkedin.com/jobs/view/4421155886 , ,li-4421155886,fulltime,,,,,,False,mid-senior level,,,,Software Development,https://de.linkedin.com/company/helsing,,,,,,,,,,,
linkedin,Senior Autonomy and Navigation Engineer,NeuralAgent,"Gauting, Bavaria, Germany",2026-10-05,https://www.linkedin.com/jobs/view/4474143438 , ,li-4474143438,fulltime,,,,,,False,mid-senior level,,,,IT Services and IT Consulting,https://de.linkedin.com/company/neuralagent,,,,,,,,,,,
linkedin,Studentische Hilfskraft Software Entwicklung für autonome unbemannte Wasserfahrzeuge (m/w/d),Fraunhofer CML,"Hamburg, Hamburg, Germany",2026-10-05,https://www.linkedin.com/jobs/view/4474284071 , ,li-4474284071,fulltime,,,,,,False,internship,,,Cosmin.Delea@cml.fraunhofer.de,Research Services,https://de.linkedin.com/company/fraunhofer-cml,,,,,,,,,,,
linkedin,Studium mit vertiefter Praxis Robotics (m/w/d) am Standort Würzburg 2027,Bilfinger Region DACH,"Würzburg, Bavaria, Germany",2026-10-05,https://www.linkedin.com/jobs/view/4473621525 , ,li-4473621525,fulltime,,,,,,False,internship,,,"markus.haas@bilfinger.com, markus.haas@bilfinger.com",Industrial Machinery Manufacturing,https://de.linkedin.com/company/bilfinger-region-dach,,,,,,,,,,,
linkedin,Structural Analysis Engineer (w/f/d),Rocket Factory Augsburg - RFA,"Augsburg, Bavaria, Germany",2026-10-05,https://www.linkedin.com/jobs/view/4474292166 , ,li-4474292166,fulltime,,,,,,False,mid-senior level,,,,Aviation and Aerospace Component Manufacturing,https://de.linkedin.com/company/rfa-space,,,,,,,,,,,
linkedin,KFZ-Mechatroniker Motorenbau (m/w/d) - Jobbird.com,Jobster,"Affalterbach, Baden-Württemberg, Germany",2026-10-05,https://www.linkedin.com/jobs/view/4474654000 , ,li-4474654000,fulltime,,,,,,False,entry level,,,stuttgart.arbeit@dekra.com,Software Development,https://nl.linkedin.com/company/jobster-com,,,,,,,,,,,
linkedin,Race Room Performance Leader (m/f/d),TOYOTA RACING,"Cologne, North Rhine-Westphalia, Germany",2026-10-05,https://www.linkedin.com/jobs/view/4475565242 , ,li-4475565242,fulltime,,,,,,False,mid-senior level,,,,Motor Vehicle Manufacturing,https://de.linkedin.com/company/toyota-racing,,,,,,,,,,,
linkedin,Leiter (m/w/d) Technische Entwicklung,MAISEL CONSULTING GmbH & Co. KG,"North Rhine-Westphalia, Germany",2026-10-05,https://www.linkedin.com/jobs/view/4475542728 , ,li-4475542728,fulltime,,,,,,False,mid-senior level,,,,Fabricated Metal Products,https://de.linkedin.com/company/maisel-consulting-gmbh-co-kg,,,,,,,,,,,
linkedin,Senior Manufacturing Engineer (all gender) – Anlagenplanung & Industrialisierung Automotive gg,ALTEN,"Stadt Landshut, Bavaria, Germany",2026-10-05,https://www.linkedin.com/jobs/view/4449536455 , ,li-4449536455,fulltime,,,,,,False,associate,,,,"Machinery Manufacturing, Aviation and Aerospace Component Manufacturing, and Motor Vehicle Manufacturing",https://fr.linkedin.com/company/alten,,,,,,,,,,,
linkedin,Produktentwickler (m/w/d),Schunk Group,"Krofdorf-Gleiberg, Hesse, Germany",2026-10-05,https://www.linkedin.com/jobs/view/4471739820 , ,li-4471739820,fulltime,,,,,,False,mid-senior level,,,,"Appliances, Electrical, and Electronics Manufacturing and Manufacturing",https://de.linkedin.com/company/schunk-group,,,,,,,,,,,
linkedin,Konstrukteur (m/w/d) Baugruppen,mamgo | Talente 🔗 Jobs,"Munich, Bavaria, Germany",2026-10-05,https://www.linkedin.com/jobs/view/4475570064 , ,li-4475570064,fulltime,,,,,,False,entry level,,,,"Technology, Information and Internet",https://de.linkedin.com/company/mamgo-io,,,,,,,,,,,
linkedin,"Duales Studium Maschinenbau/Fahrzeug-System-Engineering (B.Eng.), Campusmodell Sindelfingen/Stuttgart, 01.10.2027 (w/m/d)",Mercedes-Benz AG,"Sindelfingen, Baden-Württemberg, Germany",2026-10-05,https://www.linkedin.com/jobs/view/4473674982 , ,li-4473674982,fulltime,,,,,,False,internship,,,sbv-sindelfingen@mercedes-benz.com,Motor Vehicle Manufacturing,https://de.linkedin.com/company/mercedes-benz_ag,,,,,,,,,,,
linkedin,Teamleiter Konstruktion & Produktentwicklung (m/w/d),PERFORATOR GmbH,"Walkenried, Lower Saxony, Germany",2026-10-05,https://www.linkedin.com/jobs/view/4475525632 , ,li-4475525632,fulltime,,,,,,False,mid-senior level,,,,"Mining, Oil and Gas, and Industrial Machinery Manufacturing",https://de.linkedin.com/company/perforator-gmbh,,,,,,,,,,,
linkedin,Senior Manufacturing Engineer (all gender) – Produktionslinien & Industrialisierung Automotive gg,ALTEN,"Stadt Landshut, Bavaria, Germany",2026-10-05,https://www.linkedin.com/jobs/view/4449529791 , ,li-4449529791,fulltime,,,,,,False,associate,,,,"Machinery Manufacturing, Aviation and Aerospace Component Manufacturing, and Motor Vehicle Manufacturing",https://fr.linkedin.com/company/alten,,,,,,,,,,,
linkedin,Ausbildung Technischer Produktdesigner (m/w/d),invenio,"Cham, Bavaria, Germany",2026-10-05,https://www.linkedin.com/jobs/view/4475545490 , ,li-4475545490,fulltime,,,,,,False,internship,,,,Engineering Services,https://de.linkedin.com/company/invenio-ag,,,,,,,,,,,
linkedin,"Sr Gear Engineer, Amazon Robotics",Amazon,"Munich, Bavaria, Germany",2026-10-05,https://www.linkedin.com/jobs/view/4475842313 , ,li-4475842313,fulltime,,,,,,False,mid-senior level,,,,Software Development,https://www.linkedin.com/company/amazon,,,,,,,,,,,
linkedin,Bachelor / Master / Techniker im Bereich Konstruktion/ Entwicklung/ Sondermaschinenbau ( m/w),Kronospan,"Losheim am See, Saarland, Germany",2026-10-05,https://www.linkedin.com/jobs/view/4289941763 , ,li-4289941763,fulltime,,,,,,False,entry level,,,,Paper and Forest Product Manufacturing,https://li.linkedin.com/company/kronospan,,,,,,,,,,,
linkedin,Systemingenieur (m/w/d),KNDS Deutschland,"Munich, Bavaria, Germany",2026-10-05,https://www.linkedin.com/jobs/view/4475575919 , ,li-4475575919,fulltime,,,,,,False,mid-senior level,,,,Defense and Space Manufacturing,https://de.linkedin.com/company/knds-deutschland,,,,,,,,,,,
linkedin,Leiter Konstruktion (w/m/d) in der Automatisierung,Camillo Consult,Greater Erfurt Area,2026-10-05,https://www.linkedin.com/jobs/view/4474226992 , ,li-4474226992,fulltime,,,,,,False,associate,,,bewerbung@camillo-consult.de,"Automation Machinery Manufacturing, Robotics Engineering, and Robot Manufacturing",https://de.linkedin.com/company/camillo-consult-gmbh,,,,,,,,,,,
linkedin,Senior Schweißingenieur / Welding Process Engineer (all gender) – Lasertechnik & Automotive gl,ALTEN,"Munich, Bavaria, Germany",2026-10-05,https://www.linkedin.com/jobs/view/4449540440 , ,li-4449540440,fulltime,,,,,,False,associate,,,,Machinery Manufacturing and Aviation and Aerospace Component Manufacturing,https://fr.linkedin.com/company/alten,,,,,,,,,,,
linkedin,Hardwareentwickler Analog-/Digitaltechnik (all gender) 200,ALTEN,"Kronach, Bavaria, Germany",2026-10-05,https://www.linkedin.com/jobs/view/4464974922 , ,li-4464974922,fulltime,,,,,,False,associate,,,,Machinery Manufacturing and Aviation and Aerospace Component Manufacturing,https://fr.linkedin.com/company/alten,,,,,,,,,,,
linkedin,Konstrukteur (m/w/d),TKMS,"Kiel, Schleswig-Holstein, Germany",2026-10-05,https://www.linkedin.com/jobs/view/4473687306 , ,li-4473687306,fulltime,,,,,,False,mid-senior level,,,,Utilities,https://de.linkedin.com/company/tkms,,,,,,,,,,,
linkedin,Senior Mechanical Engineer,Minerva Humanoids,"Munich, Bavaria, Germany",2026-10-05,https://www.linkedin.com/jobs/view/4475539595 , ,li-4475539595,fulltime,,,,,,False,mid-senior level,,,,Robotics Engineering,https://www.linkedin.com/company/minervahumanoids,,,,,,,,,,,
linkedin,Konstrukteur Systemintegration (m/w/d) Stromerzeugungsaggregate,Rolls-Royce Power Systems,"Augsburg, Bavaria, Germany",2026-10-05,https://www.linkedin.com/jobs/view/4475843295 , ,li-4475843295,fulltime,,,,,,False,entry level,,,careers@ps.rolls-royce.com,Machinery Manufacturing,https://de.linkedin.com/company/rolls-royce-power-systems,,,,,,,,,,,
linkedin,Konstrukteur Systemintegration (m/w/d) Stromerzeugungsaggregate,Rolls-Royce,"Augsburg, Bavaria, Germany",2026-10-05,https://www.linkedin.com/jobs/view/4474285646 , ,li-4474285646,fulltime,,,,,,False,mid-senior level,,,careers@ps.rolls-royce.com,Industrial Machinery Manufacturing,https://uk.linkedin.com/company/rolls-royce,,,,,,,,,,,
linkedin,Maschinenbauingenieur:in,Tintschl Unternehmensgruppe,Greater Munich Metropolitan Area,2026-10-05,https://www.linkedin.com/jobs/view/4475541902 , ,li-4475541902,contract,direct_data,yearly,70000.0,75000.0,EUR,False,associate,,,,Staffing and Recruiting and Computers and Electronics Manufacturing,https://de.linkedin.com/company/tintschlunternehmensgruppe,,,,,,,,,,,
linkedin,Projekt- / Entwicklungsingenieur (m/w/d),Boll & Kirch Filterbau GmbH / BOLLFILTER,"Kerpen, North Rhine-Westphalia, Germany",2026-10-05,https://www.linkedin.com/jobs/view/4466059115 , ,li-4466059115,fulltime,,,,,,False,mid-senior level,,,,Machinery Manufacturing,https://de.linkedin.com/company/boll-kirch-filterbau-gmbh,,,,,,,,,,,
linkedin,Entwicklungsingenieur (m/w/d) Schutz,KNDS Deutschland,"Kassel, Hesse, Germany",2026-10-05,https://www.linkedin.com/jobs/view/4475503183 , ,li-4475503183,fulltime,,,,,,False,mid-senior level,,,,Defense and Space Manufacturing,https://de.linkedin.com/company/knds-deutschland,,,,,,,,,,,
linkedin,"Senior Mechanism Engineer, LV Structures",Isar Aerospace,"Parsdorf, Bavaria, Germany",2026-10-05,https://www.linkedin.com/jobs/view/4475592500 , ,li-4475592500,fulltime,,,,,,False,mid-senior level,,,,Aviation and Aerospace Component Manufacturing,https://de.linkedin.com/company/isaraerospace,,,,,,,,,,,
linkedin,Senior Schweißingenieur / Welding Process Engineer (all gender) – Lasertechnik & Automotive gl,ALTEN,"Regensburg, Bavaria, Germany",2026-10-05,https://www.linkedin.com/jobs/view/4449537420 , ,li-4449537420,fulltime,,,,,,False,associate,,,,Machinery Manufacturing and Aviation and Aerospace Component Manufacturing,https://fr.linkedin.com/company/alten,,,,,,,,,,,
linkedin,Hardware Development Engineer (m/w/d),SII Germany,"Kronach, Bavaria, Germany",2026-10-05,https://www.linkedin.com/jobs/view/4475549724 , ,li-4475549724,fulltime,,,,,,False,entry level,,,,IT Services and IT Consulting,https://de.linkedin.com/company/sii-germany,,,,,,,,,,,
linkedin,工业设计师 / 结构工程师,Sino HR Conference,"Giengen an der Brenz, Baden-Württemberg, Germany",2026-10-05,https://www.linkedin.com/jobs/view/4474238736 , ,li-4474238736,fulltime,,,,,,False,entry level,,,"tyu@ziegler.de, contact@sinojobs.com",Human Resources Services,https://de.linkedin.com/showcase/sinojobs-hr-conference/,,,,,,,,,,,
linkedin,Mechanical Engineer,ATN,"Berlin, Germany",2026-10-05,https://www.linkedin.com/jobs/view/4474260770 , ,li-4474260770,fulltime,,,,,,False,associate,,,,"Motor Vehicle Manufacturing and Appliances, Electrical, and Electronics Manufacturing",https://uk.linkedin.com/company/theautomotivetechnetwork,,,,,,,,,,,
linkedin,Senior Product Development Engineer  Passenger Vehicle Wheel End Europe - SKF Automotive Business,SKF Group,"Schweinfurt, Bavaria, Germany",2026-10-05,https://www.linkedin.com/jobs/view/4473669387 , ,li-4473669387,fulltime,,,,,,False,associate,,,,Wholesale Motor Vehicles and Parts,https://se.linkedin.com/company/skf,,,,,,,,,,,
linkedin,Mechanical Project Engineer(m/f/d),HARMAN International,"Karlsbad, Baden-Württemberg, Germany",2026-10-05,https://www.linkedin.com/jobs/view/4473657840 , ,li-4473657840,fulltime,,,,,,False,mid-senior level,,,harmancareers@harman.com,Computers and Electronics Manufacturing,https://www.linkedin.com/company/harman-international,,,,,,,,,,,
linkedin,BTV Schließsysteme/Türantriebe (m/w/d),emagine,"Stuttgart, Baden-Württemberg, Germany",2026-10-05,https://www.linkedin.com/jobs/view/4474277726 , ,li-4474277726,fulltime,,,,,,False,mid-senior level,,,,IT Services and IT Consulting,https://dk.linkedin.com/company/emagine,,,,,,,,,,,
linkedin,CAD Design Engineer (m/f/d),Vectoflow,"Gilching, Bavaria, Germany",2026-10-05,https://www.linkedin.com/jobs/view/4473628365 , ,li-4473628365,fulltime,,,,,,False,entry level,,,hr@vectoflow.de,Industrial Machinery Manufacturing,https://de.linkedin.com/company/vectoflow,,,,,,,,,,,
linkedin,Systemkonstrukteur / Ingenieur Elektrotechnik (m/w/d),technotrans,"Sassenberg, North Rhine-Westphalia, Germany",2026-10-05,https://www.linkedin.com/jobs/view/4450333315 , ,li-4450333315,fulltime,,,,,,False,associate,,,,Machinery Manufacturing,https://de.linkedin.com/company/technotrans-se,,,,,,,,,,,
linkedin,Entwicklungsingenieur NVH / Akustik Gesamtfahrzeug (m/w/d),Randstad Deutschland,"Munich, Bavaria, Germany",2026-10-05,https://www.linkedin.com/jobs/view/4474272749 , ,li-4474272749,fulltime,,,,,,False,entry level,,,,Human Resources Services,https://de.linkedin.com/company/randstad-deutschland,,,,,,,,,,,
linkedin,E/E Bordnetzentwickler im Bereich ARBV (w/m/d),MAN Truck & Bus SE,"Munich, Bavaria, Germany",2026-10-05,https://www.linkedin.com/jobs/view/4465089433 , ,li-4465089433,fulltime,,,,,,False,mid-senior level,,,,Motor Vehicle Manufacturing,https://de.linkedin.com/company/man-commercial-vehicles,,,,,,,,,,,
linkedin,Senior R&D Engineer,Ambu,"Augsburg, Bavaria, Germany",2026-10-05,https://www.linkedin.com/jobs/view/4439157430 , ,li-4439157430,fulltime,,,,,,False,mid-senior level,,,,Medical Equipment Manufacturing and Hospitals and Health Care,https://dk.linkedin.com/company/ambu-as,,,,,,,,,,,
linkedin,Mechanical Engineer,TXT GROUP,"Munich, Bavaria, Germany",2026-10-05,https://www.linkedin.com/jobs/view/4438327539 , ,li-4438327539,fulltime,,,,,,False,entry level,,,,IT Services and IT Consulting,https://it.linkedin.com/company/txtgroup,,,,,,,,,,,
linkedin,Mechanisms Engineer - Solar Arrays,Zero to One Search | Recruitment Agency,"Germering, Bavaria, Germany",2026-10-05,https://www.linkedin.com/jobs/view/4473625126 , ,li-4473625126,fulltime,,,,,,False,mid-senior level,,,,Defense and Space Manufacturing,https://de.linkedin.com/company/zero-to-one-search,,,,,,,,,,,
linkedin,Senior (Opto-) Mechanical Engineer,planqc,"Munich, Bavaria, Germany",2026-10-05,https://www.linkedin.com/jobs/view/4475562019 , ,li-4475562019,fulltime,,,,,,False,mid-senior level,,,,Computer Hardware Manufacturing,https://de.linkedin.com/company/planqc,,,,,,,,,,,
linkedin,Konstrukteur für Gehäuse und mechanische Komponenten (m/w/d),GOSSEN METRAWATT,"Nuremberg, Bavaria, Germany",2026-10-05,https://www.linkedin.com/jobs/view/4473680888 , ,li-4473680888,fulltime,direct_data,yearly,60000.0,70000.0,EUR,False,associate,,,,Manufacturing,https://de.linkedin.com/company/gossenmetrawatt,,,,,,,,,,,
linkedin,Entwicklungsingenieur Mechanik / Physiker / Messingenieur (m/w/d),"Mettler-Toledo International, Inc","Ebingen, Baden-Württemberg, Germany",2026-10-05,https://www.linkedin.com/jobs/view/4425234561 , ,li-4425234561,fulltime,,,,,,False,associate,,,katharina.weber@mt.com,"Appliances, Electrical, and Electronics Manufacturing",https://ch.linkedin.com/company/mettlertoledo,,,,,,,,,,,
linkedin,NVH Engineer,Guldberg GmbH,Greater Munich Metropolitan Area,2026-10-05,https://www.linkedin.com/jobs/view/4473653280 , ,li-4473653280,fulltime,,,,,,False,mid-senior level,,,,Motor Vehicle Manufacturing,https://de.linkedin.com/company/guldberggmbh,,,,,,,,,,,
linkedin,Engineering Design and Simulation (CAD & Simulation Consultant) - Aerospace / Mechanical / Electrical Engineering,Prolific,Germany,2026-10-05,https://www.linkedin.com/jobs/view/4474265402 , ,li-4474265402,temporary,,,,,,False,not applicable,,,,Engineering Services,https://uk.linkedin.com/company/prolific-com,,,,,,,,,,,
linkedin,Systems Engineer (m/w/d) - Schwerpunkt Mechatronik,KNDS Deutschland,"Munich, Bavaria, Germany",2026-10-05,https://www.linkedin.com/jobs/view/4475597048 , ,li-4475597048,fulltime,,,,,,False,mid-senior level,,,,Defense and Space Manufacturing,https://de.linkedin.com/company/knds-deutschland,,,,,,,,,,,
linkedin,Technischer Produktdesigner (m/w/d),TKMS,"Kiel, Schleswig-Holstein, Germany",2026-10-05,https://www.linkedin.com/jobs/view/4473659132 , ,li-4473659132,fulltime,,,,,,False,mid-senior level,,,,Utilities,https://de.linkedin.com/company/tkms,,,,,,,,,,,
linkedin,System Integration Engineer (m/f/d),Nordex Group,"Hamburg, Germany",2026-10-05,https://www.linkedin.com/jobs/view/4474762893 , ,li-4474762893,fulltime,,,,,,False,mid-senior level,,,,Renewable Energy Equipment Manufacturing,https://de.linkedin.com/company/nordex,,,,,,,,,,,
linkedin,Hardware Engineer (RF Design) - (m/f/d),HARMAN International,"Ulm, Baden-Württemberg, Germany",2026-10-05,https://www.linkedin.com/jobs/view/4473624905 , ,li-4473624905,fulltime,,,,,,False,mid-senior level,,,harmancareers@harman.com,Computers and Electronics Manufacturing,https://www.linkedin.com/company/harman-international,,,,,,,,,,,
linkedin,Soft Component Developer (m/f/d),RIMOWA,"Cologne, North Rhine-Westphalia, Germany",2026-10-04,https://www.linkedin.com/jobs/view/4314690612 , ,li-4314690612,fulltime,,,,,,False,mid-senior level,,,,Retail Luxury Goods and Jewelry,https://de.linkedin.com/company/rimowa,,,,,,,,,,,
linkedin,"Entwicklungsingenieur Embedded Maritime Systeme, all genders",SALT AND PEPPER Group,"Hamburg, Hamburg, Germany",2026-10-04,https://www.linkedin.com/jobs/view/4418588148 , ,li-4418588148,fulltime,,,,,,False,entry level,,,,Engineering Services,https://de.linkedin.com/company/salt-and-pepper,,,,,,,,,,,
linkedin,System Engineer,Broadcom,"Regensburg, Bavaria, Germany",2026-10-04,https://www.linkedin.com/jobs/view/4456266629 , ,li-4456266629,fulltime,,,,,,False,mid-senior level,,,,Semiconductor Manufacturing,https://www.linkedin.com/company/broadcom,,,,,,,,,,,
linkedin,Junior Entwicklungsingenieur (w/m/d) Automotive,Valyue Consulting GmbH,"Überlingen, Baden-Württemberg, Germany",2026-10-04,https://www.linkedin.com/jobs/view/4475511173 , ,li-4475511173,fulltime,,,,,,False,internship,,,,IT Services and IT Consulting,https://de.linkedin.com/company/valyue-consulting-gmbh,,,,,,,,,,,
linkedin,Entwicklungsingenieur Kabelkonstruktion (m/w/d),HELU KABEL GmbH,"Windsbach, Bavaria, Germany",2026-10-04,https://www.linkedin.com/jobs/view/4475380716 , ,li-4475380716,fulltime,,,,,,False,entry level,,,,"Appliances, Electrical, and Electronics Manufacturing",https://www.linkedin.com/company/helu-kabel-gmbh,,,,,,,,,,,
linkedin,Duales Studium Maschinenbau (B.Eng.) mit Ausbildung zum Techn. Produktdesigner (m/w/d),Everllence,"Augsburg, Bavaria, Germany",2026-10-04,https://www.linkedin.com/jobs/view/4447441242 , ,li-4447441242,fulltime,,,,,,False,internship,,,,Climate Technology Product Manufacturing,https://de.linkedin.com/company/everllence,,,,,,,,,,,
linkedin,Senior Mechanical Aerospace System Engineer (m/w/d),mamgo | Talente 🔗 Jobs,"Tussenhausen, Bavaria, Germany",2026-10-04,https://www.linkedin.com/jobs/view/4475503511 , ,li-4475503511,fulltime,,,,,,False,mid-senior level,,,,"Technology, Information and Internet",https://de.linkedin.com/company/mamgo-io,,,,,,,,,,,
linkedin,Senior Stress & Thermomechanical FEA Engineer - Propulsion Battery System (all genders),VÆRIDION,"Munich, Bavaria, Germany",2026-10-04,https://www.linkedin.com/jobs/view/4475504206 , ,li-4475504206,fulltime,direct_data,yearly,80000.0,100000.0,EUR,False,mid-senior level,,,,Aviation and Aerospace Component Manufacturing,https://de.linkedin.com/company/vaeridion,,,,,,,,,,,
linkedin,"Duales Studium Maschinenbau/Produktionstechnik (B.Eng.) Campusmodell Sindelfingen/Stuttgart, 01.10.2027 (m/w/d)",Mercedes-Benz AG,"Sindelfingen, Baden-Württemberg, Germany",2026-10-04,https://www.linkedin.com/jobs/view/4473486834 , ,li-4473486834,fulltime,,,,,,False,internship,,,sbv-sindelfingen@mercedes-benz.com,Motor Vehicle Manufacturing,https://de.linkedin.com/company/mercedes-benz_ag,,,,,,,,,,,
linkedin,Senior Mechanical Systems Engineer (all genders),VÆRIDION,"Munich, Bavaria, Germany",2026-10-04,https://www.linkedin.com/jobs/view/4475504208 , ,li-4475504208,fulltime,,,,,,False,mid-senior level,,,,Aviation and Aerospace Component Manufacturing,https://de.linkedin.com/company/vaeridion,,,,,,,,,,,
linkedin,Entwicklungsingenieur Homologation Truck (m/w/d),CREAT GmbH,"Munich, Bavaria, Germany",2026-10-04,https://www.linkedin.com/jobs/view/4475375345 , ,li-4475375345,fulltime,,,,,,False,mid-senior level,,,,Automotive,https://de.linkedin.com/company/creat-gmbh,,,,,,,,,,,
linkedin,Entwicklungsingenieur Automotive (m/w/d),FERCHAU,"Neckarsulm, Baden-Württemberg, Germany",2026-10-04,https://www.linkedin.com/jobs/view/4438578591 , ,li-4438578591,fulltime,direct_data,yearly,55000.0,75000.0,EUR,False,entry level,,,heilbronn@ferchau.com,Engineering Services,https://de.linkedin.com/company/ferchau,,,,,,,,,,,
linkedin,Electrical Engineer II (m/w/d),BorgWarner,"Darmstadt, Hesse, Germany",2026-10-04,https://www.linkedin.com/jobs/view/4456271236 , ,li-4456271236,fulltime,,,,,,False,not applicable,,,,"Motor Vehicle Manufacturing, Industrial Machinery Manufacturing, and Truck Transportation",https://www.linkedin.com/company/borgwarner,,,,,,,,,,,
linkedin,Senior SET-/Projektleiter Truck (m/w/d),CREAT GmbH,"Munich, Bavaria, Germany",2026-10-04,https://www.linkedin.com/jobs/view/4475364953 , ,li-4475364953,fulltime,,,,,,False,mid-senior level,,,,Automotive,https://de.linkedin.com/company/creat-gmbh,,,,,,,,,,,
linkedin,Senior Entwicklungsingenieur Elektrik/Elektronik Truck (m/w/d),CREAT GmbH,"Munich, Bavaria, Germany",2026-10-04,https://www.linkedin.com/jobs/view/4475378266 , ,li-4475378266,fulltime,,,,,,False,mid-senior level,,,,Automotive,https://de.linkedin.com/company/creat-gmbh,,,,,,,,,,,
linkedin,BEV Entwicklungsingenieur (m/w/d),CREAT GmbH,"Munich, Bavaria, Germany",2026-10-04,https://www.linkedin.com/jobs/view/4475374427 , ,li-4475374427,fulltime,,,,,,False,mid-senior level,,,,Automotive,https://de.linkedin.com/company/creat-gmbh,,,,,,,,,,,
linkedin,Elektrokonstrukteur Fahrzeugbau (m/w/d),SCHULER  | Outstanding Mobile Solutions,"Ebhausen, Baden-Württemberg, Germany",2026-10-04,https://www.linkedin.com/jobs/view/4474202817 , ,li-4474202817,fulltime,,,,,,False,entry level,,,,Motor Vehicle Manufacturing,https://de.linkedin.com/company/schuler-fahrzeugbau-gmbh,,,,,,,,,,,
linkedin,Entwicklungsingenieur Powertrain (m/w/d),NOVUS,"Brunswick, Lower Saxony, Germany",2026-10-04,https://www.linkedin.com/jobs/view/4473469835 , ,li-4473469835,fulltime,,,,,,False,associate,,,,Motor Vehicle Manufacturing,https://de.linkedin.com/company/novusbike,,,,,,,,,,,
linkedin,Systementwickler im Produktbereich – Startplattformen für Lenkflugkörper (m/w/d),Rheinmetall,"Bremen, Bremen, Germany",2026-10-04,https://www.linkedin.com/jobs/view/4473475176 , ,li-4473475176,fulltime,,,,,,False,mid-senior level,,,,Defense and Space Manufacturing,https://de.linkedin.com/company/rheinmetall,,,,,,,,,,,
linkedin,Systemingenieur Schutz (m/w/d),Rheinmetall,"Unterlüß, Lower Saxony, Germany",2026-10-04,https://www.linkedin.com/jobs/view/4406481221 , ,li-4406481221,fulltime,,,,,,False,entry level,,,,Defense and Space Manufacturing,https://de.linkedin.com/company/rheinmetall,,,,,,,,,,,
linkedin,Kfz-Mechaniker/Mechatroniker/Elektriker - (m/w/d),SEGULA Technologies,"Wollbrandshausen, Lower Saxony, Germany",2026-10-04,https://www.linkedin.com/jobs/view/4417650699 , ,li-4417650699,fulltime,,,,,,False,entry level,,,,Engineering Services,https://fr.linkedin.com/company/segula-technologies,,,,,,,,,,,
linkedin,Mechatroniker (m/w/d) Motorentechnik,Bilfinger Region DACH,"Frankfurt, Hesse, Germany",2026-10-04,https://www.linkedin.com/jobs/view/4435948948 , ,li-4435948948,fulltime,,,,,,False,entry level,,,nadine.kaestner@bilfinger.com,Industrial Machinery Manufacturing,https://de.linkedin.com/company/bilfinger-region-dach,,,,,,,,,,,
linkedin,LKW-Mechaniker/Nutzfahrzeug-Mechaniker (m/w/d),mamgo | Talente 🔗 Jobs,"Groß-Gerau, Hesse, Germany",2026-10-04,https://www.linkedin.com/jobs/view/4475372795 , ,li-4475372795,fulltime,,,,,,False,entry level,,,,"Technology, Information and Internet",https://de.linkedin.com/company/mamgo-io,,,,,,,,,,,
linkedin,"Duales Studium Mechatronik/Elektromobilität und Fahrzeugsystemtechnik (B.Eng.) Campusmodell Stuttgart/Sindelfingen, 01.10.2027 (m/w/d)",Mercedes-Benz AG,"Stuttgart, Baden-Württemberg, Germany",2026-10-04,https://www.linkedin.com/jobs/view/4473479327 , ,li-4473479327,fulltime,,,,,,False,internship,,,sbv-untertuerkheim@mercedes-benz.com,Motor Vehicle Manufacturing,https://de.linkedin.com/company/mercedes-benz_ag,,,,,,,,,,,
linkedin,System Engineer  Interference Mitigation (m/w/d) - Product Line Detect,Valeo,"Bietigheim-Bissingen, Baden-Württemberg, Germany",2026-10-04,https://www.linkedin.com/jobs/view/4438678265 , ,li-4438678265,fulltime,,,,,,False,mid-senior level,,,Julia.Mittelmaier@Valeo.com,Motor Vehicle Parts Manufacturing,https://fr.linkedin.com/company/valeo,,,,,,,,,,,
linkedin,Projektingenieur Defence (m/w/d),FERCHAU,"Kiel, Schleswig-Holstein, Germany",2026-10-04,https://www.linkedin.com/jobs/view/4438578568 , ,li-4438578568,fulltime,direct_data,yearly,60000.0,90000.0,EUR,False,mid-senior level,,,john.kaehler@ferchau.com,Engineering Services,https://de.linkedin.com/company/ferchau,,,,,,,,,,,
linkedin,Technical Manager:in UAS,Deutsche Bahn,"Berlin, Berlin, Germany",2026-10-03,https://www.linkedin.com/jobs/view/4475084385 , ,li-4475084385,fulltime,,,,,,False,mid-senior level,,,,Truck Transportation,https://de.linkedin.com/company/deutschebahn,,,,,,,,,,,
linkedin,KFZ-Mechaniker / Mechatroniker (m/w/d) für Nutzfahrzeuge,Hans Geis GmbH & Co. KG Internationale Spedition,"Naila, Bavaria, Germany",2026-10-03,https://www.linkedin.com/jobs/view/4473843603 , ,li-4473843603,fulltime,,,,,,False,entry level,,,,Freight and Package Transportation,https://www.linkedin.com/company/hans-geis-gmbh-&-co.-kg-internationale-spedition,,,,,,,,,,,
linkedin,Senior Power Electronics Engineer,Hypersonica,"Munich, Bavaria, Germany",2026-10-03,https://www.linkedin.com/jobs/view/4466363820 , ,li-4466363820,fulltime,,,,,,False,mid-senior level,,,,Defense and Space Manufacturing,https://de.linkedin.com/company/hypersonicagmbh,,,,,,,,,,,
linkedin,R&D Senior Engineer - Power Electronics for Power Transformers,Hitachi Energy,"Bad Honnef am Rhein, North Rhine-Westphalia, Germany",2026-10-03,https://www.linkedin.com/jobs/view/4465805529 , ,li-4465805529,fulltime,,,,,,False,mid-senior level,,,,"Appliances, Electrical, and Electronics Manufacturing and IT Services and IT Consulting",https://ch.linkedin.com/company/hitachienergy,,,,,,,,,,,
linkedin,Spacecraft Thermal Engineer,The Exploration Company,"Munich, Bavaria, Germany",2026-10-03,https://www.linkedin.com/jobs/view/4465147563 , ,li-4465147563,fulltime,,,,,,False,mid-senior level,,,,Aviation and Aerospace Component Manufacturing,https://de.linkedin.com/company/exploration-company,,,,,,,,,,,
linkedin,KFZ-Mechaniker / Mechatroniker (m/w/d) für Nutzfahrzeuge,Hans Geis GmbH & Co. KG Internationale Spedition,"Wildflecken, Bavaria, Germany",2026-10-03,https://www.linkedin.com/jobs/view/4473846551 , ,li-4473846551,fulltime,,,,,,False,entry level,,,,Freight and Package Transportation,https://www.linkedin.com/company/hans-geis-gmbh-&-co.-kg-internationale-spedition,,,,,,,,,,,
linkedin,Fahrzeugtechniker (m/w/d),Hiltl Trucks,"Stein bei Nürnberg, Bavaria, Germany",2026-10-03,https://www.linkedin.com/jobs/view/4475075656 , ,li-4475075656,fulltime,,,,,,False,entry level,,,personal@hiltl-nutzfahrzeuge.de,Automotive,https://de.linkedin.com/company/hiltl,,,,,,,,,,,
linkedin,Qualifizierte:r Instandhalter:in,Deutsche Bahn,"Offenburg, Baden-Württemberg, Germany",2026-10-03,https://www.linkedin.com/jobs/view/4457053685 , ,li-4457053685,fulltime,,,,,,False,entry level,,,,Truck Transportation,https://de.linkedin.com/company/deutschebahn,,,,,,,,,,,
linkedin,Konstrukteur (m/w/d) Maschinenbau,FERCHAU,"Bremen, Bremen, Germany",2026-10-03,https://www.linkedin.com/jobs/view/4438568917 , ,li-4438568917,fulltime,direct_data,yearly,45000.0,65000.0,EUR,False,entry level,,,leonie.kuester@ferchau.com,Engineering Services,https://de.linkedin.com/company/ferchau,,,,,,,,,,,
linkedin,Fuels Mechanic,Amentum,"Pirmasens, Rhineland-Palatinate, Germany",2026-10-03,https://www.linkedin.com/jobs/view/4466099869 , ,li-4466099869,fulltime,,,,,,False,mid-senior level,,,,Defense and Space Manufacturing,https://www.linkedin.com/company/amentumcorp,,,,,,,,,,,
linkedin,Entwicklungsingenieur Elektrotechnik (m/w/d),FERCHAU,"Nuremberg, Bavaria, Germany",2026-10-03,https://www.linkedin.com/jobs/view/4438586057 , ,li-4438586057,fulltime,direct_data,yearly,50000.0,65000.0,EUR,False,mid-senior level,,,nuernberg-city@ferchau.com,Engineering Services,https://de.linkedin.com/company/ferchau,,,,,,,,,,,
linkedin,Doktorarbeit: Sichere KI für maritime Antriebe / Safe Artificial Intelligence for Maritime Engines,Everllence,"Augsburg, Bavaria, Germany",2026-10-03,https://www.linkedin.com/jobs/view/4326512416 , ,li-4326512416,fulltime,,,,,,False,internship,,,nicola.hasl@everllence.com,Climate Technology Product Manufacturing,https://de.linkedin.com/company/everllence,,,,,,,,,,,
linkedin,GNC Lead,Hypersonica,"Munich, Bavaria, Germany",2026-10-03,https://www.linkedin.com/jobs/view/4466359838 , ,li-4466359838,fulltime,,,,,,False,mid-senior level,,,,Defense and Space Manufacturing,https://de.linkedin.com/company/hypersonicagmbh,,,,,,,,,,,
linkedin,Product Manager / Railway Systems Engineer Monitoring (m/w/d),Breuer Nachrichtentechnik GmbH,"Bonn, North Rhine-Westphalia, Germany",2026-10-03,https://www.linkedin.com/jobs/view/4466642765 , ,li-4466642765,fulltime,,,,,,False,associate,,,jobs@breuer-gmbh.de,Software Development,https://de.linkedin.com/company/breuer-nachrichtentechnik-gmbh,,,,,,,,,,,
linkedin,Praktikant Absicherung elektrischer Antriebe (w/m/x),BMW Group,"Munich, Bavaria, Germany",2026-10-03,https://www.linkedin.com/jobs/view/4399541972 , ,li-4399541972,fulltime,,,,,,False,internship,,,,Motor Vehicle Manufacturing,https://de.linkedin.com/company/bmw-group,,,,,,,,,,,
linkedin,KFZ-Mechaniker / Mechatroniker (m/w/d) für Nutzfahrzeuge,Hans Geis GmbH & Co. KG Internationale Spedition,"Nuremberg, Bavaria, Germany",2026-10-03,https://www.linkedin.com/jobs/view/4473838903 , ,li-4473838903,fulltime,,,,,,False,entry level,,,,Freight and Package Transportation,https://www.linkedin.com/company/hans-geis-gmbh-&-co.-kg-internationale-spedition,,,,,,,,,,,
linkedin,Duales Studium Mechatronik (B.Eng.) 2027 m/w/x,Magna International,"Neuenstein, Baden-Württemberg, Germany",2026-10-03,https://www.linkedin.com/jobs/view/4466069690 , ,li-4466069690,fulltime,,,,,,False,internship,,,,Motor Vehicle Manufacturing,https://ca.linkedin.com/company/magna-international,,,,,,,,,,,
linkedin,Elektroingenieur (m/w/d) Kundensonderwunsch,FERCHAU,"Mannheim, Baden-Württemberg, Germany",2026-10-03,https://www.linkedin.com/jobs/view/4438570800 , ,li-4438570800,fulltime,direct_data,yearly,50000.0,65000.0,EUR,False,entry level,,,mannheim@ferchau.com,Engineering Services,https://de.linkedin.com/company/ferchau,,,,,,,,,,,
linkedin,Mechanical Desinger (m/f/d),Excelitas Technologies Corp.,"Alzenau in Unterfranken, Bavaria, Germany",2026-10-03,https://www.linkedin.com/jobs/view/4457610077 , ,li-4457610077,fulltime,,,,,,False,mid-senior level,,,,Manufacturing,https://www.linkedin.com/company/excelitas-technologies,,,,,,,,,,,
linkedin,Design Engineer,Cannondale,"Freiburg, Baden-Württemberg, Germany",2026-10-03,https://www.linkedin.com/jobs/view/4465108295 , ,li-4465108295,fulltime,,,,,,False,mid-senior level,,,,Sporting Goods Manufacturing,https://www.linkedin.com/company/cannondale,,,,,,,,,,,
linkedin,System Engineer (m/w/d),HENSOLDT,"Pforzheim, Baden-Württemberg, Germany",2026-10-03,https://www.linkedin.com/jobs/view/4475058600 , ,li-4475058600,fulltime,,,,,,False,mid-senior level,,,jobs@hensoldt.net,Defense and Space Manufacturing,https://de.linkedin.com/company/hensoldt,,,,,,,,,,,
linkedin,Mission Systems Equipment Design Responsible (d/f/m),Airbus Defence and Space,"Manching, Bavaria, Germany",2026-10-03,https://www.linkedin.com/jobs/view/4428228223 , ,li-4428228223,parttime,,,,,,False,mid-senior level,,,emsom@airbus.com,Defense and Space Manufacturing,https://www.linkedin.com/company/airbus-defence-and-space,,,,,,,,,,,
linkedin,Middle System Engineer,TXT GROUP,"Bayern, Bavaria, Germany",2026-10-03,https://www.linkedin.com/jobs/view/4437580054 , ,li-4437580054,fulltime,direct_data,yearly,71000.0,85000.0,EUR,False,mid-senior level,,,,IT Services and IT Consulting,https://it.linkedin.com/company/txtgroup,,,,,,,,,,,
linkedin,"Entwicklungsingenieur Embedded Maritime Systeme, all genders",SALT AND PEPPER Group,"Bremen, Bremen, Germany",2026-10-03,https://www.linkedin.com/jobs/view/4418576496 , ,li-4418576496,fulltime,,,,,,False,entry level,,,,Engineering Services,https://de.linkedin.com/company/salt-and-pepper,,,,,,,,,,,
linkedin,E/E Senior Safety Entwickler im Bereich ARBV und AD-Stack (w/m/d),MAN Truck & Bus SE,"Munich, Bavaria, Germany",2026-10-03,https://www.linkedin.com/jobs/view/4465099375 , ,li-4465099375,fulltime,,,,,,False,mid-senior level,,,,Motor Vehicle Manufacturing,https://de.linkedin.com/company/man-commercial-vehicles,,,,,,,,,,,
linkedin,Konstrukteur w/m/d Sondermaschinenbau,XENON Automation,"Dresden, Saxony, Germany",2026-10-03,https://www.linkedin.com/jobs/view/4475068488 , ,li-4475068488,fulltime,,,,,,False,entry level,,,,Automation Machinery Manufacturing,https://de.linkedin.com/company/xenon-automation,,,,,,,,,,,
linkedin,Vehicle Dynamics Modelling Engineer (m/w/d),TOYOTA RACING,"Cologne, North Rhine-Westphalia, Germany",2026-10-03,https://www.linkedin.com/jobs/view/4438629281 , ,li-4438629281,fulltime,,,,,,False,mid-senior level,,,,Motor Vehicle Manufacturing,https://de.linkedin.com/company/toyota-racing,,,,,,,,,,,
linkedin,Versuchsingenieur (m/w/d),Rheinmetall,"Kassel, Hesse, Germany",2026-10-03,https://www.linkedin.com/jobs/view/4473414494 , ,li-4473414494,fulltime,,,,,,False,mid-senior level,,,,Defense and Space Manufacturing,https://de.linkedin.com/company/rheinmetall,,,,,,,,,,,
linkedin,Mechanical Engineer,Emerson,"Augsburg, Bavaria, Germany",2026-10-03,https://www.linkedin.com/jobs/view/4466080167 , ,li-4466080167,fulltime,,,,,,False,mid-senior level,,,,Automation Machinery Manufacturing,https://www.linkedin.com/company/emerson,,,,,,,,,,,
linkedin,MECHANICAL ENGINEER (f/m/d),Omnisent,"Munich, Bavaria, Germany",2026-10-03,https://www.linkedin.com/jobs/view/4473442575 , ,li-4473442575,fulltime,,,,,,False,entry level,,,,IT Services and IT Consulting,https://de.linkedin.com/company/omnisent,,,,,,,,,,,
linkedin,Principal Technical Leader for Automotive Systems Power,Renesas Electronics,"Munich, Bavaria, Germany",2026-10-03,https://www.linkedin.com/jobs/view/4438633519 , ,li-4438633519,fulltime,,,,,,False,mid-senior level,,,,Semiconductor Manufacturing,https://jp.linkedin.com/company/renesas,,,,,,,,,,,
linkedin,Systemingenieur / Projektingenieur (m/w/d),SCOPE Engineering GmbH,"Kiel, Schleswig-Holstein, Germany",2026-10-03,https://www.linkedin.com/jobs/view/4473861243 , ,li-4473861243,fulltime,,,,,,False,entry level,,,temp@scope-engineering.de,Automation Machinery Manufacturing,https://de.linkedin.com/company/scope-engineering-gmbh,,,,,,,,,,,
linkedin,Konstrukteur w/m/d Projektkoordination,XENON Automation,"Dresden, Saxony, Germany",2026-10-03,https://www.linkedin.com/jobs/view/4475064640 , ,li-4475064640,fulltime,,,,,,False,mid-senior level,,,,Automation Machinery Manufacturing,https://de.linkedin.com/company/xenon-automation,,,,,,,,,,,
linkedin,Konstrukteur (m/w/d) Kundensonderwunsch,FERCHAU,"Mannheim, Baden-Württemberg, Germany",2026-10-03,https://www.linkedin.com/jobs/view/4438583301 , ,li-4438583301,fulltime,direct_data,yearly,50000.0,65000.0,EUR,False,mid-senior level,,,mannheim@ferchau.com,Engineering Services,https://de.linkedin.com/company/ferchau,,,,,,,,,,,
linkedin,Entwicklungsingenieur (m/w/d) Autonome Roboter,FERCHAU,"Wiesbaden, Hesse, Germany",2026-10-03,https://www.linkedin.com/jobs/view/4438582367 , ,li-4438582367,fulltime,direct_data,yearly,68000.0,78000.0,EUR,False,mid-senior level,,,wiesbaden@ferchau.com,Engineering Services,https://de.linkedin.com/company/ferchau,,,,,,,,,,,
linkedin,Versuchsingenieur (m/w/d) Automotive,FERCHAU,"Karlsruhe, Baden-Württemberg, Germany",2026-10-03,https://www.linkedin.com/jobs/view/4438589010 , ,li-4438589010,fulltime,direct_data,yearly,50000.0,64000.0,EUR,False,entry level,,,karlsruhe-mobility@ferchau.com,Engineering Services,https://de.linkedin.com/company/ferchau,,,,,,,,,,,
linkedin,Senior Loads Engineer,Cambridge Aerospace,"Munich, Bavaria, Germany",2026-10-02,https://www.linkedin.com/jobs/view/4474738560 , ,li-4474738560,fulltime,,,,,,False,mid-senior level,,,,Defense and Space Manufacturing,https://www.linkedin.com/company/cambridgeaerospace,,,,,,,,,,,
linkedin,(Senior) Engineer Adaptive Validation (m/f/d) (ID: 22475),Da Vinci Engineering GmbH,"Raunheim, Hesse, Germany",2026-10-02,https://www.linkedin.com/jobs/view/4471385715 , ,li-4471385715,fulltime,,,,,,False,mid-senior level,,,,Engineering Services and Motor Vehicle Manufacturing,https://de.linkedin.com/company/da-vinci-engineering-gmbh,,,,,,,,,,,
linkedin,Embedded Software Developer C++ / Linux für High-Performance-Shuttle-Systeme (M/W/D)*,TGW Logistics,"Regensburg, Bavaria, Germany",2026-10-02,https://www.linkedin.com/jobs/view/4453443965 , ,li-4453443965,fulltime,,,,,,False,entry level,,,,Automation Machinery Manufacturing,https://at.linkedin.com/company/tgw-group,,,,,,,,,,,
linkedin,Expert Machine Learning Perception Engineer – Self-Driving,VINFAST,"Frankfurt am Main, Hesse, Germany",2026-10-02,https://www.linkedin.com/jobs/view/4435791601 , ,li-4435791601,fulltime,,,,,,False,mid-senior level,,,,Motor Vehicle Manufacturing,https://vn.linkedin.com/company/vinfast,,,,,,,,,,,
linkedin,Senior Flight Dynamics Engineer (m/f/x) – Stability and Control,Grob Aircraft,"Tussenhausen, Bavaria, Germany",2026-10-02,https://www.linkedin.com/jobs/view/4474793371 , ,li-4474793371,fulltime,,,,,,False,mid-senior level,,,,Aviation and Aerospace Component Manufacturing,https://de.linkedin.com/company/grobaircraft,,,,,,,,,,,
linkedin,Simulation Engineer,Helsing,"Munich, Bavaria, Germany",2026-10-02,https://www.linkedin.com/jobs/view/4463904487 , ,li-4463904487,fulltime,,,,,,False,mid-senior level,,,,Software Development,https://de.linkedin.com/company/helsing,,,,,,,,,,,
linkedin,Powertrain Emission & Regional Adaptation Engineer  Start Your Next Journey!,Geely Technology Europe,"Raunheim, Hesse, Germany",2026-10-02,https://www.linkedin.com/jobs/view/4474782150 , ,li-4474782150,fulltime,,,,,,False,mid-senior level,,,sofie.martinsson@zeekrtech.eu,Motor Vehicle Manufacturing,https://se.linkedin.com/company/geely-technology-europe,,,,,,,,,,,
linkedin,"Guidance, Navigation, & Control Engineer",Helsing,"Munich, Bavaria, Germany",2026-10-02,https://www.linkedin.com/jobs/view/4463468202 , ,li-4463468202,fulltime,,,,,,False,mid-senior level,,,,Software Development,https://de.linkedin.com/company/helsing,,,,,,,,,,,
linkedin,Bahningenieur / Testingenieur Schienenfahrzeuge (m/w/d),FERCHAU,"Brunswick, Lower Saxony, Germany",2026-10-02,https://www.linkedin.com/jobs/view/4438565992 , ,li-4438565992,fulltime,direct_data,yearly,60000.0,75000.0,EUR,False,entry level,,,braunschweig@ferchau.com,Engineering Services,https://de.linkedin.com/company/ferchau,,,,,,,,,,,
linkedin,Entwicklungsingenieur (Hardware - Schaltnetzteile) (m/w/d),PULS Ltd.,"Bad Lobenstein, Thuringia, Germany",2026-10-02,https://www.linkedin.com/jobs/view/4475006032 , ,li-4475006032,fulltime,,,,,,False,entry level,,,,Industrial Automation,https://jp.linkedin.com/company/%E3%83%97%E3%83%AB%E3%82%B9%E6%A0%AA%E5%BC%8F%E4%BC%9A%E7%A4%BE,,,,,,,,,,,
linkedin,Praktikant Kundennaher Test und Großversuch - Gesamtfahrzeug (w/m/x),BMW Group,"Munich, Bavaria, Germany",2026-10-02,https://www.linkedin.com/jobs/view/4442855299 , ,li-4442855299,fulltime,,,,,,False,internship,,,,Motor Vehicle Manufacturing,https://de.linkedin.com/company/bmw-group,,,,,,,,,,,
linkedin,Bootsmechaniker (m/w/d) nach 78315 Radolfzell,Dippel Personalmanagement GmbH,"Radolfzell, Baden-Württemberg, Germany",2026-10-02,https://www.linkedin.com/jobs/view/4474597592 , ,li-4474597592,fulltime,,,,,,False,entry level,,,stockach@dippel.de,IT Services and IT Consulting,https://www.linkedin.com/company/dippel-personalmanagement-gmbh,,,,,,,,,,,
linkedin,Senior Staff Engineer Digital Concept (f/m/div),Infineon Technologies,"Munich, Bavaria, Germany",2026-10-02,https://www.linkedin.com/jobs/view/4413994273 , ,li-4413994273,fulltime,,,,,,False,mid-senior level,,,,"Semiconductor Manufacturing, Appliances, Electrical, and Electronics Manufacturing, and Computer Hardware Manufacturing",https://de.linkedin.com/company/infineon-technologies,,,,,,,,,,,
linkedin,Middleware and Application Software Developer for small automotive embedded devices (f/m/div),Infineon Technologies,"Dresden, Saxony, Germany",2026-10-02,https://www.linkedin.com/jobs/view/4450693455 , ,li-4450693455,fulltime,,,,,,False,mid-senior level,,,,"Semiconductor Manufacturing, Appliances, Electrical, and Electronics Manufacturing, and Computer Hardware Manufacturing",https://de.linkedin.com/company/infineon-technologies,,,,,,,,,,,
linkedin,System Design Engineer (m/w/d),TKMS ATLAS ELEKTRONIK GmbH,"Wedel, Schleswig-Holstein, Germany",2026-10-02,https://www.linkedin.com/jobs/view/4473190109 , ,li-4473190109,fulltime,,,,,,False,mid-senior level,,,,Defense and Space Manufacturing,https://de.linkedin.com/company/tkms-atlas-elektronik,,,,,,,,,,,
linkedin,NPI manager - Product Lifecycle Management (PLM) (f/m/d),Munich Electrification,"Munich, Bavaria, Germany",2026-10-02,https://www.linkedin.com/jobs/view/4428282072 , ,li-4428282072,fulltime,,,,,,False,mid-senior level,,,,"Appliances, Electrical, and Electronics Manufacturing",https://de.linkedin.com/company/munichelectrification,,,,,,,,,,,
linkedin,Eurodrone Overall RPAS Design Chief Engineer (d/f/m),Airbus Defence and Space,"Manching, Bavaria, Germany",2026-10-02,https://www.linkedin.com/jobs/view/4463918607 , ,li-4463918607,parttime,,,,,,False,mid-senior level,,,emsom@airbus.com,Defense and Space Manufacturing,https://www.linkedin.com/company/airbus-defence-and-space,,,,,,,,,,,
linkedin,Senior Staff Engineer Embedded Software (f/m/div),Infineon Technologies,"Ilmenau, Thuringia, Germany",2026-10-02,https://www.linkedin.com/jobs/view/4429951222 , ,li-4429951222,fulltime,,,,,,False,mid-senior level,,,,"Semiconductor Manufacturing, Appliances, Electrical, and Electronics Manufacturing, and Computer Hardware Manufacturing",https://de.linkedin.com/company/infineon-technologies,,,,,,,,,,,
linkedin,Systemingenieur (m/w/d) Elektronische Luftfahrtkomponenten,FERCHAU,"Immenstaad am Bodensee, Baden-Württemberg, Germany",2026-10-02,https://www.linkedin.com/jobs/view/4438569878 , ,li-4438569878,fulltime,direct_data,yearly,75000.0,85000.0,EUR,False,entry level,,,Melanie.Junginger@ferchau.com,Engineering Services,https://de.linkedin.com/company/ferchau,,,,,,,,,,,
linkedin,SDV (Senior) Engineer Connectivity & Software Defined Networking (all genders),MHP – A Porsche Company,"Frankfurt am Main, Hesse, Germany",2026-10-02,https://www.linkedin.com/jobs/view/4417717450 , ,li-4417717450,fulltime,,,,,,False,mid-senior level,,,,Business Consulting and Services,https://de.linkedin.com/company/mhp-a-porsche-company,,,,,,,,,,,
linkedin,Senior Staff Engineer Robotic Software Developer (f/m/div),Infineon Technologies,"Ilmenau, Thuringia, Germany",2026-10-02,https://www.linkedin.com/jobs/view/4471469835 , ,li-4471469835,fulltime,,,,,,False,mid-senior level,,,,"Semiconductor Manufacturing, Appliances, Electrical, and Electronics Manufacturing, and Computer Hardware Manufacturing",https://de.linkedin.com/company/infineon-technologies,,,,,,,,,,,
linkedin,Project Quality Engineer – Launch & Ramp-Up Automotive (all gender),ALTEN,"Schierling, Bavaria, Germany",2026-10-02,https://www.linkedin.com/jobs/view/4429854017 , ,li-4429854017,fulltime,,,,,,False,associate,,,,Motor Vehicle Manufacturing,https://fr.linkedin.com/company/alten,,,,,,,,,,,
linkedin,Kraftfahrzeugmechatroniker - Personenkraftwagentechnik (m/w/d) nach 78224 Singen,Dippel Personalmanagement GmbH,"Singen, Baden-Württemberg, Germany",2026-10-02,https://www.linkedin.com/jobs/view/4474743300 , ,li-4474743300,fulltime,,,,,,False,entry level,,,stockach@dippel.de,IT Services and IT Consulting,https://www.linkedin.com/company/dippel-personalmanagement-gmbh,,,,,,,,,,,
linkedin,Mechaniker (m/w/d) für die Schiffsbautechnik nach 88085 Langenargen,Dippel Personalmanagement GmbH,"Langenargen, Baden-Württemberg, Germany",2026-10-02,https://www.linkedin.com/jobs/view/4474594677 , ,li-4474594677,fulltime,,,,,,False,entry level,,,ravensburg@dippel.de,IT Services and IT Consulting,https://www.linkedin.com/company/dippel-personalmanagement-gmbh,,,,,,,,,,,
linkedin,Student/in (w/m/d) Modellierung und Charakterisierung Störungen im Schiffsnachlauf,German Aerospace Center (DLR),"Brunswick, Lower Saxony, Germany",2026-10-02,https://www.linkedin.com/jobs/view/4472133522 , ,li-4472133522,fulltime,,,,,,False,internship,,,,Research Services,https://de.linkedin.com/company/dlr,,,,,,,,,,,
linkedin,Service Engineer Turbolader (m/w/d),Accelleron,"Hamburg, Hamburg, Germany",2026-10-02,https://www.linkedin.com/jobs/view/4466059485 , ,li-4466059485,fulltime,,,,,,False,entry level,,,,Industrial Machinery Manufacturing,https://ch.linkedin.com/company/accelleron-industries,,,,,,,,,,,
linkedin,Kraftfahrzeugmechatroniker (m/w/d) - Jobbird.com,Jobster,"Affalterbach, Baden-Württemberg, Germany",2026-10-02,https://www.linkedin.com/jobs/view/4473316348 , ,li-4473316348,fulltime,,,,,,False,entry level,,,stuttgart.arbeit@dekra.com,Software Development,https://nl.linkedin.com/company/jobster-com,,,,,,,,,,,
linkedin,"Bereichsleitung ""Fahrzeugbereitstellung Kraftfahrzeuge""",BOGESTRA,Germany,2026-10-02,https://www.linkedin.com/jobs/view/4474728255 , ,li-4474728255,fulltime,,,,,,False,not applicable,,,,Urban Transit Services,https://de.linkedin.com/company/bogestra,,,,,,,,,,,
linkedin,Medium Voltage Power Electronics Engineer (m/f/d),Alpitronic,"Nuremberg, Bavaria, Germany",2026-10-02,https://www.linkedin.com/jobs/view/4385730987 , ,li-4385730987,fulltime,,,,,,False,associate,,,,"Appliances, Electrical, and Electronics Manufacturing",https://it.linkedin.com/company/alpitronic-srl,,,,,,,,,,,
linkedin,KFZ-Mechatroniker m/w/d für Einsatzfahrzeuge der Bundeswehr,euregio Personaldienstleistungen GmbH,"Rheine, North Rhine-Westphalia, Germany",2026-10-02,https://www.linkedin.com/jobs/view/4472857247 , ,li-4472857247,fulltime,,,,,,False,entry level,,,,Staffing and Recruiting,https://de.linkedin.com/company/euregio-personaldienstleistungen-gmbh,,,,,,,,,,,
linkedin,Kfz-Meister / Kfz-Techniker (m/w/d) - Industrielle Fertigung nach 88045 Friedrichshafen,Dippel Personalmanagement GmbH,"Friedrichshafen, Baden-Württemberg, Germany",2026-10-02,https://www.linkedin.com/jobs/view/4474728816 , ,li-4474728816,fulltime,,,,,,False,mid-senior level,,,ravensburg@dippel.de,IT Services and IT Consulting,https://www.linkedin.com/company/dippel-personalmanagement-gmbh,,,,,,,,,,,
linkedin,Praktikant im Bereich Chemical Propulsion (System Engineering) (m/w/d),ArianeGroup,"Lampoldshausen, Baden-Württemberg, Germany",2026-10-02,https://www.linkedin.com/jobs/view/4456217186 , ,li-4456217186,fulltime,,,,,,False,internship,,,YP-Recruitment@ariane.group,Defense and Space Manufacturing and Aviation and Aerospace Component Manufacturing,https://fr.linkedin.com/company/arianegroup,,,,,,,,,,,
linkedin,Kraftfahrzeugmechatroniker (m/w/d) - Industrielle Fertigung nach 88045 Friedrichshafen,Dippel Personalmanagement GmbH,"Friedrichshafen, Baden-Württemberg, Germany",2026-10-02,https://www.linkedin.com/jobs/view/4474739482 , ,li-4474739482,fulltime,,,,,,False,entry level,,,ravensburg@dippel.de,IT Services and IT Consulting,https://www.linkedin.com/company/dippel-personalmanagement-gmbh,,,,,,,,,,,
linkedin,Versuchs- und Testingenieur für mechatronische und hydraulische Systeme (m/w/d),BRITA Group,"Taunusstein, Hesse, Germany",2026-10-02,https://www.linkedin.com/jobs/view/4474521384 , ,li-4474521384,fulltime,,,,,,False,mid-senior level,,,,"Manufacturing, Research Services, and Appliances, Electrical, and Electronics Manufacturing",https://de.linkedin.com/company/brita-se,,,,,,,,,,,
linkedin,Mechanik samochodów ciężarowych bez wymaganego języka. Wysokie zarobki!,JobWise,Ruhr Region,2026-10-02,https://www.linkedin.com/jobs/view/4472844902 , ,li-4472844902,fulltime,,,,,,False,entry level,,,,Consumer Services,https://nl.linkedin.com/company/jobwise-io,,,,,,,,,,,
linkedin,Ingenieur:in Fahrzeugprüfung (zur Qualifizierung) - Jobbird.com,Jobster,"Bremen, Bremen, Germany",2026-10-02,https://www.linkedin.com/jobs/view/4473308134 , ,li-4473308134,fulltime,,,,,,False,internship,,,,Software Development,https://nl.linkedin.com/company/jobster-com,,,,,,,,,,,
linkedin,Senior Engineer Sensoric Systems and Advanced Modelling (m/f/d),ENERCON - Sweden,Greater Bremen Area,2026-10-02,https://www.linkedin.com/jobs/view/4472847722 , ,li-4472847722,fulltime,,,,,,False,mid-senior level,,,"Kathrin.Schreiber@enercon.de, inclusion@enercon.de",Wind Electric Power Generation,https://se.linkedin.com/company/enercon-gmbh---sweden,,,,,,,,,,,
linkedin,Prozessingenieur Klebtechnik - Batteriefertigung (all gender),ALTEN,"Schierling, Bavaria, Germany",2026-10-02,https://www.linkedin.com/jobs/view/4470162315 , ,li-4470162315,fulltime,direct_data,yearly,70000.0,78000.0,EUR,False,associate,,,,Motor Vehicle Manufacturing,https://fr.linkedin.com/company/alten,,,,,,,,,,,
linkedin,Power Electronics Engineer (m/f/d),Alpitronic,"Nuremberg, Bavaria, Germany",2026-10-02,https://www.linkedin.com/jobs/view/4261106552 , ,li-4261106552,fulltime,,,,,,False,associate,,,,"Appliances, Electrical, and Electronics Manufacturing",https://it.linkedin.com/company/alpitronic-srl,,,,,,,,,,,
linkedin,Automotive Manufacturing Product Testing Engineer (m/f/d) – Jülich,QCG Computer,"Jülich, North Rhine-Westphalia, Germany",2026-10-02,https://www.linkedin.com/jobs/view/4473137456 , ,li-4473137456,fulltime,,,,,,False,associate,,,,Software Development,https://de.linkedin.com/company/qcg-computer,,,,,,,,,,,
linkedin,Konstruktionsingenieur Mechanik (m/w/d),MINDA,"Minden, North Rhine-Westphalia, Germany",2026-10-02,https://www.linkedin.com/jobs/view/4475053393 , ,li-4475053393,fulltime,,,,,,False,entry level,,,personal@minda.com,Machinery Manufacturing,https://de.linkedin.com/company/minda-industrieanlagen-gmbh,,,,,,,,,,,
linkedin,Control Engineer (m/f/d),Alpitronic,"Nuremberg, Bavaria, Germany",2026-10-02,https://www.linkedin.com/jobs/view/4385745244 , ,li-4385745244,fulltime,,,,,,False,associate,,,,"Appliances, Electrical, and Electronics Manufacturing",https://it.linkedin.com/company/alpitronic-srl,,,,,,,,,,,
linkedin,Softwareentwickler im Maschinenbau (m/w/div.),Bosch,"Homburg, Saarland, Germany",2026-10-02,https://www.linkedin.com/jobs/view/4472888567 , ,li-4472888567,fulltime,,,,,,False,associate,,,,Automotive,https://de.linkedin.com/company/bosch,,,,,,,,,,,
linkedin,Prüfingenieur Fahrzeuge / Kfz Sachverständiger (m/w/d) - Jobbird.com,Jobster,"Cologne, North Rhine-Westphalia, Germany",2026-10-02,https://www.linkedin.com/jobs/view/4473312330 , ,li-4473312330,fulltime,,,,,,False,entry level,,,laura.weber@dekra.com,Software Development,https://nl.linkedin.com/company/jobster-com,,,,,,,,,,,
linkedin,Prüfstandsmonteur*in (m/w/d) im Bereich Energiewandler (IGP-2026-18),Fraunhofer IGP,"Rostock, Mecklenburg-West Pomerania, Germany",2026-10-02,https://www.linkedin.com/jobs/view/4472884098 , ,li-4472884098,fulltime,,,,,,False,entry level,,,,Research Services,https://de.linkedin.com/company/fraunhofer-igp,,,,,,,,,,,
linkedin,"Ingenieur/Ingenieurin (B.Eng., B.Sc.) Schiffsbetriebstechnik, Schiffbau, Maschinenbau",Havariekommando,"Cuxhaven, Lower Saxony, Germany",2026-10-02,https://www.linkedin.com/jobs/view/4474713311 , ,li-4474713311,fulltime,,,,,,False,not applicable,,,,Government Administration,https://de.linkedin.com/company/havariekommando,,,,,,,,,,,
linkedin,Entwicklungsingenieur (m/w/d) für die Verifikation und Validierung von Modellen und Simulationen,Diehl Defence,"Überlingen, Baden-Württemberg, Germany",2026-10-02,https://www.linkedin.com/jobs/view/4473344598 , ,li-4473344598,fulltime,,,,,,False,entry level,,,,Defense and Space Manufacturing,https://de.linkedin.com/company/diehl-defence,,,,,,,,,,,
linkedin,Hydraulics Engineer (m/w/d),Liebherr Tower Cranes,"Biberach an der Riß, Baden-Württemberg, Germany",2026-10-02,https://www.linkedin.com/jobs/view/4437378890 , ,li-4437378890,fulltime,,,,,,False,mid-senior level,,,,Industrial Machinery Manufacturing,https://de.linkedin.com/company/liebherr-construction,,,,,,,,,,,
linkedin,Multiphysics Simulation Engineer (m/f/d),Alpitronic,"Nuremberg, Bavaria, Germany",2026-10-02,https://www.linkedin.com/jobs/view/4385743322 , ,li-4385743322,fulltime,,,,,,False,associate,,,,"Appliances, Electrical, and Electronics Manufacturing",https://it.linkedin.com/company/alpitronic-srl,,,,,,,,,,,
linkedin,Projektleiter / Manager Schienenfahrzeuge (m/w/d),FERCHAU,"Brunswick, Lower Saxony, Germany",2026-10-02,https://www.linkedin.com/jobs/view/4438579577 , ,li-4438579577,fulltime,direct_data,yearly,75000.0,90000.0,EUR,False,mid-senior level,,,braunschweig@ferchau.com,Engineering Services,https://de.linkedin.com/company/ferchau,,,,,,,,,,,
linkedin,Spezialist Fahrzeugtechnik (m/w/d) Hoch- und Umrüstung,FERCHAU,"Munich, Bavaria, Germany",2026-10-02,https://www.linkedin.com/jobs/view/4438574730 , ,li-4438574730,fulltime,direct_data,yearly,45000.0,65000.0,EUR,False,mid-senior level,,,lisa.wegloehner@ferchau.com,Engineering Services,https://de.linkedin.com/company/ferchau,,,,,,,,,,,
linkedin,Prüfingenieur Fahrzeuge / Kfz Sachverständiger (m/w/d),DEKRA Germany,"Hamburg, Hamburg, Germany",2026-10-02,https://www.linkedin.com/jobs/view/4471440316 , ,li-4471440316,fulltime,,,,,,False,entry level,,,kristin.mueller@dekra.com,Public Safety,https://de.linkedin.com/company/dekra-germany,,,,,,,,,,,
linkedin,Teamleitung (m/w/d) Technology & Systems,Sauer Compressors Germany,"Kiel, Schleswig-Holstein, Germany",2026-10-02,https://www.linkedin.com/jobs/view/4474582280 , ,li-4474582280,fulltime,,,,,,False,mid-senior level,,,,Machinery Manufacturing,https://de.linkedin.com/company/sauer-compressors-germany,,,,,,,,,,,
linkedin,System Architect Radar Signal Processing (m/w/d) - Product Line Detect,Valeo,"Bietigheim-Bissingen, Baden-Württemberg, Germany",2026-10-02,https://www.linkedin.com/jobs/view/4438666652 , ,li-4438666652,fulltime,,,,,,False,mid-senior level,,,Julia.Mittelmaier@valeo.com,Motor Vehicle Parts Manufacturing,https://fr.linkedin.com/company/valeo,,,,,,,,,,,
linkedin,Senior Embedded Systems Engineer im Safety Bereich (m/w/d),NewTec GmbH,"Freiburg, Baden-Württemberg, Germany",2026-10-02,https://www.linkedin.com/jobs/view/4473364314 , ,li-4473364314,fulltime,,,,,,False,mid-senior level,,,,IT Services and IT Consulting,https://de.linkedin.com/company/newtec-gmbh-system-entwicklung-und-beratung,,,,,,,,,,,
linkedin,Senior Radar Simulation & CI/CD Engineer,Aptiv,"Wuppertal, North Rhine-Westphalia, Germany",2026-10-02,https://www.linkedin.com/jobs/view/4474774179 , ,li-4474774179,fulltime,,,,,,False,not applicable,,,,Automation Machinery Manufacturing,https://ch.linkedin.com/company/aptiv,,,,,,,,,,,
linkedin,Senior Expert BESS,ENERCON,"Kiel, Schleswig-Holstein, Germany",2026-10-02,https://www.linkedin.com/jobs/view/4474774548 , ,li-4474774548,fulltime,,,,,,False,mid-senior level,,,"Kathrin.Schreiber@enercon.de, inclusion@enercon.de",Renewable Energy Semiconductor Manufacturing,https://de.linkedin.com/company/enercon-gmbh,,,,,,,,,,,
linkedin,Software Engineer - Virtualization (Vehicle OS),Applied Intuition,"Munich, Bavaria, Germany",2026-10-02,https://www.linkedin.com/jobs/view/4449328605 , ,li-4449328605,fulltime,,,,,,False,entry level,,,careers@applied.co,Software Development,https://www.linkedin.com/company/applied-intuition-inc,,,,,,,,,,,
linkedin,Senior Principal Engineer Software Concepts Power-Aware Automotive Computing (f/m/div),Infineon Technologies,"Munich, Bavaria, Germany",2026-10-02,https://www.linkedin.com/jobs/view/4454518771 , ,li-4454518771,fulltime,,,,,,False,mid-senior level,,,,"Semiconductor Manufacturing, Appliances, Electrical, and Electronics Manufacturing, and Computer Hardware Manufacturing",https://de.linkedin.com/company/infineon-technologies,,,,,,,,,,,
linkedin,Principal Systems Architect,onsemi,"Munich, Bavaria, Germany",2026-10-02,https://www.linkedin.com/jobs/view/4399523463 , ,li-4399523463,fulltime,,,,,,False,not applicable,,,,Semiconductor Manufacturing,https://www.linkedin.com/company/onsemi,,,,,,,,,,,
linkedin,Principal AI/ ML Algorithm Development Engineer - Battery Insights,Analog Devices,Greater Munich Metropolitan Area,2026-10-02,https://www.linkedin.com/jobs/view/4443617735 , ,li-4443617735,fulltime,,,,,,False,mid-senior level,,,,Semiconductor Manufacturing,https://www.linkedin.com/company/analog-devices,,,,,,,,,,,
linkedin,"Staff Software Engineer, Vehicle Configuration Platform",Rivian and Volkswagen Group Technologies,"Berlin, Berlin, Germany",2026-10-02,https://www.linkedin.com/jobs/view/4473362190 , ,li-4473362190,fulltime,,,,,,False,mid-senior level,,,candidateaccommodations@rivian.com,Software Development,https://www.linkedin.com/company/rivian-and-vw-group-technologies,,,,,,,,,,,
linkedin,Systemingenieur Mechatronik (m/w/d),FERCHAU,"Kiel, Schleswig-Holstein, Germany",2026-10-02,https://www.linkedin.com/jobs/view/4438577586 , ,li-4438577586,fulltime,direct_data,yearly,53000.0,65000.0,EUR,False,mid-senior level,,,john.kaehler@ferchau.com,Engineering Services,https://de.linkedin.com/company/ferchau,,,,,,,,,,,
linkedin,Embedded Software Engineer (m/f/d),Alpitronic,"Nuremberg, Bavaria, Germany",2026-10-02,https://www.linkedin.com/jobs/view/4385741400 , ,li-4385741400,fulltime,,,,,,False,associate,,,,"Appliances, Electrical, and Electronics Manufacturing",https://it.linkedin.com/company/alpitronic-srl,,,,,,,,,,,
linkedin,Robotics Motion Planning & Control Engineer (m/f/d),Agile Robots SE,"Munich, Bavaria, Germany",2026-10-02,https://www.linkedin.com/jobs/view/4473139430 , ,li-4473139430,fulltime,,,,,,False,associate,,,,"Robotics Engineering, Robot Manufacturing, and Software Development",https://de.linkedin.com/company/agile-robots-se,,,,,,,,,,,
linkedin,Mechanical Design Engineer (Remote | $50–$90/hr),Synthires,Germany,2026-10-02,https://www.linkedin.com/jobs/view/4473111409 , ,li-4473111409,parttime,direct_data,hourly,50.0,90.0,USD,True,mid-senior level,,,,Engineering Services,https://in.linkedin.com/company/synthires,,,,,,,,,,,
linkedin,Lead/Senior Exterior Designer,AVATR Global Design Center,"Munich, Bavaria, Germany",2026-10-02,https://www.linkedin.com/jobs/view/4474726655 , ,li-4474726655,fulltime,,,,,,False,not applicable,,,,Construction,https://de.linkedin.com/company/avatrdesign,,,,,,,,,,,
linkedin,Senior Engineer Advanced Technology (M/F/D),Adtran,"Berlin, Berlin, Germany",2026-10-02,https://www.linkedin.com/jobs/view/4379049738 , ,li-4379049738,fulltime,,,,,,False,mid-senior level,,,,Telecommunications,https://www.linkedin.com/company/adtran,,,,,,,,,,,
linkedin,Duales Studium Maschinenbau Fachrichtung Konstruktion & Entwicklung (m/w/d) zum Start September 2027,ERWIN HYMER GROUP,"Bad Waldsee, Baden-Württemberg, Germany",2026-10-02,https://www.linkedin.com/jobs/view/4473337513 , ,li-4473337513,fulltime,,,,,,False,internship,,,ausbildung@hymer.com,Motor Vehicle Manufacturing,https://de.linkedin.com/company/erwin-hymer-group,,,,,,,,,,,
linkedin,System Engineer (m/w/d) 2 Jahre befristet,WMF Professional Coffee Machines,"Geislingen an der Steige, Baden-Württemberg, Germany",2026-10-02,https://www.linkedin.com/jobs/view/4454307152 , ,li-4454307152,fulltime,,,,,,False,associate,,,,Manufacturing,https://de.linkedin.com/company/wmf-professional-coffee-machines,,,,,,,,,,,
linkedin,Ingenieur Entwicklung (m/w/d),KSB Company,"Frankenthal, Rhineland-Palatinate, Germany",2026-10-02,https://www.linkedin.com/jobs/view/4463962533 , ,li-4463962533,fulltime,,,,,,False,mid-senior level,,,,Industrial Machinery Manufacturing,https://de.linkedin.com/company/ksb,,,,,,,,,,,
linkedin,Battery System Design Engineer ESS / BESS (m/f/d),Gotion Inc.,"Göttingen, Lower Saxony, Germany",2026-10-02,https://www.linkedin.com/jobs/view/4429164764 , ,li-4429164764,fulltime,,,,,,False,mid-senior level,,,,Manufacturing,https://www.linkedin.com/company/gotion-inc-,,,,,,,,,,,
linkedin,Konstrukteur Maschinenbau (m/w/d),SCHUNK - Hand in hand for tomorrow,"Lauffen am Neckar, Baden-Württemberg, Germany",2026-10-02,https://www.linkedin.com/jobs/view/4473746416 , ,li-4473746416,fulltime,,,,,,False,associate,,,,Automation Machinery Manufacturing,https://de.linkedin.com/company/schunk,,,,,,,,,,,
linkedin,Mechanical Engineer  | Robotics,Cell Labs,"Berlin, Berlin, Germany",2026-10-02,https://www.linkedin.com/jobs/view/4473198317 , ,li-4473198317,fulltime,,,,,,False,mid-senior level,,,,IT Services and IT Consulting,https://www.linkedin.com/company/celllabs,,,,,,,,,,,
linkedin,Teamleiter (m/w/d) Konstruktion,Gebr. Kemper GmbH + Co. KG,"Olpe, North Rhine-Westphalia, Germany",2026-10-02,https://www.linkedin.com/jobs/view/4474706850 , ,li-4474706850,fulltime,,,,,,False,associate,,,,Construction,https://de.linkedin.com/company/gebr-kemper-gmbh-co-kg,,,,,,,,,,,
linkedin,"Senior Aerodynamics, CFD & Aircraft Design Engineer",Cambridge Aerospace,"Munich, Bavaria, Germany",2026-10-02,https://www.linkedin.com/jobs/view/4474741507 , ,li-4474741507,fulltime,,,,,,False,mid-senior level,,,,Defense and Space Manufacturing,https://www.linkedin.com/company/cambridgeaerospace,,,,,,,,,,,
linkedin,CMF Designer,AVATR Global Design Center,"Munich, Bavaria, Germany",2026-10-02,https://www.linkedin.com/jobs/view/4438652312 , ,li-4438652312,fulltime,,,,,,False,not applicable,,,,Construction,https://de.linkedin.com/company/avatrdesign,,,,,,,,,,,
linkedin,Entwicklungsingenieur Mechanische Konstruktion (m/w/d) – Automotive – Jülich,QCG Computer,"Jülich, North Rhine-Westphalia, Germany",2026-10-02,https://www.linkedin.com/jobs/view/4473138409 , ,li-4473138409,fulltime,direct_data,yearly,45000.0,60000.0,EUR,False,associate,,,,Software Development,https://de.linkedin.com/company/qcg-computer,,,,,,,,,,,
linkedin,Konstruktionsingenieur Fahrzeugtechnik (m/w/d),Oehmichen & Bürgers Industrieplanung GmbH,"Düsseldorf, North Rhine-Westphalia, Germany",2026-10-02,https://www.linkedin.com/jobs/view/4474781227 , ,li-4474781227,fulltime,,,,,,False,entry level,,,,Engineering Services,https://de.linkedin.com/company/oub,,,,,,,,,,,
linkedin,Ingenieur (m/w/d) Fahrzeugtechnik,FERCHAU,"Saarbrücken, Saarland, Germany",2026-10-02,https://www.linkedin.com/jobs/view/4438581392 , ,li-4438581392,fulltime,direct_data,yearly,50000.0,65000.0,EUR,False,entry level,,,saarbruecken@ferchau.com,Engineering Services,https://de.linkedin.com/company/ferchau,,,,,,,,,,,
linkedin,Entwicklungsingenieur:in F&E | High-Tech Kompressor Startup,Ecalia,"Stuttgart, Baden-Württemberg, Germany",2026-10-02,https://www.linkedin.com/jobs/view/4473109572 , ,li-4473109572,fulltime,direct_data,yearly,45000.0,60000.0,EUR,False,associate,,,,Machinery Manufacturing,https://de.linkedin.com/company/ecalia,,,,,,,,,,,
linkedin,Projektingenieur - Maschinen- und Anlagenplanung (m/w/d),Wildeboer Bauteile GmbH,"Weener, Lower Saxony, Germany",2026-10-02,https://www.linkedin.com/jobs/view/4474788751 , ,li-4474788751,fulltime,,,,,,False,mid-senior level,,,,Construction,https://de.linkedin.com/company/wildeboer-bauteile-gmbh,,,,,,,,,,,
linkedin,Mechanical Design Engineer (UAV/Drones) - Freelance - Munich,TECHNE,"Munich, Bavaria, Germany",2026-10-02,https://www.linkedin.com/jobs/view/4474705724 , ,li-4474705724,contract,,,,,,False,mid-senior level,,,,"Defense and Space Manufacturing, Robotics Engineering, and Design Services",https://uk.linkedin.com/company/techne-talent,,,,,,,,,,,
linkedin,Technischer Produktdesigner (m/w/d),ERCO,"Lüdenscheid, North Rhine-Westphalia, Germany",2026-10-02,https://www.linkedin.com/jobs/view/4473339076 , ,li-4473339076,fulltime,,,,,,False,associate,,,,"Electric Lighting Equipment Manufacturing, Architecture and Planning, and Accessible Architecture and Design",https://de.linkedin.com/company/erco,,,,,,,,,,,
linkedin,Entwicklungsingenieur Verfahrenstechnik (m/w/d) - Jobbird.com,Jobster,"Unterföhring, Bavaria, Germany",2026-10-02,https://www.linkedin.com/jobs/view/4473322743 , ,li-4473322743,fulltime,,,,,,False,mid-senior level,,,,Software Development,https://nl.linkedin.com/company/jobster-com,,,,,,,,,,,
linkedin,Duales Studium Bachelor of Engineering (B.Eng.) Maschinenbau ab September 2027,Syntegon,"Crailsheim, Baden-Württemberg, Germany",2026-10-02,https://www.linkedin.com/jobs/view/4436834145 , ,li-4436834145,fulltime,,,,,,False,not applicable,,,,Automation Machinery Manufacturing,https://de.linkedin.com/company/syntegon,,,,,,,,,,,
linkedin,Technischer Produktdesigner*in (M/W/D),HWR Spanntechnik GmbH,"Oyten, Lower Saxony, Germany",2026-10-02,https://www.linkedin.com/jobs/view/4472983989 , ,li-4472983989,fulltime,,,,,,False,entry level,,,bewerbung@hwr.de,Machinery Manufacturing,https://de.linkedin.com/company/hwr-spanntechnik-gmbh,,,,,,,,,,,
linkedin,Engineer (m/f/d) WRC Engine Application - Race & Test,TOYOTA RACING,"Cologne, North Rhine-Westphalia, Germany",2026-10-02,https://www.linkedin.com/jobs/view/4438627436 , ,li-4438627436,fulltime,,,,,,False,entry level,,,,Motor Vehicle Manufacturing,https://de.linkedin.com/company/toyota-racing,,,,,,,,,,,
linkedin,Process Development Engineer Assembly & Integration (w/m/d),AVL in Germany,"Munich, Bavaria, Germany",2026-10-02,https://www.linkedin.com/jobs/view/4472887654 , ,li-4472887654,fulltime,,,,,,False,entry level,,,HR-Recruiting@AVL.COM,Motor Vehicle Manufacturing,https://de.linkedin.com/company/avl-deutschland-gmbh,,,,,,,,,,,
linkedin,Mechanical Designer (m/w/d),Excelitas Technologies Corp.,"Alzenau in Unterfranken, Bavaria, Germany",2026-10-02,https://www.linkedin.com/jobs/view/4457613031 , ,li-4457613031,fulltime,,,,,,False,mid-senior level,,,,Manufacturing,https://www.linkedin.com/company/excelitas-technologies,,,,,,,,,,,
linkedin,Praktikant Prototypenentwicklung Antriebsmaschinen und Leistungselektronik (w/m/x),BMW Group,"Munich, Bavaria, Germany",2026-10-02,https://www.linkedin.com/jobs/view/4454118274 , ,li-4454118274,fulltime,,,,,,False,internship,,,,Motor Vehicle Manufacturing,https://de.linkedin.com/company/bmw-group,,,,,,,,,,,
linkedin,Praktikant Gesamtfahrzeugentwicklung (m/w/x),BMW Group,"Munich, Bavaria, Germany",2026-10-02,https://www.linkedin.com/jobs/view/4463934039 , ,li-4463934039,fulltime,,,,,,False,internship,,,,Motor Vehicle Manufacturing,https://de.linkedin.com/company/bmw-group,,,,,,,,,,,
linkedin,Technischer Konstrukteur (m/w/d),HWR Spanntechnik GmbH,"Oyten, Lower Saxony, Germany",2026-10-02,https://www.linkedin.com/jobs/view/4472993456 , ,li-4472993456,fulltime,,,,,,False,entry level,,,bewerbung@hwr.de,Machinery Manufacturing,https://de.linkedin.com/company/hwr-spanntechnik-gmbh,,,,,,,,,,,
linkedin,Konstrukteur (m/w/d) Maschinenbau/Anlagenbau,Oehmichen & Bürgers Industrieplanung GmbH,"Düsseldorf, North Rhine-Westphalia, Germany",2026-10-02,https://www.linkedin.com/jobs/view/4474725149 , ,li-4474725149,fulltime,,,,,,False,entry level,,,,Engineering Services,https://de.linkedin.com/company/oub,,,,,,,,,,,
linkedin,Senior Design Engineer,SRAM,"Schweinfurt, Bavaria, Germany",2026-10-02,https://www.linkedin.com/jobs/view/4473155121 , ,li-4473155121,fulltime,,,,,,False,mid-senior level,,,,Manufacturing,https://www.linkedin.com/company/sram-llc,,,,,,,,,,,
linkedin,Systemingenieur Vorentwicklung Elektrik/Elektronik (m/w/d),Tintschl Unternehmensgruppe,Greater Kassel Area,2026-10-02,https://www.linkedin.com/jobs/view/4474772381 , ,li-4474772381,fulltime,,,,,,False,associate,,,,Defense and Space Manufacturing,https://de.linkedin.com/company/tintschlunternehmensgruppe,,,,,,,,,,,
linkedin,Konstrukteur Möbel- oder Sonderfahrzeugbau (all genders welcome),BFE Studio und Medien Systeme GmbH,"Mainz, Rhineland-Palatinate, Germany",2026-10-02,https://www.linkedin.com/jobs/view/4472992614 , ,li-4472992614,fulltime,,,,,,False,mid-senior level,,,bewerbungen@bfe.tv,Broadcast Media Production and Distribution,https://de.linkedin.com/company/bfe-studio-und-mediensysteme-gmbh,,,,,,,,,,,
linkedin,Electrical Engineer Automotive (m/w/d),Bertrandt Group,"Vilsbiburg, Bavaria, Germany",2026-10-02,https://www.linkedin.com/jobs/view/4473358130 , ,li-4473358130,fulltime,,,,,,False,entry level,,,,Engineering Services,https://de.linkedin.com/company/bertrandt-ag,,,,,,,,,,,
linkedin,Elektronikingenieur – Automotive-Produktentwicklung (m/w/d) – Jülich,QCG Computer,"Jülich, North Rhine-Westphalia, Germany",2026-10-02,https://www.linkedin.com/jobs/view/4473136555 , ,li-4473136555,fulltime,direct_data,yearly,45000.0,60000.0,EUR,False,associate,,,,Software Development,https://de.linkedin.com/company/qcg-computer,,,,,,,,,,,
linkedin,Powertrain Engineer,Kaizen Resourcing,"Munich, Bavaria, Germany",2026-10-02,https://www.linkedin.com/jobs/view/4474795974 , ,li-4474795974,fulltime,direct_data,yearly,80000.0,120000.0,EUR,False,mid-senior level,,,,"Robotics Engineering, Aviation and Aerospace Component Manufacturing, and Defense and Space Manufacturing",https://uk.linkedin.com/company/kaizen-resourcing,,,,,,,,,,,
linkedin,Konstrukteur (m/w/d) Sondermaschinenbau,SCHMID GROUP,"Sonnenbühl, Baden-Württemberg, Germany",2026-10-02,https://www.linkedin.com/jobs/view/4465966321 , ,li-4465966321,fulltime,,,,,,False,entry level,,,,Machinery Manufacturing,https://de.linkedin.com/company/schmidgruppe-sonnenbuehl,,,,,,,,,,,
linkedin,Technischer Produktdesigner (m/w/d) - befristet für 1 Jahr,SAF-HOLLAND Group,"Bessenbach, Bavaria, Germany",2026-10-02,https://www.linkedin.com/jobs/view/4474791484 , ,li-4474791484,fulltime,,,,,,False,mid-senior level,,,,Truck Transportation,https://de.linkedin.com/company/saf-holland-group,,,,,,,,,,,
linkedin,Battery Engineer (Pack Design & Cell Characterization),TYTAN Technologies,"Munich, Bavaria, Germany",2026-10-02,https://www.linkedin.com/jobs/view/4473369032 , ,li-4473369032,fulltime,,,,,,False,mid-senior level,,,,Defense and Space Manufacturing and Aviation and Aerospace Component Manufacturing,https://de.linkedin.com/company/tytan-technologies,,,,,,,,,,,
linkedin,Mechanical Engineer,Helsing,"Munich, Bavaria, Germany",2026-10-02,https://www.linkedin.com/jobs/view/4463473180 , ,li-4463473180,fulltime,,,,,,False,mid-senior level,,,,Software Development,https://de.linkedin.com/company/helsing,,,,,,,,,,,
linkedin,Entwicklungsingenieur Cabin Interior (mw/d) Luftfahrt,expertum Gruppe,"Hamburg, Hamburg, Germany",2026-10-02,https://www.linkedin.com/jobs/view/4473361346 , ,li-4473361346,fulltime,,,,,,False,mid-senior level,,,,Staffing and Recruiting,https://de.linkedin.com/company/expertumgruppe,,,,,,,,,,,
linkedin,Konstrukteur/in (m/w/d) Bereich Spanntechnik & Produktentwicklung für die Zerspanung,HWR Spanntechnik GmbH,"Oyten, Lower Saxony, Germany",2026-10-02,https://www.linkedin.com/jobs/view/4472987791 , ,li-4472987791,fulltime,,,,,,False,mid-senior level,,,bewerbung@hwr.de,Machinery Manufacturing,https://de.linkedin.com/company/hwr-spanntechnik-gmbh,,,,,,,,,,,
linkedin,Senior Entwicklungskonstrukteur (m/w/d),Mühlbauer Group,"Roding, Bavaria, Germany",2026-10-02,https://www.linkedin.com/jobs/view/4425272600 , ,li-4425272600,fulltime,,,,,,False,mid-senior level,,,,Machinery Manufacturing,https://de.linkedin.com/company/muhlbauer-group,,,,,,,,,,,
linkedin,Design Engineer (Mechanical / CAD),Cambridge Aerospace,"Munich, Bavaria, Germany",2026-10-02,https://www.linkedin.com/jobs/view/4474738131 , ,li-4474738131,fulltime,,,,,,False,mid-senior level,,,,Defense and Space Manufacturing and Aviation and Aerospace Component Manufacturing,https://www.linkedin.com/company/cambridgeaerospace,,,,,,,,,,,
linkedin,Produktentwickler (m/w/d),HWR Spanntechnik GmbH,"Oyten, Lower Saxony, Germany",2026-10-02,https://www.linkedin.com/jobs/view/4472993465 , ,li-4472993465,fulltime,,,,,,False,mid-senior level,,,bewerbung@hwr.de,Machinery Manufacturing,https://de.linkedin.com/company/hwr-spanntechnik-gmbh,,,,,,,,,,,
linkedin,Business Intelligence & Systems Design Engineer (m/f/d),Alpitronic,"Nuremberg, Bavaria, Germany",2026-10-02,https://www.linkedin.com/jobs/view/4385734895 , ,li-4385734895,fulltime,,,,,,False,associate,,,,"Appliances, Electrical, and Electronics Manufacturing",https://it.linkedin.com/company/alpitronic-srl,,,,,,,,,,,
linkedin,Engineer Geometrical System Integration (m/f/d),Nordex Group,"Rostock, Mecklenburg-West Pomerania, Germany",2026-10-02,https://www.linkedin.com/jobs/view/4474714573 , ,li-4474714573,fulltime,,,,,,False,mid-senior level,,,,Renewable Energy Equipment Manufacturing,https://de.linkedin.com/company/nordex,,,,,,,,,,,
linkedin,Engineer Geometrical System Integration (m/f/d),Nordex Group,"Hamburg, Germany",2026-10-02,https://www.linkedin.com/jobs/view/4474710738 , ,li-4474710738,fulltime,,,,,,False,mid-senior level,,,,Renewable Energy Equipment Manufacturing,https://de.linkedin.com/company/nordex,,,,,,,,,,,
linkedin,Maschinenbauingenieur (m/w/d),MINDA,"Minden, North Rhine-Westphalia, Germany",2026-10-02,https://www.linkedin.com/jobs/view/4475044796 , ,li-4475044796,fulltime,,,,,,False,entry level,,,personal@minda.com,Machinery Manufacturing,https://de.linkedin.com/company/minda-industrieanlagen-gmbh,,,,,,,,,,,
linkedin,"Praktikant Produktionsgerechte Produktgestaltung, Wettbewerbsanalyse und Vorentwicklung (w/m/x)",BMW Group,"Munich, Bavaria, Germany",2026-10-02,https://www.linkedin.com/jobs/view/4463964702 , ,li-4463964702,fulltime,,,,,,False,internship,,,,Motor Vehicle Manufacturing,https://de.linkedin.com/company/bmw-group,,,,,,,,,,,
linkedin,Entwicklungsingenieur (m/w/d) Automotive,FERCHAU,"Karlsruhe, Baden-Württemberg, Germany",2026-10-02,https://www.linkedin.com/jobs/view/4438572807 , ,li-4438572807,fulltime,direct_data,yearly,48000.0,62000.0,EUR,False,entry level,,,karlsruhe-mobility@ferchau.com,Engineering Services,https://de.linkedin.com/company/ferchau,,,,,,,,,,,
linkedin,Entwicklungsingenieur Fahrzeugtechnik & Systemintegration (all gender),ALTEN,"Munich, Bavaria, Germany",2026-10-02,https://www.linkedin.com/jobs/view/4380291238 , ,li-4380291238,fulltime,,,,,,False,associate,,,,Motor Vehicle Manufacturing,https://fr.linkedin.com/company/alten,,,,,,,,,,,
linkedin,Konstrukteur Maschinenbau (m/w/d),FERCHAU,"Paderborn, North Rhine-Westphalia, Germany",2026-10-02,https://www.linkedin.com/jobs/view/4438567952 , ,li-4438567952,fulltime,direct_data,yearly,48000.0,58000.0,EUR,False,entry level,,,paderborn@ferchau.com,Engineering Services,https://de.linkedin.com/company/ferchau,,,,,,,,,,,
linkedin,Design Engineer Aero Engines (m/w/d),ACONEXT,"Blankenfelde-Mahlow, Brandenburg, Germany",2026-10-02,https://www.linkedin.com/jobs/view/4473132864 , ,li-4473132864,fulltime,,,,,,False,associate,,,,Aviation and Aerospace Component Manufacturing,https://de.linkedin.com/company/aconext-holding-gmbh,,,,,,,,,,,
linkedin,Design Engineer Aero Engines (m/w/d),ACONEXT,"Berlin, Germany",2026-10-02,https://www.linkedin.com/jobs/view/4473337967 , ,li-4473337967,fulltime,,,,,,False,entry level,,,,Engineering Services,https://de.linkedin.com/company/aconext-holding-gmbh,,,,,,,,,,,
linkedin,Entwicklungsingenieur (m/w/d),FERCHAU,"Kiel, Schleswig-Holstein, Germany",2026-10-02,https://www.linkedin.com/jobs/view/4438587055 , ,li-4438587055,fulltime,direct_data,yearly,58000.0,69000.0,EUR,False,entry level,,,john.kaehler@ferchau.com,Engineering Services,https://de.linkedin.com/company/ferchau,,,,,,,,,,,
linkedin,Systemingenieur Vorentwicklung Systemintegration (m/w/d),Tintschl Unternehmensgruppe,Greater Kassel Area,2026-10-02,https://www.linkedin.com/jobs/view/4474773367 , ,li-4474773367,fulltime,,,,,,False,associate,,,,Defense and Space Manufacturing,https://de.linkedin.com/company/tintschlunternehmensgruppe,,,,,,,,,,,
linkedin,Konstrukteur Maschinenbau (m/w/d) - Jobbird.com,Jobster,"Oyten, Lower Saxony, Germany",2026-10-02,https://www.linkedin.com/jobs/view/4473336160 , ,li-4473336160,fulltime,,,,,,False,entry level,,,,Software Development,https://nl.linkedin.com/company/jobster-com,,,,,,,,,,,
linkedin,Product Engineer (m/f/d),Leggett Dynamics,"Nuremberg, Bavaria, Germany",2026-10-02,https://www.linkedin.com/jobs/view/4474716918 , ,li-4474716918,parttime,,,,,,False,mid-senior level,,,careers@leggett.com,Furniture and Home Furnishings Manufacturing,https://www.linkedin.com/company/leggettdynamics,,,,,,,,,,,
linkedin,R&D Engineer / Scientist / Developer,Atlas Copco Group,Ruhr Region,2026-10-01,https://www.linkedin.com/jobs/view/4472521978 , ,li-4472521978,fulltime,,,,,,False,not applicable,,,david.gabriel@atlascopco.com,Machinery Manufacturing,https://se.linkedin.com/company/atlas-copco-group,,,,,,,,,,,
linkedin,Development Engineer (w/m/d),MBDA Deutschland,"Aschau bei Kraiburg, Bavaria, Germany",2026-10-01,https://www.linkedin.com/jobs/view/4474331032 , ,li-4474331032,fulltime,,,,,,False,mid-senior level,,,,Defense and Space Manufacturing,https://de.linkedin.com/company/mbda-deutschland,,,,,,,,,,,
linkedin,Systems Engineer (m/f/d) eDrive System Development,SEG Automotive,"Stuttgart, Baden-Württemberg, Germany",2026-10-01,https://www.linkedin.com/jobs/view/4474312274 , ,li-4474312274,fulltime,,,,,,False,associate,,,,Motor Vehicle Manufacturing,https://de.linkedin.com/company/segautomotive,,,,,,,,,,,
linkedin,Chemical Engineer (m/f/d),HyImpulse,"Neuenstadt am Kocher, Baden-Württemberg, Germany",2026-10-01,https://www.linkedin.com/jobs/view/4472953368 , ,li-4472953368,fulltime,,,,,,False,entry level,,,,Aviation & Aerospace,https://de.linkedin.com/company/hyimpulse,,,,,,,,,,,
linkedin,Projekt- & Systemingenieur für Tankstellen der Wasserstoff- und Sauerstoffversorgung (m/w/d),TKMS,"Kiel, Schleswig-Holstein, Germany",2026-10-01,https://www.linkedin.com/jobs/view/4472648900 , ,li-4472648900,fulltime,,,,,,False,mid-senior level,,,,Utilities,https://de.linkedin.com/company/tkms,,,,,,,,,,,
linkedin,Ingenieur (m/w/x) Motorsoftware und Nachrüstungen,Groupe SII,"Augsburg, Bavaria, Germany",2026-10-01,https://www.linkedin.com/jobs/view/4474144826 , ,li-4474144826,fulltime,,,,,,False,entry level,,,,IT Services and IT Consulting,https://fr.linkedin.com/company/sii,,,,,,,,,,,
linkedin,"Roboticist, Control Systems Engineer (m/f/d)",Mycronic,"Wertheim, Baden-Württemberg, Germany",2026-10-01,https://www.linkedin.com/jobs/view/4453485905 , ,li-4453485905,fulltime,,,,,,False,mid-senior level,,,,"Appliances, Electrical, and Electronics Manufacturing",https://se.linkedin.com/company/mycronic,,,,,,,,,,,
linkedin,Senior Engineer Sensoric Systems and Advanced Modelling (m/f/d),ENERCON,"Mannheim, Baden-Württemberg, Germany",2026-10-01,https://www.linkedin.com/jobs/view/4474333279 , ,li-4474333279,fulltime,,,,,,False,mid-senior level,,,"Kathrin.Schreiber@enercon.de, inclusion@enercon.de",Renewable Energy Semiconductor Manufacturing,https://de.linkedin.com/company/enercon-gmbh,,,,,,,,,,,
linkedin,Energy and Power System Architect (f/m/d),NXP Semiconductors,"Munich, Bavaria, Germany",2026-10-01,https://www.linkedin.com/jobs/view/4437194695 , ,li-4437194695,fulltime,,,,,,False,mid-senior level,,,,"Semiconductor Manufacturing, Computers and Electronics Manufacturing, and Software Development",https://nl.linkedin.com/company/nxp-semiconductors,,,,,,,,,,,
linkedin,Senior Hardware Engineer - Automotive (m/f/d),TE Connectivity,"Speyer, Rhineland-Palatinate, Germany",2026-10-01,https://www.linkedin.com/jobs/view/4443520349 , ,li-4443520349,fulltime,,,,,,False,mid-senior level,,,,"Appliances, Electrical, and Electronics Manufacturing",https://ie.linkedin.com/company/te-connectivity,,,,,,,,,,,
linkedin,SPS-Programmierer / Serviceingenieur e-Mobility (m/w/d),Krause Automation,"Stuttgart, Baden-Württemberg, Germany",2026-10-01,https://www.linkedin.com/jobs/view/4472923836 , ,li-4472923836,fulltime,,,,,,False,associate,,,career@krause-automation.com,Engineering Services,https://de.linkedin.com/company/krause-automation,,,,,,,,,,,
linkedin,Senior Software Engineer (m/f/d) Embedded Software Development & Function Configuration (eDrive),SEG Automotive,"Stuttgart, Baden-Württemberg, Germany",2026-10-01,https://www.linkedin.com/jobs/view/4474324025 , ,li-4474324025,fulltime,,,,,,False,associate,,,,Motor Vehicle Manufacturing,https://de.linkedin.com/company/segautomotive,,,,,,,,,,,
linkedin,Acoustic Systems Engineer (m/f/d),HARMAN International,"Garching, Bavaria, Germany",2026-10-01,https://www.linkedin.com/jobs/view/4453473200 , ,li-4453473200,fulltime,,,,,,False,mid-senior level,,,harmancareers@harman.com,Computers and Electronics Manufacturing,https://www.linkedin.com/company/harman-international,,,,,,,,,,,
linkedin,Software Integration Lead (m/f/d),Valeo,"Garching, Bavaria, Germany",2026-10-01,https://www.linkedin.com/jobs/view/4336032633 , ,li-4336032633,fulltime,,,,,,False,mid-senior level,,,Alessa.Knapp@valeo.com,Motor Vehicle Parts Manufacturing,https://fr.linkedin.com/company/valeo,,,,,,,,,,,
linkedin,Senior Autosar Architect (w/m/d),Mobileye,"Coblenz, Rhineland-Palatinate, Germany",2026-10-01,https://www.linkedin.com/jobs/view/4452701760 , ,li-4452701760,fulltime,,,,,,False,mid-senior level,,,,Artificial Intelligence,https://il.linkedin.com/company/mobileye,,,,,,,,,,,
linkedin,Senior Engineer Sensoric Systems and Advanced Modelling (m/f/d),ENERCON,"Tannenhausen, Lower Saxony, Germany",2026-10-01,https://www.linkedin.com/jobs/view/4474321948 , ,li-4474321948,fulltime,,,,,,False,mid-senior level,,,"Kathrin.Schreiber@enercon.de, inclusion@enercon.de",Renewable Energy Semiconductor Manufacturing,https://de.linkedin.com/company/enercon-gmbh,,,,,,,,,,,
linkedin,Electronic Hardware Engineer (m/f/d) Automotive Traction Inverters,SEG Automotive,"Stuttgart, Baden-Württemberg, Germany",2026-10-01,https://www.linkedin.com/jobs/view/4474304632 , ,li-4474304632,fulltime,,,,,,False,associate,,,,Motor Vehicle Manufacturing,https://de.linkedin.com/company/segautomotive,,,,,,,,,,,
linkedin,Entwicklungsingenieur Elektronik (m/w/d),SMP STABIL Deutschland,"Kirchheim unter Teck, Baden-Württemberg, Germany",2026-10-01,https://www.linkedin.com/jobs/view/4474172963 , ,li-4474172963,fulltime,,,,,,False,associate,,,Bewerbung@smpcorp.eu,"Appliances, Electrical, and Electronics Manufacturing, Computers and Electronics Manufacturing, and Railroad Equipment Manufacturing",https://de.linkedin.com/company/smp-stabil-deutschland,,,,,,,,,,,
linkedin,Systems Engineer - Armament Control System,Helsing,"Munich, Bavaria, Germany",2026-10-01,https://www.linkedin.com/jobs/view/4472949739 , ,li-4472949739,fulltime,,,,,,False,mid-senior level,,,,Software Development,https://de.linkedin.com/company/helsing,,,,,,,,,,,
linkedin,Motion Planning Engineer (m/f/d),MOTOR Ai,"Berlin, Berlin, Germany",2026-10-01,https://www.linkedin.com/jobs/view/4472932729 , ,li-4472932729,fulltime,,,,,,False,associate,,,,Software Development,https://de.linkedin.com/company/motorai,,,,,,,,,,,
linkedin,Senior Device Design Engineer,L&T Semiconductor Technologies,"Munich, Bavaria, Germany",2026-10-01,https://www.linkedin.com/jobs/view/4472917624 , ,li-4472917624,fulltime,,,,,,False,not applicable,,,,Semiconductor Manufacturing,https://in.linkedin.com/company/lt-semiconductor-technologies,,,,,,,,,,,
linkedin,Masterand/in / Student/in (w/m/d) Entwicklung von Anbindungskonzepten im Flugzeugtriebwerk,German Aerospace Center (DLR),"Stuttgart, Baden-Württemberg, Germany",2026-10-01,https://www.linkedin.com/jobs/view/4472748133 , ,li-4472748133,fulltime,,,,,,False,internship,,,,Research Services,https://de.linkedin.com/company/dlr,,,,,,,,,,,
linkedin,Konstrukteur (m/w/d),FERCHAU,"Kiel, Schleswig-Holstein, Germany",2026-10-01,https://www.linkedin.com/jobs/view/4438588000 , ,li-4438588000,fulltime,direct_data,yearly,45000.0,62000.0,EUR,False,entry level,,,jette.braun@ferchau.com,Engineering Services,https://de.linkedin.com/company/ferchau,,,,,,,,,,,
linkedin,Maschinenbauingenieur:in,Tintschl Unternehmensgruppe,"Hamburg, Germany",2026-10-01,https://www.linkedin.com/jobs/view/4474152321 , ,li-4474152321,fulltime,,,,,,False,associate,,,,Staffing and Recruiting,https://de.linkedin.com/company/tintschlunternehmensgruppe,,,,,,,,,,,
linkedin,Vorrichtungskonstrukteur (m/w/d),TKMS,"Kiel, Schleswig-Holstein, Germany",2026-10-01,https://www.linkedin.com/jobs/view/4472906283 , ,li-4472906283,fulltime,,,,,,False,mid-senior level,,,,Utilities,https://de.linkedin.com/company/tkms,,,,,,,,,,,
linkedin,Senior Product Engineer - Fine-Pitch Board Connectors (m/w/d),TE Connectivity,"Adelberg-Dorf, Baden-Württemberg, Germany",2026-10-01,https://www.linkedin.com/jobs/view/4388440949 , ,li-4388440949,fulltime,,,,,,False,mid-senior level,,,,"Appliances, Electrical, and Electronics Manufacturing",https://ie.linkedin.com/company/te-connectivity,,,,,,,,,,,
linkedin,Senior Product Engineer - Fine-Pitch Board Connectors (m/f/d),TE Connectivity,"Adelberg-Dorf, Baden-Württemberg, Germany",2026-10-01,https://www.linkedin.com/jobs/view/4435147926 , ,li-4435147926,fulltime,,,,,,False,mid-senior level,,,,"Appliances, Electrical, and Electronics Manufacturing",https://ie.linkedin.com/company/te-connectivity,,,,,,,,,,,
linkedin,Entwicklungsingenieur (m/w/d) für Fluggeräte in Bingen Rheinland-Pfalz,"CONDOR Schutz- und Sicherheitsdienst GmbH, UAV-Solutions","Essen, North Rhine-Westphalia, Germany",2026-10-01,https://www.linkedin.com/jobs/view/4472364892 , ,li-4472364892,fulltime,,,,,,False,mid-senior level,,,"karriere@condor-sicherheit.de, s.lange@condor-sicherheit.de",Security and Investigations,https://de.linkedin.com/company/condor-security-and-safety,,,,,,,,,,,
linkedin,Senior Mechanical Design Engineer (m/w/d),"IKA – Laboratory, Analytical and Process Technology","Staufen im Breisgau, Baden-Württemberg, Germany",2026-10-01,https://www.linkedin.com/jobs/view/4445964801 , ,li-4445964801,fulltime,,,,,,False,mid-senior level,,,,Machinery Manufacturing,https://de.linkedin.com/company/ika-works,,,,,,,,,,,
linkedin,Entwicklungs-/Applikationsingenieur (m/w/d) – Elektrifizierung mobile Arbeitsmaschinen,LHY,"Aschaffenburg, Bavaria, Germany",2026-10-01,https://www.linkedin.com/jobs/view/4472921019 , ,li-4472921019,fulltime,,,,,,False,mid-senior level,,,,Mining,https://de.linkedin.com/company/lhy-powertrain,,,,,,,,,,,
linkedin,Ausbildung Technische Produktdesignerin / Technischer Produktdesigner (w/m/d) 2027,Volkswagen Group,"Emden, Lower Saxony, Germany",2026-10-01,https://www.linkedin.com/jobs/view/4447185933 , ,li-4447185933,fulltime,,,,,,False,internship,,,,Motor Vehicle Manufacturing,https://de.linkedin.com/company/volkswagen-group,,,,,,,,,,,
linkedin,Senior Hardware Design Engineer (f/m/d),Munich Electrification,"Munich, Bavaria, Germany",2026-10-01,https://www.linkedin.com/jobs/view/4355797299 , ,li-4355797299,fulltime,,,,,,False,mid-senior level,,,,"Appliances, Electrical, and Electronics Manufacturing",https://de.linkedin.com/company/munichelectrification,,,,,,,,,,,
linkedin,Junior Entwicklungsingenieur (w/m/d) Automotive,Valyue Consulting GmbH,"Stuttgart, Baden-Württemberg, Germany",2026-10-01,https://www.linkedin.com/jobs/view/4474332347 , ,li-4474332347,fulltime,,,,,,False,internship,,,,IT Services and IT Consulting,https://de.linkedin.com/company/valyue-consulting-gmbh,,,,,,,,,,,
linkedin,Antenna Design Engineer,Amphenol,"Frankfurt, Hesse, Germany",2026-10-01,https://www.linkedin.com/jobs/view/4296794814 , ,li-4296794814,fulltime,,,,,,False,associate,,,lauren.devine@amphenolmcp.com,"Appliances, Electrical, and Electronics Manufacturing",https://www.linkedin.com/company/amphenol,,,,,,,,,,,
linkedin,Senior Engineer Sensoric Systems and Advanced Modelling (m/f/d),ENERCON,"Magdeburg, Saxony-Anhalt, Germany",2026-10-01,https://www.linkedin.com/jobs/view/4474326774 , ,li-4474326774,fulltime,,,,,,False,mid-senior level,,,"Kathrin.Schreiber@enercon.de, inclusion@enercon.de",Renewable Energy Semiconductor Manufacturing,https://de.linkedin.com/company/enercon-gmbh,,,,,,,,,,,
linkedin,Senior Engineer Sensoric Systems and Advanced Modelling (m/f/d),ENERCON,"Bremen, Bremen, Germany",2026-10-01,https://www.linkedin.com/jobs/view/4474339068 , ,li-4474339068,fulltime,,,,,,False,mid-senior level,,,"Kathrin.Schreiber@enercon.de, inclusion@enercon.de",Renewable Energy Semiconductor Manufacturing,https://de.linkedin.com/company/enercon-gmbh,,,,,,,,,,,
linkedin,Product Engineer Kabelsysteme RAIL (m/w/d),BizLink Group,"Georgensgmünd, Bavaria, Germany",2026-10-01,https://www.linkedin.com/jobs/view/4463430927 , ,li-4463430927,fulltime,,,,,,False,entry level,,,_braeu@bizlinktech.com,"Appliances, Electrical, and Electronics Manufacturing",https://www.linkedin.com/company/bizlink-technology-inc-,,,,,,,,,,,
linkedin,Wissenschaftliche/r Mitarbeiter/in (m/w/d) - Leistungselektronik,Universität Rostock,"Rostock, Mecklenburg-West Pomerania, Germany",2026-10-01,https://www.linkedin.com/jobs/view/4474393895 , ,li-4474393895,fulltime,,,,,,False,mid-senior level,,,"pia.dahl@uni-rostock.de, hans-guenter.eckel@uni-rostock.de",Internet Publishing,https://de.linkedin.com/school/university-of-rostock/,,,,,,,,,,,
linkedin,SDV (Senior) Engineer Connectivity & Software Defined Networking (all genders),MHP – A Porsche Company,"Dresden, Saxony, Germany",2026-10-01,https://www.linkedin.com/jobs/view/4417725253 , ,li-4417725253,fulltime,,,,,,False,mid-senior level,,,,Business Consulting and Services,https://de.linkedin.com/company/mhp-a-porsche-company,,,,,,,,,,,
linkedin,Systemingenieur Konstruktion Elektrotechnik (m/w/d) militärischer Schiffbau,ORANGE Engineering GmbH & Co. KG,"Wedel, Schleswig-Holstein, Germany",2026-10-01,https://www.linkedin.com/jobs/view/4472912830 , ,li-4472912830,fulltime,,,,,,False,mid-senior level,,,,Machinery Manufacturing,https://de.linkedin.com/company/orange-engineering-gmbh,,,,,,,,,,,
linkedin,SDV (Senior) Engineer Connectivity & Software Defined Networking (all genders),MHP – A Porsche Company,"Ludwigsburg, Baden-Württemberg, Germany",2026-10-01,https://www.linkedin.com/jobs/view/4417729171 , ,li-4417729171,fulltime,,,,,,False,mid-senior level,,,,Business Consulting and Services,https://de.linkedin.com/company/mhp-a-porsche-company,,,,,,,,,,,
linkedin,Systems Engineer - Weapon Integration,Helsing,"Munich, Bavaria, Germany",2026-10-01,https://www.linkedin.com/jobs/view/4472961161 , ,li-4472961161,fulltime,,,,,,False,mid-senior level,,,,Software Development,https://de.linkedin.com/company/helsing,,,,,,,,,,,
linkedin,SDV (Senior) Engineer Connectivity & Software Defined Networking (all genders),MHP – A Porsche Company,"Düsseldorf, North Rhine-Westphalia, Germany",2026-10-01,https://www.linkedin.com/jobs/view/4417713480 , ,li-4417713480,fulltime,,,,,,False,mid-senior level,,,,Business Consulting and Services,https://de.linkedin.com/company/mhp-a-porsche-company,,,,,,,,,,,
linkedin,Senior R&D / Product Development Engineer (m/f/d),TE Connectivity,"Ottobrunn, Bavaria, Germany",2026-10-01,https://www.linkedin.com/jobs/view/4444424392 , ,li-4444424392,fulltime,,,,,,False,mid-senior level,,,,"Appliances, Electrical, and Electronics Manufacturing",https://ie.linkedin.com/company/te-connectivity,,,,,,,,,,,
linkedin,Entwicklungsingenieur Elektrotechnik (m/w/d),ORANGE Engineering GmbH & Co. KG,"Bremen, Bremen, Germany",2026-10-01,https://www.linkedin.com/jobs/view/4472932065 , ,li-4472932065,fulltime,,,,,,False,mid-senior level,,,,Machinery Manufacturing,https://de.linkedin.com/company/orange-engineering-gmbh,,,,,,,,,,,
linkedin,PhD Student Power Electronics (f/m/d),Volkswagen Group,"Wolfsburg, Lower Saxony, Germany",2026-10-01,https://www.linkedin.com/jobs/view/4469031290 , ,li-4469031290,fulltime,,,,,,False,internship,,,,Motor Vehicle Manufacturing,https://de.linkedin.com/company/volkswagen-group,,,,,,,,,,,
linkedin,Senior R&D / Product Development Engineer (m/w/d),TE Connectivity,"Ottobrunn, Bavaria, Germany",2026-10-01,https://www.linkedin.com/jobs/view/4441525782 , ,li-4441525782,fulltime,,,,,,False,mid-senior level,,,,"Appliances, Electrical, and Electronics Manufacturing",https://ie.linkedin.com/company/te-connectivity,,,,,,,,,,,
linkedin,Feed System Functional Engineer,The Exploration Company,Greater Munich Metropolitan Area,2026-10-01,https://www.linkedin.com/jobs/view/4455439277 , ,li-4455439277,fulltime,,,,,,False,mid-senior level,,,,Aviation and Aerospace Component Manufacturing,https://de.linkedin.com/company/exploration-company,,,,,,,,,,,
linkedin,Entwicklungsingenieur (m/w/d) Leistungselektronik,FERCHAU,"Oberkochen, Baden-Württemberg, Germany",2026-10-01,https://www.linkedin.com/jobs/view/4438582361 , ,li-4438582361,fulltime,direct_data,yearly,55000.0,70000.0,EUR,False,mid-senior level,,,heidenheim@ferchau.com,Engineering Services,https://de.linkedin.com/company/ferchau,,,,,,,,,,,
linkedin,Flex Trainee,Atlas Copco Group,Ruhr Region,2026-10-01,https://www.linkedin.com/jobs/view/4472524692 , ,li-4472524692,fulltime,,,,,,False,not applicable,,,,Machinery Manufacturing,https://se.linkedin.com/company/atlas-copco-group,,,,,,,,,,,
linkedin,[Ab sofort] KFZ-Mechaniker/Mechatroniker (m/w/d),improveQM GmbH,"Affalterbach, Baden-Württemberg, Germany",2026-10-01,https://www.linkedin.com/jobs/view/4472941536 , ,li-4472941536,fulltime,,,,,,False,mid-senior level,,,,Professional Services,https://de.linkedin.com/company/improveqm-gmbh,,,,,,,,,,,
linkedin,Fahrzeugbauer m/w/d,euregio Personaldienstleistungen GmbH,"Goch, North Rhine-Westphalia, Germany",2026-10-01,https://www.linkedin.com/jobs/view/4472568087 , ,li-4472568087,fulltime,,,,,,False,entry level,,,,Staffing and Recruiting,https://de.linkedin.com/company/euregio-personaldienstleistungen-gmbh,,,,,,,,,,,
linkedin,Systems Engineer - Armament Control System Testing,Helsing,"Munich, Bavaria, Germany",2026-10-01,https://www.linkedin.com/jobs/view/4472964076 , ,li-4472964076,fulltime,,,,,,False,mid-senior level,,,,Software Development,https://de.linkedin.com/company/helsing,,,,,,,,,,,
linkedin,SDV (Senior) Engineer Connectivity & Software Defined Networking (all genders),MHP – A Porsche Company,"Wolfsburg, Lower Saxony, Germany",2026-10-01,https://www.linkedin.com/jobs/view/4417727214 , ,li-4417727214,fulltime,,,,,,False,mid-senior level,,,,Business Consulting and Services,https://de.linkedin.com/company/mhp-a-porsche-company,,,,,,,,,,,
linkedin,Senior Engineer Sensoric Systems and Advanced Modelling (m/f/d),ENERCON,"Kiel, Schleswig-Holstein, Germany",2026-10-01,https://www.linkedin.com/jobs/view/4474326775 , ,li-4474326775,fulltime,,,,,,False,mid-senior level,,,"Kathrin.Schreiber@enercon.de, inclusion@enercon.de",Renewable Energy Semiconductor Manufacturing,https://de.linkedin.com/company/enercon-gmbh,,,,,,,,,,,
linkedin,Flight Control Systems Engineer,Helsing,"Munich, Bavaria, Germany",2026-10-01,https://www.linkedin.com/jobs/view/4472954427 , ,li-4472954427,fulltime,,,,,,False,mid-senior level,,,,Software Development,https://de.linkedin.com/company/helsing,,,,,,,,,,,
linkedin,VIE Production System & Projects,Valeo,"Neuses, Bavaria, Germany",2026-10-01,https://www.linkedin.com/jobs/view/4303046798 , ,li-4303046798,fulltime,,,,,,False,entry level,,,,Motor Vehicle Parts Manufacturing,https://fr.linkedin.com/company/valeo,,,,,,,,,,,
linkedin,Junior Technical Project Leader (m/w/d),TE Connectivity,"Bensheim, Hesse, Germany",2026-10-01,https://www.linkedin.com/jobs/view/4466693541 , ,li-4466693541,fulltime,,,,,,False,mid-senior level,,,,"Appliances, Electrical, and Electronics Manufacturing",https://ie.linkedin.com/company/te-connectivity,,,,,,,,,,,
linkedin,Ingenieur für Systemsicherheit (m/w/d),ORANGE Engineering GmbH & Co. KG,"Kassel, Hesse, Germany",2026-10-01,https://www.linkedin.com/jobs/view/4472933029 , ,li-4472933029,fulltime,,,,,,False,mid-senior level,,,,Machinery Manufacturing,https://de.linkedin.com/company/orange-engineering-gmbh,,,,,,,,,,,
linkedin,Hardware Lead (f/m/d) - Berlin,CYCLE,"Berlin, Berlin, Germany",2026-10-01,https://www.linkedin.com/jobs/view/4472903408 , ,li-4472903408,fulltime,,,,,,False,associate,,,katarzyna@cycle.eco,Software Development,https://de.linkedin.com/company/cycle-eco,,,,,,,,,,,
linkedin,Senior Expert (w/m/d) System Engineering AOS,JENOPTIK,"Wedel, Schleswig-Holstein, Germany",2026-10-01,https://www.linkedin.com/jobs/view/4472691923 , ,li-4472691923,fulltime,,,,,,False,mid-senior level,,,,Motor Vehicle Manufacturing,https://de.linkedin.com/company/jenoptik,,,,,,,,,,,
linkedin,(Senior) Electronics Engineer (m/f/d),Agile Robots SE,"Munich, Bavaria, Germany",2026-10-01,https://www.linkedin.com/jobs/view/4472934279 , ,li-4472934279,fulltime,,,,,,False,associate,,,,"Automation Machinery Manufacturing, Robot Manufacturing, and Robotics Engineering",https://de.linkedin.com/company/agile-robots-se,,,,,,,,,,,
linkedin,SDV (Senior) Engineer Connectivity & Software Defined Networking (all genders),MHP – A Porsche Company,"Berlin, Berlin, Germany",2026-10-01,https://www.linkedin.com/jobs/view/4417717449 , ,li-4417717449,fulltime,,,,,,False,mid-senior level,,,,Business Consulting and Services,https://de.linkedin.com/company/mhp-a-porsche-company,,,,,,,,,,,
linkedin,"SDV Architekt Test & vECU (Cloud, KI, QS-Strategie) (all genders)",MHP – A Porsche Company,"Ludwigsburg, Baden-Württemberg, Germany",2026-10-01,https://www.linkedin.com/jobs/view/4402992167 , ,li-4402992167,fulltime,,,,,,False,mid-senior level,,,,Business Consulting and Services,https://de.linkedin.com/company/mhp-a-porsche-company,,,,,,,,,,,
linkedin,"SDV Architekt Test & vECU (Cloud, KI, QS-Strategie) (all genders)",MHP – A Porsche Company,"Berlin, Berlin, Germany",2026-10-01,https://www.linkedin.com/jobs/view/4402995148 , ,li-4402995148,fulltime,,,,,,False,mid-senior level,,,,Business Consulting and Services,https://de.linkedin.com/company/mhp-a-porsche-company,,,,,,,,,,,
linkedin,"SDV Architekt Test & vECU (Cloud, KI, QS-Strategie) (all genders)",MHP – A Porsche Company,"Dresden, Saxony, Germany",2026-10-01,https://www.linkedin.com/jobs/view/4402988237 , ,li-4402988237,fulltime,,,,,,False,mid-senior level,,,,Business Consulting and Services,https://de.linkedin.com/company/mhp-a-porsche-company,,,,,,,,,,,
linkedin,"SDV Architekt Test & vECU (Cloud, KI, QS-Strategie) (all genders)",MHP – A Porsche Company,"Munich, Bavaria, Germany",2026-10-01,https://www.linkedin.com/jobs/view/4402988236 , ,li-4402988236,fulltime,,,,,,False,mid-senior level,,,,Business Consulting and Services,https://de.linkedin.com/company/mhp-a-porsche-company,,,,,,,,,,,
linkedin,"SDV Architekt Test & vECU (Cloud, KI, QS-Strategie) (all genders)",MHP – A Porsche Company,"Düsseldorf, North Rhine-Westphalia, Germany",2026-10-01,https://www.linkedin.com/jobs/view/4402975438 , ,li-4402975438,fulltime,,,,,,False,mid-senior level,,,,Business Consulting and Services,https://de.linkedin.com/company/mhp-a-porsche-company,,,,,,,,,,,
linkedin,Principal System Architect - Transportation Sensors (m/f/d) EMEA Remote,TE Connectivity,Germany,2026-10-01,https://www.linkedin.com/jobs/view/4474356298 , ,li-4474356298,fulltime,,,,,,True,associate,,,,"Appliances, Electrical, and Electronics Manufacturing",https://ie.linkedin.com/company/te-connectivity,,,,,,,,,,,
linkedin,"SDV Architekt Test & vECU (Cloud, KI, QS-Strategie) (all genders)",MHP – A Porsche Company,"Nuremberg, Bavaria, Germany",2026-10-01,https://www.linkedin.com/jobs/view/4402989202 , ,li-4402989202,fulltime,,,,,,False,mid-senior level,,,,Business Consulting and Services,https://de.linkedin.com/company/mhp-a-porsche-company,,,,,,,,,,,
linkedin,Konstrukteur Produktentwicklung (m/w/d),MDS Germany GmbH,"Regensburg, Bavaria, Germany",2026-10-01,https://www.linkedin.com/jobs/view/4472531417 , ,li-4472531417,fulltime,direct_data,yearly,47173.0,75518.0,EUR,False,not applicable,,,bewerbung@mds-r.de,Machinery Manufacturing and Manufacturing,https://www.linkedin.com/company/mds-maschinen--und-werkzeugbau-gmbh,,,,,,,,,,,
linkedin,Ingenieur (m/w/x) Motorsoftware und Nachrüstungen,SII Germany,"Augsburg, Bavaria, Germany",2026-10-01,https://www.linkedin.com/jobs/view/4474149731 , ,li-4474149731,fulltime,,,,,,False,entry level,,,,IT Services and IT Consulting,https://de.linkedin.com/company/sii-germany,,,,,,,,,,,
linkedin,AMG Praktikanten in der Gesamtfahrzeugkonstruktion AMG - Baureihen ab März 2027 (m/w/d),Mercedes-AMG GmbH,"Stuttgart, Baden-Württemberg, Germany",2026-10-01,https://www.linkedin.com/jobs/view/4465076722 , ,li-4465076722,fulltime,,,,,,False,internship,,,,Automotive,https://de.linkedin.com/company/mercedes-amg-gmbh,,,,,,,,,,,
linkedin,Duales Studium Digital Engineering Maschinenbau (w/m/d) 2027,Volkswagen Group,"Salzgitter, Lower Saxony, Germany",2026-10-01,https://www.linkedin.com/jobs/view/4447400134 , ,li-4447400134,fulltime,,,,,,False,internship,,,,Motor Vehicle Manufacturing,https://de.linkedin.com/company/volkswagen-group,,,,,,,,,,,
linkedin,Kraftfahrzeugmechatroniker/in (m/w/d),Backhaus Kutzer GmbH,"Konnersreuth, Bavaria, Germany",2026-10-01,https://www.linkedin.com/jobs/view/4472394781 , ,li-4472394781,fulltime,,,,,,False,mid-senior level,,,,Food and Beverage Services,https://de.linkedin.com/company/backhaus-kutzer-gmbh,,,,,,,,,,,
linkedin,KFZ Mechaniker m/w/d Mechatroniker Automobilzulieferer,euregio Personaldienstleistungen GmbH,"Bremen, Bremen, Germany",2026-10-01,https://www.linkedin.com/jobs/view/4472565172 , ,li-4472565172,fulltime,,,,,,False,entry level,,,,Staffing and Recruiting,https://de.linkedin.com/company/euregio-personaldienstleistungen-gmbh,,,,,,,,,,,
linkedin,Qualifizierte:r Instandhalter:in,Deutsche Bahn,"Friedrichshafen, Baden-Württemberg, Germany",2026-10-01,https://www.linkedin.com/jobs/view/4453403339 , ,li-4453403339,fulltime,,,,,,False,entry level,,,,Truck Transportation,https://de.linkedin.com/company/deutschebahn,,,,,,,,,,,
linkedin,Chief Mechanical Engineer,IC Resources,"Munich, Bavaria, Germany",2026-10-01,https://www.linkedin.com/jobs/view/4462829831 , ,li-4462829831,fulltime,,,,,,False,mid-senior level,,,,Space Research and Technology,https://uk.linkedin.com/company/icresources,,,,,,,,,,,
linkedin,Ausbildungsintegriertes Duales Studium Wirtschaftsingenieurwesen Maschinenbau (w/m/d) 2027,Volkswagen Group,"Wolfsburg, Lower Saxony, Germany",2026-10-01,https://www.linkedin.com/jobs/view/4447195727 , ,li-4447195727,fulltime,,,,,,False,internship,,,,Motor Vehicle Manufacturing,https://de.linkedin.com/company/volkswagen-group,,,,,,,,,,,
linkedin,Duales Studium Maschinenbau 2026 (m/w/d),TE Connectivity,"Wört, Baden-Württemberg, Germany",2026-10-01,https://www.linkedin.com/jobs/view/4388475056 , ,li-4388475056,fulltime,,,,,,False,internship,,,,"Appliances, Electrical, and Electronics Manufacturing",https://ie.linkedin.com/company/te-connectivity,,,,,,,,,,,
linkedin,Duales Studium Smart Vehicle Systems (w/m/d) 2027,Volkswagen Group,"Wolfsburg, Lower Saxony, Germany",2026-10-01,https://www.linkedin.com/jobs/view/4447404082 , ,li-4447404082,fulltime,,,,,,False,internship,,,,Motor Vehicle Manufacturing,https://de.linkedin.com/company/volkswagen-group,,,,,,,,,,,
linkedin,"Senior Interdisciplinary Systems Engineer, Amazon Robotics",Amazon,"Berlin, Germany",2026-10-01,https://www.linkedin.com/jobs/view/4455796770 , ,li-4455796770,fulltime,,,,,,False,mid-senior level,,,,Software Development,https://www.linkedin.com/company/amazon,,,,,,,,,,,
linkedin,Studium mit vertiefter Praxis (TH) - Maschinenbau (d/m/w) 2027,Schaeffler,"Schweinfurt, Bavaria, Germany",2026-10-01,https://www.linkedin.com/jobs/view/4437789683 , ,li-4437789683,fulltime,,,,,,False,internship,,,,Manufacturing,https://de.linkedin.com/company/schaeffler,,,,,,,,,,,
linkedin,Masterarbeit Sensor-Ready Gaussian Scene Representations for Simulation in Autonomous Driving,Porsche AG,"Weissach, Baden-Württemberg, Germany",2026-10-01,https://www.linkedin.com/jobs/view/4452272050 , ,li-4452272050,fulltime,,,,,,False,internship,,,,Motor Vehicle Manufacturing,https://de.linkedin.com/company/porsche-ag,,,,,,,,,,,
linkedin,Ausbildungsintegriertes Duales Studium Digital Engineering Maschinenbau (w/m/d) 2027,Volkswagen Group,"Wolfsburg, Lower Saxony, Germany",2026-10-01,https://www.linkedin.com/jobs/view/4447405025 , ,li-4447405025,fulltime,,,,,,False,internship,,,,Motor Vehicle Manufacturing,https://de.linkedin.com/company/volkswagen-group,,,,,,,,,,,
linkedin,Duales Studium Fahrzeugtechnik (w/m/d) 2027,Volkswagen Group,"Wolfsburg, Lower Saxony, Germany",2026-10-01,https://www.linkedin.com/jobs/view/4447192811 , ,li-4447192811,fulltime,,,,,,False,internship,,,,Motor Vehicle Manufacturing,https://de.linkedin.com/company/volkswagen-group,,,,,,,,,,,
linkedin,Electrical Drive & Controls Engineer (all genders),"GlassPoint, Inc","Baden-Württemberg, Germany",2026-10-01,https://www.linkedin.com/jobs/view/4472924062 , ,li-4472924062,fulltime,,,,,,False,not applicable,,,,Renewable Energy Semiconductor Manufacturing,https://www.linkedin.com/company/glasspoint-inc,,,,,,,,,,,
linkedin,Masterarbeit Auslegung und Validierung der Kabelschutzfunktionen von elektronischen Sicherungen in modernen automotiven Bordnetzen,Porsche AG,"Weissach, Baden-Württemberg, Germany",2026-10-01,https://www.linkedin.com/jobs/view/4435917178 , ,li-4435917178,fulltime,,,,,,False,internship,,,,Motor Vehicle Manufacturing,https://de.linkedin.com/company/porsche-ag,,,,,,,,,,,
linkedin,Deployed Hardware Engineer,Helsing,"Munich, Bavaria, Germany",2026-10-01,https://www.linkedin.com/jobs/view/4463489160 , ,li-4463489160,fulltime,,,,,,False,entry level,,,,Software Development,https://de.linkedin.com/company/helsing,,,,,,,,,,,
linkedin,Duales Studium Luft- und Raumfahrttechnik - Elektronik ab 2027,Liebherr Group,"Lindau, Bavaria, Germany",2026-10-01,https://www.linkedin.com/jobs/view/4445704281 , ,li-4445704281,fulltime,,,,,,False,internship,,,leonie.schneider@liebherr.com,Industrial Machinery Manufacturing,https://de.linkedin.com/company/liebherr,,,,,,,,,,,
linkedin,Senior Software Engineer - AV Components,NVIDIA,"Munich, Bavaria, Germany",2026-10-01,https://www.linkedin.com/jobs/view/4472364763 , ,li-4472364763,fulltime,,,,,,False,mid-senior level,,,,Computer Hardware Manufacturing,https://www.linkedin.com/company/nvidia,,,,,,,,,,,
linkedin,Doktorand Finite-Elemente-Simulation für Hochvoltspeicher-Fertigung (w/m/x),BMW Group,"Munich, Bavaria, Germany",2026-10-01,https://www.linkedin.com/jobs/view/4433956665 , ,li-4433956665,fulltime,,,,,,False,internship,,,,Motor Vehicle Manufacturing,https://de.linkedin.com/company/bmw-group,,,,,,,,,,,
linkedin,Doktorandin / Doktorand Leistungselektronik (w/m/d),Volkswagen Group,"Wolfsburg, Lower Saxony, Germany",2026-10-01,https://www.linkedin.com/jobs/view/4469036195 , ,li-4469036195,fulltime,,,,,,False,internship,,,,Motor Vehicle Manufacturing,https://de.linkedin.com/company/volkswagen-group,,,,,,,,,,,
linkedin,Masterand (m/w/d) Automatisierte Ergebnisplausibilisierung von 1-D Simulationsergebnissen dynamischer Lastfälle,Porsche AG,"Weissach, Baden-Württemberg, Germany",2026-10-01,https://www.linkedin.com/jobs/view/4461174456 , ,li-4461174456,fulltime,,,,,,False,internship,,,,Motor Vehicle Manufacturing,https://de.linkedin.com/company/porsche-ag,,,,,,,,,,,
linkedin,Masterarbeit Entwicklung einer simulationsgestützten Methodik zur Charakterisierung des Ventverhaltens von Lithium-Ionen-Zellen,Porsche AG,"Weissach, Baden-Württemberg, Germany",2026-10-01,https://www.linkedin.com/jobs/view/4448436064 , ,li-4448436064,fulltime,,,,,,False,internship,,,,Motor Vehicle Manufacturing,https://de.linkedin.com/company/porsche-ag,,,,,,,,,,,
linkedin,Flight Dynamics Modelling Engineer,Helsing,"Munich, Bavaria, Germany",2026-10-01,https://www.linkedin.com/jobs/view/4472943816 , ,li-4472943816,fulltime,,,,,,False,entry level,,,,Software Development,https://de.linkedin.com/company/helsing,,,,,,,,,,,
linkedin,Senior Performance Engineer,Grob Aircraft,"Tussenhausen, Bavaria, Germany",2026-10-01,https://www.linkedin.com/jobs/view/4474342801 , ,li-4474342801,fulltime,,,,,,False,mid-senior level,,,,Aviation and Aerospace Component Manufacturing,https://de.linkedin.com/company/grobaircraft,,,,,,,,,,,
linkedin,Student (f/m/x) Modelling and Characterization of Ship Airwake Disturbances,German Aerospace Center (DLR),"Brunswick, Lower Saxony, Germany",2026-10-01,https://www.linkedin.com/jobs/view/4472138178 , ,li-4472138178,fulltime,,,,,,False,internship,,,,Research Services,https://de.linkedin.com/company/dlr,,,,,,,,,,,
linkedin,Fahrzeugtechniker (m/w/d),EBB Truck-Center GmbH,"Korntal-Münchingen, Baden-Württemberg, Germany",2026-10-01,https://www.linkedin.com/jobs/view/4474556060 , ,li-4474556060,fulltime,,,,,,False,entry level,,,bewerbung@ebb-truck-center.de,Truck Transportation,https://de.linkedin.com/company/ebb-truck-center-gmbh,,,,,,,,,,,
linkedin,"Senior Systems Engineer Control Systems & Mechatronics, Amazon Robotics",Amazon,"Munich, Bavaria, Germany",2026-10-01,https://www.linkedin.com/jobs/view/4455920105 , ,li-4455920105,fulltime,,,,,,False,mid-senior level,,,,Software Development,https://www.linkedin.com/company/amazon,,,,,,,,,,,
linkedin,Technischer Produktdesigner für mechanische Bauteile (m/w/d),ORANGE Engineering GmbH & Co. KG,"Kassel, Hesse, Germany",2026-10-01,https://www.linkedin.com/jobs/view/4472918594 , ,li-4472918594,fulltime,,,,,,False,entry level,,,,Machinery Manufacturing,https://de.linkedin.com/company/orange-engineering-gmbh,,,,,,,,,,,
linkedin,"System Engineer (m/w/d) fixed-term, 2 years",Groupe SEB,"Geislingen an der Steige, Baden-Württemberg, Germany",2026-10-01,https://www.linkedin.com/jobs/view/4474185245 , ,li-4474185245,fulltime,,,,,,False,not applicable,,,,Manufacturing,https://fr.linkedin.com/company/groupe-seb,,,,,,,,,,,
linkedin,Duales Studium Maschinenbau (w/m/d) 2027,Volkswagen Group,Greater Kassel Area,2026-10-01,https://www.linkedin.com/jobs/view/4447400138 , ,li-4447400138,fulltime,,,,,,False,internship,,,,Motor Vehicle Manufacturing,https://de.linkedin.com/company/volkswagen-group,,,,,,,,,,,
linkedin,Entwicklungsingenieur (m/w/d) Sanitär und Heizung,ERWIN HYMER GROUP,"Bad Waldsee, Baden-Württemberg, Germany",2026-10-01,https://www.linkedin.com/jobs/view/4472565043 , ,li-4472565043,fulltime,,,,,,False,entry level,,,,Motor Vehicle Manufacturing,https://de.linkedin.com/company/erwin-hymer-group,,,,,,,,,,,
linkedin,Konstrukteur Jigs & Tools (m/w/d),ORANGE Engineering GmbH & Co. KG,"Bremen, Bremen, Germany",2026-10-01,https://www.linkedin.com/jobs/view/4472927284 , ,li-4472927284,fulltime,,,,,,False,entry level,,,,Machinery Manufacturing,https://de.linkedin.com/company/orange-engineering-gmbh,,,,,,,,,,,
linkedin,Technischer Zeichner / Technischer Produktdesigner / Konstrukteur (m/w/d),JAB ANSTOETZ Group • The Design Company,"Bielefeld, North Rhine-Westphalia, Germany",2026-10-01,https://www.linkedin.com/jobs/view/4474148428 , ,li-4474148428,fulltime,,,,,,False,associate,,,,Wholesale,https://de.linkedin.com/company/jab-anstoetz-group,,,,,,,,,,,
linkedin,Duales Studium Digital Engineering Maschinenbau (w/m/d) 2027,Volkswagen Group,Hannover-Braunschweig-Göttingen-Wolfsburg Region,2026-10-01,https://www.linkedin.com/jobs/view/4447199156 , ,li-4447199156,fulltime,,,,,,False,internship,,,,Motor Vehicle Manufacturing,https://de.linkedin.com/company/volkswagen-group,,,,,,,,,,,
linkedin,"Sr HDE, Industrial Robotics, Industrial Robotics Group",Amazon,"Munich, Bavaria, Germany",2026-10-01,https://www.linkedin.com/jobs/view/4455908038 , ,li-4455908038,fulltime,,,,,,False,mid-senior level,,,,Software Development,https://www.linkedin.com/company/amazon,,,,,,,,,,,
linkedin,"Motor Design Engineer , Amazon Robotics",Amazon,"Munich, Bavaria, Germany",2026-10-01,https://www.linkedin.com/jobs/view/4455907510 , ,li-4455907510,fulltime,,,,,,False,not applicable,,,,Software Development,https://www.linkedin.com/company/amazon,,,,,,,,,,,
linkedin,Senior Konstrukteur (m/w/d),Akkodis,"Jena, Thuringia, Germany",2026-10-01,https://www.linkedin.com/jobs/view/4474174877 , ,li-4474174877,contract,,,,,,False,not applicable,,,,Engineering Services,https://www.linkedin.com/company/akkodis,,,,,,,,,,,
linkedin,Entwicklungsingenieur (w/m/d) Elektrotechnik / Mechanical Engineering – Leistungstransformatoren,Siemens Energy,"Nuremberg, Bavaria, Germany",2026-10-01,https://www.linkedin.com/jobs/view/4445745894 , ,li-4445745894,fulltime,,,,,,False,mid-senior level,,,,"Appliances, Electrical, and Electronics Manufacturing",https://www.linkedin.com/company/siemens-energy,,,,,,,,,,,
linkedin,Technologieentwickler – Lasertechnologie (m/w/d),Gehring Technologies GmbH,"Ostfildern, Baden-Württemberg, Germany",2026-10-01,https://www.linkedin.com/jobs/view/4474129536 , ,li-4474129536,fulltime,,,,,,False,entry level,,,,Machinery Manufacturing,https://de.linkedin.com/company/gehring-technologies-gmbh,,,,,,,,,,,
linkedin,Ingenieur Prozessentwicklung (w/m/d),Freudenberg Sealing Technologies,"Görwihl, Baden-Württemberg, Germany",2026-10-01,https://www.linkedin.com/jobs/view/4474127570 , ,li-4474127570,fulltime,,,,,,False,mid-senior level,,,,Motor Vehicle Manufacturing,https://de.linkedin.com/company/fst,,,,,,,,,,,
linkedin,Hardwareentwickler Automotive -Steuergeräte / ECU (m/w/d),Randstad Deutschland,"Munich, Bavaria, Germany",2026-10-01,https://www.linkedin.com/jobs/view/4474315342 , ,li-4474315342,fulltime,,,,,,False,entry level,,,,Human Resources Services,https://de.linkedin.com/company/randstad-deutschland,,,,,,,,,,,
linkedin,Student (m/w/d) CLAAS Inside im Entwicklungsbereich für den XERION,CLAAS,"Harsewinkel, North Rhine-Westphalia, Germany",2026-10-01,https://www.linkedin.com/jobs/view/4470092966 , ,li-4470092966,fulltime,,,,,,False,internship,,,,"Industrial Machinery Manufacturing and Appliances, Electrical, and Electronics Manufacturing",https://de.linkedin.com/company/claas,,,,,,,,,,,
linkedin,Head of Power Module Development,Experts Group International,"Bavaria, Germany",2026-10-01,https://www.linkedin.com/jobs/view/4278298631 , ,li-4278298631,fulltime,,,,,,False,director,,,,"Services for Renewable Energy, Motor Vehicle Manufacturing, and Industrial Machinery Manufacturing",https://uk.linkedin.com/company/expertsgroupinternational,,,,,,,,,,,
linkedin,Junior Technical Project Leader (m/f/d),TE Connectivity,"Bensheim, Hesse, Germany",2026-10-01,https://www.linkedin.com/jobs/view/4469133823 , ,li-4469133823,fulltime,,,,,,False,mid-senior level,,,,"Appliances, Electrical, and Electronics Manufacturing",https://ie.linkedin.com/company/te-connectivity,,,,,,,,,,,
linkedin,Hardware Development Engineer (m/w/d),SII Germany,"Ditzingen, Baden-Württemberg, Germany",2026-09-30,https://www.linkedin.com/jobs/view/4473974301 , ,li-4473974301,fulltime,,,,,,False,entry level,,,,IT Services and IT Consulting,https://de.linkedin.com/company/sii-germany,,,,,,,,,,,
linkedin,Process Engineer (m/f/d) New Energy,Mühlbauer Group,"Roding, Bavaria, Germany",2026-09-30,https://www.linkedin.com/jobs/view/4471920409 , ,li-4471920409,temporary,,,,,,False,entry level,,,,Machinery Manufacturing,https://de.linkedin.com/company/muhlbauer-group,,,,,,,,,,,
linkedin,Linux/Unix Systems Engineer (f/m/d),Hyundai AutoEver Europe GmbH,"Offenbach, Hesse, Germany",2026-09-30,https://www.linkedin.com/jobs/view/4472150141 , ,li-4472150141,fulltime,,,,,,False,associate,,,,IT Services and IT Consulting,https://de.linkedin.com/company/hyundai-autoever-europe-gmbh,,,,,,,,,,,
linkedin,Module Owner – Mechatronics (f/m/x),ZEISS Group,"Erfurt, Thuringia, Germany",2026-09-30,https://www.linkedin.com/jobs/view/4472188983 , ,li-4472188983,fulltime,,,,,,False,mid-senior level,,,,Machinery Manufacturing,https://de.linkedin.com/company/zeiss,,,,,,,,,,,
linkedin,Systemingenieur:in,Tintschl Unternehmensgruppe,Greater Bremen Area,2026-09-30,https://www.linkedin.com/jobs/view/4473726350 , ,li-4473726350,fulltime,,,,,,False,associate,,,,Staffing and Recruiting,https://de.linkedin.com/company/tintschlunternehmensgruppe,,,,,,,,,,,
linkedin,Senior Systems Engineer – RF Integration & Verifikation (m/w/d),Amoria Bond,Greater Nuremberg Metropolitan Area,2026-09-30,https://www.linkedin.com/jobs/view/4472121668 , ,li-4472121668,fulltime,,,,,,False,associate,,,,Aviation and Aerospace Component Manufacturing,https://uk.linkedin.com/company/amoria-bond,,,,,,,,,,,
linkedin,Kfz-Prüfingenieur (m/w/d) als Stationsleitung,TÜV SÜD Auto Partner,"Stralsund, Mecklenburg-West Pomerania, Germany",2026-09-30,https://www.linkedin.com/jobs/view/4472198424 , ,li-4472198424,fulltime,,,,,,False,mid-senior level,,,,Public Safety,https://de.linkedin.com/company/t%C3%BCv-s%C3%BCd-autopartner-gmbh,,,,,,,,,,,
linkedin,"Sr Mechanical Designer, Amazon Robotics",Amazon,"Munich, Bavaria, Germany",2026-09-30,https://www.linkedin.com/jobs/view/4464652621 , ,li-4464652621,fulltime,,,,,,False,mid-senior level,,,,Software Development,https://www.linkedin.com/company/amazon,,,,,,,,,,,
linkedin,Entwicklungsingenieur (w/m/d) - Leistungstransformatoren Stahlbaudesign,Siemens Energy,"Nuremberg, Bavaria, Germany",2026-09-30,https://www.linkedin.com/jobs/view/4445719072 , ,li-4445719072,fulltime,,,,,,False,mid-senior level,,,,"Appliances, Electrical, and Electronics Manufacturing",https://www.linkedin.com/company/siemens-energy,,,,,,,,,,,
linkedin,Professional HCS CAD Engineer (m/w/d),HARTING Technology Group,"Espelkamp, North Rhine-Westphalia, Germany",2026-09-30,https://www.linkedin.com/jobs/view/4441353259 , ,li-4441353259,fulltime,,,,,,False,entry level,,,,Automation Machinery Manufacturing,https://de.linkedin.com/company/harting,,,,,,,,,,,
linkedin,Field Application Engineer,CTS Corporation,"Stuttgart, Baden-Württemberg, Germany",2026-09-30,https://www.linkedin.com/jobs/view/4473773921 , ,li-4473773921,fulltime,,,,,,False,associate,,,,"Manufacturing, Motor Vehicle Manufacturing, and Appliances, Electrical, and Electronics Manufacturing",https://www.linkedin.com/company/ctscorporation,,,,,,,,,,,
linkedin,Fachteamleiter (m/w/d) Konstruktion Varianten- & Serienentwicklung,Diehl Defence,"Kressbronn am Bodensee, Baden-Württemberg, Germany",2026-09-30,https://www.linkedin.com/jobs/view/4472612429 , ,li-4472612429,fulltime,,,,,,False,mid-senior level,,,,Defense and Space Manufacturing,https://de.linkedin.com/company/diehl-defence,,,,,,,,,,,
linkedin,HIL validation tester/ Engineer,Cygnus Professionals Inc.,"Cologne, North Rhine-Westphalia, Germany",2026-09-30,https://www.linkedin.com/jobs/view/4473935901 , ,li-4473935901,fulltime,,,,,,False,associate,,,amit.k@cygnuspro.com,Engineering Services,https://www.linkedin.com/company/cygnus-professionals-inc-,,,,,,,,,,,
linkedin,Gruppenleiter R&D Powertrain (Steckverbindungen) (m/w/d/kA),KOSTAL Group,"Lüdenscheid, North Rhine-Westphalia, Germany",2026-09-30,https://www.linkedin.com/jobs/view/4377488536 , ,li-4377488536,fulltime,,,,,,False,director,,,,Motor Vehicle Manufacturing,https://de.linkedin.com/company/kostal-group,,,,,,,,,,,
linkedin,Praktikant*in Defect Management Thermischer Komfort,Mercedes-Benz AG,"Sindelfingen, Baden-Württemberg, Germany",2026-09-30,https://www.linkedin.com/jobs/view/4472623009 , ,li-4472623009,fulltime,,,,,,False,internship,,,"sbv-sindelfingen@mercedes-benz.com, myhrservice@mercedes-benz.com",Motor Vehicle Manufacturing,https://de.linkedin.com/company/mercedes-benz_ag,,,,,,,,,,,
linkedin,Mechatroniker (m/w/d) Nutzfahrzeugtechnik,Volvo Trucks,"Euskirchen, North Rhine-Westphalia, Germany",2026-09-30,https://www.linkedin.com/jobs/view/4277635269 , ,li-4277635269,fulltime,,,,,,False,not applicable,,,,Motor Vehicle Manufacturing,https://se.linkedin.com/company/volvo-trucks,,,,,,,,,,,
linkedin,KFZ-Meister/in (m/w/d),Fuhrmann Nutzfahrzeuge Service GmbH,"Bergen, Lower Saxony, Germany",2026-09-30,https://www.linkedin.com/jobs/view/4472615013 , ,li-4472615013,fulltime,,,,,,False,mid-senior level,,,,Motor Vehicle Manufacturing,https://de.linkedin.com/company/fuhrmann-nutzfahrzeuge-service-gmbh,,,,,,,,,,,
linkedin,LKW Mechaniker (m/w/d),JetztJob GmbH,"Bendestorf, Lower Saxony, Germany",2026-09-30,https://www.linkedin.com/jobs/view/4472169219 , ,li-4472169219,fulltime,,,,,,False,associate,,,,Staffing and Recruiting,https://de.linkedin.com/company/jetztjob-de,,,,,,,,,,,
linkedin,Experte Supraleitende Systeme (m/w/d),Stork Turbo Service GmbH,"Würzburg, Bavaria, Germany",2026-09-30,https://www.linkedin.com/jobs/view/4472199628 , ,li-4472199628,fulltime,,,,,,False,mid-senior level,,,,Maritime Transportation,https://www.linkedin.com/company/stork-turbo-service-gmbh,,,,,,,,,,,
linkedin,Projektmanager (m/w/d) Nachhaltige Antriebe für den Verkehr,Economic Development Agency Brandenburg (WFBB),"Cottbus, Brandenburg, Germany",2026-09-30,https://www.linkedin.com/jobs/view/4472606894 , ,li-4472606894,fulltime,,,,,,False,entry level,,,,Business Consulting and Services,https://de.linkedin.com/company/wfbb,,,,,,,,,,,
linkedin,"Service Techniker, Frankfurt (m/w/d)",Lucid Motors,"Frankfurt, Hesse, Germany",2026-09-30,https://www.linkedin.com/jobs/view/4472308318 , ,li-4472308318,internship,,,,,,False,mid-senior level,,,,Motor Vehicle Manufacturing,https://www.linkedin.com/company/lucidmotors,,,,,,,,,,,
linkedin,Kfz-Meister (m/w/d),Fuhrmann Nutzfahrzeuge Service GmbH,"Erharting, Bavaria, Germany",2026-09-30,https://www.linkedin.com/jobs/view/4472198621 , ,li-4472198621,fulltime,,,,,,False,mid-senior level,,,,Motor Vehicle Manufacturing,https://de.linkedin.com/company/fuhrmann-nutzfahrzeuge-service-gmbh,,,,,,,,,,,
linkedin,Triebwerksmechaniker /EBU Mechaniker (m/w/d),AIP SERVICES GmbH,"Hamburg, Hamburg, Germany",2026-09-30,https://www.linkedin.com/jobs/view/4472171558 , ,li-4472171558,fulltime,,,,,,False,entry level,,,,Retail,https://de.linkedin.com/company/metrica-services-gmbh,,,,,,,,,,,
linkedin,Technical Owner - Fluid Components,The Exploration Company,Greater Munich Metropolitan Area,2026-09-30,https://www.linkedin.com/jobs/view/4454987748 , ,li-4454987748,fulltime,,,,,,False,mid-senior level,,,,Aviation and Aerospace Component Manufacturing,https://de.linkedin.com/company/exploration-company,,,,,,,,,,,
linkedin,Entwicklungsingenieur - Leistungselektronik Luftfahrt (m/w/d),SII Germany,"Ulm, Baden-Württemberg, Germany",2026-09-30,https://www.linkedin.com/jobs/view/4473975286 , ,li-4473975286,fulltime,,,,,,False,entry level,,,beate.johne@sii-germany.com,IT Services and IT Consulting,https://de.linkedin.com/company/sii-germany,,,,,,,,,,,
linkedin,Praktikant*in Inverter Serienentwicklung,Mercedes-Benz AG,"Sindelfingen, Baden-Württemberg, Germany",2026-09-30,https://www.linkedin.com/jobs/view/4472195803 , ,li-4472195803,fulltime,,,,,,False,internship,,,"sbv-sindelfingen@mercedes-benz.com, myhrservice@mercedes-benz.com",Motor Vehicle Manufacturing,https://de.linkedin.com/company/mercedes-benz_ag,,,,,,,,,,,
linkedin,Mechatroniker Motoreninstandsetzung (m/w/d),Zeppelin Power Systems GmbH,"Bremen, Bremen, Germany",2026-09-30,https://www.linkedin.com/jobs/view/4472612416 , ,li-4472612416,fulltime,,,,,,False,entry level,,,,Machinery Manufacturing,https://de.linkedin.com/company/zeppelin-power-systems,,,,,,,,,,,
linkedin,Entwicklungsingenieur - Leistungselektronik Luftfahrt (m/w/d),SII Germany,"Altenstadt, Hesse, Germany",2026-09-30,https://www.linkedin.com/jobs/view/4473977285 , ,li-4473977285,fulltime,,,,,,False,entry level,,,beate.johne@sii-germany.com,IT Services and IT Consulting,https://de.linkedin.com/company/sii-germany,,,,,,,,,,,
linkedin,Hardware Development Engineer (m/w/d),SII Germany,"Taufkirchen, Bavaria, Germany",2026-09-30,https://www.linkedin.com/jobs/view/4473981153 , ,li-4473981153,fulltime,,,,,,False,entry level,,,,IT Services and IT Consulting,https://de.linkedin.com/company/sii-germany,,,,,,,,,,,
linkedin,Student*in für Masterarbeit Fahrwerk- & Triebstranglagerung,Mercedes-Benz AG,"Sindelfingen, Baden-Württemberg, Germany",2026-09-30,https://www.linkedin.com/jobs/view/4472615001 , ,li-4472615001,fulltime,,,,,,False,internship,,,"sbv-sindelfingen@mercedes-benz.com, myhrservice@mercedes-benz.com",Motor Vehicle Manufacturing,https://de.linkedin.com/company/mercedes-benz_ag,,,,,,,,,,,
linkedin,"Duales Studium Maschinenbau/Produktionstechnik (B.Eng.) Campusmodell Stuttgart, 01.10.2027 (m/w/d)",Mercedes-Benz AG,"Stuttgart, Baden-Württemberg, Germany",2026-09-30,https://www.linkedin.com/jobs/view/4472614025 , ,li-4472614025,fulltime,,,,,,False,internship,,,sbv-untertuerkheim@mercedes-benz.com,Motor Vehicle Manufacturing,https://de.linkedin.com/company/mercedes-benz_ag,,,,,,,,,,,
linkedin,Mechanical Design Engineer (m/f/d),KLA,"Weilburg, Hesse, Germany",2026-09-30,https://www.linkedin.com/jobs/view/4472605019 , ,li-4472605019,fulltime,,,,,,False,mid-senior level,,,,Semiconductor Manufacturing,https://www.linkedin.com/company/klacorp,,,,,,,,,,,
linkedin,Ausbildung zum Technischen Produktdesigner (m/w/d) Einsatzgebiet Maschinen- und Anlagenkonstruktion,Lürssen,"Lemwerder, Lower Saxony, Germany",2026-09-30,https://www.linkedin.com/jobs/view/4472609274 , ,li-4472609274,fulltime,,,,,,False,internship,,,,Shipbuilding,https://de.linkedin.com/company/luerssen,,,,,,,,,,,
linkedin,Hardware Senior Engineer,TRONTEQ,"Reutlingen, Baden-Württemberg, Germany",2026-09-30,https://www.linkedin.com/jobs/view/4472604427 , ,li-4472604427,fulltime,,,,,,False,mid-senior level,,,,IT Services and IT Consulting,https://de.linkedin.com/company/tronteq,,,,,,,,,,,
linkedin,Projektingenieur (w/m/d) Sondermaschinenbau - Technische Konzepte & Angebot,XENON Automation,"Dresden, Saxony, Germany",2026-09-30,https://www.linkedin.com/jobs/view/4473776102 , ,li-4473776102,fulltime,,,,,,False,associate,,,bewerbung@xenon-automation.com,Machinery Manufacturing and Automation Machinery Manufacturing,https://de.linkedin.com/company/xenon-automation,,,,,,,,,,,
linkedin,Experienced Galley & Galley Insert Design Engineer (m/f/d),Boeing,"Hamburg, Hamburg, Germany",2026-09-30,https://www.linkedin.com/jobs/view/4407272311 , ,li-4407272311,fulltime,,,,,,False,not applicable,,,,"Airlines and Aviation, Aviation and Aerospace Component Manufacturing, and Defense and Space Manufacturing",https://www.linkedin.com/company/boeing,,,,,,,,,,,
linkedin,Subsystem Ingenieur:in Mechanische Konstruktion (m/w/d),OHB SE,"Bremen, Bremen, Germany",2026-09-30,https://www.linkedin.com/jobs/view/4473979175 , ,li-4473979175,fulltime,,,,,,False,associate,,,,Defense and Space Manufacturing,https://de.linkedin.com/company/ohb-se,,,,,,,,,,,
linkedin,Erfahrene Konstruktionsingenieurin im Sondermaschinenbau – R&D Maschinenarchitektur & Systemsynthese (m/w/x),ZEISS Group,"Oberkochen, Baden-Württemberg, Germany",2026-09-30,https://www.linkedin.com/jobs/view/4472123636 , ,li-4472123636,fulltime,,,,,,False,mid-senior level,,,,"Manufacturing and Appliances, Electrical, and Electronics Manufacturing",https://de.linkedin.com/company/zeiss,,,,,,,,,,,
linkedin,Hardware Development Engineer (m/w/d),SII Germany,"Ulm, Baden-Württemberg, Germany",2026-09-30,https://www.linkedin.com/jobs/view/4473975284 , ,li-4473975284,fulltime,,,,,,False,entry level,,,,IT Services and IT Consulting,https://de.linkedin.com/company/sii-germany,,,,,,,,,,,
linkedin,Technical Lead for Vehicle Brake Control Functions - J0050818,Astemo Ltd.,"Heilbronn, Baden-Württemberg, Germany",2026-09-30,https://www.linkedin.com/jobs/view/4465596885 , ,li-4465596885,fulltime,,,,,,False,mid-senior level,,,,Motor Vehicle Manufacturing,https://jp.linkedin.com/company/astemo,,,,,,,,,,,
linkedin,Mechanical Designer,Helsing,"Munich, Bavaria, Germany",2026-09-30,https://www.linkedin.com/jobs/view/4472613874 , ,li-4472613874,fulltime,,,,,,False,entry level,,,,Software Development,https://de.linkedin.com/company/helsing,,,,,,,,,,,
linkedin,Global Vice President Engineering – Mechatronic Systems (m/w/d),Mercuri Urval,"Bremen, Bremen, Germany",2026-09-30,https://www.linkedin.com/jobs/view/4473736231 , ,li-4473736231,fulltime,,,,,,False,director,,,verena.schink@mercuriurval.com,"Appliances, Electrical, and Electronics Manufacturing and Automotive",https://se.linkedin.com/company/mercuri-urval,,,,,,,,,,,
linkedin,Bauingenieurin / Bauingenieur (m/w/d) (Master/Uni-Diplom),Federal Highway and Transport Research Institute,"Bergisch Gladbach, North Rhine-Westphalia, Germany",2026-09-30,https://www.linkedin.com/jobs/view/4472639809 , ,li-4472639809,fulltime,,,,,,False,mid-senior level,,,,Research Services,https://de.linkedin.com/company/bast-forscht,,,,,,,,,,,
linkedin,Duales Studium Mechatronik - ab 01.09.2027,Liebherr Group,"Ochsenhausen, Baden-Württemberg, Germany",2026-09-30,https://www.linkedin.com/jobs/view/4454974793 , ,li-4454974793,fulltime,,,,,,False,internship,,,gabriela.gerova@liebherr.com,Industrial Machinery Manufacturing,https://de.linkedin.com/company/liebherr,,,,,,,,,,,
linkedin,Field Service Engineer Aircraft Engines (m/w/d),AIP SERVICES GmbH,"Hamburg, Hamburg, Germany",2026-09-30,https://www.linkedin.com/jobs/view/4472172415 , ,li-4472172415,fulltime,,,,,,False,mid-senior level,,,,Retail,https://de.linkedin.com/company/metrica-services-gmbh,,,,,,,,,,,
linkedin,R&D DSIS Operations Engineer (m/f/d),Valeo,"Bietigheim-Bissingen, Baden-Württemberg, Germany",2026-09-30,https://www.linkedin.com/jobs/view/4473902912 , ,li-4473902912,fulltime,,,,,,False,mid-senior level,,,Knapp@valeo.com,Motor Vehicle Parts Manufacturing,https://fr.linkedin.com/company/valeo,,,,,,,,,,,
linkedin,Mechanical Engineer Interceptor C‑UAS (m/f/d),Quantum Systems,"Wessling, Bavaria, Germany",2026-09-30,https://www.linkedin.com/jobs/view/4472316052 , ,li-4472316052,fulltime,,,,,,False,not applicable,,,,Engineering Services,https://de.linkedin.com/company/quantum-systems-gmbh,,,,,,,,,,,
linkedin,"Duales Studium Maschinenbau/Fahrzeug-System-Engineering (B.Eng.) Campusmodell Stuttgart, 01.10.2027 (w/m/d)",Mercedes-Benz AG,"Stuttgart, Baden-Württemberg, Germany",2026-09-30,https://www.linkedin.com/jobs/view/4472610364 , ,li-4472610364,fulltime,,,,,,False,internship,,,sbv-untertuerkheim@mercedes-benz.com,Motor Vehicle Manufacturing,https://de.linkedin.com/company/mercedes-benz_ag,,,,,,,,,,,
linkedin,"e-mobility Engineer (m/w/d), Transversal HV Battery System",TMC Germany,"Ulm, Baden-Württemberg, Germany",2026-09-30,https://www.linkedin.com/jobs/view/4472152212 , ,li-4472152212,fulltime,,,,,,False,associate,,,,"Motor Vehicle Manufacturing, Engines and Power Transmission Equipment Manufacturing, and Truck Transportation",https://de.linkedin.com/company/tmc-germany,,,,,,,,,,,
linkedin,Product Design Engineer (m/w/d),Hager Deutschland,"Blieskastel, Saarland, Germany",2026-09-30,https://www.linkedin.com/jobs/view/4443227084 , ,li-4443227084,fulltime,,,,,,False,entry level,,,,"Appliances, Electrical, and Electronics Manufacturing",https://de.linkedin.com/company/hagerdeutschland,,,,,,,,,,,
linkedin,"MTS, Power Module Design Technical Leader",onsemi,"Munich, Bavaria, Germany",2026-09-30,https://www.linkedin.com/jobs/view/4472600337 , ,li-4472600337,fulltime,,,,,,False,not applicable,,,,Semiconductor Manufacturing,https://www.linkedin.com/company/onsemi,,,,,,,,,,,
linkedin,Konstruktionsingenieur (m/w/d),SPINNER Werkzeugmaschinenfabrik GmbH,"Sauerlach, Bavaria, Germany",2026-09-30,https://www.linkedin.com/jobs/view/4473986120 , ,li-4473986120,fulltime,,,,,,False,mid-senior level,,,job@spinner.eu.com,Machinery Manufacturing,https://de.linkedin.com/company/spinner-werkzeugmaschinenfabrik-gmbh,,,,,,,,,,,
linkedin,Design-Ingenieur_in im LHT-Entwicklungsbetrieb (m/w/d) Lufthansa Technik,AIP SERVICES GmbH,"Hamburg, Hamburg, Germany",2026-09-30,https://www.linkedin.com/jobs/view/4472169637 , ,li-4472169637,fulltime,,,,,,False,mid-senior level,,,,Retail,https://de.linkedin.com/company/metrica-services-gmbh,,,,,,,,,,,
linkedin,Senior Konstrukteur*in für Lasersysteme,TOPTICA Photonics,"Gräfelfing, Bavaria, Germany",2026-09-30,https://www.linkedin.com/jobs/view/4473909317 , ,li-4473909317,fulltime,,,,,,False,mid-senior level,,,,Industrial Machinery Manufacturing,https://de.linkedin.com/company/toptica-photonics,,,,,,,,,,,
linkedin,Senior Konstrukteur w/m/d Sondermaschinenbau,XENON Automation,"Dresden, Saxony, Germany",2026-09-30,https://www.linkedin.com/jobs/view/4473770223 , ,li-4473770223,fulltime,,,,,,False,associate,,,bewerbung@xenon-automation.com,Automation Machinery Manufacturing and Machinery Manufacturing,https://de.linkedin.com/company/xenon-automation,,,,,,,,,,,
linkedin,Konstrukteur:in Gleitschalungsfertiger - mit Perspektive Entwicklungsingenieur:in (m/w/d),STRABAG,"Schkeuditz, Saxony, Germany",2026-09-30,https://www.linkedin.com/jobs/view/4473965225 , ,li-4473965225,fulltime,,,,,,False,internship,,,,Construction,https://at.linkedin.com/company/strabag,,,,,,,,,,,
linkedin,Module Design Engineer - Composite (m/w/d),SII Germany,"Schwäbisch Hall, Baden-Württemberg, Germany",2026-09-30,https://www.linkedin.com/jobs/view/4473961848 , ,li-4473961848,fulltime,,,,,,False,entry level,,,,IT Services and IT Consulting,https://de.linkedin.com/company/sii-germany,,,,,,,,,,,
linkedin,Junior Konstrukteur / Technischer Produktdesigner (m/w/d) – Fahrzeugbau,TBZ GmbH,"Bretten, Baden-Württemberg, Germany",2026-09-30,https://www.linkedin.com/jobs/view/3738368047 , ,li-3738368047,fulltime,,,,,,False,entry level,,,,Motor Vehicle Manufacturing,https://de.linkedin.com/company/tbz-gmbh,,,,,,,,,,,
linkedin,Konstrukteur (m/w/d) in leitender Funktion - Landmaschinenentwicklung - Transport- und Erntemaschinen,Fliegl Grünlandtechnik,"Kirchdorf, Bavaria, Germany",2026-09-30,https://www.linkedin.com/jobs/view/4472604826 , ,li-4472604826,fulltime,,,,,,False,mid-senior level,,,,Farming,https://de.linkedin.com/company/fliegl-gr%C3%BCnlandtechnik,,,,,,,,,,,
linkedin,Module Design Engineer (m/w/d),SII Germany,"Schwäbisch Hall, Baden-Württemberg, Germany",2026-09-30,https://www.linkedin.com/jobs/view/4473978260 , ,li-4473978260,fulltime,,,,,,False,entry level,,,,IT Services and IT Consulting,https://de.linkedin.com/company/sii-germany,,,,,,,,,,,
linkedin,Mechanisms Engineer - Solar Arrays,Dcubed,"Germering, Bavaria, Germany",2026-09-30,https://www.linkedin.com/jobs/view/4450720123 , ,li-4450720123,fulltime,,,,,,False,mid-senior level,,,,Defense and Space Manufacturing,https://de.linkedin.com/company/dcubedspace,,,,,,,,,,,
linkedin,Entwicklungsingenieur Rüstungstechnik (w/m/d),Capgemini Engineering,"Munich, Bavaria, Germany",2026-09-30,https://www.linkedin.com/jobs/view/4473744083 , ,li-4473744083,fulltime,,,,,,False,mid-senior level,,,Jetmire.Karaqica@capgemini.com,Engineering Services,https://fr.linkedin.com/company/capgemini-engineering,,,,,,,,,,,
linkedin,Systemarchitekt (all gender) – Militärfahrzeuge / Systems Engineering 999,ALTEN,"Kassel, Hesse, Germany",2026-09-30,https://www.linkedin.com/jobs/view/4461163665 , ,li-4461163665,fulltime,,,,,,False,entry level,,,,Machinery Manufacturing and Aviation and Aerospace Component Manufacturing,https://fr.linkedin.com/company/alten,,,,,,,,,,,
linkedin,Entwicklungsingenieur Werkzeugsysteme (m/w/d),OPTIMA packaging group,"Schwäbisch Hall, Baden-Württemberg, Germany",2026-09-30,https://www.linkedin.com/jobs/view/4464979996 , ,li-4464979996,fulltime,,,,,,False,associate,,,,Machinery Manufacturing,https://de.linkedin.com/company/optima-packaging-group,,,,,,,,,,,
linkedin,Praktikant*in Planung und Steuerung e-Drive Fahrzeuge und Komponenten,Mercedes-Benz AG,"Sindelfingen, Baden-Württemberg, Germany",2026-09-30,https://www.linkedin.com/jobs/view/4472601357 , ,li-4472601357,fulltime,,,,,,False,internship,,,"sbv-sindelfingen@mercedes-benz.com, myhrservice@mercedes-benz.com",Motor Vehicle Manufacturing,https://de.linkedin.com/company/mercedes-benz_ag,,,,,,,,,,,
linkedin,"Entwicklungsingenieur (w/m/d) Hochfrequenztechnik, RF",TRUMPF,"Freiburg, Baden-Württemberg, Germany",2026-09-30,https://www.linkedin.com/jobs/view/4463564643 , ,li-4463564643,fulltime,,,,,,False,mid-senior level,,,david.brodkorb.external@trumpf.com,Machinery Manufacturing,https://www.linkedin.com/company/trumpf-se-co-kg,,,,,,,,,,,
linkedin,Ingenieur Leitung Mechanische Konstruktion (m/w/d),Kotte Landtechnik,"Rieste, Lower Saxony, Germany",2026-09-30,https://www.linkedin.com/jobs/view/4466185815 , ,li-4466185815,fulltime,,,,,,False,internship,,,collenberg@kotte-landtechnik.de,Farming,https://de.linkedin.com/company/kotte-landtechnik,,,,,,,,,,,
linkedin,Entwicklungsingenieur:in,Tintschl Unternehmensgruppe,Greater Kassel Area,2026-09-30,https://www.linkedin.com/jobs/view/4473726346 , ,li-4473726346,fulltime,,,,,,False,associate,,,,Staffing and Recruiting,https://de.linkedin.com/company/tintschlunternehmensgruppe,,,,,,,,,,,
linkedin,Consultant MBSE Architect (m/w/d)*,Scalian Germany AG,"Munich, Bavaria, Germany",2026-09-30,https://www.linkedin.com/jobs/view/4473722350 , ,li-4473722350,fulltime,,,,,,False,associate,,,bewerbung@scalian.de,Business Consulting and Services,https://de.linkedin.com/company/scalian-germany-ag,,,,,,,,,,,
linkedin,Consultant MBSE Architect (m/w/d)*,Scalian Germany AG,"Stuttgart, Baden-Württemberg, Germany",2026-09-30,https://www.linkedin.com/jobs/view/4473718467 , ,li-4473718467,fulltime,,,,,,False,associate,,,bewerbung@scalian.de,Business Consulting and Services,https://de.linkedin.com/company/scalian-germany-ag,,,,,,,,,,,
linkedin,Field Application Engineer - Automotive,IC Resources,Stuttgart Region,2026-09-30,https://www.linkedin.com/jobs/view/4473904605 , ,li-4473904605,fulltime,,,,,,False,mid-senior level,,,,"Appliances, Electrical, and Electronics Manufacturing",https://uk.linkedin.com/company/icresources,,,,,,,,,,,
linkedin,Systems Engineer (m/f/d),STABL Energy,"Munich, Bavaria, Germany",2026-09-30,https://www.linkedin.com/jobs/view/4472189652 , ,li-4472189652,fulltime,,,,,,False,associate,,,,Software Development,https://de.linkedin.com/company/stablenergy,,,,,,,,,,,
linkedin,Energy and Power System Architect (f/m/d),NXP Semiconductors,"Hamburg, Hamburg, Germany",2026-09-30,https://www.linkedin.com/jobs/view/4437188802 , ,li-4437188802,fulltime,,,,,,False,mid-senior level,,,,"Semiconductor Manufacturing, Computers and Electronics Manufacturing, and Software Development",https://nl.linkedin.com/company/nxp-semiconductors,,,,,,,,,,,
linkedin,Stellenausschreibung Consultant Simulation,SimPlan Group,"Hamburg, Hamburg, Germany",2026-09-30,https://www.linkedin.com/jobs/view/4472312344 , ,li-4472312344,fulltime,,,,,,False,entry level,,,"Bewerbung@SimPlan.de, Bewerbung@SimPlan.de, Bewerbung@SimPlan.de, Bewerbung@SimPlan.de, Bewerbung@SimPlan.de",IT Services and IT Consulting,https://de.linkedin.com/company/simplan-ag,,,,,,,,,,,
linkedin,Expert Bordtechnologie & Konnektivität (m/w/d),Flix,"Berlin, Germany",2026-09-30,https://www.linkedin.com/jobs/view/4458206579 , ,li-4458206579,fulltime,,,,,,False,mid-senior level,,,,Software Development,https://de.linkedin.com/company/flixbus-flixtrain,,,,,,,,,,,
linkedin,"Technical Lead (Embedded Software) - Up to 110,000 EUR + equity",Attis,"Erding, Bavaria, Germany",2026-09-30,https://www.linkedin.com/jobs/view/4473755399 , ,li-4473755399,fulltime,direct_data,yearly,80000.0,110000.0,EUR,False,mid-senior level,,,,"Technology, Information and Media",https://uk.linkedin.com/company/attisglobal,,,,,,,,,,,
linkedin,Vehicle testing & data analysis support engineer (m/f/d),HARMAN International,"Bochum, North Rhine-Westphalia, Germany",2026-09-30,https://www.linkedin.com/jobs/view/4440158945 , ,li-4440158945,fulltime,,,,,,False,entry level,,,harmancareers@harman.com,Computers and Electronics Manufacturing,https://www.linkedin.com/company/harman-international,,,,,,,,,,,
linkedin,Consultant MBSE Architect (m/w/d)*,Scalian Germany AG,"Berlin, Berlin, Germany",2026-09-30,https://www.linkedin.com/jobs/view/4473721359 , ,li-4473721359,fulltime,,,,,,False,associate,,,bewerbung@scalian.de,Business Consulting and Services,https://de.linkedin.com/company/scalian-germany-ag,,,,,,,,,,,
linkedin,Senior Application Manager (m/f/d) – Automotive Battery Management Systems,Renesas Electronics,"Germering, Bavaria, Germany",2026-09-30,https://www.linkedin.com/jobs/view/4437404746 , ,li-4437404746,fulltime,,,,,,False,mid-senior level,,,,Semiconductor Manufacturing,https://jp.linkedin.com/company/renesas,,,,,,,,,,,
linkedin,Konstrukteur Maschinenbau im Bereich Thermomanagement (m/w/d),Wölfle GmbH,"Ochsenhausen, Baden-Württemberg, Germany",2026-09-30,https://www.linkedin.com/jobs/view/4462292023 , ,li-4462292023,fulltime,,,,,,False,associate,,,carmen.schoellhorn@woelfle-gmbh.de,Motor Vehicle Manufacturing,https://de.linkedin.com/company/w%C3%B6lfle-gmbh,,,,,,,,,,,
linkedin,Praktikant*in Gesamtfahrzeugversuch Midsize,Mercedes-Benz AG,"Sindelfingen, Baden-Württemberg, Germany",2026-09-30,https://www.linkedin.com/jobs/view/4472603659 , ,li-4472603659,fulltime,,,,,,False,internship,,,"sbv-sindelfingen@mercedes-benz.com, myhrservice@mercedes-benz.com",Motor Vehicle Manufacturing,https://de.linkedin.com/company/mercedes-benz_ag,,,,,,,,,,,
linkedin,Senior Professional Fleet Optimization (m/w/d),SIXT,"Munich, Bavaria, Germany",2026-09-30,https://www.linkedin.com/jobs/view/4455709706 , ,li-4455709706,fulltime,,,,,,False,mid-senior level,,,,Travel Arrangements,https://de.linkedin.com/company/sixt,,,,,,,,,,,
linkedin,Senior Developer Robotics,NODE Robotics,"Stuttgart, Baden-Württemberg, Germany",2026-09-30,https://www.linkedin.com/jobs/view/4465570368 , ,li-4465570368,fulltime,,,,,,False,associate,,,,Software Development,https://de.linkedin.com/company/node-robotics,,,,,,,,,,,
linkedin,Praktikant*in Drive Systems Software & Calibration Engineering – Development Process Steering,Mercedes-Benz AG,"Sindelfingen, Baden-Württemberg, Germany",2026-09-30,https://www.linkedin.com/jobs/view/4472612346 , ,li-4472612346,fulltime,,,,,,False,internship,,,"sbv-sindelfingen@mercedes-benz.com, myhrservice@mercedes-benz.com",Motor Vehicle Manufacturing,https://de.linkedin.com/company/mercedes-benz_ag,,,,,,,,,,,
linkedin,Praktikant*in Gesamtfahrzeugversuch Midsize (RD/VCV),Mercedes-Benz AG,"Sindelfingen, Baden-Württemberg, Germany",2026-09-30,https://www.linkedin.com/jobs/view/4472607815 , ,li-4472607815,fulltime,,,,,,False,internship,,,"sbv-sindelfingen@mercedes-benz.com, myhrservice@mercedes-benz.com",Motor Vehicle Manufacturing,https://de.linkedin.com/company/mercedes-benz_ag,,,,,,,,,,,
linkedin,Senior Electronic System Engineer (m/w/d),MT Aerospace AG,"Augsburg, Bavaria, Germany",2026-09-30,https://www.linkedin.com/jobs/view/4473982023 , ,li-4473982023,fulltime,,,,,,False,not applicable,,,,Defense and Space Manufacturing,https://de.linkedin.com/company/mt-aerospace-ag,,,,,,,,,,,
linkedin,Entwickler Elektrischer Antriebe im Bereich Applications&Products (m/w/d),Liebherr Aerospace and Transportation,"Lindenberg im Allgäu, Bavaria, Germany",2026-09-30,https://www.linkedin.com/jobs/view/4463870030 , ,li-4463870030,fulltime,,,,,,False,mid-senior level,,,,Industrial Machinery Manufacturing,https://fr.linkedin.com/company/liebherr-aerospace-and-transportation,,,,,,,,,,,
linkedin,System Integration and Validation Engineer,Applied Intuition,"Stuttgart, Baden-Württemberg, Germany",2026-09-30,https://www.linkedin.com/jobs/view/4447139214 , ,li-4447139214,fulltime,direct_data,yearly,70000.0,115000.0,EUR,False,mid-senior level,,,careers@applied.co,Software Development,https://www.linkedin.com/company/applied-intuition-inc,,,,,,,,,,,
linkedin,studentische Aushilfe (w/m/d),German Aerospace Center (DLR),"Oberpfaffenhofen, Bavaria, Germany",2026-09-30,https://www.linkedin.com/jobs/view/4471479838 , ,li-4471479838,fulltime,,,,,,False,entry level,,,,Research Services,https://de.linkedin.com/company/dlr,,,,,,,,,,,
linkedin,Senior GNC Engineer (f/m/d),TYTAN Technologies,"Munich, Bavaria, Germany",2026-09-30,https://www.linkedin.com/jobs/view/4472322048 , ,li-4472322048,fulltime,,,,,,False,mid-senior level,,,,Aviation and Aerospace Component Manufacturing and Defense and Space Manufacturing,https://de.linkedin.com/company/tytan-technologies,,,,,,,,,,,
linkedin,Techniker für Abgas-Prüfstandsanlagen (m/w/d),Bertrandt Group,"Nuremberg, Bavaria, Germany",2026-09-29,https://www.linkedin.com/jobs/view/4471275951 , ,li-4471275951,fulltime,,,,,,False,mid-senior level,,,,Engineering Services,https://de.linkedin.com/company/bertrandt-ag,,,,,,,,,,,
linkedin,Duales Studium Bachelor of Engineering - ETS - Schwerpunkt Maschinenbau (m/w/d) 2027,bp,"Lingen, Lower Saxony, Germany",2026-09-29,https://www.linkedin.com/jobs/view/4471753599 , ,li-4471753599,fulltime,,,,,,False,internship,,,karriere@de.bp.com,Oil and Gas,https://uk.linkedin.com/company/bp,,,,,,,,,,,
linkedin,Duales Studium 2027: Bachelor of Engineering – Wirtschaftsingenieurwesen (Technischer Vertrieb) (m/w/d),Clarios,"Hannover, Lower Saxony, Germany",2026-09-29,https://www.linkedin.com/jobs/view/4464340623 , ,li-4464340623,fulltime,,,,,,False,internship,,,"Hannover-Ausbildung@clarios.com, Special.Accommodations@Clarios.com",Motor Vehicle Parts Manufacturing,https://www.linkedin.com/company/clarios,,,,,,,,,,,
linkedin,Senior Engineer Electrical Systems( all genders),Deutsche Aircraft,"Wessling, Bavaria, Germany",2026-09-29,https://www.linkedin.com/jobs/view/4466604066 , ,li-4466604066,fulltime,,,,,,False,associate,,,,Aviation and Aerospace Component Manufacturing,https://de.linkedin.com/company/deutsche-aircraft,,,,,,,,,,,
linkedin,Head of Mecatronics & New Space Engineering (m/f/d),HPS High Performance Space Structure Systems GmbH,Greater Munich Metropolitan Area,2026-09-29,https://www.linkedin.com/jobs/view/4473208798 , ,li-4473208798,fulltime,,,,,,False,executive,,,,Aviation and Aerospace Component Manufacturing,https://de.linkedin.com/company/hps-high-performance-space-structure-systems-gmbh,,,,,,,,,,,
linkedin,R&D Expert – Insulation Systems & Dielectric Design,Hitachi Energy,"Bad Honnef am Rhein, North Rhine-Westphalia, Germany",2026-09-29,https://www.linkedin.com/jobs/view/4427911307 , ,li-4427911307,fulltime,,,,,,False,mid-senior level,,,,"Appliances, Electrical, and Electronics Manufacturing and IT Services and IT Consulting",https://ch.linkedin.com/company/hitachienergy,,,,,,,,,,,
linkedin,KFZ-Mechatroniker mit Schwerpunkt Nutzfahrzeugtechnik (m/w/d),GTT Greiwing Truck & Trailer,"Greven, North Rhine-Westphalia, Germany",2026-09-29,https://www.linkedin.com/jobs/view/4471746035 , ,li-4471746035,fulltime,,,,,,False,entry level,,,,"Transportation, Logistics, Supply Chain and Storage",https://de.linkedin.com/company/gtt-greiwing-truck-and-trailer-gmbh-co-kg,,,,,,,,,,,
linkedin,Service Specialist for Marine Applications (m/w/d),Siemens Energy,"Hamburg, Hamburg, Germany",2026-09-29,https://www.linkedin.com/jobs/view/4368702566 , ,li-4368702566,fulltime,,,,,,False,entry level,,,,"Appliances, Electrical, and Electronics Manufacturing",https://www.linkedin.com/company/siemens-energy,,,,,,,,,,,
linkedin,Praktikant Produktkostenoptimierung Gesamtfahrzeug (w/m/x),BMW Group,"Munich, Bavaria, Germany",2026-09-29,https://www.linkedin.com/jobs/view/4452230657 , ,li-4452230657,fulltime,,,,,,False,internship,,,,Motor Vehicle Manufacturing,https://de.linkedin.com/company/bmw-group,,,,,,,,,,,
linkedin,Pflichtpraktikant (w/m/d) im Ingenieurbereich,Siemens Energy,"Mülheim an der Ruhr, North Rhine-Westphalia, Germany",2026-09-29,https://www.linkedin.com/jobs/view/4354745347 , ,li-4354745347,fulltime,,,,,,False,internship,,,,"Appliances, Electrical, and Electronics Manufacturing",https://www.linkedin.com/company/siemens-energy,,,,,,,,,,,
linkedin,Mechanical Designer (w/m/d) – Product Data Management & CAD Administration,MAGNOTHERM,"Darmstadt, Hesse, Germany",2026-09-29,https://www.linkedin.com/jobs/view/4471746218 , ,li-4471746218,fulltime,,,,,,False,mid-senior level,,,,Machinery Manufacturing,https://de.linkedin.com/company/magnotherm,,,,,,,,,,,
linkedin,Systems & Requirements Engineer (m/w/d),Mi-Jack Europe GmbH,"Karlsruhe, Baden-Württemberg, Germany",2026-09-29,https://www.linkedin.com/jobs/view/4473553675 , ,li-4473553675,fulltime,,,,,,False,entry level,,,,Transportation Equipment Manufacturing,https://de.linkedin.com/company/mijackeurope-gmbh,,,,,,,,,,,
linkedin,Systemingenieur Helicopters (m/w/d),Akkodis,"Donau-Ries, Bavaria, Germany",2026-09-29,https://www.linkedin.com/jobs/view/4455289211 , ,li-4455289211,fulltime,,,,,,False,not applicable,,,,Manufacturing,https://www.linkedin.com/company/akkodis,,,,,,,,,,,
linkedin,Design Ingenieur (m/w/d) in der Luftfahrt,ACM - Aircraft Cabin Modification GmbH,"Hamburg, Hamburg, Germany",2026-09-29,https://www.linkedin.com/jobs/view/4473082986 , ,li-4473082986,fulltime,,,,,,False,associate,,,,Aviation and Aerospace Component Manufacturing,https://de.linkedin.com/company/acm-aerospace,,,,,,,,,,,
linkedin,Valves Development Engineer [High-Thrust Rocket Engine],The Exploration Company,"Munich, Bavaria, Germany",2026-09-29,https://www.linkedin.com/jobs/view/4316667115 , ,li-4316667115,fulltime,,,,,,False,mid-senior level,,,,Aviation and Aerospace Component Manufacturing,https://de.linkedin.com/company/exploration-company,,,,,,,,,,,
linkedin,Bachelor of Engineering ETS - Mechatronik  M/W/D,WAS Ambulances,"Emsbüren, Lower Saxony, Germany",2026-09-29,https://www.linkedin.com/jobs/view/4473274006 , ,li-4473274006,fulltime,,,,,,False,entry level,,,j.gerdes@was-vehicles.com,Motor Vehicle Manufacturing,https://uk.linkedin.com/company/was-uk-limited,,,,,,,,,,,
linkedin,Mechanical Design Engineer,Permag,"Korntal-Münchingen, Baden-Württemberg, Germany",2026-09-29,https://www.linkedin.com/jobs/view/4465304323 , ,li-4465304323,fulltime,,,,,,False,mid-senior level,,,,"Medical Equipment Manufacturing, Aviation and Aerospace Component Manufacturing, and Semiconductor Manufacturing",https://www.linkedin.com/company/permag,,,,,,,,,,,
linkedin,Battery Engineer (m/w/d),Liebherr Group,"Lindau, Bavaria, Germany",2026-09-29,https://www.linkedin.com/jobs/view/4473240104 , ,li-4473240104,fulltime,,,,,,False,entry level,,,katja.liedtke@liebherr.com,Industrial Machinery Manufacturing,https://de.linkedin.com/company/liebherr,,,,,,,,,,,
linkedin,Propulsion Valve Development Engineer (m/f/d),Rocket Factory Augsburg - RFA,"Augsburg, Bavaria, Germany",2026-09-29,https://www.linkedin.com/jobs/view/4471941961 , ,li-4471941961,fulltime,,,,,,False,entry level,,,,Aviation and Aerospace Component Manufacturing,https://de.linkedin.com/company/rfa-space,,,,,,,,,,,
linkedin,Design Engineer for Machine Modification and Modernization / Konstrukteur für Umbau und Modernisierung von Maschinen (m/w/d),BW Converting,"Neuwied, Rhineland-Palatinate, Germany",2026-09-29,https://www.linkedin.com/jobs/view/4464374171 , ,li-4464374171,fulltime,,,,,,False,mid-senior level,,,,Machinery Manufacturing,https://www.linkedin.com/company/bw-converting,,,,,,,,,,,
linkedin,Teilbereichskoordinator Konstruktion (m/w/d),WITRON Group,"Parkstein, Bavaria, Germany",2026-09-29,https://www.linkedin.com/jobs/view/4463930536 , ,li-4463930536,fulltime,,,,,,False,not applicable,,,,"Automation Machinery Manufacturing, Transportation, Logistics, Supply Chain and Storage, and Industrial Machinery Manufacturing",https://de.linkedin.com/company/witron,,,,,,,,,,,
linkedin,Entwicklungsingenieur (m/w/d),WITRON Group,"Parkstein, Bavaria, Germany",2026-09-29,https://www.linkedin.com/jobs/view/4205453476 , ,li-4205453476,fulltime,,,,,,False,not applicable,,,,"Automation Machinery Manufacturing, Transportation, Logistics, Supply Chain and Storage, and Industrial Machinery Manufacturing",https://de.linkedin.com/company/witron,,,,,,,,,,,
linkedin,Systemingenieur Humanoid Robotics (m/w/d),Brose Group,"Bamberg, Bavaria, Germany",2026-09-29,https://www.linkedin.com/jobs/view/4449490073 , ,li-4449490073,fulltime,,,,,,False,mid-senior level,,,,Motor Vehicle Manufacturing,https://de.linkedin.com/company/brose,,,,,,,,,,,
linkedin,Engineer Physical Design (m/w/d)  - Aerospace,Bertrandt Group,"Hamburg, Hamburg, Germany",2026-09-29,https://www.linkedin.com/jobs/view/4471913363 , ,li-4471913363,fulltime,,,,,,False,entry level,,,,Engineering Services,https://de.linkedin.com/company/bertrandt-ag,,,,,,,,,,,
linkedin,Lead Engineer Sodium Ion Cell (m/f/d),Clarios,"Hannover, Lower Saxony, Germany",2026-09-29,https://www.linkedin.com/jobs/view/4473526812 , ,li-4473526812,fulltime,,,,,,False,mid-senior level,,,Special.Accommodations@Clarios.com,Motor Vehicle Parts Manufacturing,https://www.linkedin.com/company/clarios,,,,,,,,,,,
linkedin,DESIGN ENGINEER M/W/D,F/LIST,"Berlin, Berlin, Germany",2026-09-29,https://www.linkedin.com/jobs/view/4473282331 , ,li-4473282331,fulltime,,,,,,False,entry level,,,,Furniture and Home Furnishings Manufacturing,https://at.linkedin.com/company/f-list,,,,,,,,,,,
linkedin,Konstrukteur Sondermaschinenbau (m/w/d),FRÄNKISCHE Group,"Königsberg in Bayern, Bavaria, Germany",2026-09-29,https://www.linkedin.com/jobs/view/4471599912 , ,li-4471599912,fulltime,,,,,,False,entry level,,,,Plastics Manufacturing,https://de.linkedin.com/company/fr%C3%A4nkische--group,,,,,,,,,,,
linkedin,Bachelor of Engineering ETS - Elektrotechnik M/W/D,WAS Ambulances,"Emsbüren, Lower Saxony, Germany",2026-09-29,https://www.linkedin.com/jobs/view/4473258797 , ,li-4473258797,fulltime,,,,,,False,entry level,,,j.gerdes@was-vehicles.com,Motor Vehicle Manufacturing,https://uk.linkedin.com/company/was-uk-limited,,,,,,,,,,,
linkedin,Konstruktionsingenieure (m/w/d) Turbinenbau / Kraftwerksbau,Oehmichen & Bürgers Industrieplanung GmbH,"Düsseldorf, North Rhine-Westphalia, Germany",2026-09-29,https://www.linkedin.com/jobs/view/4471703064 , ,li-4471703064,fulltime,,,,,,False,entry level,,,,Engineering Services,https://de.linkedin.com/company/oub,,,,,,,,,,,
linkedin,Konstrukteur Elektrotechnik Schienenfahrzeuge (m/w/d),ESE Engineering und Software-Entwicklung GmbH,"Stendal, Saxony-Anhalt, Germany",2026-09-29,https://www.linkedin.com/jobs/view/4471901939 , ,li-4471901939,fulltime,,,,,,False,associate,,,,IT Services and IT Consulting,https://de.linkedin.com/company/ese-engineering-und-software-entwicklung-gmbh,,,,,,,,,,,
linkedin,Technischer Produktdesigner / Technischer Zeichner (m/w/d),BERDING BETON GmbH,"Coesfeld, North Rhine-Westphalia, Germany",2026-09-29,https://www.linkedin.com/jobs/view/4471294787 , ,li-4471294787,fulltime,,,,,,False,mid-senior level,,,,Wholesale Building Materials,https://de.linkedin.com/company/berding-beton-gmbh,,,,,,,,,,,
linkedin,Ausbildung zum Technischen Produktdesigner (m/w/d) ab 01.09.2027,WITRON Group,"Parkstein, Bavaria, Germany",2026-09-29,https://www.linkedin.com/jobs/view/4450154014 , ,li-4450154014,fulltime,,,,,,False,not applicable,,,,"Automation Machinery Manufacturing, Transportation, Logistics, Supply Chain and Storage, and Industrial Machinery Manufacturing",https://de.linkedin.com/company/witron,,,,,,,,,,,
linkedin,Business Development Engineer – Display Bonding & Adhesive Applications (m/f/d),tesa,"Hamburg, Germany",2026-09-29,https://www.linkedin.com/jobs/view/4471956636 , ,li-4471956636,fulltime,,,,,,False,mid-senior level,,,,Chemical Manufacturing,https://de.linkedin.com/company/tesa,,,,,,,,,,,
linkedin,Bachelor of Engineering - Wirtschaftsingenieurwesen M/W/D,WAS Ambulances,"Emsbüren, Lower Saxony, Germany",2026-09-29,https://www.linkedin.com/jobs/view/4473259721 , ,li-4473259721,fulltime,,,,,,False,entry level,,,j.gerdes@was-vehicles.com,Motor Vehicle Manufacturing,https://uk.linkedin.com/company/was-uk-limited,,,,,,,,,,,
linkedin,Senior Entwicklungsingenieur Gesamtfahrzeug Elektronik (m/w/d),EDAG Group,"Munich, Bavaria, Germany",2026-09-29,https://www.linkedin.com/jobs/view/4471529906 , ,li-4471529906,fulltime,,,,,,False,mid-senior level,,,,Engineering Services,https://de.linkedin.com/company/edaggroup,,,,,,,,,,,
linkedin,Entwicklungsingenieur (m/w/d) Rohbau Struktur Automotive,Akkodis,"Böblingen, Baden-Württemberg, Germany",2026-09-29,https://www.linkedin.com/jobs/view/4455298088 , ,li-4455298088,fulltime,,,,,,False,not applicable,,,,Manufacturing,https://www.linkedin.com/company/akkodis,,,,,,,,,,,
linkedin,Entwicklungsingenieur (m/w/d) Rohbau Automotive - Türen und Klappen,Akkodis,"Böblingen, Baden-Württemberg, Germany",2026-09-29,https://www.linkedin.com/jobs/view/4469856275 , ,li-4469856275,fulltime,,,,,,False,not applicable,,,,Manufacturing,https://www.linkedin.com/company/akkodis,,,,,,,,,,,
linkedin,Lead Homologation Engineer (m/w/d),MOTOR Ai,"Berlin, Berlin, Germany",2026-09-29,https://www.linkedin.com/jobs/view/4471710412 , ,li-4471710412,fulltime,,,,,,False,mid-senior level,,,,Software Development,https://de.linkedin.com/company/motorai,,,,,,,,,,,
linkedin,OTA test engineer (m/f/d) (ID: 22459),Da Vinci Engineering GmbH,"Sindelfingen, Baden-Württemberg, Germany",2026-09-29,https://www.linkedin.com/jobs/view/4471590990 , ,li-4471590990,fulltime,,,,,,False,mid-senior level,,,,Engineering Services,https://de.linkedin.com/company/da-vinci-engineering-gmbh,,,,,,,,,,,
linkedin,Systemingenieur für sicherheitskritische Systeme (m/w/d),Amoria Bond,"Kiel, Schleswig-Holstein, Germany",2026-09-29,https://www.linkedin.com/jobs/view/4471283620 , ,li-4471283620,fulltime,,,,,,False,mid-senior level,,,,Embedded Software Products,https://uk.linkedin.com/company/amoria-bond,,,,,,,,,,,
linkedin,Junior Entwicklungsingenieur Elektronik und Software (m/w/d),EDAG Group,"Munich, Bavaria, Germany",2026-09-29,https://www.linkedin.com/jobs/view/4471538707 , ,li-4471538707,fulltime,,,,,,False,entry level,,,,Engineering Services,https://de.linkedin.com/company/edaggroup,,,,,,,,,,,
linkedin,Customer Engineer (m/w/d),MAN Truck & Bus SE,"Munich, Bavaria, Germany",2026-09-29,https://www.linkedin.com/jobs/view/4473284997 , ,li-4473284997,fulltime,,,,,,False,entry level,,,,Motor Vehicle Manufacturing,https://de.linkedin.com/company/man-commercial-vehicles,,,,,,,,,,,
linkedin,Consultant MBSE Architect (m/w/d)*,Scalian Germany AG,"Hamburg, Hamburg, Germany",2026-09-29,https://www.linkedin.com/jobs/view/4473232748 , ,li-4473232748,fulltime,,,,,,False,associate,,,bewerbung@scalian.de,Business Consulting and Services,https://de.linkedin.com/company/scalian-germany-ag,,,,,,,,,,,
linkedin,Systemingenieur (m/w/d) mit technischer Projektverantwortung,Silver Atena GmbH,"Bremen, Bremen, Germany",2026-09-29,https://www.linkedin.com/jobs/view/4445190824 , ,li-4445190824,fulltime,,,,,,False,mid-senior level,,,,"Appliances, Electrical, and Electronics Manufacturing",https://de.linkedin.com/company/silveratena,,,,,,,,,,,
linkedin,Senior R&D Engineer – Ultrasound & Sensor Systems (all genders welcome),Rosenxt Group,"Lohne, Lower Saxony, Germany",2026-09-29,https://www.linkedin.com/jobs/view/4422024667 , ,li-4422024667,fulltime,,,,,,False,associate,,,,Engineering Services,https://ch.linkedin.com/company/rosenxt,,,,,,,,,,,
linkedin,Application Engineer Automotive / Technical Application Engineer – Automotive Electronics (m/w/d),TIMEConsult GmbH,"Hanau am Main, Hesse, Germany",2026-09-29,https://www.linkedin.com/jobs/view/4471278888 , ,li-4471278888,fulltime,,,,,,False,associate,,,dirk.breidenbach@timeconsult.de,"Appliances, Electrical, and Electronics Manufacturing",https://de.linkedin.com/company/timeconsult-gmbh,,,,,,,,,,,
linkedin,Entwicklungs-/Testingenieur OTA (m/w/d) Automotive Software Updates,prognum Automotive GmbH,"Stuttgart, Baden-Württemberg, Germany",2026-09-29,https://www.linkedin.com/jobs/view/4473521890 , ,li-4473521890,fulltime,,,,,,False,entry level,,,,Engineering Services,https://de.linkedin.com/company/prognum-automotive,,,,,,,,,,,
linkedin,Versuchsingenieur (all gender),ALTEN,"Reutlingen, Baden-Württemberg, Germany",2026-09-29,https://www.linkedin.com/jobs/view/4471273366 , ,li-4471273366,fulltime,direct_data,yearly,60000.0,65000.0,EUR,False,associate,,,,Machinery Manufacturing,https://fr.linkedin.com/company/alten,,,,,,,,,,,
linkedin,Robotics Modelling & Simulation Engineer,Vesoma,"Munich, Bavaria, Germany",2026-09-29,https://www.linkedin.com/jobs/view/4473086874 , ,li-4473086874,fulltime,,,,,,False,mid-senior level,,,,Robotics Engineering,https://de.linkedin.com/company/vesomaai,,,,,,,,,,,
linkedin,Manager Railway Industry (all genders),Eraneos,Greater Munich Metropolitan Area,2026-09-29,https://www.linkedin.com/jobs/view/4385056444 , ,li-4385056444,fulltime,,,,,,False,mid-senior level,,,career.de@eraneos.com,Business Consulting and Services,https://ch.linkedin.com/company/eraneos,,,,,,,,,,,
linkedin,"Research Associate (f/m/d)  Research focus: AI-based design of engine architecture, HAP5",Brandenburg University of Applied Sciences,"Brandenburg on the Havel, Brandenburg, Germany",2026-09-29,https://www.linkedin.com/jobs/view/4473262388 , ,li-4473262388,fulltime,,,,,,False,entry level,,,"leitung-pvo@th-brandenburg.de, gba@th-brandenburg.de, flassig@th-brandenburg.de, doreen.peters@th-brandenburg.de",Internet Publishing,https://de.linkedin.com/school/th-brandenburg/,,,,,,,,,,,
linkedin,Roboticist (Hands),Vesoma,"Munich, Bavaria, Germany",2026-09-29,https://www.linkedin.com/jobs/view/4473085939 , ,li-4473085939,fulltime,,,,,,False,mid-senior level,,,,Robotics Engineering,https://de.linkedin.com/company/vesomaai,,,,,,,,,,,
linkedin,Prüfingenieur Fahrzeuge / Kfz Sachverständiger (m/w/d),DEKRA Germany,"Cologne, North Rhine-Westphalia, Germany",2026-09-29,https://www.linkedin.com/jobs/view/4469118834 , ,li-4469118834,fulltime,,,,,,False,entry level,,,laura.weber@dekra.com,Public Safety,https://de.linkedin.com/company/dekra-germany,,,,,,,,,,,
linkedin,Senior Hydraulic Systems Engineer (all genders),Deutsche Aircraft,"Wessling, Bavaria, Germany",2026-09-29,https://www.linkedin.com/jobs/view/4471721322 , ,li-4471721322,fulltime,,,,,,False,associate,,,,Aviation & Aerospace,https://de.linkedin.com/company/deutsche-aircraft,,,,,,,,,,,
linkedin,Systems Engineer (m/f/d),Rocket Factory Augsburg - RFA,"Augsburg, Bavaria, Germany",2026-09-29,https://www.linkedin.com/jobs/view/4471965027 , ,li-4471965027,fulltime,,,,,,False,mid-senior level,,,,Aviation and Aerospace Component Manufacturing,https://de.linkedin.com/company/rfa-space,,,,,,,,,,,
linkedin,Masterarbeit mit Metamaterialien zum leisen Produkt - FEM-Simulation von Metamaterialien zur akustischen Optimierung von Produktgehäusen,Bosch,"Renningen, Baden-Württemberg, Germany",2026-09-29,https://www.linkedin.com/jobs/view/4471709682 , ,li-4471709682,fulltime,,,,,,False,not applicable,,,,Automotive,https://de.linkedin.com/company/bosch,,,,,,,,,,,
linkedin,Safety Expert - Vehicle Dynamics Control,Huawei,"Munich, Bavaria, Germany",2026-09-29,https://www.linkedin.com/jobs/view/4471939756 , ,li-4471939756,fulltime,,,,,,False,mid-senior level,,,,Telecommunications,https://cn.linkedin.com/company/huawei,,,,,,,,,,,
linkedin,Entwicklungsingenieur Mechatronik mit Schwerpunkt Dynamik und Regelungstechnik (w/m/d),AlphaConsult-Gruppe,"Aalen, Baden-Württemberg, Germany",2026-09-29,https://www.linkedin.com/jobs/view/4471718661 , ,li-4471718661,temporary,,,,,,False,associate,,,,Semiconductor Manufacturing and Machinery Manufacturing,https://de.linkedin.com/company/alphaconsult-gruppe,,,,,,,,,,,
linkedin,Inbetriebsetzer (m/w/d) - Batterietriebzüge,CAF (Construcciones y Auxiliar de Ferrocarriles),"Gelsenkirchen, North Rhine-Westphalia, Germany",2026-09-29,https://www.linkedin.com/jobs/view/4322181700 , ,li-4322181700,fulltime,,,,,,False,entry level,,,,Transportation Equipment Manufacturing,https://es.linkedin.com/company/caf-mobility,,,,,,,,,,,
