site,title,company,location,date_posted,job_url,job_url_direct,id,job_type,salary_source,interval,min_amount,max_amount,currency,is_remote,job_level,job_function,listing_type,emails,company_industry,company_url,company_url_direct,company_addresses,company_num_employees,company_revenue,company_description,skills,experience_range,company_rating,company_reviews_count,vacancy_count,work_from_home_type
linkedin,Senior Entwicklungsingenieur Elektrik/Elektronik Truck (m/w/d),UNO MINDA Systems GmbH,"Munich, Bavaria, Germany",2026-09-14,https://www.linkedin.com/jobs/view/4467035504 , ,li-4467035504,fulltime,,,,,,False,mid-senior level,Engineering and Information Technology,,,Automotive,https://de.linkedin.com/company/uno-minda-systems-gmbh,,,,,,,,,,,
linkedin,Avionics Hardware Engineer,Helsing,"Munich, Bavaria, Germany",2026-09-14,https://www.linkedin.com/jobs/view/4417978173 , ,li-4417978173,fulltime,,,,,,True,mid-senior level,Engineering and Information Technology,,,Software Development,https://de.linkedin.com/company/helsing,,,,,,,,,,,
linkedin,Lead Systems Engineer - EO/IR Sensing,Helsing,"Munich, Bavaria, Germany",2026-09-14,https://www.linkedin.com/jobs/view/4364501082 , ,li-4364501082,fulltime,,,,,,True,mid-senior level,Information Technology,,,Software Development,https://de.linkedin.com/company/helsing,,,,,,,,,,,
linkedin,Bachelorarbeit im Bereich Fahrzeugtechnik / Maschinenbau / Elektrotechnik (m/w/d),IGEFA Engenieering Service Cmp.,"Hude, Lower Saxony, Germany",2026-09-14,https://www.linkedin.com/jobs/view/4465211319 , ,li-4465211319,parttime,,,,,,False,entry level,Engineering,,,Industrial Machinery Manufacturing,https://de.linkedin.com/company/igefa-ingenieurgemeinschaft-f%C3%BCr-fahrzeugtechnik-gmbh,,,,,,,,,,,
linkedin,Lead Systems Engineer - Active RF Sensing,Helsing,"Munich, Bavaria, Germany",2026-09-14,https://www.linkedin.com/jobs/view/4427381561 , ,li-4427381561,fulltime,,,,,,False,mid-senior level,Engineering and Information Technology,,,Software Development,https://de.linkedin.com/company/helsing,,,,,,,,,,,
linkedin,Power Electronics Engineer – Robotics / Machinery / Servo Drives,Optimus Search,"Bavaria, Germany",2026-09-14,https://www.linkedin.com/jobs/view/4465214145 , ,li-4465214145,fulltime,,,,,,False,mid-senior level,,,,Robotics Engineering and Engineering Services,https://uk.linkedin.com/company/optimus-search,,,,,,,,,,,
linkedin,System Architect,Holt Executive Ltd,"Baden-Württemberg, Germany",2026-09-14,https://www.linkedin.com/jobs/view/4464783956 , ,li-4464783956,fulltime,,,,,,False,mid-senior level,,,,Defense and Space Manufacturing and Telecommunications,https://uk.linkedin.com/company/holt-executive-ltd,,,,,,,,,,,
linkedin,"SDV Architekt Test & vECU (Cloud, KI, QS-Strategie) (all genders)",MHP – A Porsche Company,"Wolfsburg, Lower Saxony, Germany",2026-09-14,https://www.linkedin.com/jobs/view/4402986264 , ,li-4402986264,fulltime,,,,,,False,mid-senior level,"Design, Art/Creative, and Information Technology",,,Business Consulting and Services,https://de.linkedin.com/company/mhp-a-porsche-company,,,,,,,,,,,
linkedin,Systems Engineer - Command and Control (Air),Helsing,"Munich, Bavaria, Germany",2026-09-14,https://www.linkedin.com/jobs/view/4373482497 , ,li-4373482497,fulltime,,,,,,True,mid-senior level,Engineering and Information Technology,,,Software Development,https://de.linkedin.com/company/helsing,,,,,,,,,,,
linkedin,Drone Field Engineer,Helsing,"Munich, Bavaria, Germany",2026-09-14,https://www.linkedin.com/jobs/view/4421155886 , ,li-4421155886,fulltime,,,,,,False,mid-senior level,Engineering and Information Technology,,,Software Development,https://de.linkedin.com/company/helsing,,,,,,,,,,,
linkedin,Praktikant/Praxissemester – angehender Kfz-Prüfingenieur (m/w/d),IGEFA Engenieering Service Cmp.,"Hude, Lower Saxony, Germany",2026-09-14,https://www.linkedin.com/jobs/view/4465230082 , ,li-4465230082,fulltime,,,,,,False,entry level,Engineering,,,Motor Vehicle Manufacturing,https://de.linkedin.com/company/igefa-ingenieurgemeinschaft-f%C3%BCr-fahrzeugtechnik-gmbh,,,,,,,,,,,
linkedin,Versuchsingenieur Holzbau (m/w/d) in Eppingen,Trio Personalmanagement GmbH,"Eppingen, Baden-Württemberg, Germany",2026-09-14,https://www.linkedin.com/jobs/view/4465485500 , ,li-4465485500,fulltime,,,,,,False,entry level,Engineering and Information Technology,,,Staffing and Recruiting,https://de.linkedin.com/company/trio-personalmanagement-bretten-gmbh,,,,,,,,,,,
linkedin,Industrial Drives & Automation Engineer – Motor / Servo Drives,Optimus Search,"Bavaria, Germany",2026-09-14,https://www.linkedin.com/jobs/view/4464789429 , ,li-4464789429,fulltime,,,,,,False,mid-senior level,,,,"Engines and Power Transmission Equipment Manufacturing, Automation Machinery Manufacturing, and Engineering Services",https://uk.linkedin.com/company/optimus-search,,,,,,,,,,,
linkedin,Senior Robotics Research Engineer - Foundation Models & Agentic Systems (m/w/d),BWI GmbH,"Ulm, Baden-Württemberg, Germany",2026-09-14,https://www.linkedin.com/jobs/view/4467068110 , ,li-4467068110,fulltime,,,,,,False,mid-senior level,Engineering and Information Technology,,,IT Services and IT Consulting,https://de.linkedin.com/company/bwi-gmbh,,,,,,,,,,,
linkedin,Senior Robotics Research Engineer - Foundation Models & Agentic Systems (m/w/d),BWI GmbH,"Bonn, North Rhine-Westphalia, Germany",2026-09-14,https://www.linkedin.com/jobs/view/4467057127 , ,li-4467057127,fulltime,,,,,,False,mid-senior level,Engineering and Information Technology,,,IT Services and IT Consulting,https://de.linkedin.com/company/bwi-gmbh,,,,,,,,,,,
linkedin,Senior Robotics Research Engineer - Foundation Models & Agentic Systems (m/w/d),BWI GmbH,"Nuremberg, Bavaria, Germany",2026-09-14,https://www.linkedin.com/jobs/view/4467069084 , ,li-4467069084,fulltime,,,,,,False,mid-senior level,Engineering and Information Technology,,,IT Services and IT Consulting,https://de.linkedin.com/company/bwi-gmbh,,,,,,,,,,,
linkedin,Systemingenieur Maschinenbau (m/w/d),mamgo | Talente 🔗 Jobs,"Lambrechtshagen, Mecklenburg-West Pomerania, Germany",2026-09-14,https://www.linkedin.com/jobs/view/4467059741 , ,li-4467059741,fulltime,,,,,,False,mid-senior level,Information Technology,,,"Technology, Information and Internet",https://de.linkedin.com/company/mamgo-io,,,,,,,,,,,
linkedin,Power Electronics Engineer – Rail / Traction / Auxiliary Power,Optimus Search,"Baden-Württemberg, Germany",2026-09-14,https://www.linkedin.com/jobs/view/4464795941 , ,li-4464795941,fulltime,,,,,,False,mid-senior level,,,,"Engineering Services, Rail Transportation, and Retail Appliances, Electrical, and Electronic Equipment",https://uk.linkedin.com/company/optimus-search,,,,,,,,,,,
linkedin,Entwicklungsingenieur Referenzmesstechnik (m/w/d),TechHub by efs,"Gaimersheim, Bavaria, Germany",2026-09-14,https://www.linkedin.com/jobs/view/4465206504 , ,li-4465206504,fulltime,,,,,,False,associate,,,,Software Development,https://de.linkedin.com/company/techhubbyefs,,,,,,,,,,,
linkedin,"Senior Embedded Software Test Engineer (m/f/d), Safety & Security Platform",ARX Robotics,"Munich, Bavaria, Germany",2026-09-14,https://www.linkedin.com/jobs/view/4465229620 , ,li-4465229620,fulltime,,,,,,False,mid-senior level,Engineering and Information Technology,,,Defense and Space Manufacturing,https://de.linkedin.com/company/arx-robotics,,,,,,,,,,,
linkedin,Senior Product Engineer CAE,Yanfeng,"Neuss, North Rhine-Westphalia, Germany",2026-09-14,https://www.linkedin.com/jobs/view/4465711540 , ,li-4465711540,fulltime,,,,,,False,mid-senior level,Engineering and Manufacturing,,,"Motor Vehicle Manufacturing, Motor Vehicle Parts Manufacturing, and Manufacturing",https://cn.linkedin.com/company/yanfeng-global,,,,,,,,,,,
linkedin,(Senior) Engineer – Vehicle Dynamics & Chassis,Chery Europe GmbH,"Raunheim, Hesse, Germany",2026-09-14,https://www.linkedin.com/jobs/view/4467098874 , ,li-4467098874,fulltime,,,,,,False,associate,Engineering,,,Motor Vehicle Manufacturing,https://de.linkedin.com/company/chery-europe-gmbh,,,,,,,,,,,
linkedin,Entwicklungsingenieur (m/w/d) Hardware,Pepperl+Fuchs Group,"Hamburg, Hamburg, Germany",2026-09-14,https://www.linkedin.com/jobs/view/4467070492 , ,li-4467070492,fulltime,,,,,,False,entry level,Engineering and Information Technology,,,Automation Machinery Manufacturing,https://de.linkedin.com/company/pepperl-fuchs-group,,,,,,,,,,,
linkedin,Flottenkoordinator (m/w/d),Berndt GmbH,"Oberding, Bavaria, Germany",2026-09-14,https://www.linkedin.com/jobs/view/4467062891 , ,li-4467062891,fulltime,,,,,,False,mid-senior level,Product Management,,,"Transportation, Logistics, Supply Chain and Storage",https://de.linkedin.com/company/berndt-gmbh,,,,,,,,,,,
linkedin,Kraftfahrzeugmechatroniker - Fahrzeugkommunikationstechn. (m/w/d) - Jobbird.com,Jobster,"Ahlen, North Rhine-Westphalia, Germany",2026-09-14,https://www.linkedin.com/jobs/view/4465774036 , ,li-4465774036,fulltime,,,,,,False,entry level,Management and Manufacturing,,,Software Development,https://nl.linkedin.com/company/jobster-com,,,,,,,,,,,
linkedin,Kraftfahrzeugmechatroniker (m/w/d) - Jobbird.com,Jobster,"Beckum, North Rhine-Westphalia, Germany",2026-09-14,https://www.linkedin.com/jobs/view/4465743954 , ,li-4465743954,fulltime,,,,,,False,entry level,Management and Manufacturing,,,Software Development,https://nl.linkedin.com/company/jobster-com,,,,,,,,,,,
linkedin,Project Manager_Chassis Integration,Chery Europe GmbH,"Raunheim, Hesse, Germany",2026-09-14,https://www.linkedin.com/jobs/view/4467205173 , ,li-4467205173,fulltime,,,,,,False,mid-senior level,Engineering,,,Business Consulting and Services and Engineering Services,https://de.linkedin.com/company/chery-europe-gmbh,,,,,,,,,,,
linkedin,Power Electronics Engineer – Energy / Grid / HVDC,Optimus Search,"Bavaria, Germany",2026-09-14,https://www.linkedin.com/jobs/view/4464788345 , ,li-4464788345,fulltime,,,,,,False,mid-senior level,,,,Engineering Services and Electric Power Generation,https://uk.linkedin.com/company/optimus-search,,,,,,,,,,,
linkedin,Lead Engineer Integrated Engine Design - Propulsion (m/f/d),Isar Aerospace,"Ottobrunn, Bavaria, Germany",2026-09-14,https://www.linkedin.com/jobs/view/4387252828 , ,li-4387252828,fulltime,,,,,,False,mid-senior level,Engineering and Information Technology,,,Aviation and Aerospace Component Manufacturing,https://de.linkedin.com/company/isaraerospace,,,,,,,,,,,
linkedin,Power Electronics Engineer – Aerospace / eVTOL,Optimus Search,"Bavaria, Germany",2026-09-14,https://www.linkedin.com/jobs/view/4465211034 , ,li-4465211034,fulltime,,,,,,False,mid-senior level,,,,Engineering Services and Electric Power Generation,https://uk.linkedin.com/company/optimus-search,,,,,,,,,,,
linkedin,Elektrokonstrukteur (m/w/d) Maschinenbau,talentmatch Stellenmarkt,"Giessen, Hesse, Germany",2026-09-14,https://www.linkedin.com/jobs/view/4467026635 , ,li-4467026635,fulltime,,,,,,False,associate,Other,,,Machinery Manufacturing,https://de.linkedin.com/company/talentmatch-stellenmarkt,,,,,,,,,,,
linkedin,Lead Engineer – Ground Control Station (GCS) & Hardware Simulator,Helsing,"Munich, Bavaria, Germany",2026-09-14,https://www.linkedin.com/jobs/view/4439616478 , ,li-4439616478,fulltime,,,,,,True,mid-senior level,Engineering and Information Technology,,,Software Development,https://de.linkedin.com/company/helsing,,,,,,,,,,,
linkedin,Ausbildung zum Technischen Produktdesigner (m/w/d) (Start 01.09.2027),EOL - End of Line Packaging Experts,"Pfatter, Bavaria, Germany",2026-09-14,https://www.linkedin.com/jobs/view/4464761981 , ,li-4464761981,fulltime,,,,,,False,entry level,Education and Training,,,Construction,https://de.linkedin.com/company/end-of-line-experts-gmbh,,,,,,,,,,,
linkedin,Bauzeichner / CAD-Konstrukteur (w/m/d),Assmann Beraten + Planen,,2026-09-14,https://www.linkedin.com/jobs/view/4455737776 , ,li-4455737776,fulltime,,,,,,False,entry level,Engineering,,,Engineering Services,https://de.linkedin.com/company/assmann-beraten-planen,,,,,,,,,,,
linkedin,2027 Duales Studium: Bachelor of Engineering – Maschinenbau (m/w/d) Prozesstechnik,"IKA – Laboratory, Analytical and Process Technology","Staufen im Breisgau, Baden-Württemberg, Germany",2026-09-14,https://www.linkedin.com/jobs/view/4467099553 , ,li-4467099553,fulltime,,,,,,False,internship,Management and Manufacturing,,,Machinery Manufacturing,https://de.linkedin.com/company/ika-works,,,,,,,,,,,
linkedin,Senior Mechanical Design Engineer,SpaceTech International,"Munich, Bavaria, Germany",2026-09-14,https://www.linkedin.com/jobs/view/4464799078 , ,li-4464799078,contract,,,,,,True,mid-senior level,Engineering,,,Defense and Space Manufacturing and Robotics Engineering,https://uk.linkedin.com/company/spacetech-international,,,,,,,,,,,
linkedin,Mechanical Engineer,TXT GROUP,"Munich, Bavaria, Germany",2026-09-14,https://www.linkedin.com/jobs/view/4438327539 , ,li-4438327539,fulltime,,,,,,False,entry level,Engineering and Information Technology,,,IT Services and IT Consulting,https://it.linkedin.com/company/txtgroup,,,,,,,,,,,
linkedin,Projektmanagement (m/w/d),assemblean,"Paderborn, North Rhine-Westphalia, Germany",2026-09-14,https://www.linkedin.com/jobs/view/4464764966 , ,li-4464764966,fulltime,,,,,,False,entry level,Engineering,,,IT Services and IT Consulting,https://de.linkedin.com/company/assemblean,,,,,,,,,,,
linkedin,Power Electronics Engineer – Renewables / Solar / Wind / Energy Storage,Optimus Search,"Bavaria, Germany",2026-09-14,https://www.linkedin.com/jobs/view/4464798877 , ,li-4464798877,fulltime,,,,,,False,mid-senior level,,,,Engineering Services and Services for Renewable Energy,https://uk.linkedin.com/company/optimus-search,,,,,,,,,,,
linkedin,Senior Space System Engineer (m/f/d),CGI,"Darmstadt, Hesse, Germany",2026-09-14,https://www.linkedin.com/jobs/view/4389741795 , ,li-4389741795,fulltime,,,,,,False,entry level,Information Technology,,,IT Services and IT Consulting,https://ca.linkedin.com/company/cgi,,,,,,,,,,,
linkedin,"Masterarbeit ""Erstellung eines Simulationsmodells zur Analyse und Optimierung eines Shuttlesystems""(m/w/d)",Dematic,"Heusenstamm, Hesse, Germany",2026-09-14,https://www.linkedin.com/jobs/view/4455881086 , ,li-4455881086,fulltime,,,,,,False,internship,Education and Training,,,"Transportation, Logistics, Supply Chain and Storage",https://www.linkedin.com/company/dematic,,,,,,,,,,,
linkedin,Teamlead Controls & Electrics (m/w/d),AERZEN worldwide,"Aerzen, Lower Saxony, Germany",2026-09-14,https://www.linkedin.com/jobs/view/4417673009 , ,li-4417673009,fulltime,,,,,,True,mid-senior level,Accounting/Auditing and Finance,,madita.jacobi@aerzen.com,Machinery Manufacturing,https://de.linkedin.com/company/aerzen-worldwide,,,,,,,,,,,
linkedin,Senior Mechanical Product Development Engineer / Entwicklungsingenieur Mechanik (m/f/d),MIYOL,"Berlin, Germany",2026-09-14,https://www.linkedin.com/jobs/view/4464790453 , ,li-4464790453,fulltime,,,,,,False,mid-senior level,Management and Manufacturing,,,Wellness and Fitness Services,https://de.linkedin.com/company/miyol,,,,,,,,,,,
linkedin,Senior R&D Engineer,Ambu,"Augsburg, Bavaria, Germany",2026-09-14,https://www.linkedin.com/jobs/view/4439157430 , ,li-4439157430,fulltime,,,,,,True,mid-senior level,Engineering and Information Technology,,,Medical Equipment Manufacturing and Hospitals and Health Care,https://dk.linkedin.com/company/ambu-as,,,,,,,,,,,
linkedin,Bachelor / Master / Techniker im Bereich Konstruktion/ Entwicklung/ Sondermaschinenbau ( m/w),Kronospan,"Losheim am See, Saarland, Germany",2026-09-14,https://www.linkedin.com/jobs/view/4289941763 , ,li-4289941763,fulltime,,,,,,False,entry level,Management and Manufacturing,,,Paper and Forest Product Manufacturing,https://li.linkedin.com/company/kronospan,,,,,,,,,,,
linkedin,Konstruktionsplaner (m/w/d),Klug Laser GmbH,"Göppingen, Baden-Württemberg, Germany",2026-09-14,https://www.linkedin.com/jobs/view/4467063864 , ,li-4467063864,fulltime,,,,,,False,entry level,Production and Engineering,,bewerbung@kluglaser.de,Fabricated Metal Products,https://de.linkedin.com/company/klug-laser-gmbh,,,,,,,,,,,
linkedin,einen Auszubildenden zum Techn. Produktdesigner - Maschinen- u. Anlagenkonstrukt. (m/w/d),SLF Oberflächentechnik GmbH,"Emsdetten, North Rhine-Westphalia, Germany",2026-09-14,https://www.linkedin.com/jobs/view/4467241414 , ,li-4467241414,fulltime,,,,,,False,internship,"Design, Art/Creative, and Information Technology",,,Machinery Manufacturing,https://de.linkedin.com/company/slf-oberfl%C3%A4chentechnik-gmbh,,,,,,,,,,,
linkedin,Konstrukteur Maschinenbau (m/w/d) - Jobbird.com,Jobster,"Oyten, Lower Saxony, Germany",2026-09-14,https://www.linkedin.com/jobs/view/4465748420 , ,li-4465748420,fulltime,,,,,,False,entry level,Engineering and Information Technology,,,Software Development,https://nl.linkedin.com/company/jobster-com,,,,,,,,,,,
linkedin,Senior Konstrukteur (m/w/d),Kraft von Wantoch,"Stormarn, Schleswig-Holstein, Germany",2026-09-14,https://www.linkedin.com/jobs/view/4467061873 , ,li-4467061873,fulltime,,,,,,False,associate,,,,Wholesale Photography Equipment and Supplies,https://de.linkedin.com/company/kraft-von-wantoch,,,,,,,,,,,
linkedin,Technischer Produktdesigner / Technischer Zeichner (m/w/i) Mechatronische Konstruktion,IMS Messsysteme GmbH,"Heiligenhaus, North Rhine-Westphalia, Germany",2026-09-13,https://www.linkedin.com/jobs/view/4465467640 , ,li-4465467640,fulltime,,,,,,False,associate,"Design, Art/Creative, and Information Technology",,,Industrial Machinery Manufacturing,https://de.linkedin.com/company/ims-messsysteme-gmbh,,,,,,,,,,,
linkedin,Survivability Strategist - GM Defense (Global),General Motors,,2026-09-13,https://www.linkedin.com/jobs/view/4430412856 , ,li-4430412856,fulltime,,,,,,False,not applicable,Management and Manufacturing,,,"Motor Vehicle Manufacturing, Appliances, Electrical, and Electronics Manufacturing, and IT Services and IT Consulting",https://www.linkedin.com/company/general-motors,,,,,,,,,,,
linkedin,Maschinenbauingenieur,HeyJobs,"Wardenburg, Lower Saxony, Germany",2026-09-13,https://www.linkedin.com/jobs/view/4456810031 , ,li-4456810031,fulltime,,,,,,False,entry level,Engineering,,,Automation Machinery Manufacturing,https://de.linkedin.com/company/heyjobs,,,,,,,,,,,
linkedin,Technischer Projektleiter Produktentwicklung (m/w/d),Dräger,"Lübeck, Schleswig-Holstein, Germany",2026-09-13,https://www.linkedin.com/jobs/view/4352730834 , ,li-4352730834,fulltime,,,,,,False,entry level,Project Management and Information Technology,,celina.radmer@draeger.com,Manufacturing,https://de.linkedin.com/company/draeger,,,,,,,,,,,
linkedin,Funktionsentwickler/in Automated Driving Motion Control(m/w/d),XTENDED ENGINEERING GMBH,"Munich, Bavaria, Germany",2026-09-12,https://www.linkedin.com/jobs/view/4466732197 , ,li-4466732197,fulltime,,,,,,False,mid-senior level,Management and Manufacturing,,,Engineering Services,https://de.linkedin.com/company/xtendedengineering,,,,,,,,,,,
linkedin,DH-Student Maschinenbau (m/w/d),LEUCO GROUP,"Horb am Neckar, Baden-Württemberg, Germany",2026-09-12,https://www.linkedin.com/jobs/view/4465417958 , ,li-4465417958,fulltime,,,,,,False,internship,Information Technology,,,Warehousing and Storage,https://de.linkedin.com/company/leuco-wood-processing,,,,,,,,,,,
linkedin,Konstrukteur (m/w/d) Kundensonderwunsch,FERCHAU,"Mannheim, Baden-Württemberg, Germany",2026-09-12,https://www.linkedin.com/jobs/view/4438583301 , ,li-4438583301,fulltime,,,,,,False,mid-senior level,Management and Manufacturing,,mannheim@ferchau.com,Engineering Services,https://de.linkedin.com/company/ferchau,,,,,,,,,,,
linkedin,Entwicklungsingenieur Automotive (m/w/d),FERCHAU,"Neckarsulm, Baden-Württemberg, Germany",2026-09-12,https://www.linkedin.com/jobs/view/4438578591 , ,li-4438578591,fulltime,,,,,,False,entry level,Engineering and Information Technology,,heilbronn@ferchau.com,Engineering Services,https://de.linkedin.com/company/ferchau,,,,,,,,,,,
linkedin,Vehicle Dynamics Modelling Engineer (m/w/d),TOYOTA RACING,"Cologne, North Rhine-Westphalia, Germany",2026-09-12,https://www.linkedin.com/jobs/view/4438629281 , ,li-4438629281,fulltime,,,,,,False,mid-senior level,Engineering and Information Technology,,,Motor Vehicle Manufacturing,https://de.linkedin.com/company/toyota-racing,,,,,,,,,,,
linkedin,Versuchsingenieur Gesamtfahrzeugversuch (m/w/d),FERCHAU,"Stuttgart, Baden-Württemberg, Germany",2026-09-12,https://www.linkedin.com/jobs/view/4438578553 , ,li-4438578553,fulltime,,,,,,False,entry level,Engineering and Information Technology,,-automotive@ferchau.com,Engineering Services,https://de.linkedin.com/company/ferchau,,,,,,,,,,,
linkedin,Entwicklungsingenieur Serienbetreuung (m/w/d),XTENDED ENGINEERING GMBH,"Munich, Bavaria, Germany",2026-09-12,https://www.linkedin.com/jobs/view/4466739212 , ,li-4466739212,fulltime,,,,,,False,mid-senior level,Engineering and Information Technology,,,Engineering Services,https://de.linkedin.com/company/xtendedengineering,,,,,,,,,,,
linkedin,Duales Studium Smart Vehicle Systems (w/m/d) 2027,Volkswagen Group,"Wolfsburg, Lower Saxony, Germany",2026-09-12,https://www.linkedin.com/jobs/view/4447404082 , ,li-4447404082,fulltime,,,,,,False,internship,Information Technology,,,Motor Vehicle Manufacturing,https://de.linkedin.com/company/volkswagen-group,,,,,,,,,,,
linkedin,Control Engineer,Wayve,"Leonberg, Baden-Württemberg, Germany",2026-09-12,https://www.linkedin.com/jobs/view/4399794596 , ,li-4399794596,fulltime,,,,,,False,entry level,Engineering and Information Technology,,,Software Development,https://uk.linkedin.com/company/wayve-technologies,,,,,,,,,,,
linkedin,Praktikant Batterietechnologie und Materialanalyse (w/m/x),BMW Group,"Wackersdorf, Bavaria, Germany",2026-09-12,https://www.linkedin.com/jobs/view/4445028089 , ,li-4445028089,fulltime,,,,,,False,internship,Education and Training,,,Motor Vehicle Manufacturing,https://de.linkedin.com/company/bmw-group,,,,,,,,,,,
linkedin,System Integration and Validation Engineer,Applied Intuition,"Stuttgart, Baden-Württemberg, Germany",2026-09-12,https://www.linkedin.com/jobs/view/4447139214 , ,li-4447139214,fulltime,,,,,,True,mid-senior level,Quality Assurance,,careers@applied.co,Software Development,https://www.linkedin.com/company/applied-intuition-inc,,,,,,,,,,,
linkedin,Senior-Systemingenieur – Leistungselektronik (m/w/x),K-tronik GmbH,"Nuremberg, Bavaria, Germany",2026-09-12,https://www.linkedin.com/jobs/view/4464291495 , ,li-4464291495,fulltime,,,,,,False,associate,Engineering,,,IT Services and IT Consulting,https://de.linkedin.com/company/k-tronik-gmbh,,,,,,,,,,,
linkedin,Prüfingenieur/ Unterschriftsberechtigter (m/w/d),Ingenieurbüro Mehrkens,"Sauensiek, Lower Saxony, Germany",2026-09-12,https://www.linkedin.com/jobs/view/4464289364 , ,li-4464289364,fulltime,,,,,,False,entry level,Engineering and Information Technology,,,Engineering Services,https://de.linkedin.com/company/ingenieurb%C3%BCro-mehrkens-k%C3%BCs,,,,,,,,,,,
linkedin,PRAKTIKANT (D/W/M) AUTOMATED GUIDED VEHICLE - UNTERSUCHUNG,Ford Motor Company,"Cologne, North Rhine-Westphalia, Germany",2026-09-12,https://www.linkedin.com/jobs/view/4466484061 , ,li-4466484061,fulltime,,,,,,False,entry level,Other,,,Motor Vehicle Manufacturing,https://www.linkedin.com/company/ford-motor-company,,,,,,,,,,,
linkedin,Duales Studium Digital Engineering Maschinenbau (w/m/d) 2027,Volkswagen Group,,2026-09-12,https://www.linkedin.com/jobs/view/4447199156 , ,li-4447199156,fulltime,,,,,,False,internship,Engineering and Information Technology,,,Motor Vehicle Manufacturing,https://de.linkedin.com/company/volkswagen-group,,,,,,,,,,,
linkedin,Design Evaluation Engineer,Analog Devices,"Ismaning, Bavaria, Germany",2026-09-12,https://www.linkedin.com/jobs/view/4427885345 , ,li-4427885345,fulltime,,,,,,False,mid-senior level,Engineering and Information Technology,,,Semiconductor Manufacturing,https://www.linkedin.com/company/analog-devices,,,,,,,,,,,
linkedin,Technischer Produktdesigner (m/w/d),FERCHAU,"Kiel, Schleswig-Holstein, Germany",2026-09-12,https://www.linkedin.com/jobs/view/4438565996 , ,li-4438565996,fulltime,,,,,,False,entry level,"Design, Art/Creative, and Information Technology",,kiel@ferchau.com,Engineering Services,https://de.linkedin.com/company/ferchau,,,,,,,,,,,
linkedin,Auszubildender Technische Systemplanung Versorgungs- und Ausrüstungstechnik (m/w/d) ab 01.08.2027,ZWP Ingenieur-AG,"Stuttgart, Baden-Württemberg, Germany",2026-09-12,https://www.linkedin.com/jobs/view/4464284352 , ,li-4464284352,internship,,,,,,False,entry level,Information Technology,,,Construction,https://de.linkedin.com/company/zwp-ingenieur-ag,,,,,,,,,,,
linkedin,Motor Director,"Zhejiang Zongheng Human Resources Co., Ltd.","Baden-Württemberg, Germany",2026-09-12,https://www.linkedin.com/jobs/view/4466475641 , ,li-4466475641,fulltime,,,,,,False,director,Research and Engineering,,,"Motor Vehicle Manufacturing, Industrial Machinery Manufacturing, and Wholesale Motor Vehicles and Parts",https://cn.linkedin.com/company/zhejiang-zongheng-human-resources-co-ltd,,,,,,,,,,,
linkedin,System Engineer  Interference Mitigation (m/w/d) - Product Line Detect,Valeo,"Bietigheim-Bissingen, Baden-Württemberg, Germany",2026-09-12,https://www.linkedin.com/jobs/view/4438678265 , ,li-4438678265,fulltime,,,,,,False,mid-senior level,Information Technology,,Julia.Mittelmaier@Valeo.com,Motor Vehicle Parts Manufacturing,https://fr.linkedin.com/company/valeo,,,,,,,,,,,
linkedin,Ausbildung Technische Produktdesignerin / Technischer Produktdesigner (w/m/d) 2027,Volkswagen Group,"Emden, Lower Saxony, Germany",2026-09-12,https://www.linkedin.com/jobs/view/4447185933 , ,li-4447185933,fulltime,,,,,,False,internship,"Design, Art/Creative, and Information Technology",,,Motor Vehicle Manufacturing,https://de.linkedin.com/company/volkswagen-group,,,,,,,,,,,
linkedin,Mechanical Engineer,Emerson,"Augsburg, Bavaria, Germany",2026-09-11,https://www.linkedin.com/jobs/view/4466080167 , ,li-4466080167,fulltime,,,,,,False,mid-senior level,Engineering and Information Technology,,,Automation Machinery Manufacturing,https://www.linkedin.com/company/emerson,,,,,,,,,,,
linkedin,Konstruktionsingenieur Wärmetauscher (m/w/d),Oehmichen & Bürgers Industrieplanung GmbH,"Düsseldorf, North Rhine-Westphalia, Germany",2026-09-11,https://www.linkedin.com/jobs/view/4466319127 , ,li-4466319127,fulltime,,,,,,False,mid-senior level,Engineering and Information Technology,,,Engineering Services,https://de.linkedin.com/company/oub,,,,,,,,,,,
linkedin,3D Design Engineer - Relocation to Switzerland,KeyPartners,"Lower Saxony, Germany",2026-09-11,https://www.linkedin.com/jobs/view/4464881296 , ,li-4464881296,fulltime,,,,,,False,associate,"Design, Engineering, and Project Management",,,"Engines and Power Transmission Equipment Manufacturing, Energy Technology, and Services for Renewable Energy",https://ch.linkedin.com/company/keypartnersinternational,,,,,,,,,,,
linkedin,Battery System Design Engineer ESS / BESS (m/f/d),Gotion Inc.,"Göttingen, Lower Saxony, Germany",2026-09-11,https://www.linkedin.com/jobs/view/4429164764 , ,li-4429164764,fulltime,,,,,,False,mid-senior level,Engineering and Information Technology,,,Manufacturing,https://www.linkedin.com/company/gotion-inc-,,,,,,,,,,,
linkedin,Projekt- / Entwicklungsingenieur (m/w/d),Boll & Kirch Filterbau GmbH / BOLLFILTER,"Kerpen, North Rhine-Westphalia, Germany",2026-09-11,https://www.linkedin.com/jobs/view/4466059115 , ,li-4466059115,fulltime,,,,,,False,mid-senior level,Engineering and Information Technology,,,Machinery Manufacturing,https://de.linkedin.com/company/boll-kirch-filterbau-gmbh,,,,,,,,,,,
linkedin,Duales Studium Maschinenbau (all genders)(518),Joyson Safety Systems Hungary,"Aschaffenburg, Bavaria, Germany",2026-09-11,https://www.linkedin.com/jobs/view/4466306611 , ,li-4466306611,fulltime,,,,,,False,internship,Engineering and Information Technology,,ausbildung.aschaffenburg@joysonsafety.com,Motor Vehicle Manufacturing,https://hu.linkedin.com/company/joyson-safety-systems-hungary,,,,,,,,,,,
linkedin,Entwicklungsingenieur (m/w/d),FERCHAU,"Kiel, Schleswig-Holstein, Germany",2026-09-11,https://www.linkedin.com/jobs/view/4438587055 , ,li-4438587055,fulltime,,,,,,False,entry level,Engineering and Information Technology,,john.kaehler@ferchau.com,Engineering Services,https://de.linkedin.com/company/ferchau,,,,,,,,,,,
linkedin,Techniker (m/w/d) Konstruktion,Oehmichen & Bürgers Industrieplanung GmbH,"Düsseldorf, North Rhine-Westphalia, Germany",2026-09-11,https://www.linkedin.com/jobs/view/4466319120 , ,li-4466319120,fulltime,,,,,,False,entry level,Management and Manufacturing,,,Engineering Services,https://de.linkedin.com/company/oub,,,,,,,,,,,
linkedin,Ausbildung zum technischen Produktdesigner Fachrichtung Produktgestaltung und -konstruktion (m/w/d) zum 01.09.2027,Georg Fritzmeier GmbH & Co. KG,"Bruckmühl, Bavaria, Germany",2026-09-11,https://www.linkedin.com/jobs/view/4463985447 , ,li-4463985447,fulltime,,,,,,False,internship,"Design, Art/Creative, and Information Technology",,,Machinery Manufacturing,https://de.linkedin.com/company/georg-fritzmeier-gmbh-co-kg,,,,,,,,,,,
linkedin,Train Control Engineer for Rolling Stock,Teoresi Group,"Mannheim, Baden-Württemberg, Germany",2026-09-11,https://www.linkedin.com/jobs/view/4463977569 , ,li-4463977569,fulltime,,,,,,True,entry level,Consulting,,,Engineering Services and Railroad Equipment Manufacturing,https://it.linkedin.com/company/teoresigroup,,,,,,,,,,,
linkedin,Design Engineer,Cannondale,"Freiburg, Baden-Württemberg, Germany",2026-09-11,https://www.linkedin.com/jobs/view/4465108295 , ,li-4465108295,fulltime,,,,,,True,mid-senior level,Engineering and Information Technology,,,Sporting Goods Manufacturing,https://www.linkedin.com/company/cannondale,,,,,,,,,,,
linkedin,Teilbereichskoordinator Konstruktion (m/w/d),WITRON Group,"Parkstein, Bavaria, Germany",2026-09-11,https://www.linkedin.com/jobs/view/4463930536 , ,li-4463930536,fulltime,,,,,,False,not applicable,Other,,,"Automation Machinery Manufacturing, Transportation, Logistics, Supply Chain and Storage, and Industrial Machinery Manufacturing",https://de.linkedin.com/company/witron,,,,,,,,,,,
linkedin,Business Intelligence & Systems Design Engineer (m/f/d),Alpitronic,"Nuremberg, Bavaria, Germany",2026-09-11,https://www.linkedin.com/jobs/view/4385734895 , ,li-4385734895,fulltime,,,,,,False,associate,Engineering and Information Technology,,,"Appliances, Electrical, and Electronics Manufacturing",https://it.linkedin.com/company/alpitronic-srl,,,,,,,,,,,
linkedin,Spezialist*in für technische Problemlösung in der Produktentstehung,Teoresi Group,"Munich, Bavaria, Germany",2026-09-11,https://www.linkedin.com/jobs/view/4463983466 , ,li-4463983466,fulltime,,,,,,True,entry level,Consulting,,,Engineering Services,https://it.linkedin.com/company/teoresigroup,,,,,,,,,,,
linkedin,Product Line Application Engineer –  Custom Test Systems,Tektronix,"Viersen, North Rhine-Westphalia, Germany",2026-09-11,https://www.linkedin.com/jobs/view/4466076492 , ,li-4466076492,fulltime,,,,,,True,not applicable,Other,,"applyassistance@Ralliant.com, applyassistance@Ralliant.com","Appliances, Electrical, and Electronics Manufacturing",https://www.linkedin.com/company/tektronix,,,,,,,,,,,
linkedin,Systemingenieur Mechatronik (m/w/d),FERCHAU,"Kiel, Schleswig-Holstein, Germany",2026-09-11,https://www.linkedin.com/jobs/view/4438577586 , ,li-4438577586,fulltime,,,,,,False,mid-senior level,Information Technology,,john.kaehler@ferchau.com,Engineering Services,https://de.linkedin.com/company/ferchau,,,,,,,,,,,
linkedin,Testingenieur / Prüfingenieur (w/m/d),REMA Gruppe,"Rheinbach, North Rhine-Westphalia, Germany",2026-09-11,https://www.linkedin.com/jobs/view/4464201392 , ,li-4464201392,fulltime,,,,,,False,entry level,Engineering and Information Technology,,,"Electric Power Transmission, Control, and Distribution",https://de.linkedin.com/company/rema-lipprandt,,,,,,,,,,,
linkedin,Control Engineer (m/f/d),Alpitronic,"Nuremberg, Bavaria, Germany",2026-09-11,https://www.linkedin.com/jobs/view/4385745244 , ,li-4385745244,fulltime,,,,,,False,associate,Engineering and Information Technology,,,"Appliances, Electrical, and Electronics Manufacturing",https://it.linkedin.com/company/alpitronic-srl,,,,,,,,,,,
linkedin,Commissioning Engineer – Prototype Vehicles,Teoresi Group,"Ingolstadt, Bavaria, Germany",2026-09-11,https://www.linkedin.com/jobs/view/4463970657 , ,li-4463970657,fulltime,,,,,,True,associate,Engineering,,,IT Services and IT Consulting and Engineering Services,https://it.linkedin.com/company/teoresigroup,,,,,,,,,,,
linkedin,Entwicklungsingenieur:in,Tintschl Unternehmensgruppe,,2026-09-11,https://www.linkedin.com/jobs/view/4466043526 , ,li-4466043526,fulltime,,,,,,False,associate,Engineering and Information Technology,,,Staffing and Recruiting,https://de.linkedin.com/company/tintschlunternehmensgruppe,,,,,,,,,,,
linkedin,Senior Mechanical Design Engineer (m/f/d),Mynaric,"Munich, Bavaria, Germany",2026-09-11,https://www.linkedin.com/jobs/view/4458622230 , ,li-4458622230,fulltime,,,,,,True,associate,Engineering,,,Software Development,https://de.linkedin.com/company/mynaric,,,,,,,,,,,
linkedin,Space Mechanisms Engineer,Large Space Structures GmbH,"Garching, Bavaria, Germany",2026-09-11,https://www.linkedin.com/jobs/view/4464215308 , ,li-4464215308,fulltime,,,,,,False,mid-senior level,Engineering,,,Government Administration,https://de.linkedin.com/company/largespace,,,,,,,,,,,
linkedin,Produktentwicklung (w/m/d),REMA Gruppe,"Rheinbach, North Rhine-Westphalia, Germany",2026-09-11,https://www.linkedin.com/jobs/view/4464206321 , ,li-4464206321,fulltime,,,,,,False,mid-senior level,Product Management and Marketing,,,"Electric Power Transmission, Control, and Distribution",https://de.linkedin.com/company/rema-lipprandt,,,,,,,,,,,
linkedin,Entwicklungsingenieur / Systemingenieur (m/w/d) – Mechanische Integration,The Adecco Group,"Kassel, Hesse, Germany",2026-09-11,https://www.linkedin.com/jobs/view/4464838882 , ,li-4464838882,fulltime,,,,,,False,associate,Engineering,,"betuel.wagner@adecco.de, betuel.wagner@adecco.de",Staffing and Recruiting,https://ch.linkedin.com/company/theadeccogroup,,,,,,,,,,,
linkedin,Vehicle Dynamics und Controls Engineer (Nutzfahrzeuge) – MATLAB/Simulink,Teoresi Group,"Ulm, Baden-Württemberg, Germany",2026-09-11,https://www.linkedin.com/jobs/view/4463980532 , ,li-4463980532,fulltime,,,,,,True,entry level,Consulting,,,Engineering Services,https://it.linkedin.com/company/teoresigroup,,,,,,,,,,,
linkedin,Elektronikingenieur – Automotive-Produktentwicklung (m/w/d) – Jülich,QCG Computer,"Jülich, North Rhine-Westphalia, Germany",2026-09-11,https://www.linkedin.com/jobs/view/4463970901 , ,li-4463970901,fulltime,,,,,,False,associate,Engineering,,,Software Development,https://de.linkedin.com/company/qcg-computer,,,,,,,,,,,
linkedin,Entwicklungsingenieur (m/w/d) Maschinenbau,Diehl Group,"Röthenbach an der Pegnitz, Bavaria, Germany",2026-09-11,https://www.linkedin.com/jobs/view/4465162062 , ,li-4465162062,fulltime,,,,,,False,entry level,Engineering and Information Technology,,,"Appliances, Electrical, and Electronics Manufacturing",https://de.linkedin.com/company/diehl-group,,,,,,,,,,,
linkedin,über Arbeitnehmerüberlassung: FertigungsplanerIn (m/w/d) - Schwerpunkt Getriebeprüfung in Vollzeit,John Deere,"Mannheim, Baden-Württemberg, Germany",2026-09-11,https://www.linkedin.com/jobs/view/4455627512 , ,li-4455627512,fulltime,,,,,,False,not applicable,Other,,,Machinery Manufacturing,https://www.linkedin.com/company/john-deere,,,,,,,,,,,
linkedin,Entwicklungsingenieur (m/w/d) Autonome Roboter,FERCHAU,"Wiesbaden, Hesse, Germany",2026-09-11,https://www.linkedin.com/jobs/view/4438582367 , ,li-4438582367,fulltime,,,,,,False,mid-senior level,Engineering and Information Technology,,wiesbaden@ferchau.com,Engineering Services,https://de.linkedin.com/company/ferchau,,,,,,,,,,,
linkedin,Technischer Leiter,Allegis Group,"Erfurt, Thuringia, Germany",2026-09-11,https://www.linkedin.com/jobs/view/4466326088 , ,li-4466326088,fulltime,,,,,,False,mid-senior level,Management and Manufacturing,,,Robotics Engineering,https://www.linkedin.com/company/allegis-group,,,,,,,,,,,
linkedin,"Ingenieur Fahrzeugtechnik, Maschinenbau, Elektrotechnik für die Fahrzeugprüfung (w/m/d)",TÜV SÜD,"Stuttgart, Baden-Württemberg, Germany",2026-09-11,https://www.linkedin.com/jobs/view/4464872813 , ,li-4464872813,fulltime,,,,,,False,entry level,Engineering and Information Technology,,,Public Safety,https://de.linkedin.com/company/tuvsud,,,,,,,,,,,
linkedin,Chief Engineer,IC Resources,"Bavaria, Germany",2026-09-11,https://www.linkedin.com/jobs/view/4466363857 , ,li-4466363857,fulltime,,,,,,False,mid-senior level,Engineering and Information Technology,,,Staffing and Recruiting,https://uk.linkedin.com/company/icresources,,,,,,,,,,,
linkedin,Ingenieur (m/w/d) Fahrzeugtechnik,FERCHAU,"Saarbrücken, Saarland, Germany",2026-09-11,https://www.linkedin.com/jobs/view/4438581392 , ,li-4438581392,fulltime,,,,,,False,entry level,Engineering and Information Technology,,saarbruecken@ferchau.com,Engineering Services,https://de.linkedin.com/company/ferchau,,,,,,,,,,,
linkedin,Konstrukteur - Karosserie-Fahrzeugbautechnik (m/w/d),Zeitlimit Personaldienstleistungen GmbH,"Preetz, Schleswig-Holstein, Germany",2026-09-11,https://www.linkedin.com/jobs/view/4466363532 , ,li-4466363532,fulltime,,,,,,False,entry level,Management and Manufacturing,,,Staffing and Recruiting,https://de.linkedin.com/company/zeitlimit-personaldienstleistungen-gmbh,,,,,,,,,,,
linkedin,Turbopump Turbine Engineer (m/f/d),Isar Aerospace,"Parsdorf, Bavaria, Germany",2026-09-11,https://www.linkedin.com/jobs/view/4466372400 , ,li-4466372400,fulltime,,,,,,False,mid-senior level,Engineering and Information Technology,,,Aviation and Aerospace Component Manufacturing,https://de.linkedin.com/company/isaraerospace,,,,,,,,,,,
linkedin,Senior Engine Cycle Engineer (m/f/d),Isar Aerospace,"Parsdorf, Bavaria, Germany",2026-09-11,https://www.linkedin.com/jobs/view/4466379336 , ,li-4466379336,fulltime,,,,,,False,mid-senior level,Engineering and Information Technology,,,Aviation and Aerospace Component Manufacturing,https://de.linkedin.com/company/isaraerospace,,,,,,,,,,,
linkedin,Head of Drive Train,Twentyfour Industries,,2026-09-11,https://www.linkedin.com/jobs/view/4464236314 , ,li-4464236314,fulltime,,,,,,True,associate,Project Management,,,Software Development,https://www.linkedin.com/company/24industries,,,,,,,,,,,
linkedin,Power Electronics Engineer (m/f/d),Alpitronic,"Nuremberg, Bavaria, Germany",2026-09-11,https://www.linkedin.com/jobs/view/4261106552 , ,li-4261106552,fulltime,,,,,,False,associate,Engineering and Information Technology,,,"Appliances, Electrical, and Electronics Manufacturing",https://it.linkedin.com/company/alpitronic-srl,,,,,,,,,,,
linkedin,Combustion Equipment Engineer (m/f/d),Isar Aerospace,"Parsdorf, Bavaria, Germany",2026-09-11,https://www.linkedin.com/jobs/view/4466385302 , ,li-4466385302,fulltime,,,,,,False,mid-senior level,Management and Manufacturing,,,Aviation and Aerospace Component Manufacturing,https://de.linkedin.com/company/isaraerospace,,,,,,,,,,,
linkedin,System Architect Radar Signal Processing (m/w/d) - Product Line Detect,Valeo,"Bietigheim-Bissingen, Baden-Württemberg, Germany",2026-09-11,https://www.linkedin.com/jobs/view/4438666652 , ,li-4438666652,fulltime,,,,,,False,mid-senior level,Engineering and Information Technology,,Julia.Mittelmaier@valeo.com,Motor Vehicle Parts Manufacturing,https://fr.linkedin.com/company/valeo,,,,,,,,,,,
linkedin,Engine Thrust Chamber Engineer (m/f/d),Isar Aerospace,"Parsdorf, Bavaria, Germany",2026-09-11,https://www.linkedin.com/jobs/view/4466367422 , ,li-4466367422,fulltime,,,,,,False,mid-senior level,Engineering and Information Technology,,,Aviation and Aerospace Component Manufacturing,https://de.linkedin.com/company/isaraerospace,,,,,,,,,,,
linkedin,Project Engineer (f/m/d),ABB,"Hamburg, Hamburg, Germany",2026-09-11,https://www.linkedin.com/jobs/view/4460629712 , ,li-4460629712,fulltime,,,,,,False,mid-senior level,Engineering and Information Technology,,,Automation Machinery Manufacturing,https://ch.linkedin.com/company/abb,,,,,,,,,,,
linkedin,Bootsmechaniker (m/w/d) nach 78315 Radolfzell,Dippel Personalmanagement GmbH,"Radolfzell, Baden-Württemberg, Germany",2026-09-11,https://www.linkedin.com/jobs/view/4466036985 , ,li-4466036985,fulltime,,,,,,False,entry level,Other,,stockach@dippel.de,IT Services and IT Consulting,https://www.linkedin.com/company/dippel-personalmanagement-gmbh,,,,,,,,,,,
linkedin,Kfz-Mechatroniker (m/w/d) Truck/Van,Senger Mobility,"Rheine, North Rhine-Westphalia, Germany",2026-09-11,https://www.linkedin.com/jobs/view/4463968159 , ,li-4463968159,fulltime,,,,,,False,mid-senior level,Manufacturing,,,Motor Vehicle Manufacturing,https://de.linkedin.com/company/senger-mobility,,,,,,,,,,,
linkedin,Kraftfahrzeugmechatroniker - Fahrzeugkommunikationstechn. (m/w/d),Zeitlimit Personaldienstleistungen GmbH,"Kiel, Schleswig-Holstein, Germany",2026-09-11,https://www.linkedin.com/jobs/view/4466351548 , ,li-4466351548,fulltime,,,,,,False,entry level,Management and Manufacturing,,,Staffing and Recruiting,https://de.linkedin.com/company/zeitlimit-personaldienstleistungen-gmbh,,,,,,,,,,,
linkedin,Entwickler:in Maschinenbau oder Mechatronik (m/w/d),Prefiro,"Karlsruhe, Baden-Württemberg, Germany",2026-09-11,https://www.linkedin.com/jobs/view/4463972530 , ,li-4463972530,contract,,,,,,False,associate,Engineering,,,Manufacturing,https://de.linkedin.com/company/prefiroprecisionfarming,,,,,,,,,,,
linkedin,Projektingenieur Konstruktion (m/w/d),Spheros Group,"Gilching, Bavaria, Germany",2026-09-11,https://www.linkedin.com/jobs/view/4465108840 , ,li-4465108840,fulltime,,,,,,False,mid-senior level,Engineering and Information Technology,,lendita.alijaj@spheros.com,Motor Vehicle Manufacturing,https://de.linkedin.com/company/spheros-group,,,,,,,,,,,
linkedin,Test Engineer - Power Electronics (m/w/x),K-tronik GmbH,"Nuremberg, Bavaria, Germany",2026-09-11,https://www.linkedin.com/jobs/view/4463967089 , ,li-4463967089,fulltime,,,,,,False,associate,Engineering,,,IT Services and IT Consulting,https://de.linkedin.com/company/k-tronik-gmbh,,,,,,,,,,,
linkedin,SDV Connectivity In-Vehicle Communication Expert (all genders),MHP – A Porsche Company,"Düsseldorf, North Rhine-Westphalia, Germany",2026-09-11,https://www.linkedin.com/jobs/view/4466081667 , ,li-4466081667,fulltime,,,,,,False,entry level,"Marketing, Public Relations, and Writing/Editing",,,Business Consulting and Services,https://de.linkedin.com/company/mhp-a-porsche-company,,,,,,,,,,,
linkedin,Studium Digital Engineering Maschinenbau im Praxisverbund (w/m/d) im Werk Salzgitter 2027,MAN Truck & Bus SE,"Salzgitter, Lower Saxony, Germany",2026-09-11,https://www.linkedin.com/jobs/view/4457024773 , ,li-4457024773,fulltime,,,,,,False,internship,Engineering and Information Technology,,recruiting.salzgitter@man.eu,Motor Vehicle Manufacturing,https://de.linkedin.com/company/man-commercial-vehicles,,,,,,,,,,,
linkedin,Bahningenieur / Testingenieur Schienenfahrzeuge (m/w/d),FERCHAU,"Brunswick, Lower Saxony, Germany",2026-09-11,https://www.linkedin.com/jobs/view/4438565992 , ,li-4438565992,fulltime,,,,,,False,entry level,Engineering and Information Technology,,braunschweig@ferchau.com,Engineering Services,https://de.linkedin.com/company/ferchau,,,,,,,,,,,
linkedin,Mechanical Aerospace System Engineer,OKATIM Iberica SA,,2026-09-11,https://www.linkedin.com/jobs/view/4466081283 , ,li-4466081283,fulltime,,,,,,False,mid-senior level,Engineering,,,Defense and Space Manufacturing,https://es.linkedin.com/company/okatim-iberica-sa,,,,,,,,,,,
linkedin,Softwaredeveloper Flight Controlling (m/w/d),Rheinmetall,"Brunswick, Lower Saxony, Germany",2026-09-11,https://www.linkedin.com/jobs/view/4463955451 , ,li-4463955451,fulltime,,,,,,False,entry level,Engineering and Information Technology,,,Defense and Space Manufacturing,https://de.linkedin.com/company/rheinmetall,,,,,,,,,,,
linkedin,Entwickler elektrische Komponenten und Integration (m/w/d),ACONEXT,"Kassel, Hesse, Germany",2026-09-11,https://www.linkedin.com/jobs/view/4464857167 , ,li-4464857167,fulltime,,,,,,False,entry level,Engineering and Information Technology,,,Engineering Services,https://de.linkedin.com/company/aconext-holding-gmbh,,,,,,,,,,,
linkedin,Praktikant Prototypenentwicklung Antriebsmaschinen und Leistungselektronik (w/m/x),BMW Group,"Munich, Bavaria, Germany",2026-09-11,https://www.linkedin.com/jobs/view/4454118274 , ,li-4454118274,fulltime,,,,,,False,internship,Education and Training,,,Motor Vehicle Manufacturing,https://de.linkedin.com/company/bmw-group,,,,,,,,,,,
linkedin,Principal Engineer - Autonomous Systems (m/f/d),Autonomous Teaming,"Munich, Bavaria, Germany",2026-09-11,https://www.linkedin.com/jobs/view/4466049712 , ,li-4466049712,fulltime,,,,,,False,mid-senior level,Engineering and Information Technology,,,Software Development,https://de.linkedin.com/company/autonomous-teaming,,,,,,,,,,,
linkedin,Entwicklungsingenieur Fahrerassistenzsysteme Automotive (m/w/d),FERCHAU,"Stuttgart, Baden-Württemberg, Germany",2026-09-11,https://www.linkedin.com/jobs/view/4438570811 , ,li-4438570811,fulltime,,,,,,False,entry level,Engineering and Information Technology,,-automotive@ferchau.com,Engineering Services,https://de.linkedin.com/company/ferchau,,,,,,,,,,,
linkedin,Proposal Engineer,Link Engineering Company,"Limburg an der Lahn, Hesse, Germany",2026-09-11,https://www.linkedin.com/jobs/view/4454049693 , ,li-4454049693,fulltime,,,,,,False,associate,Engineering,,,Automation Machinery Manufacturing,https://www.linkedin.com/company/link-engineering-company,,,,,,,,,,,
linkedin,GNC Lead,Hypersonica,"Munich, Bavaria, Germany",2026-09-11,https://www.linkedin.com/jobs/view/4466359838 , ,li-4466359838,fulltime,,,,,,False,mid-senior level,Other,,,Defense and Space Manufacturing,https://de.linkedin.com/company/hypersonicagmbh,,,,,,,,,,,
linkedin,Versuchsingenieur (m/w/d) Automotive,FERCHAU,"Karlsruhe, Baden-Württemberg, Germany",2026-09-11,https://www.linkedin.com/jobs/view/4438589010 , ,li-4438589010,fulltime,,,,,,False,entry level,Management and Manufacturing,,-mobility@ferchau.com,Engineering Services,https://de.linkedin.com/company/ferchau,,,,,,,,,,,
linkedin,PhD - Safety Contracts for Physical AI,Bosch,"Renningen, Baden-Württemberg, Germany",2026-09-11,https://www.linkedin.com/jobs/view/4464876477 , ,li-4464876477,fulltime,,,,,,False,entry level,Research,,,Software Development,https://de.linkedin.com/company/bosch,,,,,,,,,,,
linkedin,System R&D Engineer,Momenta,"Munich, Bavaria, Germany",2026-09-11,https://www.linkedin.com/jobs/view/4463978326 , ,li-4463978326,fulltime,,,,,,False,associate,Engineering,,,Software Development,https://cn.linkedin.com/company/momenta-ai,,,,,,,,,,,
linkedin,Engineer (m/f/d) WRC Engine Application - Race & Test,TOYOTA RACING,"Cologne, North Rhine-Westphalia, Germany",2026-09-11,https://www.linkedin.com/jobs/view/4438627436 , ,li-4438627436,fulltime,,,,,,False,entry level,Engineering and Information Technology,,,Motor Vehicle Manufacturing,https://de.linkedin.com/company/toyota-racing,,,,,,,,,,,
linkedin,Entwicklungsingenieur (m/w/d) Automotive,FERCHAU,"Karlsruhe, Baden-Württemberg, Germany",2026-09-11,https://www.linkedin.com/jobs/view/4438572807 , ,li-4438572807,fulltime,,,,,,False,entry level,Engineering and Information Technology,,-mobility@ferchau.com,Engineering Services,https://de.linkedin.com/company/ferchau,,,,,,,,,,,
linkedin,Konstrukteur und Projektmanager im Sondermaschinenbau (m/w/d),Waskönig+Walter Kabel-Werk GmbH u. Co. KG,"Saterland, Lower Saxony, Germany",2026-09-11,https://www.linkedin.com/jobs/view/4464841715 , ,li-4464841715,fulltime,,,,,,False,associate,Engineering and Project Management,,,"Appliances, Electrical, and Electronics Manufacturing",https://www.linkedin.com/company/waskoenig,,,,,,,,,,,
linkedin,Detailkonstrukteur (m/w/d),persona service,"Wismar, Mecklenburg-West Pomerania, Germany",2026-09-11,https://www.linkedin.com/jobs/view/4464883469 , ,li-4464883469,fulltime,,,,,,False,entry level,"Design, Art/Creative, and Information Technology",,,Staffing and Recruiting,https://de.linkedin.com/company/persona-service,,,,,,,,,,,
linkedin,Senior Module Integrator (m/w/d),ENERCON,"Aurich, Lower Saxony, Germany",2026-09-11,https://www.linkedin.com/jobs/view/4375804638 , ,li-4375804638,fulltime,,,,,,False,mid-senior level,Project Management and Information Technology,,cora.penzek@enercon.de,Renewable Energy Semiconductor Manufacturing,https://de.linkedin.com/company/enercon-gmbh,,,,,,,,,,,
linkedin,Anwendungstechniker (m/w/d),SCHERDEL de Mexico,"Seifhennersdorf, Saxony, Germany",2026-09-11,https://www.linkedin.com/jobs/view/4464864963 , ,li-4464864963,fulltime,,,,,,False,entry level,Information Technology,,,Motor Vehicle Manufacturing,https://mx.linkedin.com/company/scherdel-de-mexico,,,,,,,,,,,
linkedin,"Entwicklungsingenieur Hardware, all genders",SALT AND PEPPER Group,"Bremen, Bremen, Germany",2026-09-10,https://www.linkedin.com/jobs/view/4069346387 , ,li-4069346387,fulltime,,,,,,False,entry level,Engineering and Information Technology,,,Engineering Services,https://de.linkedin.com/company/salt-and-pepper,,,,,,,,,,,
linkedin,Qualitätsingenieur (m/w/d),BORBET,"Hallenberg, North Rhine-Westphalia, Germany",2026-09-10,https://www.linkedin.com/jobs/view/4463489988 , ,li-4463489988,fulltime,,,,,,False,mid-senior level,Quality Assurance,,,Motor Vehicle Manufacturing,https://de.linkedin.com/company/borbet,,,,,,,,,,,
linkedin,Qualitätstechniker Automotive (m/w/d),helag electronic gmbh,"Nagold, Baden-Württemberg, Germany",2026-09-10,https://www.linkedin.com/jobs/view/4464516749 , ,li-4464516749,fulltime,,,,,,False,mid-senior level,Quality Assurance,,,Motor Vehicle Manufacturing,https://de.linkedin.com/company/helag-electronic-gmbh,,,,,,,,,,,
linkedin,Duales Studium Bachelor of Eng. - Maschinenbau (m/w/d),KAESER KOMPRESSOREN,"Coburg, Bavaria, Germany",2026-09-10,https://www.linkedin.com/jobs/view/4465393433 , ,li-4465393433,fulltime,,,,,,False,entry level,Engineering,,,Machinery Manufacturing,https://de.linkedin.com/company/kaeser-kompressoren,,,,,,,,,,,
linkedin,Technischer Zeichner / Technischer Produktdesigner (all genders),Viega Deutschland,"Kirkel, Saarland, Germany",2026-09-10,https://www.linkedin.com/jobs/view/4464571286 , ,li-4464571286,fulltime,,,,,,False,entry level,"Design, Art/Creative, and Information Technology",,,Construction,https://de.linkedin.com/company/viega,,,,,,,,,,,
linkedin,Praktikant in der Entwicklung und Konstruktion (m/w/d),BAUER Group,"Schrobenhausen, Bavaria, Germany",2026-09-10,https://www.linkedin.com/jobs/view/4465839949 , ,li-4465839949,fulltime,,,,,,False,internship,Other,,,Construction,https://de.linkedin.com/company/bauer-group-,,,,,,,,,,,
linkedin,Senior Solutions Design Engineer (m/w/d),ID Logistics Germany,"Griesheim, Hesse, Germany",2026-09-10,https://www.linkedin.com/jobs/view/4463479714 , ,li-4463479714,fulltime,,,,,,False,associate,,,,"Transportation, Logistics, Supply Chain and Storage",https://de.linkedin.com/company/id-logistics-germany,,,,,,,,,,,
linkedin,Ausbildung zum Technischen Produktdesigner (m/w/d) Start 2027,TKMS,"Kiel, Schleswig-Holstein, Germany",2026-09-10,https://www.linkedin.com/jobs/view/4463475615 , ,li-4463475615,fulltime,,,,,,False,entry level,Engineering,,,Utilities,https://de.linkedin.com/company/tkms,,,,,,,,,,,
linkedin,"Designer (m/w/d) Material, Colour & Trim Design",Tintschl Unternehmensgruppe,,2026-09-10,https://www.linkedin.com/jobs/view/4465642286 , ,li-4465642286,fulltime,,,,,,False,associate,Design,,,Motor Vehicle Manufacturing,https://de.linkedin.com/company/tintschlunternehmensgruppe,,,,,,,,,,,
linkedin,Duales Studium 2027 - B.Sc. Maschinenbau / Wirtschaftsingenieurswesen (m/w/d),dormakaba,"Villingen-Schwenningen, Baden-Württemberg, Germany",2026-09-10,https://www.linkedin.com/jobs/view/4464573540 , ,li-4464573540,fulltime,,,,,,False,associate,Training and Human Resources,,,Wholesale Building Materials,https://ch.linkedin.com/company/dormakaba,,,,,,,,,,,
linkedin,Technische*r Systemplaner*in (m/w/d),Hahner Technik GmbH & Co. KG,"Petersberg, Hesse, Germany",2026-09-10,https://www.linkedin.com/jobs/view/4465644105 , ,li-4465644105,fulltime,,,,,,False,mid-senior level,Project Management and Information Technology,,,Architectural and Structural Metal Manufacturing,https://de.linkedin.com/company/hahner-technik-gmbh-co-kg,,,,,,,,,,,
linkedin,Duales Studium 2027 - B.Sc. Maschinenbau / Wirtschaftsingenieurswesen (m/w/d),dormakaba,"Tuttlingen, Baden-Württemberg, Germany",2026-09-10,https://www.linkedin.com/jobs/view/4464573543 , ,li-4464573543,fulltime,,,,,,False,associate,Training and Human Resources,,,Wholesale Building Materials,https://ch.linkedin.com/company/dormakaba,,,,,,,,,,,
linkedin,"Azubi zum Bautechnischen Konstrukteur (m/w/d), Wiesmoor",Bohlen & Doyen Bau GmbH,"Wiesmoor, Lower Saxony, Germany",2026-09-10,https://www.linkedin.com/jobs/view/4464505409 , ,li-4464505409,fulltime,,,,,,False,internship,Management and Manufacturing,,,Renewable Energy Semiconductor Manufacturing,https://de.linkedin.com/company/bohlen-&-doyen-bauunternehmung-gmbh,,,,,,,,,,,
linkedin,Product and Application Engineer (w/m/d) RF-Leistungselektronik,TRUMPF,"Freiburg, Baden-Württemberg, Germany",2026-09-10,https://www.linkedin.com/jobs/view/4464577338 , ,li-4464577338,fulltime,,,,,,False,entry level,Engineering and Information Technology,,david.brodkorb.external@trumpf.com,Machinery Manufacturing,https://www.linkedin.com/company/trumpf-se-co-kg,,,,,,,,,,,
linkedin,Energy and Power System Architect (f/m/d),NXP Semiconductors,"Munich, Bavaria, Germany",2026-09-10,https://www.linkedin.com/jobs/view/4437194695 , ,li-4437194695,fulltime,,,,,,False,mid-senior level,Engineering and Information Technology,,,"Semiconductor Manufacturing, Computers and Electronics Manufacturing, and Software Development",https://nl.linkedin.com/company/nxp-semiconductors,,,,,,,,,,,
linkedin,PhD Student – Circuit Breakers for Renewable Energy Integration,Huawei,"Nuremberg, Bavaria, Germany",2026-09-10,https://www.linkedin.com/jobs/view/4464591125 , ,li-4464591125,fulltime,,,,,,False,internship,Education and Training,,,Telecommunications,https://cn.linkedin.com/company/huawei,,,,,,,,,,,
linkedin,Duales Studium (B. Eng.) m/w/d Maschinenbau - Konstruktion und Entwicklung 2027,Constellium,"Singen, Baden-Württemberg, Germany",2026-09-10,https://www.linkedin.com/jobs/view/4456499048 , ,li-4456499048,fulltime,,,,,,False,internship,Engineering and Information Technology,,ausbildung@constellium.com,Fabricated Metal Products,https://fr.linkedin.com/company/constellium,,,,,,,,,,,
linkedin,Gasturbinen Control System Experte (w/m/d),Siemens Energy,"Erlangen, Bavaria, Germany",2026-09-10,https://www.linkedin.com/jobs/view/4369554440 , ,li-4369554440,fulltime,,,,,,True,mid-senior level,Engineering,,,"Appliances, Electrical, and Electronics Manufacturing",https://www.linkedin.com/company/siemens-energy,,,,,,,,,,,
linkedin,Senior - Entwicklungsingenieur Hardware (m/w/d),BMK Group,"Augsburg, Bavaria, Germany",2026-09-10,https://www.linkedin.com/jobs/view/4453575283 , ,li-4453575283,fulltime,,,,,,False,associate,Other,,,Computers and Electronics Manufacturing,https://de.linkedin.com/company/bmk-group-gmbh,,,,,,,,,,,
linkedin,Development Engineer for Drive Technology in Measurement Systems (m/f/x),ZEISS Group,"Oberkochen, Baden-Württemberg, Germany",2026-09-10,https://www.linkedin.com/jobs/view/4465608685 , ,li-4465608685,fulltime,,,,,,False,mid-senior level,"Business Development, Engineering, and Information Technology",,,"Manufacturing and Appliances, Electrical, and Electronics Manufacturing",https://de.linkedin.com/company/zeiss,,,,,,,,,,,
linkedin,"Jr. - Mid. Industrial/Product Designer (m/f/d) - Munich, Germany",NIO,"Munich, Bavaria, Germany",2026-09-10,https://www.linkedin.com/jobs/view/4439849654 , ,li-4439849654,fulltime,,,,,,False,associate,Design,,eu.recruitment@nio.io,Motor Vehicle Manufacturing,https://cn.linkedin.com/company/nio,,,,,,,,,,,
linkedin,Akademische/r Mitarbeiter/in (Doktorand/in) (m/w/d) im Bereich „Verkehrssystemgestaltung im spurgeführten Verkehr“,SFB 1313 | University of Stuttgart,,2026-09-10,https://www.linkedin.com/jobs/view/4463494412 , ,li-4463494412,fulltime,,,,,,False,internship,Education and Training,,,Research,https://de.linkedin.com/company/sfb-1313,,,,,,,,,,,
linkedin,"Roboticist, Control Systems Engineer (m/f/d)",Mycronic,"Wertheim, Baden-Württemberg, Germany",2026-09-10,https://www.linkedin.com/jobs/view/4453485905 , ,li-4453485905,fulltime,,,,,,False,mid-senior level,Engineering and Information Technology,,,"Appliances, Electrical, and Electronics Manufacturing",https://se.linkedin.com/company/mycronic,,,,,,,,,,,
linkedin,Praxissemester im Versuch (m/w/d) im SS27,Kässbohrer Geländefahrzeug AG,"Laupheim, Baden-Württemberg, Germany",2026-09-10,https://www.linkedin.com/jobs/view/4465695460 , ,li-4465695460,fulltime,,,,,,False,internship,Education and Training,,,Internet Publishing,https://de.linkedin.com/company/kaessbohrer-gelaendefahrzeug-ag,,,,,,,,,,,
linkedin,Simulation Engineer,Helsing,"Munich, Bavaria, Germany",2026-09-10,https://www.linkedin.com/jobs/view/4463904487 , ,li-4463904487,fulltime,,,,,,True,mid-senior level,Engineering and Information Technology,,,Software Development,https://de.linkedin.com/company/helsing,,,,,,,,,,,
linkedin,Engineer (f/m/x) - for AI-based system dynamics and control engineering,German Aerospace Center (DLR),"Oberpfaffenhofen, Bavaria, Germany",2026-09-10,https://www.linkedin.com/jobs/view/4465059136 , ,li-4465059136,fulltime,,,,,,False,mid-senior level,Engineering and Information Technology,,,Research Services,https://de.linkedin.com/company/dlr,,,,,,,,,,,
linkedin,Ingenieur Fahrzeugtechnik für die Serienentwicklung/-produktion (m/w/d),Oehmichen & Bürgers Industrieplanung GmbH,"Düsseldorf, North Rhine-Westphalia, Germany",2026-09-10,https://www.linkedin.com/jobs/view/4465809202 , ,li-4465809202,fulltime,,,,,,False,entry level,Engineering and Information Technology,,,Engineering Services,https://de.linkedin.com/company/oub,,,,,,,,,,,
linkedin,Senior Emotor Mechanical Expert,Li Auto,"Munich, Bavaria, Germany",2026-09-10,https://www.linkedin.com/jobs/view/4464516137 , ,li-4464516137,fulltime,,,,,,False,mid-senior level,Engineering,,,Motor Vehicle Manufacturing and Motor Vehicle Parts Manufacturing,https://cn.linkedin.com/company/liauto,,,,,,,,,,,
linkedin,Absolvent Konstruktion &amp; Entwicklung (m/w/d),Oehmichen & Bürgers Industrieplanung GmbH,"Düsseldorf, North Rhine-Westphalia, Germany",2026-09-10,https://www.linkedin.com/jobs/view/4465807229 , ,li-4465807229,fulltime,,,,,,False,internship,"Research, Analyst, and Information Technology",,,Engineering Services,https://de.linkedin.com/company/oub,,,,,,,,,,,
linkedin,Entwicklungsingenieur Konstruktion (m/w/d),Polytec,"Waldbronn, Baden-Württemberg, Germany",2026-09-10,https://www.linkedin.com/jobs/view/4457686408 , ,li-4457686408,fulltime,,,,,,False,associate,Engineering,,personal@polytec.de,Measuring and Control Instrument Manufacturing,https://de.linkedin.com/company/polytec,,,,,,,,,,,
linkedin,Konstrukteur (m/w/d),Hydrotec,"Wildeshausen, Lower Saxony, Germany",2026-09-10,https://www.linkedin.com/jobs/view/4465861949 , ,li-4465861949,fulltime,,,,,,False,entry level,Management and Manufacturing,,,Landscaping Services,https://www.linkedin.com/company/hydrot3c,,,,,,,,,,,
linkedin,"Engineer, scientist or similar (f/m/d)",German Aerospace Center (DLR),"Berlin, Germany",2026-09-10,https://www.linkedin.com/jobs/view/4464499726 , ,li-4464499726,fulltime,,,,,,False,mid-senior level,Engineering and Information Technology,,henri.siller@dlr.de,Research Services,https://de.linkedin.com/company/dlr,,,,,,,,,,,
linkedin,Mitarbeiter Forschung & Entwicklung (m/w/d),B&O Bau,"Bad Aibling, Bavaria, Germany",2026-09-10,https://www.linkedin.com/jobs/view/4427066778 , ,li-4427066778,fulltime,,,,,,False,mid-senior level,"Research, Analyst, and Information Technology",,,Construction,https://de.linkedin.com/company/buo-bau,,,,,,,,,,,
linkedin,Powertrain Simulation Engineer (all genders),STARK,"Munich, Bavaria, Germany",2026-09-10,https://www.linkedin.com/jobs/view/4450232305 , ,li-4450232305,fulltime,,,,,,False,associate,Engineering and Other,,,Defense and Space Manufacturing,https://de.linkedin.com/company/stark-defence,,,,,,,,,,,
linkedin,Praktikant Gesamtfahrzeugentwicklung (m/w/x),BMW Group,"Munich, Bavaria, Germany",2026-09-10,https://www.linkedin.com/jobs/view/4463934039 , ,li-4463934039,fulltime,,,,,,False,internship,Education and Training,,,Motor Vehicle Manufacturing,https://de.linkedin.com/company/bmw-group,,,,,,,,,,,
linkedin,Senior Mechanical Design Engineer (m/w/d),ITM Power,"Linden, Hesse, Germany",2026-09-10,https://www.linkedin.com/jobs/view/4463480304 , ,li-4463480304,fulltime,,,,,,False,associate,Engineering,,,Utilities,https://uk.linkedin.com/company/itm-power,,,,,,,,,,,
linkedin,Senior Hardware Engineer (m/w/d),NewTec GmbH,"Freiburg, Baden-Württemberg, Germany",2026-09-10,https://www.linkedin.com/jobs/view/4464548007 , ,li-4464548007,fulltime,,,,,,False,associate,Engineering and Information Technology,,,IT Services and IT Consulting,https://de.linkedin.com/company/newtec-gmbh-system-entwicklung-und-beratung,,,,,,,,,,,
linkedin,Techniker / Konstrukteur (m/w/d),Husmann Umwelt-Technik GmbH,"Lathen, Lower Saxony, Germany",2026-09-10,https://www.linkedin.com/jobs/view/4464595633 , ,li-4464595633,fulltime,,,,,,False,mid-senior level,Other,,,Construction,https://de.linkedin.com/company/husmann-umwelt-technik-gmbh,,,,,,,,,,,
linkedin,Studium mit vertiefter Praxis (TH) - Maschinenbau (d/m/w) 2027,Schaeffler,"Schweinfurt, Bavaria, Germany",2026-09-10,https://www.linkedin.com/jobs/view/4437789683 , ,li-4437789683,fulltime,,,,,,False,internship,Engineering and Information Technology,,,Manufacturing,https://de.linkedin.com/company/schaeffler,,,,,,,,,,,
linkedin,AUTOSAR Software Architect / Senior Embedded Software Engineer (f/m/d) Smart Leveling Systems,Vibracoustic,"Hamburg, Germany",2026-09-10,https://www.linkedin.com/jobs/view/4465692002 , ,li-4465692002,fulltime,,,,,,False,mid-senior level,Research and Product Management,,,Motor Vehicle Manufacturing,https://de.linkedin.com/company/vibracoustic,,,,,,,,,,,
linkedin,Technischen Produktdesigner (m/w/d) in Teilzeit,MinebeaMitsumi Europe,"Leutkirch, Baden-Württemberg, Germany",2026-09-10,https://www.linkedin.com/jobs/view/4465634613 , ,li-4465634613,fulltime,,,,,,False,entry level,"Design, Art/Creative, and Information Technology",,,Machinery Manufacturing,https://de.linkedin.com/company/minebeamitsumi,,,,,,,,,,,
linkedin,"Guidance, Navigation, & Control Engineer",Helsing,"Munich, Bavaria, Germany",2026-09-10,https://www.linkedin.com/jobs/view/4463468202 , ,li-4463468202,fulltime,,,,,,True,mid-senior level,Engineering and Information Technology,,,Software Development,https://de.linkedin.com/company/helsing,,,,,,,,,,,
linkedin,Unterstützung in einem Forschungsprojekt zur Untersuchung von nasslaufenden Friktionssystemen in Kraftfahrzeuganwendungen,Institute of Product Engineering at KIT,"Karlsruhe, Baden-Württemberg, Germany",2026-09-10,https://www.linkedin.com/jobs/view/4465615395 , ,li-4465615395,fulltime,,,,,,False,entry level,Information Technology,,,Machinery Manufacturing,https://de.linkedin.com/school/ipekamkit/,,,,,,,,,,,
linkedin,Ingenieur (m/w/d) Produktentwicklung Befestigungslösungen Bauwesen,fischer group,"Waldachtal, Baden-Württemberg, Germany",2026-09-10,https://www.linkedin.com/jobs/view/4410821939 , ,li-4410821939,fulltime,,,,,,False,entry level,Engineering and Information Technology,,,Building Materials,https://de.linkedin.com/company/fischer-group-of-companies,,,,,,,,,,,
linkedin,Senior Power Electronics Engineer,Li Auto,"Munich, Bavaria, Germany",2026-09-10,https://www.linkedin.com/jobs/view/4464526060 , ,li-4464526060,fulltime,,,,,,False,mid-senior level,Engineering,,,Motor Vehicle Manufacturing and Motor Vehicle Parts Manufacturing,https://cn.linkedin.com/company/liauto,,,,,,,,,,,
linkedin,Head of System - Humanoid,Cubiq Recruitment,"Munich, Bavaria, Germany",2026-09-10,https://www.linkedin.com/jobs/view/4463439717 , ,li-4463439717,fulltime,,,,,,False,director,Engineering and Design,,,"Robotics Engineering, Engineering Services, and Robot Manufacturing",https://uk.linkedin.com/company/cubiq-recruitment,,,,,,,,,,,
linkedin,Product Engineer Kabelsysteme RAIL (m/w/d),BizLink Group,"Georgensgmünd, Bavaria, Germany",2026-09-10,https://www.linkedin.com/jobs/view/4463430927 , ,li-4463430927,fulltime,,,,,,False,entry level,Engineering and Information Technology,,,"Appliances, Electrical, and Electronics Manufacturing",https://www.linkedin.com/company/bizlink-technology-inc-,,,,,,,,,,,
linkedin,Principal Systems Architect,onsemi,"Munich, Bavaria, Germany",2026-09-10,https://www.linkedin.com/jobs/view/4399523463 , ,li-4399523463,fulltime,,,,,,False,not applicable,Engineering and Information Technology,,,Semiconductor Manufacturing,https://www.linkedin.com/company/onsemi,,,,,,,,,,,
linkedin,Validation Engineer,Tata Elxsi,"Ingolstadt, Bavaria, Germany",2026-09-10,https://www.linkedin.com/jobs/view/4463486821 , ,li-4463486821,fulltime,,,,,,False,mid-senior level,Engineering,,,Engineering Services and Motor Vehicle Manufacturing,https://in.linkedin.com/company/tataelxsi,,,,,,,,,,,
linkedin,Entwicklungsingenieur / Systemingenieur (m/w/d) – Component Responsible,The Adecco Group,"Kassel, Hesse, Germany",2026-09-10,https://www.linkedin.com/jobs/view/4464502557 , ,li-4464502557,fulltime,,,,,,False,associate,Engineering,,"betuel.wagner@adecco.de, betuel.wagner@adecco.de","Defense and Space Manufacturing, Human Resources Services, and Staffing and Recruiting",https://ch.linkedin.com/company/theadeccogroup,,,,,,,,,,,
linkedin,AUTOSAR Software Architect / Senior Embedded Software Engineer (w/m/d) Smart Leveling Systems,Vibracoustic,"Hamburg, Germany",2026-09-10,https://www.linkedin.com/jobs/view/4465693000 , ,li-4465693000,fulltime,,,,,,False,mid-senior level,Research and Product Management,,,Motor Vehicle Manufacturing,https://de.linkedin.com/company/vibracoustic,,,,,,,,,,,
linkedin,Applikationsingenieur Automotive IP Cores (w/m/div.),Bosch,"Reutlingen, Baden-Württemberg, Germany",2026-09-10,https://www.linkedin.com/jobs/view/4463268275 , ,li-4463268275,fulltime,,,,,,False,associate,Engineering,,Joachim.Schaefer@de.bosch.com,Automotive,https://de.linkedin.com/company/bosch,,,,,,,,,,,
linkedin,(Senior-) Mechanical Engineer (m/w/d),Singulus Technologies AG,"Kahl am Main, Bavaria, Germany",2026-09-10,https://www.linkedin.com/jobs/view/4464527324 , ,li-4464527324,fulltime,,,,,,False,mid-senior level,Engineering,,,Construction,https://de.linkedin.com/company/singulus-technologies,,,,,,,,,,,
linkedin,Design-Ingenieur_in im LHT-Entwicklungsbetrieb (m/w/d) Lufthansa Technik,AIP SERVICES GmbH,"Hamburg, Hamburg, Germany",2026-09-10,https://www.linkedin.com/jobs/view/4464569279 , ,li-4464569279,fulltime,,,,,,False,mid-senior level,Engineering,,,Retail,https://de.linkedin.com/company/metrica-services-gmbh,,,,,,,,,,,
linkedin,Hydraulikkonstrukteur / Hydraulikingenieur (m/w/d) Mobile Arbeitsmaschinen Weinsberg,GRATZ Engineering GmbH,"Weinsberg, Baden-Württemberg, Germany",2026-09-10,https://www.linkedin.com/jobs/view/4465369407 , ,li-4465369407,fulltime,,,,,,False,mid-senior level,Engineering and Information Technology,,,Engineering Services,https://de.linkedin.com/company/gratz-engineering-gmbh,,,,,,,,,,,
linkedin,Project Engineer (m/f/d) 1 (31648),RECARO Aircraft Seating,"Schwäbisch Hall, Baden-Württemberg, Germany",2026-09-10,https://www.linkedin.com/jobs/view/4465693061 , ,li-4465693061,fulltime,,,,,,False,mid-senior level,Engineering and Information Technology,,,Aviation and Aerospace Component Manufacturing,https://de.linkedin.com/company/recaro-aircraft-seating,,,,,,,,,,,
linkedin,Senior Software Engineer (m/w/d) Embedded Systems,NewTec GmbH,"Bremen, Bremen, Germany",2026-09-10,https://www.linkedin.com/jobs/view/4464574240 , ,li-4464574240,fulltime,,,,,,False,mid-senior level,Engineering and Information Technology,,,IT Services and IT Consulting,https://de.linkedin.com/company/newtec-gmbh-system-entwicklung-und-beratung,,,,,,,,,,,
linkedin,Prüfingenieur Fahrzeuge / Kfz Sachverständiger (m/w/d),DEKRA Germany,"Hannover, Lower Saxony, Germany",2026-09-09,https://www.linkedin.com/jobs/view/4454045605 , ,li-4454045605,fulltime,,,,,,False,entry level,Engineering and Information Technology,,kristin.mueller@dekra.com,Public Safety,https://de.linkedin.com/company/dekra-germany,,,,,,,,,,,
linkedin,Ausbildung zum Technischen Produktdesigner (m/w/d) 2027,GERHARDI Group,"Lüdenscheid, North Rhine-Westphalia, Germany",2026-09-09,https://www.linkedin.com/jobs/view/4463002307 , ,li-4463002307,fulltime,,,,,,False,entry level,Design,,,Motor Vehicle Manufacturing,https://de.linkedin.com/company/gerhardi-group,,,,,,,,,,,
linkedin,E/E Bordnetzentwickler im Bereich ARBV (w/m/d),MAN Truck & Bus SE,"Munich, Bavaria, Germany",2026-09-09,https://www.linkedin.com/jobs/view/4465089433 , ,li-4465089433,fulltime,,,,,,True,mid-senior level,Other,,,Motor Vehicle Manufacturing,https://de.linkedin.com/company/man-commercial-vehicles,,,,,,,,,,,
linkedin,Harness Design (m/w/d),T&S (Technology & Strategy),,2026-09-09,https://www.linkedin.com/jobs/view/4465046498 , ,li-4465046498,fulltime,,,,,,False,associate,Engineering,,,Engineering Services,https://fr.linkedin.com/company/technology-&-strategy-t&s-,,,,,,,,,,,
linkedin,Engine Design and Development Engineer (m/f/d),KPIT,"Nuremberg, Bavaria, Germany",2026-09-09,https://www.linkedin.com/jobs/view/4463044056 , ,li-4463044056,fulltime,,,,,,False,mid-senior level,Management and Manufacturing,,,Information Technology & Services,https://in.linkedin.com/company/kpit,,,,,,,,,,,
linkedin,Hardwareentwickler Analog-/Digitaltechnik (all gender) 200,ALTEN,"Kronach, Bavaria, Germany",2026-09-09,https://www.linkedin.com/jobs/view/4464974922 , ,li-4464974922,fulltime,,,,,,False,associate,"Engineering, Quality Assurance, and Information Technology",,,Machinery Manufacturing and Aviation and Aerospace Component Manufacturing,https://fr.linkedin.com/company/alten,,,,,,,,,,,
linkedin,Entwicklungsingenieur (w/m/d) Elektrotechnik / Mechanical Engineering – Leistungstransformatoren,Siemens Energy,"Nuremberg, Bavaria, Germany",2026-09-09,https://www.linkedin.com/jobs/view/4445745894 , ,li-4445745894,fulltime,,,,,,True,mid-senior level,Engineering,,,"Appliances, Electrical, and Electronics Manufacturing",https://www.linkedin.com/company/siemens-energy,,,,,,,,,,,
linkedin,Senior Mechanical Engineer,Allan-Ashford Technology Recruitment,"Munich, Bavaria, Germany",2026-09-09,https://www.linkedin.com/jobs/view/4463858827 , ,li-4463858827,fulltime,,,,,,False,associate,,,,"Automation Machinery Manufacturing, Robotics Engineering, and Agriculture, Construction, Mining Machinery Manufacturing",https://uk.linkedin.com/company/allan-ashford-technology-recruitment,,,,,,,,,,,
linkedin,Spezialist - Batteriespeicher (m/w/d),ENERTRAG Betrieb,"Berlin, Berlin, Germany",2026-09-09,https://www.linkedin.com/jobs/view/4450859025 , ,li-4450859025,fulltime,,,,,,False,mid-senior level,Accounting/Auditing,,francesco.palmarsan@enertrag.com,Renewable Energy Semiconductor Manufacturing,https://de.linkedin.com/company/enertrag-betrieb,,,,,,,,,,,
linkedin,Development Engineer (f/m/d),Siemens Energy,"Görlitz, Saxony, Germany",2026-09-09,https://www.linkedin.com/jobs/view/4463898644 , ,li-4463898644,fulltime,,,,,,True,entry level,Research,,,"Appliances, Electrical, and Electronics Manufacturing",https://www.linkedin.com/company/siemens-energy,,,,,,,,,,,
linkedin,Development Engineer (f/m/d),Siemens Energy,"Nuremberg, Bavaria, Germany",2026-09-09,https://www.linkedin.com/jobs/view/4463880789 , ,li-4463880789,fulltime,,,,,,True,entry level,Research,,,"Appliances, Electrical, and Electronics Manufacturing",https://www.linkedin.com/company/siemens-energy,,,,,,,,,,,
linkedin,R&D Mechanical Engineer – HVDC Windings,Hitachi Energy,"Bad Honnef am Rhein, North Rhine-Westphalia, Germany",2026-09-09,https://www.linkedin.com/jobs/view/4465030595 , ,li-4465030595,fulltime,,,,,,False,mid-senior level,Engineering and Information Technology,,Gustaf.hedstrom@hitachienergy.com,"Appliances, Electrical, and Electronics Manufacturing and IT Services and IT Consulting",https://ch.linkedin.com/company/hitachienergy,,,,,,,,,,,
linkedin,Projektingenieur Fahrzeugtechnik (m/w/d),Oehmichen & Bürgers Industrieplanung GmbH,"Düsseldorf, North Rhine-Westphalia, Germany",2026-09-09,https://www.linkedin.com/jobs/view/4465077588 , ,li-4465077588,fulltime,,,,,,False,entry level,Engineering and Information Technology,,,Engineering Services,https://de.linkedin.com/company/oub,,,,,,,,,,,
linkedin,Technischer Produktdesigner (m/w/d),Sauer Compressors Germany,"Kiel, Schleswig-Holstein, Germany",2026-09-09,https://www.linkedin.com/jobs/view/4465077111 , ,li-4465077111,fulltime,,,,,,False,entry level,"Design, Art/Creative, and Information Technology",,,Machinery Manufacturing,https://de.linkedin.com/company/sauer-compressors-germany,,,,,,,,,,,
linkedin,Junior Engineer Rail (all gender),ALTEN,"Salzgitter, Lower Saxony, Germany",2026-09-09,https://www.linkedin.com/jobs/view/4465085195 , ,li-4465085195,fulltime,,,,,,False,entry level,"Production, Distribution, and Engineering",,,Software Development and IT Services and IT Consulting,https://fr.linkedin.com/company/alten,,,,,,,,,,,
linkedin,Entwicklungsingenieur (w/m/d) - Leistungstransformatoren Stahlbaudesign,Siemens Energy,"Nuremberg, Bavaria, Germany",2026-09-09,https://www.linkedin.com/jobs/view/4445719072 , ,li-4445719072,fulltime,,,,,,True,mid-senior level,Engineering,,,"Appliances, Electrical, and Electronics Manufacturing",https://www.linkedin.com/company/siemens-energy,,,,,,,,,,,
linkedin,Professional HCS CAD Engineer (m/w/d),HARTING Technology Group,"Espelkamp, North Rhine-Westphalia, Germany",2026-09-09,https://www.linkedin.com/jobs/view/4441353259 , ,li-4441353259,fulltime,,,,,,False,entry level,Engineering and Information Technology,,,Automation Machinery Manufacturing,https://de.linkedin.com/company/harting,,,,,,,,,,,
linkedin,Senior Mechanical Design Engineer (m/w/d),"IKA – Laboratory, Analytical and Process Technology","Staufen im Breisgau, Baden-Württemberg, Germany",2026-09-09,https://www.linkedin.com/jobs/view/4445964801 , ,li-4445964801,fulltime,,,,,,False,mid-senior level,Engineering and Information Technology,,,Machinery Manufacturing,https://de.linkedin.com/company/ika-works,,,,,,,,,,,
linkedin,Senior Autosar Architect (w/m/d),Mobileye,"Coblenz, Rhineland-Palatinate, Germany",2026-09-09,https://www.linkedin.com/jobs/view/4452701760 , ,li-4452701760,fulltime,,,,,,False,mid-senior level,Engineering,,,Artificial Intelligence,https://il.linkedin.com/company/mobileye,,,,,,,,,,,
linkedin,SDV (Senior) Engineer Connectivity & Software Defined Networking (all genders),MHP – A Porsche Company,"Düsseldorf, North Rhine-Westphalia, Germany",2026-09-09,https://www.linkedin.com/jobs/view/4417713480 , ,li-4417713480,fulltime,,,,,,False,mid-senior level,Engineering and Information Technology,,,Business Consulting and Services,https://de.linkedin.com/company/mhp-a-porsche-company,,,,,,,,,,,
linkedin,Regionalleiter:in - Fahrzeugprüfung | Raum Köln,HolDeinePlakette.de,"Stuttgart, Baden-Württemberg, Germany",2026-09-09,https://www.linkedin.com/jobs/view/4463043115 , ,li-4463043115,fulltime,,,,,,False,associate,Engineering,,,Architecture and Planning,https://de.linkedin.com/company/holdeineplakette-de,,,,,,,,,,,
linkedin,Senior Electronic Engineer,5V Tech,"Duisburg, North Rhine-Westphalia, Germany",2026-09-09,https://www.linkedin.com/jobs/view/4452368887 , ,li-4452368887,fulltime,,,,,,False,mid-senior level,Engineering,,,"Audio and Video Equipment Manufacturing, Computers and Electronics Manufacturing, and Manufacturing",https://uk.linkedin.com/company/5vtech,,,,,,,,,,,
linkedin,Serviceingenieur (m/w/d) VMS Fahrzeuggetriebe,RENK Group,,2026-09-09,https://www.linkedin.com/jobs/view/4458094870 , ,li-4458094870,fulltime,,,,,,False,associate,Engineering and Information Technology,,,Defense and Space Manufacturing,https://de.linkedin.com/company/renkgroup,,,,,,,,,,,
linkedin,"Motor Design Engineer , Amazon Robotics",Amazon,"Munich, Bavaria, Germany",2026-09-09,https://www.linkedin.com/jobs/view/4455907510 , ,li-4455907510,fulltime,,,,,,False,not applicable,Manufacturing and Engineering,,,Software Development,https://www.linkedin.com/company/amazon,,,,,,,,,,,
linkedin,Praktikant Kundennaher Test und Großversuch - Gesamtfahrzeug (w/m/x),BMW Group,"Munich, Bavaria, Germany",2026-09-09,https://www.linkedin.com/jobs/view/4442855299 , ,li-4442855299,fulltime,,,,,,False,internship,Quality Assurance,,,Motor Vehicle Manufacturing,https://de.linkedin.com/company/bmw-group,,,,,,,,,,,
linkedin,Electro Mechanical Engineer,Strativ Group,"Constance, Baden-Württemberg, Germany",2026-09-09,https://www.linkedin.com/jobs/view/4464985715 , ,li-4464985715,fulltime,,,,,,False,mid-senior level,Engineering and Design,,,"Robotics Engineering, Defense and Space Manufacturing, and Aviation and Aerospace Component Manufacturing",https://uk.linkedin.com/company/strativgroup,,,,,,,,,,,
linkedin,Maschinenbauingenieur Antriebstechnik (all gender),ALTEN,"Hamburg, Hamburg, Germany",2026-09-09,https://www.linkedin.com/jobs/view/4465026710 , ,li-4465026710,fulltime,,,,,,False,mid-senior level,"Production, Distribution, and Engineering",,,Software Development and IT Services and IT Consulting,https://fr.linkedin.com/company/alten,,,,,,,,,,,
linkedin,Konstruktiver Entwurf einer elektromechanischen Deichsel für den Transport autonomer Feldroboter,Fraunhofer IVI,"Dresden, Saxony, Germany",2026-09-09,https://www.linkedin.com/jobs/view/4463860446 , ,li-4463860446,fulltime,,,,,,False,entry level,Management and Manufacturing,,bewerbung.studenten@ivi.fraunhofer.de,Research,https://de.linkedin.com/company/fraunhofer-institute-for-transportation-and-infrastructure-systems-ivi,,,,,,,,,,,
linkedin,"Senior/Principal Engineering Experts (m/f/d) – Power, Optics & Automotive System",NXT Talent Studio,"Jena, Thuringia, Germany",2026-09-09,https://www.linkedin.com/jobs/view/4465029264 , ,li-4465029264,fulltime,,,,,,False,associate,"Research, Engineering, and Product Management",,,"Telecommunications, Computers and Electronics Manufacturing, and Semiconductor Manufacturing",https://de.linkedin.com/company/nxt-talent-studio,,,,,,,,,,,
linkedin,Technischer Produktdesigner / Technischer Zeichner (m/w/d) Stuttgart,GRATZ Engineering GmbH,"Ditzingen, Baden-Württemberg, Germany",2026-09-09,https://www.linkedin.com/jobs/view/4465038302 , ,li-4465038302,fulltime,,,,,,False,entry level,"Design, Art/Creative, and Information Technology",,,Engineering Services,https://de.linkedin.com/company/gratz-engineering-gmbh,,,,,,,,,,,
linkedin,Entwicklungsingenieur / Systemingenieur mit dem Schwerpunkt Component Responsible (m/w/d),Adecco,"Kassel, Hesse, Germany",2026-09-09,https://www.linkedin.com/jobs/view/4463830396 , ,li-4463830396,fulltime,,,,,,False,associate,Project Management,,,Defense and Space Manufacturing,https://ch.linkedin.com/company/adecco,,,,,,,,,,,
linkedin,Konstrukteur / Entwicklungsingenieur (m/w/d) - Anlagenbau und Automatisierung,Bio-Circle Surface Technology GmbH ✔,"Gütersloh, North Rhine-Westphalia, Germany",2026-09-09,https://www.linkedin.com/jobs/view/4464978853 , ,li-4464978853,fulltime,,,,,,False,entry level,Administrative,,,Chemical Manufacturing,https://de.linkedin.com/company/bio-circle-surface-technology-gmbh,,,,,,,,,,,
linkedin,Detail Designer,AVATR Global Design Center,"Munich, Bavaria, Germany",2026-09-09,https://www.linkedin.com/jobs/view/4446352246 , ,li-4446352246,fulltime,,,,,,True,not applicable,Engineering,,,Construction,https://de.linkedin.com/company/avatrdesign,,,,,,,,,,,
linkedin,Entwicklungsingenieur Werkzeugsysteme (m/w/d),OPTIMA packaging group,"Schwäbisch Hall, Baden-Württemberg, Germany",2026-09-09,https://www.linkedin.com/jobs/view/4464979996 , ,li-4464979996,fulltime,,,,,,False,associate,Engineering,,,Machinery Manufacturing,https://de.linkedin.com/company/optima-packaging-group,,,,,,,,,,,
linkedin,Design Engineer (w/m/d) - Leistungstransformatoren Stahlbaukonstruktionen,Siemens Energy,"Nuremberg, Bavaria, Germany",2026-09-09,https://www.linkedin.com/jobs/view/4445717169 , ,li-4445717169,fulltime,,,,,,True,mid-senior level,Engineering,,,"Appliances, Electrical, and Electronics Manufacturing",https://www.linkedin.com/company/siemens-energy,,,,,,,,,,,
linkedin,Konstrukteur (m/w/d) Fensterbau,JOBWOLF GmbH,"Willich, North Rhine-Westphalia, Germany",2026-09-09,https://www.linkedin.com/jobs/view/4465025288 , ,li-4465025288,fulltime,,,,,,False,entry level,Management and Manufacturing,,Bewerbung@jobwolf.de,Human Resources Services,https://de.linkedin.com/company/jobwolf-gmbh,,,,,,,,,,,
linkedin,"Technischer Zeichner / Systemplaner (m/w/d)  Im Fenster-, Türen- und Fassadenbau (auch Quereinsteiger)",Dömer Metallbau GmbH,"Nordwalde, North Rhine-Westphalia, Germany",2026-09-09,https://www.linkedin.com/jobs/view/4462597584 , ,li-4462597584,fulltime,,,,,,False,entry level,Manufacturing,,,Manufacturing,https://de.linkedin.com/company/d%C3%B6mer-metallbau-gmbh,,,,,,,,,,,
linkedin,Verpackungsentwickler / Displayentwickler – CAD-Konstruktion & Prototyping (m/w/d),DS Smith,"Erlensee, Hesse, Germany",2026-09-09,https://www.linkedin.com/jobs/view/4454792281 , ,li-4454792281,fulltime,,,,,,False,entry level,Other,,,Manufacturing,https://uk.linkedin.com/company/ds-smith,,,,,,,,,,,
linkedin,Konstrukteur (m/w/d) Thermodynamik,WP Bakery Technologies,"Dinkelsbühl, Bavaria, Germany",2026-09-09,https://www.linkedin.com/jobs/view/4463016839 , ,li-4463016839,fulltime,,,,,,False,mid-senior level,Engineering,,,Machinery Manufacturing,https://de.linkedin.com/company/wpbakerytechnologies,,,,,,,,,,,
linkedin,Technikerarbeit im Bereich Technische und Digitale Weiterbildung,Liebherr Mobile and Crawler Cranes,"Ehingen, Baden-Württemberg, Germany",2026-09-09,https://www.linkedin.com/jobs/view/4445498938 , ,li-4445498938,fulltime,,,,,,False,internship,Human Resources,,lea.staedele@liebherr.com,Industrial Machinery Manufacturing,https://de.linkedin.com/company/mobile-and-crawler-cranes,,,,,,,,,,,
linkedin,Konstrukteur (m/w/d) technische Datenaufbereitung Bestandsmaschinen - befristet 1 Jahr,Ampack GmbH,"Königsbrunn, Bavaria, Germany",2026-09-09,https://www.linkedin.com/jobs/view/4463020505 , ,li-4463020505,fulltime,,,,,,False,entry level,Engineering,,,Construction,https://de.linkedin.com/company/ampack-solutions,,,,,,,,,,,
linkedin,(Senior) Hardware Design Engineer (f/m/d),Munich Electrification,"Munich, Bavaria, Germany",2026-09-09,https://www.linkedin.com/jobs/view/4355797299 , ,li-4355797299,fulltime,,,,,,False,mid-senior level,Engineering and Information Technology,,,"Appliances, Electrical, and Electronics Manufacturing",https://de.linkedin.com/company/munichelectrification,,,,,,,,,,,
linkedin,"Senior Systems Engineer Control Systems & Mechatronics, Amazon Robotics",Amazon,"Munich, Bavaria, Germany",2026-09-09,https://www.linkedin.com/jobs/view/4455920105 , ,li-4455920105,fulltime,,,,,,False,mid-senior level,"Quality Assurance, Information Technology, and Engineering",,,Software Development,https://www.linkedin.com/company/amazon,,,,,,,,,,,
linkedin,DUALES STUDIUM - BACHELOR OF ENGINEERING - MECHATRONIK & AUTOMATION (M/W/D) AM STANDORT ARNSTADT AUSBILDUNGSBEGINN 2027,MDC Power GmbH,"Kiebitzhöhe, Thuringia, Germany",2026-09-08,https://www.linkedin.com/jobs/view/4462561321 , ,li-4462561321,fulltime,,,,,,False,internship,Engineering and Information Technology,,,Machinery Manufacturing,https://de.linkedin.com/company/mdc-power-gmbh,,,,,,,,,,,
linkedin,Konstrukteur (w/m/d) Mechanik,TRUMPF,"Freiburg, Baden-Württemberg, Germany",2026-09-08,https://www.linkedin.com/jobs/view/4463557704 , ,li-4463557704,fulltime,,,,,,False,entry level,Management and Manufacturing,,david.brodkorb.external@trumpf.com,Machinery Manufacturing,https://www.linkedin.com/company/trumpf-se-co-kg,,,,,,,,,,,
linkedin,Service-Monteur (m/w/d) Außendienst Marine,Rolls-Royce,"Rostock, Mecklenburg-West Pomerania, Germany",2026-09-08,https://www.linkedin.com/jobs/view/4463205127 , ,li-4463205127,fulltime,,,,,,False,entry level,Information Technology,,careers@ps.rolls,Industrial Machinery Manufacturing,https://uk.linkedin.com/company/rolls-royce,,,,,,,,,,,
linkedin,(Sr.) ENGINEER CLOSURE ENGINEERING DESIGN (M/F/D),Hyundai Motor Europe Technical Center GmbH,"Rüsselsheim, Hesse, Germany",,https://www.linkedin.com/jobs/view/4456907928 , ,li-4456907928,fulltime,,,,,,False,mid-senior level,Engineering and Information Technology,,,Motor Vehicle Manufacturing,https://de.linkedin.com/company/hyundaimotoreuropetechnicalcentergmbh,,,,,,,,,,,
linkedin,Konstrukteur (m/w/d) - Jobbird.com,Jobster,"Rheinau, Baden-Württemberg, Germany",,https://www.linkedin.com/jobs/view/4466156010 , ,li-4466156010,fulltime,,,,,,False,entry level,Management and Manufacturing,,,Software Development,https://nl.linkedin.com/company/jobster-com,,,,,,,,,,,
linkedin,Technischer Produktdesigner / Konstrukteur Siemens NX (all gender) 999,ALTEN,"Kassel, Hesse, Germany",,https://www.linkedin.com/jobs/view/4465519256 , ,li-4465519256,fulltime,,,,,,False,entry level,"Engineering, Information Technology, and Project Management",,,Machinery Manufacturing and Aviation and Aerospace Component Manufacturing,https://fr.linkedin.com/company/alten,,,,,,,,,,,
linkedin,Entwicklungsingenieur Maschinenbau – Robotik & Konstruktion,funktechnologies,"Reutlingen, Baden-Württemberg, Germany",,https://www.linkedin.com/jobs/view/4466549686 , ,li-4466549686,fulltime,,,,,,False,entry level,,,,Robotics Engineering,https://www.linkedin.com/company/funktechnologies,,,,,,,,,,,
linkedin,Konstrukteur (m/w/x) Maschinenbau,SII Germany,"Regensburg, Bavaria, Germany",,https://www.linkedin.com/jobs/view/4458740252 , ,li-4458740252,fulltime,,,,,,False,entry level,Engineering and Information Technology,,,IT Services and IT Consulting,https://de.linkedin.com/company/sii-germany,,,,,,,,,,,
linkedin,Hardwareentwicklungsingenieur:in,Wodeer Technology Europe GmbH,"Adelberg-Dorf, Baden-Württemberg, Germany",,https://www.linkedin.com/jobs/view/4454731828 , ,li-4454731828,fulltime,,,,,,False,associate,Engineering,,hr@wodeer.eu,Motor Vehicle Manufacturing and Motor Vehicle Parts Manufacturing,https://de.linkedin.com/company/wodeer-technology-europe-gmbh,,,,,,,,,,,
linkedin,Lead Project Engineer Mechanics (m/w/d),KUKA,"Augsburg, Bavaria, Germany",,https://www.linkedin.com/jobs/view/4466530367 , ,li-4466530367,fulltime,,,,,,False,mid-senior level,Engineering and Information Technology,,,Automation Machinery Manufacturing,https://de.linkedin.com/company/kukaglobal,,,,,,,,,,,
linkedin,Systemingenieur Schutz (m/w/d),Rheinmetall,"Unterlüß, Lower Saxony, Germany",,https://www.linkedin.com/jobs/view/4406481221 , ,li-4406481221,fulltime,,,,,,False,entry level,Information Technology,,,Defense and Space Manufacturing,https://de.linkedin.com/company/rheinmetall,,,,,,,,,,,
linkedin,Ingenieur Versuch & Fahrzeugintegration Nutzfahrzeuge (m/w/d),Randstad Deutschland,"Munich, Bavaria, Germany",,https://www.linkedin.com/jobs/view/4466514233 , ,li-4466514233,fulltime,,,,,,False,entry level,Engineering and Information Technology,,,Human Resources Services,https://de.linkedin.com/company/randstad-deutschland,,,,,,,,,,,
linkedin,Systemingenieur / Entwicklungsingenieur (w/m/d),WITTENSTEIN group,"Igersheim, Baden-Württemberg, Germany",,https://www.linkedin.com/jobs/view/4466566085 , ,li-4466566085,fulltime,,,,,,False,associate,Research and Engineering,,,Automation Machinery Manufacturing,https://de.linkedin.com/company/wittenstein-group,,,,,,,,,,,
linkedin,Entwicklungsingenieur Mechatronik (m/w/d) (Schwerpunkt Dynamik und Regelungstechnik),Bertrandt Group,"Oberkochen, Baden-Württemberg, Germany",,https://www.linkedin.com/jobs/view/4460953527 , ,li-4460953527,fulltime,,,,,,False,mid-senior level,Engineering and Information Technology,,,Engineering Services,https://de.linkedin.com/company/bertrandt-ag,,,,,,,,,,,
linkedin,Entwicklungsingenieur m/w/d,IMO Group,"Gremsdorf, Bavaria, Germany",,https://www.linkedin.com/jobs/view/4467702396 , ,li-4467702396,fulltime,,,,,,False,entry level,Engineering and Information Technology,,,Machinery Manufacturing,https://de.linkedin.com/company/imo-unternehmensgruppe,,,,,,,,,,,
linkedin,Mechanical Aerospace System Engineer (m/w/d),mamgo | Talente 🔗 Jobs,"Tussenhausen, Bavaria, Germany",,https://www.linkedin.com/jobs/view/4467416036 , ,li-4467416036,fulltime,,,,,,False,mid-senior level,Engineering and Information Technology,,,"Technology, Information and Internet",https://de.linkedin.com/company/mamgo-io,,,,,,,,,,,
linkedin,Mechanical & Industrialization Engineer (m/f/d),ELATEC Group | Allegion,"Puchheim, Bavaria, Germany",,https://www.linkedin.com/jobs/view/4465559969 , ,li-4465559969,fulltime,,,,,,True,associate,Engineering,,,"Appliances, Electrical, and Electronics Manufacturing, Computers and Electronics Manufacturing, and Electrical Equipment Manufacturing",https://de.linkedin.com/company/elatec-rfid-systems,,,,,,,,,,,
linkedin,Development Engineer (m/w/d),Kelvion,"Sarstedt, Lower Saxony, Germany",,https://www.linkedin.com/jobs/view/4465540986 , ,li-4465540986,parttime,,,,,,False,mid-senior level,Engineering,,,Machinery Manufacturing,https://de.linkedin.com/company/kelvionhx,,,,,,,,,,,
linkedin,Schiffbau-Konstrukteur:in (m/w/d),HEGEMANN-REINERS GRUPPE,"Berlin, Germany",,https://www.linkedin.com/jobs/view/4464982241 , ,li-4464982241,fulltime,,,,,,False,entry level,Other,,,Construction,https://de.linkedin.com/company/hegemann-reiners-gruppe,,,,,,,,,,,
linkedin,Ingenieur Leitung Mechanische Konstruktion (m/w/d),Kotte Landtechnik,"Rieste, Lower Saxony, Germany",,https://www.linkedin.com/jobs/view/4466185815 , ,li-4466185815,fulltime,,,,,,False,internship,Engineering,,,Farming,https://de.linkedin.com/company/kotte-landtechnik,,,,,,,,,,,
linkedin,Systementwickler im Produktbereich – Fernsteuerbare Waffenstationen (m/w/d),Rheinmetall,"Bremen, Bremen, Germany",,https://www.linkedin.com/jobs/view/4445884251 , ,li-4445884251,fulltime,,,,,,False,mid-senior level,Engineering and Information Technology,,,Defense and Space Manufacturing,https://de.linkedin.com/company/rheinmetall,,,,,,,,,,,
linkedin,Technischer Produktdesigner (m/w/d) im Anlagenbau,Eggersmann Gruppe GmbH & Co. KG,"Bad Oeynhausen, North Rhine-Westphalia, Germany",,https://www.linkedin.com/jobs/view/4465506722 , ,li-4465506722,fulltime,,,,,,False,entry level,Engineering,,,Machinery Manufacturing,https://de.linkedin.com/company/eggersmanngroup,,,,,,,,,,,
linkedin,CAD Konstrukteur (m/w/d),AUMUND Group,"Gelsenkirchen, North Rhine-Westphalia, Germany",,https://www.linkedin.com/jobs/view/4467757039 , ,li-4467757039,fulltime,,,,,,False,entry level,"Design, Art/Creative, and Information Technology",,,Internet Publishing,https://de.linkedin.com/company/aumund-group,,,,,,,,,,,
linkedin,Application engineer,SKF AUTOMOTIVE GMBH,"Schweinfurt, Bavaria, Germany",,https://www.linkedin.com/jobs/view/4452581863 , ,li-4452581863,fulltime,,,,,,False,associate,Engineering,,anasthasie.bonhomme@skf.com,Retail Motor Vehicles,https://www.linkedin.com/company/skf-automotive-gmbh,,,,,,,,,,,
linkedin,Versuchsingenieur (m/w/d) Automotive,Randstad Deutschland,"Ennepetal, North Rhine-Westphalia, Germany",,https://www.linkedin.com/jobs/view/4466519185 , ,li-4466519185,fulltime,,,,,,False,entry level,Management and Manufacturing,,,Human Resources Services,https://de.linkedin.com/company/randstad-deutschland,,,,,,,,,,,
linkedin,"Ingenieur/in für Maschinenbau, Schiffbau (w/m/d) - experimentelle Validierung von komplexen Methoden",German Aerospace Center (DLR),"Geesthacht, Schleswig-Holstein, Germany",,https://www.linkedin.com/jobs/view/4467763223 , ,li-4467763223,fulltime,,,,,,False,mid-senior level,Engineering and Information Technology,,,Research Services,https://de.linkedin.com/company/dlr,,,,,,,,,,,
linkedin,Sr./Principal Engineer- Autonomous Vehicle Simulation Domain Expert,HERE Technologies,"Munich, Bavaria, Germany",,https://www.linkedin.com/jobs/view/4467742486 , ,li-4467742486,fulltime,,,,,,False,mid-senior level,Engineering and Information Technology,,,IT Services and IT Consulting,https://nl.linkedin.com/company/here,,,,,,,,,,,
linkedin,Design Engineer (m/w/d) Bereich Hydraulik/ Mechatronik (w/m/d),Brunel,"Lower Saxony, Germany",,https://www.linkedin.com/jobs/view/4465588898 , ,li-4465588898,fulltime,,,,,,False,entry level,Engineering and Information Technology,,,Staffing and Recruiting,https://nl.linkedin.com/company/brunel,,,,,,,,,,,
linkedin,184/2026 Wissenschaftliche* Mitarbeiter*in (m/w/d) für individualisierbare Assistenzsysteme“ im intelligenten Mobilitätsraum (IMIQ),Otto-von-Guericke University Magdeburg,"Magdeburg, Saxony-Anhalt, Germany",,https://www.linkedin.com/jobs/view/4456932380 , ,li-4456932380,fulltime,,,,,,False,mid-senior level,"Research, Analyst, and Information Technology",,,Higher Education,https://de.linkedin.com/school/otto-von-guericke-university-magdeburg/,,,,,,,,,,,
linkedin,Fertigungsplaner (m/w/d) - Schwerpunkt Getriebeprüfung / Prüfstandsautomatisierung,Bertrandt Group,"Mannheim, Baden-Württemberg, Germany",,https://www.linkedin.com/jobs/view/4456010012 , ,li-4456010012,fulltime,,,,,,False,mid-senior level,Management and Manufacturing,,,Engineering Services,https://de.linkedin.com/company/bertrandt-ag,,,,,,,,,,,
linkedin,Systemingenieur Missionssysteme / Hubschrauber (all gender) 100,ALTEN,"Donauwörth, Bavaria, Germany",,https://www.linkedin.com/jobs/view/4465510833 , ,li-4465510833,fulltime,,,,,,False,entry level,Engineering,,,Machinery Manufacturing and Aviation and Aerospace Component Manufacturing,https://fr.linkedin.com/company/alten,,,,,,,,,,,
linkedin,Technical Lead for Vehicle Brake Control Functions - J0050818,Astemo Ltd.,"Heilbronn, Baden-Württemberg, Germany",,https://www.linkedin.com/jobs/view/4465596885 , ,li-4465596885,fulltime,,,,,,False,mid-senior level,Engineering and Information Technology,,,Motor Vehicle Manufacturing,https://jp.linkedin.com/company/astemo,,,,,,,,,,,
linkedin,"Autonomous Driving Technical Lead (w/m/d) - with experience in Level 4 Driving Automation development, C++, Python, ROS2 and AI - IMMEDIATE JOINERS",Luxoft Germany,,,https://www.linkedin.com/jobs/view/4467496306 , ,li-4467496306,fulltime,,,,,,False,mid-senior level,Engineering,,,IT Services and IT Consulting,https://de.linkedin.com/company/luxoft-germany,,,,,,,,,,,
linkedin,Systems Engineer (m/w/d) Hardware,YER Deutschland,"Munich, Bavaria, Germany",,https://www.linkedin.com/jobs/view/4465532882 , ,li-4465532882,fulltime,,,,,,False,mid-senior level,Engineering,,,Aviation and Aerospace Component Manufacturing,https://de.linkedin.com/company/yerdeutschland,,,,,,,,,,,
linkedin,Avionik System Engineer / Avionics Engineer (all gender) 100,ALTEN,"Ismaning, Bavaria, Germany",,https://www.linkedin.com/jobs/view/4465511488 , ,li-4465511488,parttime,,,,,,False,entry level,Engineering,,,Machinery Manufacturing and Aviation and Aerospace Component Manufacturing,https://fr.linkedin.com/company/alten,,,,,,,,,,,
linkedin,Head of Advanced Robotics,R3 Robotics,,,https://www.linkedin.com/jobs/view/4453448405 , ,li-4453448405,fulltime,,,,,,False,mid-senior level,Engineering,,,Industrial Machinery Manufacturing,https://lu.linkedin.com/company/r3robotics-ai,,,,,,,,,,,
linkedin,Systems Engineer (m/w/d),mamgo | Talente 🔗 Jobs,"Kiel, Schleswig-Holstein, Germany",,https://www.linkedin.com/jobs/view/4467455246 , ,li-4467455246,fulltime,,,,,,False,entry level,Information Technology,,,"Technology, Information and Internet",https://de.linkedin.com/company/mamgo-io,,,,,,,,,,,
linkedin,R&D Engineer - Actuators,Dcubed,"Germering, Bavaria, Germany",,https://www.linkedin.com/jobs/view/4467762264 , ,li-4467762264,fulltime,,,,,,False,mid-senior level,,,,Defense and Space Manufacturing,https://de.linkedin.com/company/dcubedspace,,,,,,,,,,,
linkedin,Technischer Zeichner / Konstrukteur (m/w/d) mit AutoCAD,Halex Aldenhoven,"Aldenhoven, North Rhine-Westphalia, Germany",,https://www.linkedin.com/jobs/view/4466505906 , ,li-4466505906,fulltime,,,,,,False,entry level,"Design, Art/Creative, and Information Technology",,stefan.gooss@halex.de,Manufacturing,https://de.linkedin.com/company/halex-aldenhoven,,,,,,,,,,,
linkedin,Konstrukteur SolidEdge (w/m/d),Brunel,"North Rhine-Westphalia, Germany",,https://www.linkedin.com/jobs/view/4467718663 , ,li-4467718663,fulltime,,,,,,False,mid-senior level,Management and Manufacturing,,,Staffing and Recruiting,https://nl.linkedin.com/company/brunel,,,,,,,,,,,
linkedin,CAD-Konstrukteur (m/w/d) - deutschlandweit,UKA – Der Energieparkentwickler,,,https://www.linkedin.com/jobs/view/4439741816 , ,li-4439741816,fulltime,,,,,,False,associate,"Design, Art/Creative, and Information Technology",,,Services for Renewable Energy,https://de.linkedin.com/company/uka-umweltgerechte-kraftanlagen-gmbh-co-kg,,,,,,,,,,,
linkedin,Konstrukteur (m/w/d) in der Mechanik,Butzbach GmbH Industrietore,"Unterroth, Bavaria, Germany",,https://www.linkedin.com/jobs/view/4467406284 , ,li-4467406284,fulltime,,,,,,False,mid-senior level,Management and Manufacturing,,,Industrial Machinery Manufacturing,https://de.linkedin.com/company/butzbach-gmbh,,,,,,,,,,,
linkedin,Projekt Manager/Projekt Ingenieur (w/m)–Automotive Interior,Sino HR Conference,"Hamburg, Hamburg, Germany",,https://www.linkedin.com/jobs/view/4466182520 , ,li-4466182520,fulltime,,,,,,False,mid-senior level,Project Management and Information Technology,,"markus.li@daimayeurope.com, contact@sinojobs.com",Human Resources Services,https://de.linkedin.com/showcase/sinojobs-hr-conference/,,,,,,,,,,,
linkedin,Fachplaner/ technischer Systemplaner TGA (m/w/d) | Nürnberg,WUP INGENIEURE,"Nuremberg, Bavaria, Germany",,https://www.linkedin.com/jobs/view/4465512907 , ,li-4465512907,fulltime,,,,,,False,entry level,Engineering,,,Construction,https://de.linkedin.com/company/wupingenieure,,,,,,,,,,,
linkedin,Electrical Application Engineer (m/w/d),Regal Rexnord,"Waldenburg, Baden-Württemberg, Germany",,https://www.linkedin.com/jobs/view/4456930033 , ,li-4456930033,fulltime,,,,,,False,mid-senior level,Engineering and Information Technology,,,"Electric Power Transmission, Control, and Distribution",https://www.linkedin.com/company/regal-rexnord,,,,,,,,,,,
linkedin,Aerodynamics Engineer (all genders),ERC System,"Ottobrunn, Bavaria, Germany",,https://www.linkedin.com/jobs/view/4465539044 , ,li-4465539044,fulltime,,,,,,True,entry level,Engineering,,,Aviation and Aerospace Component Manufacturing,https://de.linkedin.com/company/erc-system,,,,,,,,,,,
linkedin,Elektrotechniker (m/w/d) Fahrzeuginbetriebnahme,KNDS Deutschland,"Munich, Bavaria, Germany",,https://www.linkedin.com/jobs/view/4467715047 , ,li-4467715047,fulltime,,,,,,False,mid-senior level,Management and Manufacturing,,,Defense and Space Manufacturing,https://de.linkedin.com/company/knds-deutschland,,,,,,,,,,,
linkedin,Automotive Technician,JOBSTODAY.WORLD,,,https://www.linkedin.com/jobs/view/4465510190 , ,li-4465510190,other,,,,,,False,not applicable,"Engineering, Manufacturing, and Production",,,Automation Machinery Manufacturing,https://es.linkedin.com/company/jobstodayworld,,,,,,,,,,,
linkedin,Abteilungsleiter Kampfsysteme (m/w/d),KNDS Deutschland,"Kassel, Hesse, Germany",,https://www.linkedin.com/jobs/view/4467703064 , ,li-4467703064,fulltime,,,,,,False,director,Business Development and Sales,,,Defense and Space Manufacturing,https://de.linkedin.com/company/knds-deutschland,,,,,,,,,,,
linkedin,Elektroniker Maschinen- & Antriebstechnik / Motorenüberholung (m/w/d) - Jobbird.com,Jobster,"Trier-Saarburg, Rhineland-Palatinate, Germany",,https://www.linkedin.com/jobs/view/4466138112 , ,li-4466138112,fulltime,,,,,,False,entry level,Engineering and Information Technology,,,Software Development,https://nl.linkedin.com/company/jobster-com,,,,,,,,,,,
linkedin,Professorship (W2) in Turbomachinery,Fakultät für Maschinenbau und Schiffstechnik,"Rostock, Mecklenburg-West Pomerania, Germany",,https://www.linkedin.com/jobs/view/4467467916 , ,li-4467467916,fulltime,,,,,,False,not applicable,,,,Higher Education,https://www.linkedin.com/company/fakult%C3%A4t-f%C3%BCr-maschinenbau-und-schiffstechnik,,,,,,,,,,,
linkedin,Wirtschaftsingenieur - Inbetriebnahme & Prüfung Erzeugungsanlagen (a*),Hamburger Energienetze GmbH,"Hamburg, Hamburg, Germany",,https://www.linkedin.com/jobs/view/4467750606 , ,li-4467750606,fulltime,,,,,,False,entry level,Management and Manufacturing,,,Utilities,https://www.linkedin.com/company/hamburgerenergienetze,,,,,,,,,,,
linkedin,Studium Maschinenbau im Praxisverbund (w/m/d) im Werk Salzgitter 2027,MAN Truck & Bus SE,"Salzgitter, Lower Saxony, Germany",,https://www.linkedin.com/jobs/view/4448100944 , ,li-4448100944,fulltime,,,,,,False,entry level,Other,,recruiting.salzgitter@man.eu,Motor Vehicle Manufacturing,https://de.linkedin.com/company/man-commercial-vehicles,,,,,,,,,,,
