site,title,company,location,date_posted,job_url,job_url_direct,id,job_type,salary_source,interval,min_amount,max_amount,currency,is_remote,job_level,job_function,listing_type,emails,company_industry,company_url,company_url_direct,company_addresses,company_num_employees,company_revenue,company_description,skills,experience_range,company_rating,company_reviews_count,vacancy_count,work_from_home_type
linkedin,Design Engineer,NAXCON GROUP,"Düsseldorf, North Rhine-Westphalia, Germany",2026-08-13,https://www.linkedin.com/jobs/view/4454021843 , ,li-4454021843,fulltime,,,,,,False,mid-senior level,"Engineering, Research, and Manufacturing",,,"Aviation and Aerospace Component Manufacturing, Defense and Space Manufacturing, and Engineering Services",https://de.linkedin.com/company/naxcon,,,,,,,,,,,
linkedin,Structural Design Engineer,K&K Talents,,2026-08-13,https://www.linkedin.com/jobs/view/4453692105 , ,li-4453692105,fulltime,,,,,,False,mid-senior level,Information Technology,,,IT Services and IT Consulting and Information Services,https://de.linkedin.com/company/k-k-talents,,,,,,,,,,,
linkedin,"Feature Owner, ADAS",Wayve,"Leonberg, Baden-Württemberg, Germany",2026-08-13,https://www.linkedin.com/jobs/view/4450809302 , ,li-4450809302,fulltime,,,,,,False,entry level,Other,,,Software Development,https://uk.linkedin.com/company/wayve-technologies,,,,,,,,,,,
linkedin,CFD Simulationsingenieur Multiphysics (m/w/d),Bertrandt Group,"Mönsheim, Baden-Württemberg, Germany",2026-08-13,https://www.linkedin.com/jobs/view/4452990472 , ,li-4452990472,fulltime,,,,,,False,mid-senior level,Engineering and Information Technology,,,Engineering Services,https://de.linkedin.com/company/bertrandt-ag,,,,,,,,,,,
linkedin,Entwicklungsingenieur CAx & DMU (all gender),ALTEN,,2026-08-13,https://www.linkedin.com/jobs/view/4450816057 , ,li-4450816057,fulltime,,,,,,False,associate,Engineering,,,Motor Vehicle Manufacturing,https://fr.linkedin.com/company/alten,,,,,,,,,,,
linkedin,Junior Engineer Rail (all gender),ALTEN,"Salzgitter, Lower Saxony, Germany",2026-08-13,https://www.linkedin.com/jobs/view/4417136007 , ,li-4417136007,fulltime,,,,,,False,entry level,Engineering,,,Engineering Services,https://fr.linkedin.com/company/alten,,,,,,,,,,,
linkedin,Senior In-Vehicle Networking EMC System Engineer (f/m/d),NXP Semiconductors,"Hamburg, Hamburg, Germany",2026-08-13,https://www.linkedin.com/jobs/view/4443927286 , ,li-4443927286,fulltime,,,,,,False,mid-senior level,Information Technology,,,"Semiconductor Manufacturing, Computers and Electronics Manufacturing, and Software Development",https://nl.linkedin.com/company/nxp-semiconductors,,,,,,,,,,,
linkedin,GNC Engineer,DigiTech Search,"Munich, Bavaria, Germany",2026-08-13,https://www.linkedin.com/jobs/view/4450482622 , ,li-4450482622,fulltime,,,,,,False,mid-senior level,Engineering,,,Defense and Space Manufacturing,https://uk.linkedin.com/company/digitech-search-ltd,,,,,,,,,,,
linkedin,Simulation Engineer – Cognitive Twin (Mensch),NEURA Robotics,"Riederich, Baden-Württemberg, Germany",2026-08-13,https://www.linkedin.com/jobs/view/4451507323 , ,li-4451507323,fulltime,,,,,,False,mid-senior level,Engineering and Information Technology,,,Automation Machinery Manufacturing,https://de.linkedin.com/company/neura-robotics,,,,,,,,,,,
linkedin,Ingenieur Fahrzeugtechnik für die Serienentwicklung/-produktion (m/w/d),Oehmichen & Bürgers Industrieplanung GmbH,"Düsseldorf, North Rhine-Westphalia, Germany",2026-08-13,https://www.linkedin.com/jobs/view/4453696010 , ,li-4453696010,fulltime,,,,,,False,entry level,Engineering and Information Technology,,,Engineering Services,https://de.linkedin.com/company/oub,,,,,,,,,,,
linkedin,Technische:r Produktdesigner:in,Tintschl Unternehmensgruppe,"Kiel, Schleswig-Holstein, Germany",2026-08-13,https://www.linkedin.com/jobs/view/4453681843 , ,li-4453681843,fulltime,,,,,,False,entry level,Product Management and Design,,,IT Services and IT Consulting,https://de.linkedin.com/company/tintschlunternehmensgruppe,,,,,,,,,,,
linkedin,Process Engineer,Park Street People,"Cologne, North Rhine-Westphalia, Germany",2026-08-13,https://www.linkedin.com/jobs/view/4450490291 , ,li-4450490291,fulltime,,,,,,False,mid-senior level,Engineering,,,Industrial Machinery Manufacturing,https://uk.linkedin.com/company/park-street-people,,,,,,,,,,,
linkedin,Proposal Engineer,Link Engineering Company,"Limburg an der Lahn, Hesse, Germany",2026-08-13,https://www.linkedin.com/jobs/view/4454049693 , ,li-4454049693,fulltime,,,,,,False,associate,Engineering,,,Automation Machinery Manufacturing,https://www.linkedin.com/company/link-engineering-company,,,,,,,,,,,
linkedin,Manufacturing Engineer (m/w/d),AIP SERVICES GmbH,"Markdorf, Baden-Württemberg, Germany",2026-08-13,https://www.linkedin.com/jobs/view/4452944091 , ,li-4452944091,fulltime,,,,,,False,mid-senior level,Engineering,,,Retail,https://de.linkedin.com/company/metrica-services-gmbh,,,,,,,,,,,
linkedin,Techniker / Konstrukteur (m/w/d),Husmann Umwelt-Technik GmbH,"Lathen, Lower Saxony, Germany",2026-08-13,https://www.linkedin.com/jobs/view/4452930789 , ,li-4452930789,fulltime,,,,,,False,mid-senior level,Other,,,Construction,https://de.linkedin.com/company/husmann-umwelt-technik-gmbh,,,,,,,,,,,
linkedin,Konstrukteur Siemens NX (m/w/d),Oehmichen & Bürgers Industrieplanung GmbH,"Düsseldorf, North Rhine-Westphalia, Germany",2026-08-13,https://www.linkedin.com/jobs/view/4453676956 , ,li-4453676956,fulltime,,,,,,False,entry level,Management and Manufacturing,,,Engineering Services,https://de.linkedin.com/company/oub,,,,,,,,,,,
linkedin,Mitarbeiter technischer Versuch (m/w/d),DEKRA Germany,"Schipkau, Brandenburg, Germany",2026-08-13,https://www.linkedin.com/jobs/view/4454003166 , ,li-4454003166,fulltime,,,,,,False,entry level,Other,,ugur.tuerkue@dekra.com,Public Safety,https://de.linkedin.com/company/dekra-germany,,,,,,,,,,,
linkedin,Technical Support EV - LIB,MSX International,"Berlin, Berlin, Germany",2026-08-13,https://www.linkedin.com/jobs/view/4454045280 , ,li-4454045280,fulltime,,,,,,False,mid-senior level,Information Technology,,,Business Consulting and Services,https://www.linkedin.com/company/msx-international,,,,,,,,,,,
linkedin,Senior BESS Ingenieur (w/m/d),Uniper,"Würzburg, Bavaria, Germany",2026-08-13,https://www.linkedin.com/jobs/view/4453376578 , ,li-4453376578,fulltime,,,,,,False,mid-senior level,Engineering,,,Utilities,https://de.linkedin.com/company/uniper-se,,,,,,,,,,,
linkedin,Prüfingenieur Fahrzeuge / Kfz Sachverständiger (m/w/d),DEKRA Germany,"Bad Salzungen, Thuringia, Germany",2026-08-13,https://www.linkedin.com/jobs/view/4453699184 , ,li-4453699184,fulltime,,,,,,False,entry level,Engineering and Information Technology,,ugur.tuerkue@dekra.com,Public Safety,https://de.linkedin.com/company/dekra-germany,,,,,,,,,,,
linkedin,Mobility Analyst - McKinsey Center for Future Mobility,McKinsey & Company,"Munich, Bavaria, Germany",2026-08-13,https://www.linkedin.com/jobs/view/4416911650 , ,li-4416911650,fulltime,,,,,,False,entry level,"Analyst, Consulting, and Research",,,Motor Vehicle Manufacturing,https://www.linkedin.com/company/mckinsey,,,,,,,,,,,
linkedin,Product Engineer II - 3D Reality Mapping (m/f/d),Esri,"Stuttgart, Baden-Württemberg, Germany",2026-08-13,https://www.linkedin.com/jobs/view/4417024578 , ,li-4417024578,fulltime,,,,,,False,entry level,Engineering,,askcareers@esri.com,Software Development,https://www.linkedin.com/company/esri,,,,,,,,,,,
linkedin,Prüfingenieur Fahrzeuge / Kfz Sachverständiger (m/w/d),DEKRA Germany,"Worms, Rhineland-Palatinate, Germany",2026-08-13,https://www.linkedin.com/jobs/view/4454012061 , ,li-4454012061,fulltime,,,,,,False,entry level,Engineering and Information Technology,,-sandra.nedelcu@dekra.com,Public Safety,https://de.linkedin.com/company/dekra-germany,,,,,,,,,,,
linkedin,Prüfingenieur Fahrzeuge / Kfz Sachverständiger (m/w/d) ggf. zur Weiterbildung,DEKRA Germany,"Erfurt, Thuringia, Germany",2026-08-13,https://www.linkedin.com/jobs/view/4454002187 , ,li-4454002187,fulltime,,,,,,False,internship,Engineering and Information Technology,,ugur.tuerkue@dekra.com,Public Safety,https://de.linkedin.com/company/dekra-germany,,,,,,,,,,,
linkedin,Projektingenieur (m/w/d) Experte  Diagnoseentwicklung,KNDS Deutschland,"Kassel, Hesse, Germany",2026-08-13,https://www.linkedin.com/jobs/view/4453689268 , ,li-4453689268,fulltime,,,,,,False,mid-senior level,Engineering and Information Technology,,,Defense and Space Manufacturing,https://de.linkedin.com/company/knds-deutschland,,,,,,,,,,,
linkedin,System Engineer (m/f/x) – Satellite Modems,WORK Microwave Inc.,"Holzkirchen, Bavaria, Germany",2026-08-13,https://www.linkedin.com/jobs/view/4454055844 , ,li-4454055844,fulltime,,,,,,False,mid-senior level,Information Technology,,,Satellite Telecommunications,https://www.linkedin.com/company/work-microwave-inc,,,,,,,,,,,
linkedin,Anwendungsingenieur:in,Volz Servos,"Offenbach, Hesse, Germany",2026-08-13,https://www.linkedin.com/jobs/view/4454021885 , ,li-4454021885,fulltime,,,,,,False,associate,Engineering,,,Aviation and Aerospace Component Manufacturing,https://de.linkedin.com/company/volz-servos,,,,,,,,,,,
linkedin,Entwicklungsingenieur Leistungselektronik (m/w/d),AIP SERVICES GmbH,"Altenstadt, Hesse, Germany",2026-08-13,https://www.linkedin.com/jobs/view/4452956054 , ,li-4452956054,fulltime,,,,,,False,mid-senior level,Engineering,,,Retail,https://de.linkedin.com/company/metrica-services-gmbh,,,,,,,,,,,
linkedin,Controls/SCADA Engineer (m/w/d),Fluence,"Erlangen, Bavaria, Germany",2026-08-13,https://www.linkedin.com/jobs/view/4454012103 , ,li-4454012103,fulltime,,,,,,True,entry level,Engineering and Information Technology,,,Renewable Energy Semiconductor Manufacturing,https://www.linkedin.com/company/fluenceenergy,,,,,,,,,,,
linkedin,"Robotics System Integration & Deployment Engineer II, Robotics Delivery & Packaging Innovation",Amazon,"Berlin, Berlin, Germany",2026-08-13,https://www.linkedin.com/jobs/view/4444216961 , ,li-4444216961,fulltime,,,,,,False,mid-senior level,"Information Technology, Consulting, and Engineering",,,Software Development,https://www.linkedin.com/company/amazon,,,,,,,,,,,
linkedin,Systemtechniker (m/w/d) Fahrzeuginbetriebnahme,KNDS Deutschland,"Munich, Bavaria, Germany",2026-08-13,https://www.linkedin.com/jobs/view/4454042582 , ,li-4454042582,fulltime,,,,,,False,mid-senior level,Engineering and Information Technology,,,Defense and Space Manufacturing,https://de.linkedin.com/company/knds-deutschland,,,,,,,,,,,
linkedin,Ingenieur (m/w/d) für Systeme und Projekte für den Bereich Systemtechnik Navy,Rohde & Schwarz,"Teisnach, Bavaria, Germany",2026-08-13,https://www.linkedin.com/jobs/view/4452923747 , ,li-4452923747,fulltime,,,,,,False,not applicable,Engineering and Information Technology,,,Telecommunications,https://de.linkedin.com/company/rohde-schwarz,,,,,,,,,,,
linkedin,AOCS/GNC Engineer (all gender),ALTEN Germany,"Friedrichshafen, Baden-Württemberg, Germany",2026-08-13,https://www.linkedin.com/jobs/view/4452918670 , ,li-4452918670,fulltime,,,,,,False,associate,Engineering,,,IT Services and IT Consulting,https://de.linkedin.com/company/altengermany,,,,,,,,,,,
linkedin,Absolvent Konstruktion &amp; Entwicklung (m/w/d),Oehmichen & Bürgers Industrieplanung GmbH,"Düsseldorf, North Rhine-Westphalia, Germany",2026-08-13,https://www.linkedin.com/jobs/view/4453678996 , ,li-4453678996,fulltime,,,,,,False,internship,"Research, Analyst, and Information Technology",,,Engineering Services,https://de.linkedin.com/company/oub,,,,,,,,,,,
linkedin,Konstrukteur/CAD-Zeichner (m/w/d),bluu unit GmbH,"Cadolzburg, Bavaria, Germany",2026-08-13,https://www.linkedin.com/jobs/view/4450486898 , ,li-4450486898,fulltime,,,,,,False,mid-senior level,Design,,,"Appliances, Electrical, and Electronics Manufacturing",https://de.linkedin.com/company/bluu-unit,,,,,,,,,,,
linkedin,Fertigungsingenieur:in im Werk Hannover,Deutsche Bahn,"Hannover, Lower Saxony, Germany",2026-08-13,https://www.linkedin.com/jobs/view/4444254664 , ,li-4444254664,fulltime,,,,,,False,entry level,Engineering and Information Technology,,,Truck Transportation,https://de.linkedin.com/company/deutschebahn,,,,,,,,,,,
linkedin,Prüfingenieur Fahrzeuge / Kfz Sachverständiger (m/w/d),DEKRA Germany,"Pfarrkirchen, Bavaria, Germany",2026-08-13,https://www.linkedin.com/jobs/view/4453699201 , ,li-4453699201,fulltime,,,,,,False,entry level,Engineering and Information Technology,,sarah.kraeft@dekra.com,Public Safety,https://de.linkedin.com/company/dekra-germany,,,,,,,,,,,
linkedin,Prüfingenieur Fahrzeuge / Kfz Sachverständiger (m/w/d),DEKRA Germany,"Penzberg, Bavaria, Germany",2026-08-13,https://www.linkedin.com/jobs/view/4454001175 , ,li-4454001175,fulltime,,,,,,False,entry level,Engineering and Information Technology,,sarah.kraeft@dekra.com,Public Safety,https://de.linkedin.com/company/dekra-germany,,,,,,,,,,,
linkedin,Prüfingenieur Fahrzeuge / Kfz Sachverständiger Odenwald (m/w/d),DEKRA Germany,"Heidelberg, Baden-Württemberg, Germany",2026-08-13,https://www.linkedin.com/jobs/view/4454008137 , ,li-4454008137,fulltime,,,,,,False,entry level,Engineering and Information Technology,,-sandra.nedelcu@dekra.com,Public Safety,https://de.linkedin.com/company/dekra-germany,,,,,,,,,,,
linkedin,Prüfingenieur Fahrzeuge / Kfz Sachverständiger Haibach (m/w/d),DEKRA Germany,"Darmstadt, Hesse, Germany",2026-08-13,https://www.linkedin.com/jobs/view/4454009126 , ,li-4454009126,fulltime,,,,,,False,entry level,Engineering and Information Technology,,jessica.kristen@dekra.com,Public Safety,https://de.linkedin.com/company/dekra-germany,,,,,,,,,,,
linkedin,Prüfingenieur Fahrzeuge / Kfz Sachverständiger (m/w/d),DEKRA Germany,"Zweibrücken, Rhineland-Palatinate, Germany",2026-08-13,https://www.linkedin.com/jobs/view/4454009130 , ,li-4454009130,fulltime,,,,,,False,entry level,Engineering and Information Technology,,-sandra.nedelcu@dekra.com,Public Safety,https://de.linkedin.com/company/dekra-germany,,,,,,,,,,,
linkedin,Prüfingenieur Fahrzeuge / Kfz Sachverständiger (m/w/d),DEKRA Germany,"Duisburg, North Rhine-Westphalia, Germany",2026-08-13,https://www.linkedin.com/jobs/view/4454005135 , ,li-4454005135,fulltime,,,,,,False,entry level,Engineering and Information Technology,,benjamin.guertler@dekra.com,Public Safety,https://de.linkedin.com/company/dekra-germany,,,,,,,,,,,
linkedin,Entwickler Simulation (m/w/d),TechHub by efs,"Gaimersheim, Bavaria, Germany",2026-08-13,https://www.linkedin.com/jobs/view/4450473636 , ,li-4450473636,fulltime,,,,,,False,associate,Other,,,Software Development,https://de.linkedin.com/company/techhubbyefs,,,,,,,,,,,
linkedin,Model Integration Specialist (m/f/d) for Eurodrone Virtual Engineering,Airbus Defence and Space,"Manching, Bavaria, Germany",2026-08-13,https://www.linkedin.com/jobs/view/4450451437 , ,li-4450451437,fulltime,,,,,,True,mid-senior level,Other,,emsom@airbus.com,Defense and Space Manufacturing,https://www.linkedin.com/company/airbus-defence-and-space,,,,,,,,,,,
linkedin,Auszubildender Produktdesigner (all genders),GABLER,,2026-08-13,https://www.linkedin.com/jobs/view/4452921766 , ,li-4452921766,fulltime,,,,,,False,internship,Education and Training,,,Maritime Transportation,https://www.linkedin.com/company/gabler-naval,,,,,,,,,,,
linkedin,Design Engineer (m/f/d),SCHÖLLY FIBEROPTIC GMBH,"Denzlingen, Baden-Württemberg, Germany",2026-08-13,https://www.linkedin.com/jobs/view/4452917836 , ,li-4452917836,fulltime,,,,,,False,mid-senior level,Engineering and Information Technology,,,Medical Equipment Manufacturing,https://de.linkedin.com/company/schoelly,,,,,,,,,,,
linkedin,Flying Fuel Cell Mechanical Design and Integration Engineer (all genders),MTU Aero Engines North America,"Munich, Bavaria, Germany",2026-08-13,https://www.linkedin.com/jobs/view/4443856935 , ,li-4443856935,fulltime,,,,,,True,mid-senior level,Engineering and Information Technology,,,Aviation and Aerospace Component Manufacturing,https://www.linkedin.com/company/mtu-aero-engines-north-america,,,,,,,,,,,
linkedin,Junior Designer C&M Sportstyle Footwear,PUMA Group,"Herzogenaurach, Bavaria, Germany",2026-08-13,https://www.linkedin.com/jobs/view/4453320991 , ,li-4453320991,fulltime,,,,,,False,entry level,Design and Art/Creative,,,"Graphic Design, Design Services, and Retail Apparel and Fashion",https://de.linkedin.com/company/puma,,,,,,,,,,,
linkedin,Manufacturing Engineer (m/f/d),ARX Robotics,"Munich, Bavaria, Germany",2026-08-13,https://www.linkedin.com/jobs/view/4450800675 , ,li-4450800675,fulltime,,,,,,False,mid-senior level,Engineering and Information Technology,,,Defense and Space Manufacturing,https://de.linkedin.com/company/arx-robotics,,,,,,,,,,,
linkedin,Head of Structures (all genders),ERC System,"Ottobrunn, Bavaria, Germany",2026-08-13,https://www.linkedin.com/jobs/view/4450494932 , ,li-4450494932,fulltime,,,,,,True,associate,Engineering,,,Aviation and Aerospace Component Manufacturing,https://de.linkedin.com/company/erc-system,,,,,,,,,,,
linkedin,Ausbildung zum Technischen Produktdesigner*in ab September 2027,Brückner Maschinenbau,"Siegsdorf, Bavaria, Germany",2026-08-13,https://www.linkedin.com/jobs/view/4452476765 , ,li-4452476765,fulltime,,,,,,False,internship,"Design, Art/Creative, and Information Technology",,,Machinery Manufacturing,https://de.linkedin.com/company/br-ckner-maschinenbau-gmbh,,,,,,,,,,,
linkedin,ADAS Vehicle Test Engineer - Immediate Start - Prototype License,Alium,"Ingolstadt, Bavaria, Germany",2026-08-13,https://www.linkedin.com/jobs/view/4444125600 , ,li-4444125600,contract,,,,,,False,mid-senior level,Engineering and Information Technology,,james@aliumc.com,"Information Technology & Services, Motor Vehicle Manufacturing, and Motor Vehicle Parts Manufacturing",https://uk.linkedin.com/company/aliumc,,,,,,,,,,,
linkedin,Flight Dynamics Engineer (all genders),Reflex Aerospace,"Berlin, Berlin, Germany",2026-08-13,https://www.linkedin.com/jobs/view/4450488656 , ,li-4450488656,fulltime,,,,,,False,associate,Engineering,,,Aviation and Aerospace Component Manufacturing,https://de.linkedin.com/company/reflex-aerospace,,,,,,,,,,,
linkedin,Versuchsingenieur Gesamtfahrzeug (m/w/d) Schwerpunkt Elektromobilität (BEV),Bertrandt Group,"Munich, Bavaria, Germany",2026-08-13,https://www.linkedin.com/jobs/view/4453203366 , ,li-4453203366,fulltime,,,,,,False,entry level,Engineering and Information Technology,,,Engineering Services,https://de.linkedin.com/company/bertrandt-ag,,,,,,,,,,,
linkedin,Technischer Zeichner (m/w/d) Produktdesigner (m/w/d),mamgo | Talente 🔗 Jobs,"Lennestadt, North Rhine-Westphalia, Germany",2026-08-13,https://www.linkedin.com/jobs/view/4453696571 , ,li-4453696571,fulltime,,,,,,False,entry level,"Design, Art/Creative, and Information Technology",,,"Technology, Information and Internet",https://de.linkedin.com/company/mamgo-io,,,,,,,,,,,
linkedin,Test Engineer (m/w/d) Electrification HV,SEG Automotive,"Stuttgart, Baden-Württemberg, Germany",2026-08-13,https://www.linkedin.com/jobs/view/4446802409 , ,li-4446802409,fulltime,,,,,,False,associate,Engineering,,,Motor Vehicle Parts Manufacturing,https://de.linkedin.com/company/segautomotive,,,,,,,,,,,
linkedin,Projektingenieur Konstruktion (m/w/d),Spheros Group,"Gilching, Bavaria, Germany",2026-08-12,https://www.linkedin.com/jobs/view/4453090357 , ,li-4453090357,fulltime,,,,,,False,mid-senior level,Manufacturing,,lendita.alijaj@spheros.com,Manufacturing,https://de.linkedin.com/company/spheros-group,,,,,,,,,,,
linkedin,Design Engineer III,Regal Rexnord,"Waldenburg, Baden-Württemberg, Germany",2026-08-12,https://www.linkedin.com/jobs/view/4434342199 , ,li-4434342199,fulltime,,,,,,True,mid-senior level,Engineering and Information Technology,,,"Electric Power Transmission, Control, and Distribution",https://www.linkedin.com/company/regal-rexnord,,,,,,,,,,,
linkedin,Application Engineer for ADAS,T&S (Technology & Strategy),,2026-08-12,https://www.linkedin.com/jobs/view/4453140673 , ,li-4453140673,fulltime,,,,,,False,associate,Engineering,,,Engineering Services,https://fr.linkedin.com/company/technology-&-strategy-t&s-,,,,,,,,,,,
linkedin,"Guidance, Navigation and Control Engineer (m/f/d)",Cambridge Aerospace,"Munich, Bavaria, Germany",2026-08-12,https://www.linkedin.com/jobs/view/4453093500 , ,li-4453093500,fulltime,,,,,,False,associate,Engineering,,,Defense and Space Manufacturing,https://www.linkedin.com/company/cambridgeaerospace,,,,,,,,,,,
linkedin,Projektingenieur Fahrzeugtechnik (m/w/d),Oehmichen & Bürgers Industrieplanung GmbH,"Düsseldorf, North Rhine-Westphalia, Germany",2026-08-12,https://www.linkedin.com/jobs/view/4453143461 , ,li-4453143461,fulltime,,,,,,False,entry level,Engineering and Information Technology,,,Engineering Services,https://de.linkedin.com/company/oub,,,,,,,,,,,
linkedin,Senior Data Engineer - Streaming Analytics (f/m/d),Volkswagen Group,"Ingolstadt, Bavaria, Germany",2026-08-12,https://www.linkedin.com/jobs/view/4452721884 , ,li-4452721884,temporary,,,,,,True,mid-senior level,Information Technology,,"careers@cariad.technology, careers@cariad.technology",Motor Vehicle Manufacturing,https://de.linkedin.com/company/volkswagen-group,,,,,,,,,,,
linkedin,Konstrukteur / Mechanical Design Engineer (m/f/d),Dauch,"Zell am Harmersbach, Baden-Württemberg, Germany",2026-08-12,https://www.linkedin.com/jobs/view/4425078606 , ,li-4425078606,fulltime,,,,,,False,mid-senior level,Engineering and Manufacturing,,,Manufacturing,https://www.linkedin.com/company/dauchcorp,,,,,,,,,,,
linkedin,Data Engineer,Wayve,"Leonberg, Baden-Württemberg, Germany",2026-08-12,https://www.linkedin.com/jobs/view/4441046592 , ,li-4441046592,fulltime,,,,,,False,entry level,Information Technology,,,Software Development,https://uk.linkedin.com/company/wayve-technologies,,,,,,,,,,,
linkedin,Senior Development Engineer (m/f/d),Mühlbauer Group,"Roding, Bavaria, Germany",2026-08-12,https://www.linkedin.com/jobs/view/4452705919 , ,li-4452705919,temporary,,,,,,False,mid-senior level,Engineering and Information Technology,,,Machinery Manufacturing,https://de.linkedin.com/company/muhlbauer-group,,,,,,,,,,,
linkedin,Engineering Expert – Post-Processing Technology (Washing & Drying),Zellerfeld Shoe Company Inc.,"Hamburg, Hamburg, Germany",2026-08-12,https://www.linkedin.com/jobs/view/4453059994 , ,li-4453059994,fulltime,,,,,,False,mid-senior level,Other,,,Retail Apparel and Fashion,https://de.linkedin.com/company/zellerfeld-inc,,,,,,,,,,,
linkedin,Senior Test Engineer - Autonomous Driving,NVIDIA,"Munich, Bavaria, Germany",2026-08-12,https://www.linkedin.com/jobs/view/4434184654 , ,li-4434184654,fulltime,,,,,,False,mid-senior level,Engineering,,,Computer Hardware Manufacturing,https://www.linkedin.com/company/nvidia,,,,,,,,,,,
linkedin,Konstrukteur:in,REIKAN GROUP,"Dresden, Saxony, Germany",2026-08-12,https://www.linkedin.com/jobs/view/4453074971 , ,li-4453074971,fulltime,,,,,,False,associate,Engineering and Production,,personal@reikan.de,"Machinery Manufacturing, Environmental Services, and Engineering Services",https://de.linkedin.com/company/reikan-group,,,,,,,,,,,
linkedin,Konstruktionsingenieur (w/m/d),Innomotics,"Nuremberg, Bavaria, Germany",2026-08-12,https://www.linkedin.com/jobs/view/4450124938 , ,li-4450124938,fulltime,,,,,,False,entry level,Engineering and Information Technology,,in.career.de@innomotics.com,Machinery Manufacturing,https://de.linkedin.com/company/innomotics,,,,,,,,,,,
linkedin,Principal Analog Engineer - Intelligent Power Devices,Renesas Electronics,"Munich, Bavaria, Germany",2026-08-12,https://www.linkedin.com/jobs/view/4431568531 , ,li-4431568531,fulltime,,,,,,True,mid-senior level,Manufacturing,,,Semiconductor Manufacturing,https://jp.linkedin.com/company/renesas,,,,,,,,,,,
linkedin,Jena-Optronik GmbH (Thür): MAIV-Engineer,Airbus,"Jena, Thuringia, Germany",2026-08-12,https://www.linkedin.com/jobs/view/4453002692 , ,li-4453002692,fulltime,,,,,,False,mid-senior level,Engineering and Information Technology,,emsom@airbus.com,Aviation and Aerospace Component Manufacturing,https://fr.linkedin.com/company/airbusgroup,,,,,,,,,,,
linkedin,X-Segment Physics Engineer (all genders),Philips,"Hamburg, Hamburg, Germany",2026-08-12,https://www.linkedin.com/jobs/view/4452725873 , ,li-4452725873,fulltime,,,,,,False,mid-senior level,Engineering and Information Technology,,,Hospitals and Health Care,https://nl.linkedin.com/company/philips,,,,,,,,,,,
linkedin,Application Engineer,AXONNE,"Hamburg, Germany",2026-08-12,https://www.linkedin.com/jobs/view/4450158896 , ,li-4450158896,fulltime,,,,,,False,associate,Engineering,,,Semiconductor Manufacturing and Computer Networking Products,https://www.linkedin.com/company/axonne,,,,,,,,,,,
linkedin,Konstrukteur Apparatebau (m/w/d),PAN Personalvermittlung & Beratung,"Berlin, Berlin, Germany",2026-08-12,https://www.linkedin.com/jobs/view/4452742831 , ,li-4452742831,fulltime,,,,,,False,entry level,Engineering,,,Education Administration Programs,https://www.linkedin.com/company/pan-personalvermittlung-&-beratung,,,,,,,,,,,
linkedin,Azubi (m/w/d) als Technischer Produktdesigner,IPROTEC GmbH,"Zwiesel, Bavaria, Germany",2026-08-12,https://www.linkedin.com/jobs/view/4452396443 , ,li-4452396443,fulltime,,,,,,False,internship,"Design, Art/Creative, and Information Technology",,,Machinery Manufacturing,https://de.linkedin.com/company/iprotec-gmbh-zwiesel,,,,,,,,,,,
linkedin,Product Engineer (Adjacent Markets) (f/m/d),Versigent,"Böblingen, Baden-Württemberg, Germany",2026-08-12,https://www.linkedin.com/jobs/view/4416225970 , ,li-4416225970,fulltime,,,,,,False,mid-senior level,Engineering and Information Technology,,,Manufacturing,https://www.linkedin.com/company/versigent,,,,,,,,,,,
linkedin,Product Engineer (Adjacent Markets) (f/m/d),Versigent,"Wolfsburg, Lower Saxony, Germany",2026-08-12,https://www.linkedin.com/jobs/view/4416228992 , ,li-4416228992,fulltime,,,,,,False,mid-senior level,Engineering and Information Technology,,,Manufacturing,https://www.linkedin.com/company/versigent,,,,,,,,,,,
linkedin,Senior Product Application Engineer,Danfoss,"Hamburg, Hamburg, Germany",2026-08-12,https://www.linkedin.com/jobs/view/4443792211 , ,li-4443792211,fulltime,,,,,,False,mid-senior level,Research and Engineering,,,Industrial Machinery Manufacturing,https://dk.linkedin.com/company/danfoss,,,,,,,,,,,
linkedin,Product Engineer (Adjacent Markets) (f/m/d),Versigent,"Unterschleißheim, Bavaria, Germany",2026-08-12,https://www.linkedin.com/jobs/view/4416239160 , ,li-4416239160,fulltime,,,,,,False,mid-senior level,Engineering and Information Technology,,,Manufacturing,https://www.linkedin.com/company/versigent,,,,,,,,,,,
linkedin,(Sr.) ENGINEER FOR BUSHING ENGINEERING DESIGN (M/F/D),Hyundai Motor Europe Technical Center GmbH,"Rüsselsheim, Hesse, Germany",2026-08-12,https://www.linkedin.com/jobs/view/4352253426 , ,li-4352253426,fulltime,,,,,,False,mid-senior level,Engineering and Information Technology,,,Motor Vehicle Manufacturing,https://de.linkedin.com/company/hyundaimotoreuropetechnicalcentergmbh,,,,,,,,,,,
linkedin,Senior BESS Ingenieur (w/m/d),Uniper,"Hannover, Lower Saxony, Germany",2026-08-12,https://www.linkedin.com/jobs/view/4453366936 , ,li-4453366936,fulltime,,,,,,False,mid-senior level,Engineering,,,Utilities,https://de.linkedin.com/company/uniper-se,,,,,,,,,,,
linkedin,Design Engineer (m/f/d),NAXCON GROUP,"Düsseldorf, North Rhine-Westphalia, Germany",2026-08-12,https://www.linkedin.com/jobs/view/4453383219 , ,li-4453383219,fulltime,,,,,,False,mid-senior level,Engineering and Information Technology,,,IT Services and IT Consulting,https://de.linkedin.com/company/naxcon,,,,,,,,,,,
linkedin,Design Engineer,Westinghouse Electric Company,"Mannheim, Baden-Württemberg, Germany",2026-08-12,https://www.linkedin.com/jobs/view/4425254743 , ,li-4425254743,fulltime,,,,,,True,entry level,Engineering and Information Technology,,,Utilities,https://www.linkedin.com/company/westinghouse-electric-company,,,,,,,,,,,
linkedin,Intelligent Power Devices Expert (Principal Analog Engineer),Renesas Electronics,"Düsseldorf, North Rhine-Westphalia, Germany",2026-08-12,https://www.linkedin.com/jobs/view/4431574496 , ,li-4431574496,fulltime,,,,,,True,mid-senior level,Engineering,,,Semiconductor Manufacturing,https://jp.linkedin.com/company/renesas,,,,,,,,,,,
linkedin,Test Engineer - Power Electronics (m/w/x),K-tronik GmbH,"Nuremberg, Bavaria, Germany",2026-08-12,https://www.linkedin.com/jobs/view/4450104311 , ,li-4450104311,fulltime,,,,,,False,associate,Engineering,,,IT Services and IT Consulting,https://de.linkedin.com/company/k-tronik-gmbh,,,,,,,,,,,
linkedin,Entwickler:in Maschinenbau oder Mechatronik (m/w/d),Prefiro,"Karlsruhe, Baden-Württemberg, Germany",2026-08-12,https://www.linkedin.com/jobs/view/4450136169 , ,li-4450136169,contract,,,,,,False,associate,Engineering,,,Manufacturing,https://de.linkedin.com/company/prefiroprecisionfarming,,,,,,,,,,,
linkedin,Projektingenieur:in,amaxo GmbH,"Munich, Bavaria, Germany",2026-08-12,https://www.linkedin.com/jobs/view/4452391386 , ,li-4452391386,fulltime,,,,,,False,associate,Strategy/Planning,,yannick.weiss@amaxo.de,Machinery Manufacturing,https://de.linkedin.com/company/amaxo-gmbh,,,,,,,,,,,
linkedin,Supplier Quality Engineer (w/m/d) Metallteile,Siemens,"Munich, Bavaria, Germany",2026-08-12,https://www.linkedin.com/jobs/view/4452726559 , ,li-4452726559,fulltime,,,,,,False,mid-senior level,Quality Assurance,,,Automation Machinery Manufacturing,https://de.linkedin.com/company/siemens,,,,,,,,,,,
linkedin,PLM Engineer,CLEVR,"Hamburg, Germany",2026-08-12,https://www.linkedin.com/jobs/view/4452393726 , ,li-4452393726,fulltime,,,,,,False,entry level,"Engineering, Consulting, and Information Technology",,jobs@clevr.com,"IT Services and IT Consulting, Civil Engineering, and Engineering Services",https://nl.linkedin.com/company/clevrsolutions,,,,,,,,,,,
linkedin,After Sales Engineer,Gotion,"Göttingen, Lower Saxony, Germany",2026-08-12,https://www.linkedin.com/jobs/view/4453073637 , ,li-4453073637,fulltime,,,,,,False,mid-senior level,Engineering,,,Manufacturing,https://id.linkedin.com/company/gotion-high-tech-indonesia-factory,,,,,,,,,,,
linkedin,Duales Studium Bachelor of Engineering Maschinenbau 2027,Voith Turbo,"Crailsheim, Baden-Württemberg, Germany",2026-08-12,https://www.linkedin.com/jobs/view/4450219870 , ,li-4450219870,fulltime,,,,,,False,internship,Engineering and Information Technology,,,Machinery Manufacturing,https://de.linkedin.com/company/voith-turbo,,,,,,,,,,,
linkedin,Space Mechanisms Engineer,Large Space Structures GmbH,"Garching, Bavaria, Germany",2026-08-12,https://www.linkedin.com/jobs/view/4450157374 , ,li-4450157374,fulltime,,,,,,False,mid-senior level,Engineering,,,Government Administration,https://de.linkedin.com/company/largespace,,,,,,,,,,,
linkedin,Orbital Systems Mechanical Design Engineer (m/f/d),deltaVision - fluid control & aerospace,"Munich, Bavaria, Germany",2026-08-12,https://www.linkedin.com/jobs/view/4450129449 , ,li-4450129449,fulltime,,,,,,False,associate,Engineering,,,Aviation and Aerospace Component Manufacturing,https://de.linkedin.com/company/deltavision-fluid-control-aerospace,,,,,,,,,,,
linkedin,Konstruktionsingenieur / Serienbetreuer Konstruktion (m/w/d),CAPERA-Consulting,,2026-08-12,https://www.linkedin.com/jobs/view/4452395725 , ,li-4452395725,fulltime,,,,,,False,associate,Production and Manufacturing,,cv@capera.de,Measuring and Control Instrument Manufacturing,https://de.linkedin.com/company/capera-gruppe,,,,,,,,,,,
linkedin,Entwicklungsingenieur CAx & DMU (M/W/D),T&S (Technology & Strategy),,2026-08-12,https://www.linkedin.com/jobs/view/4453108576 , ,li-4453108576,fulltime,,,,,,False,associate,Engineering,,,IT Services and IT Consulting and Engineering Services,https://fr.linkedin.com/company/technology-&-strategy-t&s-,,,,,,,,,,,
linkedin,Electrical Engineer (m/w/d),Bertrandt Group,"Munich, Bavaria, Germany",2026-08-12,https://www.linkedin.com/jobs/view/4451189817 , ,li-4451189817,fulltime,,,,,,False,entry level,Engineering and Information Technology,,,Engineering Services,https://de.linkedin.com/company/bertrandt-ag,,,,,,,,,,,
linkedin,Technischer Produktdesigner (m/w/d) Fachrichtung Maschinen- und Anlagenkonstruktion,ENTRAK GmbH,"Finsterwalde, Brandenburg, Germany",2026-08-12,https://www.linkedin.com/jobs/view/4451966795 , ,li-4451966795,fulltime,,,,,,False,entry level,"Design, Art/Creative, and Information Technology",,"info@glsupport.de, karriere@fimag.de",Aviation and Aerospace Component Manufacturing,https://de.linkedin.com/company/entrak-gmbh-&-co-kg,,,,,,,,,,,
linkedin,Director (m/f/d) Product Design,BIRKENSTOCK,"Cologne, North Rhine-Westphalia, Germany",2026-08-12,https://www.linkedin.com/jobs/view/4435130443 , ,li-4435130443,fulltime,,,,,,False,director,Product Management and Marketing,,,Retail Apparel and Fashion,https://de.linkedin.com/company/birkenstock-deutschland,,,,,,,,,,,
linkedin,Electronics Engineer (m/f/d),Agile Robots SE,"Munich, Bavaria, Germany",2026-08-12,https://www.linkedin.com/jobs/view/4450170091 , ,li-4450170091,fulltime,,,,,,False,entry level,Engineering,,,"Robotics Engineering, Robot Manufacturing, and Software Development",https://de.linkedin.com/company/agile-robots-se,,,,,,,,,,,
linkedin,Customer Integration Engineer,Wayve,"Leonberg, Baden-Württemberg, Germany",2026-08-11,https://www.linkedin.com/jobs/view/4449860359 , ,li-4449860359,fulltime,,,,,,False,entry level,Engineering and Information Technology,,,Software Development,https://uk.linkedin.com/company/wayve-technologies,,,,,,,,,,,
linkedin,Process Engineer (f/m/d) for GT Auxiliary Systems with SAP expertise,Siemens Energy,"Erlangen, Bavaria, Germany",2026-08-11,https://www.linkedin.com/jobs/view/4451923160 , ,li-4451923160,fulltime,,,,,,True,entry level,Engineering,,,"Appliances, Electrical, and Electronics Manufacturing",https://www.linkedin.com/company/siemens-energy,,,,,,,,,,,
linkedin,Maschinenkonstrukteur (m/w/d) Turbokompressoren,AERZEN worldwide,"Leipzig, Saxony, Germany",2026-08-11,https://www.linkedin.com/jobs/view/4451661360 , ,li-4451661360,fulltime,,,,,,False,entry level,Engineering and Information Technology,,,Machinery Manufacturing,https://de.linkedin.com/company/aerzen-worldwide,,,,,,,,,,,
linkedin,Vorrichtungskonstrukteur (m/w/d),TKMS,"Kiel, Schleswig-Holstein, Germany",2026-08-11,https://www.linkedin.com/jobs/view/4449859059 , ,li-4449859059,fulltime,,,,,,False,mid-senior level,Manufacturing,,,Utilities,https://de.linkedin.com/company/tkms,,,,,,,,,,,
linkedin,Konstrukteur (m/w/d) Sondermaschinenbau,SCHMID GROUP,"Sonnenbühl, Baden-Württemberg, Germany",2026-08-11,https://www.linkedin.com/jobs/view/4445509246 , ,li-4445509246,fulltime,,,,,,False,entry level,Engineering and Writing/Editing,,,Machinery Manufacturing,https://de.linkedin.com/company/schmidgruppe-sonnenbuehl,,,,,,,,,,,
linkedin,Ingenieure (m/w/d) CAD-Konstruktion,Oehmichen & Bürgers Industrieplanung GmbH,"Düsseldorf, North Rhine-Westphalia, Germany",2026-08-11,https://www.linkedin.com/jobs/view/4452471845 , ,li-4452471845,fulltime,,,,,,False,entry level,"Design, Art/Creative, and Information Technology",,,Engineering Services,https://de.linkedin.com/company/oub,,,,,,,,,,,
linkedin,Research Engineer (m/f/d),Siemens Energy,"Nuremberg, Bavaria, Germany",2026-08-11,https://www.linkedin.com/jobs/view/4451914273 , ,li-4451914273,fulltime,,,,,,True,mid-senior level,Research,,,"Appliances, Electrical, and Electronics Manufacturing",https://www.linkedin.com/company/siemens-energy,,,,,,,,,,,
linkedin,"Senior Test Engineer, Amazon Robotics",Amazon,"Munich, Bavaria, Germany",2026-08-11,https://www.linkedin.com/jobs/view/4443021936 , ,li-4443021936,fulltime,,,,,,False,mid-senior level,Manufacturing and Engineering,,,Software Development,https://www.linkedin.com/company/amazon,,,,,,,,,,,
linkedin,Mitarbeiter Entwicklung (m/w/d),REVCON,"Bönen, North Rhine-Westphalia, Germany",2026-08-11,https://www.linkedin.com/jobs/view/4452181777 , ,li-4452181777,fulltime,,,,,,False,entry level,Sales,,,Warehousing and Storage,https://de.linkedin.com/company/revcon,,,,,,,,,,,
linkedin,Automotive System Test Engineer,T&S (Technology & Strategy),,2026-08-11,https://www.linkedin.com/jobs/view/4452460975 , ,li-4452460975,fulltime,,,,,,False,associate,Engineering,,,Engineering Services,https://fr.linkedin.com/company/technology-&-strategy-t&s-,,,,,,,,,,,
linkedin,Senior Mechanical Engineer I,CesiumAstro,"Munich, Bavaria, Germany",2026-08-11,https://www.linkedin.com/jobs/view/4452619113 , ,li-4452619113,fulltime,,,,,,False,mid-senior level,Engineering and Information Technology,,,Defense and Space Manufacturing,https://www.linkedin.com/company/cesiumastro,,,,,,,,,,,
linkedin,Entwicklungsingenieur HW Systems Engineering Steuergeräteentwicklung (m/w/d),EDAG Group,"Munich, Bavaria, Germany",2026-08-11,https://www.linkedin.com/jobs/view/4451945163 , ,li-4451945163,fulltime,,,,,,False,mid-senior level,Engineering and Information Technology,,,Engineering Services,https://de.linkedin.com/company/edaggroup,,,,,,,,,,,
linkedin,R&D Engineer / Scientist / Developer,Leybold,"Cologne, North Rhine-Westphalia, Germany",2026-08-11,https://www.linkedin.com/jobs/view/4451903665 , ,li-4451903665,fulltime,,,,,,False,not applicable,Engineering and Information Technology,,david.gabriel@atlascopco.com,Machinery Manufacturing,https://de.linkedin.com/company/leybold-vacuum,,,,,,,,,,,
linkedin,Mechanical Systems Integration Engineer - Focus Air Conditioning / ATA 21 (d/m/w),Airbus Defence and Space,"Bremen, Bremen, Germany",2026-08-11,https://www.linkedin.com/jobs/view/4440412876 , ,li-4440412876,fulltime,,,,,,False,mid-senior level,Quality Assurance,,emsom@airbus.com,Defense and Space Manufacturing,https://www.linkedin.com/company/airbus-defence-and-space,,,,,,,,,,,
linkedin,"Systems Engineer Exploration, Space Safety and Space Transportation (m/f/d)",OHB SE,"Bremen, Bremen, Germany",2026-08-11,https://www.linkedin.com/jobs/view/4452431927 , ,li-4452431927,fulltime,,,,,,False,not applicable,Engineering,,,Aviation and Aerospace Component Manufacturing,https://de.linkedin.com/company/ohb-se,,,,,,,,,,,
linkedin,Research Engineer (m/f/d),Siemens Energy,"Berlin, Berlin, Germany",2026-08-11,https://www.linkedin.com/jobs/view/4451921233 , ,li-4451921233,fulltime,,,,,,True,mid-senior level,Research,,,"Appliances, Electrical, and Electronics Manufacturing",https://www.linkedin.com/company/siemens-energy,,,,,,,,,,,
linkedin,Project Engineer - Automated Systems,EUROGATE Group,"Hamburg, Germany",2026-08-11,https://www.linkedin.com/jobs/view/4451643549 , ,li-4451643549,fulltime,,,,,,False,associate,Project Management,,,"Transportation, Logistics, Supply Chain and Storage and Automation Machinery Manufacturing",https://de.linkedin.com/company/eurogate-gmbh-&-co-kgaa-kg,,,,,,,,,,,
linkedin,Technical Lead Hardware Design (f/m/d),Munich Electrification,"Munich, Bavaria, Germany",2026-08-11,https://www.linkedin.com/jobs/view/4449872348 , ,li-4449872348,fulltime,,,,,,False,mid-senior level,Information Technology,,,"Appliances, Electrical, and Electronics Manufacturing",https://de.linkedin.com/company/munichelectrification,,,,,,,,,,,
linkedin,Engineer (f/m/d) - Adaptive Optics Technologies for Free-Space Optical Communication,German Aerospace Center (DLR),"Oberpfaffenhofen, Bavaria, Germany",2026-08-11,https://www.linkedin.com/jobs/view/4450687881 , ,li-4450687881,fulltime,,,,,,False,mid-senior level,Engineering and Information Technology,,,Research Services,https://de.linkedin.com/company/dlr,,,,,,,,,,,
linkedin,Senior Engineer Embedded AI (f/m/d),Aptiv,"Wuppertal, North Rhine-Westphalia, Germany",2026-08-11,https://www.linkedin.com/jobs/view/4452470581 , ,li-4452470581,fulltime,,,,,,False,not applicable,Engineering and Information Technology,,,Software Development,https://ch.linkedin.com/company/aptiv,,,,,,,,,,,
linkedin,Avionics Equipment Engineer - Aircraft General Systems (d/f/m),Airbus Defence and Space,"Manching, Bavaria, Germany",2026-08-11,https://www.linkedin.com/jobs/view/4410134327 , ,li-4410134327,parttime,,,,,,False,mid-senior level,Management and Manufacturing,,emsom@airbus.com,Defense and Space Manufacturing,https://www.linkedin.com/company/airbus-defence-and-space,,,,,,,,,,,
linkedin,Systemingenieur (m/w/d) mit operationellem Fokus auf Layered Air Defence,Diehl Defence,"Ulm, Baden-Württemberg, Germany",2026-08-11,https://www.linkedin.com/jobs/view/4449867847 , ,li-4449867847,fulltime,,,,,,False,mid-senior level,Information Technology,,,Defense and Space Manufacturing,https://de.linkedin.com/company/diehl-defence,,,,,,,,,,,
linkedin,NPI manager - Product Lifecycle Management (PLM) (f/m/d),Munich Electrification,"Munich, Bavaria, Germany",2026-08-11,https://www.linkedin.com/jobs/view/4428282072 , ,li-4428282072,fulltime,,,,,,False,mid-senior level,Engineering and Information Technology,,,"Appliances, Electrical, and Electronics Manufacturing",https://de.linkedin.com/company/munichelectrification,,,,,,,,,,,
linkedin,5G Software Integration Engineer (m/f/d),RIEDEL Communications,"Wuppertal, North Rhine-Westphalia, Germany",2026-08-11,https://www.linkedin.com/jobs/view/4446788860 , ,li-4446788860,fulltime,,,,,,False,mid-senior level,Information Technology and Engineering,,,"Broadcast Media Production and Distribution, Technology, Information and Media, and Embedded Software Products",https://de.linkedin.com/company/riedel-communications,,,,,,,,,,,
linkedin,Kfz-Prüfingenieur (m/w/d),IGEFA Engenieering Service Cmp.,"Bremen, Bremen, Germany",2026-08-11,https://www.linkedin.com/jobs/view/4449833716 , ,li-4449833716,parttime,,,,,,False,mid-senior level,Engineering,,,Motor Vehicle Manufacturing,https://de.linkedin.com/company/igefa-ingenieurgemeinschaft-f%C3%BCr-fahrzeugtechnik-gmbh,,,,,,,,,,,
linkedin,Expert Engineer Innovation & Technology (m/f/d),Nordex Group,"Rostock, Mecklenburg-West Pomerania, Germany",2026-08-11,https://www.linkedin.com/jobs/view/4451899756 , ,li-4451899756,fulltime,,,,,,False,mid-senior level,Engineering and Information Technology,,,Renewable Energy Equipment Manufacturing,https://de.linkedin.com/company/nordex,,,,,,,,,,,
linkedin,Process Engineer (f/m/d) for GT Auxiliary Systems with SAP expertise,Siemens Energy,"Frankfurt, Hesse, Germany",2026-08-11,https://www.linkedin.com/jobs/view/4451907342 , ,li-4451907342,fulltime,,,,,,True,entry level,Engineering,,,"Appliances, Electrical, and Electronics Manufacturing",https://www.linkedin.com/company/siemens-energy,,,,,,,,,,,
linkedin,Vehicle Quality manager,Chery Europe GmbH,"Raunheim, Hesse, Germany",2026-08-11,https://www.linkedin.com/jobs/view/4452484078 , ,li-4452484078,fulltime,,,,,,False,mid-senior level,Engineering,,,Market Research,https://de.linkedin.com/company/chery-europe-gmbh,,,,,,,,,,,
linkedin,Demonstrator-/Systemintegrateur - holografische Setups (m/w/x),ZEISS Group,"Jena, Thuringia, Germany",2026-08-11,https://www.linkedin.com/jobs/view/4452199514 , ,li-4452199514,fulltime,,,,,,False,not applicable,Project Management and Other,,,"Appliances, Electrical, and Electronics Manufacturing",https://de.linkedin.com/company/zeiss,,,,,,,,,,,
linkedin,Vehicle Systems Architect (m/f/d),ROSA Experts AG & Co. KG,,2026-08-11,https://www.linkedin.com/jobs/view/4451631542 , ,li-4451631542,fulltime,,,,,,False,associate,Engineering and Other,,,Machinery Manufacturing,https://de.linkedin.com/company/rosa-experts-ag-&-co.-kg,,,,,,,,,,,
linkedin,"Senior Systems Engineer Control Systems & Mechatronics, Amazon Robotics",Amazon,"Munich, Bavaria, Germany",2026-08-11,https://www.linkedin.com/jobs/view/4443042914 , ,li-4443042914,fulltime,,,,,,False,mid-senior level,"Quality Assurance, Information Technology, and Engineering",,,Software Development,https://www.linkedin.com/company/amazon,,,,,,,,,,,
linkedin,Senior Principal Discipline Engineer (m/f/d),Valeo,"Bietigheim-Bissingen, Baden-Württemberg, Germany",2026-08-11,https://www.linkedin.com/jobs/view/4452436892 , ,li-4452436892,fulltime,,,,,,False,mid-senior level,Education and Training,,Alessa.Knapp@valeo.com,Motor Vehicle Parts Manufacturing,https://fr.linkedin.com/company/valeo,,,,,,,,,,,
linkedin,Dynamic Wireless Power Transfer System Engineer (m/f/d) – Requirements Focus,DENSO Europe,"Wegberg, North Rhine-Westphalia, Germany",2026-08-11,https://www.linkedin.com/jobs/view/4451661921 , ,li-4451661921,fulltime,,,,,,True,mid-senior level,Engineering and Information Technology,,,Automotive,https://nl.linkedin.com/company/densoeurope,,,,,,,,,,,
linkedin,Principal Expert–Robotics Motion Control,Inovance,"Pleidelsheim, Baden-Württemberg, Germany",2026-08-11,https://www.linkedin.com/jobs/view/4451621149 , ,li-4451621149,fulltime,,,,,,False,mid-senior level,Engineering and Research,,,Automation Machinery Manufacturing and Robotics Engineering,https://de.linkedin.com/company/inovance,,,,,,,,,,,
linkedin,Entwicklungsingenieur Passive Sicherheit - Fußgängerschutz (m/w/d),EDAG Group,"Ingolstadt, Bavaria, Germany",2026-08-11,https://www.linkedin.com/jobs/view/4451940251 , ,li-4451940251,fulltime,,,,,,False,mid-senior level,Engineering and Information Technology,,,Engineering Services,https://de.linkedin.com/company/edaggroup,,,,,,,,,,,
linkedin,Vibration Test Specialist (m/w/d),Rheinmetall,"Neuss, North Rhine-Westphalia, Germany",2026-08-11,https://www.linkedin.com/jobs/view/4449843298 , ,li-4449843298,fulltime,,,,,,False,mid-senior level,Quality Assurance,,,Defense and Space Manufacturing,https://de.linkedin.com/company/rheinmetall,,,,,,,,,,,
linkedin,Bauteilverantwortlicher in der Rohbauentwicklung,Hays,,2026-08-11,https://www.linkedin.com/jobs/view/4452429771 , ,li-4452429771,fulltime,,,,,,False,associate,Engineering,,,Automation Machinery Manufacturing,https://uk.linkedin.com/company/hays,,,,,,,,,,,
linkedin,Team Lead Data Science (m/w/d) – Industrial & Automotive Consulting,DRIVE Consulting,"Aachen, North Rhine-Westphalia, Germany",2026-08-11,https://www.linkedin.com/jobs/view/4420115403 , ,li-4420115403,fulltime,,,,,,False,mid-senior level,Management and Manufacturing,,,Business Consulting and Services,https://de.linkedin.com/company/drive-consulting-de,,,,,,,,,,,
linkedin,Data Analyst (m/w/d) – Industrial & Automotive Consulting,DRIVE Consulting,"Munich, Bavaria, Germany",2026-08-11,https://www.linkedin.com/jobs/view/4420100634 , ,li-4420100634,fulltime,,,,,,False,entry level,Information Technology,,,Business Consulting and Services,https://de.linkedin.com/company/drive-consulting-de,,,,,,,,,,,
linkedin,Process & Manufacturing Engineer (m/w/d),LEONHARD KURZ,"Sulzbach-Rosenberg, Bavaria, Germany",2026-08-11,https://www.linkedin.com/jobs/view/4451477782 , ,li-4451477782,fulltime,,,,,,False,mid-senior level,Engineering and Information Technology,,,Chemical Manufacturing,https://de.linkedin.com/company/leonhard-kurz-stiftung-co-kg,,,,,,,,,,,
linkedin,(Senior) Engineer – Vehicle Dynamics & Chassis,Chery Europe GmbH,"Raunheim, Hesse, Germany",2026-08-11,https://www.linkedin.com/jobs/view/4452483070 , ,li-4452483070,fulltime,,,,,,False,associate,Engineering,,,Motor Vehicle Manufacturing,https://de.linkedin.com/company/chery-europe-gmbh,,,,,,,,,,,
linkedin,Projektingenieur Simulation CAE (m/w/d),EDAG Group,"Cologne, North Rhine-Westphalia, Germany",2026-08-11,https://www.linkedin.com/jobs/view/4451948141 , ,li-4451948141,fulltime,,,,,,False,mid-senior level,Engineering and Information Technology,,,Engineering Services,https://de.linkedin.com/company/edaggroup,,,,,,,,,,,
linkedin,Ingenieur Fahrzeugakustik (m/w/d),EDAG Group,"Wolfsburg, Lower Saxony, Germany",2026-08-11,https://www.linkedin.com/jobs/view/4451936281 , ,li-4451936281,fulltime,,,,,,False,entry level,Engineering and Information Technology,,,Engineering Services,https://de.linkedin.com/company/edaggroup,,,,,,,,,,,
linkedin,Senior Product Engineer CAE,Yanfeng,"Neuss, North Rhine-Westphalia, Germany",2026-08-11,https://www.linkedin.com/jobs/view/4451632855 , ,li-4451632855,fulltime,,,,,,False,mid-senior level,Engineering and Manufacturing,,,"Motor Vehicle Manufacturing, Motor Vehicle Parts Manufacturing, and Manufacturing",https://cn.linkedin.com/company/yanfeng-global,,,,,,,,,,,
linkedin,Technical Designer (m/f/d) – Mid Level – Sciences,Gensler,"Berlin, Berlin, Germany",2026-08-11,https://www.linkedin.com/jobs/view/4452403064 , ,li-4452403064,fulltime,,,,,,False,mid-senior level,"Design, Art/Creative, and Information Technology",,talentacquisition@gensler.com,Architecture and Planning,https://www.linkedin.com/company/gensler,,,,,,,,,,,
linkedin,Entwicklungsingenieur (m/w/d),Temco – Rieter Components Germany GmbH,"Hammelburg, Bavaria, Germany",2026-08-11,https://www.linkedin.com/jobs/view/4451612049 , ,li-4451612049,fulltime,,,,,,False,entry level,Research,,"bewerbung@temco.de, bewerbung@temco.de",Industrial Machinery Manufacturing,https://de.linkedin.com/company/temco,,,,,,,,,,,
linkedin,Entwicklungsingenieur Karosserie (m/w/d),emagine,"Stuttgart, Baden-Württemberg, Germany",2026-08-11,https://www.linkedin.com/jobs/view/4451928898 , ,li-4451928898,fulltime,,,,,,False,mid-senior level,Engineering and Information Technology,,,IT Services and IT Consulting,https://dk.linkedin.com/company/emagine,,,,,,,,,,,
linkedin,"Jr. - Mid. Industrial/Product Designer (m/f/d) - Munich, Germany",NIO,"Munich, Bavaria, Germany",2026-08-11,https://www.linkedin.com/jobs/view/4439849654 , ,li-4439849654,fulltime,,,,,,False,associate,Design,,eu.recruitment@nio.io,Motor Vehicle Manufacturing,https://cn.linkedin.com/company/nio,,,,,,,,,,,
linkedin,Color & Material Designer / CMF,Chery Europe GmbH,"Raunheim, Hesse, Germany",2026-08-11,https://www.linkedin.com/jobs/view/4452478170 , ,li-4452478170,fulltime,,,,,,False,associate,Design,,,Motor Vehicle Manufacturing,https://de.linkedin.com/company/chery-europe-gmbh,,,,,,,,,,,
linkedin,Technischer Produktdesigner Fahrzeugtechnik (m/w/d),Oehmichen & Bürgers Industrieplanung GmbH,"Düsseldorf, North Rhine-Westphalia, Germany",2026-08-11,https://www.linkedin.com/jobs/view/4452180386 , ,li-4452180386,fulltime,,,,,,False,entry level,"Design, Art/Creative, and Information Technology",,,Engineering Services,https://de.linkedin.com/company/oub,,,,,,,,,,,
linkedin,Structure Design Engineer - Berlin (all genders),Reflex Aerospace,"Berlin, Berlin, Germany",2026-08-11,https://www.linkedin.com/jobs/view/4449848940 , ,li-4449848940,fulltime,,,,,,False,associate,Engineering,,,Aviation and Aerospace Component Manufacturing,https://de.linkedin.com/company/reflex-aerospace,,,,,,,,,,,
linkedin,"Sr Mechanical Designer, Amazon Robotics",Amazon,"Munich, Bavaria, Germany",2026-08-11,https://www.linkedin.com/jobs/view/4443043801 , ,li-4443043801,fulltime,,,,,,False,mid-senior level,Manufacturing and Engineering,,,Software Development,https://www.linkedin.com/company/amazon,,,,,,,,,,,
linkedin,Maschinenbauingenieur (w/m/d) R&D,Siemens,"Frankfurt am Main, Hesse, Germany",2026-08-11,https://www.linkedin.com/jobs/view/4434133580 , ,li-4434133580,fulltime,,,,,,False,mid-senior level,Research,,,Automation Machinery Manufacturing,https://de.linkedin.com/company/siemens,,,,,,,,,,,
linkedin,Konstrukteur (m/w/d),Randstad Deutschland,"Kiel, Schleswig-Holstein, Germany",2026-08-11,https://www.linkedin.com/jobs/view/4440966275 , ,li-4440966275,fulltime,,,,,,False,mid-senior level,Management and Manufacturing,,,Human Resources Services,https://de.linkedin.com/company/randstad-deutschland,,,,,,,,,,,
linkedin,Lead Product Engineer,Methode Electronics,"Gau Algesheim, Rhineland-Palatinate, Germany",2026-08-11,https://www.linkedin.com/jobs/view/4451669127 , ,li-4451669127,fulltime,,,,,,False,mid-senior level,Manufacturing and Engineering,,,Motor Vehicle Manufacturing,https://www.linkedin.com/company/methode-electronics,,,,,,,,,,,
linkedin,Engineer Automotive MOSFET Development (f/m/div),Infineon Technologies,"Dresden, Saxony, Germany",2026-08-11,https://www.linkedin.com/jobs/view/4452455421 , ,li-4452455421,fulltime,,,,,,False,mid-senior level,Management and Manufacturing,,,"Semiconductor Manufacturing, Appliances, Electrical, and Electronics Manufacturing, and Computer Hardware Manufacturing",https://de.linkedin.com/company/infineon-technologies,,,,,,,,,,,
linkedin,Junior Ingenieure (m/w/d) Konstruktion &amp; Entwicklung,Oehmichen & Bürgers Industrieplanung GmbH,"Düsseldorf, North Rhine-Westphalia, Germany",2026-08-11,https://www.linkedin.com/jobs/view/4452486107 , ,li-4452486107,fulltime,,,,,,False,internship,Management and Manufacturing,,,Engineering Services,https://de.linkedin.com/company/oub,,,,,,,,,,,
linkedin,R&D Engineer – Metal Processing (all genders),Blackwave,"Taufkirchen, Bavaria, Germany",2026-08-11,https://www.linkedin.com/jobs/view/4427852161 , ,li-4427852161,fulltime,,,,,,False,entry level,Engineering and Information Technology,,,Aviation and Aerospace Component Manufacturing,https://de.linkedin.com/company/blackwave-gmbh,,,,,,,,,,,
linkedin,Manager (w/m/d) Gasturbinen Verbrennungssystemdesign,Siemens Energy,"Mülheim an der Ruhr, North Rhine-Westphalia, Germany",2026-08-11,https://www.linkedin.com/jobs/view/4451677264 , ,li-4451677264,fulltime,,,,,,True,mid-senior level,Engineering,,,"Appliances, Electrical, and Electronics Manufacturing",https://www.linkedin.com/company/siemens-energy,,,,,,,,,,,
linkedin,Ausbildung Technisches Produktdesign - Fachrichtung Maschinen- und Anlagenkonstruktion (m/w/d) 2027,Tesla Automation GmbH,"Reutlingen, Baden-Württemberg, Germany",2026-08-10,https://www.linkedin.com/jobs/view/4451544564 , ,li-4451544564,fulltime,,,,,,False,entry level,Other,,,"Motor Vehicle Manufacturing, Renewable Energy Semiconductor Manufacturing, and Utilities",https://de.linkedin.com/company/tesla-automation-gmbh,,,,,,,,,,,
linkedin,Tractor Power Shift Transmission Specialist,LOVOL GLOBAL,"Mannheim, Baden-Württemberg, Germany",2026-08-10,https://www.linkedin.com/jobs/view/4451194713 , ,li-4451194713,fulltime,,,,,,False,mid-senior level,Engineering and Information Technology,,,Machinery Manufacturing,https://cn.linkedin.com/company/weichailovolintelligentagriculture,,,,,,,,,,,
linkedin,Application Engineer for ADAS - global business trips (w/m/d) - with experience in ADAS testing + EU driving licence and prototype driving license,Luxoft Germany,"Bietigheim-Bissingen, Baden-Württemberg, Germany",2026-08-10,https://www.linkedin.com/jobs/view/4451587867 , ,li-4451587867,fulltime,,,,,,False,mid-senior level,Engineering,,,IT Services and IT Consulting,https://de.linkedin.com/company/luxoft-germany,,,,,,,,,,,
linkedin,Ausbildung zum technischen Produktdesigner (m/w/d),NKT,"Nordenham, Lower Saxony, Germany",2026-08-10,https://www.linkedin.com/jobs/view/4442070433 , ,li-4442070433,internship,,,,,,False,internship,"Design, Art/Creative, and Information Technology",,famke.darr@nkt.com,"Appliances, Electrical, and Electronics Manufacturing",https://dk.linkedin.com/company/nkt-cables,,,,,,,,,,,
linkedin,Optical Systems Architect - Hardware,Nokia,"Nuremberg, Bavaria, Germany",2026-08-10,https://www.linkedin.com/jobs/view/4383024837 , ,li-4383024837,fulltime,,,,,,False,not applicable,Engineering and Information Technology,,,IT Services and IT Consulting and Telecommunications,https://fi.linkedin.com/company/nokia,,,,,,,,,,,
linkedin,Ingenieurin/Ingenieur/Bachelor (w/m/d) im Bereich Straßenplanung und Entwurf,Land Niedersachsen,,2026-08-10,https://www.linkedin.com/jobs/view/4451177524 , ,li-4451177524,fulltime,,,,,,False,entry level,Engineering and Information Technology,,"-os@nlstbv.niedersachsen.de, matthias.ewerding@nlstbv.niedersachsen.de, alina.koller@nlstbv.niedersachsen.de",Government Administration,https://de.linkedin.com/company/arbeitgeber-niedersachsen,,,,,,,,,,,
linkedin,Mechanical Engineer Electric Machines (all genders) - eMoSys GmbH,MTU Aero Engines,"Munich, Bavaria, Germany",2026-08-10,https://www.linkedin.com/jobs/view/4451520621 , ,li-4451520621,fulltime,,,,,,False,mid-senior level,Engineering and Information Technology,,bewerbung@emosys.com,Aviation and Aerospace Component Manufacturing,https://de.linkedin.com/company/mtu-aero-engines,,,,,,,,,,,
linkedin,HTS Specialist (f/m/d),MAGNOTHERM,"Darmstadt, Hesse, Germany",2026-08-10,https://www.linkedin.com/jobs/view/4449809630 , ,li-4449809630,fulltime,,,,,,False,mid-senior level,Engineering,,,Oil and Gas,https://de.linkedin.com/company/magnotherm,,,,,,,,,,,
linkedin,Techniker Prototypenbau (all genders) - eMoSys GmbH,MTU Aero Engines,"Munich, Bavaria, Germany",2026-08-10,https://www.linkedin.com/jobs/view/4451504992 , ,li-4451504992,fulltime,,,,,,False,entry level,Management and Manufacturing,,bewerbung@emosys.com,Aviation and Aerospace Component Manufacturing,https://de.linkedin.com/company/mtu-aero-engines,,,,,,,,,,,
linkedin,Technischer Produktdesigner / Technischer Zeichner (m/w/d),Peter Huber Kältemaschinenbau SE,"Offenburg, Baden-Württemberg, Germany",2026-08-10,https://www.linkedin.com/jobs/view/4451393698 , ,li-4451393698,fulltime,,,,,,False,entry level,Other,,,IT Services and IT Consulting,https://de.linkedin.com/company/huber-inspiredbytemperature,,,,,,,,,,,
linkedin,Development Engineer (focus on 3D Printing/Components) (f/m/d),MAGNOTHERM,"Darmstadt, Hesse, Germany",2026-08-10,https://www.linkedin.com/jobs/view/4449807614 , ,li-4449807614,fulltime,,,,,,True,mid-senior level,Engineering,,,Industrial Machinery Manufacturing,https://de.linkedin.com/company/magnotherm,,,,,,,,,,,
linkedin,Senior Engineer for Peripherals (f/m/d),MAGNOTHERM,"Darmstadt, Hesse, Germany",2026-08-10,https://www.linkedin.com/jobs/view/4449814689 , ,li-4449814689,fulltime,,,,,,False,mid-senior level,Engineering,,,Oil and Gas,https://de.linkedin.com/company/magnotherm,,,,,,,,,,,
linkedin,Konstrukteur im Ladenbau (m/w/d),Vizona,"Weil am Rhein, Baden-Württemberg, Germany",2026-08-10,https://www.linkedin.com/jobs/view/4451514362 , ,li-4451514362,fulltime,,,,,,False,mid-senior level,Management and Manufacturing,,,Architecture and Planning,https://de.linkedin.com/company/vizona,,,,,,,,,,,
linkedin,Entwicklungsingenieur Automotive Interior (all gender) – Bauteilverantwortung & Serienentwicklung gg,ALTEN,"Stadt Landshut, Bavaria, Germany",2026-08-10,https://www.linkedin.com/jobs/view/4449538497 , ,li-4449538497,fulltime,,,,,,False,associate,"Engineering, Quality Assurance, and Information Technology",,,"Machinery Manufacturing, Aviation and Aerospace Component Manufacturing, and Motor Vehicle Manufacturing",https://fr.linkedin.com/company/alten,,,,,,,,,,,
linkedin,Maschinenbauingenieur (m/w/d),persona service,"Augsburg, Bavaria, Germany",2026-08-10,https://www.linkedin.com/jobs/view/4451143044 , ,li-4451143044,fulltime,,,,,,False,mid-senior level,Engineering and Information Technology,,nurcan.dastan@persona.de,Staffing and Recruiting,https://de.linkedin.com/company/persona-service,,,,,,,,,,,
linkedin,CAD Engineer (m/w/d),Ecolab,"Stuttgart, Baden-Württemberg, Germany",2026-08-10,https://www.linkedin.com/jobs/view/4451561347 , ,li-4451561347,fulltime,,,,,,False,mid-senior level,Engineering and Information Technology,,,Chemical Manufacturing,https://www.linkedin.com/company/ecolab,,,,,,,,,,,
linkedin,Power Electronics Engineer (all genders) - eMoSys GmbH,MTU Aero Engines,"Munich, Bavaria, Germany",2026-08-10,https://www.linkedin.com/jobs/view/4451522272 , ,li-4451522272,fulltime,,,,,,False,mid-senior level,Engineering and Information Technology,,bewerbung@emosys.com,Aviation and Aerospace Component Manufacturing,https://de.linkedin.com/company/mtu-aero-engines,,,,,,,,,,,
linkedin,Entwicklungsingenieur Serienbetreuung (m/w/d),XTENDED ENGINEERING GMBH,"Munich, Bavaria, Germany",2026-08-10,https://www.linkedin.com/jobs/view/4451541094 , ,li-4451541094,fulltime,,,,,,False,mid-senior level,Engineering and Information Technology,,,Engineering Services,https://de.linkedin.com/company/xtendedengineering,,,,,,,,,,,
linkedin,Messtechnik- und Fahrzeugentwicklungsingenieur (w/m/d),Brunel,"Frankfurt am Main, Hesse, Germany",2026-08-10,https://www.linkedin.com/jobs/view/4451420249 , ,li-4451420249,fulltime,,,,,,False,not applicable,Engineering,,,"Transportation, Logistics, Supply Chain and Storage",https://nl.linkedin.com/company/brunel,,,,,,,,,,,
linkedin,Produktentwickler (m/w/d) Leitungssysteme,A. Kayser Automotive Systems GmbH,"Einbeck, Lower Saxony, Germany",2026-08-10,https://www.linkedin.com/jobs/view/4451110577 , ,li-4451110577,fulltime,,,,,,False,associate,Manufacturing and Research,,,Motor Vehicle Parts Manufacturing,https://de.linkedin.com/company/a-kayser-automotive-systems-gmbh,,,,,,,,,,,
linkedin,Senior Vehicle Dynamics Simulation Engineer,Xiaomi Deutschland,"Munich, Bavaria, Germany",2026-08-10,https://www.linkedin.com/jobs/view/4451108142 , ,li-4451108142,fulltime,,,,,,False,mid-senior level,Engineering,,,Motor Vehicle Manufacturing,https://de.linkedin.com/company/xiaomi-deutschland,,,,,,,,,,,
linkedin,Design Engineer - Mission Systems (m/f/x),Grob Aircraft,"Tussenhausen, Bavaria, Germany",2026-08-10,https://www.linkedin.com/jobs/view/4416205895 , ,li-4416205895,fulltime,,,,,,False,entry level,Engineering and Information Technology,,,Aviation and Aerospace Component Manufacturing,https://de.linkedin.com/company/grobaircraft,,,,,,,,,,,
linkedin,Mechanical Engineer (m/f/d),Sereact,"Stuttgart, Baden-Württemberg, Germany",2026-08-10,https://www.linkedin.com/jobs/view/4412740542 , ,li-4412740542,fulltime,,,,,,False,entry level,Engineering and Information Technology,,,Software Development,https://de.linkedin.com/company/sereact,,,,,,,,,,,
linkedin,Product Engineer Customisable Furniture (m/f/d),Westwing,"Munich, Bavaria, Germany",2026-08-10,https://www.linkedin.com/jobs/view/4446801030 , ,li-4446801030,fulltime,,,,,,False,mid-senior level,Engineering and Information Technology,,,Retail,https://de.linkedin.com/company/westwing-home-&-living,,,,,,,,,,,
linkedin,CAD-Konstrukteur / Entwicklungsingenieur Automotive (all gender) 200,ALTEN Germany,"Munich, Bavaria, Germany",2026-08-10,https://www.linkedin.com/jobs/view/4449576205 , ,li-4449576205,fulltime,,,,,,False,associate,Engineering and Writing/Editing,,,Machinery Manufacturing and Aviation and Aerospace Component Manufacturing,https://de.linkedin.com/company/altengermany,,,,,,,,,,,
linkedin,Harness Design (m/w/d),T&S (Technology & Strategy),,2026-08-10,https://www.linkedin.com/jobs/view/4451517875 , ,li-4451517875,fulltime,,,,,,False,associate,Engineering,,,Engineering Services,https://fr.linkedin.com/company/technology-&-strategy-t&s-,,,,,,,,,,,
linkedin,Maschinenbauingenieur Antriebstechnik (all gender),ALTEN,"Hamburg, Hamburg, Germany",2026-08-10,https://www.linkedin.com/jobs/view/4439986366 , ,li-4439986366,fulltime,,,,,,False,mid-senior level,Engineering,,,Engineering Services,https://fr.linkedin.com/company/alten,,,,,,,,,,,
linkedin,Process Engineer (m/f/d),Procter & Gamble,"Altfeld, Bavaria, Germany",2026-08-10,https://www.linkedin.com/jobs/view/4431526040 , ,li-4431526040,fulltime,,,,,,False,not applicable,Management and Manufacturing,,,Manufacturing,https://www.linkedin.com/company/procter-and-gamble,,,,,,,,,,,
linkedin,Entwicklungsingenieur Konstruktion Serienbetreuung (m/w/d),XTENDED ENGINEERING GMBH,"Munich, Bavaria, Germany",2026-08-10,https://www.linkedin.com/jobs/view/4451535263 , ,li-4451535263,fulltime,,,,,,False,entry level,Engineering and Information Technology,,,Engineering Services,https://de.linkedin.com/company/xtendedengineering,,,,,,,,,,,
linkedin,Ingenieur/in (w/m/d) - Simulationsingenieur PEM-Brennstoffzellensystem (w/m/d),German Aerospace Center (DLR),"Aachen, North Rhine-Westphalia, Germany",2026-08-10,https://www.linkedin.com/jobs/view/4450247872 , ,li-4450247872,fulltime,,,,,,False,mid-senior level,Engineering and Information Technology,,,Research Services,https://de.linkedin.com/company/dlr,,,,,,,,,,,
linkedin,System Test Engineer (all gender) Automotive Electronics gg,ALTEN,"Stadt Landshut, Bavaria, Germany",2026-08-10,https://www.linkedin.com/jobs/view/4449531637 , ,li-4449531637,fulltime,,,,,,False,associate,"Engineering, Quality Assurance, and Information Technology",,,"Machinery Manufacturing, Aviation and Aerospace Component Manufacturing, and Motor Vehicle Manufacturing",https://fr.linkedin.com/company/alten,,,,,,,,,,,
linkedin,Versuchs- und Validierungsingenieur (m/w/d),XTENDED ENGINEERING GMBH,"Munich, Bavaria, Germany",2026-08-10,https://www.linkedin.com/jobs/view/4451535258 , ,li-4451535258,fulltime,,,,,,False,mid-senior level,Quality Assurance,,,Engineering Services,https://de.linkedin.com/company/xtendedengineering,,,,,,,,,,,
linkedin,Simulation Engineer,Helsing,"Munich, Bavaria, Germany",2026-08-10,https://www.linkedin.com/jobs/view/4449570255 , ,li-4449570255,fulltime,,,,,,True,mid-senior level,Engineering and Information Technology,,,Software Development,https://de.linkedin.com/company/helsing,,,,,,,,,,,
linkedin,Entwicklungsingenieur Struktursimulation Komponenten (m/w/d),XTENDED ENGINEERING GMBH,"Munich, Bavaria, Germany",2026-08-10,https://www.linkedin.com/jobs/view/4451524686 , ,li-4451524686,fulltime,,,,,,False,mid-senior level,Engineering and Information Technology,,,Engineering Services,https://de.linkedin.com/company/xtendedengineering,,,,,,,,,,,
linkedin,Application Engineer for ADAS - global business trips (w/m/d) - with experience in ADAS testing + EU driving licence and prototype driving license,Luxoft Germany,,2026-08-10,https://www.linkedin.com/jobs/view/4451599458 , ,li-4451599458,fulltime,,,,,,False,mid-senior level,Engineering,,,IT Services and IT Consulting,https://de.linkedin.com/company/luxoft-germany,,,,,,,,,,,
linkedin,Vehicle testing & data analysis support engineer (m/f/d),HARMAN International,"Bochum, North Rhine-Westphalia, Germany",2026-08-10,https://www.linkedin.com/jobs/view/4440155913 , ,li-4440155913,fulltime,,,,,,False,entry level,Information Technology,,harmancareers@harman.com,Computers and Electronics Manufacturing,https://www.linkedin.com/company/harman-international,,,,,,,,,,,
linkedin,Senior ADAS Function Application & Vehicle Calibration Engineer,FPT Europe,"Brunswick, Lower Saxony, Germany",2026-08-10,https://www.linkedin.com/jobs/view/4449581308 , ,li-4449581308,fulltime,,,,,,False,mid-senior level,Engineering,,,IT Services and IT Consulting,https://de.linkedin.com/company/fptsoftwareeurope,,,,,,,,,,,
linkedin,"Tire Development Engineer PCR OE (m/f/d) in Hannover, Germany",Linglong Germany GmbH,"Hannover, Lower Saxony, Germany",2026-08-10,https://www.linkedin.com/jobs/view/4440041346 , ,li-4440041346,fulltime,,,,,,False,associate,"Engineering, Research, and Product Management",,,"Motor Vehicle Manufacturing, Engineering Services, and Railroad Equipment Manufacturing",https://de.linkedin.com/company/linglong-germany-gmbh,,,,,,,,,,,
linkedin,Entwicklungsingenieur (m/w/d),Rieter,"Hammelburg, Bavaria, Germany",2026-08-10,https://www.linkedin.com/jobs/view/4449091811 , ,li-4449091811,fulltime,,,,,,False,entry level,Engineering and Information Technology,,bewerbung@temco.de,Industrial Machinery Manufacturing,https://ch.linkedin.com/company/rieter,,,,,,,,,,,
linkedin,Konstrukteur Motor- und Systemkomponenten (m/w/d),Akkodis,"Bodenseekreis, Baden-Württemberg, Germany",2026-08-10,https://www.linkedin.com/jobs/view/4451511403 , ,li-4451511403,fulltime,,,,,,True,not applicable,Engineering,,-layo.karci@akkodis.com,Engines and Power Transmission Equipment Manufacturing,https://www.linkedin.com/company/akkodis,,,,,,,,,,,
linkedin,Control Systems Engineer / Electric Drives (all genders) - eMoSys GmbH,MTU Aero Engines,"Munich, Bavaria, Germany",2026-08-10,https://www.linkedin.com/jobs/view/4451519544 , ,li-4451519544,fulltime,,,,,,False,mid-senior level,Engineering and Information Technology,,bewerbung@emosys.com,Aviation and Aerospace Component Manufacturing,https://de.linkedin.com/company/mtu-aero-engines,,,,,,,,,,,
linkedin,Junior Controller (m/w/d),HWA AG,"Affalterbach, Baden-Württemberg, Germany",2026-08-10,https://www.linkedin.com/jobs/view/4442720430 , ,li-4442720430,fulltime,,,,,,False,entry level,Accounting/Auditing and Finance,,,Motor Vehicle Manufacturing,https://de.linkedin.com/company/hwa-ag,,,,,,,,,,,
linkedin,Ingenieurin/Ingeneur/Bachelor (w/m/d) im Bereich Straßenplanung und -entwurf,Land Niedersachsen,,2026-08-10,https://www.linkedin.com/jobs/view/4451190480 , ,li-4451190480,fulltime,,,,,,False,entry level,Engineering and Information Technology,,"-os@nlstbv.niedersachsen.de, frank.engelmann@nlstbv.niedersachsen.de, irina.juenemann@nlstbv.niedersachsen.de",Government Administration,https://de.linkedin.com/company/arbeitgeber-niedersachsen,,,,,,,,,,,
linkedin,Konstrukteur (m/w/d),Pressta Eisele GmbH,"Bullay, Rhineland-Palatinate, Germany",2026-08-10,https://www.linkedin.com/jobs/view/4451118662 , ,li-4451118662,fulltime,,,,,,False,entry level,Management and Manufacturing,,bewerbung@rsa.de,Machinery Manufacturing,https://de.linkedin.com/company/pressta-eisele-gmbh,,,,,,,,,,,
linkedin,Cryogenics Engineer (f/m/d),MAGNOTHERM,"Darmstadt, Hesse, Germany",2026-08-10,https://www.linkedin.com/jobs/view/4449814687 , ,li-4449814687,fulltime,,,,,,False,mid-senior level,Engineering,,,Oil and Gas,https://de.linkedin.com/company/magnotherm,,,,,,,,,,,
linkedin,Expert Engineer Innovation & Technology (m/f/d),Nordex Group,"Hamburg, Germany",2026-08-10,https://www.linkedin.com/jobs/view/4451894785 , ,li-4451894785,fulltime,,,,,,False,mid-senior level,Engineering and Information Technology,,,Renewable Energy Equipment Manufacturing,https://de.linkedin.com/company/nordex,,,,,,,,,,,
linkedin,Feasibility and Cost Engineer for Silicone & 2K,Datwyler Group,"Cleebronn, Baden-Württemberg, Germany",2026-08-10,https://www.linkedin.com/jobs/view/4397461110 , ,li-4397461110,fulltime,,,,,,False,mid-senior level,Management and Manufacturing,,marko.colic@datwyler.com,Industrial Machinery Manufacturing,https://ch.linkedin.com/company/datwyler-group,,,,,,,,,,,
linkedin,EIG - Development Engineer – Mass Properties (m/w/d),XTENDED ENGINEERING GMBH,"Munich, Bavaria, Germany",2026-08-10,https://www.linkedin.com/jobs/view/4451536207 , ,li-4451536207,fulltime,,,,,,False,entry level,Engineering and Information Technology,,,Engineering Services,https://de.linkedin.com/company/xtendedengineering,,,,,,,,,,,
linkedin,Produktentwickler (m/w/d) Mechatronik Vorausentwicklung,A. Kayser Automotive Systems GmbH,"Einbeck, Lower Saxony, Germany",2026-08-10,https://www.linkedin.com/jobs/view/4451113578 , ,li-4451113578,fulltime,,,,,,False,associate,Manufacturing and Research,,,Motor Vehicle Parts Manufacturing,https://de.linkedin.com/company/a-kayser-automotive-systems-gmbh,,,,,,,,,,,
linkedin,Systemingenieur (m/w/d),persona service,"Kiel, Schleswig-Holstein, Germany",2026-08-10,https://www.linkedin.com/jobs/view/4451128055 , ,li-4451128055,fulltime,,,,,,False,mid-senior level,Information Technology,,nurcan.dastan@persona.de,Staffing and Recruiting,https://de.linkedin.com/company/persona-service,,,,,,,,,,,
linkedin,Test & Quality Engineer (f/m/d),MAGNOTHERM,"Darmstadt, Hesse, Germany",2026-08-10,https://www.linkedin.com/jobs/view/4449814691 , ,li-4449814691,fulltime,,,,,,False,mid-senior level,Quality Assurance,,,Oil and Gas,https://de.linkedin.com/company/magnotherm,,,,,,,,,,,
linkedin,Thermalarchitekt / Senior Systemingenieur (m/w/d),cigus,"Oberkochen, Baden-Württemberg, Germany",2026-08-10,https://www.linkedin.com/jobs/view/4451517347 , ,li-4451517347,fulltime,,,,,,False,not applicable,Engineering,,,Engineering Services,https://de.linkedin.com/company/cigus-technology,,,,,,,,,,,
linkedin,System Entwickler - Funkkommunikation & Antennentechnik (m/w/d),Rheinmetall,"Bremen, Bremen, Germany",2026-08-10,https://www.linkedin.com/jobs/view/4383080220 , ,li-4383080220,fulltime,,,,,,False,mid-senior level,Engineering and Information Technology,,,Defense and Space Manufacturing,https://de.linkedin.com/company/rheinmetall,,,,,,,,,,,
linkedin,Engineer TEST Development,GlobalFoundries,"Dresden, Saxony, Germany",2026-08-10,https://www.linkedin.com/jobs/view/4451195813 , ,li-4451195813,fulltime,,,,,,False,entry level,Quality Assurance,,,Semiconductor Manufacturing,https://www.linkedin.com/company/globalfoundries,,,,,,,,,,,
linkedin,"Principal Engineer, Perceptual & Workflow Validation (m/f/d)",HARMAN International,"Garching, Bavaria, Germany",2026-08-10,https://www.linkedin.com/jobs/view/4449599010 , ,li-4449599010,fulltime,,,,,,False,mid-senior level,Quality Assurance,,harmancareers@harman.com,Computers and Electronics Manufacturing,https://www.linkedin.com/company/harman-international,,,,,,,,,,,
linkedin,Hardware-Entwickler (m/w/d),XTENDED ENGINEERING GMBH,"Überlingen, Baden-Württemberg, Germany",2026-08-10,https://www.linkedin.com/jobs/view/4451537222 , ,li-4451537222,fulltime,,,,,,False,entry level,Engineering and Information Technology,,,Engineering Services,https://de.linkedin.com/company/xtendedengineering,,,,,,,,,,,
linkedin,Senior System Engineer (all gender) | MBSE | Communications | Aerospace & Defense 100,ALTEN Germany,"Berlin, Germany",2026-08-10,https://www.linkedin.com/jobs/view/4438065658 , ,li-4438065658,fulltime,,,,,,False,associate,"Engineering, Quality Assurance, and Information Technology",,,Machinery Manufacturing and Aviation and Aerospace Component Manufacturing,https://de.linkedin.com/company/altengermany,,,,,,,,,,,
linkedin,"AUTOMATION ENGINEER IN BERLIN, GERMANY  (M/F/D)",Inuru,"Berlin, Berlin, Germany",2026-08-10,https://www.linkedin.com/jobs/view/4449531444 , ,li-4449531444,fulltime,,,,,,False,entry level,Engineering,,,Computers and Electronics Manufacturing,https://de.linkedin.com/company/siod,,,,,,,,,,,
linkedin,Hydraulic Engineer,LOVOL GLOBAL,"Mannheim, Baden-Württemberg, Germany",2026-08-10,https://www.linkedin.com/jobs/view/4451189779 , ,li-4451189779,fulltime,,,,,,False,mid-senior level,"Engineering, Design, and Production",,,Machinery Manufacturing,https://cn.linkedin.com/company/weichailovolintelligentagriculture,,,,,,,,,,,
linkedin,"Ingenieur Fahrzeugtechnik, Maschinenbau, Elektrotechnik für die Fahrzeugprüfung (w/m/d)",TÜV SÜD,"Kehl, Baden-Württemberg, Germany",2026-08-09,https://www.linkedin.com/jobs/view/4450953460 , ,li-4450953460,fulltime,,,,,,False,entry level,Engineering and Information Technology,,,Public Safety,https://de.linkedin.com/company/tuvsud,,,,,,,,,,,
linkedin,Junior Flight Test Engineer (m/f/x),Grob Aircraft,"Tussenhausen, Bavaria, Germany",2026-08-09,https://www.linkedin.com/jobs/view/4411881119 , ,li-4411881119,internship,,,,,,False,entry level,Engineering and Information Technology,,,Aviation and Aerospace Component Manufacturing,https://de.linkedin.com/company/grobaircraft,,,,,,,,,,,
linkedin,Systems Engineer - m/f/d,Langdock,"Berlin, Germany",2026-08-09,https://www.linkedin.com/jobs/view/4451354549 , ,li-4451354549,fulltime,,,,,,False,mid-senior level,Information Technology,,,Software Development,https://de.linkedin.com/company/langdock,,,,,,,,,,,
linkedin,Senior Development Engineer (m/w/d) EMV,Elmos,"Dortmund, North Rhine-Westphalia, Germany",2026-08-09,https://www.linkedin.com/jobs/view/4423921813 , ,li-4423921813,fulltime,,,,,,False,mid-senior level,Engineering and Information Technology,,,Semiconductor Manufacturing,https://de.linkedin.com/company/elmos,,,,,,,,,,,
linkedin,Project Engineer,WK Wärmetechnische Anlagen Kessel- und Apparatebau GmbH & Co. KG,"Wetzlar, Hesse, Germany",2026-08-09,https://www.linkedin.com/jobs/view/4257723818 , ,li-4257723818,fulltime,,,,,,False,mid-senior level,Engineering and Information Technology,,,Mechanical Or Industrial Engineering,https://de.linkedin.com/company/wk-gmbh,,,,,,,,,,,
linkedin,Senior Applied AI / ML Application Engineer (f/m/x),BMW Group,"Munich, Bavaria, Germany",2026-08-09,https://www.linkedin.com/jobs/view/4382716382 , ,li-4382716382,fulltime,,,,,,False,mid-senior level,Engineering and Information Technology,,,Motor Vehicle Manufacturing,https://de.linkedin.com/company/bmw-group,,,,,,,,,,,
linkedin,"Ingenieur Fahrzeugtechnik, Maschinenbau, Elektrotechnik für die Fahrzeugprüfung (w/m/d)",TÜV SÜD,"Murnau, Bavaria, Germany",2026-08-09,https://www.linkedin.com/jobs/view/4450956205 , ,li-4450956205,fulltime,,,,,,False,entry level,Engineering and Information Technology,,,Public Safety,https://de.linkedin.com/company/tuvsud,,,,,,,,,,,
linkedin,"Ingenieur Fahrzeugtechnik, Maschinenbau, Elektrotechnik für die Fahrzeugprüfung (w/m/d)",TÜV SÜD,"Bad Aibling, Bavaria, Germany",2026-08-09,https://www.linkedin.com/jobs/view/4450951532 , ,li-4450951532,fulltime,,,,,,False,entry level,Engineering and Information Technology,,,Public Safety,https://de.linkedin.com/company/tuvsud,,,,,,,,,,,
linkedin,Full-time R&D Engineer (f/m/d),VAARHAFT,"Berlin, Berlin, Germany",2026-08-09,https://www.linkedin.com/jobs/view/4449512576 , ,li-4449512576,fulltime,,,,,,True,associate,Information Technology,,,Software Development,https://de.linkedin.com/company/vaarhaft,,,,,,,,,,,
linkedin,CFD Software Developer,Siemens,"Munich, Bavaria, Germany",2026-08-09,https://www.linkedin.com/jobs/view/4424220655 , ,li-4424220655,fulltime,,,,,,False,mid-senior level,Research,,,Automation Machinery Manufacturing,https://de.linkedin.com/company/siemens,,,,,,,,,,,
linkedin,(Sr.) ENGINEER FOR BRAKES ENGINEERING (M/F/D),Hyundai Motor Europe Technical Center GmbH,"Rüsselsheim, Hesse, Germany",2026-08-09,https://www.linkedin.com/jobs/view/4344757136 , ,li-4344757136,fulltime,,,,,,False,mid-senior level,Engineering and Information Technology,,,Motor Vehicle Manufacturing,https://de.linkedin.com/company/hyundaimotoreuropetechnicalcentergmbh,,,,,,,,,,,
linkedin,Cost Estimation Engineer (m/w/d),Sulzer,"Essen, North Rhine-Westphalia, Germany",2026-08-09,https://www.linkedin.com/jobs/view/4414737035 , ,li-4414737035,fulltime,,,,,,False,mid-senior level,Management and Manufacturing,,,Machinery Manufacturing,https://ch.linkedin.com/company/sulzer,,,,,,,,,,,
linkedin,Medium Voltage Components Engineer (m/f/d),Nordex Group,"Rostock, Mecklenburg-West Pomerania, Germany",2026-08-09,https://www.linkedin.com/jobs/view/4451359734 , ,li-4451359734,parttime,,,,,,False,mid-senior level,Engineering and Information Technology,,,Renewable Energy Equipment Manufacturing,https://de.linkedin.com/company/nordex,,,,,,,,,,,
linkedin,Mission System Engineer (m/f/x),Grob Aircraft,"Tussenhausen, Bavaria, Germany",2026-08-09,https://www.linkedin.com/jobs/view/4390356649 , ,li-4390356649,fulltime,,,,,,False,entry level,Information Technology,,,Aviation and Aerospace Component Manufacturing,https://de.linkedin.com/company/grobaircraft,,,,,,,,,,,
linkedin,Systemingenieur Schutz (m/w/d),Rheinmetall,"Unterlüß, Lower Saxony, Germany",2026-08-08,https://www.linkedin.com/jobs/view/4406481221 , ,li-4406481221,fulltime,,,,,,False,entry level,Information Technology,,,Defense and Space Manufacturing,https://de.linkedin.com/company/rheinmetall,,,,,,,,,,,
linkedin,Payloads Design Engineer for Seat Integration (Experienced or Senior level) (M/F/D),Boeing,"Hamburg, Hamburg, Germany",2026-08-08,https://www.linkedin.com/jobs/view/4396949497 , ,li-4396949497,fulltime,,,,,,False,not applicable,Engineering and Information Technology,,,"Airlines and Aviation, Aviation and Aerospace Component Manufacturing, and Defense and Space Manufacturing",https://www.linkedin.com/company/boeing,,,,,,,,,,,
linkedin,Development Engineer and Project Lead PowerGaN Metallization (f/m/div),Infineon Technologies,"Dresden, Saxony, Germany",2026-08-08,https://www.linkedin.com/jobs/view/4451082034 , ,li-4451082034,fulltime,,,,,,False,mid-senior level,Management and Manufacturing,,,"Semiconductor Manufacturing, Appliances, Electrical, and Electronics Manufacturing, and Computer Hardware Manufacturing",https://de.linkedin.com/company/infineon-technologies,,,,,,,,,,,
linkedin,Ingenieur*in (m/w/d) Rotating Equipment,Yara Deutschland,"Hamburg, Hamburg, Germany",2026-08-08,https://www.linkedin.com/jobs/view/4441387665 , ,li-4441387665,fulltime,,,,,,False,not applicable,Engineering and Information Technology,,,"Chemical Manufacturing, Environmental Services, and Farming",https://de.linkedin.com/company/yaradeutschland,,,,,,,,,,,
linkedin,Lead Engineer Schaltanlagen (w/m/d),Siemens Energy,"Erlangen, Bavaria, Germany",2026-08-08,https://www.linkedin.com/jobs/view/4441313828 , ,li-4441313828,fulltime,,,,,,True,mid-senior level,Engineering,,,"Appliances, Electrical, and Electronics Manufacturing",https://www.linkedin.com/company/siemens-energy,,,,,,,,,,,
linkedin,Service Engineer for Marine Applications (Propulsion and Power Systems) (m/w/d),Siemens Energy,"Hamburg, Hamburg, Germany",2026-08-08,https://www.linkedin.com/jobs/view/4330632070 , ,li-4330632070,fulltime,,,,,,True,entry level,Customer Service,,,"Appliances, Electrical, and Electronics Manufacturing",https://www.linkedin.com/company/siemens-energy,,,,,,,,,,,
linkedin,"Entwicklungsingenieur Mechanik, all genders",SALT AND PEPPER Group,"Munich, Bavaria, Germany",2026-08-08,https://www.linkedin.com/jobs/view/4432650592 , ,li-4432650592,fulltime,,,,,,False,entry level,Engineering and Information Technology,,,Engineering Services,https://de.linkedin.com/company/salt-and-pepper,,,,,,,,,,,
linkedin,"Entwicklungsingenieur Konstruktion, all genders",SALT AND PEPPER Group,"Munich, Bavaria, Germany",2026-08-08,https://www.linkedin.com/jobs/view/4432652517 , ,li-4432652517,fulltime,,,,,,False,entry level,Engineering and Information Technology,,,Engineering Services,https://de.linkedin.com/company/salt-and-pepper,,,,,,,,,,,
linkedin,Mechanical Design Engineer,EMBL,"Heidelberg, Baden-Württemberg, Germany",2026-08-08,https://www.linkedin.com/jobs/view/4451024745 , ,li-4451024745,fulltime,,,,,,True,entry level,Engineering and Information Technology,,,Research Services,https://de.linkedin.com/company/embl,,,,,,,,,,,
linkedin,CAD Design Engineer,The Exploration Company,"Munich, Bavaria, Germany",2026-08-08,https://www.linkedin.com/jobs/view/4424462914 , ,li-4424462914,fulltime,,,,,,False,mid-senior level,Engineering and Information Technology,,,Aviation and Aerospace Component Manufacturing,https://de.linkedin.com/company/exploration-company,,,,,,,,,,,
linkedin,Engineer (m/w/d) Product Innovation,Getinge,"Hechingen, Baden-Württemberg, Germany",2026-08-08,https://www.linkedin.com/jobs/view/4430222517 , ,li-4430222517,fulltime,,,,,,False,mid-senior level,Engineering and Information Technology,,,"Medical Equipment Manufacturing, Biotechnology Research, and Hospitals and Health Care",https://se.linkedin.com/company/getinge,,,,,,,,,,,
linkedin,"Entwicklungsingenieur Elektrik/ Elektronik, all genders",SALT AND PEPPER Group,"Munich, Bavaria, Germany",2026-08-08,https://www.linkedin.com/jobs/view/4432637780 , ,li-4432637780,fulltime,,,,,,False,entry level,Engineering and Information Technology,,,Engineering Services,https://de.linkedin.com/company/salt-and-pepper,,,,,,,,,,,
linkedin,über Arbeitnehmerüberlassung: Test Automation & Infrastructure Engineer (m/w/d),John Deere,"Kaiserslautern, Rhineland-Palatinate, Germany",2026-08-08,https://www.linkedin.com/jobs/view/4441173906 , ,li-4441173906,fulltime,,,,,,False,not applicable,Information Technology,,,Machinery Manufacturing,https://www.linkedin.com/company/john-deere,,,,,,,,,,,
linkedin,Vacuum Engineer (f/m/d),Focused Energy,"Darmstadt, Hesse, Germany",2026-08-08,https://www.linkedin.com/jobs/view/4433802148 , ,li-4433802148,fulltime,,,,,,False,mid-senior level,Engineering and Information Technology,,,Electric Power Generation,https://de.linkedin.com/company/focused-energy-inc,,,,,,,,,,,
linkedin,Systemingenieur für Laser Communication Terminals (d/m/w),Airbus,"Stuttgart, Baden-Württemberg, Germany",2026-08-08,https://www.linkedin.com/jobs/view/4451004495 , ,li-4451004495,fulltime,,,,,,False,mid-senior level,Information Technology,,emsom@airbus.com,Aviation and Aerospace Component Manufacturing,https://fr.linkedin.com/company/airbusgroup,,,,,,,,,,,
linkedin,Process Project Team Member (m/w/d),Valeo,"Wemding, Bavaria, Germany",2026-08-08,https://www.linkedin.com/jobs/view/4422986427 , ,li-4422986427,fulltime,,,,,,False,mid-senior level,Management and Manufacturing,,Julia.Mittelmaier@Valeo.com,Motor Vehicle Parts Manufacturing,https://fr.linkedin.com/company/valeo,,,,,,,,,,,
linkedin,Specialist Automation,The Goodyear Tire & Rubber Company,"Riesa, Saxony, Germany",2026-08-08,https://www.linkedin.com/jobs/view/4424568275 , ,li-4424568275,fulltime,,,,,,False,mid-senior level,Engineering and Information Technology,,,Motor Vehicle Manufacturing,https://www.linkedin.com/company/goodyear,,,,,,,,,,,
linkedin,Studium Ulmer Modell - Maschinenbau (B.Eng.),Liebherr Mobile and Crawler Cranes,"Ehingen, Baden-Württemberg, Germany",2026-08-08,https://www.linkedin.com/jobs/view/4432688996 , ,li-4432688996,fulltime,,,,,,False,internship,Other,,Selina.Teufel@liebherr.com,Industrial Machinery Manufacturing,https://de.linkedin.com/company/mobile-and-crawler-cranes,,,,,,,,,,,
linkedin,Stress Engineer - onsite Repair Support,Expleo Group,"Munich, Bavaria, Germany",2026-08-08,https://www.linkedin.com/jobs/view/4383759091 , ,li-4383759091,other,,,,,,False,entry level,Engineering and Information Technology,,,IT Services and IT Consulting,https://fr.linkedin.com/company/expleo-group,,,,,,,,,,,
linkedin,Expert in Thermodynamics (m/f/d),Kelvion,"Herne, North Rhine-Westphalia, Germany",2026-08-08,https://www.linkedin.com/jobs/view/4443944297 , ,li-4443944297,fulltime,,,,,,False,mid-senior level,Other,,,Machinery Manufacturing,https://de.linkedin.com/company/kelvionhx,,,,,,,,,,,
linkedin,"Entwicklungsingenieur Mechanik, all genders",SALT AND PEPPER Group,"Berlin, Germany",2026-08-08,https://www.linkedin.com/jobs/view/4432637784 , ,li-4432637784,fulltime,,,,,,False,entry level,Engineering and Information Technology,,,Engineering Services,https://de.linkedin.com/company/salt-and-pepper,,,,,,,,,,,
linkedin,Ingenieur (w/m/d) für Produktentwicklung und Projektmanagement,Siemens Energy,"Berlin, Berlin, Germany",2026-08-08,https://www.linkedin.com/jobs/view/4450562866 , ,li-4450562866,fulltime,,,,,,True,mid-senior level,Research,,,"Appliances, Electrical, and Electronics Manufacturing",https://www.linkedin.com/company/siemens-energy,,,,,,,,,,,
linkedin,Global Graduate Program 2026 - Control strategy engineer,Goldwind,"Frankfurt am Main, Hesse, Germany",2026-08-08,https://www.linkedin.com/jobs/view/4424185709 , ,li-4424185709,fulltime,,,,,,False,internship,Engineering and Information Technology,,,Renewable Energy Equipment Manufacturing,https://cn.linkedin.com/company/goldwind,,,,,,,,,,,
linkedin,Senior Systems Engineer,Spire Government,"Munich, Bavaria, Germany",2026-08-07,https://www.linkedin.com/jobs/view/4450353790 , ,li-4450353790,fulltime,,,,,,True,mid-senior level,Information Technology,,,Defense & Space,https://www.linkedin.com/showcase/spire-government/,,,,,,,,,,,
linkedin,"Staff Engineer, Autonomous Vehicle Systems Integration",Bolt,"Munich, Bavaria, Germany",2026-08-07,https://www.linkedin.com/jobs/view/4450371719 , ,li-4450371719,fulltime,,,,,,False,mid-senior level,Engineering and Information Technology,,,Software Development,https://ee.linkedin.com/company/bolt-eu,,,,,,,,,,,
linkedin,Senior Systems Engineer,AeroVect,"Munich, Bavaria, Germany",2026-08-07,https://www.linkedin.com/jobs/view/4450770407 , ,li-4450770407,fulltime,,,,,,False,mid-senior level,Information Technology,,,Airlines and Aviation,https://www.linkedin.com/company/aerovect,,,,,,,,,,,
linkedin,EGSE Engineer,The Exploration Company,"Munich, Bavaria, Germany",2026-08-07,https://www.linkedin.com/jobs/view/4450341794 , ,li-4450341794,fulltime,,,,,,False,mid-senior level,Engineering and Information Technology,,,Aviation and Aerospace Component Manufacturing,https://de.linkedin.com/company/exploration-company,,,,,,,,,,,
linkedin,Senior Systems Engineer,AeroVect,"Frankfurt, Hesse, Germany",2026-08-07,https://www.linkedin.com/jobs/view/4450774268 , ,li-4450774268,fulltime,,,,,,False,mid-senior level,Information Technology,,,Airlines and Aviation,https://www.linkedin.com/company/aerovect,,,,,,,,,,,
linkedin,Senior Systems Engineer,AeroVect,"Berlin, Berlin, Germany",2026-08-07,https://www.linkedin.com/jobs/view/4450780035 , ,li-4450780035,fulltime,,,,,,False,mid-senior level,Information Technology,,,Airlines and Aviation,https://www.linkedin.com/company/aerovect,,,,,,,,,,,
linkedin,Launcher Propulsion Engineer,The Exploration Company,"Munich, Bavaria, Germany",2026-08-07,https://www.linkedin.com/jobs/view/4450379789 , ,li-4450379789,fulltime,,,,,,False,mid-senior level,Engineering and Information Technology,,,Aviation and Aerospace Component Manufacturing,https://de.linkedin.com/company/exploration-company,,,,,,,,,,,
linkedin,Studio Engineer - Exterior,AVATR Global Design Center,"Munich, Bavaria, Germany",,https://www.linkedin.com/jobs/view/4435822409 , ,li-4435822409,fulltime,,,,,,True,not applicable,Engineering,,,Construction,https://de.linkedin.com/company/avatrdesign,,,,,,,,,,,
linkedin,Konstrukteur (m/w/d),Klubert + Schmidt GmbH,"Pottenstein, Bavaria, Germany",,https://www.linkedin.com/jobs/view/4451200066 , ,li-4451200066,fulltime,,,,,,False,associate,Engineering,,,Manufacturing,https://de.linkedin.com/company/klubert-und-schmidt,,,,,,,,,,,
linkedin,Konstrukteur (m/w/d) Siemens NX,Bertrandt Group,"Rudolstadt, Thuringia, Germany",,https://www.linkedin.com/jobs/view/4453597077 , ,li-4453597077,fulltime,,,,,,False,mid-senior level,Other,,,Engineering Services,https://de.linkedin.com/company/bertrandt-ag,,,,,,,,,,,
linkedin,Product Design Engineer (w/m/d),EagleBurgmann,"Wolfratshausen, Bavaria, Germany",,https://www.linkedin.com/jobs/view/4454524451 , ,li-4454524451,fulltime,,,,,,False,mid-senior level,Research and Product Management,,,Motor Vehicle Manufacturing,https://de.linkedin.com/company/eagleburgmann,,,,,,,,,,,
linkedin,Lead Specialist (m/w/d) Development - Body in White (BiW),Mubea,"Attendorn, North Rhine-Westphalia, Germany",,https://www.linkedin.com/jobs/view/4441538297 , ,li-4441538297,fulltime,,,,,,False,associate,Information Technology,,,Motor Vehicle Manufacturing,https://de.linkedin.com/company/mubea,,,,,,,,,,,
linkedin,Senior Mechanical Engineer I,Axon,"Kassel, Hesse, Germany",,https://www.linkedin.com/jobs/view/4454514117 , ,li-4454514117,fulltime,,,,,,True,mid-senior level,Engineering,,"axongreenhousesupport@axon.com, recruitingops@axon.com, recruitingops@axon.com",Software Development,https://www.linkedin.com/company/axon-protect-life,,,,,,,,,,,
linkedin,RESEARCH AND DEVELOPMENT ENGINEER,ROBOVIS,"Berlin, Berlin, Germany",,https://www.linkedin.com/jobs/view/4450887241 , ,li-4450887241,fulltime,,,,,,False,entry level,Engineering,,,Software Development,https://de.linkedin.com/company/robovis,,,,,,,,,,,
linkedin,"System Engineer (m/w/d) fixed-termin, 2 years",Groupe SEB,"Geislingen an der Steige, Baden-Württemberg, Germany",,https://www.linkedin.com/jobs/view/4454072415 , ,li-4454072415,fulltime,,,,,,False,not applicable,Information Technology,,,Manufacturing,https://fr.linkedin.com/company/groupe-seb,,,,,,,,,,,
linkedin,Ausbildungsplatz als Technischer Produktdesigner (m/w/d) | 2027,SCHULER  | Outstanding Mobile Solutions,"Ebhausen, Baden-Württemberg, Germany",,https://www.linkedin.com/jobs/view/4453572377 , ,li-4453572377,fulltime,,,,,,False,internship,"Design, Art/Creative, and Information Technology",,,Motor Vehicle Manufacturing,https://de.linkedin.com/company/schuler-fahrzeugbau-gmbh,,,,,,,,,,,
linkedin,Mechanical Engineer,Yibi Precision | MIM Manufacturing Solutions for Precision Metal Components,"Munich, Bavaria, Germany",,https://www.linkedin.com/jobs/view/4451234956 , ,li-4451234956,contract,,,,,,True,mid-senior level,Engineering,,,Industrial Machinery Manufacturing,https://cn.linkedin.com/company/yibimetal,,,,,,,,,,,
linkedin,Entwicklungsingenieur (w/m/d) für Hochspannungsschaltgeräte,Siemens Energy,"Berlin, Berlin, Germany",,https://www.linkedin.com/jobs/view/4453529183 , ,li-4453529183,fulltime,,,,,,True,mid-senior level,Engineering,,,"Appliances, Electrical, and Electronics Manufacturing",https://www.linkedin.com/company/siemens-energy,,,,,,,,,,,
linkedin,Techniker (m/w/d) Konstruktion,Oehmichen & Bürgers Industrieplanung GmbH,"Düsseldorf, North Rhine-Westphalia, Germany",,https://www.linkedin.com/jobs/view/4454545594 , ,li-4454545594,fulltime,,,,,,False,entry level,Management and Manufacturing,,,Engineering Services,https://de.linkedin.com/company/oub,,,,,,,,,,,
linkedin,"Optical Simulation Engineer, Digital Twin (f/m/d)",Focused Energy,"Darmstadt, Hesse, Germany",,https://www.linkedin.com/jobs/view/4433593792 , ,li-4433593792,fulltime,,,,,,False,mid-senior level,Engineering and Information Technology,,,Electric Power Generation,https://de.linkedin.com/company/focused-energy-inc,,,,,,,,,,,
linkedin,Entwicklungsingenieur Optic&Laser (m/w/d),Akkodis,"Gerlingen, Baden-Württemberg, Germany",,https://www.linkedin.com/jobs/view/4454520317 , ,li-4454520317,fulltime,,,,,,False,mid-senior level,Engineering,,Ekaterina.Bakhareva@akkodis.com,Manufacturing,https://www.linkedin.com/company/akkodis,,,,,,,,,,,
linkedin,CAD-Konstrukteur (m/w/d) Hafen- und Wasserbau,KMT Planungsgesellschaft mbH,"Hamburg, Germany",,https://www.linkedin.com/jobs/view/4454505588 , ,li-4454505588,fulltime,,,,,,False,entry level,Engineering,,,Engineering Services,https://de.linkedin.com/company/kmt-ai,,,,,,,,,,,
linkedin,Simulation Engineer (all genders) - Simulation Platform,MOIA,"Wolfsburg, Lower Saxony, Germany",,https://www.linkedin.com/jobs/view/4443537175 , ,li-4443537175,fulltime,,,,,,True,mid-senior level,Engineering and Information Technology,,,Software Development,https://de.linkedin.com/company/moia_mobility,,,,,,,,,,,
linkedin,Senior Modelling and Simulation Engineer,Cubiq Recruitment,"Munich, Bavaria, Germany",,https://www.linkedin.com/jobs/view/4437268887 , ,li-4437268887,fulltime,,,,,,False,mid-senior level,Engineering,,,Robotics Engineering,https://uk.linkedin.com/company/cubiq-recruitment,,,,,,,,,,,
linkedin,Function Developer – Parking,Applied Intuition,"Stuttgart, Baden-Württemberg, Germany",,https://www.linkedin.com/jobs/view/4423959815 , ,li-4423959815,fulltime,,,,,,True,mid-senior level,Engineering and Information Technology,,people@applied.co,Software Development,https://www.linkedin.com/company/applied-intuition-inc,,,,,,,,,,,
linkedin,Senior System Engineer Automotive 80-100%,Sensirion,"Gerlingen, Baden-Württemberg, Germany",,https://www.linkedin.com/jobs/view/4453577506 , ,li-4453577506,fulltime,,,,,,True,associate,Engineering,,,"Appliances, Electrical, and Electronics Manufacturing",https://ch.linkedin.com/company/sensirion,,,,,,,,,,,
linkedin,产品经理（方向盘零部件）,AEW Automotive Systems GmbH,"Neuss, North Rhine-Westphalia, Germany",,https://www.linkedin.com/jobs/view/4454538212 , ,li-4454538212,fulltime,,,,,,False,entry level,Engineering,,,Motor Vehicle Manufacturing,https://de.linkedin.com/company/aew-automotive-systems-gmbh,,,,,,,,,,,
linkedin,Electrical Engineer for novel propulsion design and testing (all gender),ALTEN,"Taufkirchen, Bavaria, Germany",,https://www.linkedin.com/jobs/view/4451229175 , ,li-4451229175,fulltime,,,,,,False,associate,Engineering,,,Airlines and Aviation and Aviation and Aerospace Component Manufacturing,https://fr.linkedin.com/company/alten,,,,,,,,,,,
linkedin,Ingenieur/in der Luft- und Raumfahrttechnik (w/m/d) - Patenschaft Airbus Bremen,German Aerospace Center (DLR),"Brunswick, Lower Saxony, Germany",,https://www.linkedin.com/jobs/view/4453122612 , ,li-4453122612,fulltime,,,,,,False,entry level,Engineering and Information Technology,,,Research Services,https://de.linkedin.com/company/dlr,,,,,,,,,,,
linkedin,Wissenschaftliche/r Mitarbeiter/in (w/m/d) im Bereich der experimentellen Aeroakustik,German Aerospace Center (DLR),"Göttingen, Lower Saxony, Germany",,https://www.linkedin.com/jobs/view/4454531993 , ,li-4454531993,fulltime,,,,,,False,mid-senior level,"Research, Analyst, and Information Technology",,,Research Services,https://de.linkedin.com/company/dlr,,,,,,,,,,,
linkedin,EMC-Ingenieur (m/w/d),TDK-Micronas,"Freiburg, Baden-Württemberg, Germany",,https://www.linkedin.com/jobs/view/4451201204 , ,li-4451201204,fulltime,,,,,,False,associate,Engineering,,-recruiting@tdk.com,Semiconductor Manufacturing,https://de.linkedin.com/company/tdk-micronas,,,,,,,,,,,
linkedin,Physical Products Engineer (Beds),Emma – The Sleep Company,"Frankfurt, Hesse, Germany",,https://www.linkedin.com/jobs/view/4453559919 , ,li-4453559919,fulltime,,,,,,True,not applicable,Engineering and Information Technology,,,Retail,https://de.linkedin.com/company/lifeatemma,,,,,,,,,,,
linkedin,Lead Engineer / System Engineer for Space Mechanisms (m/f/d),WITTENSTEIN group,"Igersheim, Baden-Württemberg, Germany",,https://www.linkedin.com/jobs/view/4430592154 , ,li-4430592154,fulltime,,,,,,True,associate,Research and Engineering,,jobs@leospace.de,Automation Machinery Manufacturing,https://de.linkedin.com/company/wittenstein-group,,,,,,,,,,,
linkedin,Wissenschaftliche*r Mitarbeiter*in für Sim2Real-Transfer für die Steuerung mobiler Arbeitsmaschinen,FZI Research Center for Information Technology,"Karlsruhe, Baden-Württemberg, Germany",,https://www.linkedin.com/jobs/view/4454514097 , ,li-4454514097,fulltime,,,,,,False,mid-senior level,"Research, Analyst, and Information Technology",,,Research Services,https://de.linkedin.com/company/fzi-official,,,,,,,,,,,
linkedin,Staff AI Engineer | Robot Autonomy,Cubiq Recruitment,"Munich, Bavaria, Germany",,https://www.linkedin.com/jobs/view/4439225837 , ,li-4439225837,fulltime,,,,,,True,mid-senior level,Engineering and Research,,,Robotics Engineering and Hospitals and Health Care,https://uk.linkedin.com/company/cubiq-recruitment,,,,,,,,,,,
linkedin,Metal Forming Engineer (all genders),Blackwave,"Garching, Bavaria, Germany",,https://www.linkedin.com/jobs/view/4391479491 , ,li-4391479491,fulltime,,,,,,False,mid-senior level,Engineering and Information Technology,,,Aviation and Aerospace Component Manufacturing,https://de.linkedin.com/company/blackwave-gmbh,,,,,,,,,,,
linkedin,Senior Machine Learning Engineer (m/f/*),Peregrine.ai,"Berlin, Berlin, Germany",,https://www.linkedin.com/jobs/view/4450862207 , ,li-4450862207,fulltime,,,,,,True,associate,Information Technology,,,IT Services and IT Consulting,https://de.linkedin.com/company/peregrine-ai,,,,,,,,,,,
linkedin,Senior DSP Engineer,Axon,"Kassel, Hesse, Germany",,https://www.linkedin.com/jobs/view/4454541830 , ,li-4454541830,fulltime,,,,,,True,mid-senior level,Engineering,,"axongreenhousesupport@axon.com, recruitingops@axon.com, recruitingops@axon.com",Software Development,https://www.linkedin.com/company/axon-protect-life,,,,,,,,,,,
linkedin,Project Engineer (m/f/i) - Power Generation,UL Solutions,"Krefeld, North Rhine-Westphalia, Germany",,https://www.linkedin.com/jobs/view/4451239363 , ,li-4451239363,fulltime,,,,,,False,mid-senior level,Engineering and Information Technology,,,"Professional Services, Manufacturing, and Technology, Information and Media",https://www.linkedin.com/company/ulsolutions,,,,,,,,,,,
linkedin,System Engineer (m/w/d) 2 Jahre befristet,WMF Professional Coffee Machines,"Geislingen an der Steige, Baden-Württemberg, Germany",,https://www.linkedin.com/jobs/view/4454307152 , ,li-4454307152,fulltime,,,,,,False,associate,Information Technology,,,Manufacturing,https://de.linkedin.com/company/wmf-professional-coffee-machines,,,,,,,,,,,
linkedin,Engineer (f/m/x) - Development and simulation of solid propellant rocket engines,German Aerospace Center (DLR),"Trauen, Lower Saxony, Germany",,https://www.linkedin.com/jobs/view/4454032561 , ,li-4454032561,fulltime,,,,,,False,entry level,Engineering and Information Technology,,-recruiting@dlr.de,Research Services,https://de.linkedin.com/company/dlr,,,,,,,,,,,
linkedin,Entwicklungsingenieur,GK Concept GmbH,"Dresden, Saxony, Germany",,https://www.linkedin.com/jobs/view/4454390892 , ,li-4454390892,fulltime,,,,,,False,entry level,Engineering and Information Technology,,info@gkconcept.de,Plastics Manufacturing,https://de.linkedin.com/company/gkconcept,,,,,,,,,,,
linkedin,Testengineer (m/w/d) 2 Jahre befristet,WMF Professional Coffee Machines,"Geislingen an der Steige, Baden-Württemberg, Germany",,https://www.linkedin.com/jobs/view/4454307154 , ,li-4454307154,fulltime,,,,,,False,associate,Engineering and Information Technology,,,Manufacturing,https://de.linkedin.com/company/wmf-professional-coffee-machines,,,,,,,,,,,
linkedin,Ingenieur Automatisierungssoftware & Systemintegration (m/w/d) - Jobbird.com,Jobster,"Unterföhring, Bavaria, Germany",,https://www.linkedin.com/jobs/view/4453529242 , ,li-4453529242,fulltime,,,,,,False,mid-senior level,Quality Assurance,,,Software Development,https://nl.linkedin.com/company/jobster-com,,,,,,,,,,,
linkedin,Software Tester (all gender),ALTEN,"Kassel, Hesse, Germany",,https://www.linkedin.com/jobs/view/4451203481 , ,li-4451203481,fulltime,,,,,,False,associate,Engineering and Information Technology,,,Engineering Services and IT System Testing and Evaluation,https://fr.linkedin.com/company/alten,,,,,,,,,,,
linkedin,"Ingenieur Fahrzeugtechnik, Maschinenbau, Elektrotechnik für die Fahrzeugprüfung (w/m/d)",TÜV SÜD,"Schongau, Bavaria, Germany",,https://www.linkedin.com/jobs/view/4453511708 , ,li-4453511708,fulltime,,,,,,False,entry level,Engineering and Information Technology,,,Public Safety,https://de.linkedin.com/company/tuvsud,,,,,,,,,,,
linkedin,Design Engineer II,JBT Marel,"Glinde, Schleswig-Holstein, Germany",,https://www.linkedin.com/jobs/view/4423138075 , ,li-4423138075,fulltime,,,,,,False,entry level,Engineering and Information Technology,,maarten.krepel@marel.com,Machinery Manufacturing,https://www.linkedin.com/company/jbtmarel,,,,,,,,,,,
linkedin,Design Engineer (m/w/d),SCHÖLLY FIBEROPTIC GMBH,"Denzlingen, Baden-Württemberg, Germany",,https://www.linkedin.com/jobs/view/4454334332 , ,li-4454334332,fulltime,,,,,,False,entry level,Engineering and Information Technology,,,Medical Equipment Manufacturing,https://de.linkedin.com/company/schoelly,,,,,,,,,,,
linkedin,Konstrukteur / Techn. Produktdesigner (m/w/d),endigo GmbH,"Reinfeld, Schleswig-Holstein, Germany",,https://www.linkedin.com/jobs/view/4453520434 , ,li-4453520434,fulltime,,,,,,False,entry level,Engineering,,,Automation Machinery Manufacturing,https://de.linkedin.com/company/endigo-gmbh,,,,,,,,,,,
linkedin,Product & Industrial Designer,NEURA Robotics,"Riederich, Baden-Württemberg, Germany",,https://www.linkedin.com/jobs/view/4454544294 , ,li-4454544294,fulltime,,,,,,False,mid-senior level,Engineering and Information Technology,,,Automation Machinery Manufacturing,https://de.linkedin.com/company/neura-robotics,,,,,,,,,,,
linkedin,Manager - Mechanical Design & Documentation (m/w/d),cellcentric GmbH & Co. KG,"Kirchheim unter Teck, Baden-Württemberg, Germany",,https://www.linkedin.com/jobs/view/4450831665 , ,li-4450831665,fulltime,,,,,,False,mid-senior level,Engineering and Information Technology,,,Fuel Cell Manufacturing,https://de.linkedin.com/company/cellcentric-gmbh-co-kg,,,,,,,,,,,
linkedin,Mitarbeiter/IN F&E,HAMANN AG,"Hollenstedt, Lower Saxony, Germany",,https://www.linkedin.com/jobs/view/4454528206 , ,li-4454528206,fulltime,,,,,,False,entry level,Research and Engineering,,,Maritime Transportation,https://de.linkedin.com/company/hamannag,,,,,,,,,,,
linkedin,Mechanical Engineer (f/m/d),NexWafe,"Freiburg, Baden-Württemberg, Germany",,https://www.linkedin.com/jobs/view/4453704460 , ,li-4453704460,fulltime,,,,,,False,associate,Engineering,,,Semiconductor Manufacturing,https://www.linkedin.com/company/nexwafe,,,,,,,,,,,
linkedin,Senior Performance Engineer,NVIDIA,,,https://www.linkedin.com/jobs/view/4453281578 , ,li-4453281578,fulltime,,,,,,False,mid-senior level,Engineering,,,Computer Hardware Manufacturing,https://www.linkedin.com/company/nvidia,,,,,,,,,,,
linkedin,Senior - Entwicklungsingenieur Hardware (m/w/d),BMK Group,"Augsburg, Bavaria, Germany",,https://www.linkedin.com/jobs/view/4453575283 , ,li-4453575283,fulltime,,,,,,False,associate,Other,,,Computers and Electronics Manufacturing,https://de.linkedin.com/company/bmk-group-gmbh,,,,,,,,,,,
