site,title,company,location,date_posted,job_url,job_url_direct,id,job_type,salary_source,interval,min_amount,max_amount,currency,is_remote,job_level,job_function,listing_type,emails,company_industry,company_url,company_url_direct,company_addresses,company_num_employees,company_revenue,company_description,skills,experience_range,company_rating,company_reviews_count,vacancy_count,work_from_home_type
linkedin,Entwicklungsingenieur (m/w/d) Rohbau Struktur Automotive,Akkodis,"Böblingen, Baden-Württemberg, Germany",2026-08-17,https://www.linkedin.com/jobs/view/4455298088 , ,li-4455298088,fulltime,,,,,,False,not applicable,Engineering,,,Manufacturing,https://www.linkedin.com/company/akkodis,,,,,,,,,,,
linkedin,Projektingenieur (m/w/d),KNDS Deutschland,"Munich, Bavaria, Germany",2026-08-17,https://www.linkedin.com/jobs/view/4455277223 , ,li-4455277223,fulltime,,,,,,False,entry level,Engineering and Information Technology,,,Defense and Space Manufacturing,https://de.linkedin.com/company/knds-deutschland,,,,,,,,,,,
linkedin,Lead Project Engineer - Mechanics (m/w/d),Kuka Systems GMBH Branch Office Paris,"Augsburg, Bavaria, Germany",2026-08-17,https://www.linkedin.com/jobs/view/4452252960 , ,li-4452252960,fulltime,,,,,,False,mid-senior level,Engineering and Information Technology,,,Industrial Machinery Manufacturing,https://fr.linkedin.com/company/kuka-systems-gmbh-bop,,,,,,,,,,,
linkedin,Commissioning Engineer Power Plants(m/f/x),Everllence,"Augsburg, Bavaria, Germany",2026-08-17,https://www.linkedin.com/jobs/view/4445918532 , ,li-4445918532,fulltime,,,,,,False,associate,Engineering and Information Technology,,ALINA.PAULICK@EVERLLENCE.COM,Climate Technology Product Manufacturing,https://de.linkedin.com/company/everllence,,,,,,,,,,,
linkedin,Power Electronics Engineer (all genders) - eMoSys GmbH,MTU Aero Engines,"Munich, Bavaria, Germany",2026-08-17,https://www.linkedin.com/jobs/view/4451522272 , ,li-4451522272,fulltime,,,,,,False,mid-senior level,Engineering and Information Technology,,bewerbung@emosys.com,Aviation and Aerospace Component Manufacturing,https://de.linkedin.com/company/mtu-aero-engines,,,,,,,,,,,
linkedin,CAE Simulationsingenieur Dynamik & Control (m/w/d) 100% remote,Bertrandt Group,"Ulm, Baden-Württemberg, Germany",2026-08-17,https://www.linkedin.com/jobs/view/4454266735 , ,li-4454266735,fulltime,,,,,,True,entry level,Engineering and Information Technology,,,Engineering Services,https://de.linkedin.com/company/bertrandt-ag,,,,,,,,,,,
linkedin,"Duales Studium Maschinenbau/ Produktionstechnik (B.Eng.), Campusmodell Sindelfingen/Stuttgart 2026 (w/m/d)",Mercedes-Benz AG,"Stuttgart, Baden-Württemberg, Germany",2026-08-17,https://www.linkedin.com/jobs/view/4452231049 , ,li-4452231049,fulltime,,,,,,False,internship,Management and Manufacturing,,,Motor Vehicle Manufacturing,https://de.linkedin.com/company/mercedes-benz_ag,,,,,,,,,,,
linkedin,Ausbildungsplätze als Technischer Produktdesigner (m/w/d),BHS-Sonthofen GmbH,"Sonthofen, Bavaria, Germany",2026-08-17,https://www.linkedin.com/jobs/view/4452253328 , ,li-4452253328,fulltime,,,,,,False,entry level,Design,,,Machinery Manufacturing,https://de.linkedin.com/company/bhs-sonthofen-gmbh,,,,,,,,,,,
linkedin,Technischer Produktdesigner (m/w/div.) Bereich Betriebsmittelkonstruktion (technischer Zeichner),舒驰容器（上海）有限公司,"Nordhofen, Rhineland-Palatinate, Germany",2026-08-17,https://www.linkedin.com/jobs/view/4455300828 , ,li-4455300828,fulltime,,,,,,False,mid-senior level,Information Technology,,,Packaging & Containers,https://cn.linkedin.com/company/%E8%88%92%E9%A9%B0%E5%AE%B9%E5%99%A8%EF%BC%88%E4%B8%8A%E6%B5%B7%EF%BC%89%E6%9C%89%E9%99%90%E5%85%AC%E5%8F%B8,,,,,,,,,,,
linkedin,"Electrical Design Engineer (CAD), Research & Development (m/f/d)",SUSS,"Pforzheim, Baden-Württemberg, Germany",2026-08-17,https://www.linkedin.com/jobs/view/4455280583 , ,li-4455280583,fulltime,,,,,,False,entry level,Engineering and Information Technology,,,Semiconductor Manufacturing,https://de.linkedin.com/company/suss-microtec,,,,,,,,,,,
linkedin,Technischer Produktdesigner (m/w/d),SLEE medical GmbH,"Nieder Olm, Rhineland-Palatinate, Germany",2026-08-17,https://www.linkedin.com/jobs/view/4452238826 , ,li-4452238826,fulltime,,,,,,False,mid-senior level,Engineering,,,Medical Equipment Manufacturing,https://de.linkedin.com/company/sleemedical,,,,,,,,,,,
linkedin,Mechanical Design Engineer (all genders),"GlassPoint, Inc","Baden-Württemberg, Germany",2026-08-17,https://www.linkedin.com/jobs/view/4452261309 , ,li-4452261309,fulltime,,,,,,False,entry level,Engineering and Information Technology,,,Renewable Energy Semiconductor Manufacturing,https://www.linkedin.com/company/glasspoint-inc,,,,,,,,,,,
linkedin,Design Engineer for Aluminium Building Systems (m/f/d),Norsk Hydro,"Lüdenscheid, North Rhine-Westphalia, Germany",2026-08-17,https://www.linkedin.com/jobs/view/4445639838 , ,li-4445639838,fulltime,,,,,,True,mid-senior level,Engineering and Information Technology,,,Mining,https://no.linkedin.com/company/norsk-hydro,,,,,,,,,,,
linkedin,Konstrukteur (m/w/d),KNDS Deutschland,"Kassel, Hesse, Germany",2026-08-17,https://www.linkedin.com/jobs/view/4455264295 , ,li-4455264295,fulltime,,,,,,False,entry level,Management and Manufacturing,,,Defense and Space Manufacturing,https://de.linkedin.com/company/knds-deutschland,,,,,,,,,,,
linkedin,Entwicklungsingenieur (m/w/d) Rohbau Automotive - Türen und Klappen,Akkodis,"Böblingen, Baden-Württemberg, Germany",2026-08-17,https://www.linkedin.com/jobs/view/4455287157 , ,li-4455287157,fulltime,,,,,,False,not applicable,Engineering,,,Manufacturing,https://www.linkedin.com/company/akkodis,,,,,,,,,,,
linkedin,Supplier Engineer,HUBER+SUHNER,"Unterhaching, Bavaria, Germany",2026-08-17,https://www.linkedin.com/jobs/view/4455258620 , ,li-4455258620,fulltime,,,,,,False,mid-senior level,Management and Manufacturing,,,"Appliances, Electrical, and Electronics Manufacturing",https://ch.linkedin.com/company/hubersuhner,,,,,,,,,,,
linkedin,Konstruktionsingenieur (m/w/d),IMI,"Mannheim, Baden-Württemberg, Germany",2026-08-17,https://www.linkedin.com/jobs/view/4368808243 , ,li-4368808243,fulltime,,,,,,False,mid-senior level,Engineering and Information Technology,,,Industrial Machinery Manufacturing,https://uk.linkedin.com/company/imi,,,,,,,,,,,
linkedin,Senior IT-Systemadministrator (m/w/x),BOGE Compressed Air Systems GmbH & Co. KG,"Bielefeld, North Rhine-Westphalia, Germany",2026-08-17,https://www.linkedin.com/jobs/view/4454435203 , ,li-4454435203,fulltime,,,,,,False,mid-senior level,Information Technology,,,Machinery Manufacturing,https://de.linkedin.com/company/boge-compressed-air-systems-gmbh-co-kg,,,,,,,,,,,
linkedin,Chief Automation Engineer (m/w/d),Konecranes,"Düsseldorf, North Rhine-Westphalia, Germany",2026-08-17,https://www.linkedin.com/jobs/view/4442815926 , ,li-4442815926,fulltime,,,,,,False,not applicable,Engineering,,,Machinery Manufacturing,https://fi.linkedin.com/company/konecranes,,,,,,,,,,,
linkedin,"Senior Diesel Engine Design Engineer - CATIA V5, Windchill (m/w/d)",emagine,"Nuremberg, Bavaria, Germany",2026-08-17,https://www.linkedin.com/jobs/view/4454281394 , ,li-4454281394,fulltime,,,,,,False,mid-senior level,Engineering and Information Technology,,,IT Services and IT Consulting,https://dk.linkedin.com/company/emagine,,,,,,,,,,,
linkedin,Display Applications Engineer,Visteon Corporation,"Karlsruhe, Baden-Württemberg, Germany",2026-08-17,https://www.linkedin.com/jobs/view/4417144619 , ,li-4417144619,fulltime,,,,,,False,mid-senior level,Engineering and Information Technology,,,Motor Vehicle Parts Manufacturing,https://www.linkedin.com/company/visteon,,,,,,,,,,,
linkedin,Control Systems Engineer / Electric Drives (all genders) - eMoSys GmbH,MTU Aero Engines,"Munich, Bavaria, Germany",2026-08-17,https://www.linkedin.com/jobs/view/4451519544 , ,li-4451519544,fulltime,,,,,,False,mid-senior level,Engineering and Information Technology,,bewerbung@emosys.com,Aviation and Aerospace Component Manufacturing,https://de.linkedin.com/company/mtu-aero-engines,,,,,,,,,,,
linkedin,Mechanical Engineer Electric Machines (all genders) - eMoSys GmbH,MTU Aero Engines,"Munich, Bavaria, Germany",2026-08-17,https://www.linkedin.com/jobs/view/4451520621 , ,li-4451520621,fulltime,,,,,,False,mid-senior level,Engineering and Information Technology,,bewerbung@emosys.com,Aviation and Aerospace Component Manufacturing,https://de.linkedin.com/company/mtu-aero-engines,,,,,,,,,,,
linkedin,海外车辆改装工程师,neueHCT,"Munich, Bavaria, Germany",2026-08-17,https://www.linkedin.com/jobs/view/4452265228 , ,li-4452265228,fulltime,,,,,,False,associate,Engineering and Manufacturing,,,"Motor Vehicle Manufacturing, Wholesale Motor Vehicles and Parts, and Machinery Manufacturing",https://cn.linkedin.com/company/neuehct,,,,,,,,,,,
linkedin,Development Engineer Guidance and Control (all gender),ALTEN,"Schrobenhausen, Bavaria, Germany",2026-08-17,https://www.linkedin.com/jobs/view/4452237559 , ,li-4452237559,fulltime,,,,,,False,associate,Engineering,,,"Aviation and Aerospace Component Manufacturing, Airlines and Aviation, and Defense and Space Manufacturing",https://fr.linkedin.com/company/alten,,,,,,,,,,,
linkedin,Ingenieur - Maschinenbau (m/w/d),Zeitlimit Personaldienstleistungen GmbH,"Schönkirchen, Schleswig-Holstein, Germany",2026-08-17,https://www.linkedin.com/jobs/view/4455297047 , ,li-4455297047,fulltime,,,,,,False,entry level,Engineering and Information Technology,,,Staffing and Recruiting,https://de.linkedin.com/company/zeitlimit-personaldienstleistungen-gmbh,,,,,,,,,,,
linkedin,Mechanical Engineering Specialist,LOVOL GLOBAL,"Mannheim, Baden-Württemberg, Germany",2026-08-17,https://www.linkedin.com/jobs/view/4455288614 , ,li-4455288614,fulltime,,,,,,False,mid-senior level,Engineering,,,Machinery Manufacturing,https://cn.linkedin.com/company/weichailovolintelligentagriculture,,,,,,,,,,,
linkedin,Cellular RF Transmitter Systems Engineer (m/f/d),Apple,"Munich, Bavaria, Germany",2026-08-17,https://www.linkedin.com/jobs/view/4454275131 , ,li-4454275131,fulltime,,,,,,False,mid-senior level,Engineering and Information Technology,,,Computers and Electronics Manufacturing,https://www.linkedin.com/company/apple,,,,,,,,,,,
linkedin,"Senior Design Engineer, Growth",PandaDoc,"Berlin, Berlin, Germany",2026-08-17,https://www.linkedin.com/jobs/view/4436995351 , ,li-4436995351,fulltime,,,,,,True,mid-senior level,Engineering and Information Technology,,,Software Development,https://www.linkedin.com/company/pandadoc,,,,,,,,,,,
linkedin,Projektingenieur (m/w/d),8R,,2026-08-17,https://www.linkedin.com/jobs/view/4445469964 , ,li-4445469964,fulltime,,,,,,False,associate,Engineering and Project Management,,karriere@8R.de,Engineering Services,https://de.linkedin.com/company/8rpartners,,,,,,,,,,,
linkedin,Business Intelligence & Systems Design Engineer (m/f/d),Alpitronic,"Nuremberg, Bavaria, Germany",2026-08-17,https://www.linkedin.com/jobs/view/4385734895 , ,li-4385734895,fulltime,,,,,,False,associate,Engineering and Information Technology,,,"Appliances, Electrical, and Electronics Manufacturing",https://it.linkedin.com/company/alpitronic-srl,,,,,,,,,,,
linkedin,Chief Engineer (Copper Industry),Jintian Copper,"Frankfurt am Main, Hesse, Germany",2026-08-17,https://www.linkedin.com/jobs/view/4455210586 , ,li-4455210586,fulltime,,,,,,False,director,"Research, Production, and Quality Assurance",,,"Fabricated Metal Products, Metalworking Machinery Manufacturing, and Machinery Manufacturing",https://cn.linkedin.com/company/jintiancopper,,,,,,,,,,,
linkedin,3D Harness Designer – Germany | Airbus Projects,Orbital Critical Systems (Grupo CAF),"Donauwörth, Bavaria, Germany",2026-08-17,https://www.linkedin.com/jobs/view/4454276435 , ,li-4454276435,other,,,,,,False,not applicable,"Design, Art/Creative, and Information Technology",,,Airlines and Aviation,https://es.linkedin.com/company/orbital-aerospace,,,,,,,,,,,
linkedin,Senior Technical Expert,Midea,"Stuttgart, Baden-Württemberg, Germany",2026-08-17,https://www.linkedin.com/jobs/view/4454221260 , ,li-4454221260,fulltime,,,,,,False,director,Management,,,Household Appliance Manufacturing,https://cn.linkedin.com/company/mideagroup,,,,,,,,,,,
linkedin,Konstrukteur (m/w/d),GRUMA Nutzfahrzeuge GmbH,"Friedberg, Bavaria, Germany",2026-08-17,https://www.linkedin.com/jobs/view/4452255514 , ,li-4452255514,fulltime,,,,,,False,mid-senior level,Engineering,,Bewerbung@gruma.de,Motor Vehicle Manufacturing,https://de.linkedin.com/company/grumanutzfahrzeuge,,,,,,,,,,,
linkedin,Entwickler Verbindungselemente (m/w/d),SFS Group,"Mörfelden-Walldorf, Hesse, Germany",2026-08-17,https://www.linkedin.com/jobs/view/4423894861 , ,li-4423894861,fulltime,,,,,,False,mid-senior level,Engineering and Information Technology,,,Fabricated Metal Products,https://ch.linkedin.com/company/sfs-group,,,,,,,,,,,
linkedin,Inbetriebsetzer (m/w/d) im Bereich Schienenfahrzeugbau,Bertrandt Group,"Wegberg, North Rhine-Westphalia, Germany",2026-08-17,https://www.linkedin.com/jobs/view/4449126403 , ,li-4449126403,fulltime,,,,,,False,entry level,Other,,,Engineering Services,https://de.linkedin.com/company/bertrandt-ag,,,,,,,,,,,
linkedin,Systemingenieur Luftfahrtantriebe (all genders) - eMoSys GmbH,MTU Aero Engines,"Munich, Bavaria, Germany",2026-08-17,https://www.linkedin.com/jobs/view/4451518638 , ,li-4451518638,fulltime,,,,,,False,mid-senior level,Information Technology,,bewerbung@emosys.com,Aviation and Aerospace Component Manufacturing,https://de.linkedin.com/company/mtu-aero-engines,,,,,,,,,,,
linkedin,Lead Engineer Validation / Test (m/w/d) Power-To-X Hochdruckpumpe,"Woodward, Inc.","Stuttgart, Baden-Württemberg, Germany",2026-08-16,https://www.linkedin.com/jobs/view/4406707279 , ,li-4406707279,fulltime,,,,,,False,mid-senior level,Quality Assurance,,,Manufacturing,https://www.linkedin.com/company/woodwardinc,,,,,,,,,,,
linkedin,SOTIF Expert - System of Systems (all genders),MOIA,"Hamburg, Hamburg, Germany",2026-08-16,https://www.linkedin.com/jobs/view/4443361694 , ,li-4443361694,fulltime,,,,,,True,mid-senior level,Other,,,Software Development,https://de.linkedin.com/company/moia_mobility,,,,,,,,,,,
linkedin,Flight Physics & Flight Controls Engineer (m/w/d),Alpine Eagle,"Munich, Bavaria, Germany",2026-08-16,https://www.linkedin.com/jobs/view/4377153674 , ,li-4377153674,fulltime,,,,,,False,not applicable,Engineering,,,Software Development,https://de.linkedin.com/company/alpineeagle,,,,,,,,,,,
linkedin,Ingenieur Vorentwicklung (m/w/d),Woodward L'Orange GmbH,"Stuttgart, Baden-Württemberg, Germany",2026-08-16,https://www.linkedin.com/jobs/view/4453963649 , ,li-4453963649,fulltime,,,,,,False,mid-senior level,Engineering and Information Technology,,,Machinery Manufacturing,https://de.linkedin.com/company/woodward-l-orange-gmbh,,,,,,,,,,,
linkedin,Senior Systems Engineer/Technical Lead,Ambu,"Augsburg, Bavaria, Germany",2026-08-16,https://www.linkedin.com/jobs/view/4426625941 , ,li-4426625941,fulltime,,,,,,False,mid-senior level,Information Technology,,jonc@ambu.com,Medical Equipment Manufacturing and Hospitals and Health Care,https://dk.linkedin.com/company/ambu-as,,,,,,,,,,,
linkedin,"Emulation Engineer, Automotive Robotics",Tenstorrent,"Munich, Bavaria, Germany",2026-08-16,https://www.linkedin.com/jobs/view/4407906055 , ,li-4407906055,fulltime,,,,,,True,mid-senior level,Engineering and Information Technology,,,Computer Hardware Manufacturing,https://ca.linkedin.com/company/tenstorrent-inc.,,,,,,,,,,,
linkedin,Robotics Engineer - Agent Control & UAV Autonomy (m/w/d),Alpine Eagle,"Munich, Bavaria, Germany",2026-08-16,https://www.linkedin.com/jobs/view/4377185064 , ,li-4377185064,fulltime,,,,,,False,not applicable,Engineering,,,"Software Development, Robotics Engineering, and Defense and Space Manufacturing",https://de.linkedin.com/company/alpineeagle,,,,,,,,,,,
linkedin,Konstrukteur / Prozessingenieur für Fertigungstechnik & Automation (m/w/d),Warwick GmbH & Co. Music Equipment KG,"Markneukirchen, Saxony, Germany",2026-08-16,https://www.linkedin.com/jobs/view/4452220170 , ,li-4452220170,fulltime,,,,,,False,associate,Engineering,,,Manufacturing,https://de.linkedin.com/company/warwickbasses,,,,,,,,,,,
linkedin,System Design Engineer (f/m/d),KLA,"Weilburg, Hesse, Germany",2026-08-16,https://www.linkedin.com/jobs/view/4414043654 , ,li-4414043654,fulltime,,,,,,False,mid-senior level,Engineering and Information Technology,,talent.acquisition@kla.com,Semiconductor Manufacturing,https://www.linkedin.com/company/klacorp,,,,,,,,,,,
linkedin,GENESIS - (Sr.) STUDIO ENGINEER (M/F/D),Hyundai Motor Europe Technical Center GmbH,"Beilngries, Bavaria, Germany",2026-08-16,https://www.linkedin.com/jobs/view/4414352969 , ,li-4414352969,fulltime,,,,,,False,mid-senior level,"Design, Art/Creative, and Information Technology",,,Motor Vehicle Manufacturing,https://de.linkedin.com/company/hyundaimotoreuropetechnicalcentergmbh,,,,,,,,,,,
linkedin,"Structural Analysis Engineer (m/f/d) (Associate, Experienced or Senior level)",Boeing,"Hamburg, Hamburg, Germany",2026-08-16,https://www.linkedin.com/jobs/view/4407274310 , ,li-4407274310,fulltime,,,,,,False,not applicable,Engineering and Information Technology,,,"Airlines and Aviation, Aviation and Aerospace Component Manufacturing, and Defense and Space Manufacturing",https://www.linkedin.com/company/boeing,,,,,,,,,,,
linkedin,Ausbildung zum Technischen Produktdesigner Fachrichtung Maschinen- und Anlagenkonstruktion (m/w/d),AFOTEK Anlagen für Oberflächentechnik GmbH,"Bad Hersfeld, Hesse, Germany",2026-08-16,https://www.linkedin.com/jobs/view/4455229262 , ,li-4455229262,fulltime,,,,,,False,internship,"Design, Art/Creative, and Information Technology",,,Industrial Machinery Manufacturing,https://de.linkedin.com/company/afotek-gmbh,,,,,,,,,,,
linkedin,Konstrukteur (gn) Glasbau,INDU LIGHT,"Coesfeld, North Rhine-Westphalia, Germany",2026-08-16,https://www.linkedin.com/jobs/view/4451752737 , ,li-4451752737,fulltime,,,,,,False,associate,Other,,,Government Administration,https://de.linkedin.com/company/indu-light,,,,,,,,,,,
linkedin,Senior Aerospace Systems Engineer (m/f/d) – Powerplant & Certification,Grob Aircraft,"Tussenhausen, Bavaria, Germany",2026-08-16,https://www.linkedin.com/jobs/view/4408505552 , ,li-4408505552,fulltime,,,,,,False,mid-senior level,Information Technology,,,Aviation and Aerospace Component Manufacturing,https://de.linkedin.com/company/grobaircraft,,,,,,,,,,,
linkedin,Technischer Produktdesigner (m/w/d) im Anlagenbau,Eggersmann Gruppe GmbH & Co. KG,"Bad Oeynhausen, North Rhine-Westphalia, Germany",2026-08-16,https://www.linkedin.com/jobs/view/4451761935 , ,li-4451761935,fulltime,,,,,,False,entry level,Engineering,,,Machinery Manufacturing,https://de.linkedin.com/company/eggersmanngroup,,,,,,,,,,,
linkedin,Process Engineer / Konstrukteur (m/f/d) - Equipment Design & Industrialization,Tenneco,"Zwickau, Saxony, Germany",2026-08-16,https://www.linkedin.com/jobs/view/4408279634 , ,li-4408279634,fulltime,,,,,,True,entry level,Management and Manufacturing,,,Motor Vehicle Manufacturing,https://www.linkedin.com/company/tenneco,,,,,,,,,,,
linkedin,F&DT Structural Analysis Engineer (d/f/m),Airbus Aircraft,"Hamburg, Hamburg, Germany",2026-08-15,https://www.linkedin.com/jobs/view/4451278466 , ,li-4451278466,parttime,,,,,,False,entry level,Engineering and Information Technology,,emsom@airbus.com,Aviation and Aerospace Component Manufacturing,https://fr.linkedin.com/company/airbus,,,,,,,,,,,
linkedin,Advanced Design to Cost Expert (m/w/d),Linde Material Handling,"Hamburg, Hamburg, Germany",2026-08-15,https://www.linkedin.com/jobs/view/4432797473 , ,li-4432797473,fulltime,,,,,,False,mid-senior level,"Design, Art/Creative, and Information Technology",,,Machinery Manufacturing,https://de.linkedin.com/company/linde-material-handling,,,,,,,,,,,
linkedin,Technician/ Techniker Mechanical Engineering,Coherent Corp.,"Oststeinbek, Schleswig-Holstein, Germany",2026-08-15,https://www.linkedin.com/jobs/view/4407376279 , ,li-4407376279,fulltime,,,,,,False,entry level,Engineering and Information Technology,,,Semiconductor Manufacturing,https://www.linkedin.com/company/coherent-corp,,,,,,,,,,,
linkedin,Functional & System Design Responsible (m/w/x) Avionics Systems,SII Germany,"Donauwörth, Bavaria, Germany",2026-08-15,https://www.linkedin.com/jobs/view/4445246856 , ,li-4445246856,fulltime,,,,,,False,mid-senior level,Engineering and Information Technology,,,IT Services and IT Consulting,https://de.linkedin.com/company/sii-germany,,,,,,,,,,,
linkedin,Systementwickler Steuerungs- und E-Antriebstechnik (m/w/d),Liebherr Group,"Bad Schussenried, Baden-Württemberg, Germany",2026-08-15,https://www.linkedin.com/jobs/view/4387723061 , ,li-4387723061,fulltime,,,,,,False,mid-senior level,Engineering and Information Technology,,,Industrial Machinery Manufacturing,https://de.linkedin.com/company/liebherr,,,,,,,,,,,
linkedin,Lead Engineer – EV Charging Infrastructure (all genders),gridX,,2026-08-15,https://www.linkedin.com/jobs/view/4427018486 , ,li-4427018486,fulltime,,,,,,True,associate,Information Technology,,,"Technology, Information and Internet",https://de.linkedin.com/company/gridx,,,,,,,,,,,
linkedin,Quality Engineer APQP (m/f/d),Clarios,"Hannover, Lower Saxony, Germany",2026-08-15,https://www.linkedin.com/jobs/view/4436357262 , ,li-4436357262,fulltime,,,,,,False,mid-senior level,Quality Assurance,,Special.Accommodations@Clarios.com,Motor Vehicle Parts Manufacturing,https://www.linkedin.com/company/clarios,,,,,,,,,,,
linkedin,Senior R&D Power Transformer Engineer – Reliability & Failure Analysis (f/m/d),Hitachi Energy,"Bad Honnef am Rhein, North Rhine-Westphalia, Germany",2026-08-15,https://www.linkedin.com/jobs/view/4427913238 , ,li-4427913238,fulltime,,,,,,True,mid-senior level,Engineering and Information Technology,,,"Appliances, Electrical, and Electronics Manufacturing and IT Services and IT Consulting",https://ch.linkedin.com/company/hitachienergy,,,,,,,,,,,
linkedin,Energy Storage Engineer,Experts Group International,"Wiesbaden, Hesse, Germany",2026-08-15,https://www.linkedin.com/jobs/view/4426774930 , ,li-4426774930,fulltime,,,,,,False,mid-senior level,Engineering and Information Technology,,,Services for Renewable Energy,https://uk.linkedin.com/company/expertsgroupinternational,,,,,,,,,,,
linkedin,Middleware Engineer,Applied Intuition,"Stuttgart, Baden-Württemberg, Germany",2026-08-15,https://www.linkedin.com/jobs/view/4423952825 , ,li-4423952825,fulltime,,,,,,True,entry level,Information Technology,,people@applied.co,Software Development,https://www.linkedin.com/company/applied-intuition-inc,,,,,,,,,,,
linkedin,Design for Test Engineer (m/f/d),Elmos,"Dortmund, North Rhine-Westphalia, Germany",2026-08-15,https://www.linkedin.com/jobs/view/4423140164 , ,li-4423140164,fulltime,,,,,,False,mid-senior level,Quality Assurance,,Lukas.Rothbauer@elmos.com,Semiconductor Manufacturing,https://de.linkedin.com/company/elmos,,,,,,,,,,,
linkedin,System Engineer Electronics (all genders),tonies®,"Düsseldorf, North Rhine-Westphalia, Germany",2026-08-15,https://www.linkedin.com/jobs/view/4435222708 , ,li-4435222708,fulltime,,,,,,True,mid-senior level,Information Technology,,,"Technology, Information and Media",https://de.linkedin.com/company/tonies-gmbh,,,,,,,,,,,
linkedin,Manager Materials & Process Engineer (m/w/d),Umicore,"Hanau am Main, Hesse, Germany",2026-08-15,https://www.linkedin.com/jobs/view/4433192856 , ,li-4433192856,fulltime,,,,,,False,mid-senior level,Engineering and Information Technology,,,Chemical Manufacturing,https://be.linkedin.com/company/umicore,,,,,,,,,,,
linkedin,Founding Product Designer & Researcher (f/m/d),Stackgini,"Berlin, Berlin, Germany",2026-08-15,https://www.linkedin.com/jobs/view/4451766607 , ,li-4451766607,fulltime,,,,,,False,associate,Engineering,,,IT Services and IT Consulting,https://de.linkedin.com/company/getstackgini,,,,,,,,,,,
linkedin,Senior Spacecraft Qualification Engineer,Planet,"Berlin, Berlin, Germany",2026-08-15,https://www.linkedin.com/jobs/view/4427567477 , ,li-4427567477,fulltime,,,,,,True,mid-senior level,Management and Manufacturing,,"accommodations@planet.com, accommodations@planet.com",Software Development,https://www.linkedin.com/company/planet-labs,,,,,,,,,,,
linkedin,Lead Engineer Validation / Test (m/w/d) Common Rail Injektoren,"Woodward, Inc.","Stuttgart, Baden-Württemberg, Germany",2026-08-15,https://www.linkedin.com/jobs/view/4406713048 , ,li-4406713048,fulltime,,,,,,False,mid-senior level,Engineering and Information Technology,,,Manufacturing,https://www.linkedin.com/company/woodwardinc,,,,,,,,,,,
linkedin,Technical Project Lead Footwear (f-m-d) - Milwaukee®,Milwaukee Tool EMEA,"Winnenden, Baden-Württemberg, Germany",2026-08-15,https://www.linkedin.com/jobs/view/4444953563 , ,li-4444953563,fulltime,,,,,,False,mid-senior level,Information Technology,,,Manufacturing,https://uk.linkedin.com/company/milwaukee-tool-emea,,,,,,,,,,,
linkedin,Staff GNC Engineer,Archer,"Munich, Bavaria, Germany",2026-08-15,https://www.linkedin.com/jobs/view/4435235694 , ,li-4435235694,fulltime,,,,,,False,mid-senior level,Engineering and Information Technology,,"people@archer.com, People@archer.com",Airlines and Aviation,https://www.linkedin.com/company/flyarcher,,,,,,,,,,,
linkedin,GENESIS - (SR.) INTERIOR DESIGNER (M/F/D),Hyundai Motor Europe Technical Center GmbH,"Beilngries, Bavaria, Germany",2026-08-15,https://www.linkedin.com/jobs/view/4413630425 , ,li-4413630425,fulltime,,,,,,False,mid-senior level,"Design, Art/Creative, and Information Technology",,,Motor Vehicle Manufacturing,https://de.linkedin.com/company/hyundaimotoreuropetechnicalcentergmbh,,,,,,,,,,,
linkedin,Entwicklungsingenieur (w/m/d) Mittelspannungsschaltanlagen,Siemens,"Frankfurt am Main, Hesse, Germany",2026-08-15,https://www.linkedin.com/jobs/view/4374086803 , ,li-4374086803,fulltime,,,,,,False,mid-senior level,Engineering,,,Automation Machinery Manufacturing,https://de.linkedin.com/company/siemens,,,,,,,,,,,
linkedin,Entwicklungsingenieur Serienbetreuung (m/w/d),XTENDED ENGINEERING GMBH,"Munich, Bavaria, Germany",2026-08-15,https://www.linkedin.com/jobs/view/4455139775 , ,li-4455139775,fulltime,,,,,,False,mid-senior level,Engineering and Information Technology,,,Engineering Services,https://de.linkedin.com/company/xtendedengineering,,,,,,,,,,,
linkedin,Senior AI Platform Engineer Intelligent Vehicles (f(m/x),BMW Group,"Munich, Bavaria, Germany",2026-08-15,https://www.linkedin.com/jobs/view/4441837657 , ,li-4441837657,fulltime,,,,,,False,mid-senior level,Engineering and Information Technology,,,Motor Vehicle Manufacturing,https://de.linkedin.com/company/bmw-group,,,,,,,,,,,
linkedin,SDV (Senior) Engineer Connectivity & Software Defined Networking (all genders),MHP – A Porsche Company,"Berlin, Berlin, Germany",2026-08-14,https://www.linkedin.com/jobs/view/4417717449 , ,li-4417717449,fulltime,,,,,,False,mid-senior level,Engineering and Information Technology,,,Business Consulting and Services,https://de.linkedin.com/company/mhp-a-porsche-company,,,,,,,,,,,
linkedin,Engineer (f/m/x) - Development and simulation of solid propellant rocket engines,German Aerospace Center (DLR),"Trauen, Lower Saxony, Germany",2026-08-14,https://www.linkedin.com/jobs/view/4454032561 , ,li-4454032561,fulltime,,,,,,False,entry level,Engineering and Information Technology,,-recruiting@dlr.de,Research Services,https://de.linkedin.com/company/dlr,,,,,,,,,,,
linkedin,Senior Product Development Engineer - Valvetrain (m/f/d),Eaton,"Karlsruhe, Baden-Württemberg, Germany",2026-08-14,https://www.linkedin.com/jobs/view/4441522787 , ,li-4441522787,fulltime,,,,,,False,mid-senior level,Other,,,"Appliances, Electrical, and Electronics Manufacturing",https://ie.linkedin.com/company/eaton,,,,,,,,,,,
linkedin,Function Developer – Parking,Applied Intuition,"Stuttgart, Baden-Württemberg, Germany",2026-08-14,https://www.linkedin.com/jobs/view/4423959815 , ,li-4423959815,fulltime,,,,,,True,mid-senior level,Engineering and Information Technology,,people@applied.co,Software Development,https://www.linkedin.com/company/applied-intuition-inc,,,,,,,,,,,
linkedin,产品经理（方向盘零部件）,AEW Automotive Systems GmbH,"Neuss, North Rhine-Westphalia, Germany",2026-08-14,https://www.linkedin.com/jobs/view/4454538212 , ,li-4454538212,fulltime,,,,,,False,entry level,Engineering,,,Motor Vehicle Manufacturing,https://de.linkedin.com/company/aew-automotive-systems-gmbh,,,,,,,,,,,
linkedin,"System Test Automation Engineer, HIL",Wayve,"Leonberg, Baden-Württemberg, Germany",2026-08-14,https://www.linkedin.com/jobs/view/4413362327 , ,li-4413362327,fulltime,,,,,,False,entry level,Quality Assurance,,,Software Development,https://uk.linkedin.com/company/wayve-technologies,,,,,,,,,,,
linkedin,PCB Layouter (m/f/x),Lawo,"Rastatt, Baden-Württemberg, Germany",2026-08-14,https://www.linkedin.com/jobs/view/4387688565 , ,li-4387688565,fulltime,,,,,,True,associate,Other,,,Broadcast Media Production and Distribution,https://de.linkedin.com/company/lawo,,,,,,,,,,,
linkedin,Praktikant Fahrwerk / Fahrdynamik Motorrad (w/m/x),BMW Group,"Munich, Bavaria, Germany",2026-08-14,https://www.linkedin.com/jobs/view/4441529939 , ,li-4441529939,fulltime,,,,,,False,internship,Other,,,Motor Vehicle Manufacturing,https://de.linkedin.com/company/bmw-group,,,,,,,,,,,
linkedin,KFZ-Mechatroniker/Meister/Techniker (m/w/d),Bertrandt Group,"Leonberg, Baden-Württemberg, Germany",2026-08-14,https://www.linkedin.com/jobs/view/4452700950 , ,li-4452700950,fulltime,,,,,,False,mid-senior level,Management and Manufacturing,,,Engineering Services,https://de.linkedin.com/company/bertrandt-ag,,,,,,,,,,,
linkedin,"Ingenieur Fahrzeugtechnik, Maschinenbau, Elektrotechnik für die Fahrzeugprüfung (w/m/d)",TÜV SÜD,"Schongau, Bavaria, Germany",2026-08-14,https://www.linkedin.com/jobs/view/4453511708 , ,li-4453511708,fulltime,,,,,,False,entry level,Engineering and Information Technology,,,Public Safety,https://de.linkedin.com/company/tuvsud,,,,,,,,,,,
linkedin,Auszubildender zum Technischen Produktdesigner (m/w/d) - Start 2027,Atlas Copco,"Neustadt an der Donau, Bavaria, Germany",2026-08-14,https://www.linkedin.com/jobs/view/4453536112 , ,li-4453536112,fulltime,,,,,,False,not applicable,"Design, Art/Creative, and Information Technology",,eps.karriere@atlascopco.com,Machinery Manufacturing,https://se.linkedin.com/company/atlas-copco,,,,,,,,,,,
linkedin,Specification Engineer W/M/D,Socomec Group,"Mannheim, Baden-Württemberg, Germany",2026-08-14,https://www.linkedin.com/jobs/view/4368200383 , ,li-4368200383,fulltime,,,,,,False,mid-senior level,Engineering and Information Technology,,,"Appliances, Electrical, and Electronics Manufacturing",https://fr.linkedin.com/company/socomec,,,,,,,,,,,
linkedin,R&D Electronics Test Engineer (f/m/d) Safety and EMC,Siemens,"Berlin, Berlin, Germany",2026-08-14,https://www.linkedin.com/jobs/view/4434649066 , ,li-4434649066,fulltime,,,,,,False,mid-senior level,Research,,,Automation Machinery Manufacturing,https://de.linkedin.com/company/siemens,,,,,,,,,,,
linkedin,Konstrukteur im Werkzeugbau - Umformsimulation (m/w/d),Mubea,"Schwerin, Mecklenburg-West Pomerania, Germany",2026-08-14,https://www.linkedin.com/jobs/view/4417063619 , ,li-4417063619,fulltime,,,,,,False,associate,Management and Manufacturing,,,Motor Vehicle Manufacturing,https://de.linkedin.com/company/mubea,,,,,,,,,,,
linkedin,Werkzeugtechnologe (m/w/d),Mubea,"Schwerin, Mecklenburg-West Pomerania, Germany",2026-08-14,https://www.linkedin.com/jobs/view/4417045947 , ,li-4417045947,fulltime,,,,,,False,associate,Other,,,Motor Vehicle Manufacturing,https://de.linkedin.com/company/mubea,,,,,,,,,,,
linkedin,Konstrukteur Kabelbaum / CATIA V5 (all gender),ALTEN,"Munich, Bavaria, Germany",2026-08-14,https://www.linkedin.com/jobs/view/4451236790 , ,li-4451236790,fulltime,,,,,,False,associate,Engineering,,,Motor Vehicle Manufacturing,https://fr.linkedin.com/company/alten,,,,,,,,,,,
linkedin,Konstrukteur (m/w/d),Filtration Group Industrial,"Öhringen, Baden-Württemberg, Germany",2026-08-14,https://www.linkedin.com/jobs/view/4446768749 , ,li-4446768749,fulltime,,,,,,False,not applicable,Management and Manufacturing,,personal@filtrationgroup.com,Engineering Services,https://de.linkedin.com/company/filtration-group-industrial,,,,,,,,,,,
linkedin,Techniker (m/w/d) Konstruktion,Oehmichen & Bürgers Industrieplanung GmbH,"Düsseldorf, North Rhine-Westphalia, Germany",2026-08-14,https://www.linkedin.com/jobs/view/4454545594 , ,li-4454545594,fulltime,,,,,,False,entry level,Management and Manufacturing,,,Engineering Services,https://de.linkedin.com/company/oub,,,,,,,,,,,
linkedin,Product & Industrial Designer,NEURA Robotics,"Riederich, Baden-Württemberg, Germany",2026-08-14,https://www.linkedin.com/jobs/view/4454544294 , ,li-4454544294,fulltime,,,,,,False,mid-senior level,Engineering and Information Technology,,,Automation Machinery Manufacturing,https://de.linkedin.com/company/neura-robotics,,,,,,,,,,,
linkedin,Design Engineer II,JBT Marel,"Glinde, Schleswig-Holstein, Germany",2026-08-14,https://www.linkedin.com/jobs/view/4423138075 , ,li-4423138075,fulltime,,,,,,False,entry level,Engineering and Information Technology,,maarten.krepel@marel.com,Machinery Manufacturing,https://www.linkedin.com/company/jbtmarel,,,,,,,,,,,
linkedin,Entwicklungsingenieur Fahrzeugtechnik & Systemintegration (all gender),ALTEN,"Munich, Bavaria, Germany",2026-08-14,https://www.linkedin.com/jobs/view/4380291238 , ,li-4380291238,fulltime,,,,,,False,associate,Engineering,,,Motor Vehicle Manufacturing,https://fr.linkedin.com/company/alten,,,,,,,,,,,
linkedin,GENESIS - (SR.) EXTERIOR DESIGNER (M/F/D),Hyundai Motor Europe Technical Center GmbH,"Beilngries, Bavaria, Germany",2026-08-14,https://www.linkedin.com/jobs/view/4413628995 , ,li-4413628995,fulltime,,,,,,False,mid-senior level,"Design, Art/Creative, and Information Technology",,,Motor Vehicle Manufacturing,https://de.linkedin.com/company/hyundaimotoreuropetechnicalcentergmbh,,,,,,,,,,,
linkedin,Studio Engineer - Exterior,AVATR Global Design Center,"Munich, Bavaria, Germany",2026-08-14,https://www.linkedin.com/jobs/view/4435822409 , ,li-4435822409,fulltime,,,,,,True,not applicable,Engineering,,,Construction,https://de.linkedin.com/company/avatrdesign,,,,,,,,,,,
linkedin,Entwicklungsingenieur Optic&Laser (m/w/d),Akkodis,"Gerlingen, Baden-Württemberg, Germany",2026-08-14,https://www.linkedin.com/jobs/view/4454520317 , ,li-4454520317,fulltime,,,,,,False,mid-senior level,Engineering,,Ekaterina.Bakhareva@akkodis.com,Manufacturing,https://www.linkedin.com/company/akkodis,,,,,,,,,,,
linkedin,Senior Solutions Design Manager Europe & MEA – Warehouse Design,DHL Supply Chain,"Bonn, North Rhine-Westphalia, Germany",2026-08-14,https://www.linkedin.com/jobs/view/4454550241 , ,li-4454550241,fulltime,,,,,,False,mid-senior level,Project Management and Information Technology,,yuji.tsuzuki@dhl.com,"Transportation, Logistics, Supply Chain and Storage",https://de.linkedin.com/company/dhl-supply-chain,,,,,,,,,,,
linkedin,SDV (Senior) Engineer Connectivity & Software Defined Networking (all genders),MHP – A Porsche Company,"Munich, Bavaria, Germany",2026-08-14,https://www.linkedin.com/jobs/view/4417721359 , ,li-4417721359,fulltime,,,,,,False,mid-senior level,Engineering and Information Technology,,,Business Consulting and Services,https://de.linkedin.com/company/mhp-a-porsche-company,,,,,,,,,,,
linkedin,Product Design Engineer (f/m/d),EagleBurgmann,"Wolfratshausen, Bavaria, Germany",2026-08-14,https://www.linkedin.com/jobs/view/4454516454 , ,li-4454516454,fulltime,,,,,,False,mid-senior level,Research and Product Management,,,Motor Vehicle Manufacturing,https://de.linkedin.com/company/eagleburgmann,,,,,,,,,,,
linkedin,Product Design Engineer (w/m/d),EagleBurgmann,"Wolfratshausen, Bavaria, Germany",2026-08-14,https://www.linkedin.com/jobs/view/4454524451 , ,li-4454524451,fulltime,,,,,,False,mid-senior level,Research and Product Management,,,Motor Vehicle Manufacturing,https://de.linkedin.com/company/eagleburgmann,,,,,,,,,,,
linkedin,Konstrukteur (m/w/d) Siemens NX,Bertrandt Group,"Rudolstadt, Thuringia, Germany",2026-08-14,https://www.linkedin.com/jobs/view/4453597077 , ,li-4453597077,fulltime,,,,,,False,mid-senior level,Other,,,Engineering Services,https://de.linkedin.com/company/bertrandt-ag,,,,,,,,,,,
linkedin,Konstrukteur (m/w/d),Klubert + Schmidt GmbH,"Pottenstein, Bavaria, Germany",2026-08-14,https://www.linkedin.com/jobs/view/4451200066 , ,li-4451200066,fulltime,,,,,,False,associate,Engineering,,,Manufacturing,https://de.linkedin.com/company/klubert-und-schmidt,,,,,,,,,,,
linkedin,Measurement Equipment Engineer (m/w/d),CLAAS,"Bad Saulgau, Baden-Württemberg, Germany",2026-08-14,https://www.linkedin.com/jobs/view/4449750125 , ,li-4449750125,fulltime,,,,,,False,mid-senior level,Management and Manufacturing,,,"Industrial Machinery Manufacturing and Appliances, Electrical, and Electronics Manufacturing",https://de.linkedin.com/company/claas,,,,,,,,,,,
linkedin,Schiffbau-Konstrukteur:in (m/w/d),HEGEMANN-REINERS GRUPPE,"Berlin, Germany",2026-08-14,https://www.linkedin.com/jobs/view/4441063368 , ,li-4441063368,fulltime,,,,,,False,entry level,Other,,,Construction,https://de.linkedin.com/company/hegemann-reiners-gruppe,,,,,,,,,,,
linkedin,Senior Product Manager (m/f/d) - Energy Storage and Inverter Solutions,Solplanet,,2026-08-14,https://www.linkedin.com/jobs/view/4453599170 , ,li-4453599170,fulltime,,,,,,False,associate,Product Management,,,Services for Renewable Energy and Energy Technology,https://cn.linkedin.com/company/solplanet,,,,,,,,,,,
linkedin,Ingenieur/in der Luft- und Raumfahrttechnik (w/m/d) - Patenschaft Airbus Bremen,German Aerospace Center (DLR),"Brunswick, Lower Saxony, Germany",2026-08-14,https://www.linkedin.com/jobs/view/4453122612 , ,li-4453122612,fulltime,,,,,,False,entry level,Engineering and Information Technology,,,Research Services,https://de.linkedin.com/company/dlr,,,,,,,,,,,
linkedin,Senior Modelling and Simulation Engineer,Cubiq Recruitment,"Munich, Bavaria, Germany",2026-08-14,https://www.linkedin.com/jobs/view/4437268887 , ,li-4437268887,fulltime,,,,,,False,mid-senior level,Engineering,,,Robotics Engineering,https://uk.linkedin.com/company/cubiq-recruitment,,,,,,,,,,,
linkedin,"Senior Specialist, CAE Engineering (m/f/d)",CYBEX,"Bayreuth, Bavaria, Germany",2026-08-14,https://www.linkedin.com/jobs/view/4426103625 , ,li-4426103625,fulltime,,,,,,False,mid-senior level,Engineering and Information Technology,,,Manufacturing,https://de.linkedin.com/company/cybex-gmbh,,,,,,,,,,,
linkedin,Senior System Engineer Automotive 80-100%,Sensirion,"Gerlingen, Baden-Württemberg, Germany",2026-08-14,https://www.linkedin.com/jobs/view/4453577506 , ,li-4453577506,fulltime,,,,,,True,associate,Engineering,,,"Appliances, Electrical, and Electronics Manufacturing",https://ch.linkedin.com/company/sensirion,,,,,,,,,,,
linkedin,System Test Engineer (m/f/d) for Electric Drives,SEG Automotive,"Stuttgart, Baden-Württemberg, Germany",2026-08-14,https://www.linkedin.com/jobs/view/4446742200 , ,li-4446742200,fulltime,,,,,,True,associate,Engineering,,,Motor Vehicle Parts Manufacturing,https://de.linkedin.com/company/segautomotive,,,,,,,,,,,
linkedin,Senior Mechanical Engineer I,Axon,"Kassel, Hesse, Germany",2026-08-14,https://www.linkedin.com/jobs/view/4454514117 , ,li-4454514117,fulltime,,,,,,True,mid-senior level,Engineering,,"axongreenhousesupport@axon.com, recruitingops@axon.com, recruitingops@axon.com",Software Development,https://www.linkedin.com/company/axon-protect-life,,,,,,,,,,,
linkedin,Senior Entwicklungskonstrukteur (m/w/d),Mühlbauer Group,"Roding, Bavaria, Germany",2026-08-14,https://www.linkedin.com/jobs/view/4425272600 , ,li-4425272600,fulltime,,,,,,False,mid-senior level,Engineering and Information Technology,,,Machinery Manufacturing,https://de.linkedin.com/company/muhlbauer-group,,,,,,,,,,,
linkedin,Electrical Engineer for novel propulsion design and testing (all gender),ALTEN,"Taufkirchen, Bavaria, Germany",2026-08-14,https://www.linkedin.com/jobs/view/4451229175 , ,li-4451229175,fulltime,,,,,,False,associate,Engineering,,,Airlines and Aviation and Aviation and Aerospace Component Manufacturing,https://fr.linkedin.com/company/alten,,,,,,,,,,,
linkedin,EMC-Ingenieur (m/w/d),TDK-Micronas,"Freiburg, Baden-Württemberg, Germany",2026-08-14,https://www.linkedin.com/jobs/view/4451201204 , ,li-4451201204,fulltime,,,,,,False,associate,Engineering,,-recruiting@tdk.com,Semiconductor Manufacturing,https://de.linkedin.com/company/tdk-micronas,,,,,,,,,,,
linkedin,Mechaniker (m/w/d) für die Schiffsbautechnik - 88085 Langenargen,Dippel Personalmanagement GmbH,"Langenargen, Baden-Württemberg, Germany",2026-08-14,https://www.linkedin.com/jobs/view/4454520452 , ,li-4454520452,fulltime,,,,,,False,entry level,Management and Manufacturing,,ravensburg@dippel.de,IT Services and IT Consulting,https://www.linkedin.com/company/dippel-personalmanagement-gmbh,,,,,,,,,,,
linkedin,Student (m/w/d) CLAAS Inside Motoren-Diagnose / Softwareentwicklung,CLAAS,"Harsewinkel, North Rhine-Westphalia, Germany",2026-08-14,https://www.linkedin.com/jobs/view/4453583414 , ,li-4453583414,fulltime,,,,,,False,internship,Engineering and Information Technology,,,"Industrial Machinery Manufacturing and Appliances, Electrical, and Electronics Manufacturing",https://de.linkedin.com/company/claas,,,,,,,,,,,
linkedin,Fabrication Engineer TP (all genders),Skyborn Renewables,"Hamburg, Hamburg, Germany",2026-08-14,https://www.linkedin.com/jobs/view/4345891107 , ,li-4345891107,fulltime,,,,,,False,mid-senior level,Management and Manufacturing,,,Wind Electric Power Generation,https://de.linkedin.com/company/skyborn-renewables,,,,,,,,,,,
linkedin,Bootsmechaniker (m/w/d) - 78315 Radolfzell,Dippel Personalmanagement GmbH,"Radolfzell, Baden-Württemberg, Germany",2026-08-14,https://www.linkedin.com/jobs/view/4454516431 , ,li-4454516431,fulltime,,,,,,False,entry level,Other,,stockach@dippel.de,IT Services and IT Consulting,https://www.linkedin.com/company/dippel-personalmanagement-gmbh,,,,,,,,,,,
linkedin,Flying Fuel Cell Mechanical Design and Integration Engineer (all genders),MTU Aero Engines North America,"Munich, Bavaria, Germany",2026-08-13,https://www.linkedin.com/jobs/view/4443856935 , ,li-4443856935,fulltime,,,,,,True,mid-senior level,Engineering and Information Technology,,,Aviation and Aerospace Component Manufacturing,https://www.linkedin.com/company/mtu-aero-engines-north-america,,,,,,,,,,,
linkedin,Entwickler Simulation (m/w/d),TechHub by efs,"Gaimersheim, Bavaria, Germany",2026-08-13,https://www.linkedin.com/jobs/view/4450473636 , ,li-4450473636,fulltime,,,,,,False,associate,Other,,,Software Development,https://de.linkedin.com/company/techhubbyefs,,,,,,,,,,,
linkedin,ADAS Vehicle Test Engineer - Immediate Start - Prototype License,Alium,"Ingolstadt, Bavaria, Germany",2026-08-13,https://www.linkedin.com/jobs/view/4444125600 , ,li-4444125600,contract,,,,,,False,mid-senior level,Engineering and Information Technology,,james@aliumc.com,"Information Technology & Services, Motor Vehicle Manufacturing, and Motor Vehicle Parts Manufacturing",https://uk.linkedin.com/company/aliumc,,,,,,,,,,,
linkedin,Test Engineer (m/w/d) Electrification HV,SEG Automotive,"Stuttgart, Baden-Württemberg, Germany",2026-08-13,https://www.linkedin.com/jobs/view/4446802409 , ,li-4446802409,fulltime,,,,,,False,associate,Engineering,,,Motor Vehicle Parts Manufacturing,https://de.linkedin.com/company/segautomotive,,,,,,,,,,,
linkedin,Entwicklungsingenieur Leistungselektronik (m/w/d),Liebherr Group,"Lindau, Bavaria, Germany",2026-08-13,https://www.linkedin.com/jobs/view/4426075155 , ,li-4426075155,fulltime,,,,,,False,entry level,Engineering and Information Technology,,katja.liedtke@liebherr.com,Industrial Machinery Manufacturing,https://de.linkedin.com/company/liebherr,,,,,,,,,,,
linkedin,Wiss. Mitarbeiter*in (d/m/w) - 1. Qualifizierungsphase (zur Promotion),Technische Universität Berlin,"Berlin, Berlin, Germany",2026-08-13,https://www.linkedin.com/jobs/view/4454085844 , ,li-4454085844,fulltime,,,,,,False,internship,"Research, Analyst, and Information Technology",,sekretariat@fza.tu,Education Administration Programs,https://de.linkedin.com/school/tuberlin/,,,,,,,,,,,
linkedin,Design-Ingenieur_in im LHT-Entwicklungsbetrieb (m/w/d) Lufthansa Technik,AIP SERVICES GmbH,"Hamburg, Hamburg, Germany",2026-08-13,https://www.linkedin.com/jobs/view/4452909140 , ,li-4452909140,fulltime,,,,,,False,mid-senior level,Engineering,,,Retail,https://de.linkedin.com/company/metrica-services-gmbh,,,,,,,,,,,
linkedin,"System Engineer (m/w/d) fixed-termin, 2 years",Groupe SEB,"Geislingen an der Steige, Baden-Württemberg, Germany",2026-08-13,https://www.linkedin.com/jobs/view/4454072415 , ,li-4454072415,fulltime,,,,,,False,not applicable,Information Technology,,,Manufacturing,https://fr.linkedin.com/company/groupe-seb,,,,,,,,,,,
linkedin,Physical System Architect LYNX (m/w/d),Rheinmetall,"Kiel, Schleswig-Holstein, Germany",2026-08-13,https://www.linkedin.com/jobs/view/4443806239 , ,li-4443806239,fulltime,,,,,,False,mid-senior level,Engineering and Information Technology,,,Defense and Space Manufacturing,https://de.linkedin.com/company/rheinmetall,,,,,,,,,,,
linkedin,Lead Specialist (m/w/d) Development - Body in White (BiW),Mubea,"Attendorn, North Rhine-Westphalia, Germany",2026-08-13,https://www.linkedin.com/jobs/view/4441538297 , ,li-4441538297,fulltime,,,,,,False,associate,Information Technology,,,Motor Vehicle Manufacturing,https://de.linkedin.com/company/mubea,,,,,,,,,,,
linkedin,Design Engineer,Stirling Dynamics,"Hamburg, Hamburg, Germany",2026-08-13,https://www.linkedin.com/jobs/view/4441063502 , ,li-4441063502,fulltime,,,,,,True,entry level,Engineering and Information Technology,,,Aviation and Aerospace Component Manufacturing,https://uk.linkedin.com/company/stirling-dynamics,,,,,,,,,,,
linkedin,(Sr.) ENGINEER FOR SUSPENSION ENGINEERING DESIGN (M/F/D),Hyundai Motor Europe Technical Center GmbH,"Rüsselsheim, Hesse, Germany",2026-08-13,https://www.linkedin.com/jobs/view/4352380572 , ,li-4352380572,fulltime,,,,,,False,mid-senior level,Engineering and Information Technology,,,Motor Vehicle Manufacturing,https://de.linkedin.com/company/hyundaimotoreuropetechnicalcentergmbh,,,,,,,,,,,
linkedin,Manufacturing & Industrialization Expert – Global Strategic Projects (m/w/d) 3 Jahre befristet,WMF Professional Coffee Machines,"Geislingen an der Steige, Baden-Württemberg, Germany",2026-08-13,https://www.linkedin.com/jobs/view/4454307155 , ,li-4454307155,fulltime,,,,,,False,associate,Management and Manufacturing,,,Manufacturing,https://de.linkedin.com/company/wmf-professional-coffee-machines,,,,,,,,,,,
linkedin,Manufacturing Engineer (m/w/d),AIP SERVICES GmbH,"Markdorf, Baden-Württemberg, Germany",2026-08-13,https://www.linkedin.com/jobs/view/4452944091 , ,li-4452944091,fulltime,,,,,,False,mid-senior level,Engineering,,,Retail,https://de.linkedin.com/company/metrica-services-gmbh,,,,,,,,,,,
linkedin,Electronic Hardware Design Engineer (w/m/d),Luxoft Germany,,2026-08-13,https://www.linkedin.com/jobs/view/4454060404 , ,li-4454060404,fulltime,,,,,,False,mid-senior level,Engineering,,,IT Services and IT Consulting,https://de.linkedin.com/company/luxoft-germany,,,,,,,,,,,
linkedin,Systems Engineer (m/w/d),Bizerba,"Balingen, Baden-Württemberg, Germany",2026-08-13,https://www.linkedin.com/jobs/view/4437396368 , ,li-4437396368,fulltime,,,,,,False,mid-senior level,Information Technology,,,Machinery Manufacturing,https://de.linkedin.com/company/bizerba,,,,,,,,,,,
linkedin,Mechanical Design Engineer (m/w/d),"IKA – Laboratory, Analytical and Process Technology","Staufen im Breisgau, Baden-Württemberg, Germany",2026-08-13,https://www.linkedin.com/jobs/view/4363600116 , ,li-4363600116,fulltime,,,,,,False,entry level,Engineering and Information Technology,,,Machinery Manufacturing,https://de.linkedin.com/company/ika-works,,,,,,,,,,,
linkedin,"Technical Product Designer (m/w/d) fixed-termin, 2 years",Groupe SEB,"Geislingen an der Steige, Baden-Württemberg, Germany",2026-08-13,https://www.linkedin.com/jobs/view/4454069421 , ,li-4454069421,fulltime,,,,,,False,not applicable,"Design, Art/Creative, and Information Technology",,,Manufacturing,https://fr.linkedin.com/company/groupe-seb,,,,,,,,,,,
linkedin,Technical Product Designer (m/w/d) 2 Jahre befristet,WMF Professional Coffee Machines,"Geislingen an der Steige, Baden-Württemberg, Germany",2026-08-13,https://www.linkedin.com/jobs/view/4454303202 , ,li-4454303202,fulltime,,,,,,False,associate,"Design, Art/Creative, and Information Technology",,,Manufacturing,https://de.linkedin.com/company/wmf-professional-coffee-machines,,,,,,,,,,,
linkedin,Bachelor / Master / Techniker:in im Bereich Konstruktion/ Entwicklung/ Sondermaschinenbau,Kronospan,"Losheim am See, Saarland, Germany",2026-08-13,https://www.linkedin.com/jobs/view/4443946424 , ,li-4443946424,fulltime,,,,,,False,entry level,Management and Manufacturing,,,Paper and Forest Product Manufacturing,https://li.linkedin.com/company/kronospan,,,,,,,,,,,
linkedin,(Senior-) Mechanical Engineer (m/w/d),Singulus Technologies AG,"Kahl am Main, Bavaria, Germany",2026-08-13,https://www.linkedin.com/jobs/view/4452767840 , ,li-4452767840,fulltime,,,,,,False,mid-senior level,Engineering,,,Construction,https://de.linkedin.com/company/singulus-technologies,,,,,,,,,,,
linkedin,Industrial Product Engineer (m/w/d),Erdrich Umformtechnik GmbH,"Sömmerda, Thuringia, Germany",2026-08-13,https://www.linkedin.com/jobs/view/4452983149 , ,li-4452983149,fulltime,,,,,,False,mid-senior level,Engineering and Information Technology,,,Automotive,https://de.linkedin.com/company/erdrich-umformtechnik-gmbh,,,,,,,,,,,
linkedin,Simulation Engineer – Cognitive Twin (human),NEURA Robotics,"Riederich, Baden-Württemberg, Germany",2026-08-13,https://www.linkedin.com/jobs/view/4451396953 , ,li-4451396953,fulltime,,,,,,False,mid-senior level,Engineering and Information Technology,,,Automation Machinery Manufacturing,https://de.linkedin.com/company/neura-robotics,,,,,,,,,,,
linkedin,GNC Engineer,DigiTech Search,"Munich, Bavaria, Germany",2026-08-13,https://www.linkedin.com/jobs/view/4450482622 , ,li-4450482622,fulltime,,,,,,False,mid-senior level,Engineering,,,Defense and Space Manufacturing,https://uk.linkedin.com/company/digitech-search-ltd,,,,,,,,,,,
linkedin,Systems Engineer (m/w/d),ETO GRUPPE,"Stockach, Baden-Württemberg, Germany",2026-08-13,https://www.linkedin.com/jobs/view/4453208139 , ,li-4453208139,fulltime,,,,,,False,mid-senior level,Information Technology,,,Automotive,https://de.linkedin.com/company/etogruppe,,,,,,,,,,,
linkedin,System Integration Package Manager (all genders),Skyborn Renewables,"Hamburg, Hamburg, Germany",2026-08-13,https://www.linkedin.com/jobs/view/4454066993 , ,li-4454066993,fulltime,,,,,,False,mid-senior level,Project Management and Information Technology,,,Wind Electric Power Generation,https://de.linkedin.com/company/skyborn-renewables,,,,,,,,,,,
linkedin,Video Research Engineer (Multiple Levels),Qualcomm,"Munich, Bavaria, Germany",2026-08-13,https://www.linkedin.com/jobs/view/4443147620 , ,li-4443147620,fulltime,,,,,,False,not applicable,Other,,-accomodations@qualcomm.com,Semiconductor Manufacturing,https://www.linkedin.com/company/qualcomm,,,,,,,,,,,
linkedin,Fertigungsingenieur:in im Werk Hannover,Deutsche Bahn,"Hannover, Lower Saxony, Germany",2026-08-13,https://www.linkedin.com/jobs/view/4444254664 , ,li-4444254664,fulltime,,,,,,False,entry level,Engineering and Information Technology,,,Truck Transportation,https://de.linkedin.com/company/deutschebahn,,,,,,,,,,,
linkedin,Flight Dynamics Engineer (all genders),Reflex Aerospace,"Berlin, Berlin, Germany",2026-08-13,https://www.linkedin.com/jobs/view/4450488656 , ,li-4450488656,fulltime,,,,,,False,associate,Engineering,,,Aviation and Aerospace Component Manufacturing,https://de.linkedin.com/company/reflex-aerospace,,,,,,,,,,,
linkedin,"Ingenieur Schiffsbetriebstechnik / Maschinen‑ & Anlagenbau, all genders",nexadus GmbH,"Bremen, Bremen, Germany",2026-08-13,https://www.linkedin.com/jobs/view/4416252991 , ,li-4416252991,fulltime,,,,,,False,entry level,Engineering and Information Technology,,n.bayer@nexadus.de,Engineering Services,https://de.linkedin.com/company/nexadus,,,,,,,,,,,
linkedin,Simulation Engineer – Cognitive Twin (Mensch),NEURA Robotics,"Riederich, Baden-Württemberg, Germany",2026-08-13,https://www.linkedin.com/jobs/view/4451507323 , ,li-4451507323,fulltime,,,,,,False,mid-senior level,Engineering and Information Technology,,,Automation Machinery Manufacturing,https://de.linkedin.com/company/neura-robotics,,,,,,,,,,,
linkedin,"System Engineer für Entwicklungsprojekte, all genders",SALT AND PEPPER Group,"Osnabrück, Lower Saxony, Germany",2026-08-13,https://www.linkedin.com/jobs/view/4453204313 , ,li-4453204313,fulltime,,,,,,False,entry level,Information Technology,,,Engineering Services,https://de.linkedin.com/company/salt-and-pepper,,,,,,,,,,,
linkedin,Ausbildung zum Technischen Produktdesigner (m/w/d),ETO GRUPPE,"Stockach, Baden-Württemberg, Germany",2026-08-13,https://www.linkedin.com/jobs/view/4452996273 , ,li-4452996273,fulltime,,,,,,False,internship,"Design, Art/Creative, and Information Technology",,,Automotive,https://de.linkedin.com/company/etogruppe,,,,,,,,,,,
linkedin,Ausbildung zum Technischen Produktdesigner*in ab September 2027,Brückner Maschinenbau,"Siegsdorf, Bavaria, Germany",2026-08-13,https://www.linkedin.com/jobs/view/4452476765 , ,li-4452476765,fulltime,,,,,,False,internship,"Design, Art/Creative, and Information Technology",,,Machinery Manufacturing,https://de.linkedin.com/company/br-ckner-maschinenbau-gmbh,,,,,,,,,,,
linkedin,Head of Structures (all genders),ERC System,"Ottobrunn, Bavaria, Germany",2026-08-13,https://www.linkedin.com/jobs/view/4450494932 , ,li-4450494932,fulltime,,,,,,True,associate,Engineering,,,Aviation and Aerospace Component Manufacturing,https://de.linkedin.com/company/erc-system,,,,,,,,,,,
linkedin,Absolvent Konstruktion &amp; Entwicklung (m/w/d),Oehmichen & Bürgers Industrieplanung GmbH,"Düsseldorf, North Rhine-Westphalia, Germany",2026-08-13,https://www.linkedin.com/jobs/view/4453678996 , ,li-4453678996,fulltime,,,,,,False,internship,"Research, Analyst, and Information Technology",,,Engineering Services,https://de.linkedin.com/company/oub,,,,,,,,,,,
linkedin,(Junior) Konstrukteur Apparatebau & Mechanik (m/w/d),PAN Personalvermittlung & Beratung,"Berlin, Berlin, Germany",2026-08-13,https://www.linkedin.com/jobs/view/4452938149 , ,li-4452938149,fulltime,,,,,,False,entry level,Engineering,,,Education Administration Programs,https://www.linkedin.com/company/pan-personalvermittlung-&-beratung,,,,,,,,,,,
linkedin,"Feature Owner, ADAS",Wayve,"Leonberg, Baden-Württemberg, Germany",2026-08-13,https://www.linkedin.com/jobs/view/4450809302 , ,li-4450809302,fulltime,,,,,,False,entry level,Other,,,Software Development,https://uk.linkedin.com/company/wayve-technologies,,,,,,,,,,,
linkedin,Mobility Analyst - McKinsey Center for Future Mobility,McKinsey & Company,"Munich, Bavaria, Germany",2026-08-13,https://www.linkedin.com/jobs/view/4416911650 , ,li-4416911650,fulltime,,,,,,False,entry level,"Analyst, Consulting, and Research",,,Motor Vehicle Manufacturing,https://www.linkedin.com/company/mckinsey,,,,,,,,,,,
linkedin,Entwicklungsingenieur CAx & DMU (all gender),ALTEN,,2026-08-13,https://www.linkedin.com/jobs/view/4450816057 , ,li-4450816057,fulltime,,,,,,False,associate,Engineering,,,Motor Vehicle Manufacturing,https://fr.linkedin.com/company/alten,,,,,,,,,,,
linkedin,Junior Engineer Rail (all gender),ALTEN,"Salzgitter, Lower Saxony, Germany",2026-08-13,https://www.linkedin.com/jobs/view/4417136007 , ,li-4417136007,fulltime,,,,,,False,entry level,Engineering,,,Engineering Services,https://fr.linkedin.com/company/alten,,,,,,,,,,,
linkedin,Manager - Mechanical Design & Documentation (m/w/d),cellcentric GmbH & Co. KG,"Kirchheim unter Teck, Baden-Württemberg, Germany",2026-08-13,https://www.linkedin.com/jobs/view/4450831665 , ,li-4450831665,fulltime,,,,,,False,mid-senior level,Engineering and Information Technology,,,Fuel Cell Manufacturing,https://de.linkedin.com/company/cellcentric-gmbh-co-kg,,,,,,,,,,,
linkedin,Systems Engineer (m/w/d) - Schwerpunkt Hardware Entwicklung,Bertrandt Group,"Munich, Bavaria, Germany",2026-08-13,https://www.linkedin.com/jobs/view/4449599873 , ,li-4449599873,fulltime,,,,,,False,mid-senior level,Engineering and Information Technology,,,Engineering Services,https://de.linkedin.com/company/bertrandt-ag,,,,,,,,,,,
linkedin,System Engineer (m/w/d) 2 Jahre befristet,WMF Professional Coffee Machines,"Geislingen an der Steige, Baden-Württemberg, Germany",2026-08-13,https://www.linkedin.com/jobs/view/4454307152 , ,li-4454307152,fulltime,,,,,,False,associate,Information Technology,,,Manufacturing,https://de.linkedin.com/company/wmf-professional-coffee-machines,,,,,,,,,,,
linkedin,System Engineer (w/m/d) Fahrgastinformationssysteme,Siemens,"Erlangen, Bavaria, Germany",2026-08-13,https://www.linkedin.com/jobs/view/4453201821 , ,li-4453201821,fulltime,,,,,,True,mid-senior level,Engineering,,,Automation Machinery Manufacturing,https://de.linkedin.com/company/siemens,,,,,,,,,,,
linkedin,System Integration Engineer (all genders),DEVELOGIC,"Hamburg, Hamburg, Germany",2026-08-13,https://www.linkedin.com/jobs/view/4452769951 , ,li-4452769951,fulltime,,,,,,True,entry level,Engineering,,,Maritime Transportation,https://de.linkedin.com/company/develogic,,,,,,,,,,,
linkedin,E/E Hardware Engineer Motorsport,HeyJobs,"Munich, Bavaria, Germany",2026-08-13,https://www.linkedin.com/jobs/view/4452930290 , ,li-4452930290,fulltime,,,,,,False,entry level,Engineering,,,Automation Machinery Manufacturing,https://de.linkedin.com/company/heyjobs,,,,,,,,,,,
linkedin,Field Application Engineer – Battery Management Systems (m/f/d),Munich Electrification,"Munich, Bavaria, Germany",2026-08-13,https://www.linkedin.com/jobs/view/4432365521 , ,li-4432365521,fulltime,,,,,,False,mid-senior level,Sales and Business Development,,,"Appliances, Electrical, and Electronics Manufacturing",https://de.linkedin.com/company/munichelectrification,,,,,,,,,,,
linkedin,Ingenieur Fahrzeugtechnik für die Serienentwicklung/-produktion (m/w/d),Oehmichen & Bürgers Industrieplanung GmbH,"Düsseldorf, North Rhine-Westphalia, Germany",2026-08-13,https://www.linkedin.com/jobs/view/4453696010 , ,li-4453696010,fulltime,,,,,,False,entry level,Engineering and Information Technology,,,Engineering Services,https://de.linkedin.com/company/oub,,,,,,,,,,,
linkedin,Prüfingenieur Fahrzeuge / Kfz Sachverständiger (aaSoP) (m/w/d),DEKRA Germany,"Halle, Saxony-Anhalt, Germany",2026-08-13,https://www.linkedin.com/jobs/view/4454010106 , ,li-4454010106,fulltime,,,,,,False,entry level,Engineering and Information Technology,,ugur.tuerkue@dekra.com,Public Safety,https://de.linkedin.com/company/dekra-germany,,,,,,,,,,,
linkedin,Supplier Quality Engineer (m/w/d),ETO GRUPPE,"Stockach, Baden-Württemberg, Germany",2026-08-13,https://www.linkedin.com/jobs/view/4452998257 , ,li-4452998257,fulltime,,,,,,False,entry level,Quality Assurance,,,Automotive,https://de.linkedin.com/company/etogruppe,,,,,,,,,,,
linkedin,Forward Deployed Engineer - in Münster or Munich (m/w/d),chemstars,"Munich, Bavaria, Germany",2026-08-13,https://www.linkedin.com/jobs/view/4454013718 , ,li-4454013718,fulltime,,,,,,True,entry level,Engineering and Information Technology,,,Business Consulting and Services,https://de.linkedin.com/company/chemstars,,,,,,,,,,,
linkedin,F&DT Engineer and Technical Approver SA/A330 (m/f/d),Airbus Aircraft,"Augsburg, Bavaria, Germany",2026-08-13,https://www.linkedin.com/jobs/view/4450470368 , ,li-4450470368,fulltime,,,,,,False,mid-senior level,Information Technology,,emsom@airbus.com,Aviation and Aerospace Component Manufacturing,https://fr.linkedin.com/company/airbus,,,,,,,,,,,
linkedin,Application Sales Engineer (M/W/D) Flowform,ARNOLD UMFORMTECHNIK GmbH & Co. KG,"Dörzbach, Baden-Württemberg, Germany",2026-08-13,https://www.linkedin.com/jobs/view/4450806879 , ,li-4450806879,fulltime,,,,,,False,entry level,Engineering and Information Technology,,,Automotive,https://www.linkedin.com/company/arnold-umformtechnik-gmbh-&-co-kg,,,,,,,,,,,
linkedin,Application & Business Development Manager Automotive EMEA,Trinseo,"Eschborn, Hesse, Germany",2026-08-13,https://www.linkedin.com/jobs/view/4398554137 , ,li-4398554137,fulltime,,,,,,True,not applicable,Business Development and Sales,,,Chemical Manufacturing,https://www.linkedin.com/company/trinseo,,,,,,,,,,,
linkedin,Techniker - Konstrukteur Maschinenbau (m/w/d),Franz Ziel GmbH,"Billerbeck, North Rhine-Westphalia, Germany",2026-08-13,https://www.linkedin.com/jobs/view/4453682915 , ,li-4453682915,fulltime,,,,,,False,entry level,Engineering,,,Industrial Machinery Manufacturing,https://de.linkedin.com/company/franz-ziel-gmbh,,,,,,,,,,,
linkedin,Space Mechanisms Engineer,Large Space Structures GmbH,"Garching, Bavaria, Germany",2026-08-12,https://www.linkedin.com/jobs/view/4450157374 , ,li-4450157374,fulltime,,,,,,False,mid-senior level,Engineering,,,Government Administration,https://de.linkedin.com/company/largespace,,,,,,,,,,,
linkedin,Jena-Optronik GmbH (Thür)- Senior Systems Engineer,Airbus,"Jena, Thuringia, Germany",2026-08-12,https://www.linkedin.com/jobs/view/4453017666 , ,li-4453017666,fulltime,,,,,,False,mid-senior level,Information Technology,,emsom@airbus.com,Aviation and Aerospace Component Manufacturing,https://fr.linkedin.com/company/airbusgroup,,,,,,,,,,,
linkedin,Konstrukteur (m/w/d) Werkzeug- und Anlagenbau,Geberit Deutschland,"Langenfeld, North Rhine-Westphalia, Germany",2026-08-12,https://www.linkedin.com/jobs/view/4443131412 , ,li-4443131412,fulltime,,,,,,False,entry level,Information Technology,,,Building Materials,https://de.linkedin.com/company/geberit-deutschland,,,,,,,,,,,
linkedin,Deputy Chief Engineer,The Exploration Company,,2026-08-12,https://www.linkedin.com/jobs/view/4443118805 , ,li-4443118805,fulltime,,,,,,False,mid-senior level,Engineering and Information Technology,,,Aviation and Aerospace Component Manufacturing,https://de.linkedin.com/company/exploration-company,,,,,,,,,,,
linkedin,"Motor Design Engineer , Amazon Robotics",Amazon,"Munich, Bavaria, Germany",2026-08-12,https://www.linkedin.com/jobs/view/4453066605 , ,li-4453066605,fulltime,,,,,,False,not applicable,Manufacturing and Engineering,,,Software Development,https://www.linkedin.com/company/amazon,,,,,,,,,,,
linkedin,Design Engineer,Westinghouse Electric Company,"Mannheim, Baden-Württemberg, Germany",2026-08-12,https://www.linkedin.com/jobs/view/4425254743 , ,li-4425254743,fulltime,,,,,,True,entry level,Engineering and Information Technology,,,Utilities,https://www.linkedin.com/company/westinghouse-electric-company,,,,,,,,,,,
linkedin,Projektingenieur Fahrzeugtechnik (m/w/d),Oehmichen & Bürgers Industrieplanung GmbH,"Düsseldorf, North Rhine-Westphalia, Germany",2026-08-12,https://www.linkedin.com/jobs/view/4453143461 , ,li-4453143461,fulltime,,,,,,False,entry level,Engineering and Information Technology,,,Engineering Services,https://de.linkedin.com/company/oub,,,,,,,,,,,
linkedin,Engineering Expert – Post-Processing Technology (Washing & Drying),Zellerfeld Shoe Company Inc.,"Hamburg, Hamburg, Germany",2026-08-12,https://www.linkedin.com/jobs/view/4453059994 , ,li-4453059994,fulltime,,,,,,False,mid-senior level,Other,,,Retail Apparel and Fashion,https://de.linkedin.com/company/zellerfeld-inc,,,,,,,,,,,
linkedin,FMEA Moderator (m/w/d) - Automotive (REMOTE),TE Connectivity,"Bensheim, Hesse, Germany",2026-08-12,https://www.linkedin.com/jobs/view/4450101624 , ,li-4450101624,fulltime,,,,,,True,mid-senior level,"Design, Art/Creative, and Information Technology",,,"Appliances, Electrical, and Electronics Manufacturing",https://ie.linkedin.com/company/te-connectivity,,,,,,,,,,,
linkedin,Kfz - Mechatroniker (m/w/d),BLG LOGISTICS GROUP AG & Co. KG,"Bremerhaven, Bremen, Germany",2026-08-12,https://www.linkedin.com/jobs/view/4435174345 , ,li-4435174345,fulltime,,,,,,False,entry level,Management and Manufacturing,,,"Transportation, Logistics, Supply Chain and Storage",https://de.linkedin.com/company/blg-logistics-group,,,,,,,,,,,
linkedin,Senior Analog/Mixed-Signal IC Designer Automotive (f/m/div.),Bosch,"Reutlingen, Baden-Württemberg, Germany",2026-08-12,https://www.linkedin.com/jobs/view/4452391125 , ,li-4452391125,fulltime,,,,,,False,associate,Design,,,Automotive,https://de.linkedin.com/company/bosch,,,,,,,,,,,
linkedin,Konstrukteur Maschinenbau (m/w/d) – Mechanische Konstruktion,ENTRAK GmbH,"Finsterwalde, Brandenburg, Germany",2026-08-12,https://www.linkedin.com/jobs/view/4451968726 , ,li-4451968726,fulltime,,,,,,False,entry level,Engineering and Information Technology,,"info@glsupport.de, karriere@fimag.de",Aviation and Aerospace Component Manufacturing,https://de.linkedin.com/company/entrak-gmbh-&-co-kg,,,,,,,,,,,
linkedin,Lead Software Engineer,DeepRec.ai,"Berlin, Berlin, Germany",2026-08-12,https://www.linkedin.com/jobs/view/4453123147 , ,li-4453123147,fulltime,,,,,,False,mid-senior level,Information Technology,,,"Technology, Information and Media, Robotics Engineering, and Robot Manufacturing",https://uk.linkedin.com/company/deep-rec-ai,,,,,,,,,,,
linkedin,Entwicklungskonstrukteur (m/w/d),Mühlbauer Group,"Roding, Bavaria, Germany",2026-08-12,https://www.linkedin.com/jobs/view/4452707770 , ,li-4452707770,fulltime,,,,,,False,mid-senior level,Engineering and Information Technology,,,Machinery Manufacturing,https://de.linkedin.com/company/muhlbauer-group,,,,,,,,,,,
linkedin,Projektingenieur:in,amaxo GmbH,"Munich, Bavaria, Germany",2026-08-12,https://www.linkedin.com/jobs/view/4452391386 , ,li-4452391386,fulltime,,,,,,False,associate,Strategy/Planning,,yannick.weiss@amaxo.de,Machinery Manufacturing,https://de.linkedin.com/company/amaxo-gmbh,,,,,,,,,,,
linkedin,Konstruktionsingenieur (w/m/d),Innomotics,"Nuremberg, Bavaria, Germany",2026-08-12,https://www.linkedin.com/jobs/view/4450124938 , ,li-4450124938,fulltime,,,,,,False,entry level,Engineering and Information Technology,,in.career.de@innomotics.com,Machinery Manufacturing,https://de.linkedin.com/company/innomotics,,,,,,,,,,,
linkedin,Data Engineer,Wayve,"Leonberg, Baden-Württemberg, Germany",2026-08-12,https://www.linkedin.com/jobs/view/4441046592 , ,li-4441046592,fulltime,,,,,,False,entry level,Information Technology,,,Software Development,https://uk.linkedin.com/company/wayve-technologies,,,,,,,,,,,
linkedin,Senior Data Engineer - Streaming Analytics (f/m/d),Volkswagen Group,"Ingolstadt, Bavaria, Germany",2026-08-12,https://www.linkedin.com/jobs/view/4452721884 , ,li-4452721884,temporary,,,,,,True,mid-senior level,Information Technology,,"careers@cariad.technology, careers@cariad.technology",Motor Vehicle Manufacturing,https://de.linkedin.com/company/volkswagen-group,,,,,,,,,,,
linkedin,Experte (m/w/d) FEM-Simulation & Testing,Kärcher,"Winnenden, Baden-Württemberg, Germany",2026-08-12,https://www.linkedin.com/jobs/view/4450148356 , ,li-4450148356,fulltime,,,,,,False,mid-senior level,Quality Assurance,,julia.may@karcher.com,Industrial Machinery Manufacturing,https://de.linkedin.com/company/alfred-kaercher-se-&-co-kg,,,,,,,,,,,
linkedin,Senior Test Engineer - Autonomous Driving,NVIDIA,"Munich, Bavaria, Germany",2026-08-12,https://www.linkedin.com/jobs/view/4434184654 , ,li-4434184654,fulltime,,,,,,False,mid-senior level,Engineering,,,Computer Hardware Manufacturing,https://www.linkedin.com/company/nvidia,,,,,,,,,,,
linkedin,Application Engineer for ADAS,T&S (Technology & Strategy),,2026-08-12,https://www.linkedin.com/jobs/view/4453140673 , ,li-4453140673,fulltime,,,,,,False,associate,Engineering,,,Engineering Services,https://fr.linkedin.com/company/technology-&-strategy-t&s-,,,,,,,,,,,
linkedin,Konstrukteur / Mechanical Design Engineer (m/f/d),Dauch,"Zell am Harmersbach, Baden-Württemberg, Germany",2026-08-12,https://www.linkedin.com/jobs/view/4425078606 , ,li-4425078606,fulltime,,,,,,False,mid-senior level,Engineering and Manufacturing,,,Manufacturing,https://www.linkedin.com/company/dauchcorp,,,,,,,,,,,
linkedin,Konstrukteur:in,REIKAN GROUP,"Dresden, Saxony, Germany",2026-08-12,https://www.linkedin.com/jobs/view/4453074971 , ,li-4453074971,fulltime,,,,,,False,associate,Engineering and Production,,personal@reikan.de,"Machinery Manufacturing, Environmental Services, and Engineering Services",https://de.linkedin.com/company/reikan-group,,,,,,,,,,,
linkedin,(Sr.) ENGINEER FOR BUSHING ENGINEERING DESIGN (M/F/D),Hyundai Motor Europe Technical Center GmbH,"Rüsselsheim, Hesse, Germany",2026-08-12,https://www.linkedin.com/jobs/view/4352253426 , ,li-4352253426,fulltime,,,,,,False,mid-senior level,Engineering and Information Technology,,,Motor Vehicle Manufacturing,https://de.linkedin.com/company/hyundaimotoreuropetechnicalcentergmbh,,,,,,,,,,,
linkedin,Design Engineer (m/f/d),NAXCON GROUP,"Düsseldorf, North Rhine-Westphalia, Germany",2026-08-12,https://www.linkedin.com/jobs/view/4453383219 , ,li-4453383219,fulltime,,,,,,False,mid-senior level,Engineering and Information Technology,,,IT Services and IT Consulting,https://de.linkedin.com/company/naxcon,,,,,,,,,,,
linkedin,Entwicklungsingenieur CAx & DMU (M/W/D),T&S (Technology & Strategy),,2026-08-12,https://www.linkedin.com/jobs/view/4453108576 , ,li-4453108576,fulltime,,,,,,False,associate,Engineering,,,IT Services and IT Consulting and Engineering Services,https://fr.linkedin.com/company/technology-&-strategy-t&s-,,,,,,,,,,,
linkedin,Technischer Produktdesigner (m/w/d) Fachrichtung Maschinen- und Anlagenkonstruktion,ENTRAK GmbH,"Finsterwalde, Brandenburg, Germany",2026-08-12,https://www.linkedin.com/jobs/view/4451966795 , ,li-4451966795,fulltime,,,,,,False,entry level,"Design, Art/Creative, and Information Technology",,"info@glsupport.de, karriere@fimag.de",Aviation and Aerospace Component Manufacturing,https://de.linkedin.com/company/entrak-gmbh-&-co-kg,,,,,,,,,,,
linkedin,Electrical Engineer (m/w/d),Bertrandt Group,"Munich, Bavaria, Germany",2026-08-12,https://www.linkedin.com/jobs/view/4451189817 , ,li-4451189817,fulltime,,,,,,False,entry level,Engineering and Information Technology,,,Engineering Services,https://de.linkedin.com/company/bertrandt-ag,,,,,,,,,,,
linkedin,PRODUKTENTWICKLER MÖBEL OUTDOOR LIVING (W/M/D),STERN GmbH & Co. KG,"Affalterbach, Baden-Württemberg, Germany",2026-08-12,https://www.linkedin.com/jobs/view/4453049989 , ,li-4453049989,fulltime,,,,,,False,entry level,Product Management and Marketing,,,Furniture and Home Furnishings Manufacturing,https://de.linkedin.com/company/stern-outstanding,,,,,,,,,,,
linkedin,Entwickler:in Maschinenbau oder Mechatronik (m/w/d),Prefiro,"Karlsruhe, Baden-Württemberg, Germany",2026-08-12,https://www.linkedin.com/jobs/view/4450136169 , ,li-4450136169,contract,,,,,,False,associate,Engineering,,,Manufacturing,https://de.linkedin.com/company/prefiroprecisionfarming,,,,,,,,,,,
linkedin,Projektingenieur Configuration Management (m/w/d),CIMPA PLM Services,"Hamburg, Hamburg, Germany",2026-08-12,https://www.linkedin.com/jobs/view/4453360609 , ,li-4453360609,fulltime,,,,,,False,not applicable,Other,,,"Software Development, IT Services and IT Consulting, and Business Consulting and Services",https://fr.linkedin.com/company/cimpa-plm-services,,,,,,,,,,,
linkedin,System Engineer (m/w/d),AIP SERVICES GmbH,"Altenstadt, Hesse, Germany",2026-08-12,https://www.linkedin.com/jobs/view/4452750795 , ,li-4452750795,fulltime,,,,,,False,mid-senior level,Engineering,,,Retail,https://de.linkedin.com/company/metrica-services-gmbh,,,,,,,,,,,
linkedin,Hardware & Layout Engineer (m/w/d),Diehl Controls,"Wangen im Allgäu, Baden-Württemberg, Germany",2026-08-12,https://www.linkedin.com/jobs/view/4452419449 , ,li-4452419449,fulltime,,,,,,False,entry level,Engineering and Information Technology,,,"Appliances, Electrical, and Electronics Manufacturing",https://de.linkedin.com/company/diehl-controls,,,,,,,,,,,
linkedin,Orbital Systems Mechanical Design Engineer (m/f/d),deltaVision - fluid control & aerospace,"Munich, Bavaria, Germany",2026-08-12,https://www.linkedin.com/jobs/view/4450129449 , ,li-4450129449,fulltime,,,,,,False,associate,Engineering,,,Aviation and Aerospace Component Manufacturing,https://de.linkedin.com/company/deltavision-fluid-control-aerospace,,,,,,,,,,,
linkedin,Junior Digital Modeler – Advanced Design,Li Auto,"Munich, Bavaria, Germany",2026-08-12,https://www.linkedin.com/jobs/view/4452395248 , ,li-4452395248,fulltime,,,,,,False,entry level,Design,,,Motor Vehicle Manufacturing,https://cn.linkedin.com/company/liauto,,,,,,,,,,,
linkedin,Application Engineer – Ethernet Products (f/m/d),NXP Semiconductors,"Hamburg, Hamburg, Germany",2026-08-12,https://www.linkedin.com/jobs/view/4434480852 , ,li-4434480852,fulltime,,,,,,False,mid-senior level,Engineering and Information Technology,,,"Semiconductor Manufacturing, Computers and Electronics Manufacturing, and Software Development",https://nl.linkedin.com/company/nxp-semiconductors,,,,,,,,,,,
linkedin,Senior Development Engineer (m/f/d),Mühlbauer Group,"Roding, Bavaria, Germany",2026-08-12,https://www.linkedin.com/jobs/view/4452705919 , ,li-4452705919,temporary,,,,,,False,mid-senior level,Engineering and Information Technology,,,Machinery Manufacturing,https://de.linkedin.com/company/muhlbauer-group,,,,,,,,,,,
linkedin,Software Integration Engineer,Applied Intuition,"Stuttgart, Baden-Württemberg, Germany",2026-08-12,https://www.linkedin.com/jobs/view/4442680314 , ,li-4442680314,fulltime,,,,,,True,entry level,Quality Assurance,,people@applied.co,Software Development,https://www.linkedin.com/company/applied-intuition-inc,,,,,,,,,,,
linkedin,System Engineer (all gender),ALTEN,,2026-08-12,https://www.linkedin.com/jobs/view/4401920981 , ,li-4401920981,fulltime,,,,,,False,associate,Engineering,,,Aviation and Aerospace Component Manufacturing and Defense and Space Manufacturing,https://fr.linkedin.com/company/alten,,,,,,,,,,,
linkedin,Embedded Software Engineer FCS & FMS (f/m/d),Airbus Defence and Space,"Manching, Bavaria, Germany",2026-08-12,https://www.linkedin.com/jobs/view/4453015666 , ,li-4453015666,parttime,,,,,,False,mid-senior level,Engineering and Information Technology,,emsom@airbus.com,Defense and Space Manufacturing,https://www.linkedin.com/company/airbus-defence-and-space,,,,,,,,,,,
linkedin,OS Engineer (m/f/d),EGYM | DACH,"Munich, Bavaria, Germany",2026-08-12,https://www.linkedin.com/jobs/view/4453140185 , ,li-4453140185,fulltime,,,,,,False,mid-senior level,Engineering and Information Technology,,hiring@egym.com,Wellness and Fitness Services,https://de.linkedin.com/company/egym-gmbh,,,,,,,,,,,
linkedin,Electrical Engineer - Motor Control (m/f/d),EGYM | DACH,"Munich, Bavaria, Germany",2026-08-12,https://www.linkedin.com/jobs/view/4453086207 , ,li-4453086207,fulltime,,,,,,False,mid-senior level,Engineering and Information Technology,,hiring@egym.com,Wellness and Fitness Services,https://de.linkedin.com/company/egym-gmbh,,,,,,,,,,,
linkedin,Senior Product Application Engineer,Danfoss,"Hamburg, Hamburg, Germany",2026-08-12,https://www.linkedin.com/jobs/view/4443792211 , ,li-4443792211,fulltime,,,,,,False,mid-senior level,Research and Engineering,,,Industrial Machinery Manufacturing,https://dk.linkedin.com/company/danfoss,,,,,,,,,,,
linkedin,Electronics Engineer (m/f/d),Agile Robots SE,"Munich, Bavaria, Germany",2026-08-12,https://www.linkedin.com/jobs/view/4450170091 , ,li-4450170091,fulltime,,,,,,False,entry level,Engineering,,,"Robotics Engineering, Robot Manufacturing, and Software Development",https://de.linkedin.com/company/agile-robots-se,,,,,,,,,,,
linkedin,Projektingenieur Konstruktion (m/w/d),Spheros Group,"Gilching, Bavaria, Germany",2026-08-12,https://www.linkedin.com/jobs/view/4453090357 , ,li-4453090357,fulltime,,,,,,False,mid-senior level,Manufacturing,,lendita.alijaj@spheros.com,Manufacturing,https://de.linkedin.com/company/spheros-group,,,,,,,,,,,
linkedin,System-/Projektingenieur Elektrotechnik für Brennstoffzellen (m/w/d),TKMS,"Kiel, Schleswig-Holstein, Germany",2026-08-12,https://www.linkedin.com/jobs/view/4450131896 , ,li-4450131896,fulltime,,,,,,False,mid-senior level,Engineering,,,Utilities,https://de.linkedin.com/company/tkms,,,,,,,,,,,
linkedin,Senior Mechanical Engineer I,CesiumAstro,"Munich, Bavaria, Germany",2026-08-11,https://www.linkedin.com/jobs/view/4452619113 , ,li-4452619113,fulltime,,,,,,False,mid-senior level,Engineering and Information Technology,,,Defense and Space Manufacturing,https://www.linkedin.com/company/cesiumastro,,,,,,,,,,,
linkedin,Technischer Produktdesigner - Maschinen- und Anlagenkonstruktion (m/w/d),Maschinenbau Bardowick GmbH,"Bardowick, Lower Saxony, Germany",2026-08-11,https://www.linkedin.com/jobs/view/4451920413 , ,li-4451920413,fulltime,,,,,,False,entry level,"Design, Art/Creative, and Information Technology",,,Industrial Machinery Manufacturing,https://de.linkedin.com/company/maschinenbau-bardowick-gmbh,,,,,,,,,,,
linkedin,Turbopump Rotordynamics Engineer,The Exploration Company,"Munich, Bavaria, Germany",2026-08-11,https://www.linkedin.com/jobs/view/4367290823 , ,li-4367290823,fulltime,,,,,,False,mid-senior level,Engineering and Information Technology,,,Aviation and Aerospace Component Manufacturing,https://de.linkedin.com/company/exploration-company,,,,,,,,,,,
linkedin,Technischer Zeichner / Produktdesigner in Voll- oder Teilzeit (m/w/d),MICON Downhole-Tools GmbH,"Nienhagen, Lower Saxony, Germany",2026-08-11,https://www.linkedin.com/jobs/view/4452492833 , ,li-4452492833,fulltime,,,,,,False,entry level,"Design, Art/Creative, and Information Technology",,,Machinery Manufacturing,https://de.linkedin.com/company/micon-mining,,,,,,,,,,,
linkedin,Process Engineer (f/m/d) for GT Auxiliary Systems with SAP expertise,Siemens Energy,"Frankfurt, Hesse, Germany",2026-08-11,https://www.linkedin.com/jobs/view/4451907342 , ,li-4451907342,fulltime,,,,,,True,entry level,Engineering,,,"Appliances, Electrical, and Electronics Manufacturing",https://www.linkedin.com/company/siemens-energy,,,,,,,,,,,
linkedin,Entwicklungsingenieur Karosserie (m/w/d),emagine,"Stuttgart, Baden-Württemberg, Germany",2026-08-11,https://www.linkedin.com/jobs/view/4451928898 , ,li-4451928898,fulltime,,,,,,False,mid-senior level,Engineering and Information Technology,,,IT Services and IT Consulting,https://dk.linkedin.com/company/emagine,,,,,,,,,,,
linkedin,Konstrukteur Produktentwicklung für Kompensatoren und Sonderanwendungen (m-w-d),Senior Flexonics,,2026-08-11,https://www.linkedin.com/jobs/view/4452492498 , ,li-4452492498,fulltime,,,,,,False,associate,Product Management and Marketing,,,Industrial Machinery Manufacturing,https://www.linkedin.com/company/senior-flexonics,,,,,,,,,,,
linkedin,Entwicklungsingenieur Rückhaltesysteme (Airbag/Gurt/Lenkrad) (m/w/d),EDAG Group,"Ingolstadt, Bavaria, Germany",2026-08-11,https://www.linkedin.com/jobs/view/4451932299 , ,li-4451932299,fulltime,,,,,,False,mid-senior level,Engineering and Information Technology,,,Engineering Services,https://de.linkedin.com/company/edaggroup,,,,,,,,,,,
linkedin,"Team Lead, System Software/UI - Embedded Linux, ROS, C++ (F/M/D)",NavVis,"Munich, Bavaria, Germany",2026-08-11,https://www.linkedin.com/jobs/view/4452491411 , ,li-4452491411,fulltime,,,,,,False,mid-senior level,Engineering and Information Technology,,,"Technology, Information and Internet",https://de.linkedin.com/company/navvis,,,,,,,,,,,
linkedin,Process Engineer (m/f/d),Procter & Gamble,"Berlin, Berlin, Germany",2026-08-11,https://www.linkedin.com/jobs/view/4431521146 , ,li-4431521146,fulltime,,,,,,False,not applicable,Management and Manufacturing,,,Manufacturing,https://www.linkedin.com/company/procter-and-gamble,,,,,,,,,,,
linkedin,Senior System Architect,Beagle,"Hannover, Lower Saxony, Germany",2026-08-11,https://www.linkedin.com/jobs/view/4437274563 , ,li-4437274563,fulltime,,,,,,False,mid-senior level,Design and Engineering,,,"Semiconductor Manufacturing and Appliances, Electrical, and Electronics Manufacturing",https://uk.linkedin.com/company/beagletalent,,,,,,,,,,,
linkedin,Senior Mechanical Ground Systems Engineer (f/m/d),Isar Aerospace,"Parsdorf, Bavaria, Germany",2026-08-11,https://www.linkedin.com/jobs/view/4452622963 , ,li-4452622963,fulltime,,,,,,False,mid-senior level,Engineering and Information Technology,,,Aviation and Aerospace Component Manufacturing,https://de.linkedin.com/company/isaraerospace,,,,,,,,,,,
linkedin,Brand Technical Lead (m/f/d),HARMAN International,"Garching, Bavaria, Germany",2026-08-11,https://www.linkedin.com/jobs/view/4440477771 , ,li-4440477771,fulltime,,,,,,False,director,Engineering and Information Technology,,harmancareers@harman.com,Computers and Electronics Manufacturing,https://www.linkedin.com/company/harman-international,,,,,,,,,,,
linkedin,Projektingenieur Simulation CAE (m/w/d),EDAG Group,"Cologne, North Rhine-Westphalia, Germany",2026-08-11,https://www.linkedin.com/jobs/view/4451948141 , ,li-4451948141,fulltime,,,,,,False,mid-senior level,Engineering and Information Technology,,,Engineering Services,https://de.linkedin.com/company/edaggroup,,,,,,,,,,,
linkedin,Entwicklungsingenieur Passive Sicherheit - Fußgängerschutz (m/w/d),EDAG Group,"Ingolstadt, Bavaria, Germany",2026-08-11,https://www.linkedin.com/jobs/view/4451940251 , ,li-4451940251,fulltime,,,,,,False,mid-senior level,Engineering and Information Technology,,,Engineering Services,https://de.linkedin.com/company/edaggroup,,,,,,,,,,,
linkedin,Mechanical Ground Systems Engineer (f/m/d),Isar Aerospace,"Ottobrunn, Bavaria, Germany",2026-08-11,https://www.linkedin.com/jobs/view/4452642318 , ,li-4452642318,fulltime,,,,,,False,mid-senior level,Engineering and Information Technology,,,Aviation and Aerospace Component Manufacturing,https://de.linkedin.com/company/isaraerospace,,,,,,,,,,,
linkedin,Design Engineer III,Regal Rexnord,"Waldenburg, Baden-Württemberg, Germany",,https://www.linkedin.com/jobs/view/4452524538 , ,li-4452524538,fulltime,,,,,,True,mid-senior level,Engineering and Information Technology,,,"Electric Power Transmission, Control, and Distribution",https://www.linkedin.com/company/regal-rexnord,,,,,,,,,,,
linkedin,Product Design Engineer (m/w/d),Hager Deutschland,"Blieskastel, Saarland, Germany",,https://www.linkedin.com/jobs/view/4443227084 , ,li-4443227084,fulltime,,,,,,False,entry level,Engineering and Information Technology,,,"Appliances, Electrical, and Electronics Manufacturing",https://de.linkedin.com/company/hagerdeutschland,,,,,,,,,,,
linkedin,PhD Computational Design for Automotive Engineering and Design Processes (f/m/x),BMW Group,"Munich, Bavaria, Germany",,https://www.linkedin.com/jobs/view/4340035232 , ,li-4340035232,fulltime,,,,,,False,internship,Engineering and Information Technology,,,Motor Vehicle Manufacturing,https://de.linkedin.com/company/bmw-group,,,,,,,,,,,
linkedin,Design Integrator (f/m/d) – Product Design (Combustion and Turbines Systems),Rolls-Royce,"Dahlewitz, Brandenburg, Germany",,https://www.linkedin.com/jobs/view/4455318118 , ,li-4455318118,fulltime,,,,,,False,mid-senior level,Information Technology,,,Industrial Machinery Manufacturing,https://uk.linkedin.com/company/rolls-royce,,,,,,,,,,,
linkedin,Konstruktionsingenieur (m/w/d) im Bereich GBAD,Diehl Defence,"Überlingen, Baden-Württemberg, Germany",,https://www.linkedin.com/jobs/view/4454256257 , ,li-4454256257,fulltime,,,,,,False,mid-senior level,Engineering and Information Technology,,,"Appliances, Electrical, and Electronics Manufacturing",https://de.linkedin.com/company/diehl-defence,,,,,,,,,,,
linkedin,Senior Design Engineer (m/w/d),Norsk Hydro,"Ulm, Baden-Württemberg, Germany",,https://www.linkedin.com/jobs/view/4437761955 , ,li-4437761955,fulltime,,,,,,False,mid-senior level,Engineering and Information Technology,,,Mining,https://no.linkedin.com/company/norsk-hydro,,,,,,,,,,,
linkedin,Entwicklungsingenieur (m/w/x),BOGE Compressors Germany,"Bielefeld, North Rhine-Westphalia, Germany",,https://www.linkedin.com/jobs/view/4454495453 , ,li-4454495453,fulltime,,,,,,False,associate,Engineering,,,Industrial Machinery Manufacturing,https://de.linkedin.com/company/boge-kompressoren-germany,,,,,,,,,,,
linkedin,Professional HCS CAD Engineer (m/w/d),HARTING Technology Group,"Espelkamp, North Rhine-Westphalia, Germany",,https://www.linkedin.com/jobs/view/4441353259 , ,li-4441353259,fulltime,,,,,,False,entry level,Engineering and Information Technology,,,Automation Machinery Manufacturing,https://de.linkedin.com/company/harting,,,,,,,,,,,
linkedin,Entwicklungsingenieur Maschinenbau / CAD-Konstrukteur (m/w/d),advaligno GmbH,"Wunstorf, Lower Saxony, Germany",,https://www.linkedin.com/jobs/view/4455579622 , ,li-4455579622,temporary,,,,,,False,entry level,Engineering and Information Technology,,,Machinery Manufacturing,https://de.linkedin.com/company/advaligno,,,,,,,,,,,
linkedin,Valves Development Engineer [High-Thrust Rocket Engine],The Exploration Company,"Munich, Bavaria, Germany",,https://www.linkedin.com/jobs/view/4316667115 , ,li-4316667115,fulltime,,,,,,False,mid-senior level,Engineering and Information Technology,,,Aviation and Aerospace Component Manufacturing,https://de.linkedin.com/company/exploration-company,,,,,,,,,,,
linkedin,Konstrukteur / Techn. Produktdesigner (m/w/d),endigo GmbH,"Reinfeld, Schleswig-Holstein, Germany",,https://www.linkedin.com/jobs/view/4452557502 , ,li-4452557502,fulltime,,,,,,False,entry level,Engineering,,,Automation Machinery Manufacturing,https://de.linkedin.com/company/endigo-gmbh,,,,,,,,,,,
linkedin,Design Engineer (w/m/d) - Leistungstransformatoren Stahlbaukonstruktionen,Siemens Energy,"Nuremberg, Bavaria, Germany",,https://www.linkedin.com/jobs/view/4445717169 , ,li-4445717169,fulltime,,,,,,True,mid-senior level,Engineering,,,"Appliances, Electrical, and Electronics Manufacturing",https://www.linkedin.com/company/siemens-energy,,,,,,,,,,,
linkedin,Seat Structures Engineer (Mid-Level) (m/f/d),Boeing,"Hamburg, Hamburg, Germany",,https://www.linkedin.com/jobs/view/4454465480 , ,li-4454465480,fulltime,,,,,,False,not applicable,Engineering and Information Technology,,,"Airlines and Aviation, Aviation and Aerospace Component Manufacturing, and Defense and Space Manufacturing",https://www.linkedin.com/company/boeing,,,,,,,,,,,
linkedin,Fachteamleiter (m/w/d) Konstruktion Varianten- & Serienentwicklung,Diehl Defence,"Überlingen, Baden-Württemberg, Germany",,https://www.linkedin.com/jobs/view/4454284523 , ,li-4454284523,fulltime,,,,,,False,mid-senior level,Other,,,"Appliances, Electrical, and Electronics Manufacturing",https://de.linkedin.com/company/diehl-defence,,,,,,,,,,,
linkedin,"Sr Solutions Design Engineer, GES Operations Engineering",Amazon,"Munich, Bavaria, Germany",,https://www.linkedin.com/jobs/view/4455339550 , ,li-4455339550,fulltime,,,,,,False,mid-senior level,"Project Management, Management, and Product Management",,,Software Development,https://www.linkedin.com/company/amazon,,,,,,,,,,,
linkedin,AIT & Test Infrastructure Engineer - Solar Arrays,Dcubed,"Germering, Bavaria, Germany",,https://www.linkedin.com/jobs/view/4455330958 , ,li-4455330958,fulltime,,,,,,False,mid-senior level,Manufacturing and Engineering,,,Defense and Space Manufacturing,https://de.linkedin.com/company/dcubedspace,,,,,,,,,,,
linkedin,Solution Engineer,Applied Intuition,"Stuttgart, Baden-Württemberg, Germany",,https://www.linkedin.com/jobs/view/4423948920 , ,li-4423948920,fulltime,,,,,,True,mid-senior level,Engineering and Information Technology,,people@applied.co,Software Development,https://www.linkedin.com/company/applied-intuition-inc,,,,,,,,,,,
linkedin,Process Development Engineer (m/w/d)*,SCHOTT,"Grünenplan, Lower Saxony, Germany",,https://www.linkedin.com/jobs/view/4454498326 , ,li-4454498326,fulltime,,,,,,False,mid-senior level,"Engineering, Production, and Project Management",,,"Glass, Ceramics and Concrete Manufacturing",https://de.linkedin.com/company/schott,,,,,,,,,,,
linkedin,Versuchsingenieur Gesamtfahrzeug (m/w/d) Schwerpunkt Elektromobilität (BEV),Bertrandt Group,"Munich, Bavaria, Germany",,https://www.linkedin.com/jobs/view/4453203366 , ,li-4453203366,fulltime,,,,,,False,entry level,Engineering and Information Technology,,,Engineering Services,https://de.linkedin.com/company/bertrandt-ag,,,,,,,,,,,
linkedin,Flight Control Automation Engineer (all genders),ERC System,"Ottobrunn, Bavaria, Germany",,https://www.linkedin.com/jobs/view/4452580307 , ,li-4452580307,fulltime,,,,,,True,associate,Engineering,,,Aviation and Aerospace Component Manufacturing,https://de.linkedin.com/company/erc-system,,,,,,,,,,,
linkedin,(Associate) Manager Biomechanics - Mechanical Testing,Stryker,"Schönkirchen, Schleswig-Holstein, Germany",,https://www.linkedin.com/jobs/view/4454416186 , ,li-4454416186,fulltime,,,,,,False,mid-senior level,Management and Manufacturing,,,"Appliances, Electrical, and Electronics Manufacturing, Industrial Machinery Manufacturing, and Medical Equipment Manufacturing",https://www.linkedin.com/company/stryker,,,,,,,,,,,
linkedin,Product Designer,Zero to One Search | Recruitment Agency,"Munich, Bavaria, Germany",,https://www.linkedin.com/jobs/view/4452574280 , ,li-4452574280,fulltime,,,,,,True,mid-senior level,Information Technology,,,Staffing and Recruiting,https://de.linkedin.com/company/zero-to-one-search,,,,,,,,,,,
linkedin,Technischer Systemplaner / Technischer Produktdesigner / Bauzeichner (m/w/d),CHEFS CULINAR,"Kiel, Schleswig-Holstein, Germany",,https://www.linkedin.com/jobs/view/4454730189 , ,li-4454730189,fulltime,,,,,,False,entry level,"Design, Art/Creative, and Information Technology",,,Wholesale,https://de.linkedin.com/company/chefsculinar,,,,,,,,,,,
linkedin,Ingénieur applications/Ingénieure applications,SKF AUTOMOTIVE GMBH,"Schweinfurt, Bavaria, Germany",,https://www.linkedin.com/jobs/view/4452581863 , ,li-4452581863,fulltime,,,,,,False,associate,Engineering,,anasthasie.bonhomme@skf.com,Retail Motor Vehicles,https://www.linkedin.com/company/skf-automotive-gmbh,,,,,,,,,,,
linkedin,"Masses, Loads and Vibration Engineer (all genders)",ERC System,"Ottobrunn, Bavaria, Germany",,https://www.linkedin.com/jobs/view/4452568604 , ,li-4452568604,fulltime,,,,,,True,associate,Engineering,,,Aviation and Aerospace Component Manufacturing,https://de.linkedin.com/company/erc-system,,,,,,,,,,,
linkedin,Systems Modeler & Systems Architect,Compact Power Motion GmbH,"Grasbrunn, Bavaria, Germany",,https://www.linkedin.com/jobs/view/4455734540 , ,li-4455734540,fulltime,,,,,,False,entry level,"Design, Art/Creative, and Information Technology",,,Machinery Manufacturing,https://de.linkedin.com/company/compact-power-motion-gmbh,,,,,,,,,,,
linkedin,Software Engineer Low Speed Motion Planning & Control Planning,Applied Intuition,"Stuttgart, Baden-Württemberg, Germany",,https://www.linkedin.com/jobs/view/4423969296 , ,li-4423969296,fulltime,,,,,,True,mid-senior level,Engineering and Information Technology,,people@applied.co,Software Development,https://www.linkedin.com/company/applied-intuition-inc,,,,,,,,,,,
linkedin,"Senior Product Development Engineer | High-Speed Connectors (m,f,d)",Molex,"Hildesheim, Lower Saxony, Germany",,https://www.linkedin.com/jobs/view/4452286297 , ,li-4452286297,fulltime,,,,,,False,mid-senior level,Engineering and Information Technology,,,"Appliances, Electrical, and Electronics Manufacturing",https://www.linkedin.com/company/molex,,,,,,,,,,,
linkedin,Senior Professional Fleet Optimization (m/w/d),SIXT,"Munich, Bavaria, Germany",,https://www.linkedin.com/jobs/view/4455709706 , ,li-4455709706,fulltime,,,,,,False,mid-senior level,Information Technology,,,Travel Arrangements,https://de.linkedin.com/company/sixt,,,,,,,,,,,
linkedin,Algorithm Engineer - Perception / Sensor Fusion (m/f/d),smartmicro,"Brunswick, Lower Saxony, Germany",,https://www.linkedin.com/jobs/view/4452551643 , ,li-4452551643,fulltime,,,,,,False,associate,Information Technology,,,IT Services and IT Consulting,https://de.linkedin.com/company/smartmicro,,,,,,,,,,,
linkedin,KFZ Prüfingenieur (m/w/d),Dr. Weber & Partner GmbH,"Siegen-Wittgenstein, North Rhine-Westphalia, Germany",,https://www.linkedin.com/jobs/view/4455762941 , ,li-4455762941,fulltime,,,,,,False,associate,Quality Assurance,,,Motor Vehicle Manufacturing,https://de.linkedin.com/company/dr.weber&partner,,,,,,,,,,,
linkedin,ADAS Perception Engineer,European Tech Recruit,"Munich, Bavaria, Germany",,https://www.linkedin.com/jobs/view/4449457046 , ,li-4449457046,contract,,,,,,False,mid-senior level,Engineering,,,Semiconductor Manufacturing and Software Development,https://uk.linkedin.com/company/european-tech-recruit,,,,,,,,,,,
linkedin,"Physikerin / Physiker (m/w/d) oder Ingenieurin / Ingenieur (m/w/d) im Bereich Erneuerbare Energie, Energie¬management oder vergleichbarer Fachrichtung (Master/Uni-Diplom)",Federal Highway and Transport Research Institute,"Bergisch Gladbach, North Rhine-Westphalia, Germany",,https://www.linkedin.com/jobs/view/4455578437 , ,li-4455578437,temporary,,,,,,False,not applicable,"Research, Analyst, and Information Technology",,,Research Services,https://de.linkedin.com/company/bast-forscht,,,,,,,,,,,
linkedin,Konstrukteur Strukturbauteile (w/m/d) E-Mobilität in Dresden,Additive Drives GmbH,"Dresden, Saxony, Germany",,https://www.linkedin.com/jobs/view/4452599786 , ,li-4452599786,fulltime,,,,,,False,mid-senior level,Engineering,,,Manufacturing,https://de.linkedin.com/company/additive-drives-gmbh,,,,,,,,,,,
linkedin,Senior Agentic AI Engineer (f/m/x),BMW Group,"Munich, Bavaria, Germany",,https://www.linkedin.com/jobs/view/4414805630 , ,li-4414805630,fulltime,,,,,,False,mid-senior level,Engineering and Information Technology,,,Motor Vehicle Manufacturing,https://de.linkedin.com/company/bmw-group,,,,,,,,,,,
linkedin,AOCS/GNCS Engineer,Linnk Group,"Friedrichshafen, Baden-Württemberg, Germany",,https://www.linkedin.com/jobs/view/4455716278 , ,li-4455716278,contract,,,,,,False,mid-senior level,Consulting,,,IT Services and IT Consulting,https://uk.linkedin.com/company/linnkgroup,,,,,,,,,,,
linkedin,In-Vehicle Network System Engineer (f/m/d),NXP Semiconductors,"Hamburg, Hamburg, Germany",,https://www.linkedin.com/jobs/view/4445478461 , ,li-4445478461,fulltime,,,,,,False,mid-senior level,Information Technology,,,"Semiconductor Manufacturing, Computers and Electronics Manufacturing, and Software Development",https://nl.linkedin.com/company/nxp-semiconductors,,,,,,,,,,,
linkedin,Systems Engineer (w/m/d),MBDA Deutschland,"Schrobenhausen, Bavaria, Germany",,https://www.linkedin.com/jobs/view/4455751528 , ,li-4455751528,fulltime,,,,,,False,entry level,Information Technology,,,Defense and Space Manufacturing,https://de.linkedin.com/company/mbda-deutschland,,,,,,,,,,,
linkedin,High Voltage Systems Engineer (all genders),ERC System,"Ottobrunn, Bavaria, Germany",,https://www.linkedin.com/jobs/view/4452579244 , ,li-4452579244,fulltime,,,,,,True,associate,Engineering,,,Aviation and Aerospace Component Manufacturing,https://de.linkedin.com/company/erc-system,,,,,,,,,,,
linkedin,Hardwareentwicklungsingenieur:in,Wodeer Technology Europe GmbH,"Adelberg-Dorf, Baden-Württemberg, Germany",,https://www.linkedin.com/jobs/view/4454731828 , ,li-4454731828,fulltime,,,,,,False,associate,Engineering,,hr@wodeer.eu,Motor Vehicle Manufacturing and Motor Vehicle Parts Manufacturing,https://de.linkedin.com/company/wodeer-technology-europe-gmbh,,,,,,,,,,,
linkedin,Entwicklungsingenieur EMV für Displayprodukte (m/w/d),AUO Mobility Solutions Germany,"Lippstadt, North Rhine-Westphalia, Germany",,https://www.linkedin.com/jobs/view/4430444882 , ,li-4430444882,fulltime,,,,,,False,entry level,Engineering and Information Technology,,,Motor Vehicle Manufacturing,https://www.linkedin.com/company/auo-mobility-solutions-germany-gmbh,,,,,,,,,,,
linkedin,Development Engineer - Laboratory Automation & Robotics,Boehringer Ingelheim,"Biberach, Baden-Württemberg, Germany",,https://www.linkedin.com/jobs/view/4443257898 , ,li-4443257898,fulltime,,,,,,False,mid-senior level,Engineering and Information Technology,,,Pharmaceutical Manufacturing,https://de.linkedin.com/company/boehringer-ingelheim,,,,,,,,,,,
linkedin,Elektrokonstrukteur Fahrzeugbau (m/w/d),SCHULER  | Outstanding Mobile Solutions,"Ebhausen, Baden-Württemberg, Germany",,https://www.linkedin.com/jobs/view/4454745359 , ,li-4454745359,fulltime,,,,,,False,entry level,Engineering and Information Technology,,,Motor Vehicle Manufacturing,https://de.linkedin.com/company/schuler-fahrzeugbau-gmbh,,,,,,,,,,,
linkedin,Electrical Engineer for novel propulsion design and testing (d/f/m),Tintschl Unternehmensgruppe,"Ottobrunn, Bavaria, Germany",,https://www.linkedin.com/jobs/view/4455590627 , ,li-4455590627,fulltime,,,,,,False,mid-senior level,Engineering,,,Aviation and Aerospace Component Manufacturing,https://de.linkedin.com/company/tintschlunternehmensgruppe,,,,,,,,,,,
linkedin,Function Developer Control Systems (m/w/d),Viessmann Climate Solutions,"Allendorf, Hesse, Germany",,https://www.linkedin.com/jobs/view/4452575416 , ,li-4452575416,fulltime,,,,,,False,mid-senior level,Engineering and Information Technology,,Carrier.Recruiting@carrier.com,Industrial Machinery Manufacturing,https://de.linkedin.com/company/viessmannclimatesolutions,,,,,,,,,,,
linkedin,Radar System/Signal Engineer (m/w/d)*,Scalian Germany AG,"Stuttgart, Baden-Württemberg, Germany",,https://www.linkedin.com/jobs/view/4454749594 , ,li-4454749594,fulltime,,,,,,False,associate,Project Management,,bewerbung@scalian.de,Business Consulting and Services,https://de.linkedin.com/company/scalian-germany-ag,,,,,,,,,,,
linkedin,Prüfingenieur Fahrzeuge / Kfz Sachverständiger (m/w/d),DEKRA Germany,"Dortmund, North Rhine-Westphalia, Germany",,https://www.linkedin.com/jobs/view/4453697210 , ,li-4453697210,fulltime,,,,,,False,entry level,Engineering and Information Technology,,laura.weber@dekra.com,Public Safety,https://de.linkedin.com/company/dekra-germany,,,,,,,,,,,
linkedin,EWIS/Harness/Wiring Systems Engineer (all genders),ERC System,"Ottobrunn, Bavaria, Germany",,https://www.linkedin.com/jobs/view/4452582132 , ,li-4452582132,fulltime,,,,,,True,associate,Engineering,,,Aviation and Aerospace Component Manufacturing,https://de.linkedin.com/company/erc-system,,,,,,,,,,,
linkedin,Senior Simulation Engineer,Linnk Group,"Friedrichshafen, Baden-Württemberg, Germany",,https://www.linkedin.com/jobs/view/4455708325 , ,li-4455708325,contract,,,,,,False,mid-senior level,Consulting,,,IT Services and IT Consulting,https://uk.linkedin.com/company/linnkgroup,,,,,,,,,,,
linkedin,Entwicklungsingenieur (Mechanik) (m/w/d),MINDA,"Hannover, Lower Saxony, Germany",,https://www.linkedin.com/jobs/view/4455534096 , ,li-4455534096,fulltime,,,,,,False,entry level,Engineering and Information Technology,,,Machinery Manufacturing,https://de.linkedin.com/company/minda-industrieanlagen-gmbh,,,,,,,,,,,
linkedin,Senior Engineer Sensor Technology,NDT Global,"Stutensee, Baden-Württemberg, Germany",,https://www.linkedin.com/jobs/view/4365258450 , ,li-4365258450,fulltime,,,,,,False,mid-senior level,Engineering and Information Technology,,,Energy Technology and Oil and Gas,https://ca.linkedin.com/company/ndt-global,,,,,,,,,,,
linkedin,Fuel Cycle Conditioning Lead (f/m/d),Focused Energy,"Darmstadt, Hesse, Germany",,https://www.linkedin.com/jobs/view/4433805114 , ,li-4433805114,fulltime,,,,,,False,mid-senior level,Other,,,Electric Power Generation,https://de.linkedin.com/company/focused-energy-inc,,,,,,,,,,,
linkedin,Robotics Control Engineer,Glocomms,"Dresden, Saxony, Germany",,https://www.linkedin.com/jobs/view/4452817323 , ,li-4452817323,fulltime,,,,,,False,mid-senior level,Engineering,,,Robotics Engineering,https://www.linkedin.com/company/glocomms,,,,,,,,,,,
linkedin,Ingenieur für Sensor- und Messtechnik (m/w/d),NDT Global,"Stutensee, Baden-Württemberg, Germany",,https://www.linkedin.com/jobs/view/4354157552 , ,li-4354157552,fulltime,,,,,,False,mid-senior level,Management and Manufacturing,,,Energy Technology and Oil and Gas,https://ca.linkedin.com/company/ndt-global,,,,,,,,,,,
linkedin,Experienced Galley & Galley Insert Design Engineer (m/f/d),Boeing,"Hamburg, Hamburg, Germany",,https://www.linkedin.com/jobs/view/4407272311 , ,li-4407272311,fulltime,,,,,,False,not applicable,Engineering and Information Technology,,,"Airlines and Aviation, Aviation and Aerospace Component Manufacturing, and Defense and Space Manufacturing",https://www.linkedin.com/company/boeing,,,,,,,,,,,
linkedin,Quality Engineer (w/m/d) – Embedded Systems,KISTERS Group,"Aachen, North Rhine-Westphalia, Germany",,https://www.linkedin.com/jobs/view/4454442036 , ,li-4454442036,fulltime,,,,,,True,mid-senior level,Quality Assurance,,,Software Development,https://de.linkedin.com/company/kisters,,,,,,,,,,,
linkedin,Technical Staff Engineer-Design,Microchip Technology Inc.,"Neu Ulm, Bavaria, Germany",,https://www.linkedin.com/jobs/view/4455523223 , ,li-4455523223,fulltime,,,,,,False,mid-senior level,Engineering,,,"Appliances, Electrical, and Electronics Manufacturing and Semiconductor Manufacturing",https://www.linkedin.com/company/microchip-technology,,,,,,,,,,,
linkedin,Lean Experte Plant (m/w/d),RESRG Automotive,"Feuchtwangen, Bavaria, Germany",,https://www.linkedin.com/jobs/view/4454754498 , ,li-4454754498,fulltime,,,,,,False,associate,Administrative,,,Plastics Manufacturing,https://www.linkedin.com/company/resrg-automotive,,,,,,,,,,,
linkedin,Senior HPC Performance Engineer,NVIDIA,,,https://www.linkedin.com/jobs/view/4454438398 , ,li-4454438398,fulltime,,,,,,False,mid-senior level,Engineering,,,Computer Hardware Manufacturing,https://www.linkedin.com/company/nvidia,,,,,,,,,,,
linkedin,Entwicklungsingenieur m/w/d,IMO Group,"Gremsdorf, Bavaria, Germany",,https://www.linkedin.com/jobs/view/4455704042 , ,li-4455704042,fulltime,,,,,,False,entry level,Engineering and Information Technology,,,Machinery Manufacturing,https://de.linkedin.com/company/imo-unternehmensgruppe,,,,,,,,,,,
linkedin,Technical Engineer Robotics - Knowledge & Support (m/w/d),FANUC Europe,"Neuhausen auf den Fildern, Baden-Württemberg, Germany",,https://www.linkedin.com/jobs/view/4452567055 , ,li-4452567055,fulltime,,,,,,False,associate,Engineering,,,Robotics Engineering and Automation Machinery Manufacturing,https://lu.linkedin.com/company/fanuc-europe,,,,,,,,,,,
linkedin,Systemarchitekt (m/w/d) für Luftverteidigungssysteme,Diehl Defence,"Röthenbach an der Pegnitz, Bavaria, Germany",,https://www.linkedin.com/jobs/view/4452294456 , ,li-4452294456,fulltime,,,,,,False,mid-senior level,Engineering and Information Technology,,,Defense and Space Manufacturing,https://de.linkedin.com/company/diehl-defence,,,,,,,,,,,
linkedin,Mechanical Engineer (m/f/d),Sereact,"Stuttgart, Baden-Württemberg, Germany",,https://www.linkedin.com/jobs/view/4412740542 , ,li-4412740542,fulltime,,,,,,False,entry level,Engineering and Information Technology,,,Software Development,https://de.linkedin.com/company/sereact,,,,,,,,,,,
linkedin,Techniker für Konstruktion und Entwicklung Fachrichtung Maschinenbau,Johannes Hübner Giessen,"Giessen, Hesse, Germany",,https://www.linkedin.com/jobs/view/4454710023 , ,li-4454710023,fulltime,,,,,,False,entry level,Management and Manufacturing,,,Machinery Manufacturing,https://de.linkedin.com/company/huebner-giessen,,,,,,,,,,,
linkedin,Mechanisms Engineer - Solar Arrays,Dcubed,"Germering, Bavaria, Germany",,https://www.linkedin.com/jobs/view/4455351673 , ,li-4455351673,fulltime,,,,,,False,mid-senior level,Engineering and Manufacturing,,,Defense and Space Manufacturing,https://de.linkedin.com/company/dcubedspace,,,,,,,,,,,
linkedin,Entwicklungsingenieur (m/w/d),WITRON Group,"Parkstein, Bavaria, Germany",,https://www.linkedin.com/jobs/view/4205453476 , ,li-4205453476,fulltime,,,,,,False,not applicable,Engineering and Information Technology,,,"Automation Machinery Manufacturing, Transportation, Logistics, Supply Chain and Storage, and Industrial Machinery Manufacturing",https://de.linkedin.com/company/witron,,,,,,,,,,,
linkedin,Qualitätsingenieur Vorausplanung (m/w/d),GRUMA Nutzfahrzeuge GmbH,"Friedberg, Bavaria, Germany",,https://www.linkedin.com/jobs/view/4452800714 , ,li-4452800714,fulltime,,,,,,False,mid-senior level,Quality Assurance,,bewerbung@gruma.de,Motor Vehicle Manufacturing,https://de.linkedin.com/company/grumanutzfahrzeuge,,,,,,,,,,,
linkedin,Applikationsingenieur Mechanik für Energieerzeugungssysteme (m/w/d),Rolls-Royce Power Systems,"Ruhstorf, Bavaria, Germany",,https://www.linkedin.com/jobs/view/4455524504 , ,li-4455524504,fulltime,,,,,,False,mid-senior level,Engineering and Information Technology,,careers@ps.rolls,Machinery Manufacturing,https://de.linkedin.com/company/rolls-royce-power-systems,,,,,,,,,,,
linkedin,Applikationsingenieur Mechanik für Energieerzeugungssysteme (m/w/d),Rolls-Royce,"Ruhstorf, Bavaria, Germany",,https://www.linkedin.com/jobs/view/4454478199 , ,li-4454478199,fulltime,,,,,,False,mid-senior level,Engineering and Information Technology,,careers@ps.rolls,Industrial Machinery Manufacturing,https://uk.linkedin.com/company/rolls-royce,,,,,,,,,,,
linkedin,Cryogenics Engineer (f/m/d),Focused Energy,"Darmstadt, Hesse, Germany",,https://www.linkedin.com/jobs/view/4436791196 , ,li-4436791196,fulltime,,,,,,False,mid-senior level,Engineering and Information Technology,,,Electric Power Generation,https://de.linkedin.com/company/focused-energy-inc,,,,,,,,,,,
linkedin,Maschinenbauingenieur als Entwicklungsingenieur (m/w/d),DESY,"Hamburg, Hamburg, Germany",,https://www.linkedin.com/jobs/view/4452822195 , ,li-4452822195,fulltime,,,,,,False,mid-senior level,Engineering,,,Electrical Equipment Manufacturing,https://de.linkedin.com/company/desy,,,,,,,,,,,
linkedin,Konstruktionsingenieur (m/w/d) im Bereich Flugkörper,Diehl Defence,"Überlingen, Baden-Württemberg, Germany",,https://www.linkedin.com/jobs/view/4454246295 , ,li-4454246295,fulltime,,,,,,False,mid-senior level,Engineering and Information Technology,,,"Appliances, Electrical, and Electronics Manufacturing",https://de.linkedin.com/company/diehl-defence,,,,,,,,,,,
linkedin,Kfz-Mechatroniker / Land und Baumaschinenmechatroniker (m/w/d),Hiab,"Karlsruhe, Baden-Württemberg, Germany",,https://www.linkedin.com/jobs/view/4448477393 , ,li-4448477393,fulltime,,,,,,False,entry level,Management and Manufacturing,,,Industrial Machinery Manufacturing,https://fi.linkedin.com/company/hiab,,,,,,,,,,,
