site,title,company,location,date_posted,job_url,job_url_direct,id,job_type,salary_source,interval,min_amount,max_amount,currency,is_remote,job_level,job_function,listing_type,emails,company_industry,company_url,company_url_direct,company_addresses,company_num_employees,company_revenue,company_description,skills,experience_range,company_rating,company_reviews_count,vacancy_count,work_from_home_type
linkedin,Senior Data Engineer (d/f/m),4flow,"Munich, Bavaria, Germany",2026-10-08,https://www.linkedin.com/jobs/view/4429547467 , ,li-4429547467,fulltime,,,,,,False,mid-senior level,,,,"Transportation, Logistics, Supply Chain and Storage",https://de.linkedin.com/company/4flow,,,,,,,,,,,
linkedin,Member of Technical Staff (Search Crawler Analyst),Perplexity,"Berlin, Berlin, Germany",2026-10-08,https://www.linkedin.com/jobs/view/4475972948 , ,li-4475972948,fulltime,,,,,,False,mid-senior level,,,,Software Development,https://www.linkedin.com/company/perplexity-ai,,,,,,,,,,,
linkedin,Analytics - Future Leaders Graduate Program,Picnic Technologies,"Hamburg, Hamburg, Germany",2026-10-08,https://www.linkedin.com/jobs/view/4301797915 , ,li-4301797915,fulltime,,,,,,False,internship,,,,Retail,https://nl.linkedin.com/company/picnictechnologies,,,,,,,,,,,
linkedin,Specialist – Data & AI Projects (m/w/d),Manova Partners,"Munich, Bavaria, Germany",2026-10-08,https://www.linkedin.com/jobs/view/4469438567 , ,li-4469438567,fulltime,,,,,,False,associate,,,,Real Estate,https://de.linkedin.com/company/manovapartners,,,,,,,,,,,
linkedin,"Analytical Consultant, Digital First",Google,"Frankfurt, Hesse, Germany",2026-10-08,https://www.linkedin.com/jobs/view/4475946600 , ,li-4475946600,fulltime,,,,,,False,not applicable,,,,"Information Services and Technology, Information and Internet",https://www.linkedin.com/company/google,,,,,,,,,,,
linkedin,"Analytical Consultant, Digital First",Google,"Hamburg, Hamburg, Germany",2026-10-08,https://www.linkedin.com/jobs/view/4475945792 , ,li-4475945792,fulltime,,,,,,False,not applicable,,,,"Information Services and Technology, Information and Internet",https://www.linkedin.com/company/google,,,,,,,,,,,
linkedin,HR Analytics & Excellence Professional*,DAW SE,"Ober-Ramstadt, Hesse, Germany",2026-10-08,https://www.linkedin.com/jobs/view/4474829921 , ,li-4474829921,fulltime,,,,,,False,mid-senior level,,,,Wholesale Building Materials,https://de.linkedin.com/company/daw-se,,,,,,,,,,,
linkedin,Service Business Analyst (m/w/d),EOS,"Krailling, Bavaria, Germany",2026-10-08,https://www.linkedin.com/jobs/view/4468246733 , ,li-4468246733,fulltime,,,,,,False,mid-senior level,,,recruiting@eos.info,Machinery Manufacturing,https://de.linkedin.com/company/eos,,,,,,,,,,,
linkedin,Director (m/w/d) | Data & Analytics | Forensic & Litigation Consulting,FTI Consulting,"Frankfurt, Hesse, Germany",2026-10-08,https://www.linkedin.com/jobs/view/4421666782 , ,li-4421666782,fulltime,,,,,,False,mid-senior level,,,janina.willmann@fticonsulting.com,Business Consulting and Services,https://www.linkedin.com/company/fti-consulting,,,,,,,,,,,
linkedin,Data Scientist (Process Intelligence / Celonis),Processand,"Munich, Bavaria, Germany",2026-10-08,https://www.linkedin.com/jobs/view/4477154803 , ,li-4477154803,fulltime,,,,,,False,entry level,,,,IT Services and IT Consulting,https://de.linkedin.com/company/processand,,,,,,,,,,,
linkedin,Senior Consultant Data Analytics & Business Insights (m/w/d) in Hamburg,Deloitte,"Hamburg, Hamburg, Germany",2026-10-08,https://www.linkedin.com/jobs/view/4343081400 , ,li-4343081400,fulltime,,,,,,False,associate,,,career@deloitte.de,Business Consulting and Services,https://www.linkedin.com/company/deloitte,,,,,,,,,,,
linkedin,Principal Product Analyst (all genders),Zalando,"Berlin, Berlin, Germany",2026-10-08,https://www.linkedin.com/jobs/view/4457253645 , ,li-4457253645,fulltime,,,,,,False,mid-senior level,,,,Retail,https://de.linkedin.com/company/zalando,,,,,,,,,,,
linkedin,Senior/Principal Consultant- Sustainable Data Analysts,Anthesis Group,"Munich, Bavaria, Germany",2026-10-08,https://www.linkedin.com/jobs/view/4457920364 , ,li-4457920364,fulltime,,,,,,False,mid-senior level,,,,Environmental Services,https://uk.linkedin.com/company/anthesis-consulting-group,,,,,,,,,,,
linkedin,Data Scientist (w/m/d) - AI & Automation,Fielmann Group,"Hamburg, Hamburg, Germany",2026-10-08,https://www.linkedin.com/jobs/view/4446231838 , ,li-4446231838,fulltime,,,,,,False,mid-senior level,,,,Retail,https://de.linkedin.com/company/fielmann-group-ag,,,,,,,,,,,
linkedin,Marketing & Growth Data Analyst (w/m/d),finanzen.net,"Munich, Bavaria, Germany",2026-10-08,https://www.linkedin.com/jobs/view/4474827041 , ,li-4474827041,fulltime,,,,,,False,associate,,,,"Technology, Information and Internet",https://de.linkedin.com/company/finanzen-net,,,,,,,,,,,
linkedin,(Senior) Business Intelligence Analyst,International Campus Group,Berlin Metropolitan Area,2026-10-08,https://www.linkedin.com/jobs/view/4477128602 , ,li-4477128602,,,,,,,False,,,,,,https://de.linkedin.com/company/international-campus-group,,,,,,,,,,,
linkedin,Senior Data Engineer (d/f/m),4flow,"Stuttgart, Baden-Württemberg, Germany",2026-10-08,https://www.linkedin.com/jobs/view/4429562062 , ,li-4429562062,fulltime,,,,,,False,mid-senior level,,,,"Transportation, Logistics, Supply Chain and Storage",https://de.linkedin.com/company/4flow,,,,,,,,,,,
linkedin,Data Analyst,Haystack,Greater Nuremberg Metropolitan Area,2026-10-08,https://www.linkedin.com/jobs/view/4475960359 , ,li-4475960359,fulltime,,,,,,False,associate,,,,"Technology, Information and Media",https://uk.linkedin.com/company/wearehaystack,,,,,,,,,,,
linkedin,Senior Consultant SAP S/4HANA Data Migration (m/w/d) in Düsseldorf,Deloitte,"Düsseldorf, North Rhine-Westphalia, Germany",2026-10-08,https://www.linkedin.com/jobs/view/4243059794 , ,li-4243059794,fulltime,,,,,,False,associate,,,career@deloitte.de,Business Consulting and Services,https://www.linkedin.com/company/deloitte,,,,,,,,,,,
linkedin,AI Integration Engineer / Knowledge Fabric Specialist (m/w/d),Bertrandt Group,"Nuremberg, Bavaria, Germany",2026-10-08,https://www.linkedin.com/jobs/view/4475963317 , ,li-4475963317,fulltime,,,,,,False,entry level,,,,Engineering Services,https://de.linkedin.com/company/bertrandt-ag,,,,,,,,,,,
linkedin,Senior SAP Analytics Consultant (all genders),adesso SE,"Stralsund, Mecklenburg-West Pomerania, Germany",2026-10-08,https://www.linkedin.com/jobs/view/4193213659 , ,li-4193213659,fulltime,,,,,,False,mid-senior level,,,,IT Services and IT Consulting,https://de.linkedin.com/company/adesso-se,,,,,,,,,,,
linkedin,Senior SAP Analytics Consultant (all genders),adesso SE,"Coblenz, Rhineland-Palatinate, Germany",2026-10-08,https://www.linkedin.com/jobs/view/4457953618 , ,li-4457953618,fulltime,,,,,,False,mid-senior level,,,,IT Services and IT Consulting,https://de.linkedin.com/company/adesso-se,,,,,,,,,,,
linkedin,Forward Deployed Engineer — Agentforce Orchestration,Salesforce,"Frankfurt, Hesse, Germany",2026-10-08,https://www.linkedin.com/jobs/view/4458749197 , ,li-4458749197,fulltime,,,,,,False,not applicable,,,,"Software Development, IT Services and IT Consulting, and Technology, Information and Internet",https://www.linkedin.com/company/salesforce,,,,,,,,,,,
linkedin,Senior AI Engineer (w/m/x),ITCS Conference,"Munich, Bavaria, Germany",2026-10-08,https://www.linkedin.com/jobs/view/4477460009 , ,li-4477460009,fulltime,,,,,,False,mid-senior level,,,info@it-cs.io,Information Technology & Services,https://de.linkedin.com/company/itcs-conference,,,,,,,,,,,
linkedin,IT-Lösungsentwickler (m/w/d),FEAG GmbH,"St. Ingbert, Saarland, Germany",2026-10-08,https://www.linkedin.com/jobs/view/4476983332 , ,li-4476983332,fulltime,,,,,,False,mid-senior level,,,Jobs.FOR@feag.de,"Appliances, Electrical, and Electronics Manufacturing",https://de.linkedin.com/company/feag-gmbh,,,,,,,,,,,
linkedin,SAP BI Technology Specialist in Germany  (d/f/m),Airbus Defence and Space,"Munich, Bavaria, Germany",2026-10-08,https://www.linkedin.com/jobs/view/4457237121 , ,li-4457237121,parttime,,,,,,False,mid-senior level,,,emsom@airbus.com,Defense and Space Manufacturing,https://www.linkedin.com/company/airbus-defence-and-space,,,,,,,,,,,
linkedin,AI & Digital Solutions Engineer (m/w/d),FEAG GmbH,"St. Ingbert, Saarland, Germany",2026-10-08,https://www.linkedin.com/jobs/view/4476973777 , ,li-4476973777,fulltime,,,,,,False,mid-senior level,,,Jobs.FOR@feag.de,"Appliances, Electrical, and Electronics Manufacturing",https://de.linkedin.com/company/feag-gmbh,,,,,,,,,,,
linkedin,SAP BI Inhouse Consultant (m/f/d),Nordex Group,"Hamburg, Germany",2026-10-08,https://www.linkedin.com/jobs/view/4477407435 , ,li-4477407435,parttime,,,,,,False,mid-senior level,,,,Renewable Energy Equipment Manufacturing,https://de.linkedin.com/company/nordex,,,,,,,,,,,
linkedin,AI Integration Engineer / Knowledge Fabric Specialist (m/w/d),Bertrandt Group,"Erlangen, Bavaria, Germany",2026-10-08,https://www.linkedin.com/jobs/view/4475968306 , ,li-4475968306,fulltime,,,,,,False,entry level,,,,Engineering Services,https://de.linkedin.com/company/bertrandt-ag,,,,,,,,,,,
linkedin,Controller (m/w/d) – Business Intelligence & Unternehmenssteuerung,TQ-Group,"Seefeld, Bavaria, Germany",2026-10-08,https://www.linkedin.com/jobs/view/4477426023 , ,li-4477426023,fulltime,,,,,,False,entry level,,,,"Appliances, Electrical, and Electronics Manufacturing",https://de.linkedin.com/company/tq-group,,,,,,,,,,,
linkedin,Process-Mining Consultant:in,smartist.one,Germany,2026-10-08,https://www.linkedin.com/jobs/view/4477416095 , ,li-4477416095,fulltime,direct_data,yearly,55000.0,75000.0,EUR,False,associate,,,,"Telecommunications, Utilities, and IT Services and IT Consulting",https://de.linkedin.com/company/smartistone,,,,,,,,,,,
linkedin,Integrated Insights Business Partner,Novartis Pharma Schweiz,"Hatten, Lower Saxony, Germany",2026-10-08,https://www.linkedin.com/jobs/view/4477456822 , ,li-4477456822,internship,,,,,,False,mid-senior level,,,,Pharmaceutical Manufacturing,https://ch.linkedin.com/company/novartis-pharma-schweiz,,,,,,,,,,,
linkedin,Knowledge Analyst - Hydrogen Insights,McKinsey & Company,"Munich, Bavaria, Germany",2026-10-08,https://www.linkedin.com/jobs/view/4449654950 , ,li-4449654950,fulltime,,,,,,False,entry level,,,,Oil and Gas,https://www.linkedin.com/company/mckinsey,,,,,,,,,,,
linkedin,Consultant Digital Analytics (all genders),adesso SE,"Rostock, Mecklenburg-West Pomerania, Germany",2026-10-08,https://www.linkedin.com/jobs/view/4373300595 , ,li-4373300595,fulltime,,,,,,False,mid-senior level,,,,IT Services and IT Consulting,https://de.linkedin.com/company/adesso-se,,,,,,,,,,,
linkedin,Risikocontroller (m/w/d),hyrUP GmbH,Cologne Bonn Region,2026-10-08,https://www.linkedin.com/jobs/view/4477122980 , ,li-4477122980,fulltime,direct_data,yearly,82000.0,99000.0,EUR,False,associate,,,r.muensch@hyrup.de,Banking,https://de.linkedin.com/company/hyrup-gmbh,,,,,,,,,,,
linkedin,Senior Applied Scientist (All genders),Zalando,"Berlin, Berlin, Germany",2026-10-08,https://www.linkedin.com/jobs/view/4457268030 , ,li-4457268030,fulltime,,,,,,False,mid-senior level,,,,Retail,https://de.linkedin.com/company/zalando,,,,,,,,,,,
linkedin,"Lead Data Scientist, Revenue - Ads, Revenue",Vinted,"Berlin, Berlin, Germany",2026-10-08,https://www.linkedin.com/jobs/view/4431743056 , ,li-4431743056,fulltime,,,,,,False,mid-senior level,,,,Software Development,https://lt.linkedin.com/company/vinted,,,,,,,,,,,
linkedin,Projektleiter Energiemarktprognosen (m/w/d),Schwarz Corporate Solutions,"Neckarsulm, Baden-Württemberg, Germany",2026-10-08,https://www.linkedin.com/jobs/view/4474850435 , ,li-4474850435,fulltime,,,,,,False,mid-senior level,,,,Retail,https://de.linkedin.com/company/schwarzcorporatesolutions,,,,,,,,,,,
linkedin,Credit Reporting Specialist / Credit Reporting Analyst,La Rentrée Numérique,Germany,2026-10-08,https://www.linkedin.com/jobs/view/4477155721 , ,li-4477155721,parttime,,,,,,False,entry level,,,,Digital Accessibility Services,https://cg.linkedin.com/company/la-rentr%C3%A9e-num%C3%A9rique,,,,,,,,,,,
linkedin,Promotion Pricing Analyst / Promotion Pricing Specialist,PT. Gunungmas Sukses Makmur,Germany,2026-10-08,https://www.linkedin.com/jobs/view/4477126722 , ,li-4477126722,parttime,,,,,,False,mid-senior level,,,,Mining,https://id.linkedin.com/company/gunungmas-sukses-makmur,,,,,,,,,,,
linkedin,HR Analytics & Excellence Manager*,DAW SE,"Ober-Ramstadt, Hesse, Germany",2026-10-08,https://www.linkedin.com/jobs/view/4474848121 , ,li-4474848121,fulltime,,,,,,False,mid-senior level,,,,Wholesale Building Materials,https://de.linkedin.com/company/daw-se,,,,,,,,,,,
linkedin,Head of Measurement & Evaluation (m/f/d),EIDU,"Berlin, Berlin, Germany",2026-10-08,https://www.linkedin.com/jobs/view/4474832243 , ,li-4474832243,fulltime,,,,,,False,associate,,,,Software Development,https://de.linkedin.com/company/eidu,,,,,,,,,,,
linkedin,Consultant Digital Analytics (all genders),adesso SE,"Walldorf, Baden-Württemberg, Germany",2026-10-08,https://www.linkedin.com/jobs/view/4373304381 , ,li-4373304381,fulltime,,,,,,False,mid-senior level,,,,IT Services and IT Consulting,https://de.linkedin.com/company/adesso-se,,,,,,,,,,,
linkedin,Capabilities & Insights Analyst - Electric Power & Natural Gas,McKinsey & Company,"Düsseldorf, North Rhine-Westphalia, Germany",2026-10-08,https://www.linkedin.com/jobs/view/4468237986 , ,li-4468237986,fulltime,,,,,,False,entry level,,,,"Business Consulting and Services, Oil and Gas, and Renewable Energy Semiconductor Manufacturing",https://www.linkedin.com/company/mckinsey,,,,,,,,,,,
linkedin,(Junior) Analyst im Risk Management – Team Loan Application Process (m/w/d),auxmoney,Germany,2026-10-08,https://www.linkedin.com/jobs/view/4474812935 , ,li-4474812935,fulltime,,,,,,False,entry level,,,,Software Development,https://de.linkedin.com/company/auxmoney-gmbh,,,,,,,,,,,
linkedin,"Risk Methodology Specialist in Group Strategic Analytics Berlin, Frankfurt am Main (d/m/w)",Deutsche Bank,"Frankfurt, Hesse, Germany",2026-10-08,https://www.linkedin.com/jobs/view/4466464387 , ,li-4466464387,fulltime,,,,,,False,not applicable,,,nana.darko@db.com,Financial Services,https://de.linkedin.com/company/deutsche-bank,,,,,,,,,,,
linkedin,Senior SAP Analytics Consultant (all genders),adesso SE,"Siegen, North Rhine-Westphalia, Germany",2026-10-08,https://www.linkedin.com/jobs/view/4457953620 , ,li-4457953620,fulltime,,,,,,False,mid-senior level,,,,IT Services and IT Consulting,https://de.linkedin.com/company/adesso-se,,,,,,,,,,,
linkedin,Senior Data Scientist — Data Cloud Acceleration,Zeta Global,"Berlin, Berlin, Germany",2026-10-08,https://www.linkedin.com/jobs/view/4463514158 , ,li-4463514158,fulltime,,,,,,False,mid-senior level,,,,Software Development,https://www.linkedin.com/company/zetaglobal,,,,,,,,,,,
linkedin,Trainee Aktuariat & Data Sciene (m/w/d),AXA,"Cologne, North Rhine-Westphalia, Germany",2026-10-08,https://www.linkedin.com/jobs/view/4477409858 , ,li-4477409858,fulltime,,,,,,False,internship,,,recruiting@axa.de,Insurance,https://fr.linkedin.com/company/axa,,,,,,,,,,,
linkedin,"Analytical Consultant, Germany (Fixed-Term Contract)",Google,"Berlin, Berlin, Germany",2026-10-08,https://www.linkedin.com/jobs/view/4467108381 , ,li-4467108381,fulltime,,,,,,False,not applicable,,,,"Information Services and Technology, Information and Internet",https://www.linkedin.com/company/google,,,,,,,,,,,
linkedin,"Analytical Consultant, Germany (Fixed-Term Contract)",Google,"Munich, Bavaria, Germany",2026-10-08,https://www.linkedin.com/jobs/view/4466898500 , ,li-4466898500,fulltime,,,,,,False,not applicable,,,,"Information Services and Technology, Information and Internet",https://www.linkedin.com/company/google,,,,,,,,,,,
linkedin,"Analytical Consultant, Germany (Fixed-Term Contract)",Google,"Frankfurt am Main, Hesse, Germany",2026-10-08,https://www.linkedin.com/jobs/view/4466896502 , ,li-4466896502,fulltime,,,,,,False,not applicable,,,,"Information Services and Technology, Information and Internet",https://www.linkedin.com/company/google,,,,,,,,,,,
linkedin,"Analytical Consultant, Germany (Fixed-Term Contract)",Google,"Hamburg, Hamburg, Germany",2026-10-08,https://www.linkedin.com/jobs/view/4467104427 , ,li-4467104427,fulltime,,,,,,False,not applicable,,,,"Information Services and Technology, Information and Internet",https://www.linkedin.com/company/google,,,,,,,,,,,
linkedin,"Analytical Consultant, Digital First",Google,"Berlin, Berlin, Germany",2026-10-08,https://www.linkedin.com/jobs/view/4475962169 , ,li-4475962169,fulltime,,,,,,False,not applicable,,,,"Information Services and Technology, Information and Internet",https://www.linkedin.com/company/google,,,,,,,,,,,
linkedin,"Analytical Consultant, Digital First",Google,"Munich, Bavaria, Germany",2026-10-08,https://www.linkedin.com/jobs/view/4475951509 , ,li-4475951509,fulltime,,,,,,False,not applicable,,,,"Information Services and Technology, Information and Internet",https://www.linkedin.com/company/google,,,,,,,,,,,
linkedin,Senior Consultant Data Analytics & Business Insights (m/w/d) in Frankfurt (Main),Deloitte,"Frankfurt, Hesse, Germany",2026-10-08,https://www.linkedin.com/jobs/view/4343161163 , ,li-4343161163,fulltime,,,,,,False,associate,,,career@deloitte.de,Business Consulting and Services,https://www.linkedin.com/company/deloitte,,,,,,,,,,,
linkedin,Data Analyst,Haystack,"Bavaria, Germany",2026-10-08,https://www.linkedin.com/jobs/view/4475970759 , ,li-4475970759,fulltime,,,,,,False,associate,,,,"Technology, Information and Media",https://uk.linkedin.com/company/wearehaystack,,,,,,,,,,,
linkedin,Portfolio Analyst (gn),LichtBlick SE,"Hamburg, Hamburg, Germany",2026-10-08,https://www.linkedin.com/jobs/view/4468222857 , ,li-4468222857,fulltime,,,,,,False,mid-senior level,,,Sara.Schomacker@LichtBlick.de,Utilities,https://de.linkedin.com/company/lichtblick-se,,,,,,,,,,,
linkedin,Commercial Controller (m/w/d),Signature Consulting GmbH,"Harburg, Bavaria, Germany",2026-10-08,https://www.linkedin.com/jobs/view/4475782782 , ,li-4475782782,fulltime,direct_data,yearly,65000.0,70000.0,EUR,False,not applicable,,,,Human Resources Services,https://de.linkedin.com/company/signature-consulting-gmbh,,,,,,,,,,,
linkedin,AI Integration Engineer / Knowledge Fabric Specialist (m/w/d),Bertrandt Group,"Amberg, Bavaria, Germany",2026-10-08,https://www.linkedin.com/jobs/view/4475958609 , ,li-4475958609,fulltime,,,,,,False,entry level,,,,Engineering Services,https://de.linkedin.com/company/bertrandt-ag,,,,,,,,,,,
linkedin,Forward Deployed Engineer — Agentforce Orchestration,Salesforce,"Stuttgart, Baden-Württemberg, Germany",2026-10-08,https://www.linkedin.com/jobs/view/4458764116 , ,li-4458764116,fulltime,,,,,,False,not applicable,,,,"Software Development, IT Services and IT Consulting, and Technology, Information and Internet",https://www.linkedin.com/company/salesforce,,,,,,,,,,,
linkedin,Senior Data Architect (f/m/x),Douglas,"Düsseldorf, North Rhine-Westphalia, Germany",2026-10-08,https://www.linkedin.com/jobs/view/4475518575 , ,li-4475518575,fulltime,,,,,,False,mid-senior level,,,,Retail,https://de.linkedin.com/company/group-douglas,,,,,,,,,,,
linkedin,Cloud Data Engineer AWS / Google Cloud (all genders),adesso SE,"Frankfurt, Hesse, Germany",2026-10-08,https://www.linkedin.com/jobs/view/3861717713 , ,li-3861717713,fulltime,,,,,,False,mid-senior level,,,,IT Services and IT Consulting,https://de.linkedin.com/company/adesso-se,,,,,,,,,,,
linkedin,Senior Data Engineer (d/f/m),4flow,"Rüsselsheim, Hesse, Germany",2026-10-08,https://www.linkedin.com/jobs/view/4429549307 , ,li-4429549307,fulltime,,,,,,False,mid-senior level,,,,"Transportation, Logistics, Supply Chain and Storage",https://de.linkedin.com/company/4flow,,,,,,,,,,,
linkedin,Cloud Data Engineer - Databricks (all genders),adesso SE,"Rostock, Mecklenburg-West Pomerania, Germany",2026-10-08,https://www.linkedin.com/jobs/view/4139520421 , ,li-4139520421,fulltime,,,,,,False,mid-senior level,,,,IT Services and IT Consulting,https://de.linkedin.com/company/adesso-se,,,,,,,,,,,
linkedin,Senior Data Engineer (d/f/m),4flow,"Berlin, Germany",2026-10-08,https://www.linkedin.com/jobs/view/4429548358 , ,li-4429548358,fulltime,,,,,,False,mid-senior level,,,,"Transportation, Logistics, Supply Chain and Storage",https://de.linkedin.com/company/4flow,,,,,,,,,,,
linkedin,Senior Data Engineer (d/f/m),4flow,"Dresden, Saxony, Germany",2026-10-08,https://www.linkedin.com/jobs/view/4429552275 , ,li-4429552275,fulltime,,,,,,False,mid-senior level,,,,"Transportation, Logistics, Supply Chain and Storage",https://de.linkedin.com/company/4flow,,,,,,,,,,,
linkedin,Data & AI Manager (m/w/d) - Riedel System,Riedel Bau Firmengruppe,"Schweinfurt, Bavaria, Germany",2026-10-08,https://www.linkedin.com/jobs/view/4474807964 , ,li-4474807964,fulltime,,,,,,False,associate,,,,Business Consulting and Services,https://de.linkedin.com/company/riedelbau,,,,,,,,,,,
linkedin,Software Developer / Cloud Solution Engineer (m/w/d),mamgo | Talente 🔗 Jobs,"Dortmund, North Rhine-Westphalia, Germany",2026-10-08,https://www.linkedin.com/jobs/view/4477429007 , ,li-4477429007,fulltime,,,,,,False,mid-senior level,,,,"Technology, Information and Internet",https://de.linkedin.com/company/mamgo-io,,,,,,,,,,,
linkedin,Senior Consultant (all genders) SAP Analytics - SAP Datasphere (Data Warehouse Cloud),valantic,"Hamburg, Hamburg, Germany",2026-10-08,https://www.linkedin.com/jobs/view/3966176079 , ,li-3966176079,fulltime,,,,,,False,mid-senior level,,,,Business Consulting and Services,https://de.linkedin.com/company/valantic,,,,,,,,,,,
linkedin,Python Software Engineer (m/w/d),Smart Systems Hub,"Dresden, Saxony, Germany",2026-10-08,https://www.linkedin.com/jobs/view/4477132951 , ,li-4477132951,,,,,,,False,,,,,,https://de.linkedin.com/company/smartsystemshub,,,,,,,,,,,
linkedin,"Senior Software Engineer, Data Transformation",Snowflake,"Berlin, Berlin, Germany",2026-10-08,https://www.linkedin.com/jobs/view/4432053431 , ,li-4432053431,fulltime,,,,,,False,mid-senior level,,,,Software Development,https://www.linkedin.com/company/snowflake-computing,,,,,,,,,,,
linkedin,Dateningenieur:in,Syn2core,"Munich, Bavaria, Germany",2026-10-08,https://www.linkedin.com/jobs/view/4477194747 , ,li-4477194747,fulltime,,,,,,False,associate,,,,"Software Development, Artificial Intelligence, and Robotics Engineering",https://www.linkedin.com/company/syn2core,,,,,,,,,,,
linkedin,BI Engineer/Data Solutions Architect (m/w/d),Charleston Holding GmbH,"Waltenhofen, Bavaria, Germany",2026-10-08,https://www.linkedin.com/jobs/view/4475955198 , ,li-4475955198,fulltime,,,,,,False,associate,,,,Health and Human Services and Nursing Homes and Residential Care Facilities,https://de.linkedin.com/company/charlestonholding,,,,,,,,,,,
linkedin,Senior AI / ML / Data Engineer (m/w/d),QAVION GROUP,Germany,2026-10-08,https://www.linkedin.com/jobs/view/4477100734 , ,li-4477100734,fulltime,direct_data,yearly,80000.0,150000.0,EUR,False,associate,,,,Professional Services,https://www.linkedin.com/company/qavion-group,,,,,,,,,,,
linkedin,AI-First Analytics Engineer (m/f/d),Sport Alliance,Germany,2026-10-08,https://www.linkedin.com/jobs/view/4475791601 , ,li-4475791601,fulltime,,,,,,False,mid-senior level,,,,Information Technology & Services,https://de.linkedin.com/company/sportalliance,,,,,,,,,,,
linkedin,Junior Database Developer (m/w/d),Helaba Invest Kapitalanlagegesellschaft mbH,"Frankfurt am Main, Hesse, Germany",2026-10-08,https://www.linkedin.com/jobs/view/4475766990 , ,li-4475766990,fulltime,,,,,,False,entry level,,,bewerbung@helaba-invest.de,Financial Services,https://www.linkedin.com/company/helaba-invest-kapitalanlagegesellschaft-mbh,,,,,,,,,,,
linkedin,Senior Data Engineer,WhyBrilliant,"Berlin, Berlin, Germany",2026-10-08,https://www.linkedin.com/jobs/view/4475902248 , ,li-4475902248,fulltime,direct_data,yearly,70000.0,90000.0,EUR,False,mid-senior level,,,,Software Development,https://de.linkedin.com/company/whybrilliantcom,,,,,,,,,,,
linkedin,"Junior Software Engineer, Data",Almedia,"Berlin, Germany",2026-10-08,https://www.linkedin.com/jobs/view/4477425805 , ,li-4477425805,fulltime,,,,,,False,entry level,,,,Advertising Services,https://de.linkedin.com/company/almediaco,,,,,,,,,,,
linkedin,Data Engineer,Booz Allen Hamilton,"Wiesbaden, Hesse, Germany",2026-10-08,https://www.linkedin.com/jobs/view/4477468189 , ,li-4477468189,fulltime,,,,,,False,not applicable,,,,Software Development,https://www.linkedin.com/company/booz-allen-hamilton,,,,,,,,,,,
linkedin,Data Engineer Wind Energy (m/f/d),Nordex Group,"Hamburg, Germany",2026-10-08,https://www.linkedin.com/jobs/view/4477403733 , ,li-4477403733,parttime,,,,,,False,mid-senior level,,,,Renewable Energy Equipment Manufacturing,https://de.linkedin.com/company/nordex,,,,,,,,,,,
linkedin,Data Engineer,Haystack,Greater Munich Metropolitan Area,2026-10-08,https://www.linkedin.com/jobs/view/4475960350 , ,li-4475960350,fulltime,,,,,,False,associate,,,,"Technology, Information and Media",https://uk.linkedin.com/company/wearehaystack,,,,,,,,,,,
linkedin,Data Engineer (m/f/d) – Digital R&D – Including Salary Details,Covestro,"Leverkusen, North Rhine-Westphalia, Germany",2026-10-08,https://www.linkedin.com/jobs/view/4467984986 , ,li-4467984986,fulltime,,,,,,False,entry level,,,chris.rziha@covestro.com,Chemical Manufacturing,https://de.linkedin.com/company/covestro,,,,,,,,,,,
linkedin,Senior Data Engineer/Architect,Interzero,"Cologne, North Rhine-Westphalia, Germany",2026-10-08,https://www.linkedin.com/jobs/view/4477195606 , ,li-4477195606,fulltime,,,,,,False,associate,,,,Environmental Services,https://www.linkedin.com/company/interzero,,,,,,,,,,,
linkedin,Data Engineer - Data Platform & Ontology (m/f/d),Statista,"Berlin, Germany",2026-10-08,https://www.linkedin.com/jobs/view/4323074869 , ,li-4323074869,fulltime,,,,,,False,mid-senior level,,,,"Technology, Information and Media",https://de.linkedin.com/company/statista,,,,,,,,,,,
linkedin,Data Engineer,Haystack,Frankfurt Rhine-Main Metropolitan Area,2026-10-08,https://www.linkedin.com/jobs/view/4475782634 , ,li-4475782634,fulltime,,,,,,False,mid-senior level,,,,"Technology, Information and Media",https://uk.linkedin.com/company/wearehaystack,,,,,,,,,,,
linkedin,Senior Data Engineer (w/m/d),finanzen.net,"Munich, Bavaria, Germany",2026-10-08,https://www.linkedin.com/jobs/view/4474816501 , ,li-4474816501,fulltime,,,,,,False,associate,,,,"Technology, Information and Internet",https://de.linkedin.com/company/finanzen-net,,,,,,,,,,,
linkedin,Senior Data Engineer (w/m/d),Skalar – Digitale Steuerberatung,"Munich, Bavaria, Germany",2026-10-08,https://www.linkedin.com/jobs/view/4474853019 , ,li-4474853019,fulltime,,,,,,False,associate,,,,Professional Services,https://de.linkedin.com/company/skalar-digitale-steuerberatung,,,,,,,,,,,
linkedin,Senior Data Engineer (Full-time),Glimmer,"Berlin, Berlin, Germany",2026-10-08,https://www.linkedin.com/jobs/view/4477112553 , ,li-4477112553,fulltime,direct_data,yearly,70000.0,70000.0,EUR,False,associate,,,,Wellness and Fitness Services,https://de.linkedin.com/company/glimmerapp,,,,,,,,,,,
linkedin,Data Engineer,HiredBuddy,"North Rhine-Westphalia, Germany",2026-10-08,https://www.linkedin.com/jobs/view/4475965040 , ,li-4475965040,contract,,,,,,False,entry level,,,,Artificial Intelligence and IT Services and IT Consulting,https://www.linkedin.com/company/hired-buddy,,,,,,,,,,,
linkedin,Senior Data Engineer (d/f/m),4flow,"Heidelberg, Baden-Württemberg, Germany",2026-10-08,https://www.linkedin.com/jobs/view/4429552277 , ,li-4429552277,fulltime,,,,,,False,mid-senior level,,,,"Transportation, Logistics, Supply Chain and Storage",https://de.linkedin.com/company/4flow,,,,,,,,,,,
linkedin,Head of Data Platform (m/f/d),Solactive,"Frankfurt, Hesse, Germany",2026-10-08,https://www.linkedin.com/jobs/view/4475770916 , ,li-4475770916,fulltime,,,,,,False,director,,,careers@solactive.com,Financial Services,https://de.linkedin.com/company/solactive,,,,,,,,,,,
linkedin,Data Engineer,Haystack,"Rhineland-Palatinate, Germany",2026-10-08,https://www.linkedin.com/jobs/view/4475711640 , ,li-4475711640,fulltime,,,,,,False,mid-senior level,,,,"Technology, Information and Media",https://uk.linkedin.com/company/wearehaystack,,,,,,,,,,,
linkedin,Forward Deployed Engineer — Agentforce Orchestration,Salesforce,"Munich, Bavaria, Germany",2026-10-08,https://www.linkedin.com/jobs/view/4458769016 , ,li-4458769016,fulltime,,,,,,False,not applicable,,,,"Software Development, IT Services and IT Consulting, and Technology, Information and Internet",https://www.linkedin.com/company/salesforce,,,,,,,,,,,
linkedin,Data Analyst / Data Science Specialist (m/w/d),Molkerei Gropper GmbH & Co. KG,"Bissingen, Bavaria, Germany",2026-10-08,https://www.linkedin.com/jobs/view/4477466628 , ,li-4477466628,fulltime,,,,,,False,entry level,,,,Dairy Product Manufacturing,https://de.linkedin.com/company/molkereigropper,,,,,,,,,,,
linkedin,Machine Learning Ops Engineer - Personalization (m|w|d),idealo internet GmbH,"Berlin, Berlin, Germany",2026-10-08,https://www.linkedin.com/jobs/view/4443880011 , ,li-4443880011,fulltime,,,,,,False,mid-senior level,,,,Software Development,https://de.linkedin.com/company/idealo-internet-gmbh,,,,,,,,,,,
linkedin,Datenfachkraft,smartist.one,"Essen, North Rhine-Westphalia, Germany",2026-10-08,https://www.linkedin.com/jobs/view/4477125035 , ,li-4477125035,fulltime,direct_data,yearly,50000.0,70000.0,EUR,False,associate,,,,IT Services and IT Consulting,https://de.linkedin.com/company/smartistone,,,,,,,,,,,
linkedin,Abteilungsleitung Data Architecture & Integration (m/w/d),inasys,"Sankt Augustin, North Rhine-Westphalia, Germany",2026-10-08,https://www.linkedin.com/jobs/view/4475963061 , ,li-4475963061,fulltime,,,,,,False,associate,,,,Banking and IT Services and IT Consulting,https://de.linkedin.com/company/inasys-gmbh,,,,,,,,,,,
linkedin,D360 Forward Deployed Engineer,Salesforce,"Frankfurt, Hesse, Germany",2026-10-08,https://www.linkedin.com/jobs/view/4458758320 , ,li-4458758320,fulltime,,,,,,False,not applicable,,,,"Software Development, IT Services and IT Consulting, and Technology, Information and Internet",https://www.linkedin.com/company/salesforce,,,,,,,,,,,
linkedin,Software Engineer - IoT/Cloud/Edge Backend (m/f/d) for the renewable energy industry,H.E.A.T.,"Berlin, Berlin, Germany",2026-10-08,https://www.linkedin.com/jobs/view/4474833771 , ,li-4474833771,fulltime,direct_data,yearly,70000.0,90000.0,EUR,False,mid-senior level,,,,Software Development,https://de.linkedin.com/company/heatppc,,,,,,,,,,,
linkedin,Technical Co-Founder,Payment Data Monitor,Germany,2026-10-08,https://www.linkedin.com/jobs/view/4476191900 , ,li-4476191900,fulltime,,,,,,False,executive,,,info@paymentdatamonitor.com,IT Services and IT Consulting,https://www.linkedin.com/company/payment-data-monitor,,,,,,,,,,,
linkedin,Senior Datenmigrationsspezialist (m/w/d) - Jobbird.com,Jobster,"Coblenz, Rhineland-Palatinate, Germany",2026-10-08,https://www.linkedin.com/jobs/view/4475926319 , ,li-4475926319,fulltime,,,,,,False,mid-senior level,,,,Software Development,https://nl.linkedin.com/company/jobster-com,,,,,,,,,,,
linkedin,(Senior) Manager*in System- & Datenmanagement im Asset Management,BarmeniaGothaer,"Cologne, North Rhine-Westphalia, Germany",2026-10-08,https://www.linkedin.com/jobs/view/4468213818 , ,li-4468213818,fulltime,,,,,,False,associate,,,,Insurance,https://de.linkedin.com/company/barmeniagothaer,,,,,,,,,,,
linkedin,Digital Solutions Engineer (m/w/d) – Production & AI,GOLDBECK,"Bielefeld, North Rhine-Westphalia, Germany",2026-10-08,https://www.linkedin.com/jobs/view/4475907367 , ,li-4475907367,fulltime,,,,,,False,associate,,,,"Construction, Real Estate, and Architecture and Planning",https://de.linkedin.com/company/goldbeck,,,,,,,,,,,
linkedin,Microsoft BI Entwickler (m/w/d),JobMeKa GmbH,"Bad Homburg, Hesse, Germany",2026-10-08,https://www.linkedin.com/jobs/view/4477128763 , ,li-4477128763,fulltime,,,,,,False,associate,,,,Medical Equipment Manufacturing and Pharmaceutical Manufacturing,https://de.linkedin.com/company/jobmeka-gmbh,,,,,,,,,,,
linkedin,Forward Deployed Engineer — Agentforce Orchestration,Salesforce,"Berlin, Berlin, Germany",2026-10-08,https://www.linkedin.com/jobs/view/4458757123 , ,li-4458757123,fulltime,,,,,,False,not applicable,,,,"Software Development, IT Services and IT Consulting, and Technology, Information and Internet",https://www.linkedin.com/company/salesforce,,,,,,,,,,,
linkedin,Senior Python Software Engineer*,TOMRA,"Mülheim, Rhineland-Palatinate, Germany",2026-10-08,https://www.linkedin.com/jobs/view/4468633469 , ,li-4468633469,fulltime,,,,,,False,mid-senior level,,,,Machinery Manufacturing,https://no.linkedin.com/company/tomra,,,,,,,,,,,
linkedin,"Director, Digital, Data & Informatics, Clinical Data Integration Operations",BioNTech SE,"Mainz, Rhineland-Palatinate, Germany",2026-10-08,https://www.linkedin.com/jobs/view/4468223980 , ,li-4468223980,fulltime,,,,,,False,director,,,,Biotechnology Research,https://de.linkedin.com/company/biontech-se,,,,,,,,,,,
linkedin,Business Intelligence Consultant (w/m/d) - SAP BW / SAP Datasphere,Siegwerk,"Siegburg, North Rhine-Westphalia, Germany",2026-10-08,https://www.linkedin.com/jobs/view/4475786159 , ,li-4475786159,fulltime,,,,,,False,mid-senior level,,,,Chemical Manufacturing,https://de.linkedin.com/company/siegwerk,,,,,,,,,,,
linkedin,Director Migration Engineering (m/w/d) Business Suite,Suiteify,Germany,2026-10-08,https://www.linkedin.com/jobs/view/4477176787 , ,li-4477176787,fulltime,,,,,,False,director,,,,Software Development,https://www.linkedin.com/company/suiteify,,,,,,,,,,,
linkedin,Analytics Engineer (m/f/d),Statista,"Hamburg, Hamburg, Germany",2026-10-08,https://www.linkedin.com/jobs/view/4475791607 , ,li-4475791607,fulltime,,,,,,False,mid-senior level,,,,"Technology, Information and Media",https://de.linkedin.com/company/statista,,,,,,,,,,,
linkedin,(Junior) ML Engineer,Ringhals AB,"Berlin, Germany",2026-10-08,https://www.linkedin.com/jobs/view/4477166235 , ,li-4477166235,fulltime,,,,,,False,entry level,,,"alena.karlic@vattenfall.de, marius.glaessge@vattenfall.de",Nuclear Electric Power Generation,https://se.linkedin.com/company/ringhals-ab,,,,,,,,,,,
linkedin,Senior Analytics Engineer,Finom,Germany,2026-10-08,https://www.linkedin.com/jobs/view/4476978711 , ,li-4476978711,fulltime,,,,,,False,mid-senior level,,,,Financial Services,https://nl.linkedin.com/company/finomhq,,,,,,,,,,,
linkedin,Senior Compute Platform Engineer,Zeta Global,"Berlin, Berlin, Germany",2026-10-08,https://www.linkedin.com/jobs/view/4431854487 , ,li-4431854487,fulltime,,,,,,False,mid-senior level,,,,Software Development,https://www.linkedin.com/company/zetaglobal,,,,,,,,,,,
linkedin,(Junior) ML Engineer,Ringhals AB,"Hamburg, Hamburg, Germany",2026-10-08,https://www.linkedin.com/jobs/view/4477170095 , ,li-4477170095,fulltime,,,,,,False,entry level,,,"alena.karlic@vattenfall.de, marius.glaessge@vattenfall.de",Nuclear Electric Power Generation,https://se.linkedin.com/company/ringhals-ab,,,,,,,,,,,
linkedin,Specialist Data Science,HDI Group,"Hannover, Lower Saxony, Germany",2026-10-08,https://www.linkedin.com/jobs/view/4449488553 , ,li-4449488553,fulltime,,,,,,False,mid-senior level,,,,Insurance,https://de.linkedin.com/company/hdigroup,,,,,,,,,,,
linkedin,Senior Data Warehouse Architect (w/m/x),Douglas,"Düsseldorf, North Rhine-Westphalia, Germany",2026-10-08,https://www.linkedin.com/jobs/view/4475526332 , ,li-4475526332,fulltime,,,,,,False,mid-senior level,,,,Retail,https://de.linkedin.com/company/group-douglas,,,,,,,,,,,
linkedin,SAP BW on HANA Architect - Germany (m/w/d),Infosys,"Berlin, Germany",2026-10-08,https://www.linkedin.com/jobs/view/4438414489 , ,li-4438414489,fulltime,,,,,,False,mid-senior level,,,,IT Services and IT Consulting,https://in.linkedin.com/company/infosys,,,,,,,,,,,
linkedin,Senior Analytics Engineer - Brand Analytics (all genders),ABOUT YOU,"Hamburg, Hamburg, Germany",2026-10-08,https://www.linkedin.com/jobs/view/4475786743 , ,li-4475786743,,,,,,,False,,,,,,https://de.linkedin.com/company/about-you,,,,,,,,,,,
linkedin,"Software Engineer, Feature Engineering Platform",Wolt,"Berlin, Berlin, Germany",2026-10-08,https://www.linkedin.com/jobs/view/4475962858 , ,li-4475962858,fulltime,,,,,,False,entry level,,,,Software Development,https://fi.linkedin.com/company/wolt-oy,,,,,,,,,,,
linkedin,Head of Product Analytics & Experimentation,qlub,"Berlin, Berlin, Germany",2026-10-07,https://www.linkedin.com/jobs/view/4476767091 , ,li-4476767091,fulltime,,,,,,False,mid-senior level,,,,Financial Services,https://ae.linkedin.com/company/qlub-pay,,,,,,,,,,,
linkedin,Senior Consultant Data Analytics & Business Insights (m/w/d) in Düsseldorf,Deloitte,"Düsseldorf, North Rhine-Westphalia, Germany",2026-10-07,https://www.linkedin.com/jobs/view/4343131231 , ,li-4343131231,fulltime,,,,,,False,associate,,,career@deloitte.de,Business Consulting and Services,https://www.linkedin.com/company/deloitte,,,,,,,,,,,
linkedin,Big Data Scientist for the Services Analytics Plateau,Airbus Defence and Space,"Manching, Bavaria, Germany",2026-10-07,https://www.linkedin.com/jobs/view/4474422320 , ,li-4474422320,parttime,,,,,,False,mid-senior level,,,emsom@airbus.com,Defense and Space Manufacturing,https://www.linkedin.com/company/airbus-defence-and-space,,,,,,,,,,,
linkedin,Junior Managers Program (Trainee) - Start your Leadership Journey in Business Intelligence & Analytics,Bosch,"Gerlingen, Baden-Württemberg, Germany",2026-10-07,https://www.linkedin.com/jobs/view/4475449863 , ,li-4475449863,fulltime,,,,,,False,entry level,,,,Automotive,https://de.linkedin.com/company/bosch,,,,,,,,,,,
linkedin,Vertriebscontroller (m/w/d) - befristet,SWP Stadtwerke Pforzheim,"Pforzheim, Baden-Württemberg, Germany",2026-10-07,https://www.linkedin.com/jobs/view/4474474568 , ,li-4474474568,fulltime,,,,,,False,mid-senior level,,,,Utilities,https://www.linkedin.com/company/swp-stadtwerke-pforzheim-gmbh-&-co-kg,,,,,,,,,,,
linkedin,Manager Customer & Sales Controlling (m/w/d),HSE - Home Shopping Europe GmbH,"Ismaning, Bavaria, Germany",2026-10-07,https://www.linkedin.com/jobs/view/4474906082 , ,li-4474906082,fulltime,,,,,,False,mid-senior level,,,,Online and Mail Order Retail,https://de.linkedin.com/company/hse,,,,,,,,,,,
linkedin,Senior Product Analyst,Roamless,Germany,2026-10-07,https://www.linkedin.com/jobs/view/4476788318 , ,li-4476788318,fulltime,direct_data,yearly,50000.0,80000.0,EUR,False,mid-senior level,,,,"Technology, Information and Internet",https://www.linkedin.com/company/roamless,,,,,,,,,,,
linkedin,Data Scientist (m/w/d),Acxiom Deutschland GmbH,"Frankfurt, Hesse, Germany",2026-10-07,https://www.linkedin.com/jobs/view/4475434361 , ,li-4475434361,fulltime,,,,,,False,associate,,,,Data Infrastructure and Analytics and IT System Data Services,https://de.linkedin.com/company/acxiom-deutschland-gmbh,,,,,,,,,,,
linkedin,Munich Re Markets: Performance Analyst (m/f/d)*,Munich Re,"Munich, Bavaria, Germany",2026-10-07,https://www.linkedin.com/jobs/view/4476720462 , ,li-4476720462,fulltime,,,,,,False,mid-senior level,,,,Insurance,https://de.linkedin.com/company/munich-re,,,,,,,,,,,
linkedin,Data Analyst - (Mid level)(F/M/X),ablefy,"Berlin, Germany",2026-10-07,https://www.linkedin.com/jobs/view/4475407971 , ,li-4475407971,fulltime,,,,,,False,mid-senior level,,,,IT Services and IT Consulting and Software Development,https://de.linkedin.com/company/myablefy,,,,,,,,,,,
linkedin,Performance Marketing Analyst (w/m/d),1&1,"Karlsruhe, Baden-Württemberg, Germany",2026-10-07,https://www.linkedin.com/jobs/view/4475435067 , ,li-4475435067,fulltime,,,,,,False,not applicable,,,,Telecommunications,https://de.linkedin.com/company/1und1de,,,,,,,,,,,
linkedin,Business Intelligence Specialist (m/w/d),MOSOLF Port Logistics & Services GmbH,"Kirchheim unter Teck, Baden-Württemberg, Germany",2026-10-07,https://www.linkedin.com/jobs/view/4477160132 , ,li-4477160132,fulltime,,,,,,False,mid-senior level,,,,"Transportation, Logistics, Supply Chain and Storage",https://de.linkedin.com/company/mplsgmbh,,,,,,,,,,,
linkedin,Business Intelligence Specialist (m/w/d),MOSOLF,"Kirchheim unter Teck, Baden-Württemberg, Germany",2026-10-07,https://www.linkedin.com/jobs/view/4475177225 , ,li-4475177225,fulltime,,,,,,False,mid-senior level,,,,"Transportation, Logistics, Supply Chain and Storage",https://de.linkedin.com/company/mosolf-se-co-kg,,,,,,,,,,,
linkedin,Data & Analytics Specialist (m/w/d) mit Fokus Qlik Sense,Dirk Rossmann GmbH,"Burgwedel, Lower Saxony, Germany",2026-10-07,https://www.linkedin.com/jobs/view/4390848183 , ,li-4390848183,fulltime,,,,,,False,entry level,,,,Retail,https://de.linkedin.com/company/dirk-rossmann-gmbh,,,,,,,,,,,
linkedin,Data Analyst,Haystack,Frankfurt Rhine-Main Metropolitan Area,2026-10-07,https://www.linkedin.com/jobs/view/4475151134 , ,li-4475151134,fulltime,,,,,,False,mid-senior level,,,,"Technology, Information and Media",https://uk.linkedin.com/company/wearehaystack,,,,,,,,,,,
linkedin,Data Analyst,Syntrace,"Munich, Bavaria, Germany",2026-10-07,https://www.linkedin.com/jobs/view/4474438721 , ,li-4474438721,fulltime,,,,,,False,entry level,,,careers@syntrace.com,Software Development,https://www.linkedin.com/company/syntrace,,,,,,,,,,,
linkedin,(Senior) Data Analyst – Category Management & Commercial  (alle Geschlechter),OBI Group Holding,"Cologne, North Rhine-Westphalia, Germany",2026-10-07,https://www.linkedin.com/jobs/view/4466220740 , ,li-4466220740,fulltime,,,,,,False,mid-senior level,,,,Retail,https://de.linkedin.com/company/obi,,,,,,,,,,,
linkedin,Expert Customer Data Analyst (m/w/d),HSE - Home Shopping Europe GmbH,"Ismaning, Bavaria, Germany",2026-10-07,https://www.linkedin.com/jobs/view/4473351574 , ,li-4473351574,fulltime,,,,,,False,mid-senior level,,,,Online and Mail Order Retail,https://de.linkedin.com/company/hse,,,,,,,,,,,
linkedin,Retail Media Insights & Strategy Manager (m/w/d),Redcare Pharmacy,"Cologne, North Rhine-Westphalia, Germany",2026-10-07,https://www.linkedin.com/jobs/view/4476700497 , ,li-4476700497,fulltime,,,,,,False,mid-senior level,,,,Software Development and IT Services and IT Consulting,https://nl.linkedin.com/company/redcare-pharmacy-com,,,,,,,,,,,
linkedin,Payment Analyst,Jobgether,Germany,2026-10-07,https://www.linkedin.com/jobs/view/4475132824 , ,li-4475132824,fulltime,,,,,,False,associate,,,,Internet Marketplace Platforms,https://be.linkedin.com/company/jobgether,,,,,,,,,,,
linkedin,Senior Commercial Finance Analyst,Dyson,Cologne Bonn Region,2026-10-07,https://www.linkedin.com/jobs/view/4458220888 , ,li-4458220888,fulltime,,,,,,False,mid-senior level,,,,"Appliances, Electrical, and Electronics Manufacturing",https://sg.linkedin.com/company/dyson,,,,,,,,,,,
linkedin,Senior Data & AI Consultant Qlik,Informatec,Germany,2026-10-07,https://www.linkedin.com/jobs/view/4475168744 , ,li-4475168744,fulltime,,,,,,False,associate,,,jobs@informatec.com,Computer and Network Security,https://ch.linkedin.com/company/informatec-ag,,,,,,,,,,,
linkedin,(Junior) ML Engineer,Vattenfall,"Berlin, Berlin, Germany",2026-10-07,https://www.linkedin.com/jobs/view/4475448806 , ,li-4475448806,fulltime,,,,,,False,entry level,,,"alena.karlic@vattenfall.de, marius.glaessge@vattenfall.de",Utilities,https://se.linkedin.com/company/vattenfall,,,,,,,,,,,
linkedin,Senior Software Engineer Python (m/f/d),Certivity,"Munich, Bavaria, Germany",2026-10-07,https://www.linkedin.com/jobs/view/4450372145 , ,li-4450372145,fulltime,,,,,,False,mid-senior level,,,,Software Development,https://de.linkedin.com/company/certivity,,,,,,,,,,,
linkedin,Senior Bank Analytics Engineer,Solaris SE,"Berlin, Germany",2026-10-07,https://www.linkedin.com/jobs/view/4476596591 , ,li-4476596591,fulltime,,,,,,False,mid-senior level,,,,Financial Services,https://de.linkedin.com/company/solariscompany,,,,,,,,,,,
linkedin,Senior Software Engineer,Instaffo,"Berlin, Berlin, Germany",2026-10-07,https://www.linkedin.com/jobs/view/4476581528 , ,li-4476581528,fulltime,direct_data,yearly,75000.0,100000.0,EUR,False,mid-senior level,,,,Staffing and Recruiting,https://de.linkedin.com/company/instaffo-gmbh,,,,,,,,,,,
linkedin,"Sr. Intelligence Software Engineer (Remote, DEU)",CrowdStrike,Germany,2026-10-07,https://www.linkedin.com/jobs/view/4465547149 , ,li-4465547149,fulltime,,,,,,True,mid-senior level,,,recruiting@crowdstrike.com,Computer and Network Security,https://www.linkedin.com/company/crowdstrike,,,,,,,,,,,
linkedin,Forward Deployed Engineer,Databricks,Berlin Metropolitan Area,2026-10-07,https://www.linkedin.com/jobs/view/4455884351 , ,li-4455884351,fulltime,,,,,,False,mid-senior level,,,,Software Development,https://www.linkedin.com/company/databricks,,,,,,,,,,,
linkedin,(Junior) ML Engineer,Vattenfall,"Hamburg, Hamburg, Germany",2026-10-07,https://www.linkedin.com/jobs/view/4475458488 , ,li-4475458488,fulltime,,,,,,False,entry level,,,"alena.karlic@vattenfall.de, marius.glaessge@vattenfall.de",Utilities,https://se.linkedin.com/company/vattenfall,,,,,,,,,,,
linkedin,Data Engineer,Booz Allen Hamilton,"Stuttgart, Baden-Württemberg, Germany",2026-10-07,https://www.linkedin.com/jobs/view/4457679209 , ,li-4457679209,fulltime,,,,,,False,not applicable,,,,Software Development,https://www.linkedin.com/company/booz-allen-hamilton,,,,,,,,,,,
linkedin,D360 Forward Deployed Engineer,Salesforce,Ruhr Region,2026-10-07,https://www.linkedin.com/jobs/view/4458748880 , ,li-4458748880,fulltime,,,,,,False,not applicable,,,,"Software Development, IT Services and IT Consulting, and Technology, Information and Internet",https://www.linkedin.com/company/salesforce,,,,,,,,,,,
linkedin,SAP Data Consultant (m/w/d),Empion by Factorial,Germany,2026-10-07,https://www.linkedin.com/jobs/view/4476587956 , ,li-4476587956,fulltime,,,,,,False,associate,,,,IT Services and IT Consulting,https://de.linkedin.com/company/empiongmbh,,,,,,,,,,,
linkedin,D360 Forward Deployed Engineer,Salesforce,"Stuttgart, Baden-Württemberg, Germany",2026-10-07,https://www.linkedin.com/jobs/view/4458758321 , ,li-4458758321,fulltime,,,,,,False,not applicable,,,,"Software Development, IT Services and IT Consulting, and Technology, Information and Internet",https://www.linkedin.com/company/salesforce,,,,,,,,,,,
linkedin,SAP Data Engineer (m/w/d),Empion by Factorial,Germany,2026-10-07,https://www.linkedin.com/jobs/view/4476707193 , ,li-4476707193,fulltime,,,,,,False,associate,,,,IT Services and IT Consulting,https://de.linkedin.com/company/empiongmbh,,,,,,,,,,,
linkedin,Senior Data Engineer,Haystack,"Rhineland-Palatinate, Germany",2026-10-07,https://www.linkedin.com/jobs/view/4475137515 , ,li-4475137515,fulltime,,,,,,False,mid-senior level,,,,"Technology, Information and Media",https://uk.linkedin.com/company/wearehaystack,,,,,,,,,,,
linkedin,SAP Data Engineer / Consultant (m/w/d),Empion by Factorial,Greater Hamburg Area,2026-10-07,https://www.linkedin.com/jobs/view/4476594631 , ,li-4476594631,fulltime,,,,,,False,associate,,,,IT Services and IT Consulting,https://de.linkedin.com/company/empiongmbh,,,,,,,,,,,
linkedin,Senior Data Engineer (d/f/m),4flow,"Hamburg, Hamburg, Germany",2026-10-07,https://www.linkedin.com/jobs/view/4429552276 , ,li-4429552276,fulltime,,,,,,False,mid-senior level,,,,"Transportation, Logistics, Supply Chain and Storage",https://de.linkedin.com/company/4flow,,,,,,,,,,,
linkedin,Senior Business Intelligence Engineer (m/w/d),Goodman Masson Deutschland,"Bochum, North Rhine-Westphalia, Germany",2026-10-07,https://www.linkedin.com/jobs/view/4475432179 , ,li-4475432179,fulltime,direct_data,yearly,70000.0,80000.0,EUR,False,not applicable,,,jasmin.schader@goodmanmasson.de,Data Infrastructure and Analytics,https://de.linkedin.com/company/goodman-masson-deutschland,,,,,,,,,,,
linkedin,Data Analyst & Automation Engineer (m/w/d) | 100 % remote,hey contact heroes GmbH,Germany,2026-10-07,https://www.linkedin.com/jobs/view/4476703199 , ,li-4476703199,fulltime,,,,,,True,associate,,,,Telecommunications,https://de.linkedin.com/company/hey-contact-heroes-gmbh,,,,,,,,,,,
linkedin,D360 Forward Deployed Engineer,Salesforce,"Munich, Bavaria, Germany",2026-10-07,https://www.linkedin.com/jobs/view/4458762259 , ,li-4458762259,fulltime,,,,,,False,not applicable,,,,"Software Development, IT Services and IT Consulting, and Technology, Information and Internet",https://www.linkedin.com/company/salesforce,,,,,,,,,,,
linkedin,D360 Forward Deployed Engineer,Salesforce,"Berlin, Berlin, Germany",2026-10-07,https://www.linkedin.com/jobs/view/4458752375 , ,li-4458752375,fulltime,,,,,,False,not applicable,,,,"Software Development, IT Services and IT Consulting, and Technology, Information and Internet",https://www.linkedin.com/company/salesforce,,,,,,,,,,,
linkedin,Senior Analytics Engineer (all genders),Eraneos,Greater Munich Metropolitan Area,2026-10-07,https://www.linkedin.com/jobs/view/4446205992 , ,li-4446205992,fulltime,,,,,,False,mid-senior level,,,paulina.krzeminski@eraneos.com,Business Consulting and Services,https://ch.linkedin.com/company/eraneos,,,,,,,,,,,
linkedin,Spezialist:in Reporting im Bereich Kundenservice,S-Kundenservice GmbH,"Bremen, Bremen, Germany",2026-10-07,https://www.linkedin.com/jobs/view/4476759034 , ,li-4476759034,parttime,,,,,,False,entry level,,,,Financial Services,https://de.linkedin.com/company/s-kundenservice,,,,,,,,,,,
linkedin,Senior Data Engineer,3pX Group ★ A Sunday Times Best Place to Work,Germany,2026-10-07,https://www.linkedin.com/jobs/view/4476753471 , ,li-4476753471,fulltime,direct_data,yearly,80000.0,90000.0,EUR,False,associate,,,,Data Infrastructure and Analytics,https://www.linkedin.com/company/3px-recruitment,,,,,,,,,,,
linkedin,Senior Databricks Consultant,3pX Group ★ A Sunday Times Best Place to Work,Germany,2026-10-07,https://www.linkedin.com/jobs/view/4476762423 , ,li-4476762423,fulltime,direct_data,yearly,56000.0,100000.0,EUR,False,associate,,,,Data Infrastructure and Analytics,https://www.linkedin.com/company/3px-recruitment,,,,,,,,,,,
linkedin,Data & Analytics Engineer (m/w/d),Cannamedical Pharma,"Cologne, North Rhine-Westphalia, Germany",2026-10-07,https://www.linkedin.com/jobs/view/4469000498 , ,li-4469000498,fulltime,,,,,,False,associate,,,,Biotechnology Research,https://de.linkedin.com/company/cannamedical,,,,,,,,,,,
linkedin,Senior Data Engineer,European Tech Recruit,Berlin Metropolitan Area,2026-10-07,https://www.linkedin.com/jobs/view/4476596054 , ,li-4476596054,fulltime,,,,,,False,mid-senior level,,,,"Artificial Intelligence, Technology, Information and Media, and Data Infrastructure and Analytics",https://uk.linkedin.com/company/european-tech-recruit,,,,,,,,,,,
linkedin,Data Engineer (all genders),Eurowings Digital,"Cologne, North Rhine-Westphalia, Germany",2026-10-07,https://www.linkedin.com/jobs/view/4475446492 , ,li-4475446492,fulltime,,,,,,False,mid-senior level,,,,Airlines and Aviation,https://de.linkedin.com/company/eurowings-digital-gmbh,,,,,,,,,,,
linkedin,Data Engineer – Schwerpunkt Infrastruktur & Plattform*,Haeger Consulting GmbH,"Bonn, North Rhine-Westphalia, Germany",2026-10-07,https://www.linkedin.com/jobs/view/4475185338 , ,li-4475185338,fulltime,,,,,,False,associate,,,,Software Development,https://de.linkedin.com/company/haeger-consulting,,,,,,,,,,,
linkedin,Senior Data Warehouse Engineer / Technical Lead (m/w/x) Data Vault 2.0 / WhereScape / Oracle,SII Germany,"Munich, Bavaria, Germany",2026-10-07,https://www.linkedin.com/jobs/view/4476788253 , ,li-4476788253,fulltime,,,,,,False,mid-senior level,,,,IT Services and IT Consulting,https://de.linkedin.com/company/sii-germany,,,,,,,,,,,
linkedin,Data Engineer (m/w/d),Acxiom Deutschland GmbH,"Frankfurt, Hesse, Germany",2026-10-07,https://www.linkedin.com/jobs/view/4475439144 , ,li-4475439144,fulltime,,,,,,False,associate,,,,Marketing Services and Data Infrastructure and Analytics,https://de.linkedin.com/company/acxiom-deutschland-gmbh,,,,,,,,,,,
linkedin,Data Engineer – Schwerpunkt Programmierung & Datenpipelines*,Haeger Consulting GmbH,"Bonn, North Rhine-Westphalia, Germany",2026-10-07,https://www.linkedin.com/jobs/view/4475184279 , ,li-4475184279,fulltime,,,,,,False,associate,,,,Software Development,https://de.linkedin.com/company/haeger-consulting,,,,,,,,,,,
linkedin,Senior Data Engineer Integration m/w/d,Phoenix Contact,"Blomberg, North Rhine-Westphalia, Germany",2026-10-07,https://www.linkedin.com/jobs/view/4458743288 , ,li-4458743288,fulltime,,,,,,False,associate,,,,Automation Machinery Manufacturing,https://de.linkedin.com/company/phoenix-contact,,,,,,,,,,,
linkedin,"Senior Full Stack Developer ERP, DWH & Business Intelligence (m/w/d)",GERHARDI Group,"Lüdenscheid, North Rhine-Westphalia, Germany",2026-10-07,https://www.linkedin.com/jobs/view/4476588431 , ,li-4476588431,,,,,,,False,,,,,,https://de.linkedin.com/company/gerhardi-group,,,,,,,,,,,
linkedin,(Senior) Analytics Engineer - Supply Data Solutions (all genders),ABOUT YOU,"Hamburg, Hamburg, Germany",2026-10-07,https://www.linkedin.com/jobs/view/4475416304 , ,li-4475416304,fulltime,,,,,,False,associate,,,,Software Development,https://de.linkedin.com/company/about-you,,,,,,,,,,,
linkedin,Senior / Managing Consultant Snowflake & Data Platforms (m/w/d) - German speaking,ON-POINT Connect,"Düsseldorf, North Rhine-Westphalia, Germany",2026-10-07,https://www.linkedin.com/jobs/view/4475447439 , ,li-4475447439,fulltime,,,,,,False,director,,,,"Financial Services, Banking, and Investment Banking",https://ch.linkedin.com/company/on-point-connect-ag,,,,,,,,,,,
linkedin,Referent:in Lean Management – Digitalisierung,Deutsche Bahn,"Leipzig, Saxony, Germany",2026-10-07,https://www.linkedin.com/jobs/view/4476543155 , ,li-4476543155,fulltime,,,,,,False,mid-senior level,,,,Truck Transportation,https://de.linkedin.com/company/deutschebahn,,,,,,,,,,,
linkedin,Controlling Expert - Planning Models and Dataarchitecture,IAV GmbH,"Gifhorn, Lower Saxony, Germany",2026-10-07,https://www.linkedin.com/jobs/view/4475403698 , ,li-4475403698,fulltime,,,,,,False,mid-senior level,,,,Engineering Services,https://de.linkedin.com/company/iav-gmbh,,,,,,,,,,,
linkedin,(Senior) AI/ML Engineer (all genders),Sunday Natural,"Berlin, Germany",2026-10-07,https://www.linkedin.com/jobs/view/4448174627 , ,li-4448174627,fulltime,,,,,,False,mid-senior level,,,,"Health, Wellness & Fitness",https://www.linkedin.com/company/sunday-natural-products-gmbh,,,,,,,,,,,
linkedin,Controlling Expert - Planning Models and Dataarchitecture Stellendetails | iavgmbh,IAV GmbH,"Stollberg, Saxony, Germany",2026-10-07,https://www.linkedin.com/jobs/view/4476707330 , ,li-4476707330,fulltime,,,,,,False,mid-senior level,,,,Engineering Services,https://de.linkedin.com/company/iav-gmbh,,,,,,,,,,,
linkedin,Senior Google Performance & Analytics Manager (m/w/d),Instaffo,"Stuttgart, Baden-Württemberg, Germany",2026-10-07,https://www.linkedin.com/jobs/view/4431719636 , ,li-4431719636,fulltime,,,,,,False,entry level,,,,Staffing and Recruiting,https://de.linkedin.com/company/instaffo-gmbh,,,,,,,,,,,
linkedin,Junior Finance Automation & Controlling Specialist (m/w/d),Schwarzwaldmilch,"Freiburg, Baden-Württemberg, Germany",2026-10-07,https://www.linkedin.com/jobs/view/4476145905 , ,li-4476145905,fulltime,,,,,,False,entry level,,,,Food and Beverage Manufacturing,https://de.linkedin.com/company/schwarzwaldmilch,,,,,,,,,,,
linkedin,"Senior Data Scientist, Growth (f/m/x)",HelloFresh,"Berlin, Berlin, Germany",2026-10-07,https://www.linkedin.com/jobs/view/4475427301 , ,li-4475427301,fulltime,,,,,,False,mid-senior level,,,,"Manufacturing, Consumer Services, and Food and Beverage Services",https://de.linkedin.com/company/hellofresh,,,,,,,,,,,
linkedin,Business Analyst (m/w/d) Köln,Zurich Insurance,"Cologne, North Rhine-Westphalia, Germany",2026-10-07,https://www.linkedin.com/jobs/view/4466514481 , ,li-4466514481,fulltime,,,,,,False,mid-senior level,,,ller@zurich.com,Insurance and Financial Services,https://ch.linkedin.com/company/zurich-insurance-company-ltd,,,,,,,,,,,
linkedin,Sales Controller (m/w/d),abtis,Germany,2026-10-07,https://www.linkedin.com/jobs/view/4466045860 , ,li-4466045860,fulltime,,,,,,False,associate,,,,IT Services and IT Consulting,https://de.linkedin.com/company/abtis-gruppe,,,,,,,,,,,
linkedin,Consultant (m/w/d) – Controlling & Corporate Performance Management,Instaffo,"Stuttgart, Baden-Württemberg, Germany",2026-10-07,https://www.linkedin.com/jobs/view/4459151734 , ,li-4459151734,fulltime,direct_data,yearly,55000.0,85000.0,EUR,False,mid-senior level,,,,Staffing and Recruiting,https://de.linkedin.com/company/instaffo-gmbh,,,,,,,,,,,
linkedin,Senior Expert Flexibilitätsvermarktung & Optimierung (m/w/d),e-regio GmbH & Co. KG,"Euskirchen, North Rhine-Westphalia, Germany",2026-10-07,https://www.linkedin.com/jobs/view/4445885731 , ,li-4445885731,fulltime,,,,,,False,mid-senior level,,,,Utilities,https://de.linkedin.com/company/e-regio,,,,,,,,,,,
linkedin,HR Specialist (m/f/d) People Analytics - SAP HCM,Körber,"Hamburg, Hamburg, Germany",2026-10-07,https://www.linkedin.com/jobs/view/4476783893 , ,li-4476783893,fulltime,,,,,,False,mid-senior level,,,jobs@koerber.com,IT Services and IT Consulting and Machinery Manufacturing,https://de.linkedin.com/company/k%C3%B6rber,,,,,,,,,,,
linkedin,Senior Credit Risk Analyst,Deel,Germany,2026-10-07,https://www.linkedin.com/jobs/view/4455892899 , ,li-4455892899,fulltime,direct_data,yearly,30000.0,80000.0,USD,False,mid-senior level,,,recruiting@deel.com,Human Resources Services,https://www.linkedin.com/company/deel,,,,,,,,,,,
linkedin,"Senior Data Scientist, Central Data Products",GetYourGuide,"Berlin, Germany",2026-10-07,https://www.linkedin.com/jobs/view/4465571687 , ,li-4465571687,fulltime,,,,,,False,mid-senior level,,,jobs@getyourguide.com,"Technology, Information and Internet and Travel Arrangements",https://de.linkedin.com/company/getyourguide-ag,,,,,,,,,,,
linkedin,Senior Manager Aviation Data,Skailark,"Munich, Bavaria, Germany",2026-10-07,https://www.linkedin.com/jobs/view/4476596294 , ,li-4476596294,fulltime,direct_data,yearly,75000.0,90000.0,EUR,False,associate,,,,Airlines and Aviation,https://de.linkedin.com/company/skailark-aviation-intelligence,,,,,,,,,,,
linkedin,Aviation Finance & Data Analyst (Product Development) (d/f/m),Skailark,"Munich, Bavaria, Germany",2026-10-07,https://www.linkedin.com/jobs/view/4476700210 , ,li-4476700210,fulltime,direct_data,yearly,55000.0,65000.0,EUR,False,entry level,,,,Airlines and Aviation,https://de.linkedin.com/company/skailark-aviation-intelligence,,,,,,,,,,,
linkedin,AI Platform Engineer (m/f/d),Instaffo,"Hamburg, Hamburg, Germany",2026-10-07,https://www.linkedin.com/jobs/view/4458780037 , ,li-4458780037,fulltime,,,,,,False,mid-senior level,,,,Staffing and Recruiting,https://de.linkedin.com/company/instaffo-gmbh,,,,,,,,,,,
linkedin,Staff Data Scientist,Almedia,"Berlin, Germany",2026-10-07,https://www.linkedin.com/jobs/view/4476789738 , ,li-4476789738,fulltime,,,,,,False,mid-senior level,,,,Advertising Services,https://de.linkedin.com/company/almediaco,,,,,,,,,,,
linkedin,IT-Spezialist Datenanalyse & Prozessdigitalisierung Energievertrieb (m/w/d),Stadtwerke Villingen-Schwenningen GmbH,"Villingen-Schwenningen, Baden-Württemberg, Germany",2026-10-07,https://www.linkedin.com/jobs/view/4476701549 , ,li-4476701549,fulltime,,,,,,False,mid-senior level,,,,Oil and Gas,https://de.linkedin.com/company/stadtwerke-vs,,,,,,,,,,,
linkedin,Softwareentwickler mit Schwerpunkt Datenbanken (m/w/d),Finanz Informatik,"Frankfurt am Main, Hesse, Germany",2026-10-07,https://www.linkedin.com/jobs/view/4476949113 , ,li-4476949113,fulltime,direct_data,yearly,59000.0,62000.0,EUR,False,mid-senior level,,,karriere@f-i.de,IT Services and IT Consulting,https://de.linkedin.com/company/finanz-informatik,,,,,,,,,,,
linkedin,IT-Spezialist Datenanalyse & Prozessdigitalisierung (m/w/d),Stadtwerke Villingen-Schwenningen GmbH,"Villingen-Schwenningen, Baden-Württemberg, Germany",2026-10-07,https://www.linkedin.com/jobs/view/4476705299 , ,li-4476705299,fulltime,,,,,,False,mid-senior level,,,,Oil and Gas,https://de.linkedin.com/company/stadtwerke-vs,,,,,,,,,,,
linkedin,Data Specialist (m/w/d),Acxiom Deutschland GmbH,"Frankfurt, Hesse, Germany",2026-10-07,https://www.linkedin.com/jobs/view/4475424761 , ,li-4475424761,fulltime,,,,,,False,associate,,,,Data Infrastructure and Analytics and IT System Data Services,https://de.linkedin.com/company/acxiom-deutschland-gmbh,,,,,,,,,,,
linkedin,"SAP Analytics & BTP Consultant – Germany | BW, SAC & Datasphere",Wolf Jansen,"Hamburg, Hamburg, Germany",2026-10-07,https://www.linkedin.com/jobs/view/4474485346 , ,li-4474485346,fulltime,direct_data,yearly,75000.0,150000.0,EUR,False,not applicable,,,,IT Services and IT Consulting,https://de.linkedin.com/company/wolfjansen,,,,,,,,,,,
linkedin,Forward Deployed Engineer — Agentforce Orchestration,Salesforce,Ruhr Region,2026-10-07,https://www.linkedin.com/jobs/view/4458752196 , ,li-4458752196,fulltime,,,,,,False,not applicable,,,,"Software Development, IT Services and IT Consulting, and Technology, Information and Internet",https://www.linkedin.com/company/salesforce,,,,,,,,,,,
linkedin,Senior Cloud Data Platform Engineer (m/w/d),Deloitte,"Berlin, Germany",2026-10-07,https://www.linkedin.com/jobs/view/4337231404 , ,li-4337231404,fulltime,,,,,,False,associate,,,career@deloitte.de,Business Consulting and Services,https://www.linkedin.com/company/deloitte,,,,,,,,,,,
linkedin,Referent:in Lean Management – Digitalisierung,Deutsche Bahn,"Berlin, Berlin, Germany",2026-10-07,https://www.linkedin.com/jobs/view/4476536507 , ,li-4476536507,fulltime,,,,,,False,mid-senior level,,,,Truck Transportation,https://de.linkedin.com/company/deutschebahn,,,,,,,,,,,
linkedin,Manager Performance & Ressourcen Plant (m/w/d) bei Airbus in Hamburg,SCOPE Engineering GmbH,"Hamburg, Hamburg, Germany",2026-10-07,https://www.linkedin.com/jobs/view/4476554238 , ,li-4476554238,fulltime,,,,,,False,mid-senior level,,,temp@intec.group,Aviation and Aerospace Component Manufacturing,https://de.linkedin.com/company/scope-engineering-gmbh,,,,,,,,,,,
linkedin,Google Ads Analyst (m/f/d),Pflegia,"Berlin, Berlin, Germany",2026-10-06,https://www.linkedin.com/jobs/view/4474668534 , ,li-4474668534,fulltime,direct_data,yearly,48000.0,65000.0,EUR,False,associate,,,,Staffing and Recruiting,https://de.linkedin.com/company/pflegia-ag,,,,,,,,,,,
linkedin,Senior Researcher (w/m/d),ING Deutschland,"Frankfurt, Hesse, Germany",2026-10-06,https://www.linkedin.com/jobs/view/4474042302 , ,li-4474042302,fulltime,,,,,,False,associate,,,,Banking and Financial Services,https://de.linkedin.com/company/ing-de,,,,,,,,,,,
linkedin,Junior BI Projektleiter Finance (m/w/d),Liebherr Maritime Cranes,"Rostock, Mecklenburg-West Pomerania, Germany",2026-10-06,https://www.linkedin.com/jobs/view/4474906422 , ,li-4474906422,fulltime,,,,,,False,entry level,,,,Industrial Machinery Manufacturing,https://de.linkedin.com/company/liebherr-maritime-cranes,,,,,,,,,,,
linkedin,Marketing Science Lead,Deel,Germany,2026-10-06,https://www.linkedin.com/jobs/view/4456504411 , ,li-4456504411,fulltime,,,,,,False,mid-senior level,,,recruiting@deel.com,Human Resources Services,https://www.linkedin.com/company/deel,,,,,,,,,,,
linkedin,Data Scientist im Statistischen Landesamt NRW – Referentin/Referent im Bereich Experimentelle Statistik (m/w/d),Information und Technik Nordrhein-Westfalen (IT.NRW),"Düsseldorf, North Rhine-Westphalia, Germany",2026-10-06,https://www.linkedin.com/jobs/view/4474050734 , ,li-4474050734,fulltime,,,,,,False,entry level,,,,Government Administration,https://de.linkedin.com/company/information-und-technik-nordrhein-westfalen-it.nrw-,,,,,,,,,,,
linkedin,Global S&OP and Planning Analytics Lead / all genders / Part-fulltime,Merck Electronics,"Darmstadt, Hesse, Germany",2026-10-06,https://www.linkedin.com/jobs/view/4467233761 , ,li-4467233761,fulltime,,,,,,False,mid-senior level,,,,Semiconductor Manufacturing,https://de.linkedin.com/company/merck-electronics,,,,,,,,,,,
linkedin,Controller Leistungs- und Finanzentwicklung (m/w/d),AOK Rheinland/Hamburg - Die Gesundheitskasse,"Erfurt, Thuringia, Germany",2026-10-06,https://www.linkedin.com/jobs/view/4476123815 , ,li-4476123815,fulltime,,,,,,False,mid-senior level,,,,Insurance,https://de.linkedin.com/company/aok-rheinland-hamburg,,,,,,,,,,,
linkedin,Controller Leistungs- und Finanzentwicklung (m/w/d),AOK PLUS,"Dresden, Saxony, Germany",2026-10-06,https://www.linkedin.com/jobs/view/4474650561 , ,li-4474650561,fulltime,direct_data,yearly,54200.0,69800.0,EUR,False,entry level,,,,Health and Human Services,https://www.linkedin.com/company/aokplus,,,,,,,,,,,
linkedin,Controller Leistungs- und Finanzentwicklung (m/w/d),AOK PLUS,"Leipzig, Saxony, Germany",2026-10-06,https://www.linkedin.com/jobs/view/4474652543 , ,li-4474652543,fulltime,direct_data,yearly,54200.0,69800.0,EUR,False,entry level,,,,Health and Human Services,https://www.linkedin.com/company/aokplus,,,,,,,,,,,
linkedin,Data Scientist,Almedia,"Berlin, Germany",2026-10-06,https://www.linkedin.com/jobs/view/4476179656 , ,li-4476179656,fulltime,,,,,,False,mid-senior level,,,,Advertising Services,https://de.linkedin.com/company/almediaco,,,,,,,,,,,
linkedin,"Finance Manager, Pricing & Commercial Analytics - Europe, Remote",Cimpress,"Berlin, Berlin, Germany",2026-10-06,https://www.linkedin.com/jobs/view/4467289581 , ,li-4467289581,fulltime,,,,,,True,mid-senior level,,,,"Technology, Information and Internet, Advertising Services, and Industrial Machinery Manufacturing",https://ie.linkedin.com/company/cimpress,,,,,,,,,,,
linkedin,Senior Commercial Controller (w/m/x),opta data,"Essen, North Rhine-Westphalia, Germany",2026-10-06,https://www.linkedin.com/jobs/view/4474050958 , ,li-4474050958,fulltime,,,,,,False,mid-senior level,,,,IT Services and IT Consulting,https://de.linkedin.com/company/optadata,,,,,,,,,,,
linkedin,(Senior) Data Scientist (all genders),flaconi,"Berlin, Berlin, Germany",2026-10-06,https://www.linkedin.com/jobs/view/4460324391 , ,li-4460324391,fulltime,,,,,,False,mid-senior level,,,jobs@flaconi.de,"Construction, Software Development, and IT Services and IT Consulting",https://de.linkedin.com/company/flaconi-gmbh,,,,,,,,,,,
linkedin,Analyst (Mensch*) Value Creation @HF Performance Partners GmbH,Hannover Finanz,"Hannover, Lower Saxony, Germany",2026-10-06,https://www.linkedin.com/jobs/view/4476178774 , ,li-4476178774,fulltime,,,,,,False,entry level,,,,Venture Capital and Private Equity Principals,https://de.linkedin.com/company/hannoverfinanz,,,,,,,,,,,
linkedin,"Expert HR Analytics, HR Controlling and Digitalization (m/w/d)",Deichmann,"Essen, North Rhine-Westphalia, Germany",2026-10-06,https://www.linkedin.com/jobs/view/4474662889 , ,li-4474662889,fulltime,,,,,,False,mid-senior level,,,,Retail,https://de.linkedin.com/company/deichmann,,,,,,,,,,,
linkedin,Consultant Global Market Research (m/f/d),MERKUR GROUP,"Lübbecke, North Rhine-Westphalia, Germany",2026-10-06,https://www.linkedin.com/jobs/view/4474049202 , ,li-4474049202,fulltime,,,,,,False,mid-senior level,,,,Market Research,https://de.linkedin.com/company/merkur-group,,,,,,,,,,,
linkedin,Manager Digital Transformation & Analytics (m/f/d),CYBEX,"Bayreuth, Bavaria, Germany",2026-10-06,https://www.linkedin.com/jobs/view/4447987922 , ,li-4447987922,fulltime,,,,,,False,mid-senior level,,,,Manufacturing,https://de.linkedin.com/company/cybex-gmbh,,,,,,,,,,,
linkedin,Category & Pricing Manager E-Commerce (m/w/d),asambeauty,"Unterföhring, Bavaria, Germany",2026-10-06,https://www.linkedin.com/jobs/view/4474034344 , ,li-4474034344,fulltime,,,,,,False,associate,,,,"Transportation, Logistics, Supply Chain and Storage",https://de.linkedin.com/company/bhi-beauty-health-investment-group,,,,,,,,,,,
linkedin,Senior Clinical Data Scientist (m/f/d),Merz Aesthetics,"Frankfurt am Main, Hesse, Germany",2026-10-06,https://www.linkedin.com/jobs/view/4468580616 , ,li-4468580616,temporary,,,,,,False,mid-senior level,,,,Pharmaceutical Manufacturing,https://www.linkedin.com/company/merz-aesthetics-inc.,,,,,,,,,,,
linkedin,Controller Leistungs- und Finanzentwicklung (m/w/d),AOK PLUS,"Erfurt, Thuringia, Germany",2026-10-06,https://www.linkedin.com/jobs/view/4474659132 , ,li-4474659132,fulltime,direct_data,yearly,54200.0,69800.0,EUR,False,entry level,,,,Health and Human Services,https://www.linkedin.com/company/aokplus,,,,,,,,,,,
linkedin,"Staff Economist, Marketplace Economics",GetYourGuide,"Berlin, Germany",2026-10-06,https://www.linkedin.com/jobs/view/4476314436 , ,li-4476314436,fulltime,,,,,,False,associate,,,jobs@getyourguide.com,"Technology, Information and Internet and Travel Arrangements",https://de.linkedin.com/company/getyourguide-ag,,,,,,,,,,,
linkedin,Controller:in (m/w/d) mit Schwerpunkt Digitalisierung & BI,UrbanDesq GmbH,"Cologne, North Rhine-Westphalia, Germany",2026-10-06,https://www.linkedin.com/jobs/view/4474046690 , ,li-4474046690,fulltime,direct_data,yearly,65000.0,80000.0,EUR,False,associate,,,,Staffing and Recruiting,https://www.linkedin.com/company/urbandesq-gmbh,,,,,,,,,,,
linkedin,Senior Business Intelligence Lead (all genders),reev,"Munich, Bavaria, Germany",2026-10-06,https://www.linkedin.com/jobs/view/4474938761 , ,li-4474938761,fulltime,,,,,,False,associate,,,,Software Development,https://de.linkedin.com/company/reevmobility,,,,,,,,,,,
linkedin,(Senior) Consultant - Transformation & Business Analytics (m/w/d),Novemcore,"Hannover, Lower Saxony, Germany",2026-10-06,https://www.linkedin.com/jobs/view/4476358434 , ,li-4476358434,fulltime,,,,,,False,mid-senior level,,,,Business Consulting and Services,https://de.linkedin.com/company/novemcore,,,,,,,,,,,
linkedin,BI- & Reporting-Spezialist (Controlling) (m/w/d),ProMinent Group,"Heidelberg, Baden-Württemberg, Germany",2026-10-06,https://www.linkedin.com/jobs/view/4458738861 , ,li-4458738861,fulltime,,,,,,False,mid-senior level,,,Bewerbungen@prominent.com,Industrial Machinery Manufacturing,https://de.linkedin.com/company/prominentgroup,,,,,,,,,,,
linkedin,Senior Sales Analyst (f/m/d),AutoScout24,"Munich, Bavaria, Germany",2026-10-06,https://www.linkedin.com/jobs/view/4465779954 , ,li-4465779954,fulltime,,,,,,False,mid-senior level,,,,Software Development,https://de.linkedin.com/company/autoscout24,,,,,,,,,,,
linkedin,"Senior Data Analyst, Master Data (m/f/d)",Clariant,"Munich, Bavaria, Germany",2026-10-06,https://www.linkedin.com/jobs/view/4467750448 , ,li-4467750448,fulltime,,,,,,False,mid-senior level,,,,Chemical Manufacturing,https://ch.linkedin.com/company/clariant,,,,,,,,,,,
linkedin,Senior FP&A Analyst (m/f/d) 12 Month FTC,Bauer Media Group,"Hamburg, Hamburg, Germany",2026-10-06,https://www.linkedin.com/jobs/view/4465217675 , ,li-4465217675,contract,,,,,,False,entry level,,,,Media Production,https://de.linkedin.com/company/bauer-media-group,,,,,,,,,,,
linkedin,(Junior) Performance / Business Analyst (m/w/d) Retail,Mercuri Urval,"Hamburg, Hamburg, Germany",2026-10-06,https://www.linkedin.com/jobs/view/4467705259 , ,li-4467705259,fulltime,,,,,,False,entry level,,,lars.grassmann@mercuriurval.com,Consumer Goods and Retail,https://se.linkedin.com/company/mercuri-urval,,,,,,,,,,,
linkedin,BI- und Reporting-Spezialist (m/w/d),BWI GmbH,"Munich, Bavaria, Germany",2026-10-06,https://www.linkedin.com/jobs/view/4470902717 , ,li-4470902717,fulltime,,,,,,False,mid-senior level,,,,IT Services and IT Consulting,https://de.linkedin.com/company/bwi-gmbh,,,,,,,,,,,
linkedin,"Senior Manager, Insights & Analytics – Midsized EMEA Markets",CSL,"Munich, Bavaria, Germany",2026-10-06,https://www.linkedin.com/jobs/view/4476333984 , ,li-4476333984,fulltime,,,,,,False,mid-senior level,,,,Biotechnology Research,https://au.linkedin.com/company/csl,,,,,,,,,,,
linkedin,Team Lead Marketing Analytics & MarTech (m/w/d),asambeauty,"Unterföhring, Bavaria, Germany",2026-10-06,https://www.linkedin.com/jobs/view/4474025773 , ,li-4474025773,fulltime,,,,,,False,associate,,,,"Transportation, Logistics, Supply Chain and Storage",https://de.linkedin.com/company/bhi-beauty-health-investment-group,,,,,,,,,,,
linkedin,Spezialist:in Analytics und Prozessmanagement,Deutsche Bahn,"Berlin, Berlin, Germany",2026-10-06,https://www.linkedin.com/jobs/view/4476137150 , ,li-4476137150,fulltime,,,,,,False,mid-senior level,,,,Truck Transportation,https://de.linkedin.com/company/deutschebahn,,,,,,,,,,,
linkedin,Business Intelligence / BI Developer Qlik Sense (w/m/d),Bw Bekleidungsmanagement GmbH,"Cologne, North Rhine-Westphalia, Germany",2026-10-06,https://www.linkedin.com/jobs/view/4476309364 , ,li-4476309364,fulltime,,,,,,False,mid-senior level,,,,"Transportation, Logistics, Supply Chain and Storage",https://de.linkedin.com/company/bw-bekleidungsmanagement,,,,,,,,,,,
linkedin,Junior Marketing Analyst (f/m/d) - fixed term of 18 months,"GMX, WEB.DE & mail.com","Munich, Bavaria, Germany",2026-10-06,https://www.linkedin.com/jobs/view/4474958545 , ,li-4474958545,temporary,,,,,,False,entry level,,,,"Technology, Information and Media",https://de.linkedin.com/company/1-1-mail-media-applications-se,,,,,,,,,,,
linkedin,Marketing Analytics Consultant (f/m/d) - fixed term of 18 months,"GMX, WEB.DE & mail.com","Karlsruhe, Baden-Württemberg, Germany",2026-10-06,https://www.linkedin.com/jobs/view/4474967239 , ,li-4474967239,temporary,,,,,,False,associate,,,,"Technology, Information and Media",https://de.linkedin.com/company/1-1-mail-media-applications-se,,,,,,,,,,,
linkedin,Senior Datenanalyse & -Strategie (m/w/d),e-regio GmbH & Co. KG,"Euskirchen, North Rhine-Westphalia, Germany",2026-10-06,https://www.linkedin.com/jobs/view/4445893502 , ,li-4445893502,fulltime,,,,,,False,mid-senior level,,,,Utilities,https://de.linkedin.com/company/e-regio,,,,,,,,,,,
linkedin,Junior Marketing Analyst (f/m/d) - fixed term of 18 months,"GMX, WEB.DE & mail.com","Karlsruhe, Baden-Württemberg, Germany",2026-10-06,https://www.linkedin.com/jobs/view/4474961382 , ,li-4474961382,temporary,,,,,,False,entry level,,,,"Technology, Information and Media",https://de.linkedin.com/company/1-1-mail-media-applications-se,,,,,,,,,,,
linkedin,(Senior) Data Consultant (all genders),Publicis Media Germany,"Düsseldorf, North Rhine-Westphalia, Germany",2026-10-06,https://www.linkedin.com/jobs/view/4378974751 , ,li-4378974751,fulltime,,,,,,False,not applicable,,,,Marketing Services,https://de.linkedin.com/company/publicis-media-germany,,,,,,,,,,,
linkedin,(Senior) Business Consultant (m/w/d) – BI Planning,IBsolution,Germany,2026-10-06,https://www.linkedin.com/jobs/view/4476177300 , ,li-4476177300,fulltime,,,,,,False,associate,,,,IT Services and IT Consulting,https://de.linkedin.com/company/ibsolution-gmbh,,,,,,,,,,,
linkedin,Monetization Analyst / Monetization Strategist / Ad Monetization Specialist,Second hand clothes collector and wholesaler based in Paris France,Germany,2026-10-06,https://www.linkedin.com/jobs/view/4474960539 , ,li-4474960539,parttime,,,,,,False,entry level,,,,Wholesale,https://fr.linkedin.com/company/rkash,,,,,,,,,,,
linkedin,BI- und Reporting-Spezialist (m/w/d),BWI GmbH,"Berlin, Berlin, Germany",2026-10-06,https://www.linkedin.com/jobs/view/4470913217 , ,li-4470913217,fulltime,,,,,,False,mid-senior level,,,,IT Services and IT Consulting,https://de.linkedin.com/company/bwi-gmbh,,,,,,,,,,,
linkedin,BI- und Reporting-Spezialist (m/w/d),BWI GmbH,"Bonn, North Rhine-Westphalia, Germany",2026-10-06,https://www.linkedin.com/jobs/view/4470907608 , ,li-4470907608,fulltime,,,,,,False,mid-senior level,,,,IT Services and IT Consulting,https://de.linkedin.com/company/bwi-gmbh,,,,,,,,,,,
linkedin,BI- und Reporting-Spezialist (m/w/d),BWI GmbH,"Meckenheim, North Rhine-Westphalia, Germany",2026-10-06,https://www.linkedin.com/jobs/view/4470913218 , ,li-4470913218,fulltime,,,,,,False,mid-senior level,,,,IT Services and IT Consulting,https://de.linkedin.com/company/bwi-gmbh,,,,,,,,,,,
linkedin,Marketing Analytics Consultant (f/m/d) - fixed term of 18 months,"GMX, WEB.DE & mail.com","Munich, Bavaria, Germany",2026-10-06,https://www.linkedin.com/jobs/view/4474960480 , ,li-4474960480,temporary,,,,,,False,associate,,,,"Technology, Information and Media",https://de.linkedin.com/company/1-1-mail-media-applications-se,,,,,,,,,,,
linkedin,Betriebswirtschafter (m/w/d),AOK PLUS,"Dresden, Saxony, Germany",2026-10-06,https://www.linkedin.com/jobs/view/4476138008 , ,li-4476138008,fulltime,,,,,,False,entry level,,,,Insurance,https://www.linkedin.com/company/aokplus,,,,,,,,,,,
linkedin,Expert (m/w/d) HR Analytics & Reporting,RENK Group,Greater Munich Metropolitan Area,2026-10-06,https://www.linkedin.com/jobs/view/4474079309 , ,li-4474079309,fulltime,,,,,,False,associate,,,,Defense and Space Manufacturing,https://de.linkedin.com/company/renkgroup,,,,,,,,,,,
linkedin,Staff Data Analyst (m/f/d),Redcare Pharmacy,"Berlin, Berlin, Germany",2026-10-06,https://www.linkedin.com/jobs/view/4459955796 , ,li-4459955796,fulltime,,,,,,False,mid-senior level,,,,Software Development and IT Services and IT Consulting,https://nl.linkedin.com/company/redcare-pharmacy-com,,,,,,,,,,,
linkedin,(Junior) Cloud Data Engineer (all genders),DYMATRIX,"Stuttgart, Baden-Württemberg, Germany",2026-10-06,https://www.linkedin.com/jobs/view/4405109763 , ,li-4405109763,fulltime,,,,,,False,entry level,,,,IT Services and IT Consulting,https://de.linkedin.com/company/dymatrix,,,,,,,,,,,
linkedin,Senior Cloud Data Engineer (all genders),DYMATRIX,Stuttgart Region,2026-10-06,https://www.linkedin.com/jobs/view/4416891205 , ,li-4416891205,fulltime,,,,,,False,associate,,,,IT Services and IT Consulting,https://de.linkedin.com/company/dymatrix,,,,,,,,,,,
linkedin,Senior Data & AI Architect,reeeliance,"Hamburg, Germany",2026-10-06,https://www.linkedin.com/jobs/view/4431928145 , ,li-4431928145,fulltime,,,,,,False,mid-senior level,,,marija.sekularac@reeeliance.com,IT Services and IT Consulting,https://de.linkedin.com/company/reeeliance-im-gmbh,,,,,,,,,,,
linkedin,"Backend Engineer (wdm) - Go, Data and Event-Driven Systems",Michael Page,"Berlin, Berlin, Germany",2026-10-06,https://www.linkedin.com/jobs/view/4467295048 , ,li-4467295048,fulltime,,,,,,False,mid-senior level,,,,"Broadcast Media Production and Distribution, Media Production, and Online Audio and Video Media",https://uk.linkedin.com/company/michael-page,,,,,,,,,,,
linkedin,SENIOR SOFTWARE ENGINEER – DATA MIGRATION & INTEGRATION (M/W/D),Wilken Software Group,"Ulm, Baden-Württemberg, Germany",2026-10-06,https://www.linkedin.com/jobs/view/4476171836 , ,li-4476171836,fulltime,,,,,,False,mid-senior level,,,,Information Technology & Services,https://de.linkedin.com/company/wilken-software-group,,,,,,,,,,,
linkedin,Data Specialist (f/m/d) on side in Frankfurt am Main,Pictet Group,"Frankfurt, Hesse, Germany",2026-10-06,https://www.linkedin.com/jobs/view/4465788364 , ,li-4465788364,fulltime,,,,,,False,mid-senior level,,,,Financial Services,https://ch.linkedin.com/company/the-pictet-group,,,,,,,,,,,
linkedin,Data Warehouse SAP 4HANA Analyst (f/m/d),Siemens Energy,"North Rhine-Westphalia, Germany",2026-10-06,https://www.linkedin.com/jobs/view/4466109261 , ,li-4466109261,fulltime,,,,,,False,mid-senior level,,,,"Appliances, Electrical, and Electronics Manufacturing",https://www.linkedin.com/company/siemens-energy,,,,,,,,,,,
linkedin,Senior Consultant – SAP Business Data Cloud (m/w/d),IBsolution,"Mannheim, Baden-Württemberg, Germany",2026-10-06,https://www.linkedin.com/jobs/view/4476165828 , ,li-4476165828,fulltime,,,,,,False,associate,,,,IT Services and IT Consulting,https://de.linkedin.com/company/ibsolution-gmbh,,,,,,,,,,,
linkedin,"Business Intelligence Engineer, Innovation and Design Engineering",Amazon,"Düsseldorf, North Rhine-Westphalia, Germany",2026-10-06,https://www.linkedin.com/jobs/view/4476348489 , ,li-4476348489,fulltime,,,,,,False,not applicable,,,,Software Development,https://www.linkedin.com/company/amazon,,,,,,,,,,,
linkedin,Senior Expert Snowflake (x|f|m),Sartorius,"Göttingen, Lower Saxony, Germany",2026-10-06,https://www.linkedin.com/jobs/view/4458729397 , ,li-4458729397,fulltime,,,,,,False,mid-senior level,,,,Biotechnology Research,https://de.linkedin.com/company/sartorius,,,,,,,,,,,
linkedin,Senior Product Analytics Manager (F/M/D),NavVis,"Munich, Bavaria, Germany",2026-10-06,https://www.linkedin.com/jobs/view/4411719566 , ,li-4411719566,fulltime,,,,,,False,mid-senior level,,,,"Technology, Information and Internet",https://de.linkedin.com/company/navvis,,,,,,,,,,,
linkedin,Staff Software Engineer (m/f/d),retailmediatools - a ZetaDisplay Company,Germany,2026-10-06,https://www.linkedin.com/jobs/view/4476319904 , ,li-4476319904,fulltime,,,,,,False,mid-senior level,,,,Software Development,https://de.linkedin.com/company/retailmediatools,,,,,,,,,,,
linkedin,AI Engineer,Geely Technology Europe,"Raunheim, Hesse, Germany",2026-10-06,https://www.linkedin.com/jobs/view/4476149955 , ,li-4476149955,fulltime,,,,,,False,mid-senior level,,,sofie.martinsson@zeekrtech.eu,Motor Vehicle Manufacturing,https://se.linkedin.com/company/geely-technology-europe,,,,,,,,,,,
linkedin,BI-Expert (m/w/d) TUBEX Group,TUBEX,"Ludwigsburg, Baden-Württemberg, Germany",2026-10-06,https://www.linkedin.com/jobs/view/4476307184 , ,li-4476307184,fulltime,,,,,,False,mid-senior level,,,,Internet Publishing,https://de.linkedin.com/company/tubex,,,,,,,,,,,
linkedin,Senior MLOps Engineer (m/w/d),flexa,"Munich, Bavaria, Germany",2026-10-06,https://www.linkedin.com/jobs/view/4474068343 , ,li-4474068343,fulltime,direct_data,yearly,95000.0,115000.0,EUR,False,associate,,,,Software Development,https://de.linkedin.com/company/flexaenergy,,,,,,,,,,,
linkedin,KI-Engineer / AI Solution Architect (m/w/d),BAUER Elektroanlagen,"Buchbach, Bavaria, Germany",2026-10-06,https://www.linkedin.com/jobs/view/4474068526 , ,li-4474068526,fulltime,,,,,,False,associate,,,,Business Consulting and Services,https://de.linkedin.com/company/https-www.bauer-netz.de-linkedin,,,,,,,,,,,
linkedin,Machine Learning Consultant (m/w/d),Machine Learning Reply GmbH,"Berlin, Berlin, Germany",2026-10-06,https://www.linkedin.com/jobs/view/4476136867 , ,li-4476136867,fulltime,,,,,,False,entry level,,,,Business Consulting and Services,https://de.linkedin.com/company/machine-learning-reply-de,,,,,,,,,,,
linkedin,BI- und Reporting-Spezialist (m/w/d),BWI GmbH,"Hannover, Lower Saxony, Germany",2026-10-06,https://www.linkedin.com/jobs/view/4470906628 , ,li-4470906628,fulltime,,,,,,False,mid-senior level,,,,IT Services and IT Consulting,https://de.linkedin.com/company/bwi-gmbh,,,,,,,,,,,
linkedin,(Junior) Cloud Data Engineer (all genders),DYMATRIX,"Hamburg, Germany",2026-10-06,https://www.linkedin.com/jobs/view/4474031316 , ,li-4474031316,fulltime,,,,,,False,entry level,,,,IT Services and IT Consulting,https://de.linkedin.com/company/dymatrix,,,,,,,,,,,
linkedin,Data Warehouse SAP 4HANA Analyst (f/m/d),Siemens Energy,"Ludwigsfelde, Brandenburg, Germany",2026-10-06,https://www.linkedin.com/jobs/view/4466111190 , ,li-4466111190,fulltime,,,,,,False,mid-senior level,,,,"Appliances, Electrical, and Electronics Manufacturing",https://www.linkedin.com/company/siemens-energy,,,,,,,,,,,
linkedin,Analytics Engineer,Podimo,"Berlin, Berlin, Germany",2026-10-06,https://www.linkedin.com/jobs/view/4474687506 , ,li-4474687506,fulltime,,,,,,False,not applicable,,,,Entertainment Providers,https://dk.linkedin.com/company/podimo,,,,,,,,,,,
linkedin,Junior Data Engineer,reeeliance,"Hamburg, Germany",2026-10-06,https://www.linkedin.com/jobs/view/4468608506 , ,li-4468608506,fulltime,,,,,,False,entry level,,,,IT Services and IT Consulting,https://de.linkedin.com/company/reeeliance-im-gmbh,,,,,,,,,,,
linkedin,Data Engineer (m/w/d) - Schwerpunkt Supply Chain Management,ALDI Nord Group,"Essen, North Rhine-Westphalia, Germany",2026-10-06,https://www.linkedin.com/jobs/view/4474688067 , ,li-4474688067,fulltime,,,,,,False,mid-senior level,,,,Retail,https://www.linkedin.com/company/aldinord,,,,,,,,,,,
linkedin,Senior Data Engineer (m/f/d),Redcare Pharmacy,"Cologne, North Rhine-Westphalia, Germany",2026-10-06,https://www.linkedin.com/jobs/view/4474097210 , ,li-4474097210,fulltime,,,,,,False,mid-senior level,,,,Software Development and IT Services and IT Consulting,https://nl.linkedin.com/company/redcare-pharmacy-com,,,,,,,,,,,
linkedin,Data Engineer (Data Pipelines) (m/f/d),transact.digital,"Leipzig, Saxony, Germany",2026-10-06,https://www.linkedin.com/jobs/view/4476392006 , ,li-4476392006,fulltime,,,,,,False,entry level,,,,Software Development,https://de.linkedin.com/company/transact-digital-gmbh,,,,,,,,,,,
linkedin,Engineering Manager - Data Intelligence,trawa,"Berlin, Berlin, Germany",2026-10-06,https://www.linkedin.com/jobs/view/4476379167 , ,li-4476379167,fulltime,,,,,,False,mid-senior level,,,,Services for Renewable Energy,https://de.linkedin.com/company/trawa-energy,,,,,,,,,,,
linkedin,Dateningenieur (m/w/d),Dortmunder Energie- und Wasserversorgung GmbH (DEW21),"Dortmund, North Rhine-Westphalia, Germany",2026-10-06,https://www.linkedin.com/jobs/view/4476138011 , ,li-4476138011,fulltime,,,,,,False,mid-senior level,,,,Utilities,https://de.linkedin.com/company/dew21,,,,,,,,,,,
linkedin,Digital Data Platform Engineer (m/w/d),Dortmunder Energie- und Wasserversorgung GmbH (DEW21),"Dortmund, North Rhine-Westphalia, Germany",2026-10-06,https://www.linkedin.com/jobs/view/4476114961 , ,li-4476114961,fulltime,,,,,,False,mid-senior level,,,,Utilities,https://de.linkedin.com/company/dew21,,,,,,,,,,,
linkedin,Senior Data Platform Engineer (m/w/d) | Snowflake,JobRad® | Deutschland,"Munich, Bavaria, Germany",2026-10-06,https://www.linkedin.com/jobs/view/4476350236 , ,li-4476350236,fulltime,,,,,,False,mid-senior level,,,,Financial Services,https://de.linkedin.com/company/jobrad-gmbh,,,,,,,,,,,
linkedin,Senior Cloud Data Engineer (all genders),DYMATRIX,"Hamburg, Germany",2026-10-06,https://www.linkedin.com/jobs/view/4459515610 , ,li-4459515610,fulltime,,,,,,False,associate,,,,IT Services and IT Consulting,https://de.linkedin.com/company/dymatrix,,,,,,,,,,,
linkedin,Senior Data Engineer (Databricks) (m/w/d),CBTW,Frankfurt Rhine-Main Metropolitan Area,2026-10-06,https://www.linkedin.com/jobs/view/4425975785 , ,li-4425975785,fulltime,,,,,,False,associate,,,,IT Services and IT Consulting,https://be.linkedin.com/company/collaboration-betters-the-world,,,,,,,,,,,
linkedin,Senior Data Engineer (all genders),Thinkport GmbH,Germany,2026-10-06,https://www.linkedin.com/jobs/view/4474961197 , ,li-4474961197,fulltime,,,,,,False,associate,,,,IT Services and IT Consulting,https://de.linkedin.com/company/thinkport,,,,,,,,,,,
linkedin,Senior Data Warehouse Engineer / Technical Lead (m/w/x) Data Vault 2.0 / WhereScape / Oracle,Groupe SII,"Munich, Bavaria, Germany",2026-10-06,https://www.linkedin.com/jobs/view/4466543358 , ,li-4466543358,fulltime,,,,,,False,mid-senior level,,,,IT Services and IT Consulting,https://fr.linkedin.com/company/sii,,,,,,,,,,,
linkedin,Senior Data Engineer - PostgreSQL development,Adjust,"Berlin, Germany",2026-10-06,https://www.linkedin.com/jobs/view/4458216352 , ,li-4458216352,fulltime,,,,,,False,mid-senior level,,,,Software Development,https://de.linkedin.com/company/adjustcom,,,,,,,,,,,
linkedin,Senior Data Platform Engineer,European Tech Recruit,"Berlin, Germany",2026-10-06,https://www.linkedin.com/jobs/view/4476169099 , ,li-4476169099,fulltime,,,,,,False,mid-senior level,,,nh@eu-recruit.com,"Software Development, IT Services and IT Consulting, and IT System Custom Software Development",https://uk.linkedin.com/company/european-tech-recruit,,,,,,,,,,,
linkedin,Senior Data Platform Engineer,Circonomit,"Cologne, North Rhine-Westphalia, Germany",2026-10-06,https://www.linkedin.com/jobs/view/4476192153 , ,li-4476192153,fulltime,,,,,,False,mid-senior level,,,,IT Services and IT Consulting,https://de.linkedin.com/company/circonomit,,,,,,,,,,,
linkedin,Lead Data Architect,AI Futures,"Berlin, Germany",2026-10-06,https://www.linkedin.com/jobs/view/4474068452 , ,li-4474068452,fulltime,,,,,,False,mid-senior level,,,,"Technology, Information and Media",https://uk.linkedin.com/company/aifuturesgroup,,,,,,,,,,,
linkedin,Software Data Engineer (AWS),Jobgether,Germany,2026-10-06,https://www.linkedin.com/jobs/view/4474646614 , ,li-4474646614,fulltime,,,,,,False,entry level,,,,Internet Marketplace Platforms,https://be.linkedin.com/company/jobgether,,,,,,,,,,,
linkedin,(Senior) Software Engineer - Supply Data Solutions (all genders),ABOUT YOU,"Hamburg, Hamburg, Germany",2026-10-06,https://www.linkedin.com/jobs/view/4474968982 , ,li-4474968982,fulltime,,,,,,False,mid-senior level,,,,"Technology, Information and Internet",https://de.linkedin.com/company/about-you,,,,,,,,,,,
linkedin,Advanced Analytics & Databricks Expert (all genders),MHP – A Porsche Company,"Munich, Bavaria, Germany",2026-10-05,https://www.linkedin.com/jobs/view/4470438020 , ,li-4470438020,fulltime,,,,,,False,mid-senior level,,,,Business Consulting and Services,https://de.linkedin.com/company/mhp-a-porsche-company,,,,,,,,,,,
linkedin,Senior Data Engineer (Analyst/Scientist) - Remote,Kake,"Berlin, Germany",2026-10-05,https://www.linkedin.com/jobs/view/4462501718 , ,li-4462501718,contract,,,,,,True,mid-senior level,,,,"IT Services and IT Consulting, Engineering Services, and IT System Custom Software Development",https://www.linkedin.com/company/kake,,,,,,,,,,,
linkedin,Director of Data Engineering,Jobgether,Germany,2026-10-05,https://www.linkedin.com/jobs/view/4474262181 , ,li-4474262181,fulltime,,,,,,False,mid-senior level,,,,Internet Marketplace Platforms,https://be.linkedin.com/company/jobgether,,,,,,,,,,,
linkedin,(Senior) Data & Analytics Engineer - m/f/d,Langdock,"Berlin, Germany",2026-10-05,https://www.linkedin.com/jobs/view/4475567660 , ,li-4475567660,fulltime,,,,,,False,mid-senior level,,,,Software Development,https://de.linkedin.com/company/langdock,,,,,,,,,,,
linkedin,"Senior Solutions Architect - Data & AI Engineer (f/m/d, 4-Days-Week), German Speaking",Auvaria,"Hamburg, Germany",2026-10-05,https://www.linkedin.com/jobs/view/4474245354 , ,li-4474245354,,,,,,,False,,,,,,https://at.linkedin.com/company/auvaria,,,,,,,,,,,
linkedin,Senior AI Data Engineer (all genders),DYMATRIX,"Hamburg, Hamburg, Germany",2026-10-05,https://www.linkedin.com/jobs/view/4473608881 , ,li-4473608881,fulltime,,,,,,False,associate,,,,Software Development,https://de.linkedin.com/company/dymatrix,,,,,,,,,,,
linkedin,Consultant Data Engineering (all genders),DYMATRIX,"Stuttgart, Baden-Württemberg, Germany",2026-10-05,https://www.linkedin.com/jobs/view/4473618656 , ,li-4473618656,fulltime,,,,,,False,associate,,,,Software Development,https://de.linkedin.com/company/dymatrix,,,,,,,,,,,
linkedin,Analytics Engineer (m/f/d),Flink,"Berlin, Berlin, Germany",2026-10-05,https://www.linkedin.com/jobs/view/4474267734 , ,li-4474267734,fulltime,,,,,,False,mid-senior level,,,,"Technology, Information and Internet",https://de.linkedin.com/company/goflink,,,,,,,,,,,
linkedin,Agentic BI Developer (m/w/d),REWE GROUP,"Cologne, North Rhine-Westphalia, Germany",2026-10-05,https://www.linkedin.com/jobs/view/4475517466 , ,li-4475517466,fulltime,,,,,,False,associate,,,,Retail,https://de.linkedin.com/company/rewegroup,,,,,,,,,,,
linkedin,Data Engineer,Market Cloud Ltd,"Eschborn, Hesse, Germany",2026-10-05,https://www.linkedin.com/jobs/view/4473630388 , ,li-4473630388,fulltime,,,,,,False,associate,,,,Professional Services,https://uk.linkedin.com/company/market-cloud-ltd,,,,,,,,,,,
linkedin,"Consultant Data & AI (m/w/d), München/Frankfurt am Main / Hamburg",DEVnet,"Munich, Bavaria, Germany",2026-10-05,https://www.linkedin.com/jobs/view/4475583245 , ,li-4475583245,fulltime,,,,,,False,associate,,,,IT Services and IT Consulting and Business Consulting and Services,https://de.linkedin.com/company/devnet-group,,,,,,,,,,,
linkedin,Senior Software Engineer - Data Search,Jobgether,Germany,2026-10-05,https://www.linkedin.com/jobs/view/4474233372 , ,li-4474233372,contract,,,,,,False,mid-senior level,,,,Internet Marketplace Platforms,https://be.linkedin.com/company/jobgether,,,,,,,,,,,
linkedin,Medizininformatiker*in/Softwareentwickler*in mit Schwerpunkt FHIR-Entwicklung & Datenintegration,Universitätsmedizin Greifswald Körperschaft des öffentlichen Rechts,"Hamburg, Hamburg, Germany",2026-10-05,https://www.linkedin.com/jobs/view/4476589710 , ,li-4476589710,fulltime,,,,,,False,entry level,,,,Hospitals and Health Care,,,,,,,,,,,,
linkedin,Senior Software Engineer - Integrations - AI/ML,ClickHouse,Germany,2026-10-05,https://www.linkedin.com/jobs/view/4475849733 , ,li-4475849733,fulltime,,,,,,False,mid-senior level,,,,Software Development,https://www.linkedin.com/company/clickhouseinc,,,,,,,,,,,
linkedin,Manager Data Products Engineering(m/w/d),DöhlerGroup,"Darmstadt, Hesse, Germany",2026-10-05,https://www.linkedin.com/jobs/view/4473662317 , ,li-4473662317,fulltime,,,,,,False,mid-senior level,,,,Food and Beverage Manufacturing,https://de.linkedin.com/company/doehler,,,,,,,,,,,
linkedin,Treasury Data Analytics Engineer (w/m/d) - (2026/418),Helaba,"Offenbach, Hesse, Germany",2026-10-05,https://www.linkedin.com/jobs/view/4474280230 , ,li-4474280230,fulltime,,,,,,False,mid-senior level,,,,Banking,https://de.linkedin.com/company/helaba,,,,,,,,,,,
linkedin,Manager Marketing Analytics & Media Strategy,FUTRUE,"Munich, Bavaria, Germany",2026-10-05,https://www.linkedin.com/jobs/view/4465204661 , ,li-4465204661,fulltime,,,,,,False,associate,,,jobs@futrue.com,Pharmaceutical Manufacturing,https://de.linkedin.com/company/futrue-gmbh,,,,,,,,,,,
linkedin,Manager Data Products Engineering(m/f/d),DöhlerGroup,"Darmstadt, Hesse, Germany",2026-10-05,https://www.linkedin.com/jobs/view/4473663277 , ,li-4473663277,fulltime,,,,,,False,mid-senior level,,,,Food and Beverage Manufacturing,https://de.linkedin.com/company/doehler,,,,,,,,,,,
linkedin,DataOps Engineer (m/f/d),Redcare Pharmacy,"Cologne, North Rhine-Westphalia, Germany",2026-10-05,https://www.linkedin.com/jobs/view/4473642495 , ,li-4473642495,fulltime,,,,,,False,mid-senior level,,,,Software Development and IT Services and IT Consulting,https://nl.linkedin.com/company/redcare-pharmacy-com,,,,,,,,,,,
linkedin,Senior Backend Engineer - Data Core,Jobgether,Germany,2026-10-05,https://www.linkedin.com/jobs/view/4474229570 , ,li-4474229570,contract,,,,,,False,mid-senior level,,,,Internet Marketplace Platforms,https://be.linkedin.com/company/jobgether,,,,,,,,,,,
linkedin,Data Engineer Digital Technologies / (Gen)AI (m/w/d),ERGO,"Düsseldorf, North Rhine-Westphalia, Germany",2026-10-05,https://www.linkedin.com/jobs/view/4466477684 , ,li-4466477684,fulltime,,,,,,False,entry level,,,,Insurance,https://de.linkedin.com/company/ergo-group-ag,,,,,,,,,,,
linkedin,Data Engineer – Data Plattform (m/w/d),INTERSPORT Digital GmbH,Germany,2026-10-05,https://www.linkedin.com/jobs/view/4429674225 , ,li-4429674225,fulltime,,,,,,False,associate,,,,Online and Mail Order Retail,https://de.linkedin.com/company/intersport-digital-gmbh,,,,,,,,,,,
linkedin,Google Cloud Data Engineer (m/f/d),REPA,"Bergkirchen, Bavaria, Germany",2026-10-05,https://www.linkedin.com/jobs/view/4473124479 , ,li-4473124479,fulltime,,,,,,False,mid-senior level,,,bewerbung.de@repagroup.com,Wholesale,https://de.linkedin.com/company/repagroup,,,,,,,,,,,
linkedin,Senior Cloud Data Engineer (all genders),DYMATRIX,"Hamburg, Hamburg, Germany",2026-10-05,https://www.linkedin.com/jobs/view/4473626264 , ,li-4473626264,fulltime,,,,,,False,associate,,,,Software Development,https://de.linkedin.com/company/dymatrix,,,,,,,,,,,
linkedin,Senior Software Engineer (m/w/d),Flatiron Health,Berlin Metropolitan Area,2026-10-05,https://www.linkedin.com/jobs/view/4438643940 , ,li-4438643940,fulltime,,,,,,False,not applicable,,,,Biotechnology Research,https://www.linkedin.com/company/flatiron-health,,,,,,,,,,,
linkedin,Data Engineer (all genders) in Berlin,Instaffo,"Berlin, Berlin, Germany",2026-10-05,https://www.linkedin.com/jobs/view/4447867630 , ,li-4447867630,fulltime,,,,,,False,mid-senior level,,,,Staffing and Recruiting,https://de.linkedin.com/company/instaffo-gmbh,,,,,,,,,,,
linkedin,Data & Analytics Engineer (m/f/d),Statista,"Berlin, Germany",2026-10-05,https://www.linkedin.com/jobs/view/4443175410 , ,li-4443175410,fulltime,,,,,,False,mid-senior level,,,,"Technology, Information and Media",https://de.linkedin.com/company/statista,,,,,,,,,,,
linkedin,Finance Data Engineer,Helsing,"Munich, Bavaria, Germany",2026-10-05,https://www.linkedin.com/jobs/view/4416161522 , ,li-4416161522,fulltime,,,,,,False,mid-senior level,,,,Software Development,https://de.linkedin.com/company/helsing,,,,,,,,,,,
linkedin,Lead Data Engineer,THRYVE,"Munich, Bavaria, Germany",2026-10-05,https://www.linkedin.com/jobs/view/4475560663 , ,li-4475560663,fulltime,,,,,,False,mid-senior level,,,,"Robotics Engineering, Artificial Intelligence, and Software Development",https://de.linkedin.com/company/thryvetalent,,,,,,,,,,,
linkedin,"(Senior) Software Engineer: Data, AI & Workflow Automation (m/f/d)",A11,"Berlin, Germany",2026-10-05,https://www.linkedin.com/jobs/view/4475809739 , ,li-4475809739,fulltime,,,,,,False,entry level,,,,Business Consulting and Services,https://de.linkedin.com/company/a11-global,,,,,,,,,,,
linkedin,"Data Engineer, Robot Learning Data Platform | Munich | Early-stage Physical AI",AI Futures,"Munich, Bavaria, Germany",2026-10-05,https://www.linkedin.com/jobs/view/4473609929 , ,li-4473609929,fulltime,,,,,,False,mid-senior level,,,,Robotics Engineering,https://uk.linkedin.com/company/aifuturesgroup,,,,,,,,,,,
linkedin,Staff Data Engineer,THRYVE,"Munich, Bavaria, Germany",2026-10-05,https://www.linkedin.com/jobs/view/4475554949 , ,li-4475554949,fulltime,direct_data,yearly,110000.0,130000.0,EUR,False,mid-senior level,,,,"Robotics Engineering, Artificial Intelligence, and Software Development",https://de.linkedin.com/company/thryvetalent,,,,,,,,,,,
linkedin,Manager - Tax Data Analytics Engineer,Wolt,"Berlin, Berlin, Germany",2026-10-05,https://www.linkedin.com/jobs/view/4474604057 , ,li-4474604057,fulltime,,,,,,False,mid-senior level,,,,Software Development,https://fi.linkedin.com/company/wolt-oy,,,,,,,,,,,
linkedin,Senior Data Processing & Reporting Architect (w/m/d),ORDIX AG,"Wiesbaden, Hesse, Germany",2026-10-05,https://www.linkedin.com/jobs/view/4475847204 , ,li-4475847204,fulltime,,,,,,False,associate,,,,IT Services and IT Consulting,https://de.linkedin.com/company/ordix-ag,,,,,,,,,,,
linkedin,Senior Software Engineer,Zeta Global,"Berlin, Berlin, Germany",2026-10-05,https://www.linkedin.com/jobs/view/4474244844 , ,li-4474244844,fulltime,,,,,,False,mid-senior level,,,,Software Development,https://www.linkedin.com/company/zetaglobal,,,,,,,,,,,
linkedin,Business & Portfolio Analyst (m/w/d) im Bereich Produktmanagement Motor DA Direkt (German Fluent),Zurich Insurance,"Frankfurt am Main, Hesse, Germany",2026-10-05,https://www.linkedin.com/jobs/view/4465722477 , ,li-4465722477,fulltime,,,,,,False,mid-senior level,,,janine.desrochers@zurich.com,Insurance and Financial Services,https://ch.linkedin.com/company/zurich-insurance-company-ltd,,,,,,,,,,,
linkedin,GenAI Platform Engineer (Cloud & AI Solutions) (m/w/d),Reply,Greater Munich Metropolitan Area,2026-10-05,https://www.linkedin.com/jobs/view/4473612945 , ,li-4473612945,fulltime,,,,,,False,associate,,,,IT Services and IT Consulting,https://it.linkedin.com/company/reply,,,,,,,,,,,
linkedin,Business Analyst Celonis / Process Mining (all genders),Exxeta,"Karlsruhe, Baden-Württemberg, Germany",2026-10-05,https://www.linkedin.com/jobs/view/4473614939 , ,li-4473614939,fulltime,,,,,,False,associate,,,,IT Services and IT Consulting,https://de.linkedin.com/company/exxeta,,,,,,,,,,,
linkedin,Vergütungs- und Provisionsspezialist (m/w/d),ERGO,"Düsseldorf, North Rhine-Westphalia, Germany",2026-10-05,https://www.linkedin.com/jobs/view/4475593967 , ,li-4475593967,fulltime,,,,,,False,mid-senior level,,,,Insurance,https://de.linkedin.com/company/ergo-group-ag,,,,,,,,,,,
linkedin,Wissenschaftliche Mitarbeiterin / Wissenschaftlicher Mitarbeiter (m/w/d),Bayer. Landesamt für Statistik Dienststelle Fürth,"Fürth, Bavaria, Germany",2026-10-05,https://www.linkedin.com/jobs/view/4474943274 , ,li-4474943274,fulltime,,,,,,False,entry level,,,"Datenschutzbeauftragte@statistik.bayern.de, Poststelle@datenschutz-bayern.de",Government Administration,,,,,,,,,,,,
linkedin,"Mitarbeiter/in (m/w/d) im Referat 41 ""Hydrologischer Landesdienst, Hochwassernachrichtenzentrale""","Thüringer Landesamt für Umwelt,Bergbau u.Naturschutz Land Thüringen","Jena, Thuringia, Germany",2026-10-05,https://www.linkedin.com/jobs/view/4476705485 , ,li-4476705485,fulltime,,,,,,False,entry level,,,,Government Administration,,,,,,,,,,,,
linkedin,Mitarbeiter*in für das Team Datengrundlagen der Kreislaufwirtschaft,LANUK NRW Recklinghausen,"Duisburg, North Rhine-Westphalia, Germany",2026-10-05,https://www.linkedin.com/jobs/view/4476537844 , ,li-4476537844,fulltime,,,,,,False,entry level,,,"jobs@lanuk.nrw.de, vera.reppold@lanuk.nrw.de, ramona.krietemeyer@lanuk.nrw.de",Government Administration,,,,,,,,,,,,
linkedin,"(Junior) Manager (w/m/d) Sponsorship Intelligence, Hamburger SV",SPORTFIVE,"Hamburg, Hamburg, Germany",2026-10-05,https://www.linkedin.com/jobs/view/4473360010 , ,li-4473360010,fulltime,,,,,,False,entry level,,,,Spectator Sports,https://www.linkedin.com/company/sportfive,,,,,,,,,,,
linkedin,Founding Data Scientist,Almedia,"Berlin, Germany",2026-10-05,https://www.linkedin.com/jobs/view/4475838558 , ,li-4475838558,fulltime,,,,,,False,mid-senior level,,,,Advertising Services,https://de.linkedin.com/company/almediaco,,,,,,,,,,,
linkedin,"Lead Decision Scientist, Revenue - Ads, Revenue",Vinted,"Berlin, Berlin, Germany",2026-10-05,https://www.linkedin.com/jobs/view/4447552309 , ,li-4447552309,fulltime,,,,,,False,mid-senior level,,,,Software Development,https://lt.linkedin.com/company/vinted,,,,,,,,,,,
linkedin,Controller (m/w/d) mit Schwerpunkt Digitalisierung & Datenanalyse,mtm Consulting GmbH,"Cologne, North Rhine-Westphalia, Germany",2026-10-05,https://www.linkedin.com/jobs/view/4450807160 , ,li-4450807160,fulltime,,,,,,False,associate,,,,Health and Human Services and Hospitals and Health Care,https://de.linkedin.com/company/mtm-consulting-gmbh,,,,,,,,,,,
linkedin,Data Analyst,Corego,"Hamburg, Germany",2026-10-05,https://www.linkedin.com/jobs/view/4473134486 , ,li-4473134486,fulltime,,,,,,False,mid-senior level,,,"niina.antila@corego.com, lara.henkes@corego.com","IT Services and IT Consulting, Events Services, and Performing Arts and Spectator Sports",https://fi.linkedin.com/company/corego-oy,,,,,,,,,,,
linkedin,Data Analyst (m/w/d),A11,"Berlin, Germany",2026-10-05,https://www.linkedin.com/jobs/view/4475808811 , ,li-4475808811,fulltime,,,,,,False,mid-senior level,,,,Business Consulting and Services,https://de.linkedin.com/company/a11-global,,,,,,,,,,,
linkedin,Senior Product Analyst (CX),Jobgether,Germany,2026-10-05,https://www.linkedin.com/jobs/view/4474252873 , ,li-4474252873,fulltime,,,,,,False,associate,,,,Internet Marketplace Platforms,https://be.linkedin.com/company/jobgether,,,,,,,,,,,
linkedin,European Business Intelligence (BI) Specialist (m/f/d),Panasonic Europe,"Wiesbaden, Hesse, Germany",2026-10-05,https://www.linkedin.com/jobs/view/4455787713 , ,li-4455787713,fulltime,,,,,,False,not applicable,,,,"Appliances, Electrical, and Electronics Manufacturing",https://nl.linkedin.com/company/panasonic-europe,,,,,,,,,,,
linkedin,Business Intelligence Analyst (F/M/D),NavVis,"Munich, Bavaria, Germany",2026-10-05,https://www.linkedin.com/jobs/view/4475813689 , ,li-4475813689,fulltime,,,,,,False,mid-senior level,,,,"Technology, Information and Internet",https://de.linkedin.com/company/navvis,,,,,,,,,,,
linkedin,BI-Analyst / BI-Engineer (w/m/d),aam2core Holding AG,"Frankfurt am Main, Hesse, Germany",2026-10-05,https://www.linkedin.com/jobs/view/4474244809 , ,li-4474244809,fulltime,,,,,,False,mid-senior level,,,,Real Estate,https://de.linkedin.com/company/aam2core,,,,,,,,,,,
linkedin,VIE - Fleet Data Analyst CMAX (w/m/d) 1 1,Alstom,Hannover-Braunschweig-Göttingen-Wolfsburg Region,2026-10-05,https://www.linkedin.com/jobs/view/4473685166 , ,li-4473685166,fulltime,,,,,,False,entry level,,,,Truck Transportation and Railroad Equipment Manufacturing,https://fr.linkedin.com/company/alstom,,,,,,,,,,,
linkedin,"Senior Decision Scientist, Customer Care Analytics",GetYourGuide,"Berlin, Germany",2026-10-05,https://www.linkedin.com/jobs/view/4420273968 , ,li-4420273968,fulltime,,,,,,False,mid-senior level,,,jobs@getyourguide.com,"Technology, Information and Internet and Travel Arrangements",https://de.linkedin.com/company/getyourguide-ag,,,,,,,,,,,
linkedin,"Consultant - Digital, Data & AI in Procurement / Supply Chain Management (f/m/d)",Inverto | A BCG Company,Cologne Bonn Region,2026-10-05,https://www.linkedin.com/jobs/view/4475560244 , ,li-4475560244,fulltime,,,,,,False,entry level,,,,"Business Consulting and Services and Transportation, Logistics, Supply Chain and Storage",https://de.linkedin.com/company/inverto-gmbh,,,,,,,,,,,
linkedin,Celonis Process Intelligence Consultant (m/w/d),Proxius,"Berlin, Germany",2026-10-05,https://www.linkedin.com/jobs/view/4475807477 , ,li-4475807477,fulltime,,,,,,False,entry level,,,,IT Services and IT Consulting and Business Consulting and Services,https://de.linkedin.com/company/proxius,,,,,,,,,,,
linkedin,Celonis Process Intelligence Consultant (m/w/d),Proxius,"Cologne, North Rhine-Westphalia, Germany",2026-10-05,https://www.linkedin.com/jobs/view/4475809423 , ,li-4475809423,fulltime,,,,,,False,entry level,,,,IT Services and IT Consulting and Business Consulting and Services,https://de.linkedin.com/company/proxius,,,,,,,,,,,
linkedin,Quantitative Investment Analyst (d/m/w) - German speaking,LIQID,"Berlin, Berlin, Germany",2026-10-05,https://www.linkedin.com/jobs/view/4475807024 , ,li-4475807024,fulltime,,,,,,False,entry level,,,,Financial Services,https://de.linkedin.com/company/liqid,,,,,,,,,,,
linkedin,(Senior) Specialist Business Intelligence (m/w/d),Thalia Bücher GmbH,"Münster, North Rhine-Westphalia, Germany",2026-10-05,https://www.linkedin.com/jobs/view/4475834813 , ,li-4475834813,fulltime,,,,,,False,mid-senior level,,,,Retail,https://de.linkedin.com/company/thalia-b%C3%BCcher-gmbh,,,,,,,,,,,
linkedin,Senior Consultant Data Analytics & Business Insights (m/w/d) in München,Deloitte,"Munich, Bavaria, Germany",2026-10-05,https://www.linkedin.com/jobs/view/4343051642 , ,li-4343051642,fulltime,,,,,,False,associate,,,career@deloitte.de,Business Consulting and Services,https://www.linkedin.com/company/deloitte,,,,,,,,,,,
linkedin,Consultant - Process Mining (m/w/d),Deloitte,"Berlin, Germany",2026-10-05,https://www.linkedin.com/jobs/view/4319029649 , ,li-4319029649,fulltime,,,,,,False,entry level,,,career@deloitte.de,Business Consulting and Services,https://www.linkedin.com/company/deloitte,,,,,,,,,,,
linkedin,Angehender Teamlead SAP Data & Analytics (m/w/x),Computer Futures,"Berlin, Germany",2026-10-05,https://www.linkedin.com/jobs/view/4452899594 , ,li-4452899594,fulltime,direct_data,yearly,95000.0,105000.0,EUR,False,not applicable,,,,Business Intelligence Platforms,https://uk.linkedin.com/company/computerfutures,,,,,,,,,,,
linkedin,Data Integration Lead,DAiNA Inc.,"Berlin, Germany",2026-10-05,https://www.linkedin.com/jobs/view/4441521231 , ,li-4441521231,fulltime,,,,,,False,executive,,,recruiting@daina.com,Biotechnology Research,https://www.linkedin.com/company/daina-inc,,,,,,,,,,,
linkedin,SAP BW/4HANA Entwickler (m/w/d),Ströer SE & Co. KGaA,"Cologne, North Rhine-Westphalia, Germany",2026-10-05,https://www.linkedin.com/jobs/view/4473691613 , ,li-4473691613,fulltime,,,,,,False,entry level,,,,Advertising Services,https://de.linkedin.com/company/stroeer,,,,,,,,,,,
linkedin,Senior AI Engineer (f/m/d),Instaffo,"Munich, Bavaria, Germany",2026-10-05,https://www.linkedin.com/jobs/view/4466732486 , ,li-4466732486,,,,,,,False,,,,,,https://de.linkedin.com/company/instaffo-gmbh,,,,,,,,,,,
linkedin,Manager AI & Data Engineering (m/w/d) in Frankfurt (Main),Deloitte,"Frankfurt, Hesse, Germany",2026-10-05,https://www.linkedin.com/jobs/view/4262628780 , ,li-4262628780,fulltime,,,,,,False,mid-senior level,,,career@deloitte.de,Business Consulting and Services,https://www.linkedin.com/company/deloitte,,,,,,,,,,,
linkedin,Senior Python Engineer (NLP) - Munich,Next Ventures,"Munich, Bavaria, Germany",2026-10-05,https://www.linkedin.com/jobs/view/4444552223 , ,li-4444552223,fulltime,direct_data,yearly,75000.0,120000.0,EUR,False,mid-senior level,,,,IT Services and IT Consulting and Industrial Machinery Manufacturing,https://uk.linkedin.com/company/next-ventures,,,,,,,,,,,
linkedin,"(Senior) Manager - Digital, Data & AI in Procurement / Supply Chain Management (f/m/d)",Inverto | A BCG Company,"Cologne, North Rhine-Westphalia, Germany",2026-10-05,https://www.linkedin.com/jobs/view/4475559298 , ,li-4475559298,fulltime,,,,,,False,associate,,,,Data Infrastructure and Analytics,https://de.linkedin.com/company/inverto-gmbh,,,,,,,,,,,
linkedin,Data & Business Analytics Expert:in (m|w|d) - befristet bis zum 31.12.2027,K+S Group,"Philippsthal, Hesse, Germany",2026-10-05,https://www.linkedin.com/jobs/view/4469793365 , ,li-4469793365,fulltime,,,,,,False,entry level,,,,Mining,https://de.linkedin.com/company/k-s-group,,,,,,,,,,,
linkedin,Managing Consultant / Solution Architect Data & AI (m/w/d),Computer Futures,"Ulm, Baden-Württemberg, Germany",2026-10-05,https://www.linkedin.com/jobs/view/4469108872 , ,li-4469108872,fulltime,direct_data,yearly,110000.0,120000.0,EUR,False,not applicable,,,,Business Intelligence Platforms,https://uk.linkedin.com/company/computerfutures,,,,,,,,,,,
linkedin,Data Warehouse Analyst:in (m/w/d),SV SparkassenVersicherung,"Stuttgart, Baden-Württemberg, Germany",2026-10-05,https://www.linkedin.com/jobs/view/4473666816 , ,li-4473666816,fulltime,,,,,,False,entry level,,,lena.knoll@sparkassenversicherung.de,Insurance,https://de.linkedin.com/company/sv-sparkassenversicherung,,,,,,,,,,,
linkedin,AI Platform Engineer (f/m/d),IDnow,"Munich, Bavaria, Germany",2026-10-05,https://www.linkedin.com/jobs/view/4473662435 , ,li-4473662435,fulltime,,,,,,False,mid-senior level,,,,Software Development,https://de.linkedin.com/company/idnow,,,,,,,,,,,
linkedin,Senior Professional System Engineer (w/m/d) - Schwerpunkt Backend Technologie,Bundesagentur für Arbeit IT-Systemhaus Nürnberg,"Berlin, Berlin, Germany",2026-10-05,https://www.linkedin.com/jobs/view/4475129024 , ,li-4475129024,fulltime,,,,,,False,mid-senior level,,,,IT Services and IT Consulting,,,,,,,,,,,,
linkedin,Sustainability Digital Data Architect (d/f/m),Henkel,"Düsseldorf, North Rhine-Westphalia, Germany",2026-10-05,https://www.linkedin.com/jobs/view/4475520825 , ,li-4475520825,fulltime,,,,,,False,mid-senior level,,,,Chemical Manufacturing and Manufacturing,https://de.linkedin.com/company/henkel,,,,,,,,,,,
linkedin,Senior / Managing Consultant SAP Data & AI,Wavestone,Germany,2026-10-05,https://www.linkedin.com/jobs/view/4465516532 , ,li-4465516532,fulltime,,,,,,False,mid-senior level,,,,IT Services and IT Consulting and Business Consulting and Services,https://fr.linkedin.com/company/wavestone,,,,,,,,,,,
linkedin,Business Intelligence Engineer/Analytics Engineer (m/w/d),Hetzner,"Gunzenhausen, Bavaria, Germany",2026-10-05,https://www.linkedin.com/jobs/view/4445894262 , ,li-4445894262,fulltime,,,,,,False,entry level,,,career@hetzner.com,"Technology, Information and Internet",https://de.linkedin.com/company/hetzner-online,,,,,,,,,,,
linkedin,Junior Consultant Data & AI (m/w/d),DEVnet,"Munich, Bavaria, Germany",2026-10-05,https://www.linkedin.com/jobs/view/4475547629 , ,li-4475547629,fulltime,,,,,,False,entry level,,,,IT Services and IT Consulting and Business Consulting and Services,https://de.linkedin.com/company/devnet-group,,,,,,,,,,,
linkedin,(Senior) Data Engineer (all genders) mit Schwerpunkt Databricks,OPITZ CONSULTING Deutschland GmbH,"Gummersbach, North Rhine-Westphalia, Germany",2026-10-04,https://www.linkedin.com/jobs/view/4474232082 , ,li-4474232082,fulltime,,,,,,False,mid-senior level,,,,IT Services and IT Consulting,https://de.linkedin.com/company/opitz-consulting-deutschland-gmbh,,,,,,,,,,,
linkedin,Senior Data Processing & Reporting Architect (w/m/d),ORDIX AG,"Nuremberg, Bavaria, Germany",2026-10-04,https://www.linkedin.com/jobs/view/4475380102 , ,li-4475380102,fulltime,,,,,,False,associate,,,,IT Services and IT Consulting,https://de.linkedin.com/company/ordix-ag,,,,,,,,,,,
linkedin,(Senior) Data & AI Engineer (all genders) mit Schwerpunkt Databricks,OPITZ CONSULTING Deutschland GmbH,"Gummersbach, North Rhine-Westphalia, Germany",2026-10-04,https://www.linkedin.com/jobs/view/4474229137 , ,li-4474229137,fulltime,,,,,,False,mid-senior level,,,,IT Services and IT Consulting,https://de.linkedin.com/company/opitz-consulting-deutschland-gmbh,,,,,,,,,,,
linkedin,"Staff Engineer, Payroll Foundations (d/f/m)",Personio,"Munich, Bavaria, Germany",2026-10-04,https://www.linkedin.com/jobs/view/4445026256 , ,li-4445026256,fulltime,,,,,,False,mid-senior level,,,,Software Development,https://de.linkedin.com/company/personio,,,,,,,,,,,
linkedin,Data Engineer (all genders) Berlin,Instaffo,"Berlin, Berlin, Germany",2026-10-04,https://www.linkedin.com/jobs/view/4380578264 , ,li-4380578264,fulltime,,,,,,False,mid-senior level,,,,Staffing and Recruiting,https://de.linkedin.com/company/instaffo-gmbh,,,,,,,,,,,
linkedin,Senior Software Engineer - REDAPL Graph Engine,Datadog,Germany,2026-10-04,https://www.linkedin.com/jobs/view/4419899664 , ,li-4419899664,fulltime,,,,,,False,mid-senior level,,,,Software Development,https://www.linkedin.com/company/datadog,,,,,,,,,,,
linkedin,Digital Process & Agent Automation Engineer (f/m/d),Siemens Energy Global GmbH & Co. KG,"Berlin, Berlin, Germany",2026-10-04,https://www.linkedin.com/jobs/view/4474979321 , ,li-4474979321,parttime,,,,,,False,entry level,,,,Retail,,,,,,,,,,,,
linkedin,Data Scientist (m/w/d),FairDigital 24|7 GmbH,"Aachen, North Rhine-Westphalia, Germany",2026-10-04,https://www.linkedin.com/jobs/view/4475393279 , ,li-4475393279,,,,,,,False,,,,,,https://de.linkedin.com/company/fairdigital-gmbh,,,,,,,,,,,
linkedin,Controller Vertriebs- und Performance-Controlling (m/w/d),primaholding GmbH,"Berlin, Berlin, Germany",2026-10-04,https://www.linkedin.com/jobs/view/4473470674 , ,li-4473470674,fulltime,,,,,,False,associate,,,,Holding Companies,https://de.linkedin.com/company/primaholding-gmbh,,,,,,,,,,,
linkedin,Head of - Product & Engineering Analytics (d/f/m),Personio,"Berlin, Berlin, Germany",2026-10-04,https://www.linkedin.com/jobs/view/4473498129 , ,li-4473498129,fulltime,,,,,,False,mid-senior level,,,,Software Development,https://de.linkedin.com/company/personio,,,,,,,,,,,
linkedin,Consultant - Process Mining (m/w/d) in Hamburg,Deloitte,"Hamburg, Hamburg, Germany",2026-10-04,https://www.linkedin.com/jobs/view/4319027696 , ,li-4319027696,fulltime,,,,,,False,entry level,,,career@deloitte.de,Business Consulting and Services,https://www.linkedin.com/company/deloitte,,,,,,,,,,,
linkedin,Mitarbeiter Daten & Informationen (m/w/d),LAO Leitungsauskunft,"Offenbach, Hesse, Germany",2026-10-04,https://www.linkedin.com/jobs/view/4473606058 , ,li-4473606058,fulltime,direct_data,yearly,47196.0,48780.0,EUR,False,associate,,,,Business Consulting and Services,https://de.linkedin.com/company/leitungsauskunft-online,,,,,,,,,,,
linkedin,SAP Data & Analytics (Senior) Consultant (w/m/x),NTT DATA Europe & Latam,"Erfurt, Thuringia, Germany",2026-10-04,https://www.linkedin.com/jobs/view/4445039302 , ,li-4445039302,fulltime,,,,,,False,mid-senior level,,,,IT Services and IT Consulting,https://es.linkedin.com/company/ntt-data-europe-latam,,,,,,,,,,,
linkedin,Consultant Data Science Credit Risk (m/w/d),Deloitte,"Stuttgart, Baden-Württemberg, Germany",2026-10-04,https://www.linkedin.com/jobs/view/4243063523 , ,li-4243063523,fulltime,,,,,,False,entry level,,,career@deloitte.de,Business Consulting and Services,https://www.linkedin.com/company/deloitte,,,,,,,,,,,
linkedin,Senior Machine Learning Engineer (all genders) -,Instaffo,"Berlin, Berlin, Germany",2026-10-04,https://www.linkedin.com/jobs/view/4447584434 , ,li-4447584434,fulltime,,,,,,False,mid-senior level,,,,Staffing and Recruiting,https://de.linkedin.com/company/instaffo-gmbh,,,,,,,,,,,
linkedin,"Energy Transition Analyst – Market Analytics, Energy Trading (f/m/d)",EnBW Energie Baden-Württemberg AG,"Karlsruhe, Baden-Württemberg, Germany",2026-10-04,https://www.linkedin.com/jobs/view/4447824129 , ,li-4447824129,parttime,,,,,,False,entry level,,,m.wieckenberg@enbw.com,Utilities,https://de.linkedin.com/company/enbw,,,,,,,,,,,
linkedin,Fachkraft (w-m-d) für Statistiken,Kreisausschuss des Kreises Offenbach,"Dietzenbach, Hesse, Germany",2026-10-04,https://www.linkedin.com/jobs/view/4474663262 , ,li-4474663262,fulltime,,,,,,False,entry level,,,,Government Administration,,,,,,,,,,,,
linkedin,Senior CRM Manager Data & Automation (m/w/d),Lyto Brands Group GmbH,"Düsseldorf, North Rhine-Westphalia, Germany",2026-10-04,https://www.linkedin.com/jobs/view/4473600104 , ,li-4473600104,fulltime,direct_data,yearly,60000.0,80000.0,EUR,False,mid-senior level,,,,IT Services and IT Consulting,https://de.linkedin.com/company/lyto-brands-group,,,,,,,,,,,
linkedin,"Sales Ops and Strategy Analyst, Global Sales operations (GSO)",Amazon,"Berlin, Berlin, Germany",2026-10-04,https://www.linkedin.com/jobs/view/4474630236 , ,li-4474630236,contract,,,,,,False,entry level,,,,IT Services and IT Consulting,https://www.linkedin.com/company/amazon,,,,,,,,,,,
linkedin,Datenwissenschaftler:in,Data-Talent GmbH,"Munich, Bavaria, Germany",2026-10-04,https://www.linkedin.com/jobs/view/4473487735 , ,li-4473487735,fulltime,,,,,,False,associate,,,markus@data-talent.de,Staffing and Recruiting,https://de.linkedin.com/company/data-talent-gmbh,,,,,,,,,,,
linkedin,Senior Manager People Analytics & HR Controlling (m/f/d),Konsul Personalberatung GmbH,"North Rhine-Westphalia, Germany",2026-10-04,https://www.linkedin.com/jobs/view/4475399437 , ,li-4475399437,fulltime,,,,,,False,mid-senior level,,,,Staffing and Recruiting,https://de.linkedin.com/company/konsul-pb,,,,,,,,,,,
linkedin,BI Engineer: Power BI & SQL (m/w/d),Trassets,"Hamburg, Hamburg, Germany",2026-10-04,https://www.linkedin.com/jobs/view/4473492365 , ,li-4473492365,fulltime,,,,,,False,mid-senior level,,,,Software Development,https://de.linkedin.com/company/trassets,,,,,,,,,,,
linkedin,Consultant Data Science Credit Risk (m/w/d) in Berlin,Deloitte,"Berlin, Germany",2026-10-04,https://www.linkedin.com/jobs/view/4243060949 , ,li-4243060949,fulltime,,,,,,False,entry level,,,career@deloitte.de,Business Consulting and Services,https://www.linkedin.com/company/deloitte,,,,,,,,,,,
linkedin,Referent (m/w/d) Klinische Analysen / Medizincontrolling,JG-Gruppe,"Cologne, North Rhine-Westphalia, Germany",2026-10-03,https://www.linkedin.com/jobs/view/4467869420 , ,li-4467869420,fulltime,,,,,,False,associate,,,bewerbung@josefs-gesellschaft.de,Civic and Social Organizations,https://de.linkedin.com/company/jg-gruppe,,,,,,,,,,,
linkedin,Revenue Operations Analyst (m/w/d),"Coalition, Inc.","Munich, Bavaria, Germany",2026-10-03,https://www.linkedin.com/jobs/view/4466328442 , ,li-4466328442,fulltime,,,,,,False,mid-senior level,,,candidateaccommodations@coalitioninc.com,Insurance,https://www.linkedin.com/company/coalitioninc,,,,,,,,,,,
linkedin,Consultant Decision Intelligence (m/w/d),ValueWorks.ai,"Munich, Bavaria, Germany",2026-10-03,https://www.linkedin.com/jobs/view/4473429692 , ,li-4473429692,fulltime,direct_data,yearly,50000.0,68000.0,EUR,False,entry level,,,,IT Services and IT Consulting,https://de.linkedin.com/company/valueworks-ai,,,,,,,,,,,
linkedin,Knowledge Analyst - Energy Solutions,McKinsey & Company,"Düsseldorf, North Rhine-Westphalia, Germany",2026-10-03,https://www.linkedin.com/jobs/view/4401583522 , ,li-4401583522,fulltime,,,,,,False,entry level,,,,"Appliances, Electrical, and Electronics Manufacturing, Market Research, and Oil and Gas",https://www.linkedin.com/company/mckinsey,,,,,,,,,,,
linkedin,Data Analyst eCommerce (w/m/d),dm-drogerie markt Deutschland,Greater Karlsruhe Area,2026-10-03,https://www.linkedin.com/jobs/view/4470679469 , ,li-4470679469,fulltime,,,,,,False,entry level,,,,Retail,https://de.linkedin.com/company/dm-drogerie-markt-deutschland,,,,,,,,,,,
linkedin,Senior People Science Analyst (12 month FTC),Culture Amp,"Berlin, Germany",2026-10-03,https://www.linkedin.com/jobs/view/4464260167 , ,li-4464260167,contract,,,,,,False,mid-senior level,,,"accommodations@cultureamp.com, privacy@cultureamp.com",Software Development,https://au.linkedin.com/company/cultureamp,,,,,,,,,,,
linkedin,Group Head Media Investment Intelligence (all genders),Publicis Media Germany,"Munich, Bavaria, Germany",2026-10-03,https://www.linkedin.com/jobs/view/4437381478 , ,li-4437381478,fulltime,,,,,,False,not applicable,,,,Marketing Services,https://de.linkedin.com/company/publicis-media-germany,,,,,,,,,,,
linkedin,Senior Consultant - Transformation & Business Analytics (m/w/d),Novemcore,"Hannover, Lower Saxony, Germany",2026-10-03,https://www.linkedin.com/jobs/view/4473451454 , ,li-4473451454,fulltime,,,,,,False,associate,,,,Professional Services,https://de.linkedin.com/company/novemcore,,,,,,,,,,,
linkedin,Group Head Media Investment Intelligence (all genders),Publicis Media Germany,"Hamburg, Hamburg, Germany",2026-10-03,https://www.linkedin.com/jobs/view/4437394156 , ,li-4437394156,fulltime,,,,,,False,not applicable,,,,Marketing Services,https://de.linkedin.com/company/publicis-media-germany,,,,,,,,,,,
linkedin,Senior Financial and Business Analyst,Bose Corporation,"Stuttgart, Baden-Württemberg, Germany",2026-10-03,https://www.linkedin.com/jobs/view/4446820899 , ,li-4446820899,fulltime,,,,,,False,mid-senior level,,,,Computers and Electronics Manufacturing,https://www.linkedin.com/company/bose-corporation,,,,,,,,,,,
linkedin,Medizininformatiker*in/Softwareentwickler*in mit Schwerpunkt FHIR-Entwicklung & Datenintegration,Universitätsmedizin Greifswald,"Greifswald, Mecklenburg-West Pomerania, Germany",2026-10-03,https://www.linkedin.com/jobs/view/4472857946 , ,li-4472857946,fulltime,,,,,,False,entry level,,,,Hospitals and Health Care,https://de.linkedin.com/company/umgreifswald,,,,,,,,,,,
linkedin,Analyst (m/w/d) CFO Office,CHECK24,"Munich, Bavaria, Germany",2026-10-03,https://www.linkedin.com/jobs/view/4457354037 , ,li-4457354037,fulltime,,,,,,False,entry level,,,,Software Development,https://de.linkedin.com/company/check24-vergleichsportal-gmbh,,,,,,,,,,,
linkedin,SAP Data & Analytics (Senior) Consultant (w/m/x),NTT DATA Europe & Latam,"Hamburg, Hamburg, Germany",2026-10-03,https://www.linkedin.com/jobs/view/4445025345 , ,li-4445025345,fulltime,,,,,,False,mid-senior level,,,,IT Services and IT Consulting,https://es.linkedin.com/company/ntt-data-europe-latam,,,,,,,,,,,
linkedin,Senior Consultant Data Engineering & AI - Databricks Masterclass (m/w/d) in Hamburg,Deloitte,"Hamburg, Hamburg, Germany",2026-10-03,https://www.linkedin.com/jobs/view/4457071148 , ,li-4457071148,fulltime,,,,,,False,associate,,,career@deloitte.de,Business Consulting and Services,https://www.linkedin.com/company/deloitte,,,,,,,,,,,
linkedin,Senior Consultant Data Engineering & AI - Databricks Masterclass (m/w/d) in Frankfurt (Main),Deloitte,"Frankfurt, Hesse, Germany",2026-10-03,https://www.linkedin.com/jobs/view/4457075101 , ,li-4457075101,fulltime,,,,,,False,associate,,,career@deloitte.de,Business Consulting and Services,https://www.linkedin.com/company/deloitte,,,,,,,,,,,
linkedin,Master - SAP AI Engineering Architect (f/m/d),SAP,"Walldorf, Baden-Württemberg, Germany",2026-10-03,https://www.linkedin.com/jobs/view/4388976705 , ,li-4388976705,fulltime,,,,,,False,mid-senior level,,,Careers@sap.com,"Software Development, IT Services and IT Consulting, and Business Consulting and Services",https://de.linkedin.com/company/sap,,,,,,,,,,,
linkedin,Data & Controlling Systeme Specialist (w/m/d),STIHL,"Fellbach, Baden-Württemberg, Germany",2026-10-03,https://www.linkedin.com/jobs/view/4475324113 , ,li-4475324113,fulltime,,,,,,False,mid-senior level,,,,Machinery Manufacturing,https://de.linkedin.com/company/stihl,,,,,,,,,,,
linkedin,"AI Architect / Machine Learning Engineer (m,f,d)",Medirion,"Duisburg, North Rhine-Westphalia, Germany",2026-10-03,https://www.linkedin.com/jobs/view/4473428124 , ,li-4473428124,fulltime,direct_data,yearly,69999.0,70000.0,EUR,False,mid-senior level,,,,Medical Equipment Manufacturing,https://de.linkedin.com/company/medirion,,,,,,,,,,,
linkedin,Einkaufsanalyst (m/w/d),L & D Persönliche Gastronomie,"Grafschaft, North Rhine-Westphalia, Germany",2026-10-03,https://www.linkedin.com/jobs/view/4473858367 , ,li-4473858367,fulltime,,,,,,False,entry level,,,,Hospitality,https://de.linkedin.com/company/ld-persoenliche-gastronomie,,,,,,,,,,,
linkedin,AI Automations Engeneer (m/w/d),Spacedome Media GmbH,Germany,2026-10-03,https://www.linkedin.com/jobs/view/4473429943 , ,li-4473429943,fulltime,direct_data,yearly,42000.0,48000.0,EUR,False,mid-senior level,,,,Business Consulting and Services,https://de.linkedin.com/company/spacedome-media,,,,,,,,,,,
linkedin,"Senior Consultant / Manager SAP Business Data Cloud, SAP BTP AI & Analytics / Consulting (w/m/d)",EY,"Munich, Bavaria, Germany",2026-10-03,https://www.linkedin.com/jobs/view/4454627610 , ,li-4454627610,fulltime,,,,,,False,mid-senior level,,,,Professional Services,https://uk.linkedin.com/company/ernstandyoung,,,,,,,,,,,
linkedin,Senior Consultant Data Engineering & AI - Databricks Masterclass (m/w/d),Deloitte,"Berlin, Germany",2026-10-03,https://www.linkedin.com/jobs/view/4457061256 , ,li-4457061256,fulltime,,,,,,False,associate,,,career@deloitte.de,Business Consulting and Services,https://www.linkedin.com/company/deloitte,,,,,,,,,,,
linkedin,"Senior AI Engineer, Location AI",Mapbox,Germany,2026-10-03,https://www.linkedin.com/jobs/view/4466380942 , ,li-4466380942,fulltime,,,,,,False,mid-senior level,,,,Software Development,https://www.linkedin.com/company/mapbox,,,,,,,,,,,
linkedin,Senior AI Data Scientist / Data Engineer,HDI Group,"Hannover, Lower Saxony, Germany",2026-10-03,https://www.linkedin.com/jobs/view/4457313636 , ,li-4457313636,fulltime,,,,,,False,mid-senior level,,,,Insurance,https://de.linkedin.com/company/hdigroup,,,,,,,,,,,
linkedin,Data Engineer (m/w/d),Rheinmetall,"Bremen, Bremen, Germany",2026-10-03,https://www.linkedin.com/jobs/view/4473411663 , ,li-4473411663,fulltime,,,,,,False,mid-senior level,,,,Defense and Space Manufacturing,https://de.linkedin.com/company/rheinmetall,,,,,,,,,,,
linkedin,Data Engineer (m/f/d),Rheinmetall,"Bremen, Bremen, Germany",2026-10-03,https://www.linkedin.com/jobs/view/4473408985 , ,li-4473408985,fulltime,,,,,,False,mid-senior level,,,,Defense and Space Manufacturing,https://de.linkedin.com/company/rheinmetall,,,,,,,,,,,
linkedin,Senior Data Streaming Engineer - Data Platform (m/w/d),CTS EVENTIM AG & Co. KGaA,"Hamburg, Hamburg, Germany",2026-10-03,https://www.linkedin.com/jobs/view/4446590223 , ,li-4446590223,fulltime,,,,,,False,mid-senior level,,,,Events Services,https://de.linkedin.com/company/cts-eventim-ag,,,,,,,,,,,
linkedin,Data Engineer (m/w/d),Michael Page,"Leipzig, Saxony, Germany",2026-10-03,https://www.linkedin.com/jobs/view/4466367962 , ,li-4466367962,,,,,,,False,,,,,,https://uk.linkedin.com/company/michael-page,,,,,,,,,,,
linkedin,SAP Data & Analytics (Senior) Consultant (w/m/x),NTT DATA Europe & Latam,"Berlin, Germany",2026-10-03,https://www.linkedin.com/jobs/view/4445020375 , ,li-4445020375,fulltime,,,,,,False,mid-senior level,,,,IT Services and IT Consulting,https://es.linkedin.com/company/ntt-data-europe-latam,,,,,,,,,,,
linkedin,SAP Data & Analytics (Senior) Consultant (w/m/x),NTT DATA Europe & Latam,"Ettlingen, Baden-Württemberg, Germany",2026-10-03,https://www.linkedin.com/jobs/view/4445028337 , ,li-4445028337,fulltime,,,,,,False,mid-senior level,,,,IT Services and IT Consulting,https://es.linkedin.com/company/ntt-data-europe-latam,,,,,,,,,,,
linkedin,SAP Data & Analytics (Senior) Consultant (w/m/x),NTT DATA Europe & Latam,"Munich, Bavaria, Germany",2026-10-03,https://www.linkedin.com/jobs/view/4445036402 , ,li-4445036402,fulltime,,,,,,False,mid-senior level,,,,IT Services and IT Consulting,https://es.linkedin.com/company/ntt-data-europe-latam,,,,,,,,,,,
linkedin,Group Head Media Investment Intelligence (all genders),Publicis Media Germany,"Berlin, Berlin, Germany",2026-10-03,https://www.linkedin.com/jobs/view/4437395157 , ,li-4437395157,fulltime,,,,,,False,not applicable,,,,Marketing Services,https://de.linkedin.com/company/publicis-media-germany,,,,,,,,,,,
linkedin,Group Head Media Investment Intelligence (all genders),Publicis Media Germany,"Düsseldorf, North Rhine-Westphalia, Germany",2026-10-03,https://www.linkedin.com/jobs/view/4437378569 , ,li-4437378569,fulltime,,,,,,False,not applicable,,,,Marketing Services,https://de.linkedin.com/company/publicis-media-germany,,,,,,,,,,,
linkedin,DATA ENGINEER (f/m/d),Omnisent,"Munich, Bavaria, Germany",2026-10-03,https://www.linkedin.com/jobs/view/4473441557 , ,li-4473441557,fulltime,,,,,,False,entry level,,,,IT Services and IT Consulting,https://de.linkedin.com/company/omnisent,,,,,,,,,,,
linkedin,Group Head Media Investment Intelligence (all genders),Publicis Media Germany,"Frankfurt, Hesse, Germany",2026-10-03,https://www.linkedin.com/jobs/view/4437385353 , ,li-4437385353,fulltime,,,,,,False,not applicable,,,,Marketing Services,https://de.linkedin.com/company/publicis-media-germany,,,,,,,,,,,
linkedin,Senior Consultant Change Management Schwerpunkt Datenanalyse (m/w/d),mgm technology partners,"Berlin, Berlin, Germany",2026-10-02,https://www.linkedin.com/jobs/view/4472839797 , ,li-4472839797,fulltime,direct_data,yearly,63000.0,76500.0,EUR,False,mid-senior level,,,,IT Services and IT Consulting,https://de.linkedin.com/company/mgm-technology-partners-gmbh,,,,,,,,,,,
linkedin,Revenue Analyst (m/f/d),Sheraton & Marriott Frankfurt Airport Hotel,"Frankfurt, Hesse, Germany",2026-10-02,https://www.linkedin.com/jobs/view/4473891730 , ,li-4473891730,fulltime,,,,,,False,entry level,,,,Hospitality,,,,,,,,,,,,
linkedin,Senior Consultant Change Management Schwerpunkt Datenanalyse (m/w/d),mgm technology partners Vietnam,"Berlin, Berlin, Germany",2026-10-02,https://www.linkedin.com/jobs/view/4474747016 , ,li-4474747016,fulltime,,,,,,False,mid-senior level,,,,IT Services and IT Consulting,https://vn.linkedin.com/company/mgm-technology-partners-vietnam,,,,,,,,,,,
linkedin,Duales Studium (B.Sc.) Data Science und Künstliche Intelligenz (m/w/d) Start 2027,Seeberger,"Ulm, Baden-Württemberg, Germany",2026-10-02,https://www.linkedin.com/jobs/view/4462482466 , ,li-4462482466,fulltime,,,,,,False,internship,,,,Retail Groceries,https://de.linkedin.com/company/seeberger,,,,,,,,,,,
linkedin,(Senior) Manager Customer Data & Tech (w/m/d),Capgemini Invent,"Cologne, North Rhine-Westphalia, Germany",2026-10-02,https://www.linkedin.com/jobs/view/4422299711 , ,li-4422299711,fulltime,,,,,,False,mid-senior level,,,sophie.virneburg@capgemini.com,Business Consulting and Services,https://fr.linkedin.com/company/capgemini-invent,,,,,,,,,,,
linkedin,Senior Consultant Change Management Schwerpunkt Datenanalyse (m/w/d),mgm technology partners,"Hamburg, Hamburg, Germany",2026-10-02,https://www.linkedin.com/jobs/view/4472852269 , ,li-4472852269,fulltime,direct_data,yearly,63000.0,76500.0,EUR,False,mid-senior level,,,,IT Services and IT Consulting,https://de.linkedin.com/company/mgm-technology-partners-gmbh,,,,,,,,,,,
linkedin,Business Analyst (m/w/d),ALDI Nord Group,"Essen, North Rhine-Westphalia, Germany",2026-10-02,https://www.linkedin.com/jobs/view/4473349292 , ,li-4473349292,fulltime,,,,,,False,mid-senior level,,,,Retail,https://www.linkedin.com/company/aldinord,,,,,,,,,,,
linkedin,Senior Supply Chain Consultant – Digitalisierung & Analytics (m/w/d),aioneers,"Mannheim, Baden-Württemberg, Germany",2026-10-02,https://www.linkedin.com/jobs/view/4473171046 , ,li-4473171046,fulltime,,,,,,False,associate,,,,Software Development,https://de.linkedin.com/company/aioneers,,,,,,,,,,,
linkedin,Head of - Product & Engineering Analytics (d/f/m),Personio,"Munich, Bavaria, Germany",2026-10-02,https://www.linkedin.com/jobs/view/4453468163 , ,li-4453468163,fulltime,,,,,,False,mid-senior level,,,,Software Development,https://de.linkedin.com/company/personio,,,,,,,,,,,
linkedin,Groundwater Modeling & Environmental Data Consultant,ERM,"Frankfurt am Main, Hesse, Germany",2026-10-02,https://www.linkedin.com/jobs/view/4473129120 , ,li-4473129120,fulltime,,,,,,False,entry level,,,,"Environmental Services, Civil Engineering, and Oil and Gas",https://uk.linkedin.com/company/erm,,,,,,,,,,,
linkedin,Senior Consultant Digital Supply Chain (m/w/d),aioneers,"Mannheim, Baden-Württemberg, Germany",2026-10-02,https://www.linkedin.com/jobs/view/4473170061 , ,li-4473170061,fulltime,,,,,,False,associate,,,,Software Development,https://de.linkedin.com/company/aioneers,,,,,,,,,,,
linkedin,Consultant Controlling & Performance Management (w/d/m),4C GROUP,"Berlin, Germany",2026-10-02,https://www.linkedin.com/jobs/view/4474735415 , ,li-4474735415,fulltime,direct_data,yearly,55000.0,65000.0,EUR,False,entry level,,,,Business Consulting and Services,https://de.linkedin.com/company/4c-group-ag,,,,,,,,,,,
linkedin,Consultant - Process Mining (m/w/d) in München,Deloitte,"Munich, Bavaria, Germany",2026-10-02,https://www.linkedin.com/jobs/view/4319043022 , ,li-4319043022,fulltime,,,,,,False,entry level,,,career@deloitte.de,Business Consulting and Services,https://www.linkedin.com/company/deloitte,,,,,,,,,,,
linkedin,Senior Consultant Change Management Schwerpunkt Datenanalyse (m/w/d),mgm technology partners,"Cologne, North Rhine-Westphalia, Germany",2026-10-02,https://www.linkedin.com/jobs/view/4472837783 , ,li-4472837783,fulltime,direct_data,yearly,63000.0,76500.0,EUR,False,mid-senior level,,,,IT Services and IT Consulting,https://de.linkedin.com/company/mgm-technology-partners-gmbh,,,,,,,,,,,
linkedin,Senior Consultant Change Management Schwerpunkt Datenanalyse (m/w/d),mgm technology partners,"Munich, Bavaria, Germany",2026-10-02,https://www.linkedin.com/jobs/view/4472843651 , ,li-4472843651,fulltime,direct_data,yearly,63000.0,76500.0,EUR,False,mid-senior level,,,,IT Services and IT Consulting,https://de.linkedin.com/company/mgm-technology-partners-gmbh,,,,,,,,,,,
linkedin,SAP Data & Analytics (Senior) Consultant (w/m/x),NTT DATA Europe & Latam,"Wolfsburg, Lower Saxony, Germany",2026-10-02,https://www.linkedin.com/jobs/view/4445021381 , ,li-4445021381,fulltime,,,,,,False,mid-senior level,,,,IT Services and IT Consulting,https://es.linkedin.com/company/ntt-data-europe-latam,,,,,,,,,,,
linkedin,SAP Data & Analytics (Senior) Consultant (w/m/x),NTT DATA Europe & Latam,"Frankfurt am Main, Hesse, Germany",2026-10-02,https://www.linkedin.com/jobs/view/4445037348 , ,li-4445037348,fulltime,,,,,,False,mid-senior level,,,,IT Services and IT Consulting,https://es.linkedin.com/company/ntt-data-europe-latam,,,,,,,,,,,
linkedin,SAP Data & Analytics (Senior) Consultant (w/m/x),NTT DATA Europe & Latam,"Cologne, North Rhine-Westphalia, Germany",2026-10-02,https://www.linkedin.com/jobs/view/4445042326 , ,li-4445042326,fulltime,,,,,,False,mid-senior level,,,,IT Services and IT Consulting,https://es.linkedin.com/company/ntt-data-europe-latam,,,,,,,,,,,
linkedin,Advanced Analytics & Databricks Expert (all genders),MHP – A Porsche Company,"Wolfsburg, Lower Saxony, Germany",2026-10-02,https://www.linkedin.com/jobs/view/4470428214 , ,li-4470428214,fulltime,,,,,,False,mid-senior level,,,,Business Consulting and Services,https://de.linkedin.com/company/mhp-a-porsche-company,,,,,,,,,,,
linkedin,Senior Consultant Digital Supply Chain (m/w/d),aioneers,"Munich, Bavaria, Germany",2026-10-02,https://www.linkedin.com/jobs/view/4473154694 , ,li-4473154694,fulltime,,,,,,False,associate,,,,Software Development,https://de.linkedin.com/company/aioneers,,,,,,,,,,,
linkedin,Manager AI & Data Analytics / Data Science (m/w/d) in Frankfurt (Main),Deloitte,"Frankfurt, Hesse, Germany",2026-10-02,https://www.linkedin.com/jobs/view/4318189295 , ,li-4318189295,fulltime,,,,,,False,mid-senior level,,,career@deloitte.de,Business Consulting and Services,https://www.linkedin.com/company/deloitte,,,,,,,,,,,
linkedin,Manager AI & Data Analytics / Data Science (m/w/d),Deloitte,"Düsseldorf, North Rhine-Westphalia, Germany",2026-10-02,https://www.linkedin.com/jobs/view/4318178855 , ,li-4318178855,fulltime,,,,,,False,mid-senior level,,,career@deloitte.de,Business Consulting and Services,https://www.linkedin.com/company/deloitte,,,,,,,,,,,
linkedin,(Senior) Pricing Analyst (m/w/d),SIXT,"Munich, Bavaria, Germany",2026-10-02,https://www.linkedin.com/jobs/view/4446823494 , ,li-4446823494,fulltime,,,,,,False,mid-senior level,,,,Travel Arrangements,https://de.linkedin.com/company/sixt,,,,,,,,,,,
linkedin,Senior Supply Chain Consultant – Digitalisierung & Analytics (m/w/d),aioneers,"Munich, Bavaria, Germany",2026-10-02,https://www.linkedin.com/jobs/view/4473150951 , ,li-4473150951,fulltime,,,,,,False,associate,,,,Software Development,https://de.linkedin.com/company/aioneers,,,,,,,,,,,
linkedin,Teamleitung für die Hochschulstatistik (w/m/d) im Referat »Bildung und Kultur «,Statistisches Landesamt von Baden-Württemberg,"Fellbach, Baden-Württemberg, Germany",2026-10-02,https://www.linkedin.com/jobs/view/4473172973 , ,li-4473172973,fulltime,,,,,,False,mid-senior level,,,,Government Administration,https://de.linkedin.com/company/statistisches-landesamt-von-baden-w%C3%BCrttemberg,,,,,,,,,,,
linkedin,(Senior) Inhouse Consultant – Data and Process Specialist (m/w/d),ARAG,"Düsseldorf, North Rhine-Westphalia, Germany",2026-10-02,https://www.linkedin.com/jobs/view/4386386029 , ,li-4386386029,fulltime,,,,,,False,mid-senior level,,,,Insurance,https://de.linkedin.com/company/arag,,,,,,,,,,,
linkedin,Market & Business Intelligence Lead DACH (m/w/d),Grünenthal Group,"Stolberg (Rhld.), North Rhine-Westphalia, Germany",2026-10-02,https://www.linkedin.com/jobs/view/4442649144 , ,li-4442649144,fulltime,,,,,,False,mid-senior level,,,,"Pharmaceutical Manufacturing, Hospitals and Health Care, and Biotechnology Research",https://de.linkedin.com/company/gruenenthal,,,,,,,,,,,
linkedin,Manager Value Creation Management (m/f/d),adidas,"Herzogenaurach, Bavaria, Germany",2026-10-02,https://www.linkedin.com/jobs/view/4473167194 , ,li-4473167194,fulltime,,,,,,False,not applicable,,,,"Manufacturing, Retail, and Sporting Goods Manufacturing",https://de.linkedin.com/company/adidas,,,,,,,,,,,
linkedin,Senior Consultant SAP Data & Analytics (m/w/d),Scheer Group,"Düsseldorf, North Rhine-Westphalia, Germany",2026-10-02,https://www.linkedin.com/jobs/view/4319396967 , ,li-4319396967,fulltime,,,,,,False,mid-senior level,,,,IT Services and IT Consulting,https://de.linkedin.com/company/scheer-gruppe,,,,,,,,,,,
linkedin,Projektmanager Datenanalyse bei Airbus (m/w/d),ARTS Aero,"Hamburg, Germany",2026-10-02,https://www.linkedin.com/jobs/view/4473326882 , ,li-4473326882,fulltime,direct_data,yearly,79000.0,102000.0,USD,False,associate,,,,Aviation and Aerospace Component Manufacturing and Airlines and Aviation,https://de.linkedin.com/company/arts-aero,,,,,,,,,,,
linkedin,"Decision Scientist, Trust & Safety",Vinted,"Berlin, Berlin, Germany",2026-10-02,https://www.linkedin.com/jobs/view/4469131554 , ,li-4469131554,fulltime,,,,,,False,mid-senior level,,,,Software Development,https://lt.linkedin.com/company/vinted,,,,,,,,,,,
linkedin,Business Development Analyst (all gender),TUI Cruises,"Hamburg, Hamburg, Germany",2026-10-02,https://www.linkedin.com/jobs/view/4465644518 , ,li-4465644518,fulltime,,,,,,False,mid-senior level,,,hr@tuicruises.com,Maritime,https://de.linkedin.com/company/tui-cruises-gmbh,,,,,,,,,,,
linkedin,Consultant Data Analytics Global Transformation Tax (w/m/d),PwC Deutschland,"Munich, Bavaria, Germany",2026-10-02,https://www.linkedin.com/jobs/view/4472859930 , ,li-4472859930,fulltime,,,,,,False,mid-senior level,,,,Accounting and Legal Services,https://de.linkedin.com/company/pwc-deutschland,,,,,,,,,,,
linkedin,Consultant Data Analytics Global Transformation Tax (w/m/d),PwC Deutschland,"Hamburg, Hamburg, Germany",2026-10-02,https://www.linkedin.com/jobs/view/4472873472 , ,li-4472873472,fulltime,,,,,,False,mid-senior level,,,,Accounting and Legal Services,https://de.linkedin.com/company/pwc-deutschland,,,,,,,,,,,
linkedin,Market & Business Intelligence Lead DACH (m/w/d),Grünenthal Group,"Stolberg, North Rhine-Westphalia, Germany",2026-10-02,https://www.linkedin.com/jobs/view/4443376652 , ,li-4443376652,fulltime,,,,,,False,mid-senior level,,,,"Pharmaceutical Manufacturing, Hospitals and Health Care, and Biotechnology Research",https://de.linkedin.com/company/gruenenthal,,,,,,,,,,,
linkedin,Data Analyst (w/m/d) – Schwerpunkt Marketing Digitalisierung,Möhlenhoff GmbH,"Salzgitter, Lower Saxony, Germany",2026-10-02,https://www.linkedin.com/jobs/view/4474754746 , ,li-4474754746,fulltime,,,,,,False,entry level,,,,HVAC and Refrigeration Equipment Manufacturing,https://de.linkedin.com/company/m%C3%B6hlenhoff-gmbh,,,,,,,,,,,
linkedin,Business Intelligence Developer (m/w/d),Meyer Quick Service Logistics GmbH & Co. KG,"Friedrichsdorf, Hesse, Germany",2026-10-02,https://www.linkedin.com/jobs/view/4474593686 , ,li-4474593686,fulltime,,,,,,False,associate,,,,"Transportation, Logistics, Supply Chain and Storage",https://de.linkedin.com/company/meyer-quick-service-logistics-gmbh-co-kg,,,,,,,,,,,
linkedin,Marketing Business Analyst (all genders),HelloFresh,"Berlin, Berlin, Germany",2026-10-02,https://www.linkedin.com/jobs/view/4474786876 , ,li-4474786876,fulltime,,,,,,False,mid-senior level,,,,"Manufacturing, Consumer Services, and Food and Beverage Services",https://de.linkedin.com/company/hellofresh,,,,,,,,,,,
linkedin,"Senior Decision Scientist, Revenue",Vinted,"Berlin, Berlin, Germany",2026-10-02,https://www.linkedin.com/jobs/view/4456496470 , ,li-4456496470,fulltime,,,,,,False,mid-senior level,,,,Software Development,https://lt.linkedin.com/company/vinted,,,,,,,,,,,
linkedin,Senior Product Performance Analyst (m/f/d),Trusted Shops,"Berlin, Berlin, Germany",2026-10-02,https://www.linkedin.com/jobs/view/4474700654 , ,li-4474700654,fulltime,,,,,,False,mid-senior level,,,,Software Development,https://de.linkedin.com/company/trustedshops,,,,,,,,,,,
linkedin,Senior Marketing analyst,Jobgether,Germany,2026-10-02,https://www.linkedin.com/jobs/view/4472890379 , ,li-4472890379,fulltime,,,,,,False,associate,,,,Internet Marketplace Platforms,https://be.linkedin.com/company/jobgether,,,,,,,,,,,
linkedin,Game Analyst,Digital Waffle,"Hamburg, Germany",2026-10-02,https://www.linkedin.com/jobs/view/4472880864 , ,li-4472880864,fulltime,,,,,,False,mid-senior level,,,,"Computer Games, Software Development, and Data Infrastructure and Analytics",https://uk.linkedin.com/company/digitalwaffle,,,,,,,,,,,
linkedin,Business Intelligence / Finance Data Analyst (m/w/d),PRODINGER,"Coburg, Bavaria, Germany",2026-10-02,https://www.linkedin.com/jobs/view/4473138160 , ,li-4473138160,fulltime,,,,,,False,mid-senior level,,,,Wholesale,https://de.linkedin.com/company/prodingergruppe,,,,,,,,,,,
linkedin,Data Analyst (all gender),ALTEN,"Weeze, North Rhine-Westphalia, Germany",2026-10-02,https://www.linkedin.com/jobs/view/4445079736 , ,li-4445079736,fulltime,,,,,,False,associate,,,,Engineering Services and Data Infrastructure and Analytics,https://fr.linkedin.com/company/alten,,,,,,,,,,,
linkedin,Data Analyst (w/m/d),pub.tech - Public Value Technologies,"Munich, Bavaria, Germany",2026-10-02,https://www.linkedin.com/jobs/view/4473123680 , ,li-4473123680,fulltime,,,,,,False,associate,,,karriere@pub.tech,Software Development,https://de.linkedin.com/company/pub-public-value-technologies,,,,,,,,,,,
linkedin,"Associate Director, Europe Business Analytics & Insights",Corcept Therapeutics,"Munich, Bavaria, Germany",2026-10-02,https://www.linkedin.com/jobs/view/4428783219 , ,li-4428783219,fulltime,,,,,,False,mid-senior level,,,,Biotechnology Research,https://www.linkedin.com/company/corcept-therapeutics,,,,,,,,,,,
linkedin,(Sr.)Digital Supply Chain Consultant,Nexperia,"Hamburg, Hamburg, Germany",2026-10-02,https://www.linkedin.com/jobs/view/4472183970 , ,li-4472183970,fulltime,,,,,,False,mid-senior level,,,,Semiconductor Manufacturing,https://nl.linkedin.com/company/nexperia,,,,,,,,,,,
linkedin,Digital Analyst (m/f/d),PAYBACK,"Munich, Bavaria, Germany",2026-10-02,https://www.linkedin.com/jobs/view/4474717428 , ,li-4474717428,temporary,,,,,,False,associate,,,,"Software Development, Marketing Services, and IT Services and IT Consulting",https://de.linkedin.com/company/payback-gmbh,,,,,,,,,,,
linkedin,Consultant Data Analytics Global Transformation Tax (w/m/d),PwC Deutschland,"Mannheim, Baden-Württemberg, Germany",2026-10-02,https://www.linkedin.com/jobs/view/4472879186 , ,li-4472879186,fulltime,,,,,,False,mid-senior level,,,,Accounting and Legal Services,https://de.linkedin.com/company/pwc-deutschland,,,,,,,,,,,
linkedin,Senior Controller / Finance Analytics (m/w/d),PRODINGER,"Coburg, Bavaria, Germany",2026-10-02,https://www.linkedin.com/jobs/view/4473125822 , ,li-4473125822,fulltime,,,,,,False,mid-senior level,,,,Wholesale,https://de.linkedin.com/company/prodingergruppe,,,,,,,,,,,
linkedin,Customer Planning Manager (m/f/d),the LEGO Group,"Munich, Bavaria, Germany",2026-10-02,https://www.linkedin.com/jobs/view/4473155368 , ,li-4473155368,fulltime,,,,,,False,entry level,,,,Manufacturing,https://dk.linkedin.com/company/lego-group,,,,,,,,,,,
linkedin,"(Senior) Product Analyst, Real Estate & Motors (d/f/m) - 1-year fixed-term contract",Kleinanzeigen,"Berlin, Berlin, Germany",2026-10-02,https://www.linkedin.com/jobs/view/4474764958 , ,li-4474764958,temporary,,,,,,False,entry level,,,,"Technology, Information and Internet",https://de.linkedin.com/company/kleinanzeigen,,,,,,,,,,,
linkedin,Commercial & Analytics Projects - Mid-Level (m/w/d),Picnic Technologies,"Düsseldorf, North Rhine-Westphalia, Germany",2026-10-02,https://www.linkedin.com/jobs/view/4288467576 , ,li-4288467576,fulltime,,,,,,False,mid-senior level,,,,Retail,https://nl.linkedin.com/company/picnictechnologies,,,,,,,,,,,
linkedin,Celonis Process Intelligence Consultant (m/w/d),Proxius,Greater Munich Metropolitan Area,2026-10-02,https://www.linkedin.com/jobs/view/4474711982 , ,li-4474711982,fulltime,,,,,,False,entry level,,,,IT Services and IT Consulting and Business Consulting and Services,https://de.linkedin.com/company/proxius,,,,,,,,,,,
linkedin,Consultant Data Analytics ERP Migrations (w/m/d),PwC Deutschland,"Essen, North Rhine-Westphalia, Germany",2026-10-02,https://www.linkedin.com/jobs/view/4472875459 , ,li-4472875459,fulltime,,,,,,False,mid-senior level,,,,Accounting and Legal Services,https://de.linkedin.com/company/pwc-deutschland,,,,,,,,,,,
linkedin,Consultant Data Analytics ERP Migrations (w/m/d),PwC Deutschland,"Hannover, Lower Saxony, Germany",2026-10-02,https://www.linkedin.com/jobs/view/4472872452 , ,li-4472872452,fulltime,,,,,,False,mid-senior level,,,,Accounting and Legal Services,https://de.linkedin.com/company/pwc-deutschland,,,,,,,,,,,
linkedin,Consultant Data Analytics ERP Migrations (w/m/d),PwC Deutschland,"Frankfurt, Hesse, Germany",2026-10-02,https://www.linkedin.com/jobs/view/4472870571 , ,li-4472870571,fulltime,,,,,,False,mid-senior level,,,,Accounting and Legal Services,https://de.linkedin.com/company/pwc-deutschland,,,,,,,,,,,
linkedin,Consultant Data Analytics ERP Migrations (w/m/d),PwC Deutschland,"Stuttgart, Baden-Württemberg, Germany",2026-10-02,https://www.linkedin.com/jobs/view/4472876344 , ,li-4472876344,fulltime,,,,,,False,mid-senior level,,,,Accounting and Legal Services,https://de.linkedin.com/company/pwc-deutschland,,,,,,,,,,,
linkedin,Analytics - Future Leaders Graduate Program,Picnic Technologies,"Düsseldorf, North Rhine-Westphalia, Germany",2026-10-02,https://www.linkedin.com/jobs/view/4289798336 , ,li-4289798336,fulltime,,,,,,False,internship,,,,Retail,https://nl.linkedin.com/company/picnictechnologies,,,,,,,,,,,
linkedin,Consultant Data Analytics Global Transformation Tax (w/m/d),PwC Deutschland,"Berlin, Berlin, Germany",2026-10-02,https://www.linkedin.com/jobs/view/4472872450 , ,li-4472872450,fulltime,,,,,,False,mid-senior level,,,,Accounting and Legal Services,https://de.linkedin.com/company/pwc-deutschland,,,,,,,,,,,
linkedin,Consultant Data Analytics Global Transformation Tax (w/m/d),PwC Deutschland,"Düsseldorf, North Rhine-Westphalia, Germany",2026-10-02,https://www.linkedin.com/jobs/view/4472879240 , ,li-4472879240,fulltime,,,,,,False,mid-senior level,,,,Accounting and Legal Services,https://de.linkedin.com/company/pwc-deutschland,,,,,,,,,,,
linkedin,Data & Insights,Jobgether,Germany,2026-10-02,https://www.linkedin.com/jobs/view/4472868105 , ,li-4472868105,fulltime,,,,,,False,mid-senior level,,,,Internet Marketplace Platforms,https://be.linkedin.com/company/jobgether,,,,,,,,,,,
linkedin,Market Insights Manager m/w/d,Rotkäppchen-Mumm,"Eltville, Hesse, Germany",2026-10-02,https://www.linkedin.com/jobs/view/4474776928 , ,li-4474776928,fulltime,,,,,,False,associate,,,,Beverage Manufacturing,https://de.linkedin.com/company/rotkaeppchen-mumm,,,,,,,,,,,
linkedin,Controller (m/w/d),ARMON GmbH,"Simmern, Rhineland-Palatinate, Germany",2026-10-02,https://www.linkedin.com/jobs/view/4474723680 , ,li-4474723680,fulltime,,,,,,False,associate,,,,Plastics Manufacturing and Wholesale Chemical and Allied Products,https://de.linkedin.com/company/armon-gmbh,,,,,,,,,,,
linkedin,Business Planner (m/w/d) - Consumer Products Division,L'Oréal,"Düsseldorf, North Rhine-Westphalia, Germany",2026-10-02,https://www.linkedin.com/jobs/view/4473366095 , ,li-4473366095,fulltime,,,,,,False,not applicable,,,,Manufacturing and Personal Care Product Manufacturing,https://fr.linkedin.com/company/lor%C3%A9al,,,,,,,,,,,
linkedin,Management Berater:in - AI & Data (m/w/d),AlixPartners,"Munich, Bavaria, Germany",2026-10-02,https://www.linkedin.com/jobs/view/4463433996 , ,li-4463433996,fulltime,,,,,,False,mid-senior level,,,,Business Consulting and Services,https://www.linkedin.com/company/alixpartners,,,,,,,,,,,
linkedin,Senior SAP Analytics Consultant (m/w/d),Computer Futures,"Frankfurt am Main, Hesse, Germany",2026-10-02,https://www.linkedin.com/jobs/view/4416035489 , ,li-4416035489,fulltime,direct_data,yearly,75000.0,95000.0,EUR,False,not applicable,,,,Business Intelligence Platforms,https://uk.linkedin.com/company/computerfutures,,,,,,,,,,,
linkedin,Delivery Area & Route Planning Consultant beim Lieferdienst meinALDI (m/w/d),jobsintown.de GmbH,"Mülheim an der Ruhr, North Rhine-Westphalia, Germany",2026-10-02,https://www.linkedin.com/jobs/view/4473358281 , ,li-4473358281,fulltime,,,,,,False,entry level,,,,Online Media,https://de.linkedin.com/company/jobsintown-de-gmbh,,,,,,,,,,,
linkedin,(Senior) RevOps Engineer - m/f/d,Langdock,"Berlin, Germany",2026-10-02,https://www.linkedin.com/jobs/view/4474744134 , ,li-4474744134,fulltime,,,,,,False,mid-senior level,,,,Software Development,https://de.linkedin.com/company/langdock,,,,,,,,,,,
linkedin,Langfuse - Senior Backend Engineer,ClickHouse,"Berlin, Germany",2026-10-02,https://www.linkedin.com/jobs/view/4475028431 , ,li-4475028431,fulltime,direct_data,yearly,90000.0,160000.0,EUR,False,mid-senior level,,,,Software Development,https://www.linkedin.com/company/clickhouseinc,,,,,,,,,,,
linkedin,Principal Omics Data Engineer,KEMIO Consulting,"Baden-Württemberg, Germany",2026-10-02,https://www.linkedin.com/jobs/view/4474774442 , ,li-4474774442,fulltime,,,,,,False,mid-senior level,,,,Biotechnology Research and Pharmaceutical Manufacturing,https://uk.linkedin.com/company/kemio-consulting,,,,,,,,,,,
linkedin,Advanced Analytics & Databricks Expert (all genders),MHP – A Porsche Company,"Dresden, Saxony, Germany",2026-10-02,https://www.linkedin.com/jobs/view/4470416876 , ,li-4470416876,fulltime,,,,,,False,mid-senior level,,,,Business Consulting and Services,https://de.linkedin.com/company/mhp-a-porsche-company,,,,,,,,,,,
linkedin,Data & Application Developer (m/w/d),CEVA Logistics,"Hamburg, Germany",2026-10-02,https://www.linkedin.com/jobs/view/4473142364 , ,li-4473142364,,,,,,,False,,,,,,https://fr.linkedin.com/company/ceva-logistics,,,,,,,,,,,
linkedin,Datenarchitekt und Lead Developer für SAP Datasphere (m/w/d),MULTIVAC Group,"Wolfertschwenden, Bavaria, Germany",2026-10-02,https://www.linkedin.com/jobs/view/4463028140 , ,li-4463028140,fulltime,,,,,,False,mid-senior level,,,,Machinery Manufacturing,https://de.linkedin.com/company/multivac,,,,,,,,,,,
linkedin,"Senior Software Engineer - Data Search (remote, Europe)",Modash,"Berlin, Berlin, Germany",2026-10-02,https://www.linkedin.com/jobs/view/4474762458 , ,li-4474762458,fulltime,,,,,,True,mid-senior level,,,,IT Services and IT Consulting,https://ee.linkedin.com/company/modash,,,,,,,,,,,
linkedin,SAP Analytics Engineer (m/w/d),Simon Hegele Gesellschaft für Logistik und Service mbH,"Karlsdorf, Baden-Württemberg, Germany",2026-10-02,https://www.linkedin.com/jobs/view/4474703799 , ,li-4474703799,fulltime,,,,,,False,not applicable,,,karriere@hegele.de,"Transportation, Logistics, Supply Chain and Storage",https://de.linkedin.com/company/simon-hegele,,,,,,,,,,,
linkedin,Senior Consultant Data Engineering & AI - Databricks Masterclass (m/w/d) in Mannheim,Deloitte,"Mannheim, Baden-Württemberg, Germany",2026-10-02,https://www.linkedin.com/jobs/view/4457068168 , ,li-4457068168,fulltime,,,,,,False,associate,,,career@deloitte.de,Business Consulting and Services,https://www.linkedin.com/company/deloitte,,,,,,,,,,,
linkedin,Senior Consultant Data Engineering & AI - Databricks Masterclass (m/w/d) in Hannover,Deloitte,"Hannover, Lower Saxony, Germany",2026-10-02,https://www.linkedin.com/jobs/view/4457065213 , ,li-4457065213,fulltime,,,,,,False,associate,,,career@deloitte.de,Business Consulting and Services,https://www.linkedin.com/company/deloitte,,,,,,,,,,,
linkedin,"Software Engineer - Data Focus (Python, Kafka, Airflow)",Propel,Germany,2026-10-02,https://www.linkedin.com/jobs/view/4474719326 , ,li-4474719326,,,,,,,False,,,,,,https://uk.linkedin.com/company/propel-together,,,,,,,,,,,
linkedin,Senior Data Engineer (d/f/m),4flow,"Düsseldorf, North Rhine-Westphalia, Germany",2026-10-02,https://www.linkedin.com/jobs/view/4429560104 , ,li-4429560104,fulltime,,,,,,False,mid-senior level,,,,"Transportation, Logistics, Supply Chain and Storage",https://de.linkedin.com/company/4flow,,,,,,,,,,,
linkedin,Advanced Analytics & Databricks Expert (all genders),MHP – A Porsche Company,"Nuremberg, Bavaria, Germany",2026-10-02,https://www.linkedin.com/jobs/view/4470420642 , ,li-4470420642,fulltime,,,,,,False,mid-senior level,,,,Business Consulting and Services,https://de.linkedin.com/company/mhp-a-porsche-company,,,,,,,,,,,
linkedin,Advanced Analytics & Databricks Expert (all genders),MHP – A Porsche Company,"Frankfurt am Main, Hesse, Germany",2026-10-02,https://www.linkedin.com/jobs/view/4470422455 , ,li-4470422455,fulltime,,,,,,False,mid-senior level,,,,Business Consulting and Services,https://de.linkedin.com/company/mhp-a-porsche-company,,,,,,,,,,,
linkedin,Advanced Analytics & Databricks Expert (all genders),MHP – A Porsche Company,"Düsseldorf, North Rhine-Westphalia, Germany",2026-10-02,https://www.linkedin.com/jobs/view/4470427233 , ,li-4470427233,fulltime,,,,,,False,mid-senior level,,,,Business Consulting and Services,https://de.linkedin.com/company/mhp-a-porsche-company,,,,,,,,,,,
linkedin,Advanced Analytics & Databricks Expert (all genders),MHP – A Porsche Company,"Ludwigsburg, Baden-Württemberg, Germany",2026-10-02,https://www.linkedin.com/jobs/view/4470427232 , ,li-4470427232,fulltime,,,,,,False,mid-senior level,,,,Business Consulting and Services,https://de.linkedin.com/company/mhp-a-porsche-company,,,,,,,,,,,
linkedin,Senior Consultant Data Engineering & AI - Databricks Masterclass (m/w/d) in Köln,Deloitte,"Cologne, North Rhine-Westphalia, Germany",2026-10-02,https://www.linkedin.com/jobs/view/4457074114 , ,li-4457074114,fulltime,,,,,,False,associate,,,career@deloitte.de,Business Consulting and Services,https://www.linkedin.com/company/deloitte,,,,,,,,,,,
linkedin,Tech Lead | GCP | BI & Warehouse Analytics | OTTO Payments (w/m/d),OTTO Payments,"Hamburg, Germany",2026-10-02,https://www.linkedin.com/jobs/view/4411614041 , ,li-4411614041,fulltime,,,,,,False,mid-senior level,,,,Financial Services,https://de.linkedin.com/company/otto-payments,,,,,,,,,,,
linkedin,Advanced Analytics & Databricks Expert (all genders),MHP – A Porsche Company,"Berlin, Berlin, Germany",2026-10-02,https://www.linkedin.com/jobs/view/4470421458 , ,li-4470421458,fulltime,,,,,,False,mid-senior level,,,,Business Consulting and Services,https://de.linkedin.com/company/mhp-a-porsche-company,,,,,,,,,,,
linkedin,Platform Engineer Analytics & KI-Platform (m/w/d),REWE digital,"Cologne, North Rhine-Westphalia, Germany",2026-10-02,https://www.linkedin.com/jobs/view/4386355137 , ,li-4386355137,fulltime,,,,,,False,associate,,,,Software Development,https://de.linkedin.com/company/rewedigital,,,,,,,,,,,
linkedin,Head of Process & Task Mining (m/w/d),Generali Deutschland AG,"Munich, Bavaria, Germany",2026-10-02,https://www.linkedin.com/jobs/view/4472895255 , ,li-4472895255,fulltime,,,,,,False,mid-senior level,,,,Banking,https://de.linkedin.com/company/generali-deutschland-ag,,,,,,,,,,,
linkedin,Data Product Engineer (m/w/d),REWE GROUP,"Cologne, North Rhine-Westphalia, Germany",2026-10-02,https://www.linkedin.com/jobs/view/4389704967 , ,li-4389704967,parttime,,,,,,False,associate,,,,Retail,https://de.linkedin.com/company/rewegroup,,,,,,,,,,,
linkedin,Data Engineer (m/f/d),REPA Deutschland,"Bergkirchen, Bavaria, Germany",2026-10-02,https://www.linkedin.com/jobs/view/4474730222 , ,li-4474730222,fulltime,,,,,,False,entry level,,,bewerbung.de@repagroup.com,Wholesale,https://de.linkedin.com/company/repa-deutschland,,,,,,,,,,,
linkedin,Google Cloud Data Engineer (m/f/d),REPA Deutschland,"Bergkirchen, Bavaria, Germany",2026-10-02,https://www.linkedin.com/jobs/view/4474729279 , ,li-4474729279,fulltime,,,,,,False,mid-senior level,,,bewerbung.de@repagroup.com,Wholesale,https://de.linkedin.com/company/repa-deutschland,,,,,,,,,,,
linkedin,Senior Data Engineer - Analytics,Pennylane,Germany,2026-10-02,https://www.linkedin.com/jobs/view/4474738442 , ,li-4474738442,contract,,,,,,False,mid-senior level,,,dpo@pennylane.com,Accounting,https://fr.linkedin.com/company/pennylaneaccounting,,,,,,,,,,,
linkedin,Senior AI Data Engineer,Zendesk,"Berlin, Berlin, Germany",2026-10-02,https://www.linkedin.com/jobs/view/4434569449 , ,li-4434569449,fulltime,,,,,,False,mid-senior level,,,peopleandplaces@zendesk.com,Artificial Intelligence,https://www.linkedin.com/company/zendesk,,,,,,,,,,,
linkedin,Senior Software Engineer - Data (All Genders),Prematch,Cologne Bonn Region,2026-10-02,https://www.linkedin.com/jobs/view/4456293450 , ,li-4456293450,fulltime,,,,,,False,mid-senior level,,,,Spectator Sports,https://de.linkedin.com/company/prematch,,,,,,,,,,,
linkedin,Staff Data Platform Engineer,KAYAK,"Berlin, Berlin, Germany",2026-10-02,https://www.linkedin.com/jobs/view/4474748111 , ,li-4474748111,fulltime,,,,,,False,mid-senior level,,,,"Technology, Information and Internet",https://www.linkedin.com/company/kayak,,,,,,,,,,,
linkedin,Data Engineer Kubernetes (m/w/d),citema systems GmbH,"Dresden, Saxony, Germany",2026-10-02,https://www.linkedin.com/jobs/view/4473117774 , ,li-4473117774,fulltime,,,,,,False,associate,,,,IT Services and IT Consulting,https://de.linkedin.com/company/citema-group-gmbh,,,,,,,,,,,
linkedin,Data Engineer (m/w/d),CGI,"Kaiserslautern, Rhineland-Palatinate, Germany",2026-10-02,https://www.linkedin.com/jobs/view/4446382502 , ,li-4446382502,fulltime,,,,,,False,entry level,,,,IT Services and IT Consulting,https://ca.linkedin.com/company/cgi,,,,,,,,,,,
linkedin,Principal Software Engineer - Data Lakes,Fivetran,Germany,2026-10-02,https://www.linkedin.com/jobs/view/4429559015 , ,li-4429559015,fulltime,,,,,,False,mid-senior level,,,,Software Development,https://www.linkedin.com/company/fivetran,,,,,,,,,,,
linkedin,Data Platform Engineer - Palantir,Accenture Federal Services,"Stuttgart, Baden-Württemberg, Germany",2026-10-02,https://www.linkedin.com/jobs/view/4422986053 , ,li-4422986053,fulltime,description,yearly,110000.0,140000.0,USD,False,entry level,,,,IT Services and IT Consulting,https://www.linkedin.com/company/accenturefederalservices,,,,,,,,,,,
linkedin,Principal Software Engineer (all genders),Zalando Marketing Services,"Berlin, Berlin, Germany",2026-10-02,https://www.linkedin.com/jobs/view/4473146425 , ,li-4473146425,fulltime,,,,,,False,mid-senior level,,,,Advertising Services,https://de.linkedin.com/company/zms-zalando,,,,,,,,,,,
linkedin,Senior Analytics Engineer - Acquisition,SumUp,"Berlin, Berlin, Germany",2026-10-02,https://www.linkedin.com/jobs/view/4434542555 , ,li-4434542555,fulltime,,,,,,False,mid-senior level,,,,Financial Services,https://uk.linkedin.com/company/sumup,,,,,,,,,,,
linkedin,Senior Analytics Engineer - Quick Commerce,Delivery Hero,"Berlin, Berlin, Germany",2026-10-02,https://www.linkedin.com/jobs/view/4473348676 , ,li-4473348676,fulltime,,,,,,False,mid-senior level,,,inclusion@deliveryhero.com,Software Development and IT Services and IT Consulting,https://de.linkedin.com/company/delivery-hero-se,,,,,,,,,,,
linkedin,Senior Software Engineer (m/w/d) – Backend & Data Infrastructure,Autonomous Teaming,"Munich, Bavaria, Germany",2026-10-02,https://www.linkedin.com/jobs/view/4474770482 , ,li-4474770482,fulltime,,,,,,False,mid-senior level,,,,Software Development,https://de.linkedin.com/company/autonomous-teaming,,,,,,,,,,,
linkedin,Data Integration Specialist,Noir,Greater Koblenz Area,2026-10-02,https://www.linkedin.com/jobs/view/4474720636 , ,li-4474720636,,,,,,,False,,,,,,https://uk.linkedin.com/company/noir-consulting,,,,,,,,,,,
linkedin,O&M Data Engineer – Munich (Fixed Term 1 years),Sungrow Europe,"Munich, Bavaria, Germany",2026-10-02,https://www.linkedin.com/jobs/view/4474762618 , ,li-4474762618,contract,direct_data,yearly,60000.0,75000.0,EUR,False,associate,,,,Oil and Gas,https://de.linkedin.com/company/sungroweurope,,,,,,,,,,,
linkedin,Sr. Forward Deployed Engineer - FDE (Fullstack),Databricks,"Munich, Bavaria, Germany",2026-10-02,https://www.linkedin.com/jobs/view/4444122397 , ,li-4444122397,fulltime,,,,,,False,mid-senior level,,,,Software Development,https://www.linkedin.com/company/databricks,,,,,,,,,,,
linkedin,Data Engineer (m/f/d),REPA,"Bergkirchen, Bavaria, Germany",2026-10-02,https://www.linkedin.com/jobs/view/4473157435 , ,li-4473157435,fulltime,,,,,,False,mid-senior level,,,bewerbung.de@repagroup.com,Wholesale,https://de.linkedin.com/company/repagroup,,,,,,,,,,,
linkedin,Senior Consultant Data Engineering & AI - Databricks Masterclass (m/w/d) in Stuttgart,Deloitte,"Stuttgart, Baden-Württemberg, Germany",2026-10-02,https://www.linkedin.com/jobs/view/4457070183 , ,li-4457070183,fulltime,,,,,,False,associate,,,career@deloitte.de,Business Consulting and Services,https://www.linkedin.com/company/deloitte,,,,,,,,,,,
linkedin,Senior Consultant Data Engineering & AI - Databricks Masterclass (m/w/d) in München,Deloitte,"Munich, Bavaria, Germany",2026-10-02,https://www.linkedin.com/jobs/view/4457073134 , ,li-4457073134,fulltime,,,,,,False,associate,,,career@deloitte.de,Business Consulting and Services,https://www.linkedin.com/company/deloitte,,,,,,,,,,,
linkedin,Senior Consultant Data Engineering & AI - Databricks Masterclass (m/w/d) in Düsseldorf,Deloitte,"Düsseldorf, North Rhine-Westphalia, Germany",2026-10-02,https://www.linkedin.com/jobs/view/4457065214 , ,li-4457065214,fulltime,,,,,,False,associate,,,career@deloitte.de,Business Consulting and Services,https://www.linkedin.com/company/deloitte,,,,,,,,,,,
linkedin,Consultant Data Architecture – Energiewirtschaft (m/f/d) - IE2S GmbH,MHP – A Porsche Company,"Dresden, Saxony, Germany",2026-10-02,https://www.linkedin.com/jobs/view/4469200947 , ,li-4469200947,fulltime,,,,,,False,mid-senior level,,,,Business Consulting and Services,https://de.linkedin.com/company/mhp-a-porsche-company,,,,,,,,,,,
linkedin,Consultant Data Architecture – Energiewirtschaft (m/f/d) - IE2S GmbH,MHP – A Porsche Company,"Munich, Bavaria, Germany",2026-10-02,https://www.linkedin.com/jobs/view/4469216152 , ,li-4469216152,fulltime,,,,,,False,mid-senior level,,,,Business Consulting and Services,https://de.linkedin.com/company/mhp-a-porsche-company,,,,,,,,,,,
linkedin,Consultant Data Architecture – Energiewirtschaft (m/f/d) - IE2S GmbH,MHP – A Porsche Company,"Frankfurt am Main, Hesse, Germany",2026-10-02,https://www.linkedin.com/jobs/view/4469219072 , ,li-4469219072,fulltime,,,,,,False,mid-senior level,,,,Business Consulting and Services,https://de.linkedin.com/company/mhp-a-porsche-company,,,,,,,,,,,
linkedin,Consultant Data Architecture – Energiewirtschaft (m/f/d) - IE2S GmbH,MHP – A Porsche Company,"Düsseldorf, North Rhine-Westphalia, Germany",2026-10-02,https://www.linkedin.com/jobs/view/4469211747 , ,li-4469211747,fulltime,,,,,,False,mid-senior level,,,,Business Consulting and Services,https://de.linkedin.com/company/mhp-a-porsche-company,,,,,,,,,,,
linkedin,Consultant Data Architecture – Energiewirtschaft (m/f/d) - IE2S GmbH,MHP – A Porsche Company,"Wolfsburg, Lower Saxony, Germany",2026-10-02,https://www.linkedin.com/jobs/view/4469209690 , ,li-4469209690,fulltime,,,,,,False,mid-senior level,,,,Business Consulting and Services,https://de.linkedin.com/company/mhp-a-porsche-company,,,,,,,,,,,
linkedin,Consultant Data Architecture – Energiewirtschaft (m/f/d) - IE2S GmbH,MHP – A Porsche Company,"Ludwigsburg, Baden-Württemberg, Germany",2026-10-02,https://www.linkedin.com/jobs/view/4469212652 , ,li-4469212652,fulltime,,,,,,False,mid-senior level,,,,Business Consulting and Services,https://de.linkedin.com/company/mhp-a-porsche-company,,,,,,,,,,,
linkedin,Senior AI Engineer (w/m/x),NTT DATA Europe & Latam,"Erfurt, Thuringia, Germany",2026-10-02,https://www.linkedin.com/jobs/view/4473190458 , ,li-4473190458,fulltime,,,,,,False,mid-senior level,,,,IT Services and IT Consulting,https://es.linkedin.com/company/ntt-data-europe-latam,,,,,,,,,,,
linkedin,Senior AI Engineer (w/m/x),NTT DATA Europe & Latam,"Hamburg, Hamburg, Germany",2026-10-02,https://www.linkedin.com/jobs/view/4473191438 , ,li-4473191438,fulltime,,,,,,False,mid-senior level,,,,IT Services and IT Consulting,https://es.linkedin.com/company/ntt-data-europe-latam,,,,,,,,,,,
linkedin,Senior AI Engineer (w/m/x),NTT DATA Europe & Latam,"Frankfurt am Main, Hesse, Germany",2026-10-02,https://www.linkedin.com/jobs/view/4473193458 , ,li-4473193458,fulltime,,,,,,False,mid-senior level,,,,IT Services and IT Consulting,https://es.linkedin.com/company/ntt-data-europe-latam,,,,,,,,,,,
linkedin,Senior AI Engineer (w/m/x),NTT DATA Europe & Latam,"Munich, Bavaria, Germany",2026-10-02,https://www.linkedin.com/jobs/view/4473191439 , ,li-4473191439,,,,,,,False,,,,,,https://es.linkedin.com/company/ntt-data-europe-latam,,,,,,,,,,,
linkedin,Senior AI Engineer (w/m/x),NTT DATA Europe & Latam,"Stuttgart, Baden-Württemberg, Germany",2026-10-02,https://www.linkedin.com/jobs/view/4473198256 , ,li-4473198256,fulltime,,,,,,False,mid-senior level,,,,IT Services and IT Consulting,https://es.linkedin.com/company/ntt-data-europe-latam,,,,,,,,,,,
linkedin,Senior AI Engineer (w/m/x),NTT DATA Europe & Latam,"Rosenheim, Bavaria, Germany",2026-10-02,https://www.linkedin.com/jobs/view/4473187682 , ,li-4473187682,fulltime,,,,,,False,mid-senior level,,,,IT Services and IT Consulting,https://es.linkedin.com/company/ntt-data-europe-latam,,,,,,,,,,,
linkedin,Senior AI Engineer (w/m/x),NTT DATA Europe & Latam,"Cologne, North Rhine-Westphalia, Germany",2026-10-02,https://www.linkedin.com/jobs/view/4473183767 , ,li-4473183767,fulltime,,,,,,False,mid-senior level,,,,IT Services and IT Consulting,https://es.linkedin.com/company/ntt-data-europe-latam,,,,,,,,,,,
linkedin,Senior Consultant Data Engineering & AI - Databricks Masterclass (m/w/d) in Leipzig,Deloitte,"Leipzig, Saxony, Germany",2026-10-02,https://www.linkedin.com/jobs/view/4457069171 , ,li-4457069171,fulltime,,,,,,False,associate,,,career@deloitte.de,Business Consulting and Services,https://www.linkedin.com/company/deloitte,,,,,,,,,,,
linkedin,(Senior) AI Solutions Engineer (m/w/d),CHEPLAPHARM,"Greifswald, Mecklenburg-West Pomerania, Germany",2026-10-02,https://www.linkedin.com/jobs/view/4473143717 , ,li-4473143717,fulltime,,,,,,False,mid-senior level,,,,Pharmaceutical Manufacturing,https://de.linkedin.com/company/cheplapharm-arzneimittel-gmbh,,,,,,,,,,,
linkedin,Database Platform Engineer (m/f/d),adidas,"Herzogenaurach, Bavaria, Germany",2026-10-02,https://www.linkedin.com/jobs/view/4444150036 , ,li-4444150036,fulltime,,,,,,False,not applicable,,,,"Manufacturing, Retail, and Sporting Goods Manufacturing",https://de.linkedin.com/company/adidas,,,,,,,,,,,
linkedin,Senior Data Analyst (m/f/d),Redcare Pharmacy,"Cologne, North Rhine-Westphalia, Germany",2026-10-02,https://www.linkedin.com/jobs/view/4473146155 , ,li-4473146155,fulltime,,,,,,False,mid-senior level,,,,Software Development and IT Services and IT Consulting,https://nl.linkedin.com/company/redcare-pharmacy-com,,,,,,,,,,,
linkedin,Senior Manager Data & Cloud Engineering (all genders),Eraneos,Greater Munich Metropolitan Area,2026-10-02,https://www.linkedin.com/jobs/view/4444162720 , ,li-4444162720,fulltime,,,,,,False,mid-senior level,,,paulina.krzeminski@eraneos.com,Business Consulting and Services,https://ch.linkedin.com/company/eraneos,,,,,,,,,,,
linkedin,Quality & Data Analytics Engineer (m/f/d),BIRKENSTOCK,"Cologne, North Rhine-Westphalia, Germany",2026-10-02,https://www.linkedin.com/jobs/view/4474779125 , ,li-4474779125,fulltime,,,,,,False,mid-senior level,,,,Retail Apparel and Fashion,https://de.linkedin.com/company/birkenstock-deutschland,,,,,,,,,,,
linkedin,IT Software Engineer (m/w/d),REWE digital,"Cologne, North Rhine-Westphalia, Germany",2026-10-02,https://www.linkedin.com/jobs/view/4474724918 , ,li-4474724918,fulltime,,,,,,False,associate,,,,Software Development,https://de.linkedin.com/company/rewedigital,,,,,,,,,,,
linkedin,Data Platform Engineer (m/w/d),GEMA,"Berlin, Germany",2026-10-02,https://www.linkedin.com/jobs/view/4474728870 , ,li-4474728870,fulltime,,,,,,False,associate,,,karriere@gema.de,Musicians and Legal Services,https://de.linkedin.com/company/gema,,,,,,,,,,,
linkedin,Consultant Data Architecture – Energiewirtschaft (m/f/d) - IE2S GmbH,MHP – A Porsche Company,"Berlin, Berlin, Germany",2026-10-02,https://www.linkedin.com/jobs/view/4469202815 , ,li-4469202815,fulltime,,,,,,False,mid-senior level,,,,Business Consulting and Services,https://de.linkedin.com/company/mhp-a-porsche-company,,,,,,,,,,,
linkedin,Consultant Data Architecture – Energiewirtschaft (m/f/d) - IE2S GmbH,MHP – A Porsche Company,"Nuremberg, Bavaria, Germany",2026-10-02,https://www.linkedin.com/jobs/view/4469222012 , ,li-4469222012,fulltime,,,,,,False,mid-senior level,,,,Business Consulting and Services,https://de.linkedin.com/company/mhp-a-porsche-company,,,,,,,,,,,
linkedin,AI Engineer – GenAI & Agentic AI (all genders),Wavestone,Germany,2026-10-02,https://www.linkedin.com/jobs/view/4473160108 , ,li-4473160108,fulltime,,,,,,False,associate,,,,IT Services and IT Consulting,https://fr.linkedin.com/company/wavestone,,,,,,,,,,,
linkedin,Backend - und Datenbank- Entwickler (m/w/d) klinische Informationssysteme,Nexus AG,"Berlin, Berlin, Germany",2026-10-02,https://www.linkedin.com/jobs/view/4473118598 , ,li-4473118598,fulltime,,,,,,False,entry level,,,,Professional Services,https://de.linkedin.com/company/nexus-ag,,,,,,,,,,,
linkedin,Ingenieur Netzdatenmanagement Schwerpunkt Building Information Modeling (BIM) (m/w/d),Thyssengas,"Dortmund, North Rhine-Westphalia, Germany",2026-10-02,https://www.linkedin.com/jobs/view/4473114297 , ,li-4473114297,fulltime,,,,,,False,mid-senior level,,,,Oil and Gas,https://de.linkedin.com/company/thyssengas,,,,,,,,,,,
linkedin,AI Platform Lead,TechTree,"Berlin, Berlin, Germany",2026-10-02,https://www.linkedin.com/jobs/view/4473145870 , ,li-4473145870,fulltime,,,,,,False,mid-senior level,,,,Software Development,https://uk.linkedin.com/company/techtreehq,,,,,,,,,,,
linkedin,Jedox Application Developer (m/f/d) in Renewable Energies,Encavis,Greater Munich Metropolitan Area,2026-10-02,https://www.linkedin.com/jobs/view/4473144352 , ,li-4473144352,fulltime,,,,,,False,entry level,,,,Renewable Energy Power Generation,https://de.linkedin.com/company/encavis,,,,,,,,,,,
linkedin,Senior Data Scientist/ML Engineer - Financial Crime,SumUp,"Berlin, Berlin, Germany",2026-10-02,https://www.linkedin.com/jobs/view/4453861201 , ,li-4453861201,fulltime,,,,,,False,mid-senior level,,,,Financial Services,https://uk.linkedin.com/company/sumup,,,,,,,,,,,
linkedin,Teamleitung Data Platform (m/w/d),Techniker Krankenkasse,"Hamburg, Hamburg, Germany",2026-10-02,https://www.linkedin.com/jobs/view/4474728340 , ,li-4474728340,fulltime,,,,,,False,mid-senior level,,,,Insurance,https://de.linkedin.com/company/techniker-krankenkasse,,,,,,,,,,,
linkedin,Senior AI Engineer (w/m/x),NTT DATA Europe & Latam,"Berlin, Germany",2026-10-02,https://www.linkedin.com/jobs/view/4473404008 , ,li-4473404008,fulltime,,,,,,False,mid-senior level,,,,IT Services and IT Consulting,https://es.linkedin.com/company/ntt-data-europe-latam,,,,,,,,,,,
linkedin,SAP Data & Analytics (Senior) Consultant (w/m/x),NTT DATA Europe & Latam,"Stuttgart, Baden-Württemberg, Germany",2026-10-02,https://www.linkedin.com/jobs/view/4445042323 , ,li-4445042323,fulltime,,,,,,False,mid-senior level,,,,IT Services and IT Consulting,https://es.linkedin.com/company/ntt-data-europe-latam,,,,,,,,,,,
linkedin,Senior Data Streaming Engineer - Data Platform (m/w/d),CTS EVENTIM AG & Co. KGaA,"Bremen, Bremen, Germany",2026-10-02,https://www.linkedin.com/jobs/view/4446594122 , ,li-4446594122,fulltime,,,,,,False,mid-senior level,,,,Events Services,https://de.linkedin.com/company/cts-eventim-ag,,,,,,,,,,,
linkedin,Data Engineer (m/w/d),Michael Page,"Hamburg, Hamburg, Germany",2026-10-01,https://www.linkedin.com/jobs/view/4474523537 , ,li-4474523537,fulltime,,,,,,False,mid-senior level,,,,"Telecommunications, Biotechnology Research, and IT Services and IT Consulting",https://uk.linkedin.com/company/michael-page,,,,,,,,,,,
linkedin,(Senior) Data Analyst (m/w/d),Michael Page,"Hamburg, Hamburg, Germany",2026-10-01,https://www.linkedin.com/jobs/view/4474512940 , ,li-4474512940,fulltime,,,,,,False,mid-senior level,,,,"Telecommunications, Biotechnology Research, and IT Services and IT Consulting",https://uk.linkedin.com/company/michael-page,,,,,,,,,,,
