site,title,company,location,date_posted,job_url,job_url_direct,id,job_type,salary_source,interval,min_amount,max_amount,currency,is_remote,job_level,job_function,listing_type,emails,company_industry,company_url,company_url_direct,company_addresses,company_num_employees,company_revenue,company_description,skills,experience_range,company_rating,company_reviews_count,vacancy_count,work_from_home_type
linkedin,Senior Data Engineer (d/f/m),4flow,"Munich, Bavaria, Germany",2026-10-02,https://www.linkedin.com/jobs/view/4429547467 , ,li-4429547467,fulltime,,,,,,False,mid-senior level,,,,"Transportation, Logistics, Supply Chain and Storage",https://de.linkedin.com/company/4flow,,,,,,,,,,,
linkedin,Senior Consultant Change Management Schwerpunkt Datenanalyse (m/w/d),mgm technology partners Vietnam,"Berlin, Berlin, Germany",2026-10-02,https://www.linkedin.com/jobs/view/4474747016 , ,li-4474747016,fulltime,,,,,,False,mid-senior level,,,,IT Services and IT Consulting,https://vn.linkedin.com/company/mgm-technology-partners-vietnam,,,,,,,,,,,
linkedin,"(Junior) Manager (w/m/d) Sponsorship Intelligence, Hamburger SV",SPORTFIVE,"Hamburg, Hamburg, Germany",2026-10-02,https://www.linkedin.com/jobs/view/4473360010 , ,li-4473360010,fulltime,,,,,,False,entry level,,,,Spectator Sports,https://www.linkedin.com/company/sportfive,,,,,,,,,,,
linkedin,Senior Consultant Change Management Schwerpunkt Datenanalyse (m/w/d),mgm technology partners,"Berlin, Berlin, Germany",2026-10-02,https://www.linkedin.com/jobs/view/4472839797 , ,li-4472839797,fulltime,direct_data,yearly,63000.0,76500.0,EUR,False,mid-senior level,,,,IT Services and IT Consulting,https://de.linkedin.com/company/mgm-technology-partners-gmbh,,,,,,,,,,,
linkedin,Senior Consultant Change Management Schwerpunkt Datenanalyse (m/w/d),mgm technology partners,"Hamburg, Hamburg, Germany",2026-10-02,https://www.linkedin.com/jobs/view/4472852269 , ,li-4472852269,fulltime,direct_data,yearly,63000.0,76500.0,EUR,False,mid-senior level,,,,IT Services and IT Consulting,https://de.linkedin.com/company/mgm-technology-partners-gmbh,,,,,,,,,,,
linkedin,Group Head Media Investment Intelligence (all genders),Publicis Media Germany,"Düsseldorf, North Rhine-Westphalia, Germany",2026-10-02,https://www.linkedin.com/jobs/view/4437395158 , ,li-4437395158,fulltime,,,,,,False,not applicable,,,,Marketing Services,https://de.linkedin.com/company/publicis-media-germany,,,,,,,,,,,
linkedin,Business Analyst (m/w/d),ALDI Nord Group,"Essen, North Rhine-Westphalia, Germany",2026-10-02,https://www.linkedin.com/jobs/view/4473349292 , ,li-4473349292,fulltime,,,,,,False,mid-senior level,,,,Retail,https://www.linkedin.com/company/aldinord,,,,,,,,,,,
linkedin,Senior Supply Chain Consultant – Digitalisierung & Analytics (m/w/d),aioneers,"Mannheim, Baden-Württemberg, Germany",2026-10-02,https://www.linkedin.com/jobs/view/4473171046 , ,li-4473171046,fulltime,,,,,,False,associate,,,,Software Development,https://de.linkedin.com/company/aioneers,,,,,,,,,,,
linkedin,Manager Strategy Executive Reporting,EMCO Group,"Lingen (Ems), Lower Saxony, Germany",2026-10-02,https://www.linkedin.com/jobs/view/4474788005 , ,li-4474788005,fulltime,,,,,,False,mid-senior level,,,,Fabricated Metal Products,https://de.linkedin.com/company/erwin-m%C3%BCller-gmbh,,,,,,,,,,,
linkedin,Head of - Product & Engineering Analytics (d/f/m),Personio,"Munich, Bavaria, Germany",2026-10-02,https://www.linkedin.com/jobs/view/4453468163 , ,li-4453468163,fulltime,,,,,,False,mid-senior level,,,,Software Development,https://de.linkedin.com/company/personio,,,,,,,,,,,
linkedin,(Senior) Manager Customer Data & Tech (w/m/d),Capgemini Invent,"Cologne, North Rhine-Westphalia, Germany",2026-10-02,https://www.linkedin.com/jobs/view/4422299711 , ,li-4422299711,fulltime,,,,,,False,mid-senior level,,,sophie.virneburg@capgemini.com,Business Consulting and Services,https://fr.linkedin.com/company/capgemini-invent,,,,,,,,,,,
linkedin,Senior Supply Chain Consultant – Digitalisierung & Analytics (m/w/d),aioneers,"Munich, Bavaria, Germany",2026-10-02,https://www.linkedin.com/jobs/view/4473150951 , ,li-4473150951,fulltime,,,,,,False,associate,,,,Software Development,https://de.linkedin.com/company/aioneers,,,,,,,,,,,
linkedin,(Senior) Pricing Analyst (m/w/d),SIXT,"Munich, Bavaria, Germany",2026-10-02,https://www.linkedin.com/jobs/view/4446823494 , ,li-4446823494,fulltime,,,,,,False,mid-senior level,,,,Travel Arrangements,https://de.linkedin.com/company/sixt,,,,,,,,,,,
linkedin,(Senior) Inhouse Consultant – Data and Process Specialist (m/w/d),ARAG,"Düsseldorf, North Rhine-Westphalia, Germany",2026-10-02,https://www.linkedin.com/jobs/view/4386386029 , ,li-4386386029,fulltime,,,,,,False,mid-senior level,,,,Insurance,https://de.linkedin.com/company/arag,,,,,,,,,,,
linkedin,Digital Analyst (m/f/d),PAYBACK,"Munich, Bavaria, Germany",2026-10-02,https://www.linkedin.com/jobs/view/4474717428 , ,li-4474717428,temporary,,,,,,False,associate,,,,"Software Development, Marketing Services, and IT Services and IT Consulting",https://de.linkedin.com/company/payback-gmbh,,,,,,,,,,,
linkedin,Senior Controller / Finance Analytics (m/w/d),PRODINGER,"Coburg, Bavaria, Germany",2026-10-02,https://www.linkedin.com/jobs/view/4473125822 , ,li-4473125822,fulltime,,,,,,False,mid-senior level,,,,Wholesale,https://de.linkedin.com/company/prodingergruppe,,,,,,,,,,,
linkedin,Market Insights Manager m/w/d,Rotkäppchen-Mumm,"Eltville, Hesse, Germany",2026-10-02,https://www.linkedin.com/jobs/view/4474776928 , ,li-4474776928,fulltime,,,,,,False,mid-senior level,,,,Beverage Manufacturing,https://de.linkedin.com/company/rotkaeppchen-mumm,,,,,,,,,,,
linkedin,Teamleitung für die Hochschulstatistik (w/m/d) im Referat »Bildung und Kultur «,Statistisches Landesamt von Baden-Württemberg,"Fellbach, Baden-Württemberg, Germany",2026-10-02,https://www.linkedin.com/jobs/view/4473172973 , ,li-4473172973,fulltime,,,,,,False,mid-senior level,,,,Government Administration,https://de.linkedin.com/company/statistisches-landesamt-von-baden-w%C3%BCrttemberg,,,,,,,,,,,
linkedin,Fachteamleiter (m/w/d) Data Analytics und Machine Learning,Diehl Defence,"Kressbronn am Bodensee, Baden-Württemberg, Germany",2026-10-02,https://www.linkedin.com/jobs/view/4473187308 , ,li-4473187308,fulltime,,,,,,False,mid-senior level,,,,Defense and Space Manufacturing,https://de.linkedin.com/company/diehl-defence,,,,,,,,,,,
linkedin,Duales Studium (B.Sc.) Data Science und Künstliche Intelligenz (m/w/d) Start 2027,Seeberger,"Ulm, Baden-Württemberg, Germany",2026-10-02,https://www.linkedin.com/jobs/view/4462482466 , ,li-4462482466,fulltime,,,,,,False,internship,,,,Retail Groceries,https://de.linkedin.com/company/seeberger,,,,,,,,,,,
linkedin,SAP Data & Analytics (Senior) Consultant (w/m/x),NTT DATA Europe & Latam,"Wolfsburg, Lower Saxony, Germany",2026-10-02,https://www.linkedin.com/jobs/view/4445021381 , ,li-4445021381,fulltime,,,,,,False,mid-senior level,,,,IT Services and IT Consulting,https://es.linkedin.com/company/ntt-data-europe-latam,,,,,,,,,,,
linkedin,"(Senior) Product Analyst, Real Estate & Motors (d/f/m) - 1-year fixed-term contract",Kleinanzeigen,"Berlin, Berlin, Germany",2026-10-02,https://www.linkedin.com/jobs/view/4474764958 , ,li-4474764958,temporary,,,,,,False,entry level,,,,"Technology, Information and Internet",https://de.linkedin.com/company/kleinanzeigen,,,,,,,,,,,
linkedin,Manager Assortment Allocation,Ernsting's family,"Münster, North Rhine-Westphalia, Germany",2026-10-02,https://www.linkedin.com/jobs/view/4473194016 , ,li-4473194016,fulltime,,,,,,False,mid-senior level,,,,Textile Manufacturing,https://de.linkedin.com/company/ernstingsfamily,,,,,,,,,,,
linkedin,Consultant Data Architecture – Energiewirtschaft (m/f/d) - IE2S GmbH,MHP – A Porsche Company,"Munich, Bavaria, Germany",2026-10-02,https://www.linkedin.com/jobs/view/4469216152 , ,li-4469216152,fulltime,,,,,,False,mid-senior level,,,,Business Consulting and Services,https://de.linkedin.com/company/mhp-a-porsche-company,,,,,,,,,,,
linkedin,Consultant Data Architecture – Energiewirtschaft (m/f/d) - IE2S GmbH,MHP – A Porsche Company,"Frankfurt am Main, Hesse, Germany",2026-10-02,https://www.linkedin.com/jobs/view/4469219072 , ,li-4469219072,fulltime,,,,,,False,mid-senior level,,,,Business Consulting and Services,https://de.linkedin.com/company/mhp-a-porsche-company,,,,,,,,,,,
linkedin,Consultant Data Architecture – Energiewirtschaft (m/f/d) - IE2S GmbH,MHP – A Porsche Company,"Düsseldorf, North Rhine-Westphalia, Germany",2026-10-02,https://www.linkedin.com/jobs/view/4469211747 , ,li-4469211747,fulltime,,,,,,False,mid-senior level,,,,Business Consulting and Services,https://de.linkedin.com/company/mhp-a-porsche-company,,,,,,,,,,,
linkedin,Consultant Data Architecture – Energiewirtschaft (m/f/d) - IE2S GmbH,MHP – A Porsche Company,"Wolfsburg, Lower Saxony, Germany",2026-10-02,https://www.linkedin.com/jobs/view/4469209690 , ,li-4469209690,fulltime,,,,,,False,mid-senior level,,,,Business Consulting and Services,https://de.linkedin.com/company/mhp-a-porsche-company,,,,,,,,,,,
linkedin,Consultant Data Architecture – Energiewirtschaft (m/f/d) - IE2S GmbH,MHP – A Porsche Company,"Ludwigsburg, Baden-Württemberg, Germany",2026-10-02,https://www.linkedin.com/jobs/view/4469212652 , ,li-4469212652,fulltime,,,,,,False,mid-senior level,,,,Business Consulting and Services,https://de.linkedin.com/company/mhp-a-porsche-company,,,,,,,,,,,
linkedin,Senior Data Scientist/ML Engineer - Financial Crime,SumUp,"Berlin, Berlin, Germany",2026-10-02,https://www.linkedin.com/jobs/view/4453861201 , ,li-4453861201,fulltime,,,,,,False,mid-senior level,,,,Financial Services,https://uk.linkedin.com/company/sumup,,,,,,,,,,,
linkedin,Business Intelligence Specialist (m/w/d),Complex GmbH & Co. KG,"Aschaffenburg, Bavaria, Germany",2026-10-02,https://www.linkedin.com/jobs/view/4474769850 , ,li-4474769850,fulltime,,,,,,False,entry level,,,,Information Technology & Services,https://de.linkedin.com/company/complex-gmbh-co-kg,,,,,,,,,,,
linkedin,Manager AI & Data Analytics / Data Science (m/w/d),Deloitte,"Düsseldorf, North Rhine-Westphalia, Germany",2026-10-02,https://www.linkedin.com/jobs/view/4318178855 , ,li-4318178855,fulltime,,,,,,False,mid-senior level,,,career@deloitte.de,Business Consulting and Services,https://www.linkedin.com/company/deloitte,,,,,,,,,,,
linkedin,Manager AI & Data Analytics / Data Science (m/w/d) in Frankfurt (Main),Deloitte,"Frankfurt, Hesse, Germany",2026-10-02,https://www.linkedin.com/jobs/view/4318189295 , ,li-4318189295,fulltime,,,,,,False,mid-senior level,,,career@deloitte.de,Business Consulting and Services,https://www.linkedin.com/company/deloitte,,,,,,,,,,,
linkedin,Senior Consultant Digital Supply Chain (m/w/d),aioneers,"Munich, Bavaria, Germany",2026-10-02,https://www.linkedin.com/jobs/view/4473154694 , ,li-4473154694,fulltime,,,,,,False,associate,,,,Software Development,https://de.linkedin.com/company/aioneers,,,,,,,,,,,
linkedin,SAP Data & Analytics (Senior) Consultant (w/m/x),NTT DATA Europe & Latam,"Cologne, North Rhine-Westphalia, Germany",2026-10-02,https://www.linkedin.com/jobs/view/4445042326 , ,li-4445042326,fulltime,,,,,,False,mid-senior level,,,,IT Services and IT Consulting,https://es.linkedin.com/company/ntt-data-europe-latam,,,,,,,,,,,
linkedin,SAP Data & Analytics (Senior) Consultant (w/m/x),NTT DATA Europe & Latam,"Frankfurt am Main, Hesse, Germany",2026-10-02,https://www.linkedin.com/jobs/view/4445037348 , ,li-4445037348,fulltime,,,,,,False,mid-senior level,,,,IT Services and IT Consulting,https://es.linkedin.com/company/ntt-data-europe-latam,,,,,,,,,,,
linkedin,Senior Consultant Change Management Schwerpunkt Datenanalyse (m/w/d),mgm technology partners,"Munich, Bavaria, Germany",2026-10-02,https://www.linkedin.com/jobs/view/4472843651 , ,li-4472843651,fulltime,direct_data,yearly,63000.0,76500.0,EUR,False,mid-senior level,,,,IT Services and IT Consulting,https://de.linkedin.com/company/mgm-technology-partners-gmbh,,,,,,,,,,,
linkedin,Senior Consultant Change Management Schwerpunkt Datenanalyse (m/w/d),mgm technology partners,"Cologne, North Rhine-Westphalia, Germany",2026-10-02,https://www.linkedin.com/jobs/view/4472837783 , ,li-4472837783,fulltime,direct_data,yearly,63000.0,76500.0,EUR,False,mid-senior level,,,,IT Services and IT Consulting,https://de.linkedin.com/company/mgm-technology-partners-gmbh,,,,,,,,,,,
linkedin,Consultant - Process Mining (m/w/d) in München,Deloitte,"Munich, Bavaria, Germany",2026-10-02,https://www.linkedin.com/jobs/view/4319043022 , ,li-4319043022,fulltime,,,,,,False,entry level,,,career@deloitte.de,Business Consulting and Services,https://www.linkedin.com/company/deloitte,,,,,,,,,,,
linkedin,(Senior) Manager SAP Analytics (m/w/d) in Hamburg,Deloitte,"Hamburg, Hamburg, Germany",2026-10-02,https://www.linkedin.com/jobs/view/4378681515 , ,li-4378681515,fulltime,,,,,,False,mid-senior level,,,career@deloitte.de,Business Consulting and Services,https://www.linkedin.com/company/deloitte,,,,,,,,,,,
linkedin,Market Intelligence Manager - Corrugated Board,BOBST,"Meerbusch, North Rhine-Westphalia, Germany",2026-10-02,https://www.linkedin.com/jobs/view/4474749279 , ,li-4474749279,fulltime,,,,,,False,not applicable,,,,Retail Office Equipment and Machinery Manufacturing,https://ch.linkedin.com/company/bobst,,,,,,,,,,,
linkedin,Customer Planning Manager (m/f/d),the LEGO Group,"Munich, Bavaria, Germany",2026-10-02,https://www.linkedin.com/jobs/view/4473155368 , ,li-4473155368,fulltime,,,,,,False,entry level,,,,Manufacturing,https://dk.linkedin.com/company/lego-group,,,,,,,,,,,
linkedin,Senior Controller (m/w/d),PRODINGER,"Coburg, Bavaria, Germany",2026-10-02,https://www.linkedin.com/jobs/view/4466285698 , ,li-4466285698,fulltime,,,,,,False,mid-senior level,,,,Wholesale,https://de.linkedin.com/company/prodingergruppe,,,,,,,,,,,
linkedin,Senior Datenmigrationsspezialist (m/w/d) - Jobbird.com,Jobster,"Coblenz, Rhineland-Palatinate, Germany",2026-10-02,https://www.linkedin.com/jobs/view/4473312467 , ,li-4473312467,fulltime,,,,,,False,mid-senior level,,,,Software Development,https://nl.linkedin.com/company/jobster-com,,,,,,,,,,,
linkedin,"Associate Director, Europe Business Analytics & Insights",Corcept Therapeutics,"Munich, Bavaria, Germany",2026-10-02,https://www.linkedin.com/jobs/view/4428783219 , ,li-4428783219,fulltime,,,,,,False,mid-senior level,,,,Biotechnology Research,https://www.linkedin.com/company/corcept-therapeutics,,,,,,,,,,,
linkedin,Senior Consultant SAP Data & Analytics (m/w/d),Scheer Group,"Düsseldorf, North Rhine-Westphalia, Germany",2026-10-02,https://www.linkedin.com/jobs/view/4319396967 , ,li-4319396967,fulltime,,,,,,False,mid-senior level,,,,IT Services and IT Consulting,https://de.linkedin.com/company/scheer-gruppe,,,,,,,,,,,
linkedin,Projektmanager Datenanalyse bei Airbus (m/w/d),ARTS Aero,"Hamburg, Germany",2026-10-02,https://www.linkedin.com/jobs/view/4473326882 , ,li-4473326882,fulltime,direct_data,yearly,79000.0,102000.0,USD,False,associate,,,,Aviation and Aerospace Component Manufacturing and Airlines and Aviation,https://de.linkedin.com/company/arts-aero,,,,,,,,,,,
linkedin,"Decision Scientist, Trust & Safety",Vinted,"Berlin, Berlin, Germany",2026-10-02,https://www.linkedin.com/jobs/view/4469131554 , ,li-4469131554,fulltime,,,,,,False,mid-senior level,,,,Software Development,https://lt.linkedin.com/company/vinted,,,,,,,,,,,
linkedin,Business Development Analyst (all gender),TUI Cruises,"Hamburg, Hamburg, Germany",2026-10-02,https://www.linkedin.com/jobs/view/4465644518 , ,li-4465644518,fulltime,,,,,,False,mid-senior level,,,hr@tuicruises.com,Maritime,https://de.linkedin.com/company/tui-cruises-gmbh,,,,,,,,,,,
linkedin,Consultant Data Analytics Global Transformation Tax (w/m/d),PwC Deutschland,"Munich, Bavaria, Germany",2026-10-02,https://www.linkedin.com/jobs/view/4472859930 , ,li-4472859930,fulltime,,,,,,False,mid-senior level,,,,Accounting and Legal Services,https://de.linkedin.com/company/pwc-deutschland,,,,,,,,,,,
linkedin,Consultant Data Analytics Global Transformation Tax (w/m/d),PwC Deutschland,"Hamburg, Hamburg, Germany",2026-10-02,https://www.linkedin.com/jobs/view/4472873472 , ,li-4472873472,fulltime,,,,,,False,mid-senior level,,,,Accounting and Legal Services,https://de.linkedin.com/company/pwc-deutschland,,,,,,,,,,,
linkedin,Market & Business Intelligence Lead DACH (m/w/d),Grünenthal Group,"Stolberg, North Rhine-Westphalia, Germany",2026-10-02,https://www.linkedin.com/jobs/view/4443376652 , ,li-4443376652,fulltime,,,,,,False,mid-senior level,,,,"Pharmaceutical Manufacturing, Hospitals and Health Care, and Biotechnology Research",https://de.linkedin.com/company/gruenenthal,,,,,,,,,,,
linkedin,Marketing Business Analyst (all genders),HelloFresh,"Berlin, Berlin, Germany",2026-10-02,https://www.linkedin.com/jobs/view/4474786876 , ,li-4474786876,fulltime,,,,,,False,mid-senior level,,,,"Manufacturing, Consumer Services, and Food and Beverage Services",https://de.linkedin.com/company/hellofresh,,,,,,,,,,,
linkedin,Data Analyst (w/m/d) – Schwerpunkt Marketing Digitalisierung,Möhlenhoff GmbH,"Salzgitter, Lower Saxony, Germany",2026-10-02,https://www.linkedin.com/jobs/view/4474754746 , ,li-4474754746,fulltime,,,,,,False,entry level,,,,HVAC and Refrigeration Equipment Manufacturing,https://de.linkedin.com/company/m%C3%B6hlenhoff-gmbh,,,,,,,,,,,
linkedin,"Senior Decision Scientist, Revenue",Vinted,"Berlin, Berlin, Germany",2026-10-02,https://www.linkedin.com/jobs/view/4456496470 , ,li-4456496470,fulltime,,,,,,False,mid-senior level,,,,Software Development,https://lt.linkedin.com/company/vinted,,,,,,,,,,,
linkedin,Senior Product Performance Analyst (m/f/d),Trusted Shops,"Berlin, Berlin, Germany",2026-10-02,https://www.linkedin.com/jobs/view/4474700654 , ,li-4474700654,fulltime,,,,,,False,mid-senior level,,,,Software Development,https://de.linkedin.com/company/trustedshops,,,,,,,,,,,
linkedin,Game Analyst,Digital Waffle,"Hamburg, Germany",2026-10-02,https://www.linkedin.com/jobs/view/4472880864 , ,li-4472880864,fulltime,,,,,,False,mid-senior level,,,,"Computer Games, Software Development, and Data Infrastructure and Analytics",https://uk.linkedin.com/company/digitalwaffle,,,,,,,,,,,
linkedin,Data Analyst (w/m/d),pub.tech - Public Value Technologies,"Munich, Bavaria, Germany",2026-10-02,https://www.linkedin.com/jobs/view/4473123680 , ,li-4473123680,fulltime,,,,,,False,associate,,,karriere@pub.tech,Software Development,https://de.linkedin.com/company/pub-public-value-technologies,,,,,,,,,,,
linkedin,Expert Customer Data Analyst (m/w/d),HSE - Home Shopping Europe GmbH,"Ismaning, Bavaria, Germany",2026-10-02,https://www.linkedin.com/jobs/view/4473351574 , ,li-4473351574,fulltime,,,,,,False,mid-senior level,,,,Online and Mail Order Retail,https://de.linkedin.com/company/hse,,,,,,,,,,,
linkedin,Data Analyst,Haystack,Greater Munich Metropolitan Area,2026-10-02,https://www.linkedin.com/jobs/view/4472877206 , ,li-4472877206,fulltime,,,,,,False,mid-senior level,,,,"Technology, Information and Media",https://uk.linkedin.com/company/wearehaystack,,,,,,,,,,,
linkedin,Data Analyst (all gender),ALTEN,"Weeze, North Rhine-Westphalia, Germany",2026-10-02,https://www.linkedin.com/jobs/view/4445079736 , ,li-4445079736,fulltime,,,,,,False,associate,,,,Engineering Services and Data Infrastructure and Analytics,https://fr.linkedin.com/company/alten,,,,,,,,,,,
linkedin,Business Intelligence / Finance Data Analyst (m/w/d),PRODINGER,"Coburg, Bavaria, Germany",2026-10-02,https://www.linkedin.com/jobs/view/4473138160 , ,li-4473138160,fulltime,,,,,,False,mid-senior level,,,,Wholesale,https://de.linkedin.com/company/prodingergruppe,,,,,,,,,,,
linkedin,Manager Value Creation Management (m/f/d),adidas,"Herzogenaurach, Bavaria, Germany",2026-10-02,https://www.linkedin.com/jobs/view/4473167194 , ,li-4473167194,fulltime,,,,,,False,not applicable,,,,"Manufacturing, Retail, and Sporting Goods Manufacturing",https://de.linkedin.com/company/adidas,,,,,,,,,,,
linkedin,Business Intelligence Developer (m/w/d),Meyer Quick Service Logistics GmbH & Co. KG,"Friedrichsdorf, Hesse, Germany",2026-10-02,https://www.linkedin.com/jobs/view/4474593686 , ,li-4474593686,fulltime,,,,,,False,mid-senior level,,,,"Transportation, Logistics, Supply Chain and Storage",https://de.linkedin.com/company/meyer-quick-service-logistics-gmbh-co-kg,,,,,,,,,,,
linkedin,Controller (m/w/d),ARMON GmbH,"Simmern, Rhineland-Palatinate, Germany",2026-10-02,https://www.linkedin.com/jobs/view/4474723680 , ,li-4474723680,fulltime,,,,,,False,associate,,,,Plastics Manufacturing and Wholesale Chemical and Allied Products,https://de.linkedin.com/company/armon-gmbh,,,,,,,,,,,
linkedin,(Sr.)Digital Supply Chain Consultant,Nexperia,"Hamburg, Hamburg, Germany",2026-10-02,https://www.linkedin.com/jobs/view/4472183970 , ,li-4472183970,fulltime,,,,,,False,mid-senior level,,,,Semiconductor Manufacturing,https://nl.linkedin.com/company/nexperia,,,,,,,,,,,
linkedin,Consultant Data Analytics ERP Migrations (w/m/d),PwC Deutschland,"Essen, North Rhine-Westphalia, Germany",2026-10-02,https://www.linkedin.com/jobs/view/4472875459 , ,li-4472875459,fulltime,,,,,,False,mid-senior level,,,,Accounting and Legal Services,https://de.linkedin.com/company/pwc-deutschland,,,,,,,,,,,
linkedin,Consultant Data Analytics ERP Migrations (w/m/d),PwC Deutschland,"Hannover, Lower Saxony, Germany",2026-10-02,https://www.linkedin.com/jobs/view/4472872452 , ,li-4472872452,fulltime,,,,,,False,mid-senior level,,,,Accounting and Legal Services,https://de.linkedin.com/company/pwc-deutschland,,,,,,,,,,,
linkedin,Consultant Data Analytics Global Transformation Tax (w/m/d),PwC Deutschland,"Mannheim, Baden-Württemberg, Germany",2026-10-02,https://www.linkedin.com/jobs/view/4472879186 , ,li-4472879186,fulltime,,,,,,False,mid-senior level,,,,Accounting and Legal Services,https://de.linkedin.com/company/pwc-deutschland,,,,,,,,,,,
linkedin,Consultant Data Analytics ERP Migrations (w/m/d),PwC Deutschland,"Stuttgart, Baden-Württemberg, Germany",2026-10-02,https://www.linkedin.com/jobs/view/4472876344 , ,li-4472876344,fulltime,,,,,,False,mid-senior level,,,,Accounting and Legal Services,https://de.linkedin.com/company/pwc-deutschland,,,,,,,,,,,
linkedin,Consultant Data Analytics Global Transformation Tax (w/m/d),PwC Deutschland,"Berlin, Berlin, Germany",2026-10-02,https://www.linkedin.com/jobs/view/4472872450 , ,li-4472872450,fulltime,,,,,,False,mid-senior level,,,,Accounting and Legal Services,https://de.linkedin.com/company/pwc-deutschland,,,,,,,,,,,
linkedin,Consultant Data Analytics Global Transformation Tax (w/m/d),PwC Deutschland,"Düsseldorf, North Rhine-Westphalia, Germany",2026-10-02,https://www.linkedin.com/jobs/view/4472879240 , ,li-4472879240,fulltime,,,,,,False,mid-senior level,,,,Accounting and Legal Services,https://de.linkedin.com/company/pwc-deutschland,,,,,,,,,,,
linkedin,Data & Insights,Jobgether,Germany,2026-10-02,https://www.linkedin.com/jobs/view/4472868105 , ,li-4472868105,fulltime,,,,,,False,mid-senior level,,,,Internet Marketplace Platforms,https://be.linkedin.com/company/jobgether,,,,,,,,,,,
linkedin,Senior Marketing analyst,Jobgether,Germany,2026-10-02,https://www.linkedin.com/jobs/view/4472890379 , ,li-4472890379,fulltime,,,,,,False,associate,,,,Internet Marketplace Platforms,https://be.linkedin.com/company/jobgether,,,,,,,,,,,
linkedin,Business Planner (m/w/d) - Consumer Products Division,L'Oréal,"Düsseldorf, North Rhine-Westphalia, Germany",2026-10-02,https://www.linkedin.com/jobs/view/4473366095 , ,li-4473366095,fulltime,,,,,,False,not applicable,,,,Manufacturing and Personal Care Product Manufacturing,https://fr.linkedin.com/company/lor%C3%A9al,,,,,,,,,,,
linkedin,Vertriebscontroller (m/w/d) - befristet,SWP Stadtwerke Pforzheim,"Pforzheim, Baden-Württemberg, Germany",2026-10-02,https://www.linkedin.com/jobs/view/4473188124 , ,li-4473188124,fulltime,,,,,,False,mid-senior level,,,,Utilities,https://www.linkedin.com/company/swp-stadtwerke-pforzheim-gmbh-&-co-kg,,,,,,,,,,,
linkedin,Management Berater:in - AI & Data (m/w/d),AlixPartners,"Munich, Bavaria, Germany",2026-10-02,https://www.linkedin.com/jobs/view/4463433996 , ,li-4463433996,fulltime,,,,,,False,mid-senior level,,,,Business Consulting and Services,https://www.linkedin.com/company/alixpartners,,,,,,,,,,,
linkedin,Senior SAP Analytics Consultant (m/w/d),Computer Futures,"Frankfurt am Main, Hesse, Germany",2026-10-02,https://www.linkedin.com/jobs/view/4416035489 , ,li-4416035489,fulltime,direct_data,yearly,75000.0,95000.0,EUR,False,not applicable,,,,Business Intelligence Platforms,https://uk.linkedin.com/company/computerfutures,,,,,,,,,,,
linkedin,Analytics - Future Leaders Graduate Program,Picnic Technologies,"Düsseldorf, North Rhine-Westphalia, Germany",2026-10-02,https://www.linkedin.com/jobs/view/4289798336 , ,li-4289798336,fulltime,,,,,,False,internship,,,,Retail,https://nl.linkedin.com/company/picnictechnologies,,,,,,,,,,,
linkedin,Senior Data Engineer (d/f/m),4flow,"Stuttgart, Baden-Württemberg, Germany",2026-10-02,https://www.linkedin.com/jobs/view/4429562062 , ,li-4429562062,fulltime,,,,,,False,mid-senior level,,,,"Transportation, Logistics, Supply Chain and Storage",https://de.linkedin.com/company/4flow,,,,,,,,,,,
linkedin,Commercial & Analytics Projects - Mid-Level (m/w/d),Picnic Technologies,"Düsseldorf, North Rhine-Westphalia, Germany",2026-10-02,https://www.linkedin.com/jobs/view/4288467576 , ,li-4288467576,fulltime,,,,,,False,mid-senior level,,,,Retail,https://nl.linkedin.com/company/picnictechnologies,,,,,,,,,,,
linkedin,(Junior-)Referent:in Projektcontrolling,Deutsche Bahn,"Stuttgart, Baden-Württemberg, Germany",2026-10-02,https://www.linkedin.com/jobs/view/4464967307 , ,li-4464967307,fulltime,,,,,,False,entry level,,,,Truck Transportation,https://de.linkedin.com/company/deutschebahn,,,,,,,,,,,
linkedin,Celonis Process Intelligence Consultant (m/w/d),Proxius,Greater Munich Metropolitan Area,2026-10-02,https://www.linkedin.com/jobs/view/4474711982 , ,li-4474711982,fulltime,,,,,,False,entry level,,,,IT Services and IT Consulting and Business Consulting and Services,https://de.linkedin.com/company/proxius,,,,,,,,,,,
linkedin,Consultant Data Architecture – Energiewirtschaft (m/f/d) - IE2S GmbH,MHP – A Porsche Company,"Dresden, Saxony, Germany",2026-10-02,https://www.linkedin.com/jobs/view/4469200947 , ,li-4469200947,fulltime,,,,,,False,mid-senior level,,,,Business Consulting and Services,https://de.linkedin.com/company/mhp-a-porsche-company,,,,,,,,,,,
linkedin,Business Intelligence Analyst,Unfallkasse Baden-Württemberg,"Stuttgart, Baden-Württemberg, Germany",2026-10-02,https://www.linkedin.com/jobs/view/4464852771 , ,li-4464852771,fulltime,,,,,,False,entry level,,,,Strategic Management Services,https://de.linkedin.com/company/unfallkasse-baden-w%C3%BCrttemberg,,,,,,,,,,,
linkedin,Senior Consultant Data Engineering & AI - Databricks Masterclass (m/w/d) in Düsseldorf,Deloitte,"Düsseldorf, North Rhine-Westphalia, Germany",2026-10-02,https://www.linkedin.com/jobs/view/4457065214 , ,li-4457065214,fulltime,,,,,,False,associate,,,career@deloitte.de,Business Consulting and Services,https://www.linkedin.com/company/deloitte,,,,,,,,,,,
linkedin,"Business Intelligence Engineer (BIE), EU Stores",Amazon,"Berlin, Germany",2026-10-02,https://www.linkedin.com/jobs/view/4475001430 , ,li-4475001430,fulltime,,,,,,False,not applicable,,,,Software Development,https://www.linkedin.com/company/amazon,,,,,,,,,,,
linkedin,Sr. Forward Deployed Engineer - FDE (Fullstack),Databricks,"Munich, Bavaria, Germany",2026-10-02,https://www.linkedin.com/jobs/view/4444122397 , ,li-4444122397,fulltime,,,,,,False,mid-senior level,,,,Software Development,https://www.linkedin.com/company/databricks,,,,,,,,,,,
linkedin,Senior / Managing Snowflake Consultant & Data Platforms (m/w/d) - German speaking,ON-POINT Connect,"Düsseldorf, North Rhine-Westphalia, Germany",2026-10-02,https://www.linkedin.com/jobs/view/4473123548 , ,li-4473123548,fulltime,,,,,,False,mid-senior level,,,,Professional Services,https://ch.linkedin.com/company/on-point-connect-ag,,,,,,,,,,,
linkedin,Langfuse - Senior Backend Engineer,ClickHouse,"Berlin, Germany",2026-10-02,https://www.linkedin.com/jobs/view/4475028431 , ,li-4475028431,fulltime,direct_data,yearly,90000.0,160000.0,EUR,False,mid-senior level,,,,Software Development,https://www.linkedin.com/company/clickhouseinc,,,,,,,,,,,
linkedin,Tech Lead | GCP | BI & Warehouse Analytics | OTTO Payments (w/m/d),OTTO Payments,"Hamburg, Germany",2026-10-02,https://www.linkedin.com/jobs/view/4411614041 , ,li-4411614041,fulltime,,,,,,False,mid-senior level,,,,Financial Services,https://de.linkedin.com/company/otto-payments,,,,,,,,,,,
linkedin,"Software Engineer - Data Focus (Python, Kafka, Airflow)",Propel,Germany,2026-10-02,https://www.linkedin.com/jobs/view/4474719326 , ,li-4474719326,fulltime,direct_data,hourly,50.0,60.0,EUR,False,mid-senior level,,,,Software Development and IT System Custom Software Development,https://uk.linkedin.com/company/propel-together,,,,,,,,,,,
linkedin,Senior Consultant Data Engineering & AI - Databricks Masterclass (m/w/d) in Hannover,Deloitte,"Hannover, Lower Saxony, Germany",2026-10-02,https://www.linkedin.com/jobs/view/4457065213 , ,li-4457065213,fulltime,,,,,,False,associate,,,career@deloitte.de,Business Consulting and Services,https://www.linkedin.com/company/deloitte,,,,,,,,,,,
linkedin,Senior Consultant Data Engineering & AI - Databricks Masterclass (m/w/d) in Mannheim,Deloitte,"Mannheim, Baden-Württemberg, Germany",2026-10-02,https://www.linkedin.com/jobs/view/4457068168 , ,li-4457068168,fulltime,,,,,,False,associate,,,career@deloitte.de,Business Consulting and Services,https://www.linkedin.com/company/deloitte,,,,,,,,,,,
linkedin,SAP Analytics Engineer (m/w/d),Simon Hegele Gesellschaft für Logistik und Service mbH,"Karlsdorf, Baden-Württemberg, Germany",2026-10-02,https://www.linkedin.com/jobs/view/4474703799 , ,li-4474703799,fulltime,,,,,,False,not applicable,,,karriere@hegele.de,"Transportation, Logistics, Supply Chain and Storage",https://de.linkedin.com/company/simon-hegele,,,,,,,,,,,
linkedin,Medizininformatiker*in/Softwareentwickler*in mit Schwerpunkt FHIR-Entwicklung & Datenintegration,Universitätsmedizin Greifswald,"Greifswald, Mecklenburg-West Pomerania, Germany",2026-10-02,https://www.linkedin.com/jobs/view/4472857946 , ,li-4472857946,fulltime,,,,,,False,entry level,,,,Hospitals and Health Care,https://de.linkedin.com/company/umgreifswald,,,,,,,,,,,
linkedin,Advanced Analytics & Databricks Expert (all genders),MHP – A Porsche Company,"Wolfsburg, Lower Saxony, Germany",2026-10-02,https://www.linkedin.com/jobs/view/4470428214 , ,li-4470428214,fulltime,,,,,,False,mid-senior level,,,,Business Consulting and Services,https://de.linkedin.com/company/mhp-a-porsche-company,,,,,,,,,,,
linkedin,Advanced Analytics & Databricks Expert (all genders),MHP – A Porsche Company,"Ludwigsburg, Baden-Württemberg, Germany",2026-10-02,https://www.linkedin.com/jobs/view/4470427232 , ,li-4470427232,fulltime,,,,,,False,mid-senior level,,,,Business Consulting and Services,https://de.linkedin.com/company/mhp-a-porsche-company,,,,,,,,,,,
linkedin,Advanced Analytics & Databricks Expert (all genders),MHP – A Porsche Company,"Düsseldorf, North Rhine-Westphalia, Germany",2026-10-02,https://www.linkedin.com/jobs/view/4470427233 , ,li-4470427233,fulltime,,,,,,False,mid-senior level,,,,Business Consulting and Services,https://de.linkedin.com/company/mhp-a-porsche-company,,,,,,,,,,,
linkedin,Advanced Analytics & Databricks Expert (all genders),MHP – A Porsche Company,"Frankfurt am Main, Hesse, Germany",2026-10-02,https://www.linkedin.com/jobs/view/4470422455 , ,li-4470422455,fulltime,,,,,,False,mid-senior level,,,,Business Consulting and Services,https://de.linkedin.com/company/mhp-a-porsche-company,,,,,,,,,,,
linkedin,Advanced Analytics & Databricks Expert (all genders),MHP – A Porsche Company,"Munich, Bavaria, Germany",2026-10-02,https://www.linkedin.com/jobs/view/4470438020 , ,li-4470438020,fulltime,,,,,,False,mid-senior level,,,,Business Consulting and Services,https://de.linkedin.com/company/mhp-a-porsche-company,,,,,,,,,,,
linkedin,Advanced Analytics & Databricks Expert (all genders),MHP – A Porsche Company,"Nuremberg, Bavaria, Germany",2026-10-02,https://www.linkedin.com/jobs/view/4470420642 , ,li-4470420642,fulltime,,,,,,False,mid-senior level,,,,Business Consulting and Services,https://de.linkedin.com/company/mhp-a-porsche-company,,,,,,,,,,,
linkedin,SAP Data Consultant (m/w/d),Empion by Factorial,Germany,2026-10-02,https://www.linkedin.com/jobs/view/4474736231 , ,li-4474736231,fulltime,,,,,,False,associate,,,,IT Services and IT Consulting,https://de.linkedin.com/company/empiongmbh,,,,,,,,,,,
linkedin,SAP Data Engineer (m/w/d),Empion by Factorial,Germany,2026-10-02,https://www.linkedin.com/jobs/view/4474724614 , ,li-4474724614,fulltime,,,,,,False,associate,,,,IT Services and IT Consulting,https://de.linkedin.com/company/empiongmbh,,,,,,,,,,,
linkedin,Database Platform Engineer (m/f/d),adidas,"Herzogenaurach, Bavaria, Germany",2026-10-02,https://www.linkedin.com/jobs/view/4444150036 , ,li-4444150036,fulltime,,,,,,False,not applicable,,,,"Manufacturing, Retail, and Sporting Goods Manufacturing",https://de.linkedin.com/company/adidas,,,,,,,,,,,
linkedin,"Data, Integrations & Automations Developer (m/w/d)",adlicious,"Hamburg, Germany",2026-10-02,https://www.linkedin.com/jobs/view/4474723872 , ,li-4474723872,fulltime,,,,,,False,associate,,,,Advertising Services and Marketing Services,https://de.linkedin.com/company/adlicious.me,,,,,,,,,,,
linkedin,Senior Data Engineer (d/f/m),4flow,"Düsseldorf, North Rhine-Westphalia, Germany",2026-10-02,https://www.linkedin.com/jobs/view/4429560104 , ,li-4429560104,fulltime,,,,,,False,mid-senior level,,,,"Transportation, Logistics, Supply Chain and Storage",https://de.linkedin.com/company/4flow,,,,,,,,,,,
linkedin,Quality & Data Analytics Engineer (m/f/d),BIRKENSTOCK,"Cologne, North Rhine-Westphalia, Germany",2026-10-02,https://www.linkedin.com/jobs/view/4474779125 , ,li-4474779125,fulltime,,,,,,False,mid-senior level,,,,Retail Apparel and Fashion,https://de.linkedin.com/company/birkenstock-deutschland,,,,,,,,,,,
linkedin,Senior Consultant Data Engineering & AI - Databricks Masterclass (m/w/d) in München,Deloitte,"Munich, Bavaria, Germany",2026-10-02,https://www.linkedin.com/jobs/view/4457073134 , ,li-4457073134,fulltime,,,,,,False,associate,,,career@deloitte.de,Business Consulting and Services,https://www.linkedin.com/company/deloitte,,,,,,,,,,,
linkedin,Teamleitung Data Platform (m/w/d),Techniker Krankenkasse,"Hamburg, Hamburg, Germany",2026-10-02,https://www.linkedin.com/jobs/view/4474728340 , ,li-4474728340,fulltime,,,,,,False,mid-senior level,,,,Insurance,https://de.linkedin.com/company/techniker-krankenkasse,,,,,,,,,,,
linkedin,Campaign Data & Automation Manager (m/w/d),E.ON Deutschland,"Munich, Bavaria, Germany",2026-10-02,https://www.linkedin.com/jobs/view/4452291198 , ,li-4452291198,fulltime,,,,,,False,associate,,,sandra.wiedwald@eon-energie.com,Utilities,https://de.linkedin.com/company/eon-deutschland,,,,,,,,,,,
linkedin,Jedox Application Developer (m/f/d) in Renewable Energies,Encavis,Greater Munich Metropolitan Area,2026-10-02,https://www.linkedin.com/jobs/view/4473144352 , ,li-4473144352,fulltime,,,,,,False,entry level,,,,Renewable Energy Power Generation,https://de.linkedin.com/company/encavis,,,,,,,,,,,
linkedin,SAP Data & Analytics (Senior) Consultant (w/m/x),NTT DATA Europe & Latam,"Stuttgart, Baden-Württemberg, Germany",2026-10-02,https://www.linkedin.com/jobs/view/4445042323 , ,li-4445042323,fulltime,,,,,,False,mid-senior level,,,,IT Services and IT Consulting,https://es.linkedin.com/company/ntt-data-europe-latam,,,,,,,,,,,
linkedin,AI Platform Lead,TechTree,"Berlin, Berlin, Germany",2026-10-02,https://www.linkedin.com/jobs/view/4473145870 , ,li-4473145870,fulltime,,,,,,False,mid-senior level,,,,Software Development,https://uk.linkedin.com/company/techtreehq,,,,,,,,,,,
linkedin,Softwareentwickler mit Schwerpunkt Datenbanken (m/w/d),Finanz Informatik,"Frankfurt am Main, Hesse, Germany",2026-10-02,https://www.linkedin.com/jobs/view/4474793113 , ,li-4474793113,fulltime,direct_data,yearly,59000.0,62000.0,EUR,False,mid-senior level,,,karriere@f-i.de,IT Services and IT Consulting,https://de.linkedin.com/company/finanz-informatik,,,,,,,,,,,
linkedin,Ingenieur Netzdatenmanagement Schwerpunkt Building Information Modeling (BIM) (m/w/d),Thyssengas,"Dortmund, North Rhine-Westphalia, Germany",2026-10-02,https://www.linkedin.com/jobs/view/4473114297 , ,li-4473114297,fulltime,,,,,,False,mid-senior level,,,,Oil and Gas,https://de.linkedin.com/company/thyssengas,,,,,,,,,,,
linkedin,Backend - und Datenbank- Entwickler (m/w/d) klinische Informationssysteme,Nexus AG,"Berlin, Berlin, Germany",2026-10-02,https://www.linkedin.com/jobs/view/4473118598 , ,li-4473118598,fulltime,,,,,,False,entry level,,,,Professional Services,https://de.linkedin.com/company/nexus-ag,,,,,,,,,,,
linkedin,(Junior) RevOps Engineer - m/f/d,Langdock,"Berlin, Germany",2026-10-02,https://www.linkedin.com/jobs/view/4474744134 , ,li-4474744134,fulltime,,,,,,False,entry level,,,,Software Development,https://de.linkedin.com/company/langdock,,,,,,,,,,,
linkedin,Data Analyst / Data Science Specialist (m/w/d),Molkerei Gropper GmbH & Co. KG,"Bissingen, Bavaria, Germany",2026-10-02,https://www.linkedin.com/jobs/view/4474713669 , ,li-4474713669,fulltime,,,,,,False,entry level,,,,Dairy Product Manufacturing,https://de.linkedin.com/company/molkereigropper,,,,,,,,,,,
linkedin,AI Engineer – GenAI & Agentic AI (all genders),Wavestone,Germany,2026-10-02,https://www.linkedin.com/jobs/view/4473160108 , ,li-4473160108,fulltime,,,,,,False,associate,,,,IT Services and IT Consulting,https://fr.linkedin.com/company/wavestone,,,,,,,,,,,
linkedin,Consultant Data Architecture – Energiewirtschaft (m/f/d) - IE2S GmbH,MHP – A Porsche Company,"Nuremberg, Bavaria, Germany",2026-10-02,https://www.linkedin.com/jobs/view/4469222012 , ,li-4469222012,fulltime,,,,,,False,mid-senior level,,,,Business Consulting and Services,https://de.linkedin.com/company/mhp-a-porsche-company,,,,,,,,,,,
linkedin,Consultant Data Architecture – Energiewirtschaft (m/f/d) - IE2S GmbH,MHP – A Porsche Company,"Berlin, Berlin, Germany",2026-10-02,https://www.linkedin.com/jobs/view/4469202815 , ,li-4469202815,fulltime,,,,,,False,mid-senior level,,,,Business Consulting and Services,https://de.linkedin.com/company/mhp-a-porsche-company,,,,,,,,,,,
linkedin,Data Platform Engineer (m/w/d),GEMA,"Berlin, Germany",2026-10-02,https://www.linkedin.com/jobs/view/4474728870 , ,li-4474728870,fulltime,,,,,,False,associate,,,karriere@gema.de,Musicians and Legal Services,https://de.linkedin.com/company/gema,,,,,,,,,,,
linkedin,IT Software Engineer (m/w/d),REWE digital,"Cologne, North Rhine-Westphalia, Germany",2026-10-02,https://www.linkedin.com/jobs/view/4474724918 , ,li-4474724918,fulltime,,,,,,False,associate,,,,Software Development,https://de.linkedin.com/company/rewedigital,,,,,,,,,,,
linkedin,IT Manager Business Intelligence (m/f/d)*,SCHOTT,"Mainz, Rhineland-Palatinate, Germany",2026-10-02,https://www.linkedin.com/jobs/view/4472843640 , ,li-4472843640,fulltime,,,,,,False,mid-senior level,,,,"Glass, Ceramics and Concrete Manufacturing",https://de.linkedin.com/company/schott,,,,,,,,,,,
linkedin,SAP Data Engineer / Consultant (m/w/d),Empion by Factorial,Greater Hamburg Area,2026-10-02,https://www.linkedin.com/jobs/view/4474721756 , ,li-4474721756,fulltime,,,,,,False,associate,,,,IT Services and IT Consulting,https://de.linkedin.com/company/empiongmbh,,,,,,,,,,,
linkedin,Senior Manager Data & Cloud Engineering (all genders),Eraneos,Greater Munich Metropolitan Area,2026-10-02,https://www.linkedin.com/jobs/view/4444162720 , ,li-4444162720,fulltime,,,,,,False,mid-senior level,,,paulina.krzeminski@eraneos.com,Business Consulting and Services,https://ch.linkedin.com/company/eraneos,,,,,,,,,,,
linkedin,Senior Data Engineer (d/f/m),4flow,"Berlin, Germany",2026-10-02,https://www.linkedin.com/jobs/view/4429548358 , ,li-4429548358,fulltime,,,,,,False,mid-senior level,,,,"Transportation, Logistics, Supply Chain and Storage",https://de.linkedin.com/company/4flow,,,,,,,,,,,
linkedin,Data Engineer (m/w/d),CGI,"Eschborn, Hesse, Germany",2026-10-02,https://www.linkedin.com/jobs/view/4446382502 , ,li-4446382502,fulltime,,,,,,False,entry level,,,,IT Services and IT Consulting,https://ca.linkedin.com/company/cgi,,,,,,,,,,,
linkedin,Data Engineer Campaign & Analytics (w/m/d),freenet AG,"Hamburg, Hamburg, Germany",2026-10-02,https://www.linkedin.com/jobs/view/4474769847 , ,li-4474769847,fulltime,,,,,,False,entry level,,,,Telecommunications,https://de.linkedin.com/company/freenet-ag,,,,,,,,,,,
linkedin,Senior Software Engineer - Data (All Genders),Prematch,Cologne Bonn Region,2026-10-02,https://www.linkedin.com/jobs/view/4456293450 , ,li-4456293450,fulltime,,,,,,False,mid-senior level,,,,Spectator Sports,https://de.linkedin.com/company/prematch,,,,,,,,,,,
linkedin,Staff Data Platform Engineer,KAYAK,"Berlin, Berlin, Germany",2026-10-02,https://www.linkedin.com/jobs/view/4474748111 , ,li-4474748111,fulltime,,,,,,False,mid-senior level,,,,"Technology, Information and Internet",https://www.linkedin.com/company/kayak,,,,,,,,,,,
linkedin,Senior AI Data Engineer,Zendesk,"Berlin, Berlin, Germany",2026-10-02,https://www.linkedin.com/jobs/view/4434569449 , ,li-4434569449,fulltime,,,,,,False,mid-senior level,,,peopleandplaces@zendesk.com,Artificial Intelligence,https://www.linkedin.com/company/zendesk,,,,,,,,,,,
linkedin,Data Engineer,Booz Allen Hamilton,"Stuttgart, Baden-Württemberg, Germany",2026-10-02,https://www.linkedin.com/jobs/view/4418530792 , ,li-4418530792,fulltime,,,,,,False,not applicable,,,,Software Development,https://www.linkedin.com/company/booz-allen-hamilton,,,,,,,,,,,
linkedin,Senior Data Engineer - Analytics,Pennylane,Germany,2026-10-02,https://www.linkedin.com/jobs/view/4474738442 , ,li-4474738442,contract,,,,,,False,mid-senior level,,,"dpo@pennylane.com, dpo@pennylane.com, dpo@pennylane.com, dpo@pennylane.com",Accounting,https://fr.linkedin.com/company/pennylaneaccounting,,,,,,,,,,,
linkedin,Google Cloud Data Engineer (m/f/d),REPA,"Bergkirchen, Bavaria, Germany",2026-10-02,https://www.linkedin.com/jobs/view/4473124479 , ,li-4473124479,fulltime,,,,,,False,mid-senior level,,,bewerbung.de@repagroup.com,Wholesale,https://de.linkedin.com/company/repagroup,,,,,,,,,,,
linkedin,Google Cloud Data Engineer (m/f/d),REPA Deutschland,"Bergkirchen, Bavaria, Germany",2026-10-02,https://www.linkedin.com/jobs/view/4474729279 , ,li-4474729279,fulltime,,,,,,False,mid-senior level,,,bewerbung.de@repagroup.com,Wholesale,https://de.linkedin.com/company/repa-deutschland,,,,,,,,,,,
linkedin,Data Engineer (m/f/d),REPA Deutschland,"Bergkirchen, Bavaria, Germany",2026-10-02,https://www.linkedin.com/jobs/view/4474730222 , ,li-4474730222,fulltime,,,,,,False,entry level,,,bewerbung.de@repagroup.com,Wholesale,https://de.linkedin.com/company/repa-deutschland,,,,,,,,,,,
linkedin,Senior Data Streaming Engineer - Data Platform (m/w/d),CTS EVENTIM AG & Co. KGaA,"Bremen, Bremen, Germany",2026-10-02,https://www.linkedin.com/jobs/view/4446594122 , ,li-4446594122,fulltime,,,,,,False,mid-senior level,,,,Events Services,https://de.linkedin.com/company/cts-eventim-ag,,,,,,,,,,,
linkedin,Data Engineer (m/f/d),REPA,"Bergkirchen, Bavaria, Germany",2026-10-02,https://www.linkedin.com/jobs/view/4473157435 , ,li-4473157435,fulltime,,,,,,False,mid-senior level,,,bewerbung.de@repagroup.com,Wholesale,https://de.linkedin.com/company/repagroup,,,,,,,,,,,
linkedin,Senior Data Analyst (m/f/d),Redcare Pharmacy,"Cologne, North Rhine-Westphalia, Germany",2026-10-02,https://www.linkedin.com/jobs/view/4473146155 , ,li-4473146155,fulltime,,,,,,False,mid-senior level,,,,Software Development and IT Services and IT Consulting,https://nl.linkedin.com/company/redcare-pharmacy-com,,,,,,,,,,,
linkedin,(Senior) AI Solutions Engineer (m/w/d),CHEPLAPHARM,"Greifswald, Mecklenburg-West Pomerania, Germany",2026-10-02,https://www.linkedin.com/jobs/view/4473143717 , ,li-4473143717,fulltime,,,,,,False,mid-senior level,,,,Pharmaceutical Manufacturing,https://de.linkedin.com/company/cheplapharm-arzneimittel-gmbh,,,,,,,,,,,
linkedin,Senior Consultant Data Engineering & AI - Databricks Masterclass (m/w/d) in Köln,Deloitte,"Cologne, North Rhine-Westphalia, Germany",2026-10-02,https://www.linkedin.com/jobs/view/4457074114 , ,li-4457074114,fulltime,,,,,,False,associate,,,career@deloitte.de,Business Consulting and Services,https://www.linkedin.com/company/deloitte,,,,,,,,,,,
linkedin,Senior Consultant Data Engineering & AI - Databricks Masterclass (m/w/d) in Stuttgart,Deloitte,"Stuttgart, Baden-Württemberg, Germany",2026-10-02,https://www.linkedin.com/jobs/view/4457070183 , ,li-4457070183,fulltime,,,,,,False,associate,,,career@deloitte.de,Business Consulting and Services,https://www.linkedin.com/company/deloitte,,,,,,,,,,,
linkedin,Senior Consultant Data Engineering & AI - Databricks Masterclass (m/w/d) in Leipzig,Deloitte,"Leipzig, Saxony, Germany",2026-10-02,https://www.linkedin.com/jobs/view/4457069171 , ,li-4457069171,fulltime,,,,,,False,associate,,,career@deloitte.de,Business Consulting and Services,https://www.linkedin.com/company/deloitte,,,,,,,,,,,
linkedin,Senior Data Engineer (d/f/m),4flow,"Dresden, Saxony, Germany",2026-10-02,https://www.linkedin.com/jobs/view/4429552275 , ,li-4429552275,fulltime,,,,,,False,mid-senior level,,,,"Transportation, Logistics, Supply Chain and Storage",https://de.linkedin.com/company/4flow,,,,,,,,,,,
linkedin,Data Engineer Kubernetes (m/w/d),citema systems GmbH,"Dresden, Saxony, Germany",2026-10-02,https://www.linkedin.com/jobs/view/4474722345 , ,li-4474722345,fulltime,,,,,,False,entry level,,,,IT Services and IT Consulting,https://de.linkedin.com/company/citema-group-gmbh,,,,,,,,,,,
linkedin,Junior Data Engineer,reeeliance,"Hamburg, Germany",2026-10-02,https://www.linkedin.com/jobs/view/4468608506 , ,li-4468608506,fulltime,,,,,,False,entry level,,,marija.sekularac@reeeliance.com,IT Services and IT Consulting,https://de.linkedin.com/company/reeeliance-im-gmbh,,,,,,,,,,,
linkedin,Principal Software Engineer - Data Lakes,Fivetran,Germany,2026-10-02,https://www.linkedin.com/jobs/view/4429559015 , ,li-4429559015,fulltime,,,,,,False,mid-senior level,,,,Software Development,https://www.linkedin.com/company/fivetran,,,,,,,,,,,
linkedin,Data Product Engineer (m/w/d),REWE Group,"Cologne, North Rhine-Westphalia, Germany",2026-10-02,https://www.linkedin.com/jobs/view/4389704967 , ,li-4389704967,parttime,,,,,,False,associate,,,,Retail,https://de.linkedin.com/company/rewegroup,,,,,,,,,,,
linkedin,Senior Data & AI Architect,reeeliance,"Hamburg, Germany",2026-10-02,https://www.linkedin.com/jobs/view/4431928145 , ,li-4431928145,fulltime,,,,,,False,mid-senior level,,,marija.sekularac@reeeliance.com,IT Services and IT Consulting,https://de.linkedin.com/company/reeeliance-im-gmbh,,,,,,,,,,,
linkedin,Datenarchitekt und Lead Developer für SAP Datasphere (m/w/d),MULTIVAC Group,"Wolfertschwenden, Bavaria, Germany",2026-10-02,https://www.linkedin.com/jobs/view/4463028140 , ,li-4463028140,fulltime,,,,,,False,mid-senior level,,,,Machinery Manufacturing,https://de.linkedin.com/company/multivac,,,,,,,,,,,
linkedin,"Senior Software Engineer - Data Search (remote, Europe)",Modash,"Berlin, Berlin, Germany",2026-10-02,https://www.linkedin.com/jobs/view/4474762458 , ,li-4474762458,fulltime,,,,,,True,mid-senior level,,,,IT Services and IT Consulting,https://ee.linkedin.com/company/modash,,,,,,,,,,,
linkedin,Data & Application Developer (m/w/d),CEVA Logistics,"Hamburg, Germany",2026-10-02,https://www.linkedin.com/jobs/view/4473142364 , ,li-4473142364,fulltime,,,,,,False,associate,,,,"Transportation, Logistics, Supply Chain and Storage",https://fr.linkedin.com/company/ceva-logistics,,,,,,,,,,,
linkedin,Advanced Analytics & Databricks Expert (all genders),MHP – A Porsche Company,"Dresden, Saxony, Germany",2026-10-02,https://www.linkedin.com/jobs/view/4470416876 , ,li-4470416876,fulltime,,,,,,False,mid-senior level,,,,Business Consulting and Services,https://de.linkedin.com/company/mhp-a-porsche-company,,,,,,,,,,,
linkedin,Advanced Analytics & Databricks Expert (all genders),MHP – A Porsche Company,"Berlin, Berlin, Germany",2026-10-02,https://www.linkedin.com/jobs/view/4470421458 , ,li-4470421458,fulltime,,,,,,False,mid-senior level,,,,Business Consulting and Services,https://de.linkedin.com/company/mhp-a-porsche-company,,,,,,,,,,,
linkedin,Principal Omics Data Engineer,KEMIO Consulting,"Baden-Württemberg, Germany",2026-10-02,https://www.linkedin.com/jobs/view/4474774442 , ,li-4474774442,fulltime,,,,,,False,mid-senior level,,,,Biotechnology Research and Pharmaceutical Manufacturing,https://uk.linkedin.com/company/kemio-consulting,,,,,,,,,,,
linkedin,Platform Engineer Analytics & KI-Platform (m/w/d),REWE digital,"Cologne, North Rhine-Westphalia, Germany",2026-10-02,https://www.linkedin.com/jobs/view/4386355137 , ,li-4386355137,fulltime,,,,,,False,associate,,,,Software Development,https://de.linkedin.com/company/rewedigital,,,,,,,,,,,
linkedin,Software Developer / Cloud Solution Engineer (m/w/d),mamgo | Talente 🔗 Jobs,"Dortmund, North Rhine-Westphalia, Germany",2026-10-02,https://www.linkedin.com/jobs/view/4474792480 , ,li-4474792480,fulltime,,,,,,False,mid-senior level,,,,"Technology, Information and Internet",https://de.linkedin.com/company/mamgo-io,,,,,,,,,,,
linkedin,Data Integration Specialist,Noir,Greater Koblenz Area,2026-10-02,https://www.linkedin.com/jobs/view/4474720636 , ,li-4474720636,fulltime,,,,,,False,mid-senior level,,,,Information Services,https://uk.linkedin.com/company/noir-consulting,,,,,,,,,,,
linkedin,Senior Software Engineer (m/w/d) – Backend & Data Infrastructure,Autonomous Teaming,"Munich, Bavaria, Germany",2026-10-02,https://www.linkedin.com/jobs/view/4474770482 , ,li-4474770482,fulltime,,,,,,False,mid-senior level,,,,Software Development,https://de.linkedin.com/company/autonomous-teaming,,,,,,,,,,,
linkedin,Senior Analytics Engineer - Quick Commerce,Delivery Hero,"Berlin, Berlin, Germany",2026-10-02,https://www.linkedin.com/jobs/view/4473348676 , ,li-4473348676,fulltime,,,,,,False,mid-senior level,,,inclusion@deliveryhero.com,Software Development and IT Services and IT Consulting,https://de.linkedin.com/company/delivery-hero-se,,,,,,,,,,,
linkedin,Senior Analytics Engineer - Acquisition,SumUp,"Berlin, Berlin, Germany",2026-10-02,https://www.linkedin.com/jobs/view/4434542555 , ,li-4434542555,fulltime,,,,,,False,mid-senior level,,,,Financial Services,https://uk.linkedin.com/company/sumup,,,,,,,,,,,
linkedin,Principal Software Engineer (all genders),Zalando Marketing Services,"Berlin, Berlin, Germany",2026-10-02,https://www.linkedin.com/jobs/view/4473146425 , ,li-4473146425,fulltime,,,,,,False,mid-senior level,,,,Advertising Services,https://de.linkedin.com/company/zms-zalando,,,,,,,,,,,
linkedin,Data & AI Engineer (m/w/d),Sustaind,"Bielefeld, North Rhine-Westphalia, Germany",2026-10-02,https://www.linkedin.com/jobs/view/4474711568 , ,li-4474711568,fulltime,,,,,,False,entry level,,,,Data Infrastructure and Analytics,https://de.linkedin.com/company/getsustaind,,,,,,,,,,,
linkedin,Data Platform Engineer - Palantir,Accenture Federal Services,"Stuttgart, Baden-Württemberg, Germany",2026-10-02,https://www.linkedin.com/jobs/view/4422986053 , ,li-4422986053,fulltime,description,yearly,110000.0,140000.0,USD,False,entry level,,,,IT Services and IT Consulting,https://www.linkedin.com/company/accenturefederalservices,,,,,,,,,,,
linkedin,Data Analytics Manager für Künstliche Intelligenz (m/w/d),Ventum Consulting,Greater Munich Metropolitan Area,2026-10-01,https://www.linkedin.com/jobs/view/4461122330 , ,li-4461122330,fulltime,,,,,,False,mid-senior level,,,,IT Services and IT Consulting,https://de.linkedin.com/company/ventum-consulting,,,,,,,,,,,
linkedin,(Senior) Consultant SAP Enterprise Planning and Analytics (all genders),MHP – A Porsche Company,"Munich, Bavaria, Germany",2026-10-01,https://www.linkedin.com/jobs/view/4464059077 , ,li-4464059077,fulltime,,,,,,False,mid-senior level,,,,Business Consulting and Services,https://de.linkedin.com/company/mhp-a-porsche-company,,,,,,,,,,,
linkedin,(Senior) Consultant SAP Enterprise Planning and Analytics (all genders),MHP – A Porsche Company,"Dresden, Saxony, Germany",2026-10-01,https://www.linkedin.com/jobs/view/4464050143 , ,li-4464050143,fulltime,,,,,,False,mid-senior level,,,,Business Consulting and Services,https://de.linkedin.com/company/mhp-a-porsche-company,,,,,,,,,,,
linkedin,SAP Analytics Cloud Inhouse Specialist (m/w/d),Union Investment,"Frankfurt am Main, Hesse, Germany",2026-10-01,https://www.linkedin.com/jobs/view/4435812053 , ,li-4435812053,fulltime,,,,,,False,entry level,,,,Financial Services,https://de.linkedin.com/company/union-investment,,,,,,,,,,,
linkedin,Assistant Manager Sales Planning & Reporting (m/w/d),Kia Deutschland GmbH,"Eschborn, Hesse, Germany",2026-10-01,https://www.linkedin.com/jobs/view/4472582488 , ,li-4472582488,fulltime,,,,,,False,mid-senior level,,,,Motor Vehicle Manufacturing,https://de.linkedin.com/company/kia-deutschland,,,,,,,,,,,
linkedin,Customer Performance Specialist (m/w/d) (Voll- oder Teilzeit),ROLAND Rechtsschutz-Versicherungs-AG,"Cologne, North Rhine-Westphalia, Germany",2026-10-01,https://www.linkedin.com/jobs/view/4473281023 , ,li-4473281023,fulltime,,,,,,False,entry level,,,,Insurance,https://de.linkedin.com/company/roland-rechtsschutz-versicherungs-ag,,,,,,,,,,,
linkedin,Business AI Solution Manager - Claims Health (m/w/d),ERGO,"Cologne, North Rhine-Westphalia, Germany",2026-10-01,https://www.linkedin.com/jobs/view/4474514965 , ,li-4474514965,fulltime,,,,,,False,mid-senior level,,,,Insurance,https://de.linkedin.com/company/ergo-group-ag,,,,,,,,,,,
linkedin,"Sales Ops and Strategy Analyst, Global Sales operations (GSO)",Amazon Web Services (AWS),"Munich, Bavaria, Germany",2026-10-01,https://www.linkedin.com/jobs/view/4455918920 , ,li-4455918920,fulltime,,,,,,False,not applicable,,,,IT Services and IT Consulting,https://www.linkedin.com/company/amazon-web-services,,,,,,,,,,,
linkedin,"Sales Ops and Strategy Analyst, Global Sales operations (GSO)",Amazon Web Services (AWS),"Berlin, Berlin, Germany",2026-10-01,https://www.linkedin.com/jobs/view/4455929620 , ,li-4455929620,fulltime,,,,,,False,not applicable,,,,IT Services and IT Consulting,https://www.linkedin.com/company/amazon-web-services,,,,,,,,,,,
linkedin,Data Scientist (f/m/d),thinkcell,"Berlin, Berlin, Germany",2026-10-01,https://www.linkedin.com/jobs/view/4464118834 , ,li-4464118834,fulltime,,,,,,False,mid-senior level,,,,Software Development,https://de.linkedin.com/company/think-cell,,,,,,,,,,,
linkedin,Senior Consultant SAP Analytics (m/w/d),Thomas Biber Deutschland GmbH,"Mannheim, Baden-Württemberg, Germany",2026-10-01,https://www.linkedin.com/jobs/view/4472529769 , ,li-4472529769,fulltime,,,,,,False,mid-senior level,,,,Staffing and Recruiting,https://de.linkedin.com/company/biber-and-associates,,,,,,,,,,,
linkedin,Client Consulting Analyst,Visa,"Frankfurt, Hesse, Germany",2026-10-01,https://www.linkedin.com/jobs/view/4474352480 , ,li-4474352480,fulltime,,,,,,False,associate,,,,IT Services and IT Consulting,https://www.linkedin.com/company/visa,,,,,,,,,,,
linkedin,(Senior) Consultant in SAP Data Analytics (all genders),MHP – A Porsche Company,"Ludwigsburg, Baden-Württemberg, Germany",2026-10-01,https://www.linkedin.com/jobs/view/4464052096 , ,li-4464052096,fulltime,,,,,,False,mid-senior level,,,,Business Consulting and Services,https://de.linkedin.com/company/mhp-a-porsche-company,,,,,,,,,,,
linkedin,Conversion Rate Optimization Manager*in,BarmeniaGothaer,"Cologne, North Rhine-Westphalia, Germany",2026-10-01,https://www.linkedin.com/jobs/view/4461091842 , ,li-4461091842,fulltime,,,,,,False,associate,,,,Insurance,https://de.linkedin.com/company/barmeniagothaer,,,,,,,,,,,
linkedin,Expert Commercial & Operations (mensch),Omnicom Media Germany,"Düsseldorf, North Rhine-Westphalia, Germany",2026-10-01,https://www.linkedin.com/jobs/view/4456336497 , ,li-4456336497,fulltime,,,,,,False,mid-senior level,,,,Advertising Services,https://de.linkedin.com/company/omnicommedia-germany,,,,,,,,,,,
linkedin,Analytics Architect - BI Frontend & Data Experience (w/m/d),Debeka,Greater Koblenz Area,2026-10-01,https://www.linkedin.com/jobs/view/4396313016 , ,li-4396313016,fulltime,,,,,,False,entry level,,,Kristina.Philippsen@debeka.de,Insurance,https://de.linkedin.com/company/debeka,,,,,,,,,,,
linkedin,Metrology Systems Expert (m/w/d),Analytik NEWS,"Bitterfeld-Wolfen, Saxony-Anhalt, Germany",2026-10-01,https://www.linkedin.com/jobs/view/4472980351 , ,li-4472980351,fulltime,,,,,,False,mid-senior level,,,,"Technology, Information and Internet",https://de.linkedin.com/company/analytik-news,,,,,,,,,,,
linkedin,Climate Consultant (m/w/d),ISS STOXX Sustainability,"Munich, Bavaria, Germany",2026-10-01,https://www.linkedin.com/jobs/view/4474322155 , ,li-4474322155,fulltime,,,,,,False,associate,,,,Financial Services,https://uk.linkedin.com/company/iss-stoxx-sustainability,,,,,,,,,,,
linkedin,(Senior) Consultant in SAP Data Analytics (all genders),MHP – A Porsche Company,"Wolfsburg, Lower Saxony, Germany",2026-10-01,https://www.linkedin.com/jobs/view/4464052098 , ,li-4464052098,fulltime,,,,,,False,mid-senior level,,,,Business Consulting and Services,https://de.linkedin.com/company/mhp-a-porsche-company,,,,,,,,,,,
linkedin,(Senior) Data Analyst (m/w/d),Michael Page,"Hamburg, Hamburg, Germany",2026-10-01,https://www.linkedin.com/jobs/view/4474512940 , ,li-4474512940,fulltime,,,,,,False,mid-senior level,,,,"Telecommunications, Biotechnology Research, and IT Services and IT Consulting",https://uk.linkedin.com/company/michael-page,,,,,,,,,,,
linkedin,Mitarbeiter (m/w/d) Sales Excellence und Business Insights,PubliCare GmbH,"Magdeburg, Saxony-Anhalt, Germany",2026-10-01,https://www.linkedin.com/jobs/view/4446985705 , ,li-4446985705,fulltime,,,,,,False,entry level,,,,Hospitals and Health Care,https://de.linkedin.com/company/publicare-gmbh,,,,,,,,,,,
linkedin,Senior Retail Media Intelligence Manager (All Genders),zooplus,"Munich, Bavaria, Germany",2026-10-01,https://www.linkedin.com/jobs/view/4472941014 , ,li-4472941014,fulltime,,,,,,False,mid-senior level,,,,Retail,https://de.linkedin.com/company/zooplus-se,,,,,,,,,,,
linkedin,(Senior) Consultant (m/w/d) - Pricing,hy Consulting Group,"Berlin, Germany",2026-10-01,https://www.linkedin.com/jobs/view/4460600242 , ,li-4460600242,fulltime,,,,,,False,associate,,,,Business Consulting and Services,https://de.linkedin.com/company/hyconsultinggroup,,,,,,,,,,,
linkedin,Senior RevOrg Data Analyst (m/w/d),ATOSS Software SE,"Munich, Bavaria, Germany",2026-10-01,https://www.linkedin.com/jobs/view/4427748943 , ,li-4427748943,fulltime,,,,,,False,mid-senior level,,,,Software Development,https://de.linkedin.com/company/atoss-software,,,,,,,,,,,
linkedin,(Senior) Data Analyst – Category Management & Commercial  (alle Geschlechter),OBI Group Holding,"Cologne, North Rhine-Westphalia, Germany",2026-10-01,https://www.linkedin.com/jobs/view/4466220740 , ,li-4466220740,fulltime,,,,,,False,mid-senior level,,,,Retail,https://de.linkedin.com/company/obi,,,,,,,,,,,
linkedin,Senior Marketing Data Analyst,Qonto,"Berlin, Germany",2026-10-01,https://www.linkedin.com/jobs/view/4474379361 , ,li-4474379361,fulltime,,,,,,False,mid-senior level,,,support@qonto.com,Financial Services,https://fr.linkedin.com/company/qonto,,,,,,,,,,,
linkedin,Senior Business Analyst - Marketing & Demand (m/f/d),Chrono24,"Karlsruhe, Baden-Württemberg, Germany",2026-10-01,https://www.linkedin.com/jobs/view/4425283028 , ,li-4425283028,fulltime,,,,,,False,mid-senior level,,,,Retail Luxury Goods and Jewelry and Online and Mail Order Retail,https://de.linkedin.com/company/chrono24,,,,,,,,,,,
linkedin,Senior Product Analyst,SumUp,"Berlin, Berlin, Germany",2026-10-01,https://www.linkedin.com/jobs/view/4440184345 , ,li-4440184345,fulltime,,,,,,False,mid-senior level,,,,Financial Services,https://uk.linkedin.com/company/sumup,,,,,,,,,,,
linkedin,RevOrg Data Analytics Manager / Lead Data Analyst,ATOSS Software SE,"Munich, Bavaria, Germany",2026-10-01,https://www.linkedin.com/jobs/view/4427752904 , ,li-4427752904,fulltime,,,,,,False,mid-senior level,,,,Software Development,https://de.linkedin.com/company/atoss-software,,,,,,,,,,,
linkedin,European Business Intelligence (BI) Specialist (m/f/d),Panasonic Europe,"Wiesbaden, Hesse, Germany",2026-10-01,https://www.linkedin.com/jobs/view/4455787713 , ,li-4455787713,fulltime,,,,,,False,not applicable,,,,"Appliances, Electrical, and Electronics Manufacturing",https://nl.linkedin.com/company/panasonic-europe,,,,,,,,,,,
linkedin,Referent Data Science & Reporting (m/w/d),S-Kreditpartner,"Berlin, Berlin, Germany",2026-10-01,https://www.linkedin.com/jobs/view/4474183419 , ,li-4474183419,fulltime,,,,,,False,associate,,,melanie.fiedler@s-kreditpartner.de,Financial Services,https://de.linkedin.com/company/s-kreditpartner,,,,,,,,,,,
linkedin,(Senior) Data Scientist with focus Clinical Statistics (f/m/d - part/full-time),Staburo GmbH,"Munich, Bavaria, Germany",2026-10-01,https://www.linkedin.com/jobs/view/4472904148 , ,li-4472904148,fulltime,,,,,,False,associate,,,application@staburo.de,Hospitals and Health Care,https://de.linkedin.com/company/staburo-gmbh,,,,,,,,,,,
linkedin,Senior Campaign Analyst,JustWatch,Berlin Metropolitan Area,2026-10-01,https://www.linkedin.com/jobs/view/4474196968 , ,li-4474196968,fulltime,,,,,,False,associate,,,,"Advertising Services, Entertainment Providers, and Marketing Services",https://de.linkedin.com/company/justwatch,,,,,,,,,,,
linkedin,Team Lead Data Science (m/w/d) – Industrial & Automotive Consulting,DRIVE Consulting,"Berlin, Germany",2026-10-01,https://www.linkedin.com/jobs/view/4419698874 , ,li-4419698874,fulltime,,,,,,False,mid-senior level,,,,Business Consulting and Services,https://de.linkedin.com/company/drive-consulting-de,,,,,,,,,,,
linkedin,Sustainailbility Data Analytics Specialist II,AIT Worldwide Logistics,"Hesse, Germany",2026-10-01,https://www.linkedin.com/jobs/view/4464508346 , ,li-4464508346,fulltime,,,,,,False,entry level,,,,"Transportation, Logistics, Supply Chain and Storage",https://www.linkedin.com/company/ait-worldwide-logistics,,,,,,,,,,,
linkedin,SAMSUNG Specialist Retail Analytics (gn),Grafton Recruitment,"Eschborn, Hesse, Germany",2026-10-01,https://www.linkedin.com/jobs/view/4424889405 , ,li-4424889405,fulltime,,,,,,False,associate,,,,"Appliances, Electrical, and Electronics Manufacturing",https://it.linkedin.com/company/grafton-recruitment,,,,,,,,,,,
linkedin,"Data Scientist, Music DISCO",Amazon Music,"Berlin, Germany",2026-10-01,https://www.linkedin.com/jobs/view/4455904370 , ,li-4455904370,fulltime,,,,,,False,not applicable,,,,Entertainment Providers,https://www.linkedin.com/company/amazon-music,,,,,,,,,,,
linkedin,Commercial Performance Specialist - Data Analytics & Reporting (gn),Grafton Recruitment,"Frankfurt am Main, Hesse, Germany",2026-10-01,https://www.linkedin.com/jobs/view/4467652039 , ,li-4467652039,fulltime,,,,,,False,associate,,,,Staffing and Recruiting,https://it.linkedin.com/company/grafton-recruitment,,,,,,,,,,,
linkedin,ClinDev Operations Data & Analytics Lead,Boehringer Ingelheim,"Biberach, Baden-Württemberg, Germany",2026-10-01,https://www.linkedin.com/jobs/view/4474340950 , ,li-4474340950,fulltime,,,,,,False,mid-senior level,,,hr.de@boehringer-ingelheim.com,Pharmaceutical Manufacturing,https://de.linkedin.com/company/boehringer-ingelheim,,,,,,,,,,,
linkedin,Strategy & Insights Trainee - Off Premise (Graduate Program),Red Bull,"Munich, Bavaria, Germany",2026-10-01,https://www.linkedin.com/jobs/view/4474313425 , ,li-4474313425,fulltime,,,,,,False,entry level,,,,Food and Beverage Services,https://at.linkedin.com/company/red-bull,,,,,,,,,,,
linkedin,Senior Data Scientist,team.blue,"Berlin, Berlin, Germany",2026-10-01,https://www.linkedin.com/jobs/view/4469191058 , ,li-4469191058,fulltime,,,,,,False,mid-senior level,,,,Software Development,https://be.linkedin.com/company/teamblue,,,,,,,,,,,
linkedin,(Senior) Consultant SAP Enterprise Planning and Analytics (all genders),MHP – A Porsche Company,"Düsseldorf, North Rhine-Westphalia, Germany",2026-10-01,https://www.linkedin.com/jobs/view/4464058096 , ,li-4464058096,fulltime,,,,,,False,mid-senior level,,,,Business Consulting and Services,https://de.linkedin.com/company/mhp-a-porsche-company,,,,,,,,,,,
linkedin,EY-Parthenon Mathematiker Unternehmensberatung - Strategy and Transactions (w/m/d),EY-Parthenon,"Düsseldorf, North Rhine-Westphalia, Germany",2026-10-01,https://www.linkedin.com/jobs/view/4378288223 , ,li-4378288223,fulltime,,,,,,False,mid-senior level,,,,Business Consulting and Services,https://uk.linkedin.com/company/ey-parthenon,,,,,,,,,,,
linkedin,Senior Data Engineer,Archer Recruitment,Germany,2026-10-01,https://www.linkedin.com/jobs/view/4474146219 , ,li-4474146219,contract,direct_data,yearly,90000.0,110000.0,EUR,False,mid-senior level,,,joe.monahan@archer.ie,Airlines and Aviation,https://ie.linkedin.com/company/archer,,,,,,,,,,,
linkedin,"Senior Database Engineer, Amazon Redshift",Amazon Web Services (AWS),"Berlin, Germany",2026-10-01,https://www.linkedin.com/jobs/view/4455900787 , ,li-4455900787,fulltime,,,,,,False,mid-senior level,,,,IT Services and IT Consulting,https://www.linkedin.com/company/amazon-web-services,,,,,,,,,,,
linkedin,Senior Software Engineer II - Confluent - FlinkSQL,IBM,"Ehningen, Baden-Württemberg, Germany",2026-10-01,https://www.linkedin.com/jobs/view/4453458606 , ,li-4453458606,fulltime,,,,,,False,mid-senior level,,,,IT Services and IT Consulting,https://www.linkedin.com/company/ibm,,,,,,,,,,,
linkedin,Lead / Principal Consultant Databricks (m/w/d),Computer Futures,Germany,2026-10-01,https://www.linkedin.com/jobs/view/4450877208 , ,li-4450877208,fulltime,direct_data,yearly,100000.0,125000.0,EUR,False,not applicable,,,,Business Intelligence Platforms,https://uk.linkedin.com/company/computerfutures,,,,,,,,,,,
linkedin,Software Engineer (m/f/d),GE Aerospace,"Bavaria, Germany",2026-10-01,https://www.linkedin.com/jobs/view/4474371873 , ,li-4474371873,fulltime,,,,,,False,entry level,,,,Aviation and Aerospace Component Manufacturing,https://www.linkedin.com/company/geaerospace,,,,,,,,,,,
linkedin,BI Data Engineer (m/w/d),Amadeus Fire,"Dortmund, North Rhine-Westphalia, Germany",2026-10-01,https://www.linkedin.com/jobs/view/4474140618 , ,li-4474140618,fulltime,direct_data,yearly,80000.0,90000.0,EUR,False,associate,,,it.dortmund@amadeus-fire.de,Retail,https://de.linkedin.com/company/amadeus-fire,,,,,,,,,,,
linkedin,Senior Python Software Engineer,Lobster,Germany,2026-10-01,https://www.linkedin.com/jobs/view/4472931992 , ,li-4472931992,fulltime,,,,,,False,associate,,,,Software Development,https://de.linkedin.com/company/lobster-data-gmbh,,,,,,,,,,,
linkedin,Senior Cloud Developer - Azure Cloud/MS Data Fabric/Collibra/Purview - IMMEDIATE JOINERS,Luxoft Germany,Germany,2026-10-01,https://www.linkedin.com/jobs/view/4474317844 , ,li-4474317844,fulltime,,,,,,False,mid-senior level,,,,IT Services and IT Consulting,https://de.linkedin.com/company/luxoft-germany,,,,,,,,,,,
linkedin,"Data, Digital & AI- Frames Advanced Manufacturing Engineering VIE",Faurecia,Hannover-Braunschweig-Göttingen-Wolfsburg Region,2026-10-01,https://www.linkedin.com/jobs/view/4473934597 , ,li-4473934597,fulltime,,,,,,False,not applicable,,,,Motor Vehicle Manufacturing,https://fr.linkedin.com/company/faurecia,,,,,,,,,,,
linkedin,Data Scientist,Booz Allen Hamilton,"Wiesbaden, Hesse, Germany",2026-10-01,https://www.linkedin.com/jobs/view/4474319867 , ,li-4474319867,fulltime,,,,,,False,not applicable,,,,Software Development,https://www.linkedin.com/company/booz-allen-hamilton,,,,,,,,,,,
linkedin,Data Integration Specialist I IT Consultant (m/f/d),ivoflow,"Coblenz, Rhineland-Palatinate, Germany",2026-10-01,https://www.linkedin.com/jobs/view/4472917425 , ,li-4472917425,fulltime,,,,,,False,entry level,,,,Software Development,https://de.linkedin.com/company/ivoflow,,,,,,,,,,,
linkedin,Senior Machine Learning Engineer - Platform Team,SumUp,"Berlin, Berlin, Germany",2026-10-01,https://www.linkedin.com/jobs/view/4472931439 , ,li-4472931439,fulltime,,,,,,False,mid-senior level,,,,Financial Services,https://uk.linkedin.com/company/sumup,,,,,,,,,,,
linkedin,KI-Spezialist:in (m/w/d),EVI Energieversorgung Hildesheim GmbH & Co. KG,"Hildesheim, Lower Saxony, Germany",2026-10-01,https://www.linkedin.com/jobs/view/4472698515 , ,li-4472698515,fulltime,direct_data,yearly,63849.89,81327.09,EUR,False,mid-senior level,,,,Oil and Gas,https://de.linkedin.com/company/evi-energieversorgung-hildesheim-gmbh-co-kg,,,,,,,,,,,
linkedin,Software Engineer (All Genders) - Logistics Network Planning,Zalando,"Berlin, Berlin, Germany",2026-10-01,https://www.linkedin.com/jobs/view/4463480365 , ,li-4463480365,fulltime,,,,,,False,mid-senior level,,,,Retail,https://de.linkedin.com/company/zalando,,,,,,,,,,,
linkedin,Technical CRM & Data Manager (m/w/d),Thalia Bücher GmbH,"Münster, North Rhine-Westphalia, Germany",2026-10-01,https://www.linkedin.com/jobs/view/4474364692 , ,li-4474364692,fulltime,,,,,,False,mid-senior level,,,,Retail,https://de.linkedin.com/company/thalia-b%C3%BCcher-gmbh,,,,,,,,,,,
linkedin,Marketing Tech Engineer (m/f/d),Smartbroker AG,"Berlin, Berlin, Germany",2026-10-01,https://www.linkedin.com/jobs/view/4472911994 , ,li-4472911994,fulltime,,,,,,False,associate,,,,Banking,https://de.linkedin.com/company/wallstreet-online-capital,,,,,,,,,,,
linkedin,Senior Inhouse Consultant Data & Analytics - SAP (m/f/d),Simon-Kucher,"Hamburg, Hamburg, Germany",2026-10-01,https://www.linkedin.com/jobs/view/4472906557 , ,li-4472906557,fulltime,,,,,,False,mid-senior level,,,,Business Consulting and Services,https://de.linkedin.com/company/simon-kucher,,,,,,,,,,,
linkedin,Senior Inhouse Consultant Data & Analytics - SAP (m/f/d),Simon-Kucher,"Munich, Bavaria, Germany",2026-10-01,https://www.linkedin.com/jobs/view/4472904554 , ,li-4472904554,fulltime,,,,,,False,mid-senior level,,,,Business Consulting and Services,https://de.linkedin.com/company/simon-kucher,,,,,,,,,,,
linkedin,Softwareentwickler mit Schwerpunkt Datenbanken (m/w/d),Finanz Informatik,"Frankfurt, Hesse, Germany",2026-10-01,https://www.linkedin.com/jobs/view/4464518439 , ,li-4464518439,fulltime,,,,,,False,associate,,,,"IT Services and IT Consulting, Banking, and Financial Services",https://de.linkedin.com/company/finanz-informatik,,,,,,,,,,,
linkedin,Anwendungsentwicklung und Datenmanagement,wbg Nürnberg GmbH Immobilienunternehmen,"Nuremberg, Bavaria, Germany",2026-10-01,https://www.linkedin.com/jobs/view/4474331115 , ,li-4474331115,fulltime,,,,,,False,associate,,,,Real Estate and Leasing Residential Real Estate,https://www.linkedin.com/company/wbg-n%C3%BCrnberg-gmbh-immobilienunternehmen,,,,,,,,,,,
linkedin,IT Business Application Consultant - Data Migration (f/m/d),GEA Group,"Düsseldorf, North Rhine-Westphalia, Germany",2026-10-01,https://www.linkedin.com/jobs/view/4456305921 , ,li-4456305921,fulltime,,,,,,False,not applicable,,,,"Industrial Machinery Manufacturing, Machinery Manufacturing, and Food and Beverage Manufacturing",https://de.linkedin.com/company/geagroup,,,,,,,,,,,
linkedin,(Sr.) Integration Consultant,OMP,"Cologne, North Rhine-Westphalia, Germany",2026-10-01,https://www.linkedin.com/jobs/view/4437187917 , ,li-4437187917,fulltime,,,,,,False,not applicable,,,,Software Development,https://be.linkedin.com/company/omp-supply-chain-planning,,,,,,,,,,,
linkedin,(Sr.) Integration Consultant,OMP,"Mannheim, Baden-Württemberg, Germany",2026-10-01,https://www.linkedin.com/jobs/view/4437401503 , ,li-4437401503,fulltime,,,,,,False,not applicable,,,,Software Development,https://be.linkedin.com/company/omp-supply-chain-planning,,,,,,,,,,,
linkedin,"Software Engineer (gn) @ Stealth AI Venture, Berlin",Atlantic,"Berlin, Germany",2026-10-01,https://www.linkedin.com/jobs/view/4472923520 , ,li-4472923520,fulltime,,,,,,False,associate,,,,Software Development and Robotics Engineering,https://www.linkedin.com/company/atlantic-vc,,,,,,,,,,,
linkedin,Referent Analytik - Schwerpunkt Informatik (m/w/d),AOK Rheinland/Hamburg - Die Gesundheitskasse,"Düsseldorf, North Rhine-Westphalia, Germany",2026-10-01,https://www.linkedin.com/jobs/view/4474329105 , ,li-4474329105,fulltime,,,,,,False,mid-senior level,,,,Insurance,https://de.linkedin.com/company/aok-rheinland-hamburg,,,,,,,,,,,
linkedin,Referent DMS & Datenmigration (m/w/d),BGZ Gesellschaft für Zwischenlagerung mbH,"Essen, North Rhine-Westphalia, Germany",2026-10-01,https://www.linkedin.com/jobs/view/4472553748 , ,li-4472553748,fulltime,,,,,,False,associate,,,,"Air, Water, and Waste Program Management",https://de.linkedin.com/company/die-bgz,,,,,,,,,,,
linkedin,Finance Engineer,Twentyfour Industries,"Munich, Bavaria, Germany",2026-10-01,https://www.linkedin.com/jobs/view/4472921862 , ,li-4472921862,fulltime,,,,,,False,associate,,,,Software Development,https://www.linkedin.com/company/24industries,,,,,,,,,,,
linkedin,Senior Consultant Data Analytics (w/m/d),TIMETOACT GROUP,"Cologne, North Rhine-Westphalia, Germany",2026-10-01,https://www.linkedin.com/jobs/view/4472915179 , ,li-4472915179,fulltime,,,,,,False,associate,,,,Software Development,https://de.linkedin.com/company/timetoactgroup,,,,,,,,,,,
linkedin,"(Junior) AI Engineer (m/w/d) mit Schwerpunkt Generative AI, Daten und Automatisierung",Privatmolkerei Bauer GmbH & Co KG,"Wasserburg am Inn, Bavaria, Germany",2026-10-01,https://www.linkedin.com/jobs/view/4468243338 , ,li-4468243338,fulltime,,,,,,False,entry level,,,,Food and Beverage Manufacturing,https://de.linkedin.com/company/privatmolkereibauer,,,,,,,,,,,
linkedin,Senior Consultant Data Analytics (w/m/d),ATVANTAGE GmbH,"Cologne, North Rhine-Westphalia, Germany",2026-10-01,https://www.linkedin.com/jobs/view/4474184442 , ,li-4474184442,fulltime,,,,,,False,associate,,,,IT Services and IT Consulting,https://www.linkedin.com/company/atvantage-3,,,,,,,,,,,
linkedin,Senior Data Engineer,team.blue,"Hamburg, Hamburg, Germany",2026-10-01,https://www.linkedin.com/jobs/view/4462146687 , ,li-4462146687,fulltime,,,,,,False,mid-senior level,,,,Software Development,https://be.linkedin.com/company/teamblue,,,,,,,,,,,
linkedin,Data Engineer (Senior),team.blue,"Düsseldorf, North Rhine-Westphalia, Germany",2026-10-01,https://www.linkedin.com/jobs/view/4462410865 , ,li-4462410865,fulltime,,,,,,False,mid-senior level,,,,Software Development,https://be.linkedin.com/company/teamblue,,,,,,,,,,,
linkedin,Senior Data Platform Engineer (m/w/d) | Snowflake,JobRad® Loop,"Munich, Bavaria, Germany",2026-10-01,https://www.linkedin.com/jobs/view/4472926392 , ,li-4472926392,fulltime,,,,,,False,associate,,,,Software Development,https://de.linkedin.com/company/jobrad-loop,,,,,,,,,,,
linkedin,Senior Data Engineer (w/m/d),finanzen.net,"Karlsruhe, Baden-Württemberg, Germany",2026-10-01,https://www.linkedin.com/jobs/view/4472924699 , ,li-4472924699,fulltime,,,,,,False,associate,,,,"Technology, Information and Internet",https://de.linkedin.com/company/finanzen-net,,,,,,,,,,,
linkedin,Data Engineer (m/w/d),Michael Page,"Hamburg, Hamburg, Germany",2026-10-01,https://www.linkedin.com/jobs/view/4474523537 , ,li-4474523537,fulltime,,,,,,False,mid-senior level,,,,"Telecommunications, Biotechnology Research, and IT Services and IT Consulting",https://uk.linkedin.com/company/michael-page,,,,,,,,,,,
linkedin,Senior Data Streaming Engineer - Data Platform (m/w/d),CTS EVENTIM AG & Co. KGaA,"Berlin, Germany",2026-10-01,https://www.linkedin.com/jobs/view/4446580792 , ,li-4446580792,fulltime,,,,,,False,mid-senior level,,,,Events Services,https://de.linkedin.com/company/cts-eventim-ag,,,,,,,,,,,
linkedin,Senior Data Engineer (Python / AWS / ML Pipelines),Jobgether,Germany,2026-10-01,https://www.linkedin.com/jobs/view/4472563210 , ,li-4472563210,fulltime,,,,,,False,mid-senior level,,,,Internet Marketplace Platforms,https://be.linkedin.com/company/jobgether,,,,,,,,,,,
linkedin,Senior Data Engineer - Data Foundations (all genders),ABOUT YOU,"Hamburg, Hamburg, Germany",2026-10-01,https://www.linkedin.com/jobs/view/4472581735 , ,li-4472581735,fulltime,,,,,,False,mid-senior level,,,,"Technology, Information and Internet",https://de.linkedin.com/company/about-you,,,,,,,,,,,
linkedin,(Sr.) Data Engineer (m/f/d),Smartbroker AG,"Berlin, Berlin, Germany",2026-10-01,https://www.linkedin.com/jobs/view/4472918606 , ,li-4472918606,fulltime,,,,,,False,associate,,,,Banking,https://de.linkedin.com/company/wallstreet-online-capital,,,,,,,,,,,
linkedin,Data Engineer (m/w/d),GEMA,"Munich, Bavaria, Germany",2026-10-01,https://www.linkedin.com/jobs/view/4474197154 , ,li-4474197154,fulltime,,,,,,False,associate,,,karriere@gema.de,Legal Services,https://de.linkedin.com/company/gema,,,,,,,,,,,
linkedin,Data Engineer (m/w/d),Düsseldorf Airport,"Düsseldorf, North Rhine-Westphalia, Germany",2026-10-01,https://www.linkedin.com/jobs/view/4474347247 , ,li-4474347247,fulltime,,,,,,False,mid-senior level,,,,Airlines and Aviation,https://de.linkedin.com/company/dusairport,,,,,,,,,,,
linkedin,"Senior Data Engineer, Growth Data Engineering",GetYourGuide,"Berlin, Germany",2026-10-01,https://www.linkedin.com/jobs/view/4474312769 , ,li-4474312769,fulltime,,,,,,False,mid-senior level,,,jobs@getyourguide.com,"Technology, Information and Internet and Travel Arrangements",https://de.linkedin.com/company/getyourguide-ag,,,,,,,,,,,
linkedin,Data Engineer: Sales&Revenue Data (all genders),Zalando Marketing Services,"Berlin, Berlin, Germany",2026-10-01,https://www.linkedin.com/jobs/view/4472950791 , ,li-4472950791,fulltime,,,,,,False,mid-senior level,,,,Advertising Services,https://de.linkedin.com/company/zms-zalando,,,,,,,,,,,
linkedin,Senior Software Engineer (Data) - Data Foundations (all genders),ABOUT YOU,"Hamburg, Hamburg, Germany",2026-10-01,https://www.linkedin.com/jobs/view/4472594205 , ,li-4472594205,fulltime,,,,,,False,mid-senior level,,,,"Technology, Information and Internet",https://de.linkedin.com/company/about-you,,,,,,,,,,,
linkedin,Senior Data Engineer,Haystack,"Rhineland-Palatinate, Germany",2026-10-01,https://www.linkedin.com/jobs/view/4472521846 , ,li-4472521846,fulltime,,,,,,False,mid-senior level,,,,"Technology, Information and Media",https://uk.linkedin.com/company/wearehaystack,,,,,,,,,,,
linkedin,Senior Data Platform Engineer,Circonomit,"Cologne, North Rhine-Westphalia, Germany",2026-10-01,https://www.linkedin.com/jobs/view/4474174969 , ,li-4474174969,fulltime,,,,,,False,mid-senior level,,,,IT Services and IT Consulting,https://de.linkedin.com/company/circonomit,,,,,,,,,,,
linkedin,Data Engineer,Haystack,Greater Koblenz Area,2026-10-01,https://www.linkedin.com/jobs/view/4472521836 , ,li-4472521836,fulltime,,,,,,False,mid-senior level,,,,"Technology, Information and Media",https://uk.linkedin.com/company/wearehaystack,,,,,,,,,,,
linkedin,Senior Software Engineer – Data Pipelines & ML (m/w/d),deecoob GmbH,"Dresden, Saxony, Germany",2026-10-01,https://www.linkedin.com/jobs/view/4472929036 , ,li-4472929036,fulltime,,,,,,False,associate,,,jobs@deecoob.com,"Technology, Information and Internet",https://de.linkedin.com/company/deecoob,,,,,,,,,,,
linkedin,Full Stack Data Engineer (w/m/d),Holtzbrinck,"Hamburg, Hamburg, Germany",2026-10-01,https://www.linkedin.com/jobs/view/4449823511 , ,li-4449823511,fulltime,,,,,,False,entry level,,,,"Technology, Information and Media",https://de.linkedin.com/company/holtzbrinck,,,,,,,,,,,
linkedin,Senior Data Engineer (m/w/d),YER Deutschland,"Erlangen, Bavaria, Germany",2026-10-01,https://www.linkedin.com/jobs/view/4472938238 , ,li-4472938238,fulltime,,,,,,False,mid-senior level,,,,Oil and Gas,https://de.linkedin.com/company/yerdeutschland,,,,,,,,,,,
linkedin,Senior AI Tooling Engineer,Taktile,"Berlin, Berlin, Germany",2026-10-01,https://www.linkedin.com/jobs/view/4474311519 , ,li-4474311519,fulltime,,,,,,False,mid-senior level,,,privacy@taktile.com,Financial Services,https://www.linkedin.com/company/taktile1,,,,,,,,,,,
linkedin,Senior Data Engineer (d/f/m),4flow,"Friedberg, Hesse, Germany",2026-10-01,https://www.linkedin.com/jobs/view/4474135887 , ,li-4474135887,fulltime,,,,,,False,mid-senior level,,,,"Transportation, Logistics, Supply Chain and Storage",https://de.linkedin.com/company/4flow,,,,,,,,,,,
linkedin,Data Engineer,Haystack,"Rhineland-Palatinate, Germany",2026-10-01,https://www.linkedin.com/jobs/view/4472526551 , ,li-4472526551,fulltime,,,,,,False,mid-senior level,,,,"Technology, Information and Media",https://uk.linkedin.com/company/wearehaystack,,,,,,,,,,,
linkedin,Analytics Engineer,team.blue,"Hamburg, Hamburg, Germany",2026-10-01,https://www.linkedin.com/jobs/view/4469509850 , ,li-4469509850,fulltime,,,,,,False,mid-senior level,,,,Software Development,https://be.linkedin.com/company/teamblue,,,,,,,,,,,
linkedin,Software Engineer,Hyra,"Bavaria, Germany",2026-10-01,https://www.linkedin.com/jobs/view/4474136603 , ,li-4474136603,fulltime,,,,,,False,associate,,,,"Technology, Information and Media",https://www.linkedin.com/company/joinhyra,,,,,,,,,,,
linkedin,Senior Data Engineer - Streaming Analytics (w/m/d),CARIAD,"Ingolstadt, Bavaria, Germany",2026-10-01,https://www.linkedin.com/jobs/view/4450158196 , ,li-4450158196,parttime,,,,,,False,mid-senior level,,,"careers@cariad.technology, careers@cariad.technology",Software Development,https://de.linkedin.com/company/cariad-tech,,,,,,,,,,,
linkedin,Senior Cloud Developer (Python/Azure/Fabric/Purview) (w/m/d) - IMMEDIATE JOINERS,Luxoft Germany,Germany,2026-10-01,https://www.linkedin.com/jobs/view/4474322728 , ,li-4474322728,fulltime,,,,,,False,mid-senior level,,,,IT Services and IT Consulting,https://de.linkedin.com/company/luxoft-germany,,,,,,,,,,,
linkedin,(Senior) Consultant SAP Enterprise Planning and Analytics (all genders),MHP – A Porsche Company,"Nuremberg, Bavaria, Germany",2026-10-01,https://www.linkedin.com/jobs/view/4464059078 , ,li-4464059078,fulltime,,,,,,False,mid-senior level,,,,Business Consulting and Services,https://de.linkedin.com/company/mhp-a-porsche-company,,,,,,,,,,,
linkedin,(Senior) Consultant in SAP Data Analytics (all genders),MHP – A Porsche Company,"Frankfurt am Main, Hesse, Germany",2026-10-01,https://www.linkedin.com/jobs/view/4464039261 , ,li-4464039261,fulltime,,,,,,False,mid-senior level,,,,Business Consulting and Services,https://de.linkedin.com/company/mhp-a-porsche-company,,,,,,,,,,,
linkedin,Senior Inhouse Consultant Data & Analytics - SAP (m/f/d),Simon-Kucher,"Berlin, Berlin, Germany",2026-10-01,https://www.linkedin.com/jobs/view/4472697894 , ,li-4472697894,fulltime,,,,,,False,mid-senior level,,,,Business Consulting and Services,https://de.linkedin.com/company/simon-kucher,,,,,,,,,,,
linkedin,Manager AI & Data Analytics / Data Science (m/w/d) in Hamburg,Deloitte,"Hamburg, Hamburg, Germany",2026-10-01,https://www.linkedin.com/jobs/view/4318190273 , ,li-4318190273,fulltime,,,,,,False,mid-senior level,,,career@deloitte.de,Business Consulting and Services,https://www.linkedin.com/company/deloitte,,,,,,,,,,,
linkedin,Manager AI & Data Analytics / Data Science (m/w/d) in München,Deloitte,"Munich, Bavaria, Germany",2026-10-01,https://www.linkedin.com/jobs/view/4318189296 , ,li-4318189296,fulltime,,,,,,False,mid-senior level,,,career@deloitte.de,Business Consulting and Services,https://www.linkedin.com/company/deloitte,,,,,,,,,,,
linkedin,(Senior) Manager SAP Analytics (m/w/d) in Düsseldorf,Deloitte,"Düsseldorf, North Rhine-Westphalia, Germany",2026-10-01,https://www.linkedin.com/jobs/view/4378687368 , ,li-4378687368,fulltime,,,,,,False,mid-senior level,,,career@deloitte.de,Business Consulting and Services,https://www.linkedin.com/company/deloitte,,,,,,,,,,,
linkedin,(Senior) Consultant SAP Enterprise Planning and Analytics (all genders),MHP – A Porsche Company,"Berlin, Berlin, Germany",2026-10-01,https://www.linkedin.com/jobs/view/4464043146 , ,li-4464043146,fulltime,,,,,,False,mid-senior level,,,,Business Consulting and Services,https://de.linkedin.com/company/mhp-a-porsche-company,,,,,,,,,,,
linkedin,(Senior) Consultant SAP Enterprise Planning and Analytics (all genders),MHP – A Porsche Company,"Ludwigsburg, Baden-Württemberg, Germany",2026-10-01,https://www.linkedin.com/jobs/view/4464055092 , ,li-4464055092,fulltime,,,,,,False,mid-senior level,,,,Business Consulting and Services,https://de.linkedin.com/company/mhp-a-porsche-company,,,,,,,,,,,
linkedin,(Senior) Consultant SAP Enterprise Planning and Analytics (all genders),MHP – A Porsche Company,"Frankfurt am Main, Hesse, Germany",2026-10-01,https://www.linkedin.com/jobs/view/4464058095 , ,li-4464058095,fulltime,,,,,,False,mid-senior level,,,,Business Consulting and Services,https://de.linkedin.com/company/mhp-a-porsche-company,,,,,,,,,,,
linkedin,(Senior) Manager M&A Analytics / Transaction Diligence (m/w/d) in Hannover,Deloitte,"Hannover, Lower Saxony, Germany",2026-10-01,https://www.linkedin.com/jobs/view/4369088611 , ,li-4369088611,fulltime,,,,,,False,mid-senior level,,,career@deloitte.de,Business Consulting and Services,https://www.linkedin.com/company/deloitte,,,,,,,,,,,
linkedin,(Senior) Consultant in SAP Data Analytics (all genders),MHP – A Porsche Company,"Düsseldorf, North Rhine-Westphalia, Germany",2026-10-01,https://www.linkedin.com/jobs/view/4464043128 , ,li-4464043128,fulltime,,,,,,False,mid-senior level,,,,Business Consulting and Services,https://de.linkedin.com/company/mhp-a-porsche-company,,,,,,,,,,,
linkedin,(Senior) Consultant SAP Enterprise Planning and Analytics (all genders),MHP – A Porsche Company,"Wolfsburg, Lower Saxony, Germany",2026-10-01,https://www.linkedin.com/jobs/view/4464044129 , ,li-4464044129,fulltime,,,,,,False,mid-senior level,,,,Business Consulting and Services,https://de.linkedin.com/company/mhp-a-porsche-company,,,,,,,,,,,
linkedin,(Senior) Consultant in SAP Data Analytics (all genders),MHP – A Porsche Company,"Nuremberg, Bavaria, Germany",2026-10-01,https://www.linkedin.com/jobs/view/4464040321 , ,li-4464040321,fulltime,,,,,,False,mid-senior level,,,,Business Consulting and Services,https://de.linkedin.com/company/mhp-a-porsche-company,,,,,,,,,,,
linkedin,(Senior) Consultant in SAP Data Analytics (all genders),MHP – A Porsche Company,"Dresden, Saxony, Germany",2026-10-01,https://www.linkedin.com/jobs/view/4464048131 , ,li-4464048131,fulltime,,,,,,False,mid-senior level,,,,Business Consulting and Services,https://de.linkedin.com/company/mhp-a-porsche-company,,,,,,,,,,,
linkedin,(Senior) Consultant in SAP Data Analytics (all genders),MHP – A Porsche Company,"Berlin, Berlin, Germany",2026-10-01,https://www.linkedin.com/jobs/view/4464050132 , ,li-4464050132,fulltime,,,,,,False,mid-senior level,,,,Business Consulting and Services,https://de.linkedin.com/company/mhp-a-porsche-company,,,,,,,,,,,
linkedin,Softwareentwickler mit Schwerpunkt Datenbanken (m/w/d),Finanz Informatik,"Hannover, Lower Saxony, Germany",2026-10-01,https://www.linkedin.com/jobs/view/4464521392 , ,li-4464521392,fulltime,,,,,,False,associate,,,,"IT Services and IT Consulting, Banking, and Financial Services",https://de.linkedin.com/company/finanz-informatik,,,,,,,,,,,
linkedin,Softwareentwickler mit Schwerpunkt Datenbanken (m/w/d),Finanz Informatik,"Münster, North Rhine-Westphalia, Germany",2026-10-01,https://www.linkedin.com/jobs/view/4464513555 , ,li-4464513555,fulltime,,,,,,False,associate,,,,"IT Services and IT Consulting, Banking, and Financial Services",https://de.linkedin.com/company/finanz-informatik,,,,,,,,,,,
linkedin,Senior Inhouse Consultant Data & Analytics - SAP (m/f/d),Simon-Kucher,"Bonn, North Rhine-Westphalia, Germany",2026-10-01,https://www.linkedin.com/jobs/view/4472699712 , ,li-4472699712,fulltime,,,,,,False,mid-senior level,,,,Business Consulting and Services,https://de.linkedin.com/company/simon-kucher,,,,,,,,,,,
linkedin,Senior Inhouse Consultant Data & Analytics - SAP (m/f/d),Simon-Kucher,"Frankfurt am Main, Hesse, Germany",2026-10-01,https://www.linkedin.com/jobs/view/4472693991 , ,li-4472693991,fulltime,,,,,,False,mid-senior level,,,,Business Consulting and Services,https://de.linkedin.com/company/simon-kucher,,,,,,,,,,,
linkedin,(Senior) Consultant in SAP Data Analytics (all genders),MHP – A Porsche Company,"Munich, Bavaria, Germany",2026-10-01,https://www.linkedin.com/jobs/view/4464056075 , ,li-4464056075,fulltime,,,,,,False,mid-senior level,,,,Business Consulting and Services,https://de.linkedin.com/company/mhp-a-porsche-company,,,,,,,,,,,
linkedin,Senior Inhouse Consultant Data & Analytics - SAP (m/f/d),Simon-Kucher,"Cologne, North Rhine-Westphalia, Germany",2026-10-01,https://www.linkedin.com/jobs/view/4472693992 , ,li-4472693992,fulltime,,,,,,False,mid-senior level,,,,Business Consulting and Services,https://de.linkedin.com/company/simon-kucher,,,,,,,,,,,
linkedin,Payments Data Analyst,IXOPAY,"Munich, Bavaria, Germany",2026-09-30,https://www.linkedin.com/jobs/view/4445128743 , ,li-4445128743,fulltime,,,,,,False,mid-senior level,,,,Software Development,https://www.linkedin.com/company/ixopay,,,,,,,,,,,
linkedin,Product Analyst,Xometry EMEA & APAC,"Munich, Bavaria, Germany",2026-09-30,https://www.linkedin.com/jobs/view/4463519602 , ,li-4463519602,fulltime,,,,,,False,mid-senior level,,,,Industrial Machinery Manufacturing,https://de.linkedin.com/company/xometry-emea-apac,,,,,,,,,,,
linkedin,Munich Re Markets GmbH: Executive Assistant to the Global Head of Munich Re Markets (m/w/d)*,Munich Re,"Munich, Bavaria, Germany",2026-09-30,https://www.linkedin.com/jobs/view/4473778221 , ,li-4473778221,fulltime,,,,,,False,mid-senior level,,,,Insurance,https://de.linkedin.com/company/munich-re,,,,,,,,,,,
linkedin,Manager Assortment Planning (m/w/d) Schwerpunkt Datenanalyse,Ernsting's family,"Münster, North Rhine-Westphalia, Germany",2026-09-30,https://www.linkedin.com/jobs/view/4472605593 , ,li-4472605593,fulltime,,,,,,False,mid-senior level,,,,Textile Manufacturing,https://de.linkedin.com/company/ernstingsfamily,,,,,,,,,,,
linkedin,Strategic Business Partner Data Intelligence (m/w/d),RheinEnergie AG,"Cologne, North Rhine-Westphalia, Germany",2026-09-30,https://www.linkedin.com/jobs/view/4472128473 , ,li-4472128473,fulltime,,,,,,False,mid-senior level,,,,Utilities,https://de.linkedin.com/company/rheinenergie,,,,,,,,,,,
linkedin,Data Analyst eCommerce (w/m/d),dm-drogerie markt Deutschland,Greater Karlsruhe Area,2026-09-30,https://www.linkedin.com/jobs/view/4470679469 , ,li-4470679469,fulltime,,,,,,False,entry level,,,,Retail,https://de.linkedin.com/company/dm-drogerie-markt-deutschland,,,,,,,,,,,
linkedin,Data Analyst - Anti Financial Crime,N26,"Berlin, Germany",2026-09-30,https://www.linkedin.com/jobs/view/4473742723 , ,li-4473742723,fulltime,,,,,,False,mid-senior level,,,,Financial Services,https://de.linkedin.com/company/n26,,,,,,,,,,,
linkedin,"Senior Data Scientist, Workforce Management Analytics",Wolt,"Berlin, Berlin, Germany",2026-09-30,https://www.linkedin.com/jobs/view/4454763504 , ,li-4454763504,fulltime,,,,,,False,mid-senior level,,,zhanna.filintseva@wolt.com,Software Development,https://fi.linkedin.com/company/wolt-oy,,,,,,,,,,,
linkedin,Data Analyst,Jobgether,Germany,2026-09-30,https://www.linkedin.com/jobs/view/4471975993 , ,li-4471975993,fulltime,,,,,,False,associate,,,,Internet Marketplace Platforms,https://be.linkedin.com/company/jobgether,,,,,,,,,,,
linkedin,Data Analyst (w/m/d),VR Payment GmbH,"Frankfurt am Main, Hesse, Germany",2026-09-30,https://www.linkedin.com/jobs/view/4472125967 , ,li-4472125967,fulltime,,,,,,False,mid-senior level,,,,Financial Services,https://de.linkedin.com/company/vrpayment,,,,,,,,,,,
linkedin,Senior Data Analyst: Multiple Teams,Jobgether,Germany,2026-09-30,https://www.linkedin.com/jobs/view/4471971893 , ,li-4471971893,fulltime,description,yearly,80000.0,120000.0,USD,False,associate,,,,Internet Marketplace Platforms,https://be.linkedin.com/company/jobgether,,,,,,,,,,,
linkedin,Sr Business Analyst (m/w/d),Intuitive,"Freiburg, Baden-Württemberg, Germany",2026-09-30,https://www.linkedin.com/jobs/view/4455927356 , ,li-4455927356,fulltime,,,,,,False,mid-senior level,,,,Medical Equipment Manufacturing,https://www.linkedin.com/company/intuitivesurgical,,,,,,,,,,,
linkedin,"Business Analyst, Delivery Promise  (m/w/x)",AUTODOC,"Berlin, Berlin, Germany",2026-09-30,https://www.linkedin.com/jobs/view/4473727269 , ,li-4473727269,fulltime,,,,,,False,mid-senior level,,,,"Transportation, Logistics, Supply Chain and Storage",https://de.linkedin.com/company/autodoc,,,,,,,,,,,
linkedin,Senior Fraud & Risk Analyst (f/m/x),exmox,"Hamburg, Hamburg, Germany",2026-09-30,https://www.linkedin.com/jobs/view/4463531463 , ,li-4463531463,fulltime,,,,,,False,mid-senior level,,,,Advertising Services,https://de.linkedin.com/company/exmox,,,,,,,,,,,
linkedin,Mitarbeiter Key Account Management Data & Automation (m/w/d),Würth Deutschland,"Künzelsau, Baden-Württemberg, Germany",2026-09-30,https://www.linkedin.com/jobs/view/4472605761 , ,li-4472605761,fulltime,,,,,,False,entry level,,,,Wholesale,https://de.linkedin.com/company/wuerth-germany,,,,,,,,,,,
linkedin,Munich Re Markets: Performance Analyst (m/w/d)*,Munich Re,"Munich, Bavaria, Germany",2026-09-30,https://www.linkedin.com/jobs/view/4473936338 , ,li-4473936338,fulltime,,,,,,False,mid-senior level,,,,Insurance,https://de.linkedin.com/company/munich-re,,,,,,,,,,,
linkedin,Power BI Entwickler (w/m/d) in Teil- oder Vollzeit,datenkultur,"Wedel, Schleswig-Holstein, Germany",2026-09-30,https://www.linkedin.com/jobs/view/4472145091 , ,li-4472145091,fulltime,,,,,,False,mid-senior level,,,"bewerbung@datenkultur.de, sandra.koblischke@datenkultur.de",Information Technology & Services,https://de.linkedin.com/company/datenkultur,,,,,,,,,,,
linkedin,Data Scientist - AI & Experimentation (m/f/d),Pflegia,Germany,2026-09-30,https://www.linkedin.com/jobs/view/4472513059 , ,li-4472513059,fulltime,direct_data,yearly,42000.0,75000.0,EUR,False,associate,,,,Staffing and Recruiting,https://de.linkedin.com/company/pflegia-ag,,,,,,,,,,,
linkedin,Mitarbeiter Datenmanagement (m/w/d) in Vollzeit,PCO Group,"Garmisch-Partenkirchen, Bavaria, Germany",2026-09-30,https://www.linkedin.com/jobs/view/4472300452 , ,li-4472300452,fulltime,,,,,,False,entry level,,,,Advertising Services,https://www.linkedin.com/company/pcogroup,,,,,,,,,,,
linkedin,Teamleitung Audiencemanagement (m/w/d),Ströer Media Deutschland GmbH,"Cologne, North Rhine-Westphalia, Germany",2026-09-30,https://www.linkedin.com/jobs/view/4472609558 , ,li-4472609558,fulltime,,,,,,False,mid-senior level,,,,Advertising Services,https://de.linkedin.com/company/str%C3%B6er-media-deutschland-gmbh,,,,,,,,,,,
linkedin,Expert Data Management Operations Global (alle Geschlechter),GELITA,"Eberbach, Baden-Württemberg, Germany",2026-09-30,https://www.linkedin.com/jobs/view/4450806860 , ,li-4450806860,fulltime,,,,,,False,mid-senior level,,,,Food and Beverage Manufacturing,https://de.linkedin.com/company/gelita,,,,,,,,,,,
linkedin,Senior Data Scientist - Marketing,Preply,"Berlin, Berlin, Germany",2026-09-30,https://www.linkedin.com/jobs/view/4471994759 , ,li-4471994759,fulltime,,,,,,False,mid-senior level,,,,"Technology, Information and Internet",https://www.linkedin.com/company/preply,,,,,,,,,,,
linkedin,(Senior) SAP Analytics Cloud Consultant (m/w/d),Cpro,Germany,2026-09-30,https://www.linkedin.com/jobs/view/4472300438 , ,li-4472300438,fulltime,,,,,,False,associate,,,,"Information Technology & Services, IT Services and IT Consulting, and Business Consulting and Services",https://de.linkedin.com/company/cprogruppe,,,,,,,,,,,
linkedin,Business Analyst EV-Charging Voll-/Teilzeit (m/w/d),Techem Energy Services GmbH,Frankfurt Rhine-Main Metropolitan Area,2026-09-30,https://www.linkedin.com/jobs/view/4473910456 , ,li-4473910456,fulltime,,,,,,False,mid-senior level,,,,Real Estate,https://de.linkedin.com/company/techemde,,,,,,,,,,,
linkedin,Master Data Quality Analyst (m/w/d),Liebherr Group,"Biberach an der Riß, Baden-Württemberg, Germany",2026-09-30,https://www.linkedin.com/jobs/view/4463861025 , ,li-4463861025,fulltime,,,,,,False,mid-senior level,,,,Industrial Machinery Manufacturing,https://de.linkedin.com/company/liebherr,,,,,,,,,,,
linkedin,Business Analyst EV-Charging Voll-/Teilzeit (m/w/d),Techem Energy Services GmbH,"Düsseldorf, North Rhine-Westphalia, Germany",2026-09-30,https://www.linkedin.com/jobs/view/4473914033 , ,li-4473914033,fulltime,,,,,,False,mid-senior level,,,,Real Estate,https://de.linkedin.com/company/techemde,,,,,,,,,,,
linkedin,Team Lead Data Science - Marketing Analytics (all genders),Publicis Media Germany,"Düsseldorf, North Rhine-Westphalia, Germany",2026-09-30,https://www.linkedin.com/jobs/view/4463503711 , ,li-4463503711,fulltime,,,,,,False,not applicable,,,,Marketing Services,https://de.linkedin.com/company/publicis-media-germany,,,,,,,,,,,
linkedin,Product Operations & Analytics Manager (w/m/d),Nemetschek Group,Germany,2026-09-30,https://www.linkedin.com/jobs/view/4465076978 , ,li-4465076978,fulltime,,,,,,False,entry level,,,,Software Development,https://de.linkedin.com/company/nemetschekgroup,,,,,,,,,,,
linkedin,Manager Customer Segmentation & Journey Activation (m/w/d),Ernsting's family,"Münster, North Rhine-Westphalia, Germany",2026-09-30,https://www.linkedin.com/jobs/view/4472614463 , ,li-4472614463,fulltime,,,,,,False,mid-senior level,,,,Textile Manufacturing,https://de.linkedin.com/company/ernstingsfamily,,,,,,,,,,,
linkedin,Online Marketing Manager Data & Analytics (m/w/d),Obsidian,"Leipzig, Saxony, Germany",2026-09-30,https://www.linkedin.com/jobs/view/4473752196 , ,li-4473752196,fulltime,direct_data,yearly,36000.0,50400.0,EUR,False,associate,,,,Advertising Services,https://dk.linkedin.com/company/obsidian-agency-da,,,,,,,,,,,
linkedin,Management Reporting & Analysis (MRA) Specialist (m/f/d),Hager Deutschland,"Blieskastel, Saarland, Germany",2026-09-30,https://www.linkedin.com/jobs/view/4472100954 , ,li-4472100954,fulltime,,,,,,False,entry level,,,,"Appliances, Electrical, and Electronics Manufacturing",https://de.linkedin.com/company/hagerdeutschland,,,,,,,,,,,
linkedin,Marketing Analyst,Lucanet,"Berlin, Germany",2026-09-30,https://www.linkedin.com/jobs/view/4464647961 , ,li-4464647961,fulltime,,,,,,False,mid-senior level,,,,Software Development,https://de.linkedin.com/company/lucanet-ag,,,,,,,,,,,
linkedin,Senior Professional Fleet Optimization (m/w/d),SIXT,"Munich, Bavaria, Germany",2026-09-30,https://www.linkedin.com/jobs/view/4455709706 , ,li-4455709706,fulltime,,,,,,False,mid-senior level,,,,Travel Arrangements,https://de.linkedin.com/company/sixt,,,,,,,,,,,
linkedin,Mitarbeiter im Controlling (m/w/d),YellowFox GmbH,"Wilsdruff, Saxony, Germany",2026-09-30,https://www.linkedin.com/jobs/view/4472172458 , ,li-4472172458,fulltime,,,,,,False,entry level,,,,Information Technology & Services,https://de.linkedin.com/company/yellowfox-gmbh,,,,,,,,,,,
linkedin,(Senior)Berater:in / Manager:in / Projektmanager:in (m/w/d) SAP BI/SAC,arf Gesellschaft für Organisationsentwicklung mbH,"Nuremberg, Bavaria, Germany",2026-09-30,https://www.linkedin.com/jobs/view/4472306098 , ,li-4472306098,fulltime,,,,,,False,associate,,,personal@arf-gmbh.de,IT Services and IT Consulting,https://de.linkedin.com/company/arf-gesellschaft-f%C3%BCr-organisationsentwicklung-mbh,,,,,,,,,,,
linkedin,PROGRAM ANALYST (DATA QUALITY ANALYTICS & VISUALIZATION).,US Army Corps of Engineers,"Wiesbaden, Hesse, Germany",2026-09-30,https://www.linkedin.com/jobs/view/4472169231 , ,li-4472169231,fulltime,,,,,,False,not applicable,,,,Government Administration and Strategic Management Services,https://www.linkedin.com/company/us-army-corps-of-engineers,,,,,,,,,,,
linkedin,Fraud Analyst,Jobgether,Germany,2026-09-30,https://www.linkedin.com/jobs/view/4471975585 , ,li-4471975585,fulltime,,,,,,False,associate,,,,Internet Marketplace Platforms,https://be.linkedin.com/company/jobgether,,,,,,,,,,,
linkedin,Lead Engineer (m/f/d) Data Science,Danfoss,"Hamburg, Hamburg, Germany",2026-09-30,https://www.linkedin.com/jobs/view/4465066986 , ,li-4465066986,fulltime,,,,,,False,mid-senior level,,,,Industrial Machinery Manufacturing,https://dk.linkedin.com/company/danfoss,,,,,,,,,,,
linkedin,Data Engineer (Energy & AI),einklang energy,"Cologne, North Rhine-Westphalia, Germany",2026-09-30,https://www.linkedin.com/jobs/view/4472184244 , ,li-4472184244,fulltime,,,,,,False,associate,,,,Oil and Gas,https://de.linkedin.com/company/einklang-energy,,,,,,,,,,,
linkedin,Senior AI Data Engineer,European Tech Recruit,Berlin Metropolitan Area,2026-09-30,https://www.linkedin.com/jobs/view/4473730528 , ,li-4473730528,fulltime,,,,,,False,mid-senior level,,,cw@eu-recruit.com,"Artificial Intelligence, Software Development, and Technology, Information and Media",https://uk.linkedin.com/company/european-tech-recruit,,,,,,,,,,,
linkedin,Data Engineer - Digital Health Excellence Center (w/m/d),EY,"Düsseldorf, North Rhine-Westphalia, Germany",2026-09-30,https://www.linkedin.com/jobs/view/4385073952 , ,li-4385073952,fulltime,,,,,,False,mid-senior level,,,,Professional Services,https://uk.linkedin.com/company/ernstandyoung,,,,,,,,,,,
linkedin,Data Engineer - Digital Health Excellence Center (w/m/d),EY,"Munich, Bavaria, Germany",2026-09-30,https://www.linkedin.com/jobs/view/4385082617 , ,li-4385082617,fulltime,,,,,,False,mid-senior level,,,,Professional Services,https://uk.linkedin.com/company/ernstandyoung,,,,,,,,,,,
linkedin,Staff Engineer (m|w|d) - CRM Tech,idealo internet GmbH,"Berlin, Berlin, Germany",2026-09-30,https://www.linkedin.com/jobs/view/4434351348 , ,li-4434351348,,,,,,,False,,,,,,https://de.linkedin.com/company/idealo-internet-gmbh,,,,,,,,,,,
linkedin,Lead Software Engineer - Cloud & Data Platforms (m/f/d),Simon-Kucher,"Hamburg, Hamburg, Germany",2026-09-30,https://www.linkedin.com/jobs/view/4472629831 , ,li-4472629831,fulltime,,,,,,False,mid-senior level,,,,Business Consulting and Services,https://de.linkedin.com/company/simon-kucher,,,,,,,,,,,
linkedin,Lead Software Engineer - Cloud & Data Platforms (m/f/d),Simon-Kucher,"Munich, Bavaria, Germany",2026-09-30,https://www.linkedin.com/jobs/view/4472633778 , ,li-4472633778,fulltime,,,,,,False,mid-senior level,,,,Business Consulting and Services,https://de.linkedin.com/company/simon-kucher,,,,,,,,,,,
linkedin,Senior Analytics Engineer – People Analytics (m/f/d),Flix,"Munich, Bavaria, Germany",2026-09-30,https://www.linkedin.com/jobs/view/4473924870 , ,li-4473924870,fulltime,,,,,,False,mid-senior level,,,,Software Development,https://de.linkedin.com/company/flixbus-flixtrain,,,,,,,,,,,
linkedin,Senior Analytics Engineer – People Analytics (m/f/d),Flix,"Berlin, Germany",2026-09-30,https://www.linkedin.com/jobs/view/4473921975 , ,li-4473921975,fulltime,,,,,,False,mid-senior level,,,,Software Development,https://de.linkedin.com/company/flixbus-flixtrain,,,,,,,,,,,
linkedin,Senior Software Engineer (m/f/d) Data,Axel Springer Tech GmbH,"Berlin, Germany",2026-09-30,https://www.linkedin.com/jobs/view/4471995751 , ,li-4471995751,fulltime,,,,,,False,mid-senior level,,,,Book and Periodical Publishing,https://de.linkedin.com/company/axelspringertech,,,,,,,,,,,
linkedin,(Senior) Consultant Data Engineering & Software Development (m/w/d),H&Z.digital,Greater Munich Metropolitan Area,2026-09-30,https://www.linkedin.com/jobs/view/4432088941 , ,li-4432088941,fulltime,,,,,,False,mid-senior level,,,,Business Consulting and Services,https://de.linkedin.com/company/hz-digital,,,,,,,,,,,
linkedin,Senior AI-Native Data Engineer (f/m/x),exmox,"Hamburg, Hamburg, Germany",2026-09-30,https://www.linkedin.com/jobs/view/4463281925 , ,li-4463281925,fulltime,,,,,,False,mid-senior level,,,,Advertising Services,https://de.linkedin.com/company/exmox,,,,,,,,,,,
linkedin,Dev-Ops Engineer for Data Analytics Platform (f/m/x),BMW Group,"Ulm, Baden-Württemberg, Germany",2026-09-30,https://www.linkedin.com/jobs/view/4473272355 , ,li-4473272355,fulltime,,,,,,False,mid-senior level,,,,Motor Vehicle Manufacturing,https://de.linkedin.com/company/bmw-group,,,,,,,,,,,
linkedin,Senior AI Data Expert (f/m/x),exmox,"Hamburg, Hamburg, Germany",2026-09-30,https://www.linkedin.com/jobs/view/4463285914 , ,li-4463285914,fulltime,,,,,,False,mid-senior level,,,,Advertising Services,https://de.linkedin.com/company/exmox,,,,,,,,,,,
linkedin,Engineer - Data & Platforms (m/f/d),BIT Capital,"Berlin, Germany",2026-09-30,https://www.linkedin.com/jobs/view/4473750349 , ,li-4473750349,fulltime,,,,,,False,mid-senior level,,,,Financial Services,https://de.linkedin.com/company/bit-capital-gmbh,,,,,,,,,,,
linkedin,Data & Backend Engineer (f/w/d),Instaffo,"Cologne, North Rhine-Westphalia, Germany",2026-09-30,https://www.linkedin.com/jobs/view/4436913750 , ,li-4436913750,fulltime,direct_data,yearly,74000.0,79000.0,EUR,False,mid-senior level,,,,Staffing and Recruiting,https://de.linkedin.com/company/instaffo-gmbh,,,,,,,,,,,
linkedin,Senior Distributed Data Engineer,European Tech Recruit,"Berlin, Germany",2026-09-30,https://www.linkedin.com/jobs/view/4473733630 , ,li-4473733630,fulltime,,,,,,False,mid-senior level,,,cw@eu-recruit.com,"Artificial Intelligence, Research Services, and IT System Data Services",https://uk.linkedin.com/company/european-tech-recruit,,,,,,,,,,,
linkedin,(Senior) Data Architect & Engineer SAP Business Data Cloud (m/w/d),Ernsting's family,"Münster, North Rhine-Westphalia, Germany",2026-09-30,https://www.linkedin.com/jobs/view/4472622039 , ,li-4472622039,fulltime,,,,,,False,entry level,,,,Textile Manufacturing,https://de.linkedin.com/company/ernstingsfamily,,,,,,,,,,,
linkedin,Manager Data Engineer (m/w/d),Tom Tailor,"Hamburg, Hamburg, Germany",2026-09-30,https://www.linkedin.com/jobs/view/4473727210 , ,li-4473727210,fulltime,,,,,,False,not applicable,,,,Retail Apparel and Fashion,https://de.linkedin.com/company/tomtailor,,,,,,,,,,,
linkedin,Data Engineer – Schwerpunkt Infrastruktur & Plattform*,Haeger Consulting GmbH,"Bonn, North Rhine-Westphalia, Germany",2026-09-30,https://www.linkedin.com/jobs/view/4473723282 , ,li-4473723282,fulltime,,,,,,False,associate,,,,Software Development,https://de.linkedin.com/company/haeger-consulting,,,,,,,,,,,
linkedin,Data Engineer – Schwerpunkt Programmierung & Datenpipelines*,Haeger Consulting GmbH,"Bonn, North Rhine-Westphalia, Germany",2026-09-30,https://www.linkedin.com/jobs/view/4473714901 , ,li-4473714901,fulltime,,,,,,False,associate,,,,Software Development,https://de.linkedin.com/company/haeger-consulting,,,,,,,,,,,
linkedin,Lead Software Engineer - Cloud & Data Platforms (m/f/d),Simon-Kucher,"Bonn, North Rhine-Westphalia, Germany",2026-09-30,https://www.linkedin.com/jobs/view/4472644192 , ,li-4472644192,fulltime,,,,,,False,mid-senior level,,,,Business Consulting and Services,https://de.linkedin.com/company/simon-kucher,,,,,,,,,,,
linkedin,Lead Software Engineer - Cloud & Data Platforms (m/f/d),Simon-Kucher,"Berlin, Berlin, Germany",2026-09-30,https://www.linkedin.com/jobs/view/4472636577 , ,li-4472636577,fulltime,,,,,,False,mid-senior level,,,,Business Consulting and Services,https://de.linkedin.com/company/simon-kucher,,,,,,,,,,,
linkedin,"Sales Excellence, Planning & Reporting Manager (m/w/d)",Bundesdruckerei-Gruppe,"Berlin, Berlin, Germany",2026-09-30,https://www.linkedin.com/jobs/view/4473772875 , ,li-4473772875,fulltime,,,,,,False,entry level,,,,IT Services and IT Consulting,https://de.linkedin.com/company/bundesdruckerei,,,,,,,,,,,
linkedin,Lead Software Engineer - Cloud & Data Platforms (m/f/d),Simon-Kucher,"Cologne, North Rhine-Westphalia, Germany",2026-09-30,https://www.linkedin.com/jobs/view/4472632758 , ,li-4472632758,fulltime,,,,,,False,mid-senior level,,,,Business Consulting and Services,https://de.linkedin.com/company/simon-kucher,,,,,,,,,,,
linkedin,Analytics Engineer – Finance Domain (m/f/d),Montblanc,"Hamburg, Hamburg, Germany",2026-09-30,https://www.linkedin.com/jobs/view/4445716532 , ,li-4445716532,fulltime,,,,,,False,associate,,,,Retail Luxury Goods and Jewelry,https://de.linkedin.com/company/montblanc,,,,,,,,,,,
linkedin,Practice Lead SAP Business Data Cloud (w/m/d),PCG - Public Cloud Group,Germany,2026-09-30,https://www.linkedin.com/jobs/view/4473785766 , ,li-4473785766,fulltime,,,,,,False,mid-senior level,,,,IT Services and IT Consulting,https://de.linkedin.com/company/publiccloudgroup,,,,,,,,,,,
linkedin,Forward Deployed Engineer,Kuro,"Berlin, Germany",2026-09-30,https://www.linkedin.com/jobs/view/4472168731 , ,li-4472168731,fulltime,,,,,,False,mid-senior level,,,,"IT Services and IT Consulting, Software Development, and Construction",https://de.linkedin.com/company/kuro-ai,,,,,,,,,,,
linkedin,Senior Solution Architect SAP Business Data Cloud (w/m/d),PCG - Public Cloud Group,Germany,2026-09-30,https://www.linkedin.com/jobs/view/4473900051 , ,li-4473900051,fulltime,,,,,,False,mid-senior level,,,,IT Services and IT Consulting,https://de.linkedin.com/company/publiccloudgroup,,,,,,,,,,,
linkedin,Senior Back End Specialist (m/f/d) - Financial Indexes,BITA,Frankfurt Rhine-Main Metropolitan Area,2026-09-30,https://www.linkedin.com/jobs/view/4452395457 , ,li-4452395457,fulltime,,,,,,False,director,,,,Financial Services,https://de.linkedin.com/company/bita-gmbh,,,,,,,,,,,
linkedin,Middleware Systemintegrator (m/w/d),BDW Feedmill Systems GmbH & Co. KG,"Vechta, Lower Saxony, Germany",2026-09-30,https://www.linkedin.com/jobs/view/4472609238 , ,li-4472609238,fulltime,,,,,,False,entry level,,,,Machinery Manufacturing,https://www.linkedin.com/company/bdw-feedmill-systems-gmbh-&-co.-kg,,,,,,,,,,,
linkedin,Senior Consultant (m/w/d) SAP BI/BW,DöhlerGroup,"Darmstadt, Hesse, Germany",2026-09-30,https://www.linkedin.com/jobs/view/4472604016 , ,li-4472604016,fulltime,,,,,,False,mid-senior level,,,,Food and Beverage Manufacturing,https://de.linkedin.com/company/doehler,,,,,,,,,,,
linkedin,Manager AI & Data Engineering (m/w/d),Deloitte,"Berlin, Germany",2026-09-30,https://www.linkedin.com/jobs/view/4262632247 , ,li-4262632247,fulltime,,,,,,False,mid-senior level,,,career@deloitte.de,Business Consulting and Services,https://www.linkedin.com/company/deloitte,,,,,,,,,,,
linkedin,Data Architect - Digital Health Excellence Center (w/m/d),EY,"Stuttgart, Baden-Württemberg, Germany",2026-09-30,https://www.linkedin.com/jobs/view/4385077672 , ,li-4385077672,fulltime,,,,,,False,mid-senior level,,,,Professional Services,https://uk.linkedin.com/company/ernstandyoung,,,,,,,,,,,
linkedin,"Database Engineer, Amazon Redshift",Amazon Web Services (AWS),"Berlin, Germany",2026-09-30,https://www.linkedin.com/jobs/view/4464637860 , ,li-4464637860,fulltime,,,,,,False,not applicable,,,,IT Services and IT Consulting,https://www.linkedin.com/company/amazon-web-services,,,,,,,,,,,
linkedin,Senior Backend Engineer: Machine Learning Infrastructure,Jobgether,Germany,2026-09-30,https://www.linkedin.com/jobs/view/4471977582 , ,li-4471977582,fulltime,description,yearly,80000.0,120000.0,USD,False,mid-senior level,,,,Internet Marketplace Platforms,https://be.linkedin.com/company/jobgether,,,,,,,,,,,
linkedin,Prozessentwickler Digitalisierung (m/w/d),KRONE GROUP,"Lübtheen, Mecklenburg-West Pomerania, Germany",2026-09-30,https://www.linkedin.com/jobs/view/4472301293 , ,li-4472301293,fulltime,,,,,,False,entry level,,,,Machinery Manufacturing,https://www.linkedin.com/company/kronegroup,,,,,,,,,,,
linkedin,Senior Datenmigrationsspezialist (m/w/d),CompuGroup Medical SE & Co. KGaA,"Coblenz, Rhineland-Palatinate, Germany",2026-09-30,https://www.linkedin.com/jobs/view/4256179114 , ,li-4256179114,fulltime,,,,,,False,mid-senior level,,,,IT Services and IT Consulting,https://de.linkedin.com/company/compugroup-medical,,,,,,,,,,,
linkedin,"Engineering Manager, Data & Analytics",Staffbase,"Berlin, Berlin, Germany",2026-09-30,https://www.linkedin.com/jobs/view/4473746176 , ,li-4473746176,fulltime,,,,,,False,mid-senior level,,,,"Technology, Information and Internet",https://de.linkedin.com/company/staffbase,,,,,,,,,,,
linkedin,"Software Dev Engineer - Big Data Processing, S3 - Data and Analytics",Amazon Web Services (AWS),"Berlin, Germany",2026-09-30,https://www.linkedin.com/jobs/view/4464646629 , ,li-4464646629,fulltime,,,,,,False,not applicable,,,,IT Services and IT Consulting,https://www.linkedin.com/company/amazon-web-services,,,,,,,,,,,
linkedin,Senior Software Developer - Mobility & Traffic Analytics,Ambrosys,"Potsdam, Brandenburg, Germany",2026-09-30,https://www.linkedin.com/jobs/view/4355091981 , ,li-4355091981,fulltime,,,,,,False,associate,,,,Software Development and IT Services and IT Consulting,https://de.linkedin.com/company/ambrosys,,,,,,,,,,,
linkedin,Software Engineer - Research Data Platform,Bioptimus,"Berlin, Berlin, Germany",2026-09-30,https://www.linkedin.com/jobs/view/4473741540 , ,li-4473741540,fulltime,,,,,,False,mid-senior level,,,,"Construction, Software Development, and IT Services and IT Consulting",https://fr.linkedin.com/company/bioptimus,,,,,,,,,,,
linkedin,Demand Planner Wholesale (f/m/d),BoF Careers,"Berlin, Berlin, Germany",2026-09-30,https://www.linkedin.com/jobs/view/4473735475 , ,li-4473735475,fulltime,,,,,,False,mid-senior level,,,,Advertising Services,https://www.linkedin.com/company/bof-careers,,,,,,,,,,,
linkedin,Lead Software Engineer - Cloud & Data Platforms (m/f/d),Simon-Kucher,"Frankfurt am Main, Hesse, Germany",2026-09-30,https://www.linkedin.com/jobs/view/4472624999 , ,li-4472624999,fulltime,,,,,,False,mid-senior level,,,,Business Consulting and Services,https://de.linkedin.com/company/simon-kucher,,,,,,,,,,,
linkedin,Data Engineer (m/f/d),Superchat,"Berlin, Berlin, Germany",2026-09-30,https://www.linkedin.com/jobs/view/4473928336 , ,li-4473928336,fulltime,,,,,,False,mid-senior level,,,,Software Development,https://de.linkedin.com/company/superchatcom,,,,,,,,,,,
linkedin,Backend Data Engineer (f/m/d),Hyundai AutoEver Europe GmbH,"Offenbach, Hesse, Germany",2026-09-30,https://www.linkedin.com/jobs/view/4472139579 , ,li-4472139579,fulltime,,,,,,False,associate,,,,IT Services and IT Consulting,https://de.linkedin.com/company/hyundai-autoever-europe-gmbh,,,,,,,,,,,
linkedin,(Senior) Developer Reporting SAP Analytics & Business Data Cloud (m/w/d),Ernsting's family,"Münster, North Rhine-Westphalia, Germany",2026-09-30,https://www.linkedin.com/jobs/view/4472612164 , ,li-4472612164,fulltime,,,,,,False,entry level,,,,Textile Manufacturing,https://de.linkedin.com/company/ernstingsfamily,,,,,,,,,,,
linkedin,Biostatistician (m/f/d),Incipiam,Greater Munich Metropolitan Area,2026-09-30,https://www.linkedin.com/jobs/view/4473746100 , ,li-4473746100,fulltime,,,,,,False,mid-senior level,,,,Staffing and Recruiting,https://de.linkedin.com/company/incipiam,,,,,,,,,,,
linkedin,Web Analyst (w/m/d),Bechtle Network & Security Solutions GmbH,"Neckarsulm, Baden-Württemberg, Germany",2026-09-30,https://www.linkedin.com/jobs/view/4472198559 , ,li-4472198559,fulltime,,,,,,False,mid-senior level,,,,IT Services and IT Consulting,https://de.linkedin.com/company/bechtle-network-security-solutions-gmbh,,,,,,,,,,,
linkedin,Referent Konzerncontrolling / Corporate Performance (w/m/d),Bechtle Network & Security Solutions GmbH,"Neckarsulm, Baden-Württemberg, Germany",2026-09-30,https://www.linkedin.com/jobs/view/4472602895 , ,li-4472602895,fulltime,,,,,,False,mid-senior level,,,,IT Services and IT Consulting,https://de.linkedin.com/company/bechtle-network-security-solutions-gmbh,,,,,,,,,,,
linkedin,(Senior) Manager M&A Analytics / Transaction Diligence (m/w/d) in Frankfurt (Main),Deloitte,"Frankfurt, Hesse, Germany",2026-09-30,https://www.linkedin.com/jobs/view/4369087670 , ,li-4369087670,fulltime,,,,,,False,mid-senior level,,,career@deloitte.de,Business Consulting and Services,https://www.linkedin.com/company/deloitte,,,,,,,,,,,
linkedin,(Senior) Manager SAP Analytics (m/w/d) in Köln,Deloitte,"Cologne, North Rhine-Westphalia, Germany",2026-09-30,https://www.linkedin.com/jobs/view/4378698143 , ,li-4378698143,fulltime,,,,,,False,mid-senior level,,,career@deloitte.de,Business Consulting and Services,https://www.linkedin.com/company/deloitte,,,,,,,,,,,
linkedin,(Senior) Manager SAP Analytics (m/w/d) in Stuttgart,Deloitte,"Stuttgart, Baden-Württemberg, Germany",2026-09-30,https://www.linkedin.com/jobs/view/4378678571 , ,li-4378678571,fulltime,,,,,,False,mid-senior level,,,career@deloitte.de,Business Consulting and Services,https://www.linkedin.com/company/deloitte,,,,,,,,,,,
linkedin,(Senior) Manager SAP Analytics (m/w/d) in Berlin,Deloitte,"Berlin, Germany",2026-09-30,https://www.linkedin.com/jobs/view/4378684412 , ,li-4378684412,fulltime,,,,,,False,mid-senior level,,,career@deloitte.de,Business Consulting and Services,https://www.linkedin.com/company/deloitte,,,,,,,,,,,
linkedin,Operations Strategy Associate,Jobgether,Germany,2026-09-30,https://www.linkedin.com/jobs/view/4471988452 , ,li-4471988452,volunteer,description,yearly,50000.0,80000.0,USD,False,entry level,,,,Internet Marketplace Platforms,https://be.linkedin.com/company/jobgether,,,,,,,,,,,
linkedin,Senior Consultant Data Platforms & Analytics (m/w/d),q.beyond AG,"Hamburg, Hamburg, Germany",2026-09-29,https://www.linkedin.com/jobs/view/4471955226 , ,li-4471955226,fulltime,,,,,,False,mid-senior level,,,,IT Services and IT Consulting,https://de.linkedin.com/company/qbeyond-ag,,,,,,,,,,,
linkedin,Data Engineer / BI Specialist (m/w/d),YER Deutschland,"Salzgitter, Lower Saxony, Germany",2026-09-29,https://www.linkedin.com/jobs/view/4473283446 , ,li-4473283446,contract,,,,,,False,associate,,,,Energy Technology,https://de.linkedin.com/company/yerdeutschland,,,,,,,,,,,
linkedin,Senior Analytics Engineer,Jobgether,Germany,2026-09-29,https://www.linkedin.com/jobs/view/4471597029 , ,li-4471597029,fulltime,description,yearly,80000.0,120000.0,USD,False,mid-senior level,,,,Internet Marketplace Platforms,https://be.linkedin.com/company/jobgether,,,,,,,,,,,
linkedin,Data Engineer,Zeta Global,"Berlin, Berlin, Germany",2026-09-29,https://www.linkedin.com/jobs/view/4471916345 , ,li-4471916345,fulltime,,,,,,False,entry level,,,,Software Development,https://www.linkedin.com/company/zetaglobal,,,,,,,,,,,
linkedin,Senior Ecosystem Database Engineer,Jobgether,Germany,2026-09-29,https://www.linkedin.com/jobs/view/4471590294 , ,li-4471590294,fulltime,,,,,,False,mid-senior level,,,,Internet Marketplace Platforms,https://be.linkedin.com/company/jobgether,,,,,,,,,,,
linkedin,Staff Software Engineer (m/f/d),Instaffo,"Hamburg, Hamburg, Germany",2026-09-29,https://www.linkedin.com/jobs/view/4473546085 , ,li-4473546085,fulltime,direct_data,yearly,100000.0,130000.0,EUR,False,mid-senior level,,,,Staffing and Recruiting,https://de.linkedin.com/company/instaffo-gmbh,,,,,,,,,,,
linkedin,Data Scientist Production (w/m/d),LANXESS,"Cologne, North Rhine-Westphalia, Germany",2026-09-29,https://www.linkedin.com/jobs/view/4471960112 , ,li-4471960112,fulltime,,,,,,False,mid-senior level,,,,Chemical Manufacturing,https://de.linkedin.com/company/lanxess,,,,,,,,,,,
linkedin,Senior Developer / Backend Engineer — Data Platform,ACCELERAID,"Mannheim, Baden-Württemberg, Germany",2026-09-29,https://www.linkedin.com/jobs/view/4472752514 , ,li-4472752514,fulltime,,,,,,False,mid-senior level,,,,Software Development,https://de.linkedin.com/company/acceleraid,,,,,,,,,,,
linkedin,IT Manager Business Intelligence (m/f/d)*,SCHOTT Pharma,"Mainz, Rhineland-Palatinate, Germany",2026-09-29,https://www.linkedin.com/jobs/view/4471596970 , ,li-4471596970,fulltime,,,,,,False,mid-senior level,,,,"Glass, Ceramics and Concrete Manufacturing",https://de.linkedin.com/company/schott-pharma,,,,,,,,,,,
linkedin,Team Lead Data Engineering & Consulting (m/w/d),q.beyond AG,"Hamburg, Hamburg, Germany",2026-09-29,https://www.linkedin.com/jobs/view/4471596860 , ,li-4471596860,fulltime,,,,,,False,mid-senior level,,,,IT Services and IT Consulting,https://de.linkedin.com/company/qbeyond-ag,,,,,,,,,,,
linkedin,SAP BW/4HANA Entwickler (m/w/d),Ströer SE & Co. KGaA,"Cologne, North Rhine-Westphalia, Germany",2026-09-29,https://www.linkedin.com/jobs/view/4463018717 , ,li-4463018717,fulltime,,,,,,False,entry level,,,,Advertising Services,https://de.linkedin.com/company/stroeer,,,,,,,,,,,
linkedin,Join Tech & Data,Arbeitnow - Jobs in Germany & UK,"Bielefeld, North Rhine-Westphalia, Germany",2026-09-29,https://www.linkedin.com/jobs/view/4473507070 , ,li-4473507070,fulltime,,,,,,False,entry level,,,,"Technology, Information and Internet",https://de.linkedin.com/company/arbeitnow,,,,,,,,,,,
linkedin,Lead Software Engineer (C#.NET) - Data & AI Products,SimCorp,"Bad Homburg, Hesse, Germany",2026-09-29,https://www.linkedin.com/jobs/view/4455262185 , ,li-4455262185,fulltime,,,,,,False,mid-senior level,,,,Software Development,https://dk.linkedin.com/company/simcorp,,,,,,,,,,,
linkedin,Senior Consultant (m/w/d) Data Engineering SAP BW / SAP Datasphere,Windhoff Group,Germany,2026-09-29,https://www.linkedin.com/jobs/view/4471712389 , ,li-4471712389,fulltime,direct_data,yearly,60000.0,100000.0,EUR,False,mid-senior level,,,,IT Services and IT Consulting,https://de.linkedin.com/company/windhoff,,,,,,,,,,,
linkedin,Lead Data Architect,AI Futures,"Berlin, Germany",2026-09-29,https://www.linkedin.com/jobs/view/4471744876 , ,li-4471744876,fulltime,direct_data,yearly,90000.0,130000.0,EUR,False,mid-senior level,,,,Artificial Intelligence and Software Development,https://uk.linkedin.com/company/aifuturesgroup,,,,,,,,,,,
linkedin,Join Tech & Data (m/w/d),getspecialfasteners.com,"Bielefeld, North Rhine-Westphalia, Germany",2026-09-29,https://www.linkedin.com/jobs/view/4471299536 , ,li-4471299536,fulltime,direct_data,yearly,50000.0,85000.0,EUR,False,entry level,,,,"Technology, Information and Media",https://de.linkedin.com/company/getspecialfasteners-com,,,,,,,,,,,
linkedin,Lead AI Data Engineer,HERE Technologies,"Berlin, Berlin, Germany",2026-09-29,https://www.linkedin.com/jobs/view/4453630445 , ,li-4453630445,fulltime,,,,,,False,mid-senior level,,,,IT Services and IT Consulting,https://nl.linkedin.com/company/here,,,,,,,,,,,
linkedin,ML Data Engineer,XpertDirect,"Berlin, Berlin, Germany",2026-09-29,https://www.linkedin.com/jobs/view/4471700955 , ,li-4471700955,fulltime,,,,,,False,mid-senior level,,,,Software Development,https://es.linkedin.com/company/xpertdirect,,,,,,,,,,,
linkedin,(Senior) Manager SAP Analytics (m/w/d),Deloitte,"Walldorf, Thuringia, Germany",2026-09-29,https://www.linkedin.com/jobs/view/4378693251 , ,li-4378693251,fulltime,,,,,,False,mid-senior level,,,career@deloitte.de,Business Consulting and Services,https://www.linkedin.com/company/deloitte,,,,,,,,,,,
linkedin,Data Engineer - Fintech - remote (w/m/d),Europace Ratenkredit GmbH,Germany,2026-09-29,https://www.linkedin.com/jobs/view/4462879199 , ,li-4462879199,fulltime,,,,,,True,associate,,,,Financial Services,https://de.linkedin.com/company/europace-ratenkredit-gmbh,,,,,,,,,,,
linkedin,Senior Data Platform Engineer,Andercore,"Berlin, Germany",2026-09-29,https://www.linkedin.com/jobs/view/4471580873 , ,li-4471580873,fulltime,,,,,,False,mid-senior level,,,,International Trade and Development,https://de.linkedin.com/company/andercore-com,,,,,,,,,,,
linkedin,Senior Data Engineer (all genders),Thinkport GmbH,Germany,2026-09-29,https://www.linkedin.com/jobs/view/4471593923 , ,li-4471593923,fulltime,,,,,,False,associate,,,,IT Services and IT Consulting,https://de.linkedin.com/company/thinkport,,,,,,,,,,,
linkedin,Senior Data Warehouse Engineer,Jobgether,Germany,2026-09-29,https://www.linkedin.com/jobs/view/4471276244 , ,li-4471276244,fulltime,description,yearly,152000.0,205000.0,USD,False,mid-senior level,,,,Internet Marketplace Platforms,https://be.linkedin.com/company/jobgether,,,,,,,,,,,
linkedin,Data Engineer (m/f/d),A11,"Berlin, Germany",2026-09-29,https://www.linkedin.com/jobs/view/4473282489 , ,li-4473282489,fulltime,,,,,,False,entry level,,,,Business Consulting and Services,https://de.linkedin.com/company/a11-global,,,,,,,,,,,
linkedin,(Senior) Data Analyst – CRM & Marketing Analytics (m/w/d),Peek & Cloppenburg* Düsseldorf,"Düsseldorf, North Rhine-Westphalia, Germany",2026-09-29,https://www.linkedin.com/jobs/view/4464466459 , ,li-4464466459,fulltime,,,,,,False,entry level,,,karriere@peek-cloppenburg.de,Retail Apparel and Fashion,https://de.linkedin.com/company/peek-cloppenburg-duesseldorf,,,,,,,,,,,
linkedin,Data Analyst,Haystack,"Bavaria, Germany",2026-09-29,https://www.linkedin.com/jobs/view/4471978219 , ,li-4471978219,fulltime,,,,,,False,mid-senior level,,,,"Technology, Information and Media",https://uk.linkedin.com/company/wearehaystack,,,,,,,,,,,
linkedin,(Senior) Data Analyst (m/w/d),A11,"Berlin, Germany",2026-09-29,https://www.linkedin.com/jobs/view/4473291201 , ,li-4473291201,fulltime,,,,,,False,mid-senior level,,,,Business Consulting and Services,https://de.linkedin.com/company/a11-global,,,,,,,,,,,
linkedin,Senior Data Analyst - Operations (m/f/x),FINN,Germany,2026-09-29,https://www.linkedin.com/jobs/view/4337647839 , ,li-4337647839,fulltime,,,,,,False,mid-senior level,,,,"Motor Vehicle Manufacturing and Technology, Information and Internet",https://de.linkedin.com/company/finn-auto,,,,,,,,,,,
linkedin,"Specialist ERP Systeme, Datenmanagement und Digitalisierung (m/w/d)","Woodward, Inc.","Glatten, Baden-Württemberg, Germany",2026-09-29,https://www.linkedin.com/jobs/view/4462236034 , ,li-4462236034,fulltime,,,,,,False,mid-senior level,,,dana.diebold@woodward.com,Manufacturing,https://www.linkedin.com/company/woodwardinc,,,,,,,,,,,
linkedin,(Senior) Manager SAP Analytics (m/w/d) in München,Deloitte,"Munich, Bavaria, Germany",2026-09-29,https://www.linkedin.com/jobs/view/4378692294 , ,li-4378692294,fulltime,,,,,,False,mid-senior level,,,career@deloitte.de,Business Consulting and Services,https://www.linkedin.com/company/deloitte,,,,,,,,,,,
linkedin,Consultant Controlling Systeme &amp; Data Analytics - Fleischwaren (m/w/d),Kaufland,"Heilbronn, Baden-Württemberg, Germany",2026-09-29,https://www.linkedin.com/jobs/view/4471738297 , ,li-4471738297,fulltime,,,,,,False,entry level,,,,Retail,https://de.linkedin.com/company/kaufland-deutschland,,,,,,,,,,,
linkedin,Consultant (w/m/d) BI & Analytics (all levels),Horváth,"Stuttgart, Baden-Württemberg, Germany",2026-09-29,https://www.linkedin.com/jobs/view/3580585619 , ,li-3580585619,fulltime,,,,,,False,not applicable,,,,Business Consulting and Services,https://de.linkedin.com/company/horvathpartners,,,,,,,,,,,
linkedin,Senior Data Scientist — Data Cloud Acceleration,Zeta Global,"Berlin, Berlin, Germany",2026-09-29,https://www.linkedin.com/jobs/view/4463514158 , ,li-4463514158,fulltime,,,,,,False,mid-senior level,,,,Software Development,https://www.linkedin.com/company/zetaglobal,,,,,,,,,,,
linkedin,Teamleitung Audiencemanagement (m/w/d),Ströer SE & Co. KGaA,"Cologne, North Rhine-Westphalia, Germany",2026-09-29,https://www.linkedin.com/jobs/view/4460726503 , ,li-4460726503,fulltime,,,,,,False,associate,,,,Advertising Services,https://de.linkedin.com/company/stroeer,,,,,,,,,,,
linkedin,Referent Prozess-/Datenanalyse Netzanschluss-/Geräteprozesse (m/w/d),Westnetz,"Dortmund, North Rhine-Westphalia, Germany",2026-09-29,https://www.linkedin.com/jobs/view/4444150159 , ,li-4444150159,fulltime,,,,,,False,associate,,,tanja.eckert@westnetz.de,Utilities,https://de.linkedin.com/company/westnetz,,,,,,,,,,,
linkedin,Data Specialist – Data Engineering & Quality,FRED Executive Search,"Frankfurt, Hesse, Germany",2026-09-29,https://www.linkedin.com/jobs/view/4473200697 , ,li-4473200697,fulltime,,,,,,False,associate,,,,Banking and Investment Banking,https://de.linkedin.com/company/fred-executive-search,,,,,,,,,,,
linkedin,Senior SAP Business Intelligence Consultant,PIKON Germany,Germany,2026-09-29,https://www.linkedin.com/jobs/view/4473266106 , ,li-4473266106,fulltime,,,,,,False,associate,,,,IT Services and IT Consulting,https://de.linkedin.com/company/pikon,,,,,,,,,,,
linkedin,(Senior) Analyst – Data & AI Advisory Germany,Avanade,"Kronberg, Hesse, Germany",2026-09-29,https://www.linkedin.com/jobs/view/4473505644 , ,li-4473505644,volunteer,,,,,,False,entry level,,,,IT Services and IT Consulting,https://www.linkedin.com/company/avanade,,,,,,,,,,,
linkedin,"Assistant Vice President, Quantitative Analyst, Structured Finance",Morningstar,"Frankfurt, Hesse, Germany",2026-09-29,https://www.linkedin.com/jobs/view/4470936740 , ,li-4470936740,fulltime,,,,,,False,mid-senior level,,,,Financial Services,https://www.linkedin.com/company/morningstar,,,,,,,,,,,
linkedin,Regulierungsmanager (w|m|d) Datenanalyse & Energiewende,SWK AG,"Krefeld, North Rhine-Westphalia, Germany",2026-09-29,https://www.linkedin.com/jobs/view/4471297676 , ,li-4471297676,fulltime,,,,,,False,mid-senior level,,,,Utilities,https://de.linkedin.com/company/swk-konzern,,,,,,,,,,,
linkedin,Data Scientist - Content,trivago,"Düsseldorf, North Rhine-Westphalia, Germany",2026-09-29,https://www.linkedin.com/jobs/view/4471906405 , ,li-4471906405,fulltime,,,,,,False,mid-senior level,,,joinus@trivago.com,Internet Publishing,https://de.linkedin.com/company/trivagonv,,,,,,,,,,,
linkedin,Duales Studium Data Science & KI in Kooperation mit der DHBW Lörrach 2026/27,Seqonis,"Bad Säckingen, Baden-Württemberg, Germany",2026-09-29,https://www.linkedin.com/jobs/view/4471734509 , ,li-4471734509,fulltime,,,,,,False,internship,,,career@eschbach.com,Software Development,https://de.linkedin.com/company/eschbachit-gmbh,,,,,,,,,,,
linkedin,Senior Expert Flexibilitätsvermarktung & Optimierung (m/w/d),e-regio GmbH & Co. KG,"Euskirchen, North Rhine-Westphalia, Germany",2026-09-29,https://www.linkedin.com/jobs/view/4445891629 , ,li-4445891629,fulltime,,,,,,False,mid-senior level,,,,Utilities,https://de.linkedin.com/company/e-regio,,,,,,,,,,,
linkedin,(Senior) Manager M&A Analytics / Transaction Diligence (m/w/d) in Düsseldorf,Deloitte,"Düsseldorf, North Rhine-Westphalia, Germany",2026-09-29,https://www.linkedin.com/jobs/view/4369202458 , ,li-4369202458,fulltime,,,,,,False,mid-senior level,,,career@deloitte.de,Business Consulting and Services,https://www.linkedin.com/company/deloitte,,,,,,,,,,,
linkedin,(Senior) Manager SAP Analytics (m/w/d) in Leipzig,Deloitte,"Leipzig, Saxony, Germany",2026-09-29,https://www.linkedin.com/jobs/view/4378685432 , ,li-4378685432,fulltime,,,,,,False,mid-senior level,,,career@deloitte.de,Business Consulting and Services,https://www.linkedin.com/company/deloitte,,,,,,,,,,,
linkedin,(Senior) Revenue Operations Manager (on-site),Cloover,"Berlin, Berlin, Germany",2026-09-29,https://www.linkedin.com/jobs/view/4455276684 , ,li-4455276684,fulltime,,,,,,False,associate,,,,Software Development,https://de.linkedin.com/company/cloover,,,,,,,,,,,
linkedin,Manager AI & Data Analytics / Data Science (m/w/d) in Berlin,Deloitte,"Berlin, Germany",2026-09-29,https://www.linkedin.com/jobs/view/4318199028 , ,li-4318199028,fulltime,,,,,,False,mid-senior level,,,career@deloitte.de,Business Consulting and Services,https://www.linkedin.com/company/deloitte,,,,,,,,,,,
linkedin,Teamleiter Operatives Controlling (m/w/d),MERKUR GROUP,"Lübbecke, North Rhine-Westphalia, Germany",2026-09-29,https://www.linkedin.com/jobs/view/4462833808 , ,li-4462833808,fulltime,,,,,,False,mid-senior level,,,,Gambling Facilities and Casinos,https://de.linkedin.com/company/merkur-group,,,,,,,,,,,
linkedin,Consultant Supply Chain Management (m/w/d),Lidl in Germany,"Neckarsulm, Baden-Württemberg, Germany",2026-09-29,https://www.linkedin.com/jobs/view/4454508092 , ,li-4454508092,fulltime,,,,,,False,mid-senior level,,,,"Retail, Food and Beverage Services, and Retail Groceries",https://de.linkedin.com/company/lidl-in-deutschland,,,,,,,,,,,
linkedin,(Junior) Market Analyst (m/w/d),DMG MORI,"Munich, Bavaria, Germany",2026-09-29,https://www.linkedin.com/jobs/view/4473219129 , ,li-4473219129,fulltime,,,,,,False,associate,,,,Machinery Manufacturing,https://de.linkedin.com/company/dmgmori,,,,,,,,,,,
linkedin,(Senior) Manager M&A Analytics / Transaction Diligence (m/w/d) in Hamburg,Deloitte,"Hamburg, Hamburg, Germany",2026-09-29,https://www.linkedin.com/jobs/view/4369200492 , ,li-4369200492,fulltime,,,,,,False,mid-senior level,,,career@deloitte.de,Business Consulting and Services,https://www.linkedin.com/company/deloitte,,,,,,,,,,,
linkedin,Business Intelligence Expert (m/w/d),PAYONE Austria GmbH,Frankfurt Rhine-Main Metropolitan Area,2026-09-29,https://www.linkedin.com/jobs/view/4473227584 , ,li-4473227584,fulltime,,,,,,False,mid-senior level,,,,Financial Services,https://at.linkedin.com/company/payone-austria-gmbh,,,,,,,,,,,
linkedin,Wir verwenden Cookies auf unserer Website.,Stadtwerke Nienburg/Weser,"Hamburg, Hamburg, Germany",2026-09-29,https://www.linkedin.com/jobs/view/4471597324 , ,li-4471597324,fulltime,,,,,,False,entry level,,,"bewerbung@stadtwerke-nienburg.de, bewerbung@stadtwerke-nienburg.de",Utilities,https://de.linkedin.com/company/stadtwerkenienburg,,,,,,,,,,,
linkedin,Vertriebscontroller (m/w/d),LaminatDEPOT - Peter & Schaffart GmbH,"Velbert, North Rhine-Westphalia, Germany",2026-09-29,https://www.linkedin.com/jobs/view/4471261324 , ,li-4471261324,fulltime,,,,,,False,mid-senior level,,,,Retail,https://de.linkedin.com/company/laminatdepot,,,,,,,,,,,
linkedin,eCommerce Growth Analyst (all genders),Distribusion Technologies,"Berlin, Germany",2026-09-29,https://www.linkedin.com/jobs/view/4471700052 , ,li-4471700052,fulltime,,,,,,False,mid-senior level,,,talent@distribusion.com,"Technology, Information and Internet",https://de.linkedin.com/company/distribusion,,,,,,,,,,,
linkedin,Experte Data Analytics & Projektmanagement in der Einkaufssteuerung / Governance (m/w/d),Vonovia,"Bochum, North Rhine-Westphalia, Germany",2026-09-29,https://www.linkedin.com/jobs/view/4473229969 , ,li-4473229969,fulltime,,,,,,False,mid-senior level,,,,Real Estate,https://de.linkedin.com/company/vonovia,,,,,,,,,,,
linkedin,Marketing Performance Analyst (m/w/d),Genesis,Frankfurt Rhine-Main Metropolitan Area,2026-09-29,https://www.linkedin.com/jobs/view/4473273775 , ,li-4473273775,fulltime,,,,,,False,entry level,,,,"Motor Vehicle Manufacturing, Retail Motor Vehicles, and Wholesale Motor Vehicles and Parts",https://kr.linkedin.com/company/genesisworldwide,,,,,,,,,,,
linkedin,CRM Manager/ RevOps Analyst (m/w/d),Crewmeister,"Munich, Bavaria, Germany",2026-09-29,https://www.linkedin.com/jobs/view/4463507045 , ,li-4463507045,fulltime,,,,,,False,entry level,,,people@crewmeister.com,"Technology, Information and Internet",https://de.linkedin.com/company/crewmeister,,,,,,,,,,,
linkedin,Performance Controller Sales (m/w/d),Rocken®,"Zülpich, North Rhine-Westphalia, Germany",2026-09-29,https://www.linkedin.com/jobs/view/4471905122 , ,li-4471905122,fulltime,direct_data,yearly,76000.0,88000.0,EUR,False,mid-senior level,,,,Internet Publishing,https://ch.linkedin.com/company/rockenjobs,,,,,,,,,,,
linkedin,Senior Business Analyst (all genders) - Lounge by Zalando - Parental Leave Cover (12 months),Zalando,"Berlin, Berlin, Germany",2026-09-29,https://www.linkedin.com/jobs/view/4462510338 , ,li-4462510338,fulltime,,,,,,False,mid-senior level,,,,Retail,https://de.linkedin.com/company/zalando,,,,,,,,,,,
linkedin,Senior Data & Analytics Consultant (m/w/d) - Microsoft Fabric,Dataciders SE,"Bavaria, Germany",2026-09-29,https://www.linkedin.com/jobs/view/4471905231 , ,li-4471905231,fulltime,,,,,,False,associate,,,,IT Services and IT Consulting,https://de.linkedin.com/company/dataciders,,,,,,,,,,,
linkedin,Power BI Analyst (gn),Gi Life Sciences,"Hamburg, Germany",2026-09-29,https://www.linkedin.com/jobs/view/4471711455 , ,li-4471711455,contract,,,,,,False,associate,,,lenard.leuchtmann@gigroup.com,Consumer Services and Chemical Manufacturing,https://fr.linkedin.com/company/gi-life-sciences,,,,,,,,,,,
linkedin,"E-Commerce Data, Automation & AI Manager (m/w/d)",Philips,"Hamburg, Hamburg, Germany",2026-09-29,https://www.linkedin.com/jobs/view/4444325902 , ,li-4444325902,fulltime,,,,,,False,mid-senior level,,,,Hospitals and Health Care,https://nl.linkedin.com/company/philips,,,,,,,,,,,
linkedin,Senior Consultant (all genders) SAP Analytics Cloud,valantic,"Hamburg, Hamburg, Germany",2026-09-29,https://www.linkedin.com/jobs/view/4452242778 , ,li-4452242778,fulltime,,,,,,False,mid-senior level,,,,Business Consulting and Services,https://de.linkedin.com/company/valantic,,,,,,,,,,,
linkedin,Retail Media Insights & Strategy Manager (m/w/d),Redcare Pharmacy,"Cologne, North Rhine-Westphalia, Germany",2026-09-29,https://www.linkedin.com/jobs/view/4471703636 , ,li-4471703636,fulltime,,,,,,False,mid-senior level,,,,Software Development and IT Services and IT Consulting,https://nl.linkedin.com/company/redcare-pharmacy-com,,,,,,,,,,,
linkedin,Retail Media Insights & Strategy Manager (m/w/d),Redcare Pharmacy,"Berlin, Berlin, Germany",2026-09-29,https://www.linkedin.com/jobs/view/4471705611 , ,li-4471705611,fulltime,,,,,,False,mid-senior level,,,,Software Development and IT Services and IT Consulting,https://nl.linkedin.com/company/redcare-pharmacy-com,,,,,,,,,,,
linkedin,Freelance Data Engineer (Postgres / Systemintegration),JUNI,"Mitte, Berlin, Germany",2026-09-29,https://www.linkedin.com/jobs/view/4472750066 , ,li-4472750066,fulltime,,,,,,False,entry level,,,,Higher Education,https://de.linkedin.com/company/juni-science,,,,,,,,,,,
linkedin,Power BI / Data & Reporting Specialist (all gender) – Microsoft Power Platform & Dataverse 700,ALTEN,Germany,2026-09-28,https://www.linkedin.com/jobs/view/4433174378 , ,li-4433174378,fulltime,,,,,,False,entry level,,,,Machinery Manufacturing and Aviation and Aerospace Component Manufacturing,https://fr.linkedin.com/company/alten,,,,,,,,,,,
linkedin,"Referent (m/w/d) Unternehmensentwicklung, Schwerpunkt Markt- und Kundendaten",BG Kliniken,"Berlin, Germany",2026-09-28,https://www.linkedin.com/jobs/view/4470885040 , ,li-4470885040,fulltime,,,,,,False,associate,,,,"Hospitals and Health Care, Public Health, and Hospitals",https://de.linkedin.com/company/bg-kliniken,,,,,,,,,,,
linkedin,Senior Web Analyst,TALENT AVENUE,Frankfurt Rhine-Main Metropolitan Area,2026-09-28,https://www.linkedin.com/jobs/view/4462038461 , ,li-4462038461,fulltime,,,,,,False,mid-senior level,,,,Marketing Services and Advertising Services,https://uk.linkedin.com/company/talent-avenue-uk,,,,,,,,,,,
linkedin,Game Data Analyst (f/m/d),Kolibri Games,"Berlin, Germany",2026-09-28,https://www.linkedin.com/jobs/view/4462219549 , ,li-4462219549,fulltime,,,,,,False,mid-senior level,,,,Entertainment Providers,https://de.linkedin.com/company/kolibri-games,,,,,,,,,,,
linkedin,SAP S2P Data Analyst (m/f/d),KWS Group,"Berlin, Germany",2026-09-28,https://www.linkedin.com/jobs/view/4472726721 , ,li-4472726721,fulltime,,,,,,False,associate,,,,Farming and Biotechnology Research,https://de.linkedin.com/company/kwsgroup,,,,,,,,,,,
linkedin,Sales Performance Analyst (m/f/d),DISH Digital Solutions,"Düsseldorf, North Rhine-Westphalia, Germany",2026-09-28,https://www.linkedin.com/jobs/view/4471505018 , ,li-4471505018,fulltime,,,,,,False,associate,,,,Accommodation and Food Services and IT Services and IT Consulting,https://de.linkedin.com/company/dishdigitalsolutions,,,,,,,,,,,
linkedin,Data Analyst (gn*) im Controlling,Universitätsklinikum Münster,"Münster, North Rhine-Westphalia, Germany",2026-09-28,https://www.linkedin.com/jobs/view/4470310893 , ,li-4470310893,fulltime,,,,,,False,entry level,,,,Hospitals and Health Care,https://de.linkedin.com/company/ukm-uniklinikum-muenster,,,,,,,,,,,
linkedin,"Manager Data Analytics, Global Marketing (m/f/d)",Sonova Group,"Berlin, Germany",2026-09-28,https://www.linkedin.com/jobs/view/4472711447 , ,li-4472711447,fulltime,,,,,,False,mid-senior level,,,,Medical Equipment Manufacturing,https://ch.linkedin.com/company/sonovagroup,,,,,,,,,,,
linkedin,Product Analyst Lead,Yazio,Greater Munich Metropolitan Area,2026-09-28,https://www.linkedin.com/jobs/view/4470835722 , ,li-4470835722,fulltime,,,,,,False,mid-senior level,,,,Wellness and Fitness Services,https://de.linkedin.com/company/yazio,,,,,,,,,,,
linkedin,Product Analyst Lead,Yazio,Berlin Metropolitan Area,2026-09-28,https://www.linkedin.com/jobs/view/4470831843 , ,li-4470831843,fulltime,,,,,,False,mid-senior level,,,,Wellness and Fitness Services,https://de.linkedin.com/company/yazio,,,,,,,,,,,
linkedin,(Senior) Manager Data Analytics & Business Insights (m/w/d) in München,Deloitte,"Munich, Bavaria, Germany",2026-09-28,https://www.linkedin.com/jobs/view/4367614287 , ,li-4367614287,fulltime,,,,,,False,mid-senior level,,,career@deloitte.de,Business Consulting and Services,https://www.linkedin.com/company/deloitte,,,,,,,,,,,
linkedin,(Junior) Growth Analyst (m/w/d),DrAnsay,Germany,2026-09-28,https://www.linkedin.com/jobs/view/4471326886 , ,li-4471326886,fulltime,,,,,,False,associate,,,,Hospitals and Health Care,https://de.linkedin.com/company/dransay,,,,,,,,,,,
linkedin,Data Analyst,Tripledot Studios,"Berlin, Germany",2026-09-28,https://www.linkedin.com/jobs/view/4473002500 , ,li-4473002500,fulltime,,,,,,False,entry level,,,,Computer Games,https://uk.linkedin.com/company/tripledot-studios,,,,,,,,,,,
linkedin,BI Specialist - Financial Reporting & Data Analytics,Bell Schweiz AG,"Radolfzell, Baden-Württemberg, Germany",2026-09-28,https://www.linkedin.com/jobs/view/4470857092 , ,li-4470857092,fulltime,,,,,,False,mid-senior level,,,,Manufacturing,https://ch.linkedin.com/company/bell-schweiz-ag,,,,,,,,,,,
linkedin,Business Analyst  (m/w/d),Netto Marken-Discount,"Maxhütte-Haidhof, Bavaria, Germany",2026-09-28,https://www.linkedin.com/jobs/view/4379993412 , ,li-4379993412,fulltime,,,,,,False,associate,,,,Retail,https://de.linkedin.com/company/netto-marken-discount,,,,,,,,,,,
linkedin,"Data, Economic & Impact Analyst",NTU International A/S,"Berlin, Germany",2026-09-28,https://www.linkedin.com/jobs/view/4472704677 , ,li-4472704677,contract,,,,,,False,associate,,,recruitment@ntu.eu,International Affairs,https://dk.linkedin.com/company/ntu-international,,,,,,,,,,,
linkedin,Junior Business Analyst  (m/w/d),Netto Marken-Discount,"Maxhütte-Haidhof, Bavaria, Germany",2026-09-28,https://www.linkedin.com/jobs/view/4466422012 , ,li-4466422012,fulltime,,,,,,False,entry level,,,,Retail,https://de.linkedin.com/company/netto-marken-discount,,,,,,,,,,,
linkedin,Senior Manager Data Analytics (m/w/d) bei der Sparkasse KölnBonn,Sparkasse KölnBonn,"Cologne, North Rhine-Westphalia, Germany",2026-09-28,https://www.linkedin.com/jobs/view/4464316763 , ,li-4464316763,fulltime,,,,,,False,mid-senior level,,,jacqueline.schmidt@sparkasse-koelnbonn.de,Banking,https://de.linkedin.com/company/sparkasse-koelnbonn,,,,,,,,,,,
linkedin,Director Strategic Data Analytics (m/f/d),Fresenius Kabi,"Bad Homburg, Hesse, Germany",2026-09-28,https://www.linkedin.com/jobs/view/4471380653 , ,li-4471380653,fulltime,,,,,,False,mid-senior level,,,,Pharmaceutical Manufacturing,https://de.linkedin.com/company/freseniuskabi,,,,,,,,,,,
linkedin,Fraud Analyst,Tripledot Studios,"Berlin, Germany",2026-09-28,https://www.linkedin.com/jobs/view/4472792828 , ,li-4472792828,fulltime,,,,,,False,entry level,,,,Computer Games,https://uk.linkedin.com/company/tripledot-studios,,,,,,,,,,,
linkedin,Senior Specialist Operations Research (All Genders),zooplus,"Munich, Bavaria, Germany",2026-09-28,https://www.linkedin.com/jobs/view/4466289013 , ,li-4466289013,fulltime,,,,,,False,mid-senior level,,,,Retail,https://de.linkedin.com/company/zooplus-se,,,,,,,,,,,
linkedin,Marketing Analyst,Found By Few,Germany,2026-09-28,https://www.linkedin.com/jobs/view/4459940755 , ,li-4459940755,fulltime,,,,,,False,mid-senior level,,,louis@foundbyfew.com,Marketing Services and Data Infrastructure and Analytics,https://uk.linkedin.com/company/foundbyfew,,,,,,,,,,,
linkedin,Global Sales Controlling & Market Analytics (m/w/d),Knorr-Bremse AG,"Munich, Bavaria, Germany",2026-09-28,https://www.linkedin.com/jobs/view/4425327943 , ,li-4425327943,fulltime,,,,,,False,mid-senior level,,,,Motor Vehicle Manufacturing,https://de.linkedin.com/company/knorr-bremse,,,,,,,,,,,
linkedin,Product Analyst Lead,Yazio,Greater Hamburg Area,2026-09-28,https://www.linkedin.com/jobs/view/4470832856 , ,li-4470832856,fulltime,,,,,,False,mid-senior level,,,,Wellness and Fitness Services,https://de.linkedin.com/company/yazio,,,,,,,,,,,
linkedin,Consultant Advanced Analytics Transaction Services (f/m/d),PwC Deutschland,"Munich, Bavaria, Germany",2026-09-28,https://www.linkedin.com/jobs/view/4471340727 , ,li-4471340727,fulltime,,,,,,False,mid-senior level,,,,Accounting and Legal Services,https://de.linkedin.com/company/pwc-deutschland,,,,,,,,,,,
linkedin,Consultant Advanced Analytics Transaction Services (f/m/d),PwC Deutschland,"Düsseldorf, North Rhine-Westphalia, Germany",2026-09-28,https://www.linkedin.com/jobs/view/4471347286 , ,li-4471347286,fulltime,,,,,,False,mid-senior level,,,,Accounting and Legal Services,https://de.linkedin.com/company/pwc-deutschland,,,,,,,,,,,
linkedin,Senior Data Scientist (m/f/d),Instaffo,"Munich, Bavaria, Germany",2026-09-28,https://www.linkedin.com/jobs/view/4444986262 , ,li-4444986262,fulltime,,,,,,False,mid-senior level,,,,Staffing and Recruiting,https://de.linkedin.com/company/instaffo-gmbh,,,,,,,,,,,
linkedin,(Senior) Manager M&A Analytics / Transaction Diligence (m/w/d) in München,Deloitte,"Munich, Bavaria, Germany",2026-09-28,https://www.linkedin.com/jobs/view/4369097515 , ,li-4369097515,fulltime,,,,,,False,mid-senior level,,,career@deloitte.de,Business Consulting and Services,https://www.linkedin.com/company/deloitte,,,,,,,,,,,
linkedin,Consultant M&A Analytics - Transaction Diligence (m/w/d) in München,Deloitte,"Munich, Bavaria, Germany",2026-09-28,https://www.linkedin.com/jobs/view/4369082680 , ,li-4369082680,fulltime,,,,,,False,entry level,,,career@deloitte.de,Business Consulting and Services,https://www.linkedin.com/company/deloitte,,,,,,,,,,,
linkedin,Manager Controlling Transformation – Analytics & AI (m/f/d),tesa,"Hamburg, Germany",2026-09-28,https://www.linkedin.com/jobs/view/4426679047 , ,li-4426679047,fulltime,,,,,,False,mid-senior level,,,,Chemical Manufacturing,https://de.linkedin.com/company/tesa,,,,,,,,,,,
linkedin,Global Procurement Excellence & Analytics Manager (m/w/d),Schülke & Mayr,"Norderstedt, Schleswig-Holstein, Germany",2026-09-28,https://www.linkedin.com/jobs/view/4461099635 , ,li-4461099635,fulltime,,,,,,False,associate,,,,Chemical Manufacturing and Pharmaceutical Manufacturing,https://de.linkedin.com/company/schulke-&-mayr,,,,,,,,,,,
linkedin,Assistenz im Preismanagement (m/w/d),NEXEN TIRE Europe,"Kelkheim, Hesse, Germany",2026-09-28,https://www.linkedin.com/jobs/view/4470867094 , ,li-4470867094,fulltime,,,,,,False,entry level,,,hr.de@nexentire.com,Motor Vehicle Manufacturing,https://de.linkedin.com/company/nexen-tire-europe,,,,,,,,,,,
linkedin,(Senior) Manager M&A Analytics / Transaction Diligence (m/w/d) in Stuttgart,Deloitte,"Stuttgart, Baden-Württemberg, Germany",2026-09-28,https://www.linkedin.com/jobs/view/4369087669 , ,li-4369087669,fulltime,,,,,,False,mid-senior level,,,career@deloitte.de,Business Consulting and Services,https://www.linkedin.com/company/deloitte,,,,,,,,,,,
linkedin,Financial Analyst (m/w/d),DrAnsay,Germany,2026-09-28,https://www.linkedin.com/jobs/view/4471345004 , ,li-4471345004,fulltime,,,,,,False,associate,,,,Hospitals and Health Care,https://de.linkedin.com/company/dransay,,,,,,,,,,,
linkedin,Sales Operations & Analytics Manager (m/w/d),everdrop,"Munich, Bavaria, Germany",2026-09-28,https://www.linkedin.com/jobs/view/4472494321 , ,li-4472494321,fulltime,,,,,,False,associate,,,,Soap and Cleaning Product Manufacturing,https://de.linkedin.com/company/everdrop,,,,,,,,,,,
linkedin,Senior Cloud Data Platform Engineer (m/w/d) in Köln,Deloitte,"Cologne, North Rhine-Westphalia, Germany",2026-09-28,https://www.linkedin.com/jobs/view/4444973364 , ,li-4444973364,fulltime,,,,,,False,associate,,,career@deloitte.de,Business Consulting and Services,https://www.linkedin.com/company/deloitte,,,,,,,,,,,
linkedin,Senior Ecosystem Database Engineer m/f/x,CrateDB,Germany,2026-09-28,https://www.linkedin.com/jobs/view/4471334469 , ,li-4471334469,fulltime,,,,,,False,associate,,,,Software Development,https://at.linkedin.com/company/crateio,,,,,,,,,,,
linkedin,SAP Data & Analytics Consultant (m/w/d),Dataciders SE,Germany,2026-09-28,https://www.linkedin.com/jobs/view/4471521172 , ,li-4471521172,fulltime,,,,,,False,associate,,,jobs@dataciders.com,IT Services and IT Consulting,https://de.linkedin.com/company/dataciders,,,,,,,,,,,
linkedin,Director Data Platform & Cloud Architecture,Sonova Group,"Berlin, Berlin, Germany",2026-09-28,https://www.linkedin.com/jobs/view/4472766442 , ,li-4472766442,fulltime,,,,,,False,director,,,,Medical Equipment Manufacturing,https://ch.linkedin.com/company/sonovagroup,,,,,,,,,,,
linkedin,Senior / Managing Consultant SAP Data & AI,Wavestone,Germany,2026-09-28,https://www.linkedin.com/jobs/view/4465516532 , ,li-4465516532,fulltime,,,,,,False,mid-senior level,,,,IT Services and IT Consulting and Business Consulting and Services,https://fr.linkedin.com/company/wavestone,,,,,,,,,,,
linkedin,Senior Database Developer (PostgreSQL),OpenText,"Grasbrunn, Bavaria, Germany",2026-09-28,https://www.linkedin.com/jobs/view/4462212312 , ,li-4462212312,fulltime,,,,,,False,mid-senior level,,,hr@opentext.com,Software Development,https://ca.linkedin.com/company/opentext,,,,,,,,,,,
linkedin,MLOps Field Engineer,Jobgether,Germany,2026-09-28,https://www.linkedin.com/jobs/view/4471041778 , ,li-4471041778,fulltime,,,,,,False,entry level,,,,Internet Marketplace Platforms,https://be.linkedin.com/company/jobgether,,,,,,,,,,,
linkedin,Engineer eNVM Device Data Analysis,GlobalFoundries,"Dresden, Saxony, Germany",2026-09-28,https://www.linkedin.com/jobs/view/4467557709 , ,li-4467557709,fulltime,,,,,,False,entry level,,,,Semiconductor Manufacturing,https://www.linkedin.com/company/globalfoundries,,,,,,,,,,,
linkedin,Manager Data Platform Technical Data Governance Architect,BioNTech SE,Frankfurt Rhine-Main Metropolitan Area,2026-09-28,https://www.linkedin.com/jobs/view/4472745635 , ,li-4472745635,fulltime,,,,,,False,mid-senior level,,,,Biotechnology Research,https://de.linkedin.com/company/biontech-se,,,,,,,,,,,
linkedin,"Machine Learning Engineer III, Routing Cost",Mapbox,Germany,2026-09-28,https://www.linkedin.com/jobs/view/4341062938 , ,li-4341062938,fulltime,,,,,,False,mid-senior level,,,,Software Development,https://www.linkedin.com/company/mapbox,,,,,,,,,,,
linkedin,Senior Python Engineer,Protech Talent,Berlin Metropolitan Area,2026-09-28,https://www.linkedin.com/jobs/view/4472727127 , ,li-4472727127,fulltime,direct_data,yearly,80000.0,120000.0,EUR,False,mid-senior level,,,,Software Development,https://uk.linkedin.com/company/protech-talent,,,,,,,,,,,
linkedin,Manager AI & Data Engineering (m/w/d) in Düsseldorf,Deloitte,"Düsseldorf, North Rhine-Westphalia, Germany",2026-09-28,https://www.linkedin.com/jobs/view/4262632244 , ,li-4262632244,fulltime,,,,,,False,mid-senior level,,,career@deloitte.de,Business Consulting and Services,https://www.linkedin.com/company/deloitte,,,,,,,,,,,
linkedin,Manager AI & Data Engineering (m/w/d) in Hannover,Deloitte,"Hannover, Lower Saxony, Germany",2026-09-28,https://www.linkedin.com/jobs/view/4262630592 , ,li-4262630592,fulltime,,,,,,False,mid-senior level,,,career@deloitte.de,Business Consulting and Services,https://www.linkedin.com/company/deloitte,,,,,,,,,,,
linkedin,Manager AI & Data Engineering (m/w/d) in Stuttgart,Deloitte,"Stuttgart, Baden-Württemberg, Germany",2026-09-28,https://www.linkedin.com/jobs/view/4262634037 , ,li-4262634037,fulltime,,,,,,False,mid-senior level,,,career@deloitte.de,Business Consulting and Services,https://www.linkedin.com/company/deloitte,,,,,,,,,,,
linkedin,Data Architect - Digital Health Excellence Center (w/m/d),EY,"Munich, Bavaria, Germany",2026-09-28,https://www.linkedin.com/jobs/view/4385074878 , ,li-4385074878,fulltime,,,,,,False,mid-senior level,,,,Professional Services,https://uk.linkedin.com/company/ernstandyoung,,,,,,,,,,,
linkedin,Data Architect - Digital Health Excellence Center (w/m/d),EY,"Berlin, Berlin, Germany",2026-09-28,https://www.linkedin.com/jobs/view/4385082546 , ,li-4385082546,fulltime,,,,,,False,mid-senior level,,,,Professional Services,https://uk.linkedin.com/company/ernstandyoung,,,,,,,,,,,
linkedin,Data Architect - Digital Health Excellence Center (w/m/d),EY,"Cologne, North Rhine-Westphalia, Germany",2026-09-28,https://www.linkedin.com/jobs/view/4385076694 , ,li-4385076694,fulltime,,,,,,False,mid-senior level,,,,Professional Services,https://uk.linkedin.com/company/ernstandyoung,,,,,,,,,,,
linkedin,Technical Lead Reliability & Analytics Engineer (m/f/d),GE Vernova,"Salzbergen, Lower Saxony, Germany",2026-09-28,https://www.linkedin.com/jobs/view/4472717417 , ,li-4472717417,fulltime,,,,,,False,mid-senior level,,,,Energy Technology,https://www.linkedin.com/company/gevernova,,,,,,,,,,,
linkedin,Data Architect - Digital Health Excellence Center (w/m/d),EY,"Düsseldorf, North Rhine-Westphalia, Germany",2026-09-28,https://www.linkedin.com/jobs/view/4385078641 , ,li-4385078641,fulltime,,,,,,False,mid-senior level,,,,Professional Services,https://uk.linkedin.com/company/ernstandyoung,,,,,,,,,,,
linkedin,Senior Cloud Data Platform Engineer (m/w/d) in Stuttgart,Deloitte,"Stuttgart, Baden-Württemberg, Germany",2026-09-28,https://www.linkedin.com/jobs/view/4444972395 , ,li-4444972395,fulltime,,,,,,False,associate,,,career@deloitte.de,Business Consulting and Services,https://www.linkedin.com/company/deloitte,,,,,,,,,,,
linkedin,Berater AI Operationalization MLOps - AI & Data (w/m/d),EY,"Stuttgart, Baden-Württemberg, Germany",2026-09-28,https://www.linkedin.com/jobs/view/4385085285 , ,li-4385085285,fulltime,,,,,,False,mid-senior level,,,,Professional Services,https://uk.linkedin.com/company/ernstandyoung,,,,,,,,,,,
linkedin,Berater AI Operationalization MLOps - AI & Data (w/m/d),EY,"Munich, Bavaria, Germany",2026-09-28,https://www.linkedin.com/jobs/view/4385093002 , ,li-4385093002,fulltime,,,,,,False,mid-senior level,,,,Professional Services,https://uk.linkedin.com/company/ernstandyoung,,,,,,,,,,,
linkedin,Data Cloud & Infrastructure Architekt (m/w/d),MONTANA,"Grünwald, Bavaria, Germany",2026-09-28,https://www.linkedin.com/jobs/view/4470842349 , ,li-4470842349,fulltime,,,,,,False,associate,,,,Oil and Gas,https://de.linkedin.com/company/montana-group-gmbh,,,,,,,,,,,
linkedin,Data & AI Consultant,Netlight,"Hamburg, Germany",2026-09-28,https://www.linkedin.com/jobs/view/4470892126 , ,li-4470892126,fulltime,,,,,,False,associate,,,,"IT Services and IT Consulting, Software Development, and Technology, Information and Media",https://www.linkedin.com/company/netlight-consulting,,,,,,,,,,,
linkedin,Senior Consultant Databricks (m/w/d),Deloitte,"Berlin, Germany",2026-09-28,https://www.linkedin.com/jobs/view/4233146264 , ,li-4233146264,fulltime,,,,,,False,associate,,,career@deloitte.de,Business Consulting and Services,https://www.linkedin.com/company/deloitte,,,,,,,,,,,
linkedin,Senior Data Platform Engineer (Frontier AI),European Tech Recruit,"Berlin, Germany",2026-09-28,https://www.linkedin.com/jobs/view/4472496301 , ,li-4472496301,fulltime,,,,,,False,mid-senior level,,,nk@eu-recruit.com,"Artificial Intelligence, Research Services, and IT System Data Services",https://uk.linkedin.com/company/european-tech-recruit,,,,,,,,,,,
linkedin,Senior Spezialist*in mit Schwerpunkt KI in der comdirect,Commerzbank AG,"Quickborn, Schleswig-Holstein, Germany",2026-09-28,https://www.linkedin.com/jobs/view/4466605463 , ,li-4466605463,fulltime,,,,,,False,associate,,,,"Banking, Financial Services, and Investment Banking",https://de.linkedin.com/company/commerzbank-ag,,,,,,,,,,,
linkedin,Experienced Insights Consultant Retail (m/w/d)  - Talent Pool,Circana,Germany,2026-09-28,https://www.linkedin.com/jobs/view/4302661394 , ,li-4302661394,fulltime,,,,,,False,not applicable,,,,Market Research,https://www.linkedin.com/company/wearecircana,,,,,,,,,,,
linkedin,"Senior Forward Deployed Industry Consultant, Pharma - Bayer",SAS,"Berlin, Germany",2026-09-28,https://www.linkedin.com/jobs/view/4465862823 , ,li-4465862823,fulltime,,,,,,False,mid-senior level,,,Recruitingsupport@sas.com,Software Development,https://www.linkedin.com/company/sas,,,,,,,,,,,
linkedin,Consultant M&A Analytics - Transaction Diligence (m/w/d) in Frankfurt (Main),Deloitte,"Frankfurt, Hesse, Germany",2026-09-28,https://www.linkedin.com/jobs/view/4369088608 , ,li-4369088608,fulltime,,,,,,False,entry level,,,career@deloitte.de,Business Consulting and Services,https://www.linkedin.com/company/deloitte,,,,,,,,,,,
linkedin,(Senior) Manager SAP Analytics (m/w/d) in Hannover,Deloitte,"Hannover, Lower Saxony, Germany",2026-09-28,https://www.linkedin.com/jobs/view/4378694224 , ,li-4378694224,fulltime,,,,,,False,mid-senior level,,,career@deloitte.de,Business Consulting and Services,https://www.linkedin.com/company/deloitte,,,,,,,,,,,
linkedin,(Senior) Manager SAP Analytics (m/w/d) in Frankfurt (Main),Deloitte,"Frankfurt, Hesse, Germany",2026-09-28,https://www.linkedin.com/jobs/view/4378689356 , ,li-4378689356,fulltime,,,,,,False,mid-senior level,,,career@deloitte.de,Business Consulting and Services,https://www.linkedin.com/company/deloitte,,,,,,,,,,,
linkedin,Data Engineer - Digital Health Excellence Center (w/m/d),EY,"Berlin, Berlin, Germany",2026-09-28,https://www.linkedin.com/jobs/view/4385092199 , ,li-4385092199,fulltime,,,,,,False,mid-senior level,,,,Professional Services,https://uk.linkedin.com/company/ernstandyoung,,,,,,,,,,,
linkedin,Data Engineer (m/w/d),AraCom IT Services GmbH,"Kamp-Lintfort, North Rhine-Westphalia, Germany",2026-09-28,https://www.linkedin.com/jobs/view/4470892144 , ,li-4470892144,fulltime,direct_data,yearly,60000.0,80000.0,EUR,False,associate,,,,Software Development,https://de.linkedin.com/company/aracom-it-services-gmbh,,,,,,,,,,,
linkedin,(Senior) Data Architect / Data Engineer (m/w/d),Trianel GmbH,"Aachen, North Rhine-Westphalia, Germany",2026-09-28,https://www.linkedin.com/jobs/view/4399291846 , ,li-4399291846,fulltime,,,,,,False,mid-senior level,,,,Utilities,https://de.linkedin.com/company/trianel-gmbh,,,,,,,,,,,
linkedin,Senior Data Engineer / Data Architect Risk Regulation (f/m/d),TARGOBANK,"Duisburg, North Rhine-Westphalia, Germany",2026-09-28,https://www.linkedin.com/jobs/view/4464307087 , ,li-4464307087,fulltime,,,,,,False,mid-senior level,,,,Financial Services,https://de.linkedin.com/company/targobank,,,,,,,,,,,
linkedin,Senior Consultant Data Engineering / Azure / GCP (m/w/d) in Köln,Deloitte,"Cologne, North Rhine-Westphalia, Germany",2026-09-28,https://www.linkedin.com/jobs/view/4427067946 , ,li-4427067946,fulltime,,,,,,False,associate,,,career@deloitte.de,Business Consulting and Services,https://www.linkedin.com/company/deloitte,,,,,,,,,,,
linkedin,Senior Data Engineer - 120k€ - 150k€ im ersten Jahr möglich. Starte jetzt mit uns durch!,The Associated Engineers Group,Germany,2026-09-28,https://www.linkedin.com/jobs/view/4472719392 , ,li-4472719392,fulltime,,,,,,False,associate,,,,IT Services and IT Consulting and Software Development,https://ch.linkedin.com/company/the-associated-engineers-group,,,,,,,,,,,
linkedin,Senior Consultant AI Data Engineering - Microsoft Azure (all genders),Wavestone,Germany,2026-09-28,https://www.linkedin.com/jobs/view/4445881584 , ,li-4445881584,fulltime,,,,,,False,associate,,,,"IT Services and IT Consulting, Business Consulting and Services, and Technology, Information and Media",https://fr.linkedin.com/company/wavestone,,,,,,,,,,,
linkedin,(Senior) Consultant Data & AI – Data Engineer / Data Scientist (all genders),Wavestone,Germany,2026-09-28,https://www.linkedin.com/jobs/view/4461135104 , ,li-4461135104,fulltime,,,,,,False,associate,,,,"IT Services and IT Consulting, Business Consulting and Services, and Technology, Information and Media",https://fr.linkedin.com/company/wavestone,,,,,,,,,,,
linkedin,Senior Machine Learning Engineer - Data Processing,kadence,"Berlin, Germany",2026-09-28,https://www.linkedin.com/jobs/view/4462433856 , ,li-4462433856,fulltime,,,,,,False,mid-senior level,,,,"Research Services and Technology, Information and Media",https://www.linkedin.com/company/kadencetalent,,,,,,,,,,,
linkedin,Senior Data & AI Engineer,Promise Group,"Berlin, Berlin, Germany",2026-09-28,https://www.linkedin.com/jobs/view/4472717494 , ,li-4472717494,fulltime,,,,,,False,mid-senior level,,,,IT Services and IT Consulting,https://pl.linkedin.com/company/promise-group,,,,,,,,,,,
linkedin,DWS – Principal Engineer - Data Platforms (m/f/d),DWS Group,"Berlin, Berlin, Germany",2026-09-28,https://www.linkedin.com/jobs/view/4388162590 , ,li-4388162590,fulltime,,,,,,False,not applicable,,,,Financial Services,https://de.linkedin.com/company/dwsgroup,,,,,,,,,,,
linkedin,Data Platform Engineer (m/f/d),Liebherr Group,"Ulm, Baden-Württemberg, Germany",2026-09-28,https://www.linkedin.com/jobs/view/4406508381 , ,li-4406508381,fulltime,,,,,,False,entry level,,,Franziska.Rolle@liebherr.com,Industrial Machinery Manufacturing,https://de.linkedin.com/company/liebherr,,,,,,,,,,,
linkedin,(Senior) Integration Engineer - AI Platform (m/w/d),octonomy,"Cologne, North Rhine-Westphalia, Germany",2026-09-28,https://www.linkedin.com/jobs/view/4470855135 , ,li-4470855135,fulltime,,,,,,False,associate,,,,Software Development,https://de.linkedin.com/company/octonomy,,,,,,,,,,,
linkedin,Senior Data Platform Engineer – Distributed Data Processing / AI Infrastructure / GPU,European Tech Recruit,"Berlin, Germany",2026-09-28,https://www.linkedin.com/jobs/view/4472717368 , ,li-4472717368,fulltime,,,,,,False,mid-senior level,,,,"Artificial Intelligence, Research Services, and IT System Data Services",https://uk.linkedin.com/company/european-tech-recruit,,,,,,,,,,,
linkedin,Berater AI Operationalization MLOps - AI & Data (w/m/d),EY,"Berlin, Berlin, Germany",2026-09-28,https://www.linkedin.com/jobs/view/4385086250 , ,li-4385086250,fulltime,,,,,,False,mid-senior level,,,,Professional Services,https://uk.linkedin.com/company/ernstandyoung,,,,,,,,,,,
linkedin,Data & Backend Engineer (f/m/d),Inverto | A BCG Company,"Cologne, North Rhine-Westphalia, Germany",2026-09-27,https://www.linkedin.com/jobs/view/4416551278 , ,li-4416551278,fulltime,,,,,,False,mid-senior level,,,,Business Consulting and Services,https://de.linkedin.com/company/inverto-gmbh,,,,,,,,,,,
linkedin,Data Engineer - Schwerpunkt Automatisierung,HDI Group,"Hilden, North Rhine-Westphalia, Germany",2026-09-27,https://www.linkedin.com/jobs/view/4386517214 , ,li-4386517214,fulltime,,,,,,False,entry level,,,,Insurance,https://de.linkedin.com/company/hdigroup,,,,,,,,,,,
linkedin,Senior Data Processing & Reporting Architect (w/m/d),ORDIX AG,"Paderborn, North Rhine-Westphalia, Germany",2026-09-27,https://www.linkedin.com/jobs/view/4472429570 , ,li-4472429570,fulltime,,,,,,False,associate,,,,IT Services and IT Consulting,https://de.linkedin.com/company/ordix-ag,,,,,,,,,,,
linkedin,Data Analyst (m/w/d) – Business Intelligence & Merchandise Analytics,INTERSPORT Deutschland e.G.,"Heilbronn, Baden-Württemberg, Germany",2026-09-27,https://www.linkedin.com/jobs/view/4376049426 , ,li-4376049426,fulltime,,,,,,False,associate,,,,Wholesale and Sporting Goods Manufacturing,https://de.linkedin.com/company/intersport-deutschland-e.g.,,,,,,,,,,,
linkedin,Senior Consultant Data Analytics & Business Insights (m/w/d),Deloitte,"Berlin, Germany",2026-09-27,https://www.linkedin.com/jobs/view/4317051029 , ,li-4317051029,fulltime,,,,,,False,associate,,,career@deloitte.de,Business Consulting and Services,https://www.linkedin.com/company/deloitte,,,,,,,,,,,
linkedin,Business Intelligence Developer (m/w/d) Schwerpunkt Qlik,Dirk Rossmann GmbH,"Burgwedel, Lower Saxony, Germany",2026-09-27,https://www.linkedin.com/jobs/view/4444976740 , ,li-4444976740,fulltime,,,,,,False,mid-senior level,,,,Retail,https://de.linkedin.com/company/dirk-rossmann-gmbh,,,,,,,,,,,
linkedin,Senior IT Business Analyst:in (m/w/d),Trianel GmbH,"Aachen, North Rhine-Westphalia, Germany",2026-09-27,https://www.linkedin.com/jobs/view/4399289828 , ,li-4399289828,fulltime,,,,,,False,mid-senior level,,,,Utilities,https://de.linkedin.com/company/trianel-gmbh,,,,,,,,,,,
linkedin,Data Engineer (m/f/d),MOTOR Ai,"Berlin, Berlin, Germany",2026-09-27,https://www.linkedin.com/jobs/view/4470807405 , ,li-4470807405,fulltime,,,,,,False,associate,,,,Software Development,https://de.linkedin.com/company/motorai,,,,,,,,,,,
linkedin,Senior Cloud Data Platform Engineer (m/w/d) in Hannover,Deloitte,"Hannover, Lower Saxony, Germany",2026-09-27,https://www.linkedin.com/jobs/view/4444977232 , ,li-4444977232,fulltime,,,,,,False,associate,,,career@deloitte.de,Business Consulting and Services,https://www.linkedin.com/company/deloitte,,,,,,,,,,,
linkedin,Senior Cloud Data Platform Engineer (m/w/d) in Frankfurt (Main),Deloitte,"Frankfurt, Hesse, Germany",2026-09-27,https://www.linkedin.com/jobs/view/4444963679 , ,li-4444963679,fulltime,,,,,,False,associate,,,career@deloitte.de,Business Consulting and Services,https://www.linkedin.com/company/deloitte,,,,,,,,,,,
linkedin,Senior Cloud Data Platform Engineer (m/w/d) in Düsseldorf,Deloitte,"Düsseldorf, North Rhine-Westphalia, Germany",2026-09-27,https://www.linkedin.com/jobs/view/4444982007 , ,li-4444982007,fulltime,,,,,,False,associate,,,career@deloitte.de,Business Consulting and Services,https://www.linkedin.com/company/deloitte,,,,,,,,,,,
linkedin,Senior Cloud Data Platform Engineer (m/w/d) in München,Deloitte,"Munich, Bavaria, Germany",2026-09-27,https://www.linkedin.com/jobs/view/4444975316 , ,li-4444975316,fulltime,,,,,,False,associate,,,career@deloitte.de,Business Consulting and Services,https://www.linkedin.com/company/deloitte,,,,,,,,,,,
linkedin,Data Architect - Digital Health Excellence Center (w/m/d),EY,"Hamburg, Hamburg, Germany",2026-09-27,https://www.linkedin.com/jobs/view/4385075882 , ,li-4385075882,fulltime,,,,,,False,mid-senior level,,,,Professional Services,https://uk.linkedin.com/company/ernstandyoung,,,,,,,,,,,
linkedin,Cloud & Backend Engineer,Medirion,"Duisburg, North Rhine-Westphalia, Germany",2026-09-27,https://www.linkedin.com/jobs/view/4472461743 , ,li-4472461743,parttime,,,,,,False,mid-senior level,,,hr@medirion.eu,"Hospitals and Health Care, Medical Equipment Manufacturing, and Software Development",https://de.linkedin.com/company/medirion,,,,,,,,,,,
linkedin,"Senior/ Staff Cloud Infrastructure Expert (GCP, Landing Zone & Data Platform) (m/w/d)",CTS EVENTIM AG & Co. KGaA,"Berlin, Germany",2026-09-27,https://www.linkedin.com/jobs/view/4436719778 , ,li-4436719778,fulltime,,,,,,False,mid-senior level,,,,Events Services,https://de.linkedin.com/company/cts-eventim-ag,,,,,,,,,,,
linkedin,Data & AI – Expert (m/f/d),CGI,"Leinfelden-Echterdingen, Baden-Württemberg, Germany",2026-09-27,https://www.linkedin.com/jobs/view/4345540392 , ,li-4345540392,fulltime,,,,,,False,associate,,,,IT Services and IT Consulting,https://ca.linkedin.com/company/cgi,,,,,,,,,,,
linkedin,Data Architect (m/w/d),CGI,"Eschborn, Hesse, Germany",2026-09-27,https://www.linkedin.com/jobs/view/4445242112 , ,li-4445242112,fulltime,,,,,,False,entry level,,,,IT Services and IT Consulting,https://ca.linkedin.com/company/cgi,,,,,,,,,,,
linkedin,Data Integration Manager (m/w/d),Marini Systems,"Frankfurt, Hesse, Germany",2026-09-27,https://www.linkedin.com/jobs/view/4471096217 , ,li-4471096217,fulltime,,,,,,False,entry level,,,jobs@marini.systems,Information Technology & Services,https://www.linkedin.com/company/marini-systems,,,,,,,,,,,
linkedin,Senior Data Processing & Reporting Architect (w/m/d),ORDIX AG,"Cologne, North Rhine-Westphalia, Germany",2026-09-27,https://www.linkedin.com/jobs/view/4472438083 , ,li-4472438083,fulltime,,,,,,False,associate,,,,IT Services and IT Consulting,https://de.linkedin.com/company/ordix-ag,,,,,,,,,,,
linkedin,Data Analytics/Cloud Application Developer,Safety io,"Berlin, Germany",2026-09-27,https://www.linkedin.com/jobs/view/4413631521 , ,li-4413631521,fulltime,,,,,,False,mid-senior level,,,,Public Safety,https://de.linkedin.com/company/safetyio,,,,,,,,,,,
linkedin,Data Engineer - Digital Health Excellence Center (w/m/d),EY,"Hamburg, Hamburg, Germany",2026-09-27,https://www.linkedin.com/jobs/view/4385073954 , ,li-4385073954,fulltime,,,,,,False,mid-senior level,,,,Professional Services,https://uk.linkedin.com/company/ernstandyoung,,,,,,,,,,,
linkedin,Data Engineer - Digital Health Excellence Center (w/m/d),EY,"Cologne, North Rhine-Westphalia, Germany",2026-09-27,https://www.linkedin.com/jobs/view/4385085472 , ,li-4385085472,fulltime,,,,,,False,mid-senior level,,,,Professional Services,https://uk.linkedin.com/company/ernstandyoung,,,,,,,,,,,
linkedin,Senior Consultant Data Engineering / Azure / GCP (m/w/d) in München,Deloitte,"Munich, Bavaria, Germany",2026-09-27,https://www.linkedin.com/jobs/view/4427075809 , ,li-4427075809,fulltime,,,,,,False,associate,,,career@deloitte.de,Business Consulting and Services,https://www.linkedin.com/company/deloitte,,,,,,,,,,,
linkedin,"Senior/ Staff Cloud Infrastructure Expert (GCP, Landing Zone & Data Platform) (m/w/d)",CTS EVENTIM AG & Co. KGaA,"Hamburg, Hamburg, Germany",2026-09-27,https://www.linkedin.com/jobs/view/4436735266 , ,li-4436735266,fulltime,,,,,,False,mid-senior level,,,,Events Services,https://de.linkedin.com/company/cts-eventim-ag,,,,,,,,,,,
linkedin,Associate Consultant Analytics (m/w/d) in Düsseldorf,DATA-DACH (merged with BAUMLINK),"Düsseldorf, North Rhine-Westphalia, Germany",2026-09-26,https://www.linkedin.com/jobs/view/4472243915 , ,li-4472243915,fulltime,,,,,,False,mid-senior level,,,,Business Consulting and Services,https://de.linkedin.com/company/data-dach,,,,,,,,,,,
linkedin,Senior Data Analyst (Sales & RevOps),GetYourGuide,"Berlin, Germany",2026-09-26,https://www.linkedin.com/jobs/view/4454800594 , ,li-4454800594,fulltime,,,,,,False,mid-senior level,,,jobs@getyourguide.com,"Technology, Information and Internet and Travel Arrangements",https://de.linkedin.com/company/getyourguide-ag,,,,,,,,,,,
linkedin,Senior Product Analyst,Pennylane,Germany,2026-09-26,https://www.linkedin.com/jobs/view/4444702320 , ,li-4444702320,fulltime,,,,,,False,mid-senior level,,,"dpo@pennylane.com, dpo@pennylane.com, dpo@pennylane.com, dpo@pennylane.com",Accounting,https://fr.linkedin.com/company/pennylaneaccounting,,,,,,,,,,,
linkedin,Business Intelligence Expert (m/w/d),PAYONE,Frankfurt Rhine-Main Metropolitan Area,2026-09-26,https://www.linkedin.com/jobs/view/4436722181 , ,li-4436722181,fulltime,,,,,,False,mid-senior level,,,,Financial Services,https://de.linkedin.com/company/payone_gmbh,,,,,,,,,,,
linkedin,Senior Revenue Operations Manager,Jobgether,Germany,2026-09-26,https://www.linkedin.com/jobs/view/4471056193 , ,li-4471056193,fulltime,description,yearly,140000.0,200000.0,USD,False,mid-senior level,,,,Internet Marketplace Platforms,https://be.linkedin.com/company/jobgether,,,,,,,,,,,
linkedin,Associate Consultant Analytics (m/w/d) München,DATA-DACH (merged with BAUMLINK),"Munich, Bavaria, Germany",2026-09-26,https://www.linkedin.com/jobs/view/4472254557 , ,li-4472254557,fulltime,,,,,,False,mid-senior level,,,,Business Consulting and Services,https://de.linkedin.com/company/data-dach,,,,,,,,,,,
linkedin,Business Insights Executive (m/w/d),BAT,"Hamburg, Hamburg, Germany",2026-09-26,https://www.linkedin.com/jobs/view/4462353846 , ,li-4462353846,fulltime,,,,,,False,entry level,,,,Manufacturing and Tobacco Manufacturing,https://uk.linkedin.com/company/british-american-tobacco,,,,,,,,,,,
linkedin,Manager Methodology (m/w/d),Kloeckner Metals - Germany,"Düsseldorf, North Rhine-Westphalia, Germany",2026-09-26,https://www.linkedin.com/jobs/view/4444341645 , ,li-4444341645,fulltime,,,,,,False,mid-senior level,,,,Wholesale,https://de.linkedin.com/company/kloecknermetalsgermany,,,,,,,,,,,
linkedin,"Senior Data Scientist, Marketing DSA",Vinted,"Berlin, Berlin, Germany",2026-09-26,https://www.linkedin.com/jobs/view/4435836064 , ,li-4435836064,fulltime,,,,,,False,mid-senior level,,,,Software Development,https://lt.linkedin.com/company/vinted,,,,,,,,,,,
linkedin,Ausbildung zum Fachinformatiker Daten- und Prozessanalyse (m/w/d),Remmers Gruppe,"Löningen, Lower Saxony, Germany",2026-09-26,https://www.linkedin.com/jobs/view/4472275089 , ,li-4472275089,fulltime,,,,,,False,internship,,,,Building Materials,https://de.linkedin.com/company/remmers-gruppe,,,,,,,,,,,
linkedin,Consultant Data Science & ML Engineering (m/w/d) in Frankfurt (Main),Deloitte,"Frankfurt, Hesse, Germany",2026-09-26,https://www.linkedin.com/jobs/view/4454390221 , ,li-4454390221,fulltime,,,,,,False,entry level,,,career@deloitte.de,Business Consulting and Services,https://www.linkedin.com/company/deloitte,,,,,,,,,,,
linkedin,Consultant Data Science & ML Engineering (m/w/d) in Hannover,Deloitte,"Hannover, Lower Saxony, Germany",2026-09-26,https://www.linkedin.com/jobs/view/4454397221 , ,li-4454397221,fulltime,,,,,,False,entry level,,,career@deloitte.de,Business Consulting and Services,https://www.linkedin.com/company/deloitte,,,,,,,,,,,
linkedin,Consultant Data Science & ML Engineering (m/w/d) in Düsseldorf,Deloitte,"Düsseldorf, North Rhine-Westphalia, Germany",2026-09-26,https://www.linkedin.com/jobs/view/4454392281 , ,li-4454392281,fulltime,,,,,,False,entry level,,,career@deloitte.de,Business Consulting and Services,https://www.linkedin.com/company/deloitte,,,,,,,,,,,
linkedin,Data Engineer,Booz Allen Hamilton,"Ramstein, Rhineland-Palatinate, Germany",2026-09-26,https://www.linkedin.com/jobs/view/4436407566 , ,li-4436407566,fulltime,,,,,,False,not applicable,,,,Software Development,https://www.linkedin.com/company/booz-allen-hamilton,,,,,,,,,,,
linkedin,Senior Consultant Databricks (m/w/d) in München,Deloitte,"Munich, Bavaria, Germany",2026-09-26,https://www.linkedin.com/jobs/view/4425672469 , ,li-4425672469,fulltime,,,,,,False,associate,,,career@deloitte.de,Business Consulting and Services,https://www.linkedin.com/company/deloitte,,,,,,,,,,,
linkedin,Consultant Data Engineering (m/w/d) in Mannheim,Deloitte,"Mannheim, Baden-Württemberg, Germany",2026-09-26,https://www.linkedin.com/jobs/view/4454501234 , ,li-4454501234,fulltime,,,,,,False,entry level,,,career@deloitte.de,Business Consulting and Services,https://www.linkedin.com/company/deloitte,,,,,,,,,,,
linkedin,Senior Consultant Data Engineering / Azure / GCP (m/w/d) in Stuttgart,Deloitte,"Stuttgart, Baden-Württemberg, Germany",2026-09-26,https://www.linkedin.com/jobs/view/4427085570 , ,li-4427085570,fulltime,,,,,,False,associate,,,career@deloitte.de,Business Consulting and Services,https://www.linkedin.com/company/deloitte,,,,,,,,,,,
linkedin,Consultant Data Engineering (m/w/d) in Hamburg,Deloitte,"Hamburg, Hamburg, Germany",2026-09-26,https://www.linkedin.com/jobs/view/4454396208 , ,li-4454396208,fulltime,,,,,,False,entry level,,,career@deloitte.de,Business Consulting and Services,https://www.linkedin.com/company/deloitte,,,,,,,,,,,
linkedin,Azure Data Engineer (m/f/d) - Global IT,SPORTFIVE,"Hamburg, Hamburg, Germany",2026-09-26,https://www.linkedin.com/jobs/view/4425800898 , ,li-4425800898,parttime,,,,,,False,mid-senior level,,,,Spectator Sports,https://www.linkedin.com/company/sportfive,,,,,,,,,,,
linkedin,SAP Data Migration Technical Lead (m/w/d),Infosys,"Berlin, Germany",2026-09-26,https://www.linkedin.com/jobs/view/4431083494 , ,li-4431083494,fulltime,,,,,,False,mid-senior level,,,,IT Services and IT Consulting,https://in.linkedin.com/company/infosys,,,,,,,,,,,
linkedin,Staff Forward Deployed Engineer,Databricks,"Munich, Bavaria, Germany",2026-09-26,https://www.linkedin.com/jobs/view/4461162938 , ,li-4461162938,fulltime,,,,,,False,mid-senior level,,,,Software Development,https://www.linkedin.com/company/databricks,,,,,,,,,,,
linkedin,Data Engineer - Digital Health Excellence Center (w/m/d),EY,"Eschborn, Hesse, Germany",2026-09-26,https://www.linkedin.com/jobs/view/4385080626 , ,li-4385080626,fulltime,,,,,,False,mid-senior level,,,,Professional Services,https://uk.linkedin.com/company/ernstandyoung,,,,,,,,,,,
linkedin,Consultant Data Engineering (m/w/d) in Stuttgart,Deloitte,"Stuttgart, Baden-Württemberg, Germany",2026-09-26,https://www.linkedin.com/jobs/view/4454507199 , ,li-4454507199,fulltime,,,,,,False,entry level,,,career@deloitte.de,Business Consulting and Services,https://www.linkedin.com/company/deloitte,,,,,,,,,,,
linkedin,Senior Consultant Data Engineering / Azure / GCP (m/w/d) in Hamburg,Deloitte,"Hamburg, Hamburg, Germany",2026-09-26,https://www.linkedin.com/jobs/view/4427075808 , ,li-4427075808,fulltime,,,,,,False,associate,,,career@deloitte.de,Business Consulting and Services,https://www.linkedin.com/company/deloitte,,,,,,,,,,,
linkedin,Data Engineer - Digital Health Excellence Center (w/m/d),EY,"Stuttgart, Baden-Württemberg, Germany",2026-09-26,https://www.linkedin.com/jobs/view/4385084519 , ,li-4385084519,fulltime,,,,,,False,mid-senior level,,,,Professional Services,https://uk.linkedin.com/company/ernstandyoung,,,,,,,,,,,
linkedin,BI Data Engineer (w/m/d),Neumann Kaffee Gruppe (NKG),"Hamburg, Hamburg, Germany",2026-09-26,https://www.linkedin.com/jobs/view/4461183362 , ,li-4461183362,fulltime,,,,,,False,entry level,,,,International Trade and Development,https://de.linkedin.com/company/neumann-kaffee-gruppe,,,,,,,,,,,
linkedin,Cloud Native Data Engineer (all genders),adesso SE,"Bonn, North Rhine-Westphalia, Germany",2026-09-26,https://www.linkedin.com/jobs/view/4426037949 , ,li-4426037949,fulltime,,,,,,False,entry level,,,,IT Services and IT Consulting,https://de.linkedin.com/company/adesso-se,,,,,,,,,,,
linkedin,Data Platform Engineer,SumUp,"Berlin, Berlin, Germany",2026-09-26,https://www.linkedin.com/jobs/view/4441533106 , ,li-4441533106,fulltime,,,,,,False,mid-senior level,,,,Financial Services,https://uk.linkedin.com/company/sumup,,,,,,,,,,,
linkedin,Principal AgenticAI Engineer / Architect at AI CoE (f/m/d),SAP,"Garching, Bavaria, Germany",2026-09-26,https://www.linkedin.com/jobs/view/4444364902 , ,li-4444364902,fulltime,,,,,,False,mid-senior level,,,Careers@sap.com,"Software Development, IT Services and IT Consulting, and Business Consulting and Services",https://de.linkedin.com/company/sap,,,,,,,,,,,
linkedin,Lead Data Architect,Zühlke Group,"Munich, Bavaria, Germany",2026-09-26,https://www.linkedin.com/jobs/view/4461995175 , ,li-4461995175,fulltime,,,,,,False,mid-senior level,,,,IT Services and IT Consulting,https://ch.linkedin.com/company/zuehlkegroup,,,,,,,,,,,
linkedin,(Senior) Backend Software Engineer (Java) - Metadata Platform DB,Celonis,"Munich, Bavaria, Germany",2026-09-26,https://www.linkedin.com/jobs/view/4470585097 , ,li-4470585097,fulltime,,,,,,False,not applicable,,,,Software Development,https://www.linkedin.com/company/celonis,,,,,,,,,,,
linkedin,Lead Data Architect,Zühlke Group,"Eschborn, Hesse, Germany",2026-09-26,https://www.linkedin.com/jobs/view/4461974191 , ,li-4461974191,fulltime,,,,,,False,mid-senior level,,,,IT Services and IT Consulting,https://ch.linkedin.com/company/zuehlkegroup,,,,,,,,,,,
linkedin,Manager AI & Data Engineering (m/w/d) in München,Deloitte,"Munich, Bavaria, Germany",2026-09-26,https://www.linkedin.com/jobs/view/4262632245 , ,li-4262632245,fulltime,,,,,,False,mid-senior level,,,career@deloitte.de,Business Consulting and Services,https://www.linkedin.com/company/deloitte,,,,,,,,,,,
linkedin,Data Architect - Digital Health Excellence Center (w/m/d),EY,"Eschborn, Hesse, Germany",2026-09-26,https://www.linkedin.com/jobs/view/4385074872 , ,li-4385074872,fulltime,,,,,,False,mid-senior level,,,,Professional Services,https://uk.linkedin.com/company/ernstandyoung,,,,,,,,,,,
linkedin,Senior Cloud Data Platform Engineer (m/w/d) in Hamburg,Deloitte,"Hamburg, Hamburg, Germany",2026-09-26,https://www.linkedin.com/jobs/view/4444971353 , ,li-4444971353,fulltime,,,,,,False,associate,,,career@deloitte.de,Business Consulting and Services,https://www.linkedin.com/company/deloitte,,,,,,,,,,,
linkedin,Lead Data Architect,Zühlke Group,"Hamburg, Hamburg, Germany",2026-09-26,https://www.linkedin.com/jobs/view/4461978173 , ,li-4461978173,fulltime,,,,,,False,mid-senior level,,,,IT Services and IT Consulting,https://ch.linkedin.com/company/zuehlkegroup,,,,,,,,,,,
linkedin,Data Engineering Experte m/w/d,TEAG Thüringer Energie AG,"Erfurt, Thuringia, Germany",2026-09-26,https://www.linkedin.com/jobs/view/4452984974 , ,li-4452984974,fulltime,,,,,,False,mid-senior level,,,,Utilities,https://de.linkedin.com/company/teag,,,,,,,,,,,
linkedin,Data Platform Engineer (m/f/d),Liebherr Group,"Neuburg an der Donau, Bavaria, Germany",2026-09-25,https://www.linkedin.com/jobs/view/4471259885 , ,li-4471259885,fulltime,,,,,,False,mid-senior level,,,Franziska.Rolle@liebherr.com,IT Services and IT Consulting,https://de.linkedin.com/company/liebherr,,,,,,,,,,,
linkedin,Data Engineer / Data Platform Architect (w/m/d),Bausparkasse Mainz AG,"Mainz, Rhineland-Palatinate, Germany",2026-09-25,https://www.linkedin.com/jobs/view/4472212505 , ,li-4472212505,fulltime,,,,,,False,mid-senior level,,,,Banking,https://de.linkedin.com/company/bausparkassemainz,,,,,,,,,,,
linkedin,Teamleitung für die Hochschulstatistik (w/m/d) im Referat »Bildung und Kultur «,Statistisches Landesamt Baden-Württemberg,"Fellbach, Baden-Württemberg, Germany",2026-09-25,https://www.linkedin.com/jobs/view/4472099870 , ,li-4472099870,fulltime,,,,,,False,mid-senior level,,,,Business Consulting and Services,https://www.linkedin.com/company/statistisches-landesamt-baden-w%C3%BCrttemberg,,,,,,,,,,,
