site,title,company,location,date_posted,job_url,job_url_direct,id,job_type,salary_source,interval,min_amount,max_amount,currency,is_remote,job_level,job_function,listing_type,emails,company_industry,company_url,company_url_direct,company_addresses,company_num_employees,company_revenue,company_description,skills,experience_range,company_rating,company_reviews_count,vacancy_count,work_from_home_type
linkedin,Senior Project Manager (m/f/d),RIEDEL Communications,"Wuppertal, North Rhine-Westphalia, Germany",2026-07-05,https://www.linkedin.com/jobs/view/4433789775 , ,li-4433789775,fulltime,,,,,,False,executive,Project Management,,,Strategic Management Services,https://de.linkedin.com/company/riedel-communications,,,,,,,,,,,
linkedin,Gruppenleiter mechanische Konstruktion (m/w/d),IMO Oberflächentechnik GmbH,"Königsbach, Baden-Württemberg, Germany",2026-07-05,https://www.linkedin.com/jobs/view/4433793169 , ,li-4433793169,fulltime,,,,,,False,mid-senior level,Other,,,Metal Treatments,https://de.linkedin.com/company/imo-oberflaechentechnik-gmbh,,,,,,,,,,,
linkedin,Growth Product Manager,CROSwiss,"Berlin, Berlin, Germany",2026-07-05,https://www.linkedin.com/jobs/view/4436023839 , ,li-4436023839,fulltime,,,,,,False,entry level,Product Management and Marketing,,,"Technology, Information and Internet",https://www.linkedin.com/company/croswiss,,,,,,,,,,,
linkedin,Engagement Manager - Life Sciences Quality,Veeva Systems,,2026-07-05,https://www.linkedin.com/jobs/view/4377291987 , ,li-4377291987,fulltime,,,,,,True,mid-senior level,Consulting,,_accommodations@veeva.com,"Software Development, IT Services and IT Consulting, and Pharmaceutical Manufacturing",https://www.linkedin.com/company/veeva-systems,,,,,,,,,,,
linkedin,Project Site  Manager - electrical/data centres (m/w/d),Eaton,"Karlsruhe, Baden-Württemberg, Germany",2026-07-05,https://www.linkedin.com/jobs/view/4385029024 , ,li-4385029024,fulltime,,,,,,False,mid-senior level,Other,,,"Appliances, Electrical, and Electronics Manufacturing",https://ie.linkedin.com/company/eaton,,,,,,,,,,,
linkedin,Project Manager,Cognite,"Frankfurt, Hesse, Germany",2026-07-05,https://www.linkedin.com/jobs/view/4345956786 , ,li-4345956786,fulltime,,,,,,False,mid-senior level,Project Management and Information Technology,,,"Construction, Software Development, and IT Services and IT Consulting",https://www.linkedin.com/company/cognitedata,,,,,,,,,,,
linkedin,Project Manager,Cognite,"Hamburg, Hamburg, Germany",2026-07-05,https://www.linkedin.com/jobs/view/4345956792 , ,li-4345956792,fulltime,,,,,,False,mid-senior level,Project Management and Information Technology,,,"Construction, Software Development, and IT Services and IT Consulting",https://www.linkedin.com/company/cognitedata,,,,,,,,,,,
linkedin,Project Manager,Cognite,"Düsseldorf, North Rhine-Westphalia, Germany",2026-07-05,https://www.linkedin.com/jobs/view/4345908395 , ,li-4345908395,fulltime,,,,,,False,mid-senior level,Project Management and Information Technology,,,"Construction, Software Development, and IT Services and IT Consulting",https://www.linkedin.com/company/cognitedata,,,,,,,,,,,
linkedin,Junior Projektleiter*in w/m/d - HILDESHEIM!,Schweitzer,"Hildesheim, Lower Saxony, Germany",2026-07-05,https://www.linkedin.com/jobs/view/4433783656 , ,li-4433783656,fulltime,,,,,,False,entry level,Engineering,,,Food and Beverage Services,https://it.linkedin.com/company/schweitzergroup,,,,,,,,,,,
linkedin,"IT PROJECT MANAGER, ISMS AND QUALITY MANAGEMENT LEAD (M/F/D)",Semax AG,"Cham, Bavaria, Germany",2026-07-05,https://www.linkedin.com/jobs/view/4437108205 , ,li-4437108205,fulltime,,,,,,False,mid-senior level,Project Management and Information Technology,,,"Appliances, Electrical, and Electronics Manufacturing",https://ch.linkedin.com/company/semax-ag,,,,,,,,,,,
linkedin,Technischer Projektleiter Flugsimulation (m/w/d),Rheinmetall,"Bremen, Bremen, Germany",2026-07-04,https://www.linkedin.com/jobs/view/4425359257 , ,li-4425359257,fulltime,,,,,,False,mid-senior level,Project Management and Information Technology,,,Defense and Space Manufacturing,https://de.linkedin.com/company/rheinmetall,,,,,,,,,,,
linkedin,Senior Product Manager - Propylene (m/f/d),HELM AG,"Hamburg, Hamburg, Germany",2026-07-04,https://www.linkedin.com/jobs/view/4417129710 , ,li-4417129710,fulltime,,,,,,False,mid-senior level,Product Management and Marketing,,,Chemical Manufacturing,https://de.linkedin.com/company/helmag,,,,,,,,,,,
linkedin,Senior Project Manager (MCF/ Data Centres),Haskoning,"Frankfurt am Main, Hesse, Germany",2026-07-04,https://www.linkedin.com/jobs/view/4360731876 , ,li-4360731876,fulltime,,,,,,False,mid-senior level,"Design, Consulting, and Engineering",,christian.de.visser@haskoning.com,"Civil Engineering, Renewable Energy Semiconductor Manufacturing, and Construction",https://nl.linkedin.com/company/haskoning,,,,,,,,,,,
linkedin,Program Manager (m/w/d),Start2 Group,"Munich, Bavaria, Germany",2026-07-04,https://www.linkedin.com/jobs/view/4429639494 , ,li-4429639494,fulltime,,,,,,False,associate,Project Management,,,Business Consulting and Services,https://de.linkedin.com/company/start2group,,,,,,,,,,,
linkedin,Global Logistic Project Lead (m/f/d),RIMOWA,"Cologne, North Rhine-Westphalia, Germany",2026-07-04,https://www.linkedin.com/jobs/view/4417763656 , ,li-4417763656,fulltime,,,,,,False,director,Management and Manufacturing,,,Retail Luxury Goods and Jewelry,https://de.linkedin.com/company/rimowa,,,,,,,,,,,
linkedin,Team Leader Customer Project Manager (m/f/d),Giesecke+Devrient,"Munich, Bavaria, Germany",2026-07-04,https://www.linkedin.com/jobs/view/4417169703 , ,li-4417169703,fulltime,,,,,,True,mid-senior level,Project Management and Information Technology,,,IT Services and IT Consulting,https://de.linkedin.com/company/giesecke-devrient,,,,,,,,,,,
linkedin,Project Development Manager (m/w/d),ib vogt GmbH,"Berlin, Berlin, Germany",2026-07-04,https://www.linkedin.com/jobs/view/4435717179 , ,li-4435717179,fulltime,,,,,,False,entry level,Project Management and Information Technology,,,Renewable Energy Power Generation,https://www.linkedin.com/company/ib-vogt-gmbh,,,,,,,,,,,
linkedin,Manager Product Line Optics & Imaging Systems (m/f/d),Excelitas Technologies Corp.,"Feldkirchen, Bavaria, Germany",2026-07-04,https://www.linkedin.com/jobs/view/4426962554 , ,li-4426962554,fulltime,,,,,,False,mid-senior level,Product Management and Marketing,,,Manufacturing,https://www.linkedin.com/company/excelitas-technologies,,,,,,,,,,,
linkedin,Senior Product Manager - Web (m/w/d) - German speaking - Berlin,Patronus Group,"Berlin, Berlin, Germany",2026-07-04,https://www.linkedin.com/jobs/view/4435704739 , ,li-4435704739,fulltime,,,,,,False,not applicable,Information Technology,,,Software Development,https://de.linkedin.com/company/patronus-group-hello,,,,,,,,,,,
linkedin,Project Manager,Fever,"Berlin, Berlin, Germany",2026-07-04,https://www.linkedin.com/jobs/view/4385461622 , ,li-4385461622,fulltime,,,,,,False,mid-senior level,Project Management and Information Technology,,,Software Development,https://www.linkedin.com/company/fever-up,,,,,,,,,,,
linkedin,Product Manager Business Development - CEO Office (m/w/d),1KOMMA5°,"Berlin, Berlin, Germany",2026-07-04,https://www.linkedin.com/jobs/view/4433738986 , ,li-4433738986,fulltime,,,,,,False,associate,Project Management,,,Renewable Energy Semiconductor Manufacturing,https://de.linkedin.com/company/1komma5grad,,,,,,,,,,,
linkedin,Product Manager,Klöckner Pentaplast,"Gendorf, Bavaria, Germany",2026-07-04,https://www.linkedin.com/jobs/view/4424891112 , ,li-4424891112,fulltime,,,,,,False,mid-senior level,Product Management and Marketing,,career@kpfilms.com,Plastics Manufacturing,https://uk.linkedin.com/company/klockner-pentaplast,,,,,,,,,,,
linkedin,Senior Product Manager,Superhuman,"Berlin, Berlin, Germany",2026-07-04,https://www.linkedin.com/jobs/view/4425323137 , ,li-4425323137,fulltime,,,,,,True,mid-senior level,Product Management and Marketing,,,Software Development,https://www.linkedin.com/company/superhumanhq,,,,,,,,,,,
linkedin,Product Manager,eBay,,2026-07-04,https://www.linkedin.com/jobs/view/4398697962 , ,li-4398697962,fulltime,,,,,,False,mid-senior level,Product Management and Marketing,,talent@ebay.com,"Technology, Information and Internet",https://www.linkedin.com/company/ebay,,,,,,,,,,,
linkedin,(Junior) Project Manager - Retail Maintenance (m/w/x),AVANTGARDE Group,"Munich, Bavaria, Germany",2026-07-04,https://www.linkedin.com/jobs/view/4384705862 , ,li-4384705862,fulltime,,,,,,True,entry level,Project Management and Information Technology,,,Advertising Services,https://de.linkedin.com/company/avantgarde,,,,,,,,,,,
linkedin,Project Site  Manager - electrical/data centres (m/w/d),Eaton,"Hamburg, Hamburg, Germany",2026-07-04,https://www.linkedin.com/jobs/view/4385019518 , ,li-4385019518,fulltime,,,,,,False,mid-senior level,Other,,,"Appliances, Electrical, and Electronics Manufacturing",https://ie.linkedin.com/company/eaton,,,,,,,,,,,
linkedin,Senior / Lead HVDC Electrical Engineer - Technical Specialist / Project Leader,Arup,"Berlin, Berlin, Germany",2026-07-04,https://www.linkedin.com/jobs/view/4408763839 , ,li-4408763839,fulltime,,,,,,False,mid-senior level,"Design, Consulting, and Engineering",,,"Renewable Energy Semiconductor Manufacturing, Appliances, Electrical, and Electronics Manufacturing, and Architecture and Planning",https://uk.linkedin.com/company/arup,,,,,,,,,,,
linkedin,(Senior) Projektsteuerer Bau / Immobilien (m/w/d),Preuss Project Partner GmbH,"Munich, Bavaria, Germany",2026-07-04,https://www.linkedin.com/jobs/view/4436975311 , ,li-4436975311,fulltime,,,,,,False,mid-senior level,Project Management and Information Technology,,,Real Estate,https://de.linkedin.com/company/preuss-pp,,,,,,,,,,,
linkedin,"Product Engineering, Team Lead",Oxford Instruments plc,"Ulm, Baden-Württemberg, Germany",2026-07-04,https://www.linkedin.com/jobs/view/4408786878 , ,li-4408786878,fulltime,,,,,,False,mid-senior level,Engineering and Information Technology,,,Nanotechnology Research,https://uk.linkedin.com/company/oxford-instruments,,,,,,,,,,,
linkedin,Junior Project Manager,Alpine Business Consulting,"Berlin, Berlin, Germany",2026-07-04,https://www.linkedin.com/jobs/view/4435798856 , ,li-4435798856,fulltime,,,,,,True,entry level,Management,,,IT Services and IT Consulting,https://ch.linkedin.com/company/alpine-businessconsulting,,,,,,,,,,,
linkedin,Partner Marketing Manager (f/m/d),SoftProject,"Ettlingen, Baden-Württemberg, Germany",2026-07-04,https://www.linkedin.com/jobs/view/4436933892 , ,li-4436933892,fulltime,,,,,,False,mid-senior level,Marketing,,"jobs@softproject.com, jobs@softproject.de",IT Services and IT Consulting,https://de.linkedin.com/company/softproject-gmbh,,,,,,,,,,,
linkedin,"Design Engineer, EU",Ashby,"Berlin, Berlin, Germany",2026-07-04,https://www.linkedin.com/jobs/view/4427208876 , ,li-4427208876,fulltime,,,,,,False,entry level,Engineering and Information Technology,,,Software Development,https://www.linkedin.com/company/ashbyhq,,,,,,,,,,,
linkedin,"Brand Communications, PR & Thought Leadership Manager",Jobgether,,2026-07-04,https://www.linkedin.com/jobs/view/4435792455 , ,li-4435792455,fulltime,,,,,,True,mid-senior level,Marketing and Sales,,,Internet Marketplace Platforms,https://be.linkedin.com/company/jobgether,,,,,,,,,,,
linkedin,Specialist Portfolio Planning & Execution (m/w/d),Nordex Group,"Hamburg, Germany",2026-07-04,https://www.linkedin.com/jobs/view/4436946071 , ,li-4436946071,fulltime,,,,,,False,mid-senior level,Finance and Sales,,,Renewable Energy Equipment Manufacturing,https://de.linkedin.com/company/nordex,,,,,,,,,,,
linkedin,Project Manager,Cognite,"Stuttgart, Baden-Württemberg, Germany",2026-07-04,https://www.linkedin.com/jobs/view/4346110063 , ,li-4346110063,fulltime,,,,,,False,mid-senior level,Project Management and Information Technology,,,"Construction, Software Development, and IT Services and IT Consulting",https://www.linkedin.com/company/cognitedata,,,,,,,,,,,
linkedin,Project Manager,Cognite,"Munich, Bavaria, Germany",2026-07-04,https://www.linkedin.com/jobs/view/4346092116 , ,li-4346092116,fulltime,,,,,,False,mid-senior level,Project Management and Information Technology,,,"Construction, Software Development, and IT Services and IT Consulting",https://www.linkedin.com/company/cognitedata,,,,,,,,,,,
linkedin,Technical Lead/Project Lead (m/f/x),Coherent Corp.,"Berlin, Berlin, Germany",2026-07-04,https://www.linkedin.com/jobs/view/4361121826 , ,li-4361121826,fulltime,,,,,,False,mid-senior level,Information Technology,,,Semiconductor Manufacturing,https://www.linkedin.com/company/coherent-corp,,,,,,,,,,,
linkedin,T2/T3  Kubernetes/ DevOps Engineer for Sovereign Cloud Onsite / ApeiroRA / EU AI Projects (m/f/d),SAP,"Berlin, Berlin, Germany",2026-07-04,https://www.linkedin.com/jobs/view/4328290919 , ,li-4328290919,fulltime,,,,,,False,not applicable,Engineering and Information Technology,,Careers@sap.com,"Software Development, IT Services and IT Consulting, and Business Consulting and Services",https://de.linkedin.com/company/sap,,,,,,,,,,,
linkedin,Senior Projektleder til Bro & Tunnel,Sweco,"Ediger-Eller, Rhineland-Palatinate, Germany",2026-07-04,https://www.linkedin.com/jobs/view/4138914754 , ,li-4138914754,fulltime,,,,,,False,mid-senior level,Project Management and Information Technology,,,Professional Services,https://se.linkedin.com/company/sweco,,,,,,,,,,,
linkedin,SENIOR ACCOUNTANT ALS TEAM LEAD (M/W/D),SEMPERIT AG,"Deggendorf, Bavaria, Germany",2026-07-04,https://www.linkedin.com/jobs/view/4392889028 , ,li-4392889028,fulltime,,,,,,True,mid-senior level,Accounting/Auditing and Finance,,,Chemical Manufacturing,https://at.linkedin.com/company/semperit-ag,,,,,,,,,,,
linkedin,Lean Management / Continuous Improvement Specialist  (f/m/d),Takeda,"Oranienburg, Brandenburg, Germany",2026-07-04,https://www.linkedin.com/jobs/view/4385046089 , ,li-4385046089,fulltime,,,,,,False,not applicable,Management and Manufacturing,,,Pharmaceutical Manufacturing,https://jp.linkedin.com/company/takeda-pharmaceuticals,,,,,,,,,,,
linkedin,Senior Manager Strategic Airport Planning (f/m/d),amd.sigma - strategic airport development GmbH,"Berlin, Germany",2026-07-04,https://www.linkedin.com/jobs/view/4366051946 , ,li-4366051946,fulltime,,,,,,False,associate,Business Development and Sales,,,Airlines and Aviation,https://de.linkedin.com/company/amd-sigma-strategic-airport-development,,,,,,,,,,,
linkedin,Team Lead Procurement (f/m/d),RIMOWA,"Cologne, North Rhine-Westphalia, Germany",2026-07-03,https://www.linkedin.com/jobs/view/4418098831 , ,li-4418098831,fulltime,,,,,,False,mid-senior level,Purchasing and Supply Chain,,,Retail Luxury Goods and Jewelry,https://de.linkedin.com/company/rimowa,,,,,,,,,,,
linkedin,CSA Project Manager,Mercury,"Frankfurt, Hesse, Germany",2026-07-03,https://www.linkedin.com/jobs/view/4368249838 , ,li-4368249838,fulltime,,,,,,False,mid-senior level,Other,,,Construction,https://ie.linkedin.com/company/mercury-engineering,,,,,,,,,,,
linkedin,Head of Climate Protection Projects,Brightsmith,"Berlin, Germany",2026-07-03,https://www.linkedin.com/jobs/view/4435437412 , ,li-4435437412,fulltime,,,,,,False,mid-senior level,Project Management,,,Environmental Services and Climate Data and Analytics,https://uk.linkedin.com/company/brightsmith-search,,,,,,,,,,,
linkedin,Projects Innovation & Improvement Manager (m/w/d),DMK Deutsches Milchkontor GmbH,"Bremen, Bremen, Germany",2026-07-03,https://www.linkedin.com/jobs/view/4427981449 , ,li-4427981449,fulltime,,,,,,False,mid-senior level,Management and Manufacturing,,elisa.manfreda@dmk.de,Dairy Product Manufacturing and Food and Beverage Manufacturing,https://de.linkedin.com/company/dmkgroup,,,,,,,,,,,
linkedin,Project Manager,Cognite,"Cologne, North Rhine-Westphalia, Germany",2026-07-03,https://www.linkedin.com/jobs/view/4346064667 , ,li-4346064667,fulltime,,,,,,False,mid-senior level,Project Management and Information Technology,,,"Construction, Software Development, and IT Services and IT Consulting",https://www.linkedin.com/company/cognitedata,,,,,,,,,,,
linkedin,Project Director (m/f/d) Data Center Construction,PORR Deutschland,"Berlin, Berlin, Germany",2026-07-03,https://www.linkedin.com/jobs/view/4435214417 , ,li-4435214417,fulltime,,,,,,False,director,Management and Manufacturing,,,Construction,https://de.linkedin.com/company/porr-deutschland,,,,,,,,,,,
linkedin,Onsite Manager (M/F/D)*,TGW Logistics,"Neuenburg, Baden-Württemberg, Germany",2026-07-03,https://www.linkedin.com/jobs/view/4413608770 , ,li-4413608770,fulltime,,,,,,False,mid-senior level,Project Management and Information Technology,,,Automation Machinery Manufacturing,https://at.linkedin.com/company/tgw-group,,,,,,,,,,,
linkedin,Finance Manager,coculture e.V.,"Berlin, Germany",2026-07-03,https://www.linkedin.com/jobs/view/4433177665 , ,li-4433177665,parttime,,,,,,False,mid-senior level,Finance and Sales,,jobs@coculture.de,Non-profit Organizations,https://de.linkedin.com/company/coculture-org,,,,,,,,,,,
linkedin,Senior Project Controls / Scheduling Specialist (Primavera P6) — German Grid & Energy Infrastructuredary System Engineer,VUC,"Berlin, Germany",2026-07-03,https://www.linkedin.com/jobs/view/4433173977 , ,li-4433173977,fulltime,,,,,,True,mid-senior level,Project Management and Information Technology,,"lucas@vuc.one, lucas@vuc.one",Business Consulting and Services,https://ae.linkedin.com/company/vuc-one,,,,,,,,,,,
linkedin,Key Account Manager,Crossley Scott,"Bavaria, Germany",2026-07-03,https://www.linkedin.com/jobs/view/4431522439 , ,li-4431522439,fulltime,,,,,,False,mid-senior level,Sales and Business Development,,,Services for Renewable Energy,https://uk.linkedin.com/company/crossley-scott,,,,,,,,,,,
linkedin,Arbeitsvorbereitung / Projektkoordination (m/w/d),Holz- und Technic Innenausbau-Messebau GmbH,"Springe, Lower Saxony, Germany",2026-07-03,https://www.linkedin.com/jobs/view/4433174529 , ,li-4433174529,fulltime,,,,,,True,associate,Production,,,Furniture and Home Furnishings Manufacturing,https://de.linkedin.com/company/holzundtechnic,,,,,,,,,,,
linkedin,Onsite Manager,Vivid Resourcing,"Salzgitter, Lower Saxony, Germany",2026-07-03,https://www.linkedin.com/jobs/view/4436746633 , ,li-4436746633,fulltime,,,,,,False,mid-senior level,Engineering,,Arthur.lindsay@vividresourcing.com,Engineering Services,https://uk.linkedin.com/company/vivid-resourcing-ltd,,,,,,,,,,,
linkedin,Projektmanager (m/w/d) Airbus,expertum Gruppe,"Bremen, Bremen, Germany",2026-07-03,https://www.linkedin.com/jobs/view/4435470270 , ,li-4435470270,fulltime,,,,,,False,mid-senior level,Project Management and Information Technology,,,Staffing and Recruiting,https://de.linkedin.com/company/expertumgruppe,,,,,,,,,,,
linkedin,Projektmanager,TELEPORT-Gruppe,"Dresden, Saxony, Germany",2026-07-03,https://www.linkedin.com/jobs/view/4433168487 , ,li-4433168487,fulltime,,,,,,False,entry level,Project Management and Information Technology,,,Information Technology & Services,https://de.linkedin.com/company/teleport-gruppe,,,,,,,,,,,
linkedin,Projektmanager (all gender),ALTEN Germany,"Wedel, Schleswig-Holstein, Germany",2026-07-03,https://www.linkedin.com/jobs/view/4363972017 , ,li-4363972017,fulltime,,,,,,False,associate,Engineering and Project Management,,,Engineering Services,https://de.linkedin.com/company/altengermany,,,,,,,,,,,
linkedin,Human Resource Information System Manager,HRIT People,"Lower Saxony, Germany",2026-07-03,https://www.linkedin.com/jobs/view/4436473935 , ,li-4436473935,fulltime,,,,,,False,mid-senior level,Information Technology and Human Resources,,,Manufacturing and Information Services,https://uk.linkedin.com/company/hrit-people,,,,,,,,,,,
linkedin,Junior Projektmanager (m/w/d) im Home Office,hey contact heroes GmbH,,2026-07-03,https://www.linkedin.com/jobs/view/4433184957 , ,li-4433184957,fulltime,,,,,,False,entry level,Project Management,,,Telecommunications,https://de.linkedin.com/company/hey-contact-heroes-gmbh,,,,,,,,,,,
linkedin,Product Owner – Altersvorsorgedepot,Fidelity International,"Kronberg, Hesse, Germany",2026-07-03,https://www.linkedin.com/jobs/view/4427970252 , ,li-4427970252,fulltime,,,,,,False,mid-senior level,Product Management and Marketing,,,Financial Services,https://uk.linkedin.com/company/fidelity-international,,,,,,,,,,,
linkedin,Projektmanager (m/w/d),Streif Haus GmbH,"Weinsheim, Rhineland-Palatinate, Germany",2026-07-03,https://www.linkedin.com/jobs/view/4436757978 , ,li-4436757978,fulltime,,,,,,False,mid-senior level,Project Management and Information Technology,,,Construction,https://de.linkedin.com/company/streif-haus-gmbh,,,,,,,,,,,
linkedin,"Project Manager, Programme Tools Implementation, IRIS2 Programme Office",SES Satellites,"Unterföhring, Bavaria, Germany",2026-07-03,https://www.linkedin.com/jobs/view/4435477678 , ,li-4435477678,fulltime,,,,,,False,mid-senior level,Project Management and Information Technology,,,Telecommunications,https://lu.linkedin.com/company/ses,,,,,,,,,,,
linkedin,Global Product Manager – Pre-fab HVAC,Georg Fischer,"Hamburg, Hamburg, Germany",2026-07-03,https://www.linkedin.com/jobs/view/4433195669 , ,li-4433195669,fulltime,,,,,,False,mid-senior level,Product Management and Marketing,,ruth.huebsch@georgfischer.com,Industrial Machinery Manufacturing,https://ch.linkedin.com/company/georg-fischer,,,,,,,,,,,
linkedin,Product Manager - Region Central-West Europe,Georg Fischer,"Hamburg, Hamburg, Germany",2026-07-03,https://www.linkedin.com/jobs/view/4417204384 , ,li-4417204384,fulltime,,,,,,False,mid-senior level,Product Management and Marketing,,dominik.brodmerkel@georgfischer.com,Industrial Machinery Manufacturing,https://ch.linkedin.com/company/georg-fischer,,,,,,,,,,,
linkedin,Founding Product Manager - KI-Agenten-Plattform (m/w/d),Lucid Labs,"Berlin, Berlin, Germany",2026-07-03,https://www.linkedin.com/jobs/view/4433129984 , ,li-4433129984,fulltime,,,,,,True,mid-senior level,Product Management,,,Software Development,https://de.linkedin.com/company/lucidlabs-official,,,,,,,,,,,
linkedin,Produktmanager - Software (m/w/d),Bizerba,"Balingen, Baden-Württemberg, Germany",2026-07-03,https://www.linkedin.com/jobs/view/4435471368 , ,li-4435471368,fulltime,,,,,,False,mid-senior level,Product Management and Marketing,,,Machinery Manufacturing,https://de.linkedin.com/company/bizerba,,,,,,,,,,,
linkedin,Lead Product Manager Trust&Safety,OLX,"Berlin, Berlin, Germany",2026-07-03,https://www.linkedin.com/jobs/view/4436775016 , ,li-4436775016,fulltime,,,,,,False,mid-senior level,Product Management and Marketing,,,Software Development,https://nl.linkedin.com/company/olx-group,,,,,,,,,,,
linkedin,Senior Project Manager Modular Solutions (m/f/d),Exyte,"Renningen, Baden-Württemberg, Germany",2026-07-03,https://www.linkedin.com/jobs/view/4435431715 , ,li-4435431715,fulltime,,,,,,False,mid-senior level,Project Management and Information Technology,,gina.otto@exentec.net,Civil Engineering,https://de.linkedin.com/company/exyte-group,,,,,,,,,,,
linkedin,Senior Project Manager – Bioprocess Consumables (m/w/d),Eppendorf,"Oldenburg in Holstein, Schleswig-Holstein, Germany",2026-07-03,https://www.linkedin.com/jobs/view/4416519099 , ,li-4416519099,fulltime,,,,,,False,mid-senior level,Project Management and Information Technology,,,Biotechnology Research,https://de.linkedin.com/company/eppendorf,,,,,,,,,,,
linkedin,Project Manager (m/f/d),Process Automation Solutions,"Hannover, Lower Saxony, Germany",2026-07-03,https://www.linkedin.com/jobs/view/4436757974 , ,li-4436757974,fulltime,,,,,,False,mid-senior level,Project Management and Information Technology,,,Industrial Automation,https://de.linkedin.com/company/process-automation-solutions,,,,,,,,,,,
linkedin,"Senior Product Manager, Connectivity",GetYourGuide,"Berlin, Berlin, Germany",2026-07-03,https://www.linkedin.com/jobs/view/4417489167 , ,li-4417489167,fulltime,,,,,,False,mid-senior level,Design and Product Management,,jobs@getyourguide.com,"Technology, Information and Internet and Travel Arrangements",https://de.linkedin.com/company/getyourguide-ag,,,,,,,,,,,
linkedin,Senior Project Manager SAP S/4HANA (m/w/d),Sycor,,2026-07-03,https://www.linkedin.com/jobs/view/4248435074 , ,li-4248435074,fulltime,,,,,,False,mid-senior level,Project Management and Information Technology,,,IT Services and IT Consulting,https://de.linkedin.com/company/sycor,,,,,,,,,,,
linkedin,Senior Expert Service Introduction Management (m/w/d),Vodafone,"Düsseldorf, North Rhine-Westphalia, Germany",2026-07-03,https://www.linkedin.com/jobs/view/4433189395 , ,li-4433189395,fulltime,,,,,,False,not applicable,Other,,,"Information Services, IT Services and IT Consulting, and Telecommunications",https://uk.linkedin.com/company/vodafone,,,,,,,,,,,
linkedin,Program Manager Middle [211294],Aquent,"Berlin, Germany",2026-07-03,https://www.linkedin.com/jobs/view/4435440429 , ,li-4435440429,temporary,,,,,,False,associate,Project Management,,,"Transportation, Logistics, Supply Chain and Storage",https://www.linkedin.com/company/aquent,,,,,,,,,,,
linkedin,IT-Projektmanager (all gender),ALTEN Germany,"Munich, Bavaria, Germany",2026-07-03,https://www.linkedin.com/jobs/view/4410608352 , ,li-4410608352,fulltime,,,,,,False,associate,Project Management and Information Technology,,,Motor Vehicle Manufacturing,https://de.linkedin.com/company/altengermany,,,,,,,,,,,
linkedin,Project Manager (m/w/d) Pharmaceutical Products,Denk Pharma,"Munich, Bavaria, Germany",2026-07-03,https://www.linkedin.com/jobs/view/4433188233 , ,li-4433188233,fulltime,,,,,,False,associate,Project Management,,,Hospitals and Health Care,https://www.linkedin.com/company/denkpharma,,,,,,,,,,,
linkedin,Project Manager - Textile & Product Development (m/f/d),CYBEX,"Bayreuth, Bavaria, Germany",2026-07-03,https://www.linkedin.com/jobs/view/4435465446 , ,li-4435465446,fulltime,,,,,,False,mid-senior level,Project Management and Information Technology,,,Manufacturing,https://de.linkedin.com/company/cybex-gmbh,,,,,,,,,,,
linkedin,Project Manager (m/f/d) - Data Centres,Turner & Townsend,"Frankfurt am Main, Hesse, Germany",2026-07-03,https://www.linkedin.com/jobs/view/4435449996 , ,li-4435449996,fulltime,,,,,,False,internship,"Project Management, Consulting, and Engineering",,,"Construction, Civil Engineering, and Business Consulting and Services",https://uk.linkedin.com/company/turner-&-townsend,,,,,,,,,,,
linkedin,Project Manager (m/f/d) - Data Centres,Turner & Townsend,,2026-07-03,https://www.linkedin.com/jobs/view/4435470060 , ,li-4435470060,fulltime,,,,,,False,internship,"Project Management, Consulting, and Engineering",,,"Construction, Civil Engineering, and Business Consulting and Services",https://uk.linkedin.com/company/turner-&-townsend,,,,,,,,,,,
linkedin,Projektleiter Konstruktion (m/w/d),CHEMNITZ ZIEHT AN - Das Jobportal von hier.,"Chemnitz, Saxony, Germany",2026-07-03,https://www.linkedin.com/jobs/view/4436793790 , ,li-4436793790,fulltime,,,,,,False,mid-senior level,"Design, Art/Creative, and Information Technology",,,Human Resources Services,https://de.linkedin.com/company/chemnitzziehtan,,,,,,,,,,,
linkedin,Product Manager App Store (w/m/d),JTL-Software-GmbH,,2026-07-02,https://www.linkedin.com/jobs/view/4436326702 , ,li-4436326702,fulltime,,,,,,True,associate,Product Management,,,Software Development,https://de.linkedin.com/company/jtl-software,,,,,,,,,,,
linkedin,Principal Product Manager - Apps (m/f/d),HomeToGo,"Berlin, Berlin, Germany",2026-07-02,https://www.linkedin.com/jobs/view/4423158654 , ,li-4423158654,fulltime,,,,,,True,mid-senior level,Product Management and Marketing,,recruiting@hometogo.com,Software Development,https://de.linkedin.com/company/hometogo,,,,,,,,,,,
linkedin,(Senior) Product Manager (f/m/d),Customer Alliance,"Berlin, Berlin, Germany",2026-07-02,https://www.linkedin.com/jobs/view/4435020322 , ,li-4435020322,fulltime,,,,,,True,mid-senior level,Product Management and Marketing,,,Software Development,https://de.linkedin.com/company/customer-alliance,,,,,,,,,,,
linkedin,"Group Product Manager, Reporting - Vendor",Delivery Hero,"Berlin, Berlin, Germany",2026-07-02,https://www.linkedin.com/jobs/view/4435214763 , ,li-4435214763,fulltime,,,,,,False,mid-senior level,Marketing and Product Management,,inclusion@deliveryhero.com,Software Development and IT Services and IT Consulting,https://de.linkedin.com/company/delivery-hero-se,,,,,,,,,,,
linkedin,Produktmanager (m/w/d) Private Label,Ludwig Schokolade GmbH & Co. KG,"Bergisch Gladbach, North Rhine-Westphalia, Germany",2026-07-02,https://www.linkedin.com/jobs/view/4433132600 , ,li-4433132600,fulltime,,,,,,False,mid-senior level,Product Management and Marketing,,,Sugar and Confectionery Product Manufacturing,https://www.linkedin.com/company/ludwig-schokolade-gmbh-&-co-kg,,,,,,,,,,,
linkedin,Senior Product Manager (Mobile Games),WildCard Games,,2026-07-02,https://www.linkedin.com/jobs/view/4434339331 , ,li-4434339331,fulltime,,,,,,False,mid-senior level,Product Management and Marketing,,,Mobile Gaming Apps,https://www.linkedin.com/company/wildcard-games,,,,,,,,,,,
linkedin,Director of Product - Sports,Epassi,"Bremen, Bremen, Germany",2026-07-02,https://www.linkedin.com/jobs/view/4435820628 , ,li-4435820628,fulltime,,,,,,False,director,Product Management,,,Financial Services,https://fi.linkedin.com/company/epassi,,,,,,,,,,,
linkedin,PRODUKTMANAGER RECHENZENTRUM & CLOUD (GN),RaumFabrik Durlach,"Karlsruhe, Baden-Württemberg, Germany",2026-07-02,https://www.linkedin.com/jobs/view/4436160412 , ,li-4436160412,fulltime,,,,,,False,mid-senior level,Product Management and Marketing,,zukunft@telemaxx.de,Real Estate,https://de.linkedin.com/company/raumfabrik-durlach,,,,,,,,,,,
linkedin,Senior Product Manager 🇫🇷,Pennylane,,2026-07-02,https://www.linkedin.com/jobs/view/4417071890 , ,li-4417071890,contract,,,,,,True,mid-senior level,Product Management and Marketing,,"dpo@pennylane.com, dpo@pennylane.com, dpo@pennylane.com",Accounting,https://fr.linkedin.com/company/pennylaneaccounting,,,,,,,,,,,
linkedin,"Senior Product Manager, Strategic Projects & Delivery",SpiNNcloud,,2026-07-02,https://www.linkedin.com/jobs/view/4433123374 , ,li-4433123374,fulltime,,,,,,False,mid-senior level,Project Management and Information Technology,,,Computer Hardware Manufacturing,https://de.linkedin.com/company/spinncloud,,,,,,,,,,,
linkedin,Market Development Manager  / Business Development Manager (m/w/d),MEIKO Group,"Offenburg, Baden-Württemberg, Germany",2026-07-02,https://www.linkedin.com/jobs/view/4256380114 , ,li-4256380114,fulltime,,,,,,False,mid-senior level,Sales and Business Development,,,Machinery Manufacturing,https://de.linkedin.com/company/meiko-group,,,,,,,,,,,
linkedin,Manager Market Segment,DöhlerGroup,"Darmstadt, Hesse, Germany",2026-07-02,https://www.linkedin.com/jobs/view/4429874352 , ,li-4429874352,fulltime,,,,,,False,mid-senior level,Product Management and Marketing,,,Food and Beverage Manufacturing,https://de.linkedin.com/company/doehler,,,,,,,,,,,
linkedin,Product Manager (m/w/d),Hyundai Motor Company,,2026-07-02,https://www.linkedin.com/jobs/view/4436330361 , ,li-4436330361,fulltime,,,,,,False,associate,Product Management and Strategy/Planning,,,Motor Vehicle Manufacturing,https://kr.linkedin.com/company/hyundai-motor-company,,,,,,,,,,,
linkedin,Mower Product Manager,Zoomlion,"Lower Saxony, Germany",2026-07-02,https://www.linkedin.com/jobs/view/4409913421 , ,li-4409913421,fulltime,,,,,,False,mid-senior level,Design and Product Management,,,"Machinery Manufacturing and Agriculture, Construction, Mining Machinery Manufacturing",https://cn.linkedin.com/company/zoomlion,,,,,,,,,,,
linkedin,Senior Project Manager & Service Expert Complex Systems (m/f/d),Rohde & Schwarz,"Kiel, Schleswig-Holstein, Germany",2026-07-02,https://www.linkedin.com/jobs/view/4416198341 , ,li-4416198341,fulltime,,,,,,False,not applicable,Project Management and Information Technology,,,Telecommunications,https://de.linkedin.com/company/rohde-schwarz,,,,,,,,,,,
linkedin,Rake Product Manager,Zoomlion,"Lower Saxony, Germany",2026-07-02,https://www.linkedin.com/jobs/view/4409917424 , ,li-4409917424,fulltime,,,,,,False,mid-senior level,Design and Product Management,,,"Machinery Manufacturing and Agriculture, Construction, Mining Machinery Manufacturing",https://cn.linkedin.com/company/zoomlion,,,,,,,,,,,
linkedin,Product Manager m/w/d (8003),FLYERALARM,"Würzburg, Bavaria, Germany",2026-07-02,https://www.linkedin.com/jobs/view/4436308643 , ,li-4436308643,fulltime,,,,,,False,associate,Product Management,,,"Marketing Services, Printing Services, and IT Services and IT Consulting",https://de.linkedin.com/company/flyeralarm,,,,,,,,,,,
linkedin,Project Manager (m/w/d),Exyte,"Dresden, Saxony, Germany",2026-07-02,https://www.linkedin.com/jobs/view/4398502084 , ,li-4398502084,fulltime,,,,,,False,mid-senior level,Project Management and Information Technology,,-k@exentec.net,Civil Engineering,https://de.linkedin.com/company/exyte-group,,,,,,,,,,,
linkedin,Project Manager (m/f/d),Exyte,"Dresden, Saxony, Germany",2026-07-02,https://www.linkedin.com/jobs/view/4394790617 , ,li-4394790617,fulltime,,,,,,False,mid-senior level,Project Management and Information Technology,,-k@exentec.net,Civil Engineering,https://de.linkedin.com/company/exyte-group,,,,,,,,,,,
linkedin,HW Project Leader (m/f/d),HARMAN International,"Ulm, Baden-Württemberg, Germany",2026-07-02,https://www.linkedin.com/jobs/view/4398254113 , ,li-4398254113,fulltime,,,,,,True,mid-senior level,Project Management and Information Technology,,harmancareers@harman.com,Computers and Electronics Manufacturing,https://www.linkedin.com/company/harman-international,,,,,,,,,,,
linkedin,BMS Lead,QCS Staffing,"Munich, Bavaria, Germany",2026-07-02,https://www.linkedin.com/jobs/view/4423662545 , ,li-4423662545,fulltime,,,,,,False,mid-senior level,Other,,,Staffing and Recruiting,https://uk.linkedin.com/company/qcs-staffing,,,,,,,,,,,
linkedin,AI DevOps Team Lead – Azure (m/f/d),Simon-Kucher,"Bonn, North Rhine-Westphalia, Germany",2026-07-02,https://www.linkedin.com/jobs/view/4413319848 , ,li-4413319848,fulltime,,,,,,True,mid-senior level,Management and Manufacturing,,,Business Consulting and Services,https://de.linkedin.com/company/simon-kucher,,,,,,,,,,,
linkedin,DE Legal Office Manager (Paralegal / Project Management),Amazon,"Munich, Bavaria, Germany",2026-07-02,https://www.linkedin.com/jobs/view/4417364021 , ,li-4417364021,fulltime,,,,,,False,mid-senior level,Legal and Information Technology,,,Software Development,https://www.linkedin.com/company/amazon,,,,,,,,,,,
linkedin,"Arbeitsvorbereiter/in, Technischer Einkäufer/in (m/w/d)",HAWART Group,"Ganderkesee, Lower Saxony, Germany",2026-07-02,https://www.linkedin.com/jobs/view/4436319981 , ,li-4436319981,fulltime,,,,,,False,entry level,Purchasing and Supply Chain,,,Machinery Manufacturing,https://de.linkedin.com/company/hawart,,,,,,,,,,,
linkedin,AI Project Manager (m/w/d),MVGM Nederland,"Dresden, Saxony, Germany",2026-07-02,https://www.linkedin.com/jobs/view/4436180337 , ,li-4436180337,fulltime,,,,,,False,mid-senior level,"Sales, General Business, and Education",,careers.de@mvgm.com,"Wireless Services, Telecommunications, and Communications Equipment Manufacturing",https://nl.linkedin.com/company/mvgm-nederland,,,,,,,,,,,
linkedin,Onboarding Enablement Specialist,Jobgether,,2026-07-02,https://www.linkedin.com/jobs/view/4435060025 , ,li-4435060025,fulltime,,,,,,True,entry level,Human Resources,,,Internet Marketplace Platforms,https://be.linkedin.com/company/jobgether,,,,,,,,,,,
linkedin,"Product Manager - (Payments, Fintech)",Delivery Hero,"Berlin, Berlin, Germany",2026-07-02,https://www.linkedin.com/jobs/view/4435043733 , ,li-4435043733,fulltime,,,,,,False,mid-senior level,Marketing and Product Management,,inclusion@deliveryhero.com,Software Development and IT Services and IT Consulting,https://de.linkedin.com/company/delivery-hero-se,,,,,,,,,,,
linkedin,Senior Project Manager,Mercury,"Frankfurt, Hesse, Germany",2026-07-02,https://www.linkedin.com/jobs/view/4327929927 , ,li-4327929927,fulltime,,,,,,False,mid-senior level,Project Management and Information Technology,,,Construction,https://ie.linkedin.com/company/mercury-engineering,,,,,,,,,,,
linkedin,Live-Virtual-Constructive Program Coordinator,Booz Allen Hamilton,"Stuttgart, Baden-Württemberg, Germany",2026-07-02,https://www.linkedin.com/jobs/view/4416940994 , ,li-4416940994,fulltime,,,,,,True,not applicable,Other,,,Software Development,https://www.linkedin.com/company/booz-allen-hamilton,,,,,,,,,,,
linkedin,Project Manager AI Business Solutions (m/w/d),TE Connectivity,"Waiblingen, Baden-Württemberg, Germany",2026-07-02,https://www.linkedin.com/jobs/view/4436377374 , ,li-4436377374,fulltime,,,,,,False,mid-senior level,Project Management and Information Technology,,,"Appliances, Electrical, and Electronics Manufacturing",https://ie.linkedin.com/company/te-connectivity,,,,,,,,,,,
linkedin,Project Manager Regional Glasfaser (all genders),PŸUR | Tele Columbus,"Berlin, Berlin, Germany",2026-07-02,https://www.linkedin.com/jobs/view/4405102046 , ,li-4405102046,fulltime,,,,,,False,entry level,Project Management and Information Technology,,,Telecommunications,https://de.linkedin.com/company/telecolumbus,,,,,,,,,,,
linkedin,Project Manager Business Partner (d/m/w),Ingenieurbüro Heimann,"Hamburg, Hamburg, Germany",2026-07-02,https://www.linkedin.com/jobs/view/4436371739 , ,li-4436371739,fulltime,,,,,,False,mid-senior level,Project Management and Information Technology,,,Software Development,https://de.linkedin.com/company/ingenieurb%C3%BCro-heimann,,,,,,,,,,,
linkedin,Projektmanager,BS Gottschall GmbH,"Feuchtwangen, Bavaria, Germany",2026-07-02,https://www.linkedin.com/jobs/view/4436320662 , ,li-4436320662,fulltime,,,,,,False,associate,Project Management and Supply Chain,,,"Transportation, Logistics, Supply Chain and Storage",https://de.linkedin.com/company/bs-gottschall-gmbh,,,,,,,,,,,
linkedin,Head of (m/w/d) Pharmaceutical Operations Project Management,Denk Pharma,"Munich, Bavaria, Germany",2026-07-02,https://www.linkedin.com/jobs/view/4432758119 , ,li-4432758119,fulltime,,,,,,False,associate,Project Management,,,Hospitals and Health Care,https://www.linkedin.com/company/denkpharma,,,,,,,,,,,
linkedin,Project Manager,Capstone Recruitment UK,"Frankfurt, Hesse, Germany",2026-07-02,https://www.linkedin.com/jobs/view/4433106249 , ,li-4433106249,fulltime,,,,,,False,not applicable,Project Management and Engineering,,,Construction,https://uk.linkedin.com/company/capstone-recruitment-uk,,,,,,,,,,,
linkedin,CSA Supervisor,Mercury,"Frankfurt, Hesse, Germany",2026-07-02,https://www.linkedin.com/jobs/view/4230902458 , ,li-4230902458,fulltime,,,,,,False,mid-senior level,Other,,,Construction,https://ie.linkedin.com/company/mercury-engineering,,,,,,,,,,,
linkedin,IT Project Manager,Leidos,"Stuttgart, Baden-Württemberg, Germany",2026-07-02,https://www.linkedin.com/jobs/view/4433100448 , ,li-4433100448,fulltime,,,,,,False,mid-senior level,Production,,LeidosCareersFraud@leidos.com,IT Services and IT Consulting,https://www.linkedin.com/company/leidos,,,,,,,,,,,
linkedin,Senior Project Manager – Bioprocess Consumables (m/w/d),Eppendorf,"Jülich, North Rhine-Westphalia, Germany",2026-07-02,https://www.linkedin.com/jobs/view/4416512272 , ,li-4416512272,fulltime,,,,,,False,mid-senior level,Project Management and Information Technology,,,Biotechnology Research,https://de.linkedin.com/company/eppendorf,,,,,,,,,,,
linkedin,Project Lead*,Diapharm Austria GmbH,"Münster, North Rhine-Westphalia, Germany",2026-07-02,https://www.linkedin.com/jobs/view/4432737311 , ,li-4432737311,fulltime,,,,,,False,mid-senior level,Project Management and Information Technology,,info@diapharm.de,Business Consulting and Services,https://at.linkedin.com/company/diapharm-austria-gmbh,,,,,,,,,,,
linkedin,Senior Project Manager,FNZ,"Munich, Bavaria, Germany",2026-07-02,https://www.linkedin.com/jobs/view/4423119605 , ,li-4423119605,fulltime,,,,,,False,mid-senior level,Project Management and Information Technology,,,Financial Services,https://uk.linkedin.com/company/fnz,,,,,,,,,,,
linkedin,Projektmanager (m/w/d) Event & Experiental Marketing,YER Deutschland,"Berlin, Berlin, Germany",2026-07-02,https://www.linkedin.com/jobs/view/4433124353 , ,li-4433124353,fulltime,,,,,,False,mid-senior level,Public Relations,,,Media Production,https://de.linkedin.com/company/yerdeutschland,,,,,,,,,,,
linkedin,Senior Project Manager,TeamViewer,"Göppingen, Baden-Württemberg, Germany",2026-07-02,https://www.linkedin.com/jobs/view/4436421670 , ,li-4436421670,fulltime,,,,,,True,director,Project Management and Information Technology,,,Software Development,https://de.linkedin.com/company/teamviewer,,,,,,,,,,,
linkedin,(Technical) Project Manager Customer Operations & Deployment (f/m/d),sewts,"Munich, Bavaria, Germany",2026-07-02,https://www.linkedin.com/jobs/view/4432753873 , ,li-4432753873,fulltime,,,,,,False,associate,Production,,fatima.sakhawat@sewts.de,Software Development,https://de.linkedin.com/company/sewts,,,,,,,,,,,
linkedin,Technical Project Manager (m/f/d) Aerospace Composites,Blackwave,"Taufkirchen, Bavaria, Germany",2026-07-02,https://www.linkedin.com/jobs/view/4419157550 , ,li-4419157550,fulltime,,,,,,True,mid-senior level,Project Management and Information Technology,,,Aviation and Aerospace Component Manufacturing,https://de.linkedin.com/company/blackwave-gmbh,,,,,,,,,,,
linkedin,(Senior) Projektleiter:in,Deutsche Bahn,"Erfurt, Thuringia, Germany",2026-07-02,https://www.linkedin.com/jobs/view/4399202505 , ,li-4399202505,fulltime,,,,,,False,mid-senior level,Information Technology,,,Truck Transportation,https://de.linkedin.com/company/deutschebahn,,,,,,,,,,,
linkedin,Projektleitung (m/w/d) Dezentrale Energieanlagen,Rolls-Royce,"Friedrichshafen, Baden-Württemberg, Germany",2026-07-02,https://www.linkedin.com/jobs/view/4435051531 , ,li-4435051531,fulltime,,,,,,False,director,Project Management and Information Technology,,careers@ps.rolls,Industrial Machinery Manufacturing,https://uk.linkedin.com/company/rolls-royce,,,,,,,,,,,
linkedin,Technischer Projektmanager (all genders),MTU Maintenance,"Langenhagen, Lower Saxony, Germany",2026-07-02,https://www.linkedin.com/jobs/view/4430158144 , ,li-4430158144,fulltime,,,,,,False,mid-senior level,Project Management and Information Technology,,,Aviation and Aerospace Component Manufacturing,https://de.linkedin.com/company/mtu-maintenance,,,,,,,,,,,
linkedin,Project Manager - Development,"CloudHQ, LLC","Frankfurt am Main, Hesse, Germany",2026-07-02,https://www.linkedin.com/jobs/view/4426101605 , ,li-4426101605,fulltime,,,,,,False,mid-senior level,Project Management and Information Technology,,,Real Estate,https://www.linkedin.com/company/cloudhq-llc,,,,,,,,,,,
linkedin,Senior Project Manager - Automotive Warranty and Services (f/m/x),AUTO1 Group,"Berlin, Berlin, Germany",2026-07-02,https://www.linkedin.com/jobs/view/4426086399 , ,li-4426086399,fulltime,,,,,,False,mid-senior level,Customer Service,,,Motor Vehicle Manufacturing,https://de.linkedin.com/company/auto1-group,,,,,,,,,,,
linkedin,Projektleiter:in,Weppler Filter GmbH,"Oberursel, Hesse, Germany",2026-07-02,https://www.linkedin.com/jobs/view/4436317722 , ,li-4436317722,fulltime,,,,,,False,associate,Project Management,,,Manufacturing,https://de.linkedin.com/company/weppler-filter-gmbh,,,,,,,,,,,
linkedin,Experte Operations  (m/w/d),TKMS,"Kiel, Schleswig-Holstein, Germany",2026-07-02,https://www.linkedin.com/jobs/view/4432787651 , ,li-4432787651,fulltime,,,,,,False,mid-senior level,Manufacturing,,,Utilities,https://de.linkedin.com/company/tkms,,,,,,,,,,,
linkedin,Projektingenieur (m/w/d),Parts Europe,"Wasserliesch, Rhineland-Palatinate, Germany",2026-07-02,https://www.linkedin.com/jobs/view/4435208536 , ,li-4435208536,fulltime,,,,,,False,mid-senior level,Engineering and Information Technology,,,Wholesale,https://de.linkedin.com/company/partseurope,,,,,,,,,,,
linkedin,Senior Projektleiter im Anlagenbau (m/w/d),Eggersmann Gruppe GmbH & Co. KG,"Bad Oeynhausen, North Rhine-Westphalia, Germany",2026-07-02,https://www.linkedin.com/jobs/view/4433105869 , ,li-4433105869,fulltime,,,,,,False,mid-senior level,Engineering,,,Machinery Manufacturing,https://de.linkedin.com/company/eggersmanngroup,,,,,,,,,,,
linkedin,Construction Manager,Global Switch,"Frankfurt, Hesse, Germany",2026-07-02,https://www.linkedin.com/jobs/view/4405985416 , ,li-4405985416,fulltime,,,,,,False,mid-senior level,Management and Manufacturing,,,Real Estate,https://uk.linkedin.com/company/global-switch,,,,,,,,,,,
linkedin,Projektmanager (m/w/d),TKMS ATLAS ELEKTRONIK GmbH,"Wedel, Schleswig-Holstein, Germany",2026-07-02,https://www.linkedin.com/jobs/view/4432780916 , ,li-4432780916,fulltime,,,,,,False,mid-senior level,Project Management,,,Utilities,https://de.linkedin.com/company/tkms-atlas-elektronik,,,,,,,,,,,
linkedin,AI Project Manager (m/w/d),MVGM Nederland,"Berlin, Berlin, Germany",2026-07-02,https://www.linkedin.com/jobs/view/4436192012 , ,li-4436192012,fulltime,,,,,,False,mid-senior level,"Sales, General Business, and Education",,careers.de@mvgm.com,"Wireless Services, Telecommunications, and Communications Equipment Manufacturing",https://nl.linkedin.com/company/mvgm-nederland,,,,,,,,,,,
linkedin,Marketing Operations Project Manager,GetYourGuide,"Berlin, Berlin, Germany",2026-07-02,https://www.linkedin.com/jobs/view/4436354358 , ,li-4436354358,fulltime,,,,,,False,mid-senior level,Project Management and Information Technology,,jobs@getyourguide.com,"Technology, Information and Internet and Travel Arrangements",https://de.linkedin.com/company/getyourguide-ag,,,,,,,,,,,
linkedin,Project Manager (m/w/d),iiM GmbH,"Suhl, Thuringia, Germany",2026-07-02,https://www.linkedin.com/jobs/view/4432782901 , ,li-4432782901,fulltime,,,,,,False,associate,Project Management,,,Computer Hardware Manufacturing,https://de.linkedin.com/company/iim-ag,,,,,,,,,,,
linkedin,Project Manager,CECO Environmental Corporation,"Wetzlar, Hesse, Germany",2026-07-02,https://www.linkedin.com/jobs/view/4398510275 , ,li-4398510275,fulltime,,,,,,False,mid-senior level,Project Management and Information Technology,,,Environmental Services,https://www.linkedin.com/company/ceco-environmental,,,,,,,,,,,
linkedin,Project Manager Modular Solutions  (m/f/d),Exyte,"Renningen, Baden-Württemberg, Germany",2026-07-02,https://www.linkedin.com/jobs/view/4435245180 , ,li-4435245180,fulltime,,,,,,False,mid-senior level,Project Management and Information Technology,,gina.otto@exentec.net,Civil Engineering,https://de.linkedin.com/company/exyte-group,,,,,,,,,,,
linkedin,Project Manager,Yibi Precision | MIM Manufacturing Solutions for Precision Metal Components,"Baden-Württemberg, Germany",2026-07-02,https://www.linkedin.com/jobs/view/4432727577 , ,li-4432727577,parttime,,,,,,False,mid-senior level,Business Development and Project Management,,,Manufacturing,https://cn.linkedin.com/company/yibimetal,,,,,,,,,,,
linkedin,Senior Project Manager,TeamViewer,"Stuttgart, Baden-Württemberg, Germany",2026-07-02,https://www.linkedin.com/jobs/view/4435463028 , ,li-4435463028,fulltime,,,,,,True,not applicable,Project Management and Information Technology,,,Software Development,https://de.linkedin.com/company/teamviewer,,,,,,,,,,,
linkedin,Project / Program Manager – Logistics Infrastructure,Actalent,,2026-07-02,https://www.linkedin.com/jobs/view/4436326362 , ,li-4436326362,contract,,,,,,False,associate,Project Management,,,"Transportation, Logistics, Supply Chain and Storage",https://www.linkedin.com/company/actalentservices,,,,,,,,,,,
linkedin,Project Manager,Mercury,"Frankfurt, Hesse, Germany",2026-07-02,https://www.linkedin.com/jobs/view/4351829591 , ,li-4351829591,fulltime,,,,,,False,mid-senior level,Project Management and Information Technology,,,Construction,https://ie.linkedin.com/company/mercury-engineering,,,,,,,,,,,
linkedin,Project Operations Manager,Mercury,"Frankfurt, Hesse, Germany",2026-07-02,https://www.linkedin.com/jobs/view/4416198312 , ,li-4416198312,fulltime,,,,,,False,mid-senior level,Management and Manufacturing,,,Construction,https://ie.linkedin.com/company/mercury-engineering,,,,,,,,,,,
linkedin,Senior Project Manager im Event-Management,Peppermint Event GmbH,"Hannover, Lower Saxony, Germany",2026-07-02,https://www.linkedin.com/jobs/view/4432766099 , ,li-4432766099,fulltime,,,,,,False,entry level,Consulting,,,Administrative and Support Services,https://de.linkedin.com/company/peppermint-event-gmbh,,,,,,,,,,,
linkedin,Senior Project Manager (m/f/d)*,Munich Re,"Munich, Bavaria, Germany",2026-07-02,https://www.linkedin.com/jobs/view/4436403005 , ,li-4436403005,fulltime,,,,,,False,associate,Information Technology,,,Insurance,https://de.linkedin.com/company/munich-re,,,,,,,,,,,
linkedin,Koordinator Lean Management (m/w/d),KODIAK GmbH,"Würzburg, Bavaria, Germany",2026-07-02,https://www.linkedin.com/jobs/view/4432769515 , ,li-4432769515,fulltime,,,,,,False,mid-senior level,Management and Manufacturing,,,Services for Renewable Energy,https://de.linkedin.com/company/kodiak-gmbh,,,,,,,,,,,
linkedin,Projektmanager (w/m/d) Hochbau,Drees & Sommer,"Frankfurt, Hesse, Germany",2026-07-02,https://www.linkedin.com/jobs/view/4415266982 , ,li-4415266982,fulltime,,,,,,False,associate,Engineering and Project Management,,,Real Estate,https://de.linkedin.com/company/drees-&-sommer,,,,,,,,,,,
linkedin,"EHS Project Manager (all genders) - unbefristet, Vollzeit",AbbVie,"Ludwigshafen, Rhineland-Palatinate, Germany",2026-07-01,https://www.linkedin.com/jobs/view/4432323515 , ,li-4432323515,fulltime,,,,,,False,mid-senior level,Management and Manufacturing,,TalentAcquisition.de@abbvie.com,Pharmaceutical Manufacturing,https://www.linkedin.com/company/abbvie,,,,,,,,,,,
linkedin,Team Lead AI Engineering (w/m/d),H&Z Management Consulting,"Munich, Bavaria, Germany",2026-07-01,https://www.linkedin.com/jobs/view/4432391408 , ,li-4432391408,fulltime,,,,,,False,mid-senior level,Engineering and Information Technology,,,Business Consulting and Services,https://de.linkedin.com/company/h&z-business-consulting,,,,,,,,,,,
linkedin,Senior Project Manager (m/f/d),Exyte,"Stuttgart, Baden-Württemberg, Germany",2026-07-01,https://www.linkedin.com/jobs/view/4426054872 , ,li-4426054872,fulltime,,,,,,False,mid-senior level,Project Management and Information Technology,,lisamarie.kussmaul@exyte.net,Civil Engineering,https://de.linkedin.com/company/exyte-group,,,,,,,,,,,
linkedin,Project Manager | Product B2C | OTTO Payments (w/m/d),OTTO Payments,"Hamburg, Hamburg, Germany",2026-07-01,https://www.linkedin.com/jobs/view/4426396137 , ,li-4426396137,fulltime,,,,,,False,mid-senior level,Project Management and Information Technology,,,Financial Services,https://de.linkedin.com/company/otto-payments,,,,,,,,,,,
linkedin,"Product Director, MyExpress (m/f/d)",DHL Express,"Bonn, North Rhine-Westphalia, Germany",2026-07-01,https://www.linkedin.com/jobs/view/4435821189 , ,li-4435821189,fulltime,,,,,,False,mid-senior level,Product Management and Marketing,,,"Transportation, Logistics, Supply Chain and Storage",https://de.linkedin.com/company/dhlexpress,,,,,,,,,,,
linkedin,Quality Manager- Humanoid & Robotics Project (m/f/d),TELUS Digital AI Data Solutions,"Karlsruhe, Baden-Württemberg, Germany",2026-07-01,https://www.linkedin.com/jobs/view/4435536952 , ,li-4435536952,fulltime,,,,,,True,mid-senior level,"Analyst, Quality Assurance, and Management",,,IT Services and IT Consulting,https://www.linkedin.com/company/telusdigitalaidatasolutions,,,,,,,,,,,
linkedin,Team Lead Indirect Procurement (all genders) - Offshore Wind Industry,Skyborn Renewables,"Hamburg, Hamburg, Germany",2026-07-01,https://www.linkedin.com/jobs/view/4427007062 , ,li-4427007062,fulltime,,,,,,False,mid-senior level,Purchasing and Supply Chain,,,Wind Electric Power Generation,https://de.linkedin.com/company/skyborn-renewables,,,,,,,,,,,
linkedin,Project Manager (Microsoft Business Central - Life Science / Chemical) (all genders welcome),COSMO CONSULT,"Mannheim, Baden-Württemberg, Germany",2026-07-01,https://www.linkedin.com/jobs/view/4431989615 , ,li-4431989615,fulltime,,,,,,False,mid-senior level,Project Management and Information Technology,,,IT Services and IT Consulting,https://de.linkedin.com/company/cosmo-consult-gmbh,,,,,,,,,,,
linkedin,Produktmanager Keramiktechnik (m/w/d),persona service,"Lohmar, North Rhine-Westphalia, Germany",2026-07-01,https://www.linkedin.com/jobs/view/4432360266 , ,li-4432360266,fulltime,,,,,,False,mid-senior level,Product Management and Marketing,,chrisoula.spanidou@persona.de,Staffing and Recruiting,https://de.linkedin.com/company/persona-service,,,,,,,,,,,
linkedin,Produktmanager für Labormessgeräte (w/m/d),Anton Paar OptoTec GmbH,"Seelze, Lower Saxony, Germany",2026-07-01,https://www.linkedin.com/jobs/view/4410633245 , ,li-4410633245,fulltime,,,,,,False,mid-senior level,Product Management and Marketing,,,Measuring and Control Instrument Manufacturing,https://de.linkedin.com/company/anton-paar-optotec-gmbh,,,,,,,,,,,
linkedin,"Product Manager - (Consumer Discovery, Agentic)",Delivery Hero,"Berlin, Berlin, Germany",2026-07-01,https://www.linkedin.com/jobs/view/4415904973 , ,li-4415904973,fulltime,,,,,,False,mid-senior level,Marketing and Product Management,,inclusion@deliveryhero.com,Software Development and IT Services and IT Consulting,https://de.linkedin.com/company/delivery-hero-se,,,,,,,,,,,
linkedin,Operational Project Manager (m/w/d),ELA Container,"Haren, Lower Saxony, Germany",2026-07-01,https://www.linkedin.com/jobs/view/4435815959 , ,li-4435815959,fulltime,,,,,,False,mid-senior level,Management and Manufacturing,,,Building Construction,https://de.linkedin.com/company/ela-container,,,,,,,,,,,
linkedin,"Implementation Program Manager, K4B",KAYAK,"Berlin, Berlin, Germany",2026-07-01,https://www.linkedin.com/jobs/view/4435370084 , ,li-4435370084,fulltime,,,,,,False,mid-senior level,Management and Manufacturing,,,"Technology, Information and Internet",https://www.linkedin.com/company/kayak,,,,,,,,,,,
linkedin,Project Lead Manager (m/w/d),SOA Experts GmbH,"Kiel, Schleswig-Holstein, Germany",2026-07-01,https://www.linkedin.com/jobs/view/4423877291 , ,li-4423877291,fulltime,,,,,,False,associate,Project Management,,,Human Resources Services,https://de.linkedin.com/company/soa-experts-gmbh,,,,,,,,,,,
linkedin,Senior Marketing Project Manager (m/w/d),ZEINpharma I The Healthspan Company,"Rüsselsheim am Main, Hesse, Germany",2026-07-01,https://www.linkedin.com/jobs/view/4435814637 , ,li-4435814637,fulltime,,,,,,False,associate,Marketing and Project Management,,,Pharmaceutical Manufacturing,https://de.linkedin.com/company/zeinpharma-germany-gmbh,,,,,,,,,,,
linkedin,Project Manager (m/f/d),Dentsply Sirona,"Bensheim, Hesse, Germany",2026-07-01,https://www.linkedin.com/jobs/view/4434655226 , ,li-4434655226,fulltime,,,,,,True,mid-senior level,Project Management and Information Technology,,accommodationrequest@dentsplysirona.com,Medical Device,https://www.linkedin.com/company/dentsplysirona,,,,,,,,,,,
linkedin,Project Manager Research,Umicore,"Hanau am Main, Hesse, Germany",2026-07-01,https://www.linkedin.com/jobs/view/4422292089 , ,li-4422292089,fulltime,,,,,,False,mid-senior level,Project Management and Information Technology,,,Chemical Manufacturing,https://be.linkedin.com/company/umicore,,,,,,,,,,,
linkedin,Senior IT Project Manager (m/w/d),Skaylink,"Cologne, North Rhine-Westphalia, Germany",2026-07-01,https://www.linkedin.com/jobs/view/4435396233 , ,li-4435396233,fulltime,,,,,,False,mid-senior level,Project Management and Information Technology,,,IT Services and IT Consulting,https://de.linkedin.com/company/skaylink,,,,,,,,,,,
linkedin,Technical Program Manager (m/f/d),Stealth Physical AI,"Munich, Bavaria, Germany",2026-07-01,https://www.linkedin.com/jobs/view/4435573839 , ,li-4435573839,fulltime,,,,,,False,mid-senior level,Project Management,,,Robotics Engineering,https://de.linkedin.com/company/stealth-physical-ai,,,,,,,,,,,
linkedin,Solution Consultant,JAGGAER,,2026-07-01,https://www.linkedin.com/jobs/view/4420762651 , ,li-4420762651,fulltime,,,,,,True,mid-senior level,Consulting,,,Software Development,https://www.linkedin.com/company/jaggaer,,,,,,,,,,,
linkedin,AI Product Manager - HIS,Dedalus,"Bonn, North Rhine-Westphalia, Germany",2026-07-01,https://www.linkedin.com/jobs/view/4406501427 , ,li-4406501427,fulltime,,,,,,True,mid-senior level,Product Management and Marketing,,,IT Services and IT Consulting,https://it.linkedin.com/company/dedalus-group,,,,,,,,,,,
linkedin,Product Manager (f/m/d),3B Scientific,"Hamburg, Hamburg, Germany",2026-07-01,https://www.linkedin.com/jobs/view/4432341686 , ,li-4432341686,fulltime,,,,,,False,mid-senior level,Marketing,,,Advertising Services,https://de.linkedin.com/company/3b-scientific,,,,,,,,,,,
linkedin,Product Manager (m/w/d),"TTI, Inc. - Europe","Maisach, Bavaria, Germany",2026-07-01,https://www.linkedin.com/jobs/view/4434603887 , ,li-4434603887,fulltime,,,,,,False,mid-senior level,Product Management and Marketing,,,"Appliances, Electrical, and Electronics Manufacturing",https://de.linkedin.com/company/tti-europe,,,,,,,,,,,
linkedin,Product Manager - Virtual/Digital SATCOM Solutions,WORK Microwave,"Holzkirchen, Bavaria, Germany",2026-07-01,https://www.linkedin.com/jobs/view/4404741522 , ,li-4404741522,fulltime,,,,,,False,mid-senior level,Product Management and Marketing,,,Computers and Electronics Manufacturing,https://de.linkedin.com/company/work-microwave-gmbh,,,,,,,,,,,
linkedin,Product Manager (m/f/d),Alasco,"Munich, Bavaria, Germany",2026-07-01,https://www.linkedin.com/jobs/view/4432373340 , ,li-4432373340,fulltime,,,,,,True,associate,"General Business, Business Development, and Product Management",,,"Artificial Intelligence, Business Consulting and Services, and Software Development",https://de.linkedin.com/company/alasco-software,,,,,,,,,,,
linkedin,Product und Service Portfolio Manager (m/w/d),1000 Satellites GmbH,"Munich, Bavaria, Germany",2026-07-01,https://www.linkedin.com/jobs/view/4432394960 , ,li-4432394960,fulltime,,,,,,False,associate,Marketing and Product Management,,,Business Consulting and Services,https://de.linkedin.com/company/1000-satellites-coworking,,,,,,,,,,,
linkedin,"EMEA Product Manager, FARASTAR Platform & RM Capital Equipment (m/f/d)",Boston Scientific,,2026-07-01,https://www.linkedin.com/jobs/view/4435549560 , ,li-4435549560,fulltime,,,,,,False,not applicable,Other,,,Medical Equipment Manufacturing,https://www.linkedin.com/company/boston-scientific,,,,,,,,,,,
linkedin,Technical Project Manager Earth Observation Missions (m/f/d),OHB SE,"Bremen, Bremen, Germany",2026-07-01,https://www.linkedin.com/jobs/view/4435532789 , ,li-4435532789,fulltime,,,,,,True,not applicable,Engineering,,,Defense and Space Manufacturing,https://de.linkedin.com/company/ohb-se,,,,,,,,,,,
linkedin,Team Lead Customer Success Manager 100% (m/w/d) - Schwerpunkt Ernährung,SHEKO,"Hamburg, Hamburg, Germany",2026-07-01,https://www.linkedin.com/jobs/view/4432357903 , ,li-4432357903,fulltime,,,,,,False,director,Customer Service,,,Food and Beverage Services,https://de.linkedin.com/company/sheko,,,,,,,,,,,
linkedin,Technischer Projektmanager (m/w/d) Defence Systems,Randstad Deutschland,"Bremen, Bremen, Germany",2026-07-01,https://www.linkedin.com/jobs/view/4435555878 , ,li-4435555878,fulltime,,,,,,False,mid-senior level,Project Management and Information Technology,,,Human Resources Services,https://de.linkedin.com/company/randstad-deutschland,,,,,,,,,,,
linkedin,Graduate Management Trainee,Xiaomi Technology,"Cologne, North Rhine-Westphalia, Germany",2026-07-01,https://www.linkedin.com/jobs/view/4424296360 , ,li-4424296360,fulltime,,,,,,False,entry level,Sales,,ganjiamei@xiaomi.com,"Retail and Retail Appliances, Electrical, and Electronic Equipment",https://cn.linkedin.com/company/xiaomi-technology,,,,,,,,,,,
linkedin,Project Lead: Profitability & Cost Excellence (m/w/d),thermondo,"Berlin, Berlin, Germany",2026-07-01,https://www.linkedin.com/jobs/view/4435819624 , ,li-4435819624,fulltime,,,,,,False,associate,Accounting/Auditing and Finance,,,Oil and Gas and Services for Renewable Energy,https://de.linkedin.com/company/thermondo,,,,,,,,,,,
linkedin,"Operations Manager, Freight Forwarding - Relocate to Vietnam",Alchemy Global Talent Solutions,"Hamburg, Germany",2026-07-01,https://www.linkedin.com/jobs/view/4435847365 , ,li-4435847365,fulltime,,,,,,False,mid-senior level,Supply Chain,,,"Transportation, Logistics, Supply Chain and Storage and Freight and Package Transportation",https://uk.linkedin.com/company/alchemy-global-talent-solutions,,,,,,,,,,,
linkedin,Junior Projektleitung (m/w/d) im Außendienst,naturstrom AG,,2026-07-01,https://www.linkedin.com/jobs/view/4436123803 , ,li-4436123803,fulltime,,,,,,False,mid-senior level,Information Technology,,"-ccwest@chefsculinar.de, -ccwest@chefsculinar.de",Renewables & Environment,https://de.linkedin.com/company/naturstrom,,,,,,,,,,,
linkedin,Design Engineer,Tintschl Unternehmensgruppe,"Hamburg, Germany",2026-07-01,https://www.linkedin.com/jobs/view/4435571806 , ,li-4435571806,fulltime,,,,,,False,associate,Design and Engineering,,,"Aviation and Aerospace Component Manufacturing, Defense and Space Manufacturing, and Staffing and Recruiting",https://de.linkedin.com/company/tintschlunternehmensgruppe,,,,,,,,,,,
linkedin,Venture Development (Product & Ops) (m/w/d),VREY,"Berlin, Berlin, Germany",2026-07-01,https://www.linkedin.com/jobs/view/4404786403 , ,li-4404786403,fulltime,,,,,,False,mid-senior level,Sales and Business Development,,,Services for Renewable Energy,https://de.linkedin.com/company/vrey-energie,,,,,,,,,,,
linkedin,Projektmanager Corporate Development (m/w/d),CleverMatch,"Hannover, Lower Saxony, Germany",2026-07-01,https://www.linkedin.com/jobs/view/4427005748 , ,li-4427005748,fulltime,,,,,,False,mid-senior level,Project Management and Information Technology,,,Staffing and Recruiting,https://de.linkedin.com/company/clevermatch,,,,,,,,,,,
linkedin,Manager Projektoffice (m/w/d) Schwerpunkt Terminplanung,Harvey Nash,"Stuttgart, Baden-Württemberg, Germany",2026-07-01,https://www.linkedin.com/jobs/view/4435546256 , ,li-4435546256,fulltime,,,,,,False,associate,Project Management,,aspasia.joannidou@nashdirect.de,Services for Renewable Energy and Utilities,https://uk.linkedin.com/company/harvey-nash,,,,,,,,,,,
linkedin,Project Manager (m/w/d),RUTRONIK Electronics Worldwide,"Ispringen, Baden-Württemberg, Germany",2026-07-01,https://www.linkedin.com/jobs/view/4428035400 , ,li-4428035400,fulltime,,,,,,False,mid-senior level,Project Management and Information Technology,,,"Appliances, Electrical, and Electronics Manufacturing",https://de.linkedin.com/company/rutronik,,,,,,,,,,,
linkedin,Senior Technical Project Manager,Eligo Recruitment,"Frankfurt, Hesse, Germany",2026-07-01,https://www.linkedin.com/jobs/view/4421133228 , ,li-4421133228,fulltime,,,,,,False,mid-senior level,Project Management,,,Engineering Services,https://uk.linkedin.com/company/eligo-recruitment,,,,,,,,,,,
linkedin,Head of Finance & Accounting (f/m/d),Clariness,"Berlin, Germany",2026-07-01,https://www.linkedin.com/jobs/view/4435806646 , ,li-4435806646,fulltime,,,,,,False,director,Finance and Sales,,recruiting@clariness.com,Pharmaceutical Manufacturing,https://de.linkedin.com/company/clariness-holding-ag,,,,,,,,,,,
linkedin,EY-Parthenon Manager Government and Public Sector - Road (w/m/d),EY-Parthenon,"Hamburg, Hamburg, Germany",2026-07-01,https://www.linkedin.com/jobs/view/4405547347 , ,li-4405547347,fulltime,,,,,,False,mid-senior level,Legal,,,Business Consulting and Services,https://uk.linkedin.com/company/ey-parthenon,,,,,,,,,,,
linkedin,Senior Projektleiter (m/w/d),IGES Institut GmbH,"Berlin, Berlin, Germany",2026-07-01,https://www.linkedin.com/jobs/view/4432709019 , ,li-4432709019,fulltime,,,,,,False,associate,Health Care Provider,,personal@iges.com,Business Consulting and Services,https://de.linkedin.com/company/iges-institut-gmbh,,,,,,,,,,,
linkedin,DMPK-PD Project Leader,Roche,"Penzberg, Bavaria, Germany",2026-07-01,https://www.linkedin.com/jobs/view/4434627691 , ,li-4434627691,fulltime,,,,,,False,associate,"Research, Science, and Engineering",,,"Pharmaceutical Manufacturing, Biotechnology Research, and Medical Equipment Manufacturing",https://ch.linkedin.com/company/roche,,,,,,,,,,,
linkedin,Referent Projektmanager (m/w/d) Lufthansa Technik,AIP SERVICES GmbH,"Hamburg, Hamburg, Germany",2026-07-01,https://www.linkedin.com/jobs/view/4432325245 , ,li-4432325245,fulltime,,,,,,False,entry level,Engineering,,,Retail,https://de.linkedin.com/company/metrica-services-gmbh,,,,,,,,,,,
linkedin,Solution Engineer (w/m/d) Lead Platform,Ampr,"Berlin, Germany",2026-07-01,https://www.linkedin.com/jobs/view/4435573564 , ,li-4435573564,fulltime,,,,,,False,associate,"Information Technology, Sales, and Project Management",,,Real Estate,https://de.linkedin.com/company/ampr-de,,,,,,,,,,,
linkedin,Projektmanager Lean Construction (m/w/d),HEBERGER Gruppe,"Schifferstadt, Rhineland-Palatinate, Germany",2026-07-01,https://www.linkedin.com/jobs/view/4434627751 , ,li-4434627751,fulltime,,,,,,False,associate,Engineering,,,Construction,https://de.linkedin.com/company/heberger,,,,,,,,,,,
linkedin,Technischer Projektleiter - Industrial und Manufacturing Engineering - Automotive (w/m/d),Brunel,"Kitzingen, Bavaria, Germany",2026-07-01,https://www.linkedin.com/jobs/view/4434609670 , ,li-4434609670,contract,,,,,,False,not applicable,Engineering,,,Motor Vehicle Manufacturing,https://nl.linkedin.com/company/brunel,,,,,,,,,,,
linkedin,Projektleiter m/w/d,Krüger Industrieautomation GmbH,"Wipperfürth, North Rhine-Westphalia, Germany",2026-07-01,https://www.linkedin.com/jobs/view/4435553135 , ,li-4435553135,fulltime,,,,,,False,mid-senior level,"Design, Art/Creative, and Information Technology",,,Automation Machinery Manufacturing,https://de.linkedin.com/company/kr%C3%BCger-industrieautomation-gmbh,,,,,,,,,,,
linkedin,Materials Controller,Mercury,"Munich, Bavaria, Germany",2026-07-01,https://www.linkedin.com/jobs/view/4327959502 , ,li-4327959502,fulltime,,,,,,False,entry level,Management and Manufacturing,,,Construction,https://ie.linkedin.com/company/mercury-engineering,,,,,,,,,,,
linkedin,Projektmanager*in (w/m/d) im Lehrprojekt „Village Lab“,University of Konstanz,"Constance, Baden-Württemberg, Germany",2026-07-01,https://www.linkedin.com/jobs/view/4435873866 , ,li-4435873866,fulltime,,,,,,False,mid-senior level,Project Management and Information Technology,,,Internet Publishing,https://de.linkedin.com/school/university-of-konstanz/,,,,,,,,,,,
linkedin,"Projektkoordinator Vollzeit, Unbefristet für Service und Wartung Gebäudeautomation (m/w/d) - Standort Hörstel",TROX SE,"Hörstel, North Rhine-Westphalia, Germany",2026-07-01,https://www.linkedin.com/jobs/view/4432705982 , ,li-4432705982,fulltime,,,,,,False,mid-senior level,Project Management,,-hgi@troxgroup.com,"Appliances, Electrical, and Electronics Manufacturing",https://de.linkedin.com/company/trox-gmbh,,,,,,,,,,,
linkedin,Senior Project Manager,Mace,"Frankfurt, Hesse, Germany",2026-07-01,https://www.linkedin.com/jobs/view/4435811910 , ,li-4435811910,fulltime,,,,,,False,not applicable,Project Management and Information Technology,,,"Construction, Civil Engineering, and Architecture and Planning",https://uk.linkedin.com/company/mace-group,,,,,,,,,,,
linkedin,(JUNIOR) PRODUCT MARKETING MANAGER (M/W/D) Stellendetails | parsa,PARSA Beauty,"Sinsheim, Baden-Württemberg, Germany",2026-07-01,https://www.linkedin.com/jobs/view/4425897979 , ,li-4425897979,fulltime,,,,,,False,entry level,Marketing and Sales,,,Personal Care Product Manufacturing,https://de.linkedin.com/company/parsa-beauty,,,,,,,,,,,
linkedin,Product Manager Software,Corsair,"Landshut, Bavaria, Germany",2026-07-01,https://www.linkedin.com/jobs/view/4432370291 , ,li-4432370291,fulltime,,,,,,False,mid-senior level,Product Management and Marketing,,,Computer Hardware Manufacturing,https://www.linkedin.com/company/corsair,,,,,,,,,,,
linkedin,SCADA Project Manager,Vestas,"Hamburg, Hamburg, Germany",2026-07-01,https://www.linkedin.com/jobs/view/4426317343 , ,li-4426317343,fulltime,,,,,,False,not applicable,Project Management and Information Technology,,,Renewable Energy Semiconductor Manufacturing,https://dk.linkedin.com/company/vestas,,,,,,,,,,,
linkedin,Team Lead Solution Engineering (m/w/d),Ubica Robotics GmbH,"Bremen, Bremen, Germany",2026-07-01,https://www.linkedin.com/jobs/view/4432385944 , ,li-4432385944,fulltime,,,,,,False,associate,Management,,,IT Services and IT Consulting,https://de.linkedin.com/company/ubica-robotics,,,,,,,,,,,
linkedin,Regional MU Project Execution Leader (m/w/d),Dematic,"Dortmund, North Rhine-Westphalia, Germany",2026-07-01,https://www.linkedin.com/jobs/view/4426770689 , ,li-4426770689,fulltime,,,,,,False,mid-senior level,Project Management and Information Technology,,,"Transportation, Logistics, Supply Chain and Storage",https://www.linkedin.com/company/dematic,,,,,,,,,,,
linkedin,Operational Project Manager Moosburg (m/w/d),ELA Container,"Moosburg, Bavaria, Germany",2026-07-01,https://www.linkedin.com/jobs/view/4435831217 , ,li-4435831217,fulltime,,,,,,False,mid-senior level,Project Management and Information Technology,,,Building Construction,https://de.linkedin.com/company/ela-container,,,,,,,,,,,
linkedin,Junior Consultant IT-Projektmanagement - Schwerpunkt Requirements Engineering/ Business Analyse*,Haeger Consulting GmbH,"Bonn, North Rhine-Westphalia, Germany",2026-07-01,https://www.linkedin.com/jobs/view/4435527358 , ,li-4435527358,fulltime,,,,,,True,entry level,Information Technology,,,Software Development,https://de.linkedin.com/company/haeger-consulting,,,,,,,,,,,
linkedin,"Water Infrastructure Manager, AWS EMEA Energy & Water Team",Amazon Web Services (AWS),"Frankfurt, Hesse, Germany",2026-07-01,https://www.linkedin.com/jobs/view/4435354318 , ,li-4435354318,fulltime,,,,,,False,mid-senior level,Other and Manufacturing,,,IT Services and IT Consulting,https://www.linkedin.com/company/amazon-web-services,,,,,,,,,,,
linkedin,(Senior) Project Manager (m/w/d) Venues & Real Estate Development,CTS EVENTIM AG & Co. KGaA,"Berlin, Berlin, Germany",2026-07-01,https://www.linkedin.com/jobs/view/4435811745 , ,li-4435811745,fulltime,,,,,,False,mid-senior level,Project Management and Information Technology,,,Events Services,https://de.linkedin.com/company/cts-eventim-ag,,,,,,,,,,,
linkedin,Projektleiter (m/w/d),Bertrandt Group,"Munich, Bavaria, Germany",2026-07-01,https://www.linkedin.com/jobs/view/4415717060 , ,li-4415717060,fulltime,,,,,,False,mid-senior level,"Design, Art/Creative, and Information Technology",,,Engineering Services,https://de.linkedin.com/company/bertrandt-ag,,,,,,,,,,,
linkedin,Manager (m/w/d),Pink Sunrise Consulting,"Düsseldorf, North Rhine-Westphalia, Germany",2026-07-01,https://www.linkedin.com/jobs/view/4432326035 , ,li-4432326035,fulltime,,,,,,False,mid-senior level,Management,,,Professional Services,https://de.linkedin.com/company/pink-sunrise-consulting,,,,,,,,,,,
linkedin,Group Process Governance Professional*,DAW SE,"Ober-Ramstadt, Hesse, Germany",2026-07-01,https://www.linkedin.com/jobs/view/4433838532 , ,li-4433838532,fulltime,,,,,,False,mid-senior level,Other,,,Wholesale Building Materials,https://de.linkedin.com/company/daw-se,,,,,,,,,,,
linkedin,"Referent Markt Segment Management Semicon, Fachrichtung elektrische Automation (m/w/d)",Festo,"Esslingen, Baden-Württemberg, Germany",2026-07-01,https://www.linkedin.com/jobs/view/4435842475 , ,li-4435842475,fulltime,,,,,,False,mid-senior level,Other,,,Automation Machinery Manufacturing,https://de.linkedin.com/company/festo,,,,,,,,,,,
linkedin,Product Manager (m/f/d),Hanwha Vision,"Eschborn, Hesse, Germany",2026-07-01,https://www.linkedin.com/jobs/view/4422894666 , ,li-4422894666,fulltime,,,,,,False,mid-senior level,Product Management,,,Security and Investigations,https://kr.linkedin.com/company/hanwha-vision,,,,,,,,,,,
linkedin,Senior Product Manager,Metric Bio,"Berlin, Germany",2026-06-30,https://www.linkedin.com/jobs/view/4434991764 , ,li-4434991764,fulltime,,,,,,False,director,Product Management,,,Biotechnology Research,https://www.linkedin.com/company/metric-bio,,,,,,,,,,,
linkedin,Group Product Manager - Global Product Strategy,Delivery Hero,"Berlin, Berlin, Germany",2026-06-30,https://www.linkedin.com/jobs/view/4422244938 , ,li-4422244938,fulltime,,,,,,False,mid-senior level,Marketing and Product Management,,inclusion@deliveryhero.com,Software Development and IT Services and IT Consulting,https://de.linkedin.com/company/delivery-hero-se,,,,,,,,,,,
linkedin,Product Manager (f/m/d) - Berlin,CYCLE,"Berlin, Berlin, Germany",2026-06-30,https://www.linkedin.com/jobs/view/4431942876 , ,li-4431942876,fulltime,,,,,,True,associate,Information Technology,,,Software Development,https://de.linkedin.com/company/cycle-eco,,,,,,,,,,,
linkedin,Product Manager (m/f/d),Trackunit,"Berlin, Berlin, Germany",2026-06-30,https://www.linkedin.com/jobs/view/4431912214 , ,li-4431912214,fulltime,,,,,,True,not applicable,Product Management and Marketing,,,Software Development,https://dk.linkedin.com/company/trackunit-a-s,,,,,,,,,,,
linkedin,Product Manager (m/f/d),Trackunit,"Munich, Bavaria, Germany",2026-06-30,https://www.linkedin.com/jobs/view/4431922023 , ,li-4431922023,fulltime,,,,,,True,not applicable,Product Management and Marketing,,,Software Development,https://dk.linkedin.com/company/trackunit-a-s,,,,,,,,,,,
linkedin,Product Manager - Growth (m/w/d),keleya,"Berlin, Berlin, Germany",2026-06-30,https://www.linkedin.com/jobs/view/4431589357 , ,li-4431589357,fulltime,,,,,,True,director,Product Management,,,Wellness and Fitness Services,https://de.linkedin.com/company/keleya,,,,,,,,,,,
linkedin,Staff Product Manager,develop,"Berlin, Berlin, Germany",2026-06-30,https://www.linkedin.com/jobs/view/4434982598 , ,li-4434982598,fulltime,,,,,,False,mid-senior level,Information Technology,,,Software Development,https://uk.linkedin.com/company/developrec,,,,,,,,,,,
linkedin,Application Product Manager - AI System Transformations,Celonis,"Munich, Bavaria, Germany",2026-06-30,https://www.linkedin.com/jobs/view/4431958522 , ,li-4431958522,fulltime,,,,,,True,not applicable,Product Management and Marketing,,,Software Development,https://www.linkedin.com/company/celonis,,,,,,,,,,,
linkedin,Produktmanager (m/w/d),Reiser Simulation and Training GmbH,"Berg, Bavaria, Germany",2026-06-30,https://www.linkedin.com/jobs/view/4435355249 , ,li-4435355249,fulltime,,,,,,False,mid-senior level,Marketing,,,Aviation and Aerospace Component Manufacturing,https://de.linkedin.com/company/reiser-simulation-and-training,,,,,,,,,,,
linkedin,Produktmanager Energiespeicher (m/w/d),WEMAG AG,"Schwerin, Mecklenburg-West Pomerania, Germany",2026-06-30,https://www.linkedin.com/jobs/view/4435352273 , ,li-4435352273,fulltime,,,,,,False,entry level,Engineering,,,Utilities,https://de.linkedin.com/company/wemag-ag,,,,,,,,,,,
linkedin,Anwendungsmanager Produktkonfiguratoren (m/w/d),Otto Graf GmbH,"Teningen, Baden-Württemberg, Germany",2026-06-30,https://www.linkedin.com/jobs/view/4431580988 , ,li-4431580988,fulltime,,,,,,False,mid-senior level,Product Management,,,Plastics Manufacturing,https://de.linkedin.com/company/otto-graf-gmbh,,,,,,,,,,,
linkedin,Senior Project Manager,Cognite,"Frankfurt, Hesse, Germany",2026-06-30,https://www.linkedin.com/jobs/view/4435183280 , ,li-4435183280,fulltime,,,,,,False,mid-senior level,Project Management and Information Technology,,,"Construction, Software Development, and IT Services and IT Consulting",https://www.linkedin.com/company/cognitedata,,,,,,,,,,,
linkedin,"Product Deployment Engineer Manager, gTech",Google,"Hamburg, Hamburg, Germany",2026-06-30,https://www.linkedin.com/jobs/view/4434313399 , ,li-4434313399,fulltime,,,,,,False,not applicable,"Project Management, Consulting, and Engineering",,,"Information Services and Technology, Information and Internet",https://www.linkedin.com/company/google,,,,,,,,,,,
linkedin,Head of Project Management,Vivid Resourcing,"Baden-Württemberg, Germany",2026-06-30,https://www.linkedin.com/jobs/view/4434973700 , ,li-4434973700,contract,,,,,,False,mid-senior level,Project Management,,,Engineering Services and Aviation and Aerospace Component Manufacturing,https://uk.linkedin.com/company/vivid-resourcing-ltd,,,,,,,,,,,
linkedin,Project Manager - Business Strategy & Operations (m/f/d)*,Munich Re,"Munich, Bavaria, Germany",2026-06-30,https://www.linkedin.com/jobs/view/4426329157 , ,li-4426329157,fulltime,,,,,,False,mid-senior level,Strategy/Planning,,,Insurance,https://de.linkedin.com/company/munich-re,,,,,,,,,,,
linkedin,Electrical Project Manager,TLI Group,,2026-06-30,https://www.linkedin.com/jobs/view/4434969782 , ,li-4434969782,fulltime,,,,,,False,mid-senior level,Project Management and Engineering,,,"Utilities, Engineering Services, and Services for Renewable Energy",https://ie.linkedin.com/company/tli,,,,,,,,,,,
linkedin,Marine Operations Manager Offshore (m/f/d),Vestas,"Hamburg, Hamburg, Germany",2026-06-30,https://www.linkedin.com/jobs/view/4425604046 , ,li-4425604046,fulltime,,,,,,True,not applicable,Management and Manufacturing,,,Renewable Energy Semiconductor Manufacturing,https://dk.linkedin.com/company/vestas,,,,,,,,,,,
linkedin,Product Owner BESS,THRYVE,"Berlin, Germany",2026-06-30,https://www.linkedin.com/jobs/view/4434996110 , ,li-4434996110,fulltime,,,,,,False,mid-senior level,Other,,,Energy Technology,https://de.linkedin.com/company/thryvetalent,,,,,,,,,,,
linkedin,(Senior) Project Manager S/4HANA Transformation (m/w/d) (DE875749/LI),Morgan Philips Specialist Recruitment,"Frankfurt, Hesse, Germany",2026-06-30,https://www.linkedin.com/jobs/view/4434982334 , ,li-4434982334,fulltime,,,,,,False,mid-senior level,Information Technology,,,Pharmaceutical Manufacturing,https://lu.linkedin.com/company/morganphilipsspecialistrecruitment,,,,,,,,,,,
linkedin,Projektmanager TGA,Guddat Engineering GmbH,"Dinslaken, North Rhine-Westphalia, Germany",2026-06-30,https://www.linkedin.com/jobs/view/4434460352 , ,li-4434460352,fulltime,,,,,,False,entry level,Project Management and Information Technology,,,Construction,https://www.linkedin.com/company/guddat-engineering,,,,,,,,,,,
linkedin,Solution Engineer (w/m/d) Lead Platform,Hypoport SE,"Berlin, Berlin, Germany",2026-06-30,https://www.linkedin.com/jobs/view/4431959212 , ,li-4431959212,fulltime,,,,,,False,mid-senior level,Engineering,,,Real Estate,https://de.linkedin.com/company/hypoport-se,,,,,,,,,,,
linkedin,Commissioning Manager,Mercury,"Frankfurt, Hesse, Germany",2026-06-30,https://www.linkedin.com/jobs/view/4230903130 , ,li-4230903130,fulltime,,,,,,False,mid-senior level,Project Management and Information Technology,,,Construction,https://ie.linkedin.com/company/mercury-engineering,,,,,,,,,,,
linkedin,Marketing Operations & Project Manager (m/w/d),CKM Group,"Berlin, Berlin, Germany",2026-06-30,https://www.linkedin.com/jobs/view/4434987986 , ,li-4434987986,fulltime,,,,,,False,associate,Marketing,,career@ckmgroup.de,Hospitals and Health Care,https://de.linkedin.com/company/ckmgroup,,,,,,,,,,,
linkedin,IT Project Manager [gn],Instaffo,"Coblenz, Rhineland-Palatinate, Germany",2026-06-30,https://www.linkedin.com/jobs/view/4406662322 , ,li-4406662322,fulltime,,,,,,False,mid-senior level,Project Management and Management,,,Staffing and Recruiting,https://de.linkedin.com/company/instaffo-gmbh,,,,,,,,,,,
linkedin,Operational Excellence Manager (m/f/d),RobCo,"Munich, Bavaria, Germany",2026-06-30,https://www.linkedin.com/jobs/view/4434990327 , ,li-4434990327,fulltime,,,,,,True,mid-senior level,Management and Project Management,,,"Robotics Engineering, Technology, Information and Internet, and Robot Manufacturing",https://de.linkedin.com/company/robco-therobotcompany,,,,,,,,,,,
linkedin,Clinical Research Associate,Randstad,"Essen, North Rhine-Westphalia, Germany",2026-06-30,https://www.linkedin.com/jobs/view/4435318018 , ,li-4435318018,parttime,,,,,,True,associate,Quality Assurance,,,Pharmaceutical Manufacturing,https://nl.linkedin.com/company/randstad,,,,,,,,,,,
linkedin,Sales Engineer for PAGA and Audio Systems in the Maritime Sector (m/w/d),Instaffo,"Hamburg, Hamburg, Germany",2026-06-30,https://www.linkedin.com/jobs/view/4416250556 , ,li-4416250556,fulltime,,,,,,False,mid-senior level,Sales and Business Development,,,Staffing and Recruiting,https://de.linkedin.com/company/instaffo-gmbh,,,,,,,,,,,
linkedin,Project Manager (m/w/d) – Offshore Structural Health Monitoring,Wölfel Group,"Leipzig, Saxony, Germany",2026-06-30,https://www.linkedin.com/jobs/view/4434928753 , ,li-4434928753,fulltime,,,,,,False,mid-senior level,Project Management and Information Technology,,,Engineering Services,https://de.linkedin.com/company/woelfel-group,,,,,,,,,,,
linkedin,Senior Project Manager (Delivery / Business Development),Instaffo,"Berlin, Berlin, Germany",2026-06-30,https://www.linkedin.com/jobs/view/4425978378 , ,li-4425978378,fulltime,,,,,,False,mid-senior level,Project Management and Management,,,Staffing and Recruiting,https://de.linkedin.com/company/instaffo-gmbh,,,,,,,,,,,
linkedin,Projektleiter (m/w/d),HOSCH Gebäudeautomation,"Düsseldorf, North Rhine-Westphalia, Germany",2026-06-29,https://www.linkedin.com/jobs/view/4434792548 , ,li-4434792548,fulltime,,,,,,False,mid-senior level,"Design, Art/Creative, and Information Technology",,,Construction,https://de.linkedin.com/company/hosch-ga,,,,,,,,,,,
linkedin,EVENT PROJECT MANAGER HEALTHCARE - MAJOR PHARMA CLIENT,egg,"Cologne, North Rhine-Westphalia, Germany",2026-06-29,https://www.linkedin.com/jobs/view/4434158315 , ,li-4434158315,fulltime,,,,,,True,mid-senior level,Project Management and Information Technology,,,Events Services,https://fr.linkedin.com/company/egg-events,,,,,,,,,,,
linkedin,"Payments Program Manager, Payments Business Operations-Partner Management",Amazon,"Berlin, Germany",2026-06-29,https://www.linkedin.com/jobs/view/4434724693 , ,li-4434724693,fulltime,,,,,,False,mid-senior level,"Project Management, Management, and Product Management",,,Software Development,https://www.linkedin.com/company/amazon,,,,,,,,,,,
linkedin,Senior Professional Services Consultant,WalkMe,"Berlin, Berlin, Germany",2026-06-29,https://www.linkedin.com/jobs/view/4434718777 , ,li-4434718777,fulltime,,,,,,True,mid-senior level,Information Technology,,,Software Development,https://www.linkedin.com/company/walkme,,,,,,,,,,,
linkedin,Technischer Projektmanager (m/w/d) - Bereich Produktmanagement,Novopress GmbH Pressen und Presswerkzeuge & Co. KG,"Neuss, North Rhine-Westphalia, Germany",2026-06-29,https://www.linkedin.com/jobs/view/4434143789 , ,li-4434143789,fulltime,,,,,,False,mid-senior level,Project Management and Information Technology,,bewerbung@novopress.de,Machinery Manufacturing,https://www.linkedin.com/company/novopress-neuss,,,,,,,,,,,
linkedin,Project Manager (m/w/d),shyftplan,"Berlin, Berlin, Germany",,https://www.linkedin.com/jobs/view/4433948701 , ,li-4433948701,fulltime,,,,,,False,associate,Project Management and Information Technology,,,Software Development,https://de.linkedin.com/company/shyftplan,,,,,,,,,,,
linkedin,Project Manager,Haystack,,,https://www.linkedin.com/jobs/view/4436094413 , ,li-4436094413,fulltime,,,,,,False,mid-senior level,Information Technology,,,"Technology, Information and Internet",https://uk.linkedin.com/company/wearehaystack,,,,,,,,,,,
linkedin,Project Manager,Haystack,"Hamburg, Hamburg, Germany",,https://www.linkedin.com/jobs/view/4433936009 , ,li-4433936009,fulltime,,,,,,True,mid-senior level,Project Management and Information Technology,,,"Technology, Information and Internet",https://uk.linkedin.com/company/wearehaystack,,,,,,,,,,,
linkedin,Project Manager (m/f/d),Allianz Global Investors,"Frankfurt, Hesse, Germany",,https://www.linkedin.com/jobs/view/4437174485 , ,li-4437174485,fulltime,,,,,,False,mid-senior level,Project Management and Information Technology,,recruiting@allianzgi.com,Financial Services and Insurance,https://www.linkedin.com/company/allianz-global-investors,,,,,,,,,,,
linkedin,Project Manager,Pertemps ERP (part of Network EMEA),,,https://www.linkedin.com/jobs/view/4437153303 , ,li-4437153303,fulltime,,,,,,True,mid-senior level,Information Technology,,,IT Services and IT Consulting,https://uk.linkedin.com/company/pertemps-erp,,,,,,,,,,,
linkedin,Project Manager,Digisourced.,,,https://www.linkedin.com/jobs/view/4437146601 , ,li-4437146601,contract,,,,,,False,mid-senior level,Project Management and Information Technology,,,IT Services and IT Consulting,https://uk.linkedin.com/company/digisourced,,,,,,,,,,,
linkedin,Project Manager / Project Management Officer PMO,ReduceCO2Now,,,https://www.linkedin.com/jobs/view/4437401923 , ,li-4437401923,volunteer,,,,,,False,mid-senior level,Project Management and Information Technology,,,International Trade and Development,https://de.linkedin.com/company/reduceco2now,,,,,,,,,,,
linkedin,Software Project Manager,AvenDATA,"Berlin, Germany",,https://www.linkedin.com/jobs/view/4437127054 , ,li-4437127054,fulltime,,,,,,False,mid-senior level,Project Management and Information Technology,,,IT Services and IT Consulting,https://de.linkedin.com/company/avendatagroup,,,,,,,,,,,
linkedin,Junior Project Manager (m/w/d) Meetings & Events,American Express Global Business Travel,,,https://www.linkedin.com/jobs/view/4433940070 , ,li-4433940070,fulltime,,,,,,False,not applicable,Project Management and Information Technology,,,"Events Services, Hospitality, and Travel Arrangements",https://www.linkedin.com/company/american-express-global-business-travel,,,,,,,,,,,
linkedin,Global Program Manager Sustainability (Mensch),VTG,"Hamburg, Hamburg, Germany",,https://www.linkedin.com/jobs/view/4433912337 , ,li-4433912337,fulltime,,,,,,False,mid-senior level,Project Management and Information Technology,,,Rail Transportation,https://de.linkedin.com/company/vtg,,,,,,,,,,,
linkedin,Project Manager,Haystack,"Bruchsal, Baden-Württemberg, Germany",,https://www.linkedin.com/jobs/view/4433931090 , ,li-4433931090,fulltime,,,,,,False,mid-senior level,Project Management and Information Technology,,,"Technology, Information and Internet",https://uk.linkedin.com/company/wearehaystack,,,,,,,,,,,
linkedin,Senior Program Manager - Global Product Platform Launch (m/w/d),GEMÜ Group,"Niedernhall, Baden-Württemberg, Germany",,https://www.linkedin.com/jobs/view/4437142650 , ,li-4437142650,fulltime,,,,,,False,associate,Product Management,,,Industrial Machinery Manufacturing,https://de.linkedin.com/company/gemu-group,,,,,,,,,,,
linkedin,Projektmanager im Bereich Service (m/w/d),OPTIMA packaging group,"Stahringen, Baden-Württemberg, Germany",,https://www.linkedin.com/jobs/view/4433974494 , ,li-4433974494,fulltime,,,,,,False,mid-senior level,Project Management and Information Technology,,,Machinery Manufacturing,https://de.linkedin.com/company/optima-packaging-group,,,,,,,,,,,
linkedin,𝗣𝗿𝗼𝗷𝗲𝗸𝘁𝗺𝗮𝗻𝗮𝗴𝗲𝗺𝗲𝗻𝘁 (𝗺/𝘄/𝗱)  𝗜𝗻𝗻𝗼𝘃𝗮𝘁𝗶𝗼𝗻 & 𝗡𝗲𝘁𝘇𝘄𝗲𝗿𝗸𝗲,Cluster Mobility & Logistics,"Regensburg, Bavaria, Germany",,https://www.linkedin.com/jobs/view/4433950880 , ,li-4433950880,fulltime,,,,,,False,mid-senior level,,,bewerbung@techbase.de,Think Tanks,https://de.linkedin.com/company/mobilitylogistics,,,,,,,,,,,
linkedin,Project Manager (m/w/d) Construction Management,DACHSER,"Kempten, Bavaria, Germany",,https://www.linkedin.com/jobs/view/4436088322 , ,li-4436088322,fulltime,,,,,,False,mid-senior level,Project Management and Information Technology,,,"Truck Transportation, Freight and Package Transportation, and Transportation, Logistics, Supply Chain and Storage",https://de.linkedin.com/company/dachser,,,,,,,,,,,
linkedin,Project Developer Wind & PV (all genders),Blue Elephant Energy GmbH,"Hamburg, Germany",,https://www.linkedin.com/jobs/view/4433950518 , ,li-4433950518,fulltime,,,,,,False,associate,"Project Management, Sales, and Business Development",,,Renewable Energy Semiconductor Manufacturing,https://de.linkedin.com/company/blue-elephant-energy,,,,,,,,,,,
linkedin,Software Technical Project Manager,turbalance,"Heidelberg, Baden-Württemberg, Germany",,https://www.linkedin.com/jobs/view/4437125922 , ,li-4437125922,fulltime,,,,,,True,mid-senior level,Project Management and Information Technology,,,Software Development,https://www.linkedin.com/company/turbalance,,,,,,,,,,,
linkedin,Projektmanager Pharmaanlagen (GMP) (all gender),ALTEN,"Frankfurt, Hesse, Germany",,https://www.linkedin.com/jobs/view/4433907998 , ,li-4433907998,fulltime,,,,,,False,associate,"Production, Distribution, and Engineering",,,Software Development and IT Services and IT Consulting,https://fr.linkedin.com/company/alten,,,,,,,,,,,
linkedin,Associate Project Manager - Cell and Gene Therapies m/w/d,UPS,"Kelsterbach, Hesse, Germany",,https://www.linkedin.com/jobs/view/4427491907 , ,li-4427491907,fulltime,,,,,,False,mid-senior level,Project Management and Information Technology,,,Truck Transportation,https://www.linkedin.com/company/ups,,,,,,,,,,,
linkedin,(Senior) Project Manager Strategy & Transformation m/w/d,Phoenix Contact,"Blomberg, North Rhine-Westphalia, Germany",,https://www.linkedin.com/jobs/view/4437413708 , ,li-4437413708,fulltime,,,,,,False,associate,Project Management and Information Technology,,,Automation Machinery Manufacturing,https://de.linkedin.com/company/phoenix-contact,,,,,,,,,,,
linkedin,CSA Lead,Mercury,"Frankfurt, Hesse, Germany",,https://www.linkedin.com/jobs/view/4316688302 , ,li-4316688302,fulltime,,,,,,False,mid-senior level,Other,,,Construction,https://ie.linkedin.com/company/mercury-engineering,,,,,,,,,,,
linkedin,Senior Projektmanager (m/w/d),SPRYLAB,"Berlin, Berlin, Germany",,https://www.linkedin.com/jobs/view/4437175735 , ,li-4437175735,fulltime,,,,,,True,associate,Project Management,,,"IT Services and IT Consulting, Software Development, and IT System Custom Software Development",https://de.linkedin.com/company/sprylab,,,,,,,,,,,
linkedin,Senior Project Manager Digital Marketing (m/w/d),Think11,,,https://www.linkedin.com/jobs/view/4433926610 , ,li-4433926610,fulltime,,,,,,True,associate,Marketing,,,Advertising Services,https://de.linkedin.com/company/think11,,,,,,,,,,,
linkedin,(Senior) Accounting Project Manager (m/f/d),Redcare Pharmacy,"Cologne, North Rhine-Westphalia, Germany",,https://www.linkedin.com/jobs/view/4433918609 , ,li-4433918609,fulltime,,,,,,False,mid-senior level,Finance,,,Software Development and IT Services and IT Consulting,https://nl.linkedin.com/company/redcare-pharmacy-com,,,,,,,,,,,
linkedin,Technical Program Manager (m/w/d),Tesla Automation GmbH,"Roth, Rhineland-Palatinate, Germany",,https://www.linkedin.com/jobs/view/4433968649 , ,li-4433968649,fulltime,,,,,,False,mid-senior level,Project Management and Information Technology,,,Machinery Manufacturing,https://de.linkedin.com/company/tesla-automation-gmbh,,,,,,,,,,,
linkedin,Technischer Projektleiter (m/w/d) Vertrieb Automatisierung,SATA,"Kornwestheim, Baden-Württemberg, Germany",,https://www.linkedin.com/jobs/view/4437186780 , ,li-4437186780,fulltime,,,,,,False,mid-senior level,Sales and Project Management,,,Engineering Services and Automation Machinery Manufacturing,https://de.linkedin.com/company/sata-gmbh-co-kg,,,,,,,,,,,
linkedin,Projektmanager - Bauprojekte / HOAI / TGA (m/w/d),Workwise,"Hamburg, Hamburg, Germany",,https://www.linkedin.com/jobs/view/4437194954 , ,li-4437194954,fulltime,,,,,,False,mid-senior level,Project Management and Information Technology,,,"Architecture and Planning, Civil Engineering, and Construction",https://de.linkedin.com/company/workwise-gmbh,,,,,,,,,,,
linkedin,Ramboll Is Growing Its Data Centre Projects Team in Germany!,Ramboll,"Munich, Bavaria, Germany",,https://www.linkedin.com/jobs/view/4437195687 , ,li-4437195687,fulltime,,,,,,False,mid-senior level,Consulting,,,Environmental Services,https://dk.linkedin.com/company/ramboll,,,,,,,,,,,
linkedin,Projectmanager Industrial Projects (m/w/d),Elis Germany & Austria,"Leipzig, Saxony, Germany",,https://www.linkedin.com/jobs/view/4437157384 , ,li-4437157384,fulltime,,,,,,False,not applicable,Engineering and Project Management,,,Consumer Services,https://de.linkedin.com/company/elis-deutschland-sterreich,,,,,,,,,,,
linkedin,"Delivery Manager (x,f,m)",DKB Code Factory GmbH,"Berlin, Germany",,https://www.linkedin.com/jobs/view/4433934244 , ,li-4433934244,fulltime,,,,,,False,mid-senior level,"Information Technology, Consulting, and Engineering",,,"Software Development, Banking, and Financial Services",https://de.linkedin.com/company/dkbcodefactory,,,,,,,,,,,
linkedin,Junior Digital Project Coordinator,Alpine Business Consulting,"Hamburg, Hamburg, Germany",,https://www.linkedin.com/jobs/view/4436087477 , ,li-4436087477,fulltime,,,,,,True,entry level,Consulting,,,IT Services and IT Consulting,https://ch.linkedin.com/company/alpine-businessconsulting,,,,,,,,,,,
linkedin,Delivery Manager,TetraScience,"Frankfurt am Main, Hesse, Germany",,https://www.linkedin.com/jobs/view/4437179545 , ,li-4437179545,fulltime,,,,,,True,mid-senior level,Consulting,,,IT Services and IT Consulting,https://www.linkedin.com/company/tetrascience,,,,,,,,,,,
linkedin,Customer Experience Manager,Jobgether,,,https://www.linkedin.com/jobs/view/4436079396 , ,li-4436079396,fulltime,,,,,,True,mid-senior level,Other,,,Internet Marketplace Platforms,https://be.linkedin.com/company/jobgether,,,,,,,,,,,
linkedin,Marketing Associate | London,Ramsey Portia,"Frankfurt, Hesse, Germany",,https://www.linkedin.com/jobs/view/4437128207 , ,li-4437128207,fulltime,,,,,,False,mid-senior level,"Marketing, Analyst, and Project Management",,,"Investment Management, Financial Services, and Venture Capital and Private Equity Principals",https://uk.linkedin.com/company/ramsey-portia,,,,,,,,,,,
linkedin,Clinical Operations Lead (Clinical Trial Manager),Alimentiv,"Munich, Bavaria, Germany",,https://www.linkedin.com/jobs/view/4436056794 , ,li-4436056794,fulltime,,,,,,False,not applicable,"Research, Analyst, and Information Technology",,recruitment@alimentiv.com,Pharmaceutical Manufacturing,https://ca.linkedin.com/company/alimentiv,,,,,,,,,,,
linkedin,Project Manager (m/f/d) in our Space Division,CGI,"Darmstadt, Hesse, Germany",,https://www.linkedin.com/jobs/view/4335195707 , ,li-4335195707,fulltime,,,,,,False,entry level,Project Management,,,IT Services and IT Consulting,https://ca.linkedin.com/company/cgi,,,,,,,,,,,
linkedin,Mechanical Project Manager,"CloudHQ, LLC","Frankfurt, Hesse, Germany",,https://www.linkedin.com/jobs/view/4417564262 , ,li-4417564262,fulltime,,,,,,False,mid-senior level,Project Management and Information Technology,,recruiting@cloudhq.com,Real Estate,https://www.linkedin.com/company/cloudhq-llc,,,,,,,,,,,
linkedin,Global Supply Chain Project Manager (m/w/d),Pfeiffer Vacuum+Fab Solutions,"Wetzlar, Hesse, Germany",,https://www.linkedin.com/jobs/view/4428807598 , ,li-4428807598,fulltime,,,,,,False,associate,Project Management and Supply Chain,,,Machinery Manufacturing,https://de.linkedin.com/company/pfeiffer-vacuum,,,,,,,,,,,
linkedin,HR-Generalist (m/w/d),HUK-COBURG Dienstleistung GmbH,"Jena, Thuringia, Germany",,https://www.linkedin.com/jobs/view/4429864702 , ,li-4429864702,fulltime,,,,,,False,associate,Administrative,,,"Claims Adjusting, Actuarial Services, Insurance, and Consumer Services",https://de.linkedin.com/company/huk-dienstleistung,,,,,,,,,,,
linkedin,Social Compliance Officer,TM Green Group,"Frankfurt, Hesse, Germany",,https://www.linkedin.com/jobs/view/4437418591 , ,li-4437418591,fulltime,,,,,,False,entry level,Project Management,,,Construction,https://uk.linkedin.com/company/tm-green-group,,,,,,,,,,,
linkedin,Junior Account Manager / Junior Sales Consultant (m/w/d),KRONGAARD,"Düsseldorf, North Rhine-Westphalia, Germany",,https://www.linkedin.com/jobs/view/4436086872 , ,li-4436086872,fulltime,,,,,,False,entry level,Sales and Consulting,,,Staffing and Recruiting and Human Resources Services,https://de.linkedin.com/company/krongaard,,,,,,,,,,,
linkedin,Senior Commercial Project Manager (f/m/d),Siemens,"Berlin, Berlin, Germany",,https://www.linkedin.com/jobs/view/4436213938 , ,li-4436213938,fulltime,,,,,,True,mid-senior level,Finance,,,Automation Machinery Manufacturing,https://de.linkedin.com/company/siemens,,,,,,,,,,,
linkedin,Solar Project Quality Manager (f/m/d),Uniper,"Berlin, Berlin, Germany",,https://www.linkedin.com/jobs/view/4437137259 , ,li-4437137259,fulltime,,,,,,False,mid-senior level,Manufacturing,,,Utilities,https://de.linkedin.com/company/uniper-se,,,,,,,,,,,
linkedin,(Senior) Specialist Supply Projects (m/f/d),CHEPLAPHARM,"Berlin, Berlin, Germany",,https://www.linkedin.com/jobs/view/4428240855 , ,li-4428240855,fulltime,,,,,,False,mid-senior level,Management and Manufacturing,,,Pharmaceutical Manufacturing,https://de.linkedin.com/company/cheplapharm-arzneimittel-gmbh,,,,,,,,,,,
linkedin,Junior Business Development Manager (m/w/d) Teil- oder Vollzeit (mind. 20 Std./Woche),Vecturio Service GmbH,"Hannover, Lower Saxony, Germany",,https://www.linkedin.com/jobs/view/4437187544 , ,li-4437187544,parttime,,,,,,False,entry level,Business Development and Sales,,career@vecturio.de,"Transportation, Logistics, Supply Chain and Storage",https://de.linkedin.com/company/vecturio-service-gmbh,,,,,,,,,,,
linkedin,Senior Project Manager (electronic security systems),D R Newitt Recruitment,"Frankfurt, Hesse, Germany",,https://www.linkedin.com/jobs/view/4433924609 , ,li-4433924609,fulltime,,,,,,False,mid-senior level,Engineering and Project Management,,sara.frith@drnewitt.com,Security and Investigations,https://uk.linkedin.com/company/d-r-newitt,,,,,,,,,,,
linkedin,Commissioning Project Lead,Global Commissioning,"Frankfurt am Main, Hesse, Germany",,https://www.linkedin.com/jobs/view/4437164924 , ,li-4437164924,fulltime,,,,,,False,mid-senior level,"Engineering, Project Management, and Consulting",,,"Engineering Services, Construction, and Business Consulting and Services",https://uk.linkedin.com/company/global-commissioning,,,,,,,,,,,
linkedin,Project Manager (m/w/d) Produktentwicklung Sicherheitstechnik,Dräger,"Lübeck, Schleswig-Holstein, Germany",,https://www.linkedin.com/jobs/view/4419611395 , ,li-4419611395,fulltime,,,,,,False,mid-senior level,Project Management and Information Technology,,celina.radmer@draeger.com,Manufacturing,https://de.linkedin.com/company/draeger,,,,,,,,,,,
linkedin,IT Project and Organisation Manager (m/w/d),TKMS,"Kiel, Schleswig-Holstein, Germany",,https://www.linkedin.com/jobs/view/4433958248 , ,li-4433958248,fulltime,,,,,,False,mid-senior level,Information Technology,,,Utilities,https://de.linkedin.com/company/tkms,,,,,,,,,,,
linkedin,Project Operations Manager,Mercury,"Munich, Bavaria, Germany",,https://www.linkedin.com/jobs/view/4368726900 , ,li-4368726900,fulltime,,,,,,False,mid-senior level,Management and Manufacturing,,,Construction,https://ie.linkedin.com/company/mercury-engineering,,,,,,,,,,,
linkedin,Technischer Projektmanager Software (m/w/d),Rheinmetall,"Bremen, Bremen, Germany",,https://www.linkedin.com/jobs/view/4433946565 , ,li-4433946565,fulltime,,,,,,False,mid-senior level,Project Management and Information Technology,,,Defense and Space Manufacturing,https://de.linkedin.com/company/rheinmetall,,,,,,,,,,,
linkedin,Ramboll Is Growing Its Data Centre Projects Team in Germany!,Ramboll,"Hamburg, Hamburg, Germany",,https://www.linkedin.com/jobs/view/4437401449 , ,li-4437401449,fulltime,,,,,,False,mid-senior level,Consulting,,,Environmental Services,https://dk.linkedin.com/company/ramboll,,,,,,,,,,,
linkedin,Team Lead Amazon & E-Commerce Marketplaces,Kijimea (SYNformulas GmbH),"Munich, Bavaria, Germany",,https://www.linkedin.com/jobs/view/4421931965 , ,li-4421931965,fulltime,,,,,,False,associate,"Marketing, Sales, and Business Development",,,Pharmaceutical Manufacturing and Biotechnology Research,https://de.linkedin.com/company/synformulas,,,,,,,,,,,
linkedin,"Director / VP - M&A & Debt Advisory, Energy Transition - Munich",Metis Search,"Munich, Bavaria, Germany",,https://www.linkedin.com/jobs/view/4433961675 , ,li-4433961675,fulltime,,,,,,False,mid-senior level,Finance,,,"Investment Banking, Venture Capital and Private Equity Principals, and Financial Services",https://uk.linkedin.com/company/metis-search,,,,,,,,,,,
linkedin,Lease-Up Marketing Manager (Real Estate),Jobgether,,,https://www.linkedin.com/jobs/view/4436094033 , ,li-4436094033,fulltime,,,,,,True,mid-senior level,Marketing and Sales,,,Internet Marketplace Platforms,https://be.linkedin.com/company/jobgether,,,,,,,,,,,
linkedin,Team Lead Accounting (m/w/d),think about IT GmbH,"Bochum, North Rhine-Westphalia, Germany",,https://www.linkedin.com/jobs/view/4433928908 , ,li-4433928908,fulltime,,,,,,False,mid-senior level,Information Technology,,,IT Services and IT Consulting,https://de.linkedin.com/company/think-about-it-gmbh,,,,,,,,,,,
linkedin,Senior Projektmanager (w/m/d) als Projektleiter zur Realisierung  von WtE Plants/ Müllverbrennungsanlagen,MARTIN GmbH für Umwelt- und Energietechnik,"Munich, Bavaria, Germany",,https://www.linkedin.com/jobs/view/4433972781 , ,li-4433972781,fulltime,,,,,,False,mid-senior level,Project Management,,,Oil and Gas,https://de.linkedin.com/company/martin-gmbh-f%C3%BCr-umwelt-energietechnik,,,,,,,,,,,
linkedin,Product Manager,edenity.,"Berlin, Germany",,https://www.linkedin.com/jobs/view/4433947816 , ,li-4433947816,fulltime,,,,,,False,mid-senior level,Product Management,,,Software Development,https://uk.linkedin.com/company/edenity-talent,,,,,,,,,,,
linkedin,Product Manager,Consultport,"Berlin, Berlin, Germany",,https://www.linkedin.com/jobs/view/4433931490 , ,li-4433931490,fulltime,,,,,,False,director,Product Management,,,Professional Services,https://de.linkedin.com/company/consultport,,,,,,,,,,,
linkedin,"Senior Product Manager — AI-Native, Product & Product Ops  (m/w/d)",Eye-Able,,,https://www.linkedin.com/jobs/view/4433940079 , ,li-4433940079,fulltime,,,,,,False,associate,Sales and Business Development,,,Software Development,https://de.linkedin.com/company/eye-able-acessibility,,,,,,,,,,,
linkedin,Product Manager - Safety Critical Systems (All genders),STARK,"Munich, Bavaria, Germany",,https://www.linkedin.com/jobs/view/4437152714 , ,li-4437152714,fulltime,,,,,,False,mid-senior level,Product Management and Engineering,,,Defense and Space Manufacturing,https://de.linkedin.com/company/stark-defence,,,,,,,,,,,
linkedin,Product Manager Aftermarket,Eaton,"Karlsruhe, Baden-Württemberg, Germany",,https://www.linkedin.com/jobs/view/4386158974 , ,li-4386158974,fulltime,,,,,,False,mid-senior level,Other,,,"Appliances, Electrical, and Electronics Manufacturing",https://ie.linkedin.com/company/eaton,,,,,,,,,,,
linkedin,Produktmanager (m/w/d) - Telemedizin,vitagroup,"Mannheim, Baden-Württemberg, Germany",,https://www.linkedin.com/jobs/view/4433935950 , ,li-4433935950,fulltime,,,,,,False,associate,Information Technology,,,Software Development,https://de.linkedin.com/company/vitagroup-ag,,,,,,,,,,,
linkedin,Senior Technical Product Manager (w/m/d) – Data Team,Theo,"Berlin, Berlin, Germany",,https://www.linkedin.com/jobs/view/4433949742 , ,li-4433949742,fulltime,,,,,,False,mid-senior level,Product Management,,,IT Services and IT Consulting,https://de.linkedin.com/company/theohausverwaltung,,,,,,,,,,,
linkedin,Product Owner Dark Factory (w/m/d),1&1 Telecommunication SE,"Karlsruhe, Baden-Württemberg, Germany",,https://www.linkedin.com/jobs/view/4436073598 , ,li-4436073598,fulltime,,,,,,False,mid-senior level,Information Technology,,,Telecommunications,https://de.linkedin.com/company/1und1de,,,,,,,,,,,
linkedin,Produktmanager (m/w/d) - Industrial,Bischof+Klein,"Lengerich, North Rhine-Westphalia, Germany",,https://www.linkedin.com/jobs/view/4433930928 , ,li-4433930928,fulltime,,,,,,False,mid-senior level,Product Management,,,Plastics Manufacturing,https://de.linkedin.com/company/bischof-klein,,,,,,,,,,,
linkedin,Senior Product Manager,IQM Quantum Computers,"Munich, Bavaria, Germany",,https://www.linkedin.com/jobs/view/4428693981 , ,li-4428693981,fulltime,,,,,,False,mid-senior level,Product Management and Marketing,,,Computer Hardware Manufacturing,https://fi.linkedin.com/company/iqm-quantum-computers,,,,,,,,,,,
linkedin,Senior AI Product Manager,Nelly Solutions,"Berlin, Berlin, Germany",,https://www.linkedin.com/jobs/view/4357648010 , ,li-4357648010,fulltime,,,,,,False,mid-senior level,Product Management and Marketing,,,Software Development,https://de.linkedin.com/company/nelly-solutions,,,,,,,,,,,
linkedin,Product Owner (m/w/d),infodas,"Cologne, North Rhine-Westphalia, Germany",,https://www.linkedin.com/jobs/view/4433983008 , ,li-4433983008,fulltime,,,,,,False,mid-senior level,Product Management,,,IT Services and IT Consulting,https://de.linkedin.com/company/infodas,,,,,,,,,,,
linkedin,Manager Digital Transformation & AI,FUTRUE,"Gräfelfing, Bavaria, Germany",,https://www.linkedin.com/jobs/view/4418745401 , ,li-4418745401,fulltime,,,,,,False,associate,Business Development and Research,,,Pharmaceutical Manufacturing and Biotechnology Research,https://de.linkedin.com/company/futrue-gmbh,,,,,,,,,,,
linkedin,Global Product Manager - Heavy Duty Connectors (m/w/d),HARTING Technology Group,"Espelkamp, North Rhine-Westphalia, Germany",,https://www.linkedin.com/jobs/view/4426127877 , ,li-4426127877,fulltime,,,,,,False,mid-senior level,Product Management and Marketing,,,Automation Machinery Manufacturing,https://de.linkedin.com/company/harting,,,,,,,,,,,
linkedin,Produktmanager (m/w/d) PVM Immobilien,Swiss Life Deutschland,"Hannover, Lower Saxony, Germany",,https://www.linkedin.com/jobs/view/4433920952 , ,li-4433920952,fulltime,,,,,,False,mid-senior level,Product Management and Marketing,,,Insurance,https://de.linkedin.com/company/swisslifedeutschland,,,,,,,,,,,
linkedin,Senior Product Owner Mobile (w/m/d),ADAC,"Munich, Bavaria, Germany",,https://www.linkedin.com/jobs/view/4428803890 , ,li-4428803890,fulltime,,,,,,False,mid-senior level,Product Management and Marketing,,,Consumer Services,https://de.linkedin.com/company/adac,,,,,,,,,,,
linkedin,Product Owner Schwerpunkt Entgelt (w/d/m),KIDICAP. - die Software der GIP GmbH,"Offenbach, Hesse, Germany",,https://www.linkedin.com/jobs/view/4437187386 , ,li-4437187386,fulltime,,,,,,False,entry level,Product Management and Marketing,,,Internet Publishing,https://de.linkedin.com/company/gipmbh,,,,,,,,,,,
linkedin,Leiter Produktmanagement Flugsimulation (m/w/d),Rheinmetall,"Bremen, Bremen, Germany",,https://www.linkedin.com/jobs/view/4395040554 , ,li-4395040554,fulltime,,,,,,False,mid-senior level,Product Management and Marketing,,,Defense and Space Manufacturing,https://de.linkedin.com/company/rheinmetall,,,,,,,,,,,
linkedin,Associate Produktmanager ET&S (m/w/d),GOSSEN METRAWATT,"Nuremberg, Bavaria, Germany",,https://www.linkedin.com/jobs/view/4433947710 , ,li-4433947710,fulltime,,,,,,False,entry level,Engineering,,,Manufacturing,https://de.linkedin.com/company/gossenmetrawatt,,,,,,,,,,,
linkedin,Produktmanager komplexe Systeme/Geräte (m/w/d) Schwerpunkt: EMF-Messtechnik,Narda Safety Test Solutions GmbH,"Pfullingen, Baden-Württemberg, Germany",,https://www.linkedin.com/jobs/view/4437180745 , ,li-4437180745,fulltime,,,,,,False,entry level,Product Management and Marketing,,,"Appliances, Electrical, and Electronics Manufacturing",https://de.linkedin.com/company/narda-safety-test-solutions-gmbh,,,,,,,,,,,
linkedin,Ohne Berufserfahrung durchstarten: Werde zum Produktmanager (m/w/d) - 100% Homeoffice,F - Education GmbH,"Freiburg, Baden-Württemberg, Germany",,https://www.linkedin.com/jobs/view/4437162866 , ,li-4437162866,fulltime,,,,,,False,entry level,Marketing,,,Advertising Services,https://www.linkedin.com/company/f-education-gmbh,,,,,,,,,,,
linkedin,Ohne Berufserfahrung durchstarten: Werde zum Produktmanager (m/w/d) - 100% Homeoffice,F - Education GmbH,"Augsburg, Bavaria, Germany",,https://www.linkedin.com/jobs/view/4437167725 , ,li-4437167725,fulltime,,,,,,False,entry level,Marketing,,,Advertising Services,https://www.linkedin.com/company/f-education-gmbh,,,,,,,,,,,
linkedin,(Senior) E-Commerce Manager:in (m/w/d),SNOCKS,"Mannheim, Baden-Württemberg, Germany",,https://www.linkedin.com/jobs/view/4433967176 , ,li-4433967176,fulltime,,,,,,True,associate,Art/Creative and Design,,,Retail,https://de.linkedin.com/company/snocks,,,,,,,,,,,
