site,title,company,location,date_posted,job_url,job_url_direct,id,job_type,salary_source,interval,min_amount,max_amount,currency,is_remote,job_level,job_function,listing_type,emails,company_industry,company_url,company_url_direct,company_addresses,company_num_employees,company_revenue,company_description,skills,experience_range,company_rating,company_reviews_count,vacancy_count,work_from_home_type
linkedin,Project Manager (f/m/d),Clariness,"Berlin, Germany",2026-07-15,https://www.linkedin.com/jobs/view/4441203273 , ,li-4441203273,fulltime,,,,,,False,mid-senior level,Project Management and Information Technology,,recruiting@clariness.com,Pharmaceutical Manufacturing,https://de.linkedin.com/company/clariness-holding-ag,,,,,,,,,,,
linkedin,Team Lead Business Automation & AI (m/w/d),Peter Park,"Munich, Bavaria, Germany",2026-07-15,https://www.linkedin.com/jobs/view/4432434065 , ,li-4432434065,fulltime,,,,,,True,mid-senior level,Project Management and Information Technology,,,Information Technology & Services,https://de.linkedin.com/company/peterpark,,,,,,,,,,,
linkedin,Program Leader / Program Manager (m/w/d) Elektronikfertigung,LACROIX - Electronics,"Willich, North Rhine-Westphalia, Germany",2026-07-15,https://www.linkedin.com/jobs/view/4439999456 , ,li-4439999456,fulltime,,,,,,False,associate,Sales,,,"Appliances, Electrical, and Electronics Manufacturing, Manufacturing, and Computers and Electronics Manufacturing",https://fr.linkedin.com/company/lacroix-electronics,,,,,,,,,,,
linkedin,ELV Package Manager,Mercury,"Frankfurt, Hesse, Germany",2026-07-15,https://www.linkedin.com/jobs/view/4391891011 , ,li-4391891011,fulltime,,,,,,False,mid-senior level,"Design, Art/Creative, and Information Technology",,,Construction,https://ie.linkedin.com/company/mercury-engineering,,,,,,,,,,,
linkedin,Projekt Manager (w/m/d),Hitachi Energy,"Mannheim, Baden-Württemberg, Germany",2026-07-15,https://www.linkedin.com/jobs/view/4441213302 , ,li-4441213302,fulltime,,,,,,False,mid-senior level,Project Management and Information Technology,,,"Appliances, Electrical, and Electronics Manufacturing and IT Services and IT Consulting",https://ch.linkedin.com/company/hitachienergy,,,,,,,,,,,
linkedin,Projekt Manager (w/m/d),STAR Specialists,,2026-07-15,https://www.linkedin.com/jobs/view/4440982660 , ,li-4440982660,other,,,,,,False,mid-senior level,Project Management,,,Staffing and Recruiting,https://nl.linkedin.com/company/starspecialists,,,,,,,,,,,
linkedin,Project Manager,Mercury,"Frankfurt, Hesse, Germany",2026-07-15,https://www.linkedin.com/jobs/view/4319882513 , ,li-4319882513,fulltime,,,,,,False,mid-senior level,Project Management and Information Technology,,,Construction,https://ie.linkedin.com/company/mercury-engineering,,,,,,,,,,,
linkedin,Projektmanager (m/w/d) –  Pricing & Energiewirtschaft,Franklin Fitch,,2026-07-15,https://www.linkedin.com/jobs/view/4440959931 , ,li-4440959931,contract,,,,,,False,associate,"Project Management, Consulting, and Finance",,,"Utilities, Energy Technology, and Services for Renewable Energy",https://uk.linkedin.com/company/franklin-fitch,,,,,,,,,,,
linkedin,(Junior) Projekt- & Prozessmanager (w/m/d) - Sales Operations,smava,"Hamburg, Hamburg, Germany",2026-07-15,https://www.linkedin.com/jobs/view/4431758865 , ,li-4431758865,fulltime,,,,,,False,entry level,Management and Manufacturing,,,Financial Services,https://de.linkedin.com/company/smava,,,,,,,,,,,
linkedin,Projektleiter Operations (all gender) 999,ALTEN Germany,"Kassel, Hesse, Germany",2026-07-15,https://www.linkedin.com/jobs/view/4414856050 , ,li-4414856050,fulltime,,,,,,False,entry level,Engineering,,,Machinery Manufacturing and Aviation and Aerospace Component Manufacturing,https://de.linkedin.com/company/altengermany,,,,,,,,,,,
linkedin,CTPM Principal (m/f/d) – Germany  (Ingolstadt/ Unterschleissheim),Qualcomm,"Ingolstadt, Bavaria, Germany",2026-07-15,https://www.linkedin.com/jobs/view/4413581030 , ,li-4413581030,fulltime,,,,,,False,not applicable,Other,,-accomodations@qualcomm.com,Semiconductor Manufacturing,https://www.linkedin.com/company/qualcomm,,,,,,,,,,,
linkedin,Projektmanager Standardisierung & Komplexitätsmanagement (all gender) 100,ALTEN Germany,"Munich, Bavaria, Germany",2026-07-15,https://www.linkedin.com/jobs/view/4414850403 , ,li-4414850403,fulltime,,,,,,False,entry level,Engineering,,,Machinery Manufacturing and Aviation and Aerospace Component Manufacturing,https://de.linkedin.com/company/altengermany,,,,,,,,,,,
linkedin,(Jr.) Corporate Development Manager (m/f/d),HOLY,"Berlin, Berlin, Germany",2026-07-15,https://www.linkedin.com/jobs/view/4438098045 , ,li-4438098045,fulltime,,,,,,False,associate,Analyst and Management,,"jobs@holy.com, jobs@holy.com, jobs@holy.com",Restaurants,https://de.linkedin.com/company/holysoftdrinks,,,,,,,,,,,
linkedin,Operations Project Manager (m/f/d),Danone,"Fulda, Hesse, Germany",2026-07-15,https://www.linkedin.com/jobs/view/4432298831 , ,li-4432298831,fulltime,,,,,,False,not applicable,Project Management and Information Technology,,,"Manufacturing, Food and Beverage Services, and Food and Beverage Manufacturing",https://fr.linkedin.com/company/danone,,,,,,,,,,,
linkedin,Technical Project Manager Software Solutions (all gender) – Agile Projekte & Hightech-Produkte 100,ALTEN Germany,"Kiel, Schleswig-Holstein, Germany",2026-07-15,https://www.linkedin.com/jobs/view/4414305547 , ,li-4414305547,fulltime,,,,,,False,entry level,Engineering,,,Machinery Manufacturing and Aviation and Aerospace Component Manufacturing,https://de.linkedin.com/company/altengermany,,,,,,,,,,,
linkedin,Technical SAP Project Manager,Jobgether,,2026-07-15,https://www.linkedin.com/jobs/view/4440204169 , ,li-4440204169,fulltime,,,,,,False,mid-senior level,Project Management and Information Technology,,,Internet Marketplace Platforms,https://be.linkedin.com/company/jobgether,,,,,,,,,,,
linkedin,Senior Project Manager (m/w/d) für die Wohngebäudesanierung,Aroundtown,"Hamburg, Hamburg, Germany",2026-07-15,https://www.linkedin.com/jobs/view/4391740744 , ,li-4391740744,fulltime,,,,,,False,mid-senior level,Project Management and Information Technology,,,Real Estate,https://de.linkedin.com/company/aroundtownsa,,,,,,,,,,,
linkedin,Senior Projektmanager (m/w/d),encoviva,"Munich, Bavaria, Germany",2026-07-15,https://www.linkedin.com/jobs/view/4438085082 , ,li-4438085082,fulltime,,,,,,False,associate,Analyst and Management,,recruiting@encoviva.de,Software Development,https://de.linkedin.com/company/encoviva,,,,,,,,,,,
linkedin,Senior Project Manager (f/m/d) Installation Of Overhead Catenary Systems,Siemens,"Berlin, Berlin, Germany",2026-07-15,https://www.linkedin.com/jobs/view/4413573252 , ,li-4413573252,fulltime,,,,,,False,mid-senior level,Engineering,,,Automation Machinery Manufacturing,https://de.linkedin.com/company/siemens,,,,,,,,,,,
linkedin,Senior Projetkmanager IT (m/w/d),Michael Page,"Munich, Bavaria, Germany",2026-07-15,https://www.linkedin.com/jobs/view/4440989743 , ,li-4440989743,fulltime,,,,,,False,mid-senior level,Information Technology and Engineering,,,"Telecommunications, Biotechnology Research, and IT Services and IT Consulting",https://uk.linkedin.com/company/michael-page,,,,,,,,,,,
linkedin,Senior Project Manager,PM Group,"Frankfurt, Hesse, Germany",2026-07-15,https://www.linkedin.com/jobs/view/4148961441 , ,li-4148961441,fulltime,,,,,,False,not applicable,"Design, Consulting, and Engineering",,,"Design Services, Construction, and Business Consulting and Services",https://ie.linkedin.com/company/pm-group_165501,,,,,,,,,,,
linkedin,CSA Lead (m/w/d),Exyte,"Bad Homburg, Hesse, Germany",2026-07-15,https://www.linkedin.com/jobs/view/4422397204 , ,li-4422397204,fulltime,,,,,,False,mid-senior level,Other,,alena.haake@exyte.net,Civil Engineering,https://de.linkedin.com/company/exyte-group,,,,,,,,,,,
linkedin,Senior Project Manager (f/m/d) Installation Of Overhead Catenary Systems,Siemens,"Erlangen, Bavaria, Germany",2026-07-15,https://www.linkedin.com/jobs/view/4413568538 , ,li-4413568538,fulltime,,,,,,False,mid-senior level,Engineering,,,Automation Machinery Manufacturing,https://de.linkedin.com/company/siemens,,,,,,,,,,,
linkedin,Senior Project Manager (w/m/d) Site Installation of Converter Stations,Siemens,"Erlangen, Bavaria, Germany",2026-07-15,https://www.linkedin.com/jobs/view/4413555996 , ,li-4413555996,fulltime,,,,,,False,mid-senior level,Engineering,,,Automation Machinery Manufacturing,https://de.linkedin.com/company/siemens,,,,,,,,,,,
linkedin,Technischer Projektleiter Raketenartillerie (m/w/d),KNDS Deutschland,"Kassel, Hesse, Germany",2026-07-15,https://www.linkedin.com/jobs/view/4438076157 , ,li-4438076157,fulltime,,,,,,False,not applicable,Project Management and Information Technology,,,Defense and Space Manufacturing and Machinery Manufacturing,https://de.linkedin.com/company/knds-deutschland,,,,,,,,,,,
linkedin,Global Regulatory Project Lead (m/f/d),Elanco,"Monheim, North Rhine-Westphalia, Germany",2026-07-15,https://www.linkedin.com/jobs/view/4419267230 , ,li-4419267230,fulltime,,,,,,False,mid-senior level,Project Management and Information Technology,,,Pharmaceutical Manufacturing,https://www.linkedin.com/company/elanco,,,,,,,,,,,
linkedin,Project Manager (m/w/d) Bereich Großwälzlager,Liebherr Group,"Biberach an der Riß, Baden-Württemberg, Germany",2026-07-15,https://www.linkedin.com/jobs/view/4440207349 , ,li-4440207349,fulltime,,,,,,False,mid-senior level,Project Management and Information Technology,,,Industrial Machinery Manufacturing,https://de.linkedin.com/company/liebherr,,,,,,,,,,,
linkedin,Technischer Projektmanager (m/w/d) Connected Products,Crown Gabelstapler GmbH & Co. KG - Deutschland,"Feldkirchen, Bavaria, Germany",2026-07-15,https://www.linkedin.com/jobs/view/4440951619 , ,li-4440951619,fulltime,,,,,,False,mid-senior level,Project Management,,,Machinery Manufacturing,https://de.linkedin.com/company/crown-gabelstapler-gmbh-&-co-kg,,,,,,,,,,,
linkedin,Project Manager,"CloudHQ, LLC","Frankfurt, Hesse, Germany",2026-07-15,https://www.linkedin.com/jobs/view/4440214248 , ,li-4440214248,fulltime,,,,,,False,mid-senior level,Project Management,,,Construction,https://www.linkedin.com/company/cloudhq-llc,,,,,,,,,,,
linkedin,Project Director,AJ Group,,2026-07-15,https://www.linkedin.com/jobs/view/4441220294 , ,li-4441220294,fulltime,,,,,,False,director,Project Management,,,Construction,https://ie.linkedin.com/company/theajgroup,,,,,,,,,,,
linkedin,Strategy & Execution Manager (m/f/d),Sereact,"Stuttgart, Baden-Württemberg, Germany",2026-07-15,https://www.linkedin.com/jobs/view/4412749249 , ,li-4412749249,fulltime,,,,,,True,mid-senior level,Business Development and Sales,,,Software Development,https://de.linkedin.com/company/sereact,,,,,,,,,,,
linkedin,PROJECT MANAGER PROGRAM MANAGEMENT,General Dynamics European Land Systems,"Neubrandenburg, Mecklenburg-West Pomerania, Germany",2026-07-15,https://www.linkedin.com/jobs/view/4439993973 , ,li-4439993973,fulltime,,,,,,False,entry level,Project Management and Information Technology,,,Defense and Space Manufacturing,https://es.linkedin.com/company/gdels,,,,,,,,,,,
linkedin,Projektlead (m/w/d) Kontinuierlicher Verbesserungsprozess (KVP),KLAFS GmbH,"Schwäbisch Hall, Baden-Württemberg, Germany",2026-07-15,https://www.linkedin.com/jobs/view/4441202077 , ,li-4441202077,fulltime,,,,,,False,not applicable,,,michael.baeuerle@klafs.de,"Health, Wellness & Fitness",https://de.linkedin.com/company/klafs,,,,,,,,,,,
linkedin,Technical Project Manager - Production,Helsing,"Munich, Bavaria, Germany",2026-07-15,https://www.linkedin.com/jobs/view/4438088580 , ,li-4438088580,fulltime,,,,,,True,mid-senior level,Project Management and Information Technology,,,Software Development,https://de.linkedin.com/company/helsing,,,,,,,,,,,
linkedin,"Product Owner (m,w,d) CRM & Personalisierung",Wempe,"Hamburg, Hamburg, Germany",2026-07-15,https://www.linkedin.com/jobs/view/4440999896 , ,li-4440999896,fulltime,,,,,,False,associate,"Product Management, Project Management, and Information Technology",,,Retail Luxury Goods and Jewelry,https://de.linkedin.com/company/wempe,,,,,,,,,,,
linkedin,Senior Product Manager - HVAC Hardware (m/f/d/x),SALUS Core Technologies,,2026-07-15,https://www.linkedin.com/jobs/view/4438408731 , ,li-4438408731,fulltime,,,,,,True,mid-senior level,Product Management and Marketing,,,Energy Technology,https://de.linkedin.com/company/salus-core-technologies,,,,,,,,,,,
linkedin,Head of Product - Clients (f/m/d),Upvest,"Berlin, Germany",2026-07-15,https://www.linkedin.com/jobs/view/4438083079 , ,li-4438083079,fulltime,,,,,,True,mid-senior level,Product Management and Marketing,,,Financial Services,https://de.linkedin.com/company/upvest,,,,,,,,,,,
linkedin,Technical Project Manager (w/m/d),comrce,,2026-07-15,https://www.linkedin.com/jobs/view/4438090425 , ,li-4438090425,fulltime,,,,,,True,associate,Project Management and Information Technology,,people@comrce.io,Software Development,https://www.linkedin.com/company/comrce,,,,,,,,,,,
linkedin,IT Project Manager / IT-Projektleiter (all gender),ALTEN Germany,"Munich, Bavaria, Germany",2026-07-15,https://www.linkedin.com/jobs/view/4414848831 , ,li-4414848831,fulltime,,,,,,False,entry level,Engineering,,,Machinery Manufacturing and Aviation and Aerospace Component Manufacturing,https://de.linkedin.com/company/altengermany,,,,,,,,,,,
linkedin,Senior Project Manager Operational Excellence(m/w/d)*,SCHOTT,"Mainz, Rhineland-Palatinate, Germany",2026-07-15,https://www.linkedin.com/jobs/view/4440215672 , ,li-4440215672,fulltime,,,,,,False,mid-senior level,Management and Manufacturing,,,"Glass, Ceramics and Concrete Manufacturing",https://de.linkedin.com/company/schott,,,,,,,,,,,
linkedin,Technical Project Manager (m/w/d),WHITEvoid,"Berlin, Germany",2026-07-15,https://www.linkedin.com/jobs/view/4440974390 , ,li-4440974390,fulltime,,,,,,False,mid-senior level,Project Management and Strategy/Planning,,jobs@whitevoid.com,"Technology, Information and Media and Events Services",https://de.linkedin.com/company/whitevoid,,,,,,,,,,,
linkedin,Produktmanager Energiespeicher (m/w/d),WEMAG AG,"Schwerin, Mecklenburg-West Pomerania, Germany",2026-07-15,https://www.linkedin.com/jobs/view/4440971314 , ,li-4440971314,fulltime,,,,,,False,entry level,Engineering,,,Utilities,https://de.linkedin.com/company/wemag-ag,,,,,,,,,,,
linkedin,Project Manager ERP Transformation,PUMA Group,"Herzogenaurach, Bavaria, Germany",2026-07-15,https://www.linkedin.com/jobs/view/4421883589 , ,li-4421883589,fulltime,,,,,,False,associate,Project Management and Information Technology,,,Retail,https://de.linkedin.com/company/puma,,,,,,,,,,,
linkedin,Product Manager Digital Solutions befristet für 24 Monate (m/w/d),Deutsche Apotheker- und Ärztebank - apoBank,"Düsseldorf, North Rhine-Westphalia, Germany",2026-07-15,https://www.linkedin.com/jobs/view/4436190013 , ,li-4436190013,fulltime,,,,,,False,mid-senior level,Product Management and Marketing,,,Banking,https://de.linkedin.com/company/apobank,,,,,,,,,,,
linkedin,"Principal Product Manager, Document Domain",Jobgether,,2026-07-15,https://www.linkedin.com/jobs/view/4439991263 , ,li-4439991263,fulltime,,,,,,True,mid-senior level,Product Management and Marketing,,,Internet Marketplace Platforms,https://be.linkedin.com/company/jobgether,,,,,,,,,,,
linkedin,(Senior) Product Manager (w/m/d) (remote),Weflow,,2026-07-15,https://www.linkedin.com/jobs/view/4438412657 , ,li-4438412657,fulltime,,,,,,True,director,Product Management,,,IT Services and IT Consulting,https://de.linkedin.com/company/getweflow,,,,,,,,,,,
linkedin,"Senior Product Manager, Rx eCommerce (m/f/d)",Redcare Pharmacy,"Berlin, Berlin, Germany",2026-07-15,https://www.linkedin.com/jobs/view/4438099114 , ,li-4438099114,fulltime,,,,,,True,mid-senior level,Marketing and Product Management,,,Software Development and IT Services and IT Consulting,https://nl.linkedin.com/company/redcare-pharmacy-com,,,,,,,,,,,
linkedin,Product Trainee Program,TF Bank AB (publ),"Berlin, Berlin, Germany",2026-07-15,https://www.linkedin.com/jobs/view/4440228162 , ,li-4440228162,fulltime,,,,,,False,internship,Other,,,Banking,https://se.linkedin.com/company/tf-bank,,,,,,,,,,,
linkedin,B2B Growth & Product Marketing Manager (m/w/d),Bauer + Kirch GmbH,"Aachen, North Rhine-Westphalia, Germany",2026-07-14,https://www.linkedin.com/jobs/view/4440510377 , ,li-4440510377,fulltime,,,,,,True,entry level,Product Management and Marketing,,,IT Services and IT Consulting,https://de.linkedin.com/company/bauerkirchgmbh,,,,,,,,,,,
linkedin,Senior Business Product Manager (all genders),Wemolo,"Munich, Bavaria, Germany",2026-07-14,https://www.linkedin.com/jobs/view/4440573053 , ,li-4440573053,fulltime,,,,,,False,mid-senior level,Product Management and Marketing,,elisa.fuerter@wemolo.com,Information Technology & Services,https://de.linkedin.com/company/wemolo,,,,,,,,,,,
linkedin,Produktmanager (m/w/d) Berufserfahren,bedrop 🐝,"Mannheim, Baden-Württemberg, Germany",2026-07-14,https://www.linkedin.com/jobs/view/4438006461 , ,li-4438006461,fulltime,,,,,,False,mid-senior level,Product Management,,,Retail,https://de.linkedin.com/company/bedrop,,,,,,,,,,,
linkedin,Product Owner (m/w/d),mittwald,"Espelkamp, North Rhine-Westphalia, Germany",2026-07-14,https://www.linkedin.com/jobs/view/4439822352 , ,li-4439822352,fulltime,,,,,,False,entry level,Product Management and Marketing,,,"Technology, Information and Internet",https://de.linkedin.com/company/mittwald,,,,,,,,,,,
linkedin,Produktverantwortlicher (m/w/d),OASE,"Hörstel, North Rhine-Westphalia, Germany",2026-07-14,https://www.linkedin.com/jobs/view/4440387246 , ,li-4440387246,fulltime,,,,,,False,mid-senior level,Product Management,,personal@oase.com,Machinery Manufacturing,https://de.linkedin.com/company/oase,,,,,,,,,,,
linkedin,Senior Technical Coordinator (m/f/d),Cognizant,"Dresden, Saxony, Germany",2026-07-14,https://www.linkedin.com/jobs/view/4430807013 , ,li-4430807013,fulltime,,,,,,True,mid-senior level,Information Technology,,Sophie.Kuenzel@cognizant.com,IT Services and IT Consulting and Business Consulting and Services,https://www.linkedin.com/company/cognizant,,,,,,,,,,,
linkedin,Product Manager - Fire Control Panels & Fire Detection,UL Solutions,"Neu-Isenburg, Hesse, Germany",2026-07-14,https://www.linkedin.com/jobs/view/4437678681 , ,li-4437678681,fulltime,,,,,,True,mid-senior level,Product Management and Marketing,,,"Professional Services, Manufacturing, and Technology, Information and Media",https://www.linkedin.com/company/ulsolutions,,,,,,,,,,,
linkedin,Produktmanager (m/w/d) Customer Service Solutions,Viessmann Climate Solutions,"Allendorf, Hesse, Germany",2026-07-14,https://www.linkedin.com/jobs/view/4438024086 , ,li-4438024086,fulltime,,,,,,False,mid-senior level,Product Management and Marketing,,Carrier.Recruiting@carrier.com,Industrial Machinery Manufacturing,https://de.linkedin.com/company/viessmannclimatesolutions,,,,,,,,,,,
linkedin,(Senior) Product Line Manager ESN,The Quality Group,"Hamburg, Germany",2026-07-14,https://www.linkedin.com/jobs/view/4437164416 , ,li-4437164416,fulltime,,,,,,True,mid-senior level,Product Management and Marketing,,,Wellness and Fitness Services,https://de.linkedin.com/company/thequalitygroup,,,,,,,,,,,
linkedin,"Senior Product Manager, Biosurgery DACH",Corza Medical,,2026-07-14,https://www.linkedin.com/jobs/view/4440593285 , ,li-4440593285,fulltime,,,,,,False,mid-senior level,Product Management and Marketing,,,Medical Equipment Manufacturing,https://www.linkedin.com/company/corzamedical,,,,,,,,,,,
linkedin,product manager,Niulix,"Berlin, Berlin, Germany",2026-07-14,https://www.linkedin.com/jobs/view/4439800491 , ,li-4439800491,fulltime,,,,,,False,not applicable,Product Management and Marketing,,,Human Resources Services,https://www.linkedin.com/company/niulix,,,,,,,,,,,
linkedin,Senior Construction Project Manager,Cumming Group UK & Europe,"North Rhine-Westphalia, Germany",2026-07-14,https://www.linkedin.com/jobs/view/4427494458 , ,li-4427494458,fulltime,,,,,,False,mid-senior level,Engineering,,,Hospitality and Real Estate,https://uk.linkedin.com/company/cumming-group-europe,,,,,,,,,,,
linkedin,Junior / Senior Projektleiter (m/w/d) im industriellen Innenausbau,Liebich & Partner Management- und Personalberatung AG,,2026-07-14,https://www.linkedin.com/jobs/view/4437692604 , ,li-4437692604,fulltime,,,,,,False,associate,Project Management,,,Construction,https://de.linkedin.com/company/liebich-und-partner-management-personalberatung-ag,,,,,,,,,,,
linkedin,Product Owner / App Manager m/w/d,prettyTELCO,"Reken, North Rhine-Westphalia, Germany",2026-07-14,https://www.linkedin.com/jobs/view/4437663356 , ,li-4437663356,fulltime,,,,,,False,entry level,Project Management,,,Staffing and Recruiting,https://de.linkedin.com/company/prettytelco,,,,,,,,,,,
linkedin,"Product Manager, Consumer Platform  (f/m/x)",AUTO1 Group,"Berlin, Berlin, Germany",2026-07-14,https://www.linkedin.com/jobs/view/4439847906 , ,li-4439847906,fulltime,,,,,,True,mid-senior level,Information Technology,,,Motor Vehicle Manufacturing,https://de.linkedin.com/company/auto1-group,,,,,,,,,,,
linkedin,Product Compliance Manager,Nuna,"Munich, Bavaria, Germany",2026-07-14,https://www.linkedin.com/jobs/view/4440541000 , ,li-4440541000,fulltime,,,,,,False,mid-senior level,Product Management,,,Retail Luxury Goods and Jewelry,https://nl.linkedin.com/company/nunababy,,,,,,,,,,,
linkedin,Sachbearbeiter (m/w/div.) Technischer Innendienst,舒驰容器（上海）有限公司,"Ransbach-Baumbach, Rhineland-Palatinate, Germany",2026-07-14,https://www.linkedin.com/jobs/view/4440561867 , ,li-4440561867,fulltime,,,,,,False,entry level,Administrative,,,Packaging & Containers,https://cn.linkedin.com/company/%E8%88%92%E9%A9%B0%E5%AE%B9%E5%99%A8%EF%BC%88%E4%B8%8A%E6%B5%B7%EF%BC%89%E6%9C%89%E9%99%90%E5%85%AC%E5%8F%B8,,,,,,,,,,,
linkedin,Project Lead (m/w/d) Construction - EPCM/Erdkabel,Tintschl Unternehmensgruppe,"Bayreuth, Bavaria, Germany",2026-07-14,https://www.linkedin.com/jobs/view/4440500671 , ,li-4440500671,fulltime,,,,,,False,associate,Project Management,,,"Electric Power Transmission, Control, and Distribution",https://de.linkedin.com/company/tintschlunternehmensgruppe,,,,,,,,,,,
linkedin,Engineering Project Manager / Specialist,MSA - The Safety Company,"Berlin, Germany",2026-07-14,https://www.linkedin.com/jobs/view/4429402214 , ,li-4429402214,fulltime,,,,,,False,mid-senior level,Project Management and Engineering,,,Public Safety,https://www.linkedin.com/company/msa-the-safety-company,,,,,,,,,,,
linkedin,Delivery Project Manager,Spire,"Munich, Bavaria, Germany",2026-07-14,https://www.linkedin.com/jobs/view/4421857264 , ,li-4421857264,fulltime,,,,,,False,mid-senior level,Project Management and Information Technology,,,Information Services,https://www.linkedin.com/company/spireglobal,,,,,,,,,,,
linkedin,"ERP Transformation Expert (f/m/d) – Procurement, Logistics & Projects",Siemens Energy,"Karlsruhe, Baden-Württemberg, Germany",2026-07-14,https://www.linkedin.com/jobs/view/4430381970 , ,li-4430381970,fulltime,,,,,,True,mid-senior level,Supply Chain,,,"Appliances, Electrical, and Electronics Manufacturing",https://www.linkedin.com/company/siemens-energy,,,,,,,,,,,
linkedin,Projektmanager:in Instandhaltungsentwicklung im Center of Competence LRV – Berlin Pankow,Stadler,"Berlin, Germany",2026-07-14,https://www.linkedin.com/jobs/view/4434328155 , ,li-4434328155,fulltime,,,,,,False,mid-senior level,Project Management and Information Technology,,,Railroad Equipment Manufacturing,https://ch.linkedin.com/company/stadler-rail,,,,,,,,,,,
linkedin,Project Manager (f/m/d) for Procurement Cost Control,Siemens Energy,"Mülheim an der Ruhr, North Rhine-Westphalia, Germany",2026-07-14,https://www.linkedin.com/jobs/view/4439888379 , ,li-4439888379,fulltime,,,,,,True,mid-senior level,Supply Chain,,,"Appliances, Electrical, and Electronics Manufacturing",https://www.linkedin.com/company/siemens-energy,,,,,,,,,,,
linkedin,Mechanical Project Manager,"CloudHQ, LLC","Frankfurt, Hesse, Germany",2026-07-14,https://www.linkedin.com/jobs/view/4439845727 , ,li-4439845727,fulltime,,,,,,False,mid-senior level,Engineering,,recruiting@cloudhq.com,Real Estate,https://www.linkedin.com/company/cloudhq-llc,,,,,,,,,,,
linkedin,R&D PMO Specialist,Jungbunzlauer,"Ladenburg, Baden-Württemberg, Germany",2026-07-14,https://www.linkedin.com/jobs/view/4428872135 , ,li-4428872135,fulltime,,,,,,False,not applicable,Project Management and Information Technology,,,Biotechnology,https://ch.linkedin.com/company/jungbunzlauer,,,,,,,,,,,
linkedin,"Senior Product Manager, Acquisition",Jobgether,,2026-07-14,https://www.linkedin.com/jobs/view/4439854329 , ,li-4439854329,fulltime,,,,,,True,mid-senior level,Product Management and Marketing,,,Internet Marketplace Platforms,https://be.linkedin.com/company/jobgether,,,,,,,,,,,
linkedin,Projektmanager (m/w/d),SWARCO ITS,"Bochum, North Rhine-Westphalia, Germany",2026-07-14,https://www.linkedin.com/jobs/view/4431233882 , ,li-4431233882,fulltime,,,,,,False,mid-senior level,Project Management,,,"Paint, Coating, and Adhesive Manufacturing",https://at.linkedin.com/company/swarco-its,,,,,,,,,,,
linkedin,Entrepreneur in Residence (m/w/d),Beam AI,"Berlin, Berlin, Germany",2026-07-14,https://www.linkedin.com/jobs/view/4440504921 , ,li-4440504921,fulltime,,,,,,False,mid-senior level,Other,,,IT Services and IT Consulting,https://www.linkedin.com/company/beam-ai,,,,,,,,,,,
linkedin,Project Assistant (m/f/d),Empira Group,"Munich, Bavaria, Germany",2026-07-14,https://www.linkedin.com/jobs/view/4440847153 , ,li-4440847153,fulltime,,,,,,False,entry level,Administrative,,,Real Estate,https://ch.linkedin.com/company/empira-ag,,,,,,,,,,,
linkedin,Project Manager (f/m/d) for Procurement Cost Control,Siemens Energy,"Erlangen, Bavaria, Germany",2026-07-14,https://www.linkedin.com/jobs/view/4439874961 , ,li-4439874961,fulltime,,,,,,True,mid-senior level,Supply Chain,,,"Appliances, Electrical, and Electronics Manufacturing",https://www.linkedin.com/company/siemens-energy,,,,,,,,,,,
linkedin,Projektleiter:in Lph 0 Infrastrukturmanagement / Infrastrukturmanager:in,Deutsche Bahn,"Schwerin, Mecklenburg-West Pomerania, Germany",2026-07-14,https://www.linkedin.com/jobs/view/4432073942 , ,li-4432073942,fulltime,,,,,,False,mid-senior level,Information Technology,,,Truck Transportation,https://de.linkedin.com/company/deutschebahn,,,,,,,,,,,
linkedin,Quality Manager (m/w/d) Product Approval,Rolls-Royce,"Friedrichshafen, Baden-Württemberg, Germany",2026-07-14,https://www.linkedin.com/jobs/view/4439816028 , ,li-4439816028,fulltime,,,,,,False,mid-senior level,Quality Assurance,,careers@ps.rolls,Industrial Machinery Manufacturing,https://uk.linkedin.com/company/rolls-royce,,,,,,,,,,,
linkedin,"Senior Product Manager, Payments",Jobgether,,2026-07-14,https://www.linkedin.com/jobs/view/4439810865 , ,li-4439810865,fulltime,,,,,,True,mid-senior level,Product Management and Marketing,,,Internet Marketplace Platforms,https://be.linkedin.com/company/jobgether,,,,,,,,,,,
linkedin,"Lead Transfer Manager*in (m/w/d) – Cybersicherheit, Innovation & Startups",Ruhr University Bochum,"Bochum, North Rhine-Westphalia, Germany",2026-07-14,https://www.linkedin.com/jobs/view/4440565229 , ,li-4440565229,fulltime,,,,,,False,entry level,Product Management and Marketing,,,Internet Publishing,https://de.linkedin.com/school/ruhrunibochum/,,,,,,,,,,,
linkedin,Mechanical Lead,Elusav Recruitment,"Munich, Bavaria, Germany",2026-07-14,https://www.linkedin.com/jobs/view/4439889594 , ,li-4439889594,fulltime,,,,,,False,associate,Engineering,,bmullins@elusav.com,"Oil and Gas, Construction, and Engineering Services",https://ie.linkedin.com/company/elusav-recruitment,,,,,,,,,,,
linkedin,Senior-Ingenieur (m/w/d) Objektplanung / Projektleitung Straßenbrücken,Ramboll,"Dresden, Saxony, Germany",2026-07-14,https://www.linkedin.com/jobs/view/4440823794 , ,li-4440823794,fulltime,,,,,,False,mid-senior level,Engineering,,job.advert.accessibility@ramboll.com,Civil Engineering,https://dk.linkedin.com/company/ramboll,,,,,,,,,,,
linkedin,Project Manager,GH Engage,"Munich, Bavaria, Germany",2026-07-14,https://www.linkedin.com/jobs/view/4428875207 , ,li-4428875207,fulltime,,,,,,False,mid-senior level,Project Management and Consulting,,kate.dundon@ghengage.com,"Construction, Building Construction, and HVAC and Refrigeration Equipment Manufacturing",https://uk.linkedin.com/company/gh-engage,,,,,,,,,,,
linkedin,"Data Center Project Manager , Critical Projects Implementation Team",Amazon Web Services (AWS),"Frankfurt, Hesse, Germany",2026-07-14,https://www.linkedin.com/jobs/view/4440800372 , ,li-4440800372,fulltime,,,,,,False,mid-senior level,"Information Technology, Consulting, and Engineering",,,IT Services and IT Consulting,https://www.linkedin.com/company/amazon-web-services,,,,,,,,,,,
linkedin,Project Engineering & Regional Business Development Lead (m/w/d),PELEVEN AG,"Mannheim, Baden-Württemberg, Germany",2026-07-14,https://www.linkedin.com/jobs/view/4406999063 , ,li-4406999063,fulltime,,,,,,False,director,"Business Development, Project Management, and Engineering",,,Pharmaceutical Manufacturing and Engineering Services,https://ch.linkedin.com/company/peleven-ag,,,,,,,,,,,
linkedin,Agent Deployment Lead,opus,"Berlin, Berlin, Germany",2026-07-14,https://www.linkedin.com/jobs/view/4437652517 , ,li-4437652517,fulltime,,,,,,False,entry level,Other,,,Software Development,https://de.linkedin.com/company/opus-technologies-gmbh,,,,,,,,,,,
linkedin,Cost and Value Engineer Professional (w/m/d) für Project & Solution Business,Siemens,"Berlin, Berlin, Germany",2026-07-14,https://www.linkedin.com/jobs/view/4430564977 , ,li-4430564977,fulltime,,,,,,False,mid-senior level,Supply Chain,,,Automation Machinery Manufacturing,https://de.linkedin.com/company/siemens,,,,,,,,,,,
linkedin,Project Lead – New Site Development (all genders),Blackwave,"Taufkirchen, Bavaria, Germany",2026-07-14,https://www.linkedin.com/jobs/view/4438019784 , ,li-4438019784,fulltime,,,,,,False,director,Business Development and Sales,,,Aviation and Aerospace Component Manufacturing,https://de.linkedin.com/company/blackwave-gmbh,,,,,,,,,,,
linkedin,"Sr. Technical Program Manager, Community Feedback",Amazon,"Berlin, Germany",2026-07-14,https://www.linkedin.com/jobs/view/4440364069 , ,li-4440364069,fulltime,,,,,,False,mid-senior level,"Project Management, Information Technology, and Product Management",,,Software Development,https://www.linkedin.com/company/amazon,,,,,,,,,,,
linkedin,(Senior) Project Manager in Procurement / Supply Chain Management (f/m/d),Inverto | A BCG Company,"Berlin, Berlin, Germany",2026-07-14,https://www.linkedin.com/jobs/view/4376545767 , ,li-4376545767,fulltime,,,,,,False,mid-senior level,"Consulting, Purchasing, and Supply Chain",,,"Business Consulting and Services and Transportation, Logistics, Supply Chain and Storage",https://de.linkedin.com/company/inverto-gmbh,,,,,,,,,,,
linkedin,Senior Project Manager – Retail Strategy & Experience (f/m/x) @ Carl Zeiss Extended Reality (XRX),ZEISS Group,"Aalen, Baden-Württemberg, Germany",2026-07-14,https://www.linkedin.com/jobs/view/4440537169 , ,li-4440537169,fulltime,,,,,,False,associate,Information Technology,,,Industrial Machinery Manufacturing,https://de.linkedin.com/company/zeiss,,,,,,,,,,,
linkedin,Senior Growth & AI Project Manager (all genders),Sunday Natural,"Berlin, Germany",2026-07-14,https://www.linkedin.com/jobs/view/4432255237 , ,li-4432255237,fulltime,,,,,,False,mid-senior level,Product Management and Marketing,,,"Health, Wellness & Fitness",https://www.linkedin.com/company/sunday-natural-products-gmbh,,,,,,,,,,,
linkedin,Projektleitung Industriebau (m/w/d),FREYLER Unternehmensgruppe,"Leipzig, Saxony, Germany",2026-07-14,https://www.linkedin.com/jobs/view/4440546212 , ,li-4440546212,fulltime,,,,,,False,associate,Project Management and Strategy/Planning,,,Construction and Architecture and Planning,https://de.linkedin.com/company/freyler-unternehmensgruppe,,,,,,,,,,,
linkedin,Project Manager (m/f/d) – Pre-Development,Lautsprecher Teufel,"Berlin, Germany",2026-07-14,https://www.linkedin.com/jobs/view/4439840572 , ,li-4439840572,temporary,,,,,,False,associate,Project Management and Product Management,,,"Retail Appliances, Electrical, and Electronic Equipment",https://de.linkedin.com/company/teufel-audio,,,,,,,,,,,
linkedin,Project Manager,g2 Recruitment,"Dresden, Saxony, Germany",2026-07-14,https://www.linkedin.com/jobs/view/4440512500 , ,li-4440512500,contract,,,,,,False,mid-senior level,Project Management,,,Semiconductor Manufacturing,https://de.linkedin.com/company/g2-recruitment-solutions,,,,,,,,,,,
linkedin,Project Manager - Remote Work,BairesDev,"Berlin, Germany",2026-07-14,https://www.linkedin.com/jobs/view/4439909882 , ,li-4439909882,fulltime,,,,,,True,mid-senior level,Information Technology,,,IT Services and IT Consulting,https://www.linkedin.com/company/bairesdev,,,,,,,,,,,
linkedin,Lead Planner,Spencer Ogden,"Dresden, Saxony, Germany",2026-07-14,https://www.linkedin.com/jobs/view/4440515666 , ,li-4440515666,fulltime,,,,,,False,mid-senior level,Project Management,,,Staffing and Recruiting,https://uk.linkedin.com/company/spencerogden,,,,,,,,,,,
linkedin,Gremienmanager (m/w/d) im Produktbereich Ground Based Air Defence (GBAD),Diehl Defence,"Überlingen, Baden-Württemberg, Germany",2026-07-14,https://www.linkedin.com/jobs/view/4439133922 , ,li-4439133922,fulltime,,,,,,False,mid-senior level,Management and Manufacturing,,,"Appliances, Electrical, and Electronics Manufacturing",https://de.linkedin.com/company/diehl-defence,,,,,,,,,,,
linkedin,Senior Project Manager - DTC Technology & Platform Rollouts,PUMA Group,"Herzogenaurach, Bavaria, Germany",2026-07-14,https://www.linkedin.com/jobs/view/4422100031 , ,li-4422100031,fulltime,,,,,,False,mid-senior level,Project Management and Information Technology,,,Retail,https://de.linkedin.com/company/puma,,,,,,,,,,,
linkedin,"Senior Product Manager, Exchange AI",Cint,"Berlin, Berlin, Germany",2026-07-13,https://www.linkedin.com/jobs/view/4431666712 , ,li-4431666712,fulltime,,,,,,True,mid-senior level,Product Management,,,Software Development,https://se.linkedin.com/company/cint,,,,,,,,,,,
linkedin,Senior Projektmanager:in Hotels,Art-Invest Real Estate,"Cologne, North Rhine-Westphalia, Germany",2026-07-13,https://www.linkedin.com/jobs/view/4437269983 , ,li-4437269983,fulltime,,,,,,False,mid-senior level,Project Management,,,Hospitality,https://de.linkedin.com/company/art-invest-real-estate,,,,,,,,,,,
linkedin,Data Center Project Manager,System Soft Technologies,,2026-07-13,https://www.linkedin.com/jobs/view/4439145680 , ,li-4439145680,contract,,,,,,True,mid-senior level,Information Technology,,,Information Services,https://www.linkedin.com/company/systemsofttech,,,,,,,,,,,
linkedin,Project Coordinator EMEA Supply Chain Management (all genders)(1068),Joyson Safety Systems Hungary,"Aschaffenburg, Bavaria, Germany",2026-07-13,https://www.linkedin.com/jobs/view/4440037628 , ,li-4440037628,fulltime,,,,,,False,entry level,Project Management and Information Technology,,laura.staab@joysonsafety.com,Motor Vehicle Manufacturing,https://hu.linkedin.com/company/joyson-safety-systems-hungary,,,,,,,,,,,
linkedin,Technical Project Manager Heartbeat AI (m/f/d),1KOMMA5°,,2026-07-13,https://www.linkedin.com/jobs/view/4437273940 , ,li-4437273940,fulltime,,,,,,True,associate,Information Technology,,,Software Development,https://de.linkedin.com/company/1komma5grad,,,,,,,,,,,
linkedin,Senior Project Manager - Software Development,Nortal,,2026-07-13,https://www.linkedin.com/jobs/view/4440094797 , ,li-4440094797,fulltime,,,,,,False,mid-senior level,Project Management and Information Technology,,,IT Services and IT Consulting,https://ee.linkedin.com/company/nortal,,,,,,,,,,,
linkedin,Projektqualitätsmanager,experts,"Bremen, Germany",2026-07-13,https://www.linkedin.com/jobs/view/4439146696 , ,li-4439146696,fulltime,,,,,,False,associate,Project Management,,simon.kandler@experts.jobs,Defense and Space Manufacturing,https://de.linkedin.com/company/experts-consulting-center,,,,,,,,,,,
linkedin,Program Manager Cybersecurity - Strategic Accounts,Bureau Veritas Cybersecurity,"Berlin, Germany",2026-07-13,https://www.linkedin.com/jobs/view/4440024645 , ,li-4440024645,fulltime,,,,,,False,mid-senior level,"Project Management, Consulting, and Information Technology",,jobs.cybersecurity@bureauveritas.com,"IT Services and IT Consulting, Security and Investigations, and Computer and Network Security",https://nl.linkedin.com/company/bureauveritascybersecurity,,,,,,,,,,,
linkedin,Electrical Project Manager,Mercury,"Frankfurt, Hesse, Germany",2026-07-13,https://www.linkedin.com/jobs/view/4326226553 , ,li-4326226553,fulltime,,,,,,False,mid-senior level,Project Management and Information Technology,,,Construction,https://ie.linkedin.com/company/mercury-engineering,,,,,,,,,,,
linkedin,Project Manager IT Strategy & Transformation (m/w/d),ERGO,"Düsseldorf, North Rhine-Westphalia, Germany",2026-07-13,https://www.linkedin.com/jobs/view/4440317615 , ,li-4440317615,fulltime,,,,,,False,mid-senior level,Project Management and Information Technology,,,Insurance,https://de.linkedin.com/company/ergo-group-ag,,,,,,,,,,,
linkedin,Team Lead Design (m/f/d) - Munich based,EGYM | DACH,"Munich, Bavaria, Germany",2026-07-13,https://www.linkedin.com/jobs/view/4440312124 , ,li-4440312124,fulltime,,,,,,False,mid-senior level,"Design, Art/Creative, and Information Technology",,jobs@egym.com,Wellness and Fitness Services,https://de.linkedin.com/company/egym-gmbh,,,,,,,,,,,
linkedin,Senior Project Manager (m/w/d) - Critical Infrastructure Communications,GE Vernova,"Berlin, Berlin, Germany",2026-07-13,https://www.linkedin.com/jobs/view/4440079888 , ,li-4440079888,fulltime,,,,,,True,mid-senior level,Project Management and Information Technology,,,Energy Technology,https://www.linkedin.com/company/gevernova,,,,,,,,,,,
linkedin,Quality Manager (m/w/d) Product Approval,Rolls-Royce Power Systems,"Friedrichshafen, Baden-Württemberg, Germany",2026-07-13,https://www.linkedin.com/jobs/view/4440362082 , ,li-4440362082,fulltime,,,,,,False,mid-senior level,Quality Assurance,,careers@ps.rolls,Machinery Manufacturing,https://de.linkedin.com/company/rolls-royce-power-systems,,,,,,,,,,,
linkedin,BIM Lead,Mercury,"Munich, Bavaria, Germany",2026-07-13,https://www.linkedin.com/jobs/view/4402718658 , ,li-4402718658,fulltime,,,,,,False,mid-senior level,Other,,,Construction,https://ie.linkedin.com/company/mercury-engineering,,,,,,,,,,,
linkedin,Projektleiter - Industrial Engineering (m/w/d),TKMS,"Kiel, Schleswig-Holstein, Germany",2026-07-13,https://www.linkedin.com/jobs/view/4437282301 , ,li-4437282301,fulltime,,,,,,False,mid-senior level,Engineering,,,Utilities,https://de.linkedin.com/company/tkms,,,,,,,,,,,
linkedin,Product / Project Design Manager,LBH Consultancy,"Berlin, Germany",2026-07-13,https://www.linkedin.com/jobs/view/4427331631 , ,li-4427331631,fulltime,,,,,,False,mid-senior level,Project Management,,,Real Estate and Architecture and Planning,https://uk.linkedin.com/company/lbh-consultancy,,,,,,,,,,,
linkedin,Senior Software Project Manager,SciNova,"Munich, Bavaria, Germany",2026-07-13,https://www.linkedin.com/jobs/view/4439135524 , ,li-4439135524,fulltime,,,,,,False,mid-senior level,Project Management and Information Technology,,,Medical Equipment Manufacturing and Hospitals and Health Care,https://uk.linkedin.com/company/scinovasearch,,,,,,,,,,,
linkedin,Projektmanager (m/w/d),Cloudogu GmbH,"Brunswick, Lower Saxony, Germany",2026-07-13,https://www.linkedin.com/jobs/view/4437267201 , ,li-4437267201,fulltime,,,,,,False,mid-senior level,Project Management,,karriere@cloudogu.com,IT Services and IT Consulting,https://www.linkedin.com/company/cloudogu,,,,,,,,,,,
linkedin,Project Manager (m/f/d) IT Controlling,Vaillant Group,"Remscheid, North Rhine-Westphalia, Germany",2026-07-13,https://www.linkedin.com/jobs/view/4439756946 , ,li-4439756946,fulltime,,,,,,False,not applicable,Information Technology,,,Renewable Energy Semiconductor Manufacturing,https://de.linkedin.com/company/vaillant,,,,,,,,,,,
linkedin,Technische:r Projektmanager:in,talentrakete GmbH,"Cologne Bonn Region, North Rhine-Westphalia, Germany",2026-07-13,https://www.linkedin.com/jobs/view/4440067638 , ,li-4440067638,fulltime,,,,,,False,associate,"Project Management, Engineering, and Purchasing",,daniela@talentrakete.de,"Engineering Services, Machinery Manufacturing, and Climate Technology Product Manufacturing",https://de.linkedin.com/company/talentrakete,,,,,,,,,,,
linkedin,SAP BRIM/FI-CA Project Manager,Whitehall Resources,,2026-07-13,https://www.linkedin.com/jobs/view/4437257649 , ,li-4437257649,contract,,,,,,True,mid-senior level,Information Technology and Project Management,,,IT Services and IT Consulting,https://uk.linkedin.com/company/whitehall-resources,,,,,,,,,,,
linkedin,Project Manager - Operations (f/m/x),AUTO1 Group,"Berlin, Berlin, Germany",2026-07-13,https://www.linkedin.com/jobs/view/4439167076 , ,li-4439167076,fulltime,,,,,,False,associate,Business Development,,,Motor Vehicle Manufacturing,https://de.linkedin.com/company/auto1-group,,,,,,,,,,,
linkedin,SAP Project Manager,Smart Consulting,,2026-07-13,https://www.linkedin.com/jobs/view/4437277192 , ,li-4437277192,fulltime,,,,,,True,mid-senior level,Information Technology,,,IT Services and IT Consulting,https://pt.linkedin.com/company/thesmartwaytodoit,,,,,,,,,,,
linkedin,Product Marketing Manager* Alpina (Weiße Farben),DAW SE,"Ober-Ramstadt, Hesse, Germany",2026-07-13,https://www.linkedin.com/jobs/view/4411518218 , ,li-4411518218,fulltime,,,,,,False,associate,Marketing and Sales,,,Wholesale Building Materials,https://de.linkedin.com/company/daw-se,,,,,,,,,,,
linkedin,Product Owner Oracle PeopleSoft (m/w/d),CARE Deutschland e.V.,"Bonn, North Rhine-Westphalia, Germany",2026-07-13,https://www.linkedin.com/jobs/view/4400545900 , ,li-4400545900,fulltime,,,,,,False,mid-senior level,Product Management and Marketing,,,Non-profit Organizations,https://de.linkedin.com/company/care-deutschland,,,,,,,,,,,
linkedin,"Senior Product Manager, Exchange",Cint,"Berlin, Berlin, Germany",2026-07-13,https://www.linkedin.com/jobs/view/4431679465 , ,li-4431679465,fulltime,,,,,,True,mid-senior level,Product Management,,,Software Development,https://se.linkedin.com/company/cint,,,,,,,,,,,
linkedin,Product Manager,Jaipur Robotics,,2026-07-13,https://www.linkedin.com/jobs/view/4439770099 , ,li-4439770099,fulltime,,,,,,True,entry level,Product Management and Marketing,,,Robotics Engineering,https://ch.linkedin.com/company/jaipurrobotics,,,,,,,,,,,
linkedin,Senior Product Manager (all genders welcome),goodBytz,"Hamburg, Hamburg, Germany",2026-07-13,https://www.linkedin.com/jobs/view/4437247692 , ,li-4437247692,fulltime,,,,,,True,associate,Marketing and Product Management,,,Business Consulting and Services,https://de.linkedin.com/company/goodbytz,,,,,,,,,,,
linkedin,Assistentin im Produktmanagement,Robert Half,"Cologne, North Rhine-Westphalia, Germany",2026-07-13,https://www.linkedin.com/jobs/view/4439798537 , ,li-4439798537,fulltime,,,,,,False,entry level,Marketing,,,Personal Care Product Manufacturing,https://www.linkedin.com/company/robert-half-international,,,,,,,,,,,
linkedin,Senior Product Manager & People Lead (all genders),DigitalService,"Berlin, Germany",2026-07-13,https://www.linkedin.com/jobs/view/4439437071 , ,li-4439437071,fulltime,,,,,,False,associate,Product Management,,sophie.barth@digitalservice.bund.de,IT Services and IT Consulting and Software Development,https://de.linkedin.com/company/digitalservicebund,,,,,,,,,,,
linkedin,Senior Product Manager - Biopharma (d/f/m),Aignostics,"Berlin, Germany",2026-07-13,https://www.linkedin.com/jobs/view/4433843036 , ,li-4433843036,fulltime,,,,,,True,mid-senior level,Product Management and Marketing,,,Software Development,https://de.linkedin.com/company/aignostics,,,,,,,,,,,
linkedin,Product Owner (m/w/d),CompuGroup Medical SE & Co. KGaA,"Sankt Wolfgang, Bavaria, Germany",2026-07-13,https://www.linkedin.com/jobs/view/4380443544 , ,li-4380443544,fulltime,,,,,,True,mid-senior level,Product Management and Marketing,,,IT Services and IT Consulting,https://de.linkedin.com/company/compugroup-medical,,,,,,,,,,,
linkedin,Product Manager (f/m/x) for Metrology Sensors Coordinate & Vision Measuring Machines (CMM & VMM),ZEISS Group,"Oberkochen, Baden-Württemberg, Germany",2026-07-13,https://www.linkedin.com/jobs/view/4439792673 , ,li-4439792673,fulltime,,,,,,False,mid-senior level,"Product Management, Manufacturing, and Project Management",,,Machinery Manufacturing and Manufacturing,https://de.linkedin.com/company/zeiss,,,,,,,,,,,
linkedin,Technical Product Manager / AI-Native Software Development (m/w/d),Pactsheet AI,"Kiel, Schleswig-Holstein, Germany",2026-07-13,https://www.linkedin.com/jobs/view/4437762254 , ,li-4437762254,fulltime,,,,,,True,entry level,Product Management and Marketing,,,Software Development,https://de.linkedin.com/company/pactsheet,,,,,,,,,,,
linkedin,Technical Product Manager - Grid Components Medium Voltage (f/m/d),ABB,"Ratingen, North Rhine-Westphalia, Germany",2026-07-13,https://www.linkedin.com/jobs/view/4431740457 , ,li-4431740457,fulltime,,,,,,False,not applicable,Sales,,,"Appliances, Electrical, and Electronics Manufacturing",https://ch.linkedin.com/company/abb,,,,,,,,,,,
linkedin,Produktmanager (m/w/d) Produktentwicklung Haftpflichtversicherung,Continentale Versicherung,"Dortmund, North Rhine-Westphalia, Germany",2026-07-13,https://www.linkedin.com/jobs/view/4372888933 , ,li-4372888933,fulltime,,,,,,False,mid-senior level,Product Management and Marketing,,,Insurance,https://de.linkedin.com/company/continentale-versicherung,,,,,,,,,,,
linkedin,Product Owner,Sozialbehörde,"Hamburg, Hamburg, Germany",2026-07-13,https://www.linkedin.com/jobs/view/4440092420 , ,li-4440092420,fulltime,,,,,,False,entry level,Product Management and Marketing,,,Executive Offices,https://de.linkedin.com/company/sozialbehoerde,,,,,,,,,,,
linkedin,Projektkoordination (w/m/d),LOGLAN media GmbH,"Dortmund, North Rhine-Westphalia, Germany",2026-07-13,https://www.linkedin.com/jobs/view/4437280452 , ,li-4437280452,fulltime,,,,,,False,entry level,Management,,,Administrative and Support Services,https://de.linkedin.com/company/loglan-media-gmbh,,,,,,,,,,,
linkedin,Global Portfolio Manager (m/w/d),Vaillant Group,"Remscheid, North Rhine-Westphalia, Germany",2026-07-13,https://www.linkedin.com/jobs/view/4440033158 , ,li-4440033158,fulltime,,,,,,False,not applicable,Finance and Sales,,,Renewable Energy Semiconductor Manufacturing,https://de.linkedin.com/company/vaillant,,,,,,,,,,,
linkedin,Project Manager,Seven Executive Limited,"Frankfurt, Hesse, Germany",2026-07-13,https://www.linkedin.com/jobs/view/4437269947 , ,li-4437269947,fulltime,,,,,,False,mid-senior level,Project Management,,,HVAC and Refrigeration Equipment Manufacturing,https://uk.linkedin.com/company/seven-executive,,,,,,,,,,,
linkedin,Technical Project Manager,Jobgether,,2026-07-13,https://www.linkedin.com/jobs/view/4439428025 , ,li-4439428025,fulltime,,,,,,True,mid-senior level,Project Management and Information Technology,,,Internet Marketplace Platforms,https://be.linkedin.com/company/jobgether,,,,,,,,,,,
linkedin,Project Procurement Manager - Offshore Wind,Goldwind,"Frankfurt am Main, Hesse, Germany",2026-07-13,https://www.linkedin.com/jobs/view/4440006019 , ,li-4440006019,fulltime,,,,,,False,mid-senior level,Purchasing and Project Management,,,Services for Renewable Energy,https://cn.linkedin.com/company/goldwind,,,,,,,,,,,
linkedin,SAP Project Manager,IgniteSAP,,2026-07-13,https://www.linkedin.com/jobs/view/4440095134 , ,li-4440095134,fulltime,,,,,,False,mid-senior level,Project Management and Information Technology,,,IT Services and IT Consulting,https://de.linkedin.com/company/ignitesap,,,,,,,,,,,
linkedin,Technical Product Owner - Mobile Robotics in Logistic Systems (m/f/d),BEUMER Group,"Beckum, North Rhine-Westphalia, Germany",2026-07-13,https://www.linkedin.com/jobs/view/4439425327 , ,li-4439425327,fulltime,,,,,,False,associate,Engineering,,,Industrial Automation,https://de.linkedin.com/company/beumer-group-,,,,,,,,,,,
linkedin,Junior-Projektleiter (m/w/d),ea.R Energieanlagen Ramonat GmbH,"Magdeburg, Saxony-Anhalt, Germany",2026-07-13,https://www.linkedin.com/jobs/view/4437269751 , ,li-4437269751,fulltime,,,,,,False,entry level,Other,,,Oil and Gas,https://de.linkedin.com/company/energieanlagenramonat,,,,,,,,,,,
linkedin,Technical Sales Consultant,Yibi Precision | MIM Manufacturing Solutions for Precision Metal Components,"Berlin, Germany",2026-07-13,https://www.linkedin.com/jobs/view/4432724647 , ,li-4432724647,parttime,,,,,,True,mid-senior level,Project Management and Engineering,,,Manufacturing,https://cn.linkedin.com/company/yibimetal,,,,,,,,,,,
linkedin,Senior Project Manager - Consulting,Nortal,"Potsdam, Brandenburg, Germany",2026-07-13,https://www.linkedin.com/jobs/view/4440311051 , ,li-4440311051,fulltime,,,,,,False,mid-senior level,Project Management and Information Technology,,,IT Services and IT Consulting,https://ee.linkedin.com/company/nortal,,,,,,,,,,,
linkedin,Project Cybersecurity Manager (f/m/d),Alstom,"Berlin, Germany",2026-07-13,https://www.linkedin.com/jobs/view/4437281190 , ,li-4437281190,fulltime,,,,,,False,mid-senior level,Engineering,,,Truck Transportation and Railroad Equipment Manufacturing,https://fr.linkedin.com/company/alstom,,,,,,,,,,,
linkedin,Senior Project Management Analyst (m/w/d),FIS,"Munich, Bavaria, Germany",2026-07-13,https://www.linkedin.com/jobs/view/4440075151 , ,li-4440075151,fulltime,,,,,,False,mid-senior level,Project Management and Information Technology,,,IT Services and IT Consulting and Financial Services,https://www.linkedin.com/company/fis,,,,,,,,,,,
linkedin,Scrum Master – Junior Project Manager (m/w/d),DHL,"Bonn, North Rhine-Westphalia, Germany",2026-07-13,https://www.linkedin.com/jobs/view/4440005237 , ,li-4440005237,fulltime,,,,,,False,mid-senior level,Engineering and Information Technology,,,"Transportation, Logistics, Supply Chain and Storage",https://de.linkedin.com/company/dhl,,,,,,,,,,,
linkedin,"ERP Transformation Expert (f/m/d) – Procurement, Logistics & Projects",Siemens Energy,"Erlangen, Bavaria, Germany",2026-07-13,https://www.linkedin.com/jobs/view/4430393961 , ,li-4430393961,fulltime,,,,,,True,mid-senior level,Supply Chain,,,"Appliances, Electrical, and Electronics Manufacturing",https://www.linkedin.com/company/siemens-energy,,,,,,,,,,,
linkedin,Senior Project Manager Salesforce Transformation (m/w/d),Michael Page,"Düsseldorf, North Rhine-Westphalia, Germany",2026-07-13,https://www.linkedin.com/jobs/view/4440034875 , ,li-4440034875,fulltime,,,,,,True,mid-senior level,Project Management and Information Technology,,,"Events Services, Financial Services, and Facilities Services",https://uk.linkedin.com/company/michael-page,,,,,,,,,,,
linkedin,Senior Projektmanager:in (m/w/d) Nachhaltiges Bauen,CLVL MGMT,,2026-07-13,https://www.linkedin.com/jobs/view/4429959042 , ,li-4429959042,fulltime,,,,,,False,associate,Project Management and Engineering,,,Construction and Architecture and Planning,https://de.linkedin.com/company/clvlmgmt,,,,,,,,,,,
linkedin,Project Leader - cobas ultra integrated solutions,Roche,"Penzberg, Bavaria, Germany",2026-07-13,https://www.linkedin.com/jobs/view/4431746034 , ,li-4431746034,fulltime,,,,,,False,mid-senior level,"Sales, Marketing, and Product Management",,,"Pharmaceutical Manufacturing, Biotechnology Research, and Medical Equipment Manufacturing",https://ch.linkedin.com/company/roche,,,,,,,,,,,
linkedin,Senior-Projektleiter (w/m/d) Hochbau,hpm Henkel Projektmanagement GmbH,"Dresden, Saxony, Germany",2026-07-13,https://www.linkedin.com/jobs/view/4440023696 , ,li-4440023696,fulltime,,,,,,False,associate,Engineering,,,Architecture and Planning,https://de.linkedin.com/company/hpm-henkel-projektmanagement-gmbh,,,,,,,,,,,
linkedin,Marine & Technical Project Analyst m/f/d (4 years fixed-term),Walt Disney Imagineering,"Papenburg, Lower Saxony, Germany",2026-07-13,https://www.linkedin.com/jobs/view/4440353214 , ,li-4440353214,fulltime,,,,,,False,mid-senior level,Information Technology,,,Entertainment Providers,https://www.linkedin.com/company/walt-disney-imagineering,,,,,,,,,,,
linkedin,Construction Manager- Offshore Wind (all genders),Skyborn Renewables,"Hamburg, Hamburg, Germany",2026-07-13,https://www.linkedin.com/jobs/view/4431681688 , ,li-4431681688,fulltime,,,,,,False,mid-senior level,Management and Manufacturing,,,Wind Electric Power Generation,https://de.linkedin.com/company/skyborn-renewables,,,,,,,,,,,
linkedin,AI Implementation Manager (all genders),Lio (formerly askLio),"Munich, Bavaria, Germany",2026-07-13,https://www.linkedin.com/jobs/view/4428926885 , ,li-4428926885,fulltime,,,,,,False,mid-senior level,Management and Manufacturing,,,Software Development,https://de.linkedin.com/company/lio-ai,,,,,,,,,,,
linkedin,Sales Manager,Midea,"Hesse, Germany",2026-07-13,https://www.linkedin.com/jobs/view/4439148534 , ,li-4439148534,fulltime,,,,,,False,mid-senior level,Sales and Business Development,,,"Appliances, Electrical, and Electronics Manufacturing",https://cn.linkedin.com/company/mideagroup,,,,,,,,,,,
linkedin,Project Manager,Revalize,"Karlsruhe, Baden-Württemberg, Germany",2026-07-13,https://www.linkedin.com/jobs/view/4439798213 , ,li-4439798213,fulltime,,,,,,False,mid-senior level,Project Management,,,Software Development,https://www.linkedin.com/company/revalize,,,,,,,,,,,
linkedin,Senior Project Manager - Consulting,Nortal,,2026-07-13,https://www.linkedin.com/jobs/view/4440312030 , ,li-4440312030,fulltime,,,,,,False,mid-senior level,Project Management and Information Technology,,,IT Services and IT Consulting,https://ee.linkedin.com/company/nortal,,,,,,,,,,,
linkedin,V.I.E PMO Aeronautics (all gender),ALTEN Germany,"Manching, Bavaria, Germany",2026-07-13,https://www.linkedin.com/jobs/view/4373661808 , ,li-4373661808,fulltime,,,,,,False,not applicable,Engineering,,,IT Services and IT Consulting,https://de.linkedin.com/company/altengermany,,,,,,,,,,,
linkedin,Communication Project Manager (m/f/d),Norsk Hydro,"Ulm, Baden-Württemberg, Germany",2026-07-12,https://www.linkedin.com/jobs/view/4420931430 , ,li-4420931430,fulltime,,,,,,False,mid-senior level,Project Management and Information Technology,,,Mining,https://no.linkedin.com/company/norsk-hydro,,,,,,,,,,,
linkedin,"Content & Media Lead - Core-Team-Rolle mit Unternehmensanteilen, Berlin",baesh,"Berlin, Berlin, Germany",2026-07-12,https://www.linkedin.com/jobs/view/4437215912 , ,li-4437215912,contract,,,,,,True,associate,Marketing,,,IT Services and IT Consulting,https://de.linkedin.com/company/baesh,,,,,,,,,,,
linkedin,Projektleiter/in (m/w/d),Geberit Deutschland,"Haldensleben, Saxony-Anhalt, Germany",2026-07-12,https://www.linkedin.com/jobs/view/4412128992 , ,li-4412128992,fulltime,,,,,,False,mid-senior level,"Design, Art/Creative, and Information Technology",,,Building Materials,https://de.linkedin.com/company/geberit-deutschland,,,,,,,,,,,
linkedin,Project Manager (m/f/d),Exyte,"Bad Homburg, Hesse, Germany",2026-07-12,https://www.linkedin.com/jobs/view/4412131761 , ,li-4412131761,fulltime,,,,,,False,mid-senior level,Project Management and Information Technology,,lisamarie.kussmaul@exyte.net,Civil Engineering,https://de.linkedin.com/company/exyte-group,,,,,,,,,,,
linkedin,Technical Project Manager,WHITEvoid,"Berlin, Berlin, Germany",2026-07-12,https://www.linkedin.com/jobs/view/4437214770 , ,li-4437214770,fulltime,,,,,,False,director,Other,,,Performing Arts,https://de.linkedin.com/company/whitevoid,,,,,,,,,,,
linkedin,IT Consultant - Digital Product Development (FULL REMOTE) m|w|d,TIVITY GmbH,,2026-07-12,https://www.linkedin.com/jobs/view/4437203747 , ,li-4437203747,fulltime,,,,,,True,entry level,Information Technology,,,IT Services and IT Consulting,https://de.linkedin.com/company/tivity-one,,,,,,,,,,,
linkedin,Team Lead Product Management (f/m/d),ZEAL Network SE,"Hamburg, Hamburg, Germany",2026-07-12,https://www.linkedin.com/jobs/view/4411747197 , ,li-4411747197,fulltime,,,,,,False,mid-senior level,Engineering and Information Technology,,,Software Development,https://de.linkedin.com/company/zealnetwork,,,,,,,,,,,
linkedin,Junior Project Manager e-Mobility (m/ w/ d),JJ Industrial Solutions Schweiz AG,"Hamburg, Hamburg, Germany",2026-07-12,https://www.linkedin.com/jobs/view/4437224168 , ,li-4437224168,fulltime,,,,,,False,entry level,Project Management and Information Technology,,,Truck Transportation,https://ch.linkedin.com/company/jj-industrial-solutions-schweiz-ag,,,,,,,,,,,
linkedin,Project Manager / Product Owner (m/w/d),Funkwerk AG,"Kölleda, Thuringia, Germany",2026-07-12,https://www.linkedin.com/jobs/view/4437217853 , ,li-4437217853,fulltime,,,,,,False,mid-senior level,Project Management,,,"Appliances, Electrical, and Electronics Manufacturing",https://de.linkedin.com/company/funkwerk-ag,,,,,,,,,,,
linkedin,Product Pricing Manager (all genders),Lucanet,,2026-07-12,https://www.linkedin.com/jobs/view/4411892472 , ,li-4411892472,fulltime,,,,,,False,mid-senior level,Management and Manufacturing,,,Software Development,https://de.linkedin.com/company/lucanet-ag,,,,,,,,,,,
linkedin,Project Engineer CER Technology (f/m/d),Geberit Deutschland,"Höhr-Grenzhausen, Rhineland-Palatinate, Germany",2026-07-12,https://www.linkedin.com/jobs/view/4412131924 , ,li-4412131924,fulltime,,,,,,False,mid-senior level,Engineering and Information Technology,,,Building Materials,https://de.linkedin.com/company/geberit-deutschland,,,,,,,,,,,
linkedin,Key Account Manager (m/w/d) - B2B Sales,bedrop 🐝,"Mannheim, Baden-Württemberg, Germany",2026-07-12,https://www.linkedin.com/jobs/view/4437228374 , ,li-4437228374,fulltime,,,,,,False,mid-senior level,Sales,,,Retail,https://de.linkedin.com/company/bedrop,,,,,,,,,,,
linkedin,CSA Lead,Mercury,"Frankfurt, Hesse, Germany",2026-07-11,https://www.linkedin.com/jobs/view/4429641868 , ,li-4429641868,fulltime,,,,,,False,mid-senior level,Other,,,Construction,https://ie.linkedin.com/company/mercury-engineering,,,,,,,,,,,
linkedin,Planungskoordinator / Projektleiter (w/m/d),Arcadis,"Brunswick, Lower Saxony, Germany",2026-07-11,https://www.linkedin.com/jobs/view/4418344182 , ,li-4418344182,fulltime,,,,,,False,not applicable,Other,,,Professional Services,https://nl.linkedin.com/company/arcadis,,,,,,,,,,,
linkedin,Project Director,Mercury,"Lower Saxony, Germany",2026-07-11,https://www.linkedin.com/jobs/view/4251515117 , ,li-4251515117,fulltime,,,,,,False,director,"Management, Project Management, and Engineering",,,Construction and Engineering Services,https://ie.linkedin.com/company/mercury-engineering,,,,,,,,,,,
linkedin,Senior Strategy & Projects Manager (gn),Seturion,"Stuttgart, Baden-Württemberg, Germany",2026-07-11,https://www.linkedin.com/jobs/view/4433864478 , ,li-4433864478,fulltime,,,,,,False,mid-senior level,Business Development and Strategy/Planning,,,Securities and Commodity Exchanges,https://www.linkedin.com/company/seturion,,,,,,,,,,,
linkedin,(Senior) Projektleiter Cloud / Digitale Transformation (m/w/d),IABG,"Bonn, North Rhine-Westphalia, Germany",2026-07-11,https://www.linkedin.com/jobs/view/4403638177 , ,li-4403638177,fulltime,,,,,,False,mid-senior level,Information Technology,,,"IT Services and IT Consulting, Defense and Space Manufacturing, and Motor Vehicle Manufacturing",https://de.linkedin.com/company/iabg,,,,,,,,,,,
linkedin,Product Lead - KI-Agenten & Plattform (m/w/d),Lucid Labs,"Berlin, Berlin, Germany",2026-07-11,https://www.linkedin.com/jobs/view/4436641426 , ,li-4436641426,fulltime,,,,,,True,mid-senior level,Product Management,,,Software Development,https://de.linkedin.com/company/lucidlabs-official,,,,,,,,,,,
linkedin,Senior-Projektleiter Altlasten und Gebäuderückbau,M&P Group,"Frankfurt, Hesse, Germany",2026-07-11,https://www.linkedin.com/jobs/view/4436676543 , ,li-4436676543,fulltime,,,,,,False,associate,Other,,,Administrative and Support Services,https://de.linkedin.com/company/mup-group,,,,,,,,,,,
linkedin,Project Manager (m/w/d) Business Process Outsourcing,encory,"Unterschleißheim, Bavaria, Germany",2026-07-11,https://www.linkedin.com/jobs/view/4430973859 , ,li-4430973859,fulltime,,,,,,False,mid-senior level,Project Management and Information Technology,,stefanie.greif@encory.com,Environmental Services,https://de.linkedin.com/company/encory,,,,,,,,,,,
linkedin,Senior Projektleiter Grundwassersanierung (m/w/d),M&P Group,"Hannover, Lower Saxony, Germany",2026-07-11,https://www.linkedin.com/jobs/view/4436674283 , ,li-4436674283,fulltime,,,,,,False,associate,Other,,,Administrative and Support Services,https://de.linkedin.com/company/mup-group,,,,,,,,,,,
linkedin,Project Manager,IPS-Integrated Project Services,"Frankfurt, Hesse, Germany",2026-07-11,https://www.linkedin.com/jobs/view/4377861311 , ,li-4377861311,fulltime,,,,,,False,not applicable,Project Management and Information Technology,,,Pharmaceutical Manufacturing,https://www.linkedin.com/company/ips,,,,,,,,,,,
linkedin,Senior Product Manager (m/f/x) Operations,FINN,"Munich, Bavaria, Germany",2026-07-11,https://www.linkedin.com/jobs/view/4411639013 , ,li-4411639013,fulltime,,,,,,False,mid-senior level,Management and Manufacturing,,,"Motor Vehicle Manufacturing and Technology, Information and Internet",https://de.linkedin.com/company/finn-auto,,,,,,,,,,,
linkedin,Senior Product Manager,Forto,"Berlin, Germany",2026-07-11,https://www.linkedin.com/jobs/view/4439505259 , ,li-4439505259,fulltime,,,,,,False,mid-senior level,Product Management and Marketing,,,"Transportation, Logistics, Supply Chain and Storage",https://de.linkedin.com/company/fortocompany,,,,,,,,,,,
linkedin,Project Manager for PLM and IoT System Solutions,CONTACT Software,"Karlsruhe, Baden-Württemberg, Germany",2026-07-11,https://www.linkedin.com/jobs/view/4360536646 , ,li-4360536646,fulltime,,,,,,False,mid-senior level,Project Management and Information Technology,,,Software Development,https://de.linkedin.com/company/contact-software,,,,,,,,,,,
linkedin,Technical Project Manager (m/f/d),Tekkie Award,"Mainz, Rhineland-Palatinate, Germany",2026-07-11,https://www.linkedin.com/jobs/view/4439596060 , ,li-4439596060,fulltime,,,,,,False,entry level,Project Management and Information Technology,,"info@es.evoila.com, info@es.evoila.com, info@es.evoila.com, info@es.evoila.com",Technical and Vocational Training,https://www.linkedin.com/company/tekkie-award,,,,,,,,,,,
linkedin,Senior Product Manager (m/f/x) Growth / E-Commerce,FINN,"Munich, Bavaria, Germany",2026-07-11,https://www.linkedin.com/jobs/view/4411617996 , ,li-4411617996,fulltime,,,,,,False,mid-senior level,Management and Manufacturing,,,"Motor Vehicle Manufacturing and Technology, Information and Internet",https://de.linkedin.com/company/finn-auto,,,,,,,,,,,
linkedin,Sr. Product Manager - Emerging Mobile Apps,Jobgether,,2026-07-11,https://www.linkedin.com/jobs/view/4438903969 , ,li-4438903969,fulltime,,,,,,True,associate,Product Management and Marketing,,,Internet Marketplace Platforms,https://be.linkedin.com/company/jobgether,,,,,,,,,,,
linkedin,Projektleiter,HAUBNER Group,"Neumarkt in der Oberpfalz, Bavaria, Germany",2026-07-11,https://www.linkedin.com/jobs/view/4439550623 , ,li-4439550623,fulltime,,,,,,False,mid-senior level,Project Management and Information Technology,,,Construction,https://de.linkedin.com/company/haubner-group,,,,,,,,,,,
linkedin,Product Manager,eBay,,2026-07-11,https://www.linkedin.com/jobs/view/4417946791 , ,li-4417946791,fulltime,,,,,,False,mid-senior level,Product Management and Marketing,,talent@ebay.com,"Technology, Information and Internet",https://www.linkedin.com/company/ebay,,,,,,,,,,,
linkedin,Senior Project Manager,IPS-Integrated Project Services,"Frankfurt, Hesse, Germany",2026-07-11,https://www.linkedin.com/jobs/view/4335564500 , ,li-4335564500,fulltime,,,,,,False,not applicable,Project Management and Information Technology,,,Pharmaceutical Manufacturing,https://www.linkedin.com/company/ips,,,,,,,,,,,
linkedin,Car Fleet Program Manager,Wolt,"Berlin, Berlin, Germany",2026-07-11,https://www.linkedin.com/jobs/view/4438952255 , ,li-4438952255,fulltime,,,,,,False,mid-senior level,Project Management and Information Technology,,,Software Development,https://fi.linkedin.com/company/wolt-oy,,,,,,,,,,,
linkedin,Senior Project Manager (m/w/d),AERZEN worldwide,"Aerzen, Lower Saxony, Germany",2026-07-11,https://www.linkedin.com/jobs/view/4417669238 , ,li-4417669238,fulltime,,,,,,True,mid-senior level,Project Management and Information Technology,,madita.jacobi@aerzen.com,Machinery Manufacturing,https://de.linkedin.com/company/aerzen-worldwide,,,,,,,,,,,
linkedin,Project Manager (m/f/d),Teupe Gerüstbau AG,"Hamburg, Hamburg, Germany",2026-07-11,https://www.linkedin.com/jobs/view/4439572103 , ,li-4439572103,fulltime,,,,,,False,mid-senior level,Project Management and Information Technology,,jobs@teupe.de,Construction,https://ch.linkedin.com/company/teupe-ger%C3%BCstbau-ag,,,,,,,,,,,
linkedin,Business Development Director - Germany,Infosys,"Frankfurt, Hesse, Germany",2026-07-10,https://www.linkedin.com/jobs/view/4252323113 , ,li-4252323113,fulltime,,,,,,False,director,Sales and Business Development,,,IT Services and IT Consulting and Retail,https://in.linkedin.com/company/infosys,,,,,,,,,,,
linkedin,Senior Program / Project Manager (m/f/d),Dassault Systèmes,"Stuttgart, Baden-Württemberg, Germany",2026-07-10,https://www.linkedin.com/jobs/view/4420921826 , ,li-4420921826,fulltime,,,,,,True,mid-senior level,"Consulting, Customer Service, and Engineering",,,"Software Development, IT Services and IT Consulting, and Research Services",https://fr.linkedin.com/company/dassaultsystemes,,,,,,,,,,,
linkedin,SENIOR PROJECT MANAGER:IN EVENT & PROMOTION (M/W/D),mxt/agency,"Bochum, North Rhine-Westphalia, Germany",2026-07-10,https://www.linkedin.com/jobs/view/4439058128 , ,li-4439058128,fulltime,,,,,,False,mid-senior level,Project Management and Information Technology,,info@mxt.agency,Marketing Services,https://de.linkedin.com/company/mxtagency-b,,,,,,,,,,,
linkedin,Senior Project Manager (m/f/d),Configit,"Langenfeld, North Rhine-Westphalia, Germany",2026-07-10,https://www.linkedin.com/jobs/view/4430485966 , ,li-4430485966,fulltime,,,,,,False,mid-senior level,Project Management and Information Technology,,,Software Development,https://dk.linkedin.com/company/configit,,,,,,,,,,,
linkedin,Technischer Projektmanager (m/w/d),Exergy3,"Munich, Bavaria, Germany",2026-07-10,https://www.linkedin.com/jobs/view/4439303607 , ,li-4439303607,fulltime,,,,,,False,associate,Project Management,,,IT Services and IT Consulting,https://uk.linkedin.com/company/exergy3-limited,,,,,,,,,,,
linkedin,Senior Project Manager,Jumpstart Environmental Technologies,"Berlin, Germany",2026-07-10,https://www.linkedin.com/jobs/view/4439084564 , ,li-4439084564,fulltime,,,,,,False,mid-senior level,Project Management and Information Technology,,,Environmental Services,https://ca.linkedin.com/company/jumpstart-enviro,,,,,,,,,,,
linkedin,"Product Engineering, Team Lead",Oxford Instruments GmbH,"Ulm, Baden-Württemberg, Germany",2026-07-10,https://www.linkedin.com/jobs/view/4439052336 , ,li-4439052336,fulltime,,,,,,False,mid-senior level,Engineering and Information Technology,,,Nanotechnology Research,https://de.linkedin.com/company/oxfordinstrumentsgmbh,,,,,,,,,,,
linkedin,Project Lead (m/f/d) - Data Centres,Turner & Townsend,,2026-07-10,https://www.linkedin.com/jobs/view/4437973375 , ,li-4437973375,fulltime,,,,,,False,director,Consulting,,,"Construction, Civil Engineering, and Business Consulting and Services",https://uk.linkedin.com/company/turner-&-townsend,,,,,,,,,,,
linkedin,Senior Project Manager People & Culture (m/w/d),Gebr. Heinemann,"Hamburg, Hamburg, Germany",2026-07-10,https://www.linkedin.com/jobs/view/4435965379 , ,li-4435965379,fulltime,,,,,,False,mid-senior level,Project Management and Information Technology,,,Retail,https://de.linkedin.com/company/gebr--heinemann,,,,,,,,,,,
linkedin,Senior Product Manager (Kineto),JetBrains,"Berlin, Berlin, Germany",2026-07-10,https://www.linkedin.com/jobs/view/4399993486 , ,li-4399993486,fulltime,,,,,,False,mid-senior level,Product Management and Marketing,,,Software Development,https://nl.linkedin.com/company/jetbrains,,,,,,,,,,,
linkedin,Senior Software Product Manager - Embedded & Real-Time Systems (Automotive),NXP Semiconductors,"Munich, Bavaria, Germany",2026-07-10,https://www.linkedin.com/jobs/view/4439085565 , ,li-4439085565,fulltime,,,,,,False,mid-senior level,Product Management and Marketing,,,"Semiconductor Manufacturing, Computers and Electronics Manufacturing, and Software Development",https://nl.linkedin.com/company/nxp-semiconductors,,,,,,,,,,,
linkedin,Teamleitung Produktmanagement für klinische Applikationen (w/m/d),Siemens Healthineers,"Forchheim, Bavaria, Germany",2026-07-10,https://www.linkedin.com/jobs/view/4435917673 , ,li-4435917673,fulltime,,,,,,False,mid-senior level,Product Management,,,"Medical Equipment Manufacturing, Hospitals and Health Care, and Biotechnology Research",https://de.linkedin.com/company/siemens-healthineers,,,,,,,,,,,
linkedin,"Staff Product Manager, Equity Foundations",Ledgy,,2026-07-10,https://www.linkedin.com/jobs/view/4441443219 , ,li-4441443219,fulltime,,,,,,False,mid-senior level,Product Management,,,"Spectator Sports, Software Development, and Information Services",https://uk.linkedin.com/company/ledgy,,,,,,,,,,,
linkedin,Product Manager - Veeva Link Key People (MedTech),Veeva Systems,,2026-07-10,https://www.linkedin.com/jobs/view/4377292916 , ,li-4377292916,fulltime,,,,,,True,mid-senior level,Product Management,,_accommodations@veeva.com,"Software Development, IT Services and IT Consulting, and Pharmaceutical Manufacturing",https://www.linkedin.com/company/veeva-systems,,,,,,,,,,,
linkedin,Produktmanager:in,Amphenol FTG - Friedrich Göhringer Elektrotechnik GmbH,"Triberg, Baden-Württemberg, Germany",2026-07-10,https://www.linkedin.com/jobs/view/4435948644 , ,li-4435948644,fulltime,,,,,,False,associate,Product Management,,,"Appliances, Electrical, and Electronics Manufacturing",https://de.linkedin.com/company/ftg-friedrich-g%C3%B6hringer-gmbh,,,,,,,,,,,
linkedin,(Senior) Product Manager (all genders),Shiftmove,"Berlin, Germany",2026-07-10,https://www.linkedin.com/jobs/view/4435971172 , ,li-4435971172,fulltime,,,,,,True,mid-senior level,Product Management,,,Software Development,https://de.linkedin.com/company/shiftmove,,,,,,,,,,,
linkedin,Senior Product Manager - General Contractors,Cosuno,"Berlin, Berlin, Germany",2026-07-10,https://www.linkedin.com/jobs/view/4439314623 , ,li-4439314623,fulltime,,,,,,True,mid-senior level,Product Management and Marketing,,,Construction,https://de.linkedin.com/company/cosuno,,,,,,,,,,,
linkedin,"Product Manager, Marketing (parental cover)",KAYAK,"Berlin, Berlin, Germany",2026-07-10,https://www.linkedin.com/jobs/view/4439062695 , ,li-4439062695,fulltime,,,,,,False,mid-senior level,Marketing and Sales,,,"Technology, Information and Internet",https://www.linkedin.com/company/kayak,,,,,,,,,,,
linkedin,Senior Product Manager (m/f/d),JUNA Technologies,"Berlin, Berlin, Germany",2026-07-10,https://www.linkedin.com/jobs/view/4435984354 , ,li-4435984354,fulltime,,,,,,False,associate,Information Technology,,,Truck Transportation,https://de.linkedin.com/company/juna-technologies,,,,,,,,,,,
linkedin,(Senior) Product Manager (all genders),Shiftmove,"Berlin, Berlin, Germany",2026-07-10,https://www.linkedin.com/jobs/view/4439021660 , ,li-4439021660,fulltime,,,,,,True,mid-senior level,Product Management and Marketing,,,IT Services and IT Consulting,https://de.linkedin.com/company/shiftmove,,,,,,,,,,,
linkedin,CSA Project Manager,Mercury,"Frankfurt, Hesse, Germany",2026-07-10,https://www.linkedin.com/jobs/view/4317972080 , ,li-4317972080,fulltime,,,,,,False,mid-senior level,Other,,,Construction,https://ie.linkedin.com/company/mercury-engineering,,,,,,,,,,,
linkedin,Manager (m/w/d) Infrastructure Engineering (HLKS),Rolls-Royce,"Friedrichshafen, Baden-Württemberg, Germany",2026-07-10,https://www.linkedin.com/jobs/view/4437337660 , ,li-4437337660,fulltime,,,,,,False,mid-senior level,Information Technology,,careers@ps.rolls,Industrial Machinery Manufacturing,https://uk.linkedin.com/company/rolls-royce,,,,,,,,,,,
linkedin,HVDC Commissioning Manager (all genders),GE Vernova,"Berlin, Berlin, Germany",2026-07-10,https://www.linkedin.com/jobs/view/4439334026 , ,li-4439334026,fulltime,,,,,,False,mid-senior level,Project Management and Information Technology,,,Energy Technology,https://www.linkedin.com/company/gevernova,,,,,,,,,,,
linkedin,Project Manager for PLM and IoT System Solutions,CONTACT Software,"Bremen, Bremen, Germany",2026-07-10,https://www.linkedin.com/jobs/view/4361023738 , ,li-4361023738,fulltime,,,,,,False,mid-senior level,Project Management and Information Technology,,,Software Development,https://de.linkedin.com/company/contact-software,,,,,,,,,,,
linkedin,SAP Manufacturing Manager (all genders),Accenture DACH,"Berlin, Berlin, Germany",2026-07-10,https://www.linkedin.com/jobs/view/4328311265 , ,li-4328311265,fulltime,,,,,,False,mid-senior level,Management and Manufacturing,,asg.recruiting.sx@accenture.com,IT Services and IT Consulting,https://de.linkedin.com/company/accenture-dach,,,,,,,,,,,
linkedin,PROJECT MANAGER,BISOLL GmbH,"Frankfurt am Main, Hesse, Germany",2026-07-10,https://www.linkedin.com/jobs/view/4435941848 , ,li-4435941848,fulltime,,,,,,False,mid-senior level,Project Management and Information Technology,,,Services for Renewable Energy,https://de.linkedin.com/company/bisoll-gmbh,,,,,,,,,,,
linkedin,"Manager, Program (R&D)",POET Technologies,,2026-07-10,https://www.linkedin.com/jobs/view/4436626423 , ,li-4436626423,fulltime,,,,,,False,not applicable,Other,,,Semiconductor Manufacturing,https://ca.linkedin.com/company/poet-technologies,,,,,,,,,,,
linkedin,Information Technology Project Manager,ConSol Partners,,2026-07-10,https://www.linkedin.com/jobs/view/4438313802 , ,li-4438313802,contract,,,,,,True,mid-senior level,Information Technology,,,"Technology, Information and Media",https://uk.linkedin.com/company/consol-partners,,,,,,,,,,,
linkedin,Innovation Project Manager (m/w/d),PepsiCo,"Neu-Isenburg, Hesse, Germany",2026-07-10,https://www.linkedin.com/jobs/view/4436617153 , ,li-4436617153,fulltime,,,,,,False,mid-senior level,Project Management and Information Technology,,,Manufacturing and Food and Beverage Services,https://www.linkedin.com/company/pepsico,,,,,,,,,,,
linkedin,Senior Project Manager,SSR Personnel,,2026-07-10,https://www.linkedin.com/jobs/view/4436608457 , ,li-4436608457,fulltime,,,,,,False,mid-senior level,Project Management and Engineering,,,Security and Investigations,https://uk.linkedin.com/company/ssr-personnel,,,,,,,,,,,
linkedin,Integration & Delivery Manager (m/w/d),Xecuro,"Bonn, North Rhine-Westphalia, Germany",2026-07-10,https://www.linkedin.com/jobs/view/4435812204 , ,li-4435812204,fulltime,,,,,,False,mid-senior level,Management and Manufacturing,,,IT Services and IT Consulting,https://www.linkedin.com/company/xecuro,,,,,,,,,,,
linkedin,Projektmanager Webentwicklung (m/w/d),AirLST GmbH,"Munich, Bavaria, Germany",2026-07-10,https://www.linkedin.com/jobs/view/4435963563 , ,li-4435963563,fulltime,,,,,,False,mid-senior level,Project Management and Information Technology,,,Events Services,https://de.linkedin.com/company/airlst-gmbh,,,,,,,,,,,
linkedin,Projektmanager Data Analytics (all gender),ALTEN Germany,"Munich, Bavaria, Germany",2026-07-10,https://www.linkedin.com/jobs/view/4408844931 , ,li-4408844931,fulltime,,,,,,False,associate,Information Technology and Project Management,,,Motor Vehicle Manufacturing and IT Services and IT Consulting,https://de.linkedin.com/company/altengermany,,,,,,,,,,,
linkedin,Senior Specialist Project Planning & Scheduling (m/f/d),Exyte,"Stuttgart, Baden-Württemberg, Germany",2026-07-10,https://www.linkedin.com/jobs/view/4409955235 , ,li-4409955235,fulltime,,,,,,False,mid-senior level,Project Management and Information Technology,,gerd.fleischmann@exyte.net,Civil Engineering,https://de.linkedin.com/company/exyte-group,,,,,,,,,,,
linkedin,Planning Lead - Life Sciences (m/f/d),Linesight,"Frankfurt am Main, Hesse, Germany",2026-07-10,https://www.linkedin.com/jobs/view/4418855288 , ,li-4418855288,fulltime,,,,,,False,mid-senior level,Management and Manufacturing,,,Construction,https://ie.linkedin.com/company/linesight,,,,,,,,,,,
linkedin,Project Manager (m/f/d),Teupe Gerüstbau AG,"Heilbronn, Baden-Württemberg, Germany",2026-07-10,https://www.linkedin.com/jobs/view/4439362861 , ,li-4439362861,fulltime,,,,,,False,mid-senior level,Project Management and Information Technology,,jobs@teupe.de,Construction,https://ch.linkedin.com/company/teupe-ger%C3%BCstbau-ag,,,,,,,,,,,
linkedin,Integration Manager (all gender),ALTEN Germany,"Manching, Bavaria, Germany",2026-07-10,https://www.linkedin.com/jobs/view/4287103760 , ,li-4287103760,fulltime,,,,,,False,associate,Engineering,,,Aviation and Aerospace Component Manufacturing,https://de.linkedin.com/company/altengermany,,,,,,,,,,,
linkedin,Business Analyst and Project Manager (m/f/d),Parts Europe,"Wasserliesch, Rhineland-Palatinate, Germany",2026-07-10,https://www.linkedin.com/jobs/view/4438344866 , ,li-4438344866,parttime,,,,,,False,entry level,"Research, Analyst, and Information Technology",,,Wholesale,https://de.linkedin.com/company/partseurope,,,,,,,,,,,
linkedin,Project manager – Data Analytics / Data Science,Guldberg GmbH,"Munich, Bavaria, Germany",2026-07-10,https://www.linkedin.com/jobs/view/4435992403 , ,li-4435992403,fulltime,,,,,,False,mid-senior level,"Research, Analyst, and Information Technology",,,Automation Machinery Manufacturing,https://de.linkedin.com/company/guldberggmbh,,,,,,,,,,,
linkedin,Product Manager,WorkGenius Group,"Munich, Bavaria, Germany",2026-07-10,https://www.linkedin.com/jobs/view/4435973054 , ,li-4435973054,fulltime,,,,,,False,mid-senior level,"Product Management, Strategy/Planning, and Management",,,Aviation and Aerospace Component Manufacturing,https://www.linkedin.com/company/workgenius-group,,,,,,,,,,,
linkedin,"Senior Growth & Operations Manager, EMEA",Airbnb,"Berlin, Berlin, Germany",2026-07-10,https://www.linkedin.com/jobs/view/4420425583 , ,li-4420425583,fulltime,,,,,,False,mid-senior level,Management and Manufacturing,,,Software Development,https://www.linkedin.com/company/airbnb,,,,,,,,,,,
linkedin,R&D Governance & Delivery Lead (w/m/d),Siemens,"Erlangen, Bavaria, Germany",2026-07-10,https://www.linkedin.com/jobs/view/4438321943 , ,li-4438321943,fulltime,,,,,,False,mid-senior level,Research,,,Automation Machinery Manufacturing,https://de.linkedin.com/company/siemens,,,,,,,,,,,
linkedin,Project Management Officer (m/w/d),VAROPreem,"Hamburg, Hamburg, Germany",2026-07-10,https://www.linkedin.com/jobs/view/4439051323 , ,li-4439051323,fulltime,,,,,,False,mid-senior level,Project Management and Information Technology,,jasmin.sieger@varopreem.com,Oil and Gas,https://www.linkedin.com/company/varopreem,,,,,,,,,,,
linkedin,Project Manager (m/w/d) Produktentwicklung Sicherheitstechnik,Dräger,"Lübeck, Schleswig-Holstein, Germany",2026-07-10,https://www.linkedin.com/jobs/view/4419611395 , ,li-4419611395,fulltime,,,,,,False,mid-senior level,Project Management and Information Technology,,celina.radmer@draeger.com,Manufacturing,https://de.linkedin.com/company/draeger,,,,,,,,,,,
linkedin,Technischer Projektleiter Produktentwicklung (m/w/d),Dräger,"Lübeck, Schleswig-Holstein, Germany",2026-07-10,https://www.linkedin.com/jobs/view/4352730834 , ,li-4352730834,fulltime,,,,,,False,entry level,Project Management and Information Technology,,celina.radmer@draeger.com,Manufacturing,https://de.linkedin.com/company/draeger,,,,,,,,,,,
linkedin,Project Engineer,Optimus Search,,2026-07-10,https://www.linkedin.com/jobs/view/4435968278 , ,li-4435968278,fulltime,,,,,,False,not applicable,Engineering and Information Technology,,,"Shipbuilding, Maritime Transportation, and Automation Machinery Manufacturing",https://uk.linkedin.com/company/optimus-search,,,,,,,,,,,
linkedin,Engineering Budget & Resource Manager (all gender),ALTEN Germany,"Munich, Bavaria, Germany",2026-07-10,https://www.linkedin.com/jobs/view/4430444492 , ,li-4430444492,fulltime,,,,,,False,associate,Accounting/Auditing and Project Management,,,Motor Vehicle Manufacturing,https://de.linkedin.com/company/altengermany,,,,,,,,,,,
linkedin,Projektleiter Gebäudetechnik (m/w/d),Honeywell Technologies,"Regen, Bavaria, Germany",2026-07-10,https://www.linkedin.com/jobs/view/4390352164 , ,li-4390352164,fulltime,,,,,,False,mid-senior level,"Design, Art/Creative, and Information Technology",,,Automation Machinery Manufacturing,https://www.linkedin.com/company/honeywell,,,,,,,,,,,
linkedin,V&V Manager (m/w/d),ACONEXT,"Munich, Bavaria, Germany",2026-07-10,https://www.linkedin.com/jobs/view/4438305735 , ,li-4438305735,fulltime,,,,,,False,mid-senior level,Other,,,Engineering Services,https://de.linkedin.com/company/aconext-holding-gmbh,,,,,,,,,,,
linkedin,Senior IT-Projektleiter,Finanz Informatik,"Münster, North Rhine-Westphalia, Germany",2026-07-10,https://www.linkedin.com/jobs/view/4429663289 , ,li-4429663289,fulltime,,,,,,False,associate,Information Technology,,,"IT Services and IT Consulting, Banking, and Financial Services",https://de.linkedin.com/company/finanz-informatik,,,,,,,,,,,
linkedin,Projektleiter Produktentwicklungsprojekte (m/w/d),PFISTERER,"Winterbach, Baden-Württemberg, Germany",2026-07-10,https://www.linkedin.com/jobs/view/4439036569 , ,li-4439036569,fulltime,,,,,,False,associate,Project Management,,,Oil and Gas,https://de.linkedin.com/company/pfisterer,,,,,,,,,,,
linkedin,Commissioning & Qualification Manager (m/f/d),Roche,"Mannheim, Baden-Württemberg, Germany",2026-07-10,https://www.linkedin.com/jobs/view/4420629279 , ,li-4420629279,fulltime,,,,,,False,associate,"Production, Manufacturing, and Engineering",,,"Pharmaceutical Manufacturing, Biotechnology Research, and Medical Equipment Manufacturing",https://ch.linkedin.com/company/roche,,,,,,,,,,,
linkedin,Project Manager (m/f/d),Teupe Gerüstbau AG,"Dormagen, North Rhine-Westphalia, Germany",2026-07-10,https://www.linkedin.com/jobs/view/4439372204 , ,li-4439372204,fulltime,,,,,,False,mid-senior level,Project Management and Information Technology,,jobs@teupe.de,Construction,https://ch.linkedin.com/company/teupe-ger%C3%BCstbau-ag,,,,,,,,,,,
linkedin,Projektmanager (m/w/d) mit Fokus auf IPA-Projekte,ZECH Hochbau AG,"Stuttgart, Baden-Württemberg, Germany",2026-07-10,https://www.linkedin.com/jobs/view/4435972707 , ,li-4435972707,fulltime,,,,,,False,mid-senior level,Project Management,,,Civil Engineering,https://de.linkedin.com/company/zech-hochbau,,,,,,,,,,,
linkedin,SAP S/4HANA Rollout Project Manager (all gender),ALTEN Germany,,2026-07-10,https://www.linkedin.com/jobs/view/4421162007 , ,li-4421162007,fulltime,,,,,,False,associate,Management and Marketing,,,IT Services and IT Consulting,https://de.linkedin.com/company/altengermany,,,,,,,,,,,
linkedin,Site Manager,agap2 Italia,,2026-07-10,https://www.linkedin.com/jobs/view/4435692240 , ,li-4435692240,fulltime,,,,,,False,associate,Engineering,,,Oil and Gas,https://it.linkedin.com/company/agap2-italia,,,,,,,,,,,
linkedin,Software Project Manager (M/W/D)*,TGW Logistics,"Teunz, Bavaria, Germany",2026-07-10,https://www.linkedin.com/jobs/view/4427847170 , ,li-4427847170,fulltime,,,,,,False,mid-senior level,Project Management and Information Technology,,,Automation Machinery Manufacturing,https://at.linkedin.com/company/tgw-group,,,,,,,,,,,
linkedin,Project Manager / Customer Success (m/w/d),eduBITES,"Berlin, Germany",2026-07-10,https://www.linkedin.com/jobs/view/4435425695 , ,li-4435425695,fulltime,,,,,,False,mid-senior level,Project Management and Information Technology,,,Software Development,https://de.linkedin.com/company/edubites,,,,,,,,,,,
linkedin,Engineering Project Manager (w/m/d),HENSOLDT,"Immenstaad, Baden-Württemberg, Germany",2026-07-10,https://www.linkedin.com/jobs/view/4438537775 , ,li-4438537775,fulltime,,,,,,False,mid-senior level,Project Management and Information Technology,,jobs@hensoldt.net,Defense and Space Manufacturing,https://de.linkedin.com/company/hensoldt,,,,,,,,,,,
linkedin,Scheduling Specialist (m/f/d),Exyte,"Eschau, Bavaria, Germany",2026-07-10,https://www.linkedin.com/jobs/view/4370257230 , ,li-4370257230,fulltime,,,,,,False,mid-senior level,Project Management and Information Technology,,-k@exentec.net,Civil Engineering,https://de.linkedin.com/company/exyte-group,,,,,,,,,,,
linkedin,Project Manager (m/f/d),NAXCON GROUP,"Kiel, Schleswig-Holstein, Germany",2026-07-09,https://www.linkedin.com/jobs/view/4438822701 , ,li-4438822701,fulltime,,,,,,False,entry level,Project Management and Information Technology,,,IT Services and IT Consulting,https://de.linkedin.com/company/naxcon,,,,,,,,,,,
linkedin,Portfolio Release Manager,Priceline,"Berlin, Germany",2026-07-09,https://www.linkedin.com/jobs/view/4428724905 , ,li-4428724905,fulltime,,,,,,True,mid-senior level,Information Technology,,,"Hospitality, IT Services and IT Consulting, and Technology, Information and Internet",https://www.linkedin.com/company/priceline-com,,,,,,,,,,,
linkedin,Projektmanager (m/w/d) Service Hub & Nacelle,ENERCON,"Aurich, Lower Saxony, Germany",2026-07-09,https://www.linkedin.com/jobs/view/4438659531 , ,li-4438659531,fulltime,,,,,,False,mid-senior level,Project Management and Information Technology,,"Viktoria.Steinhauser@enercon.de, inclusion@enercon.de",Renewable Energy Semiconductor Manufacturing,https://de.linkedin.com/company/enercon-gmbh,,,,,,,,,,,
linkedin,Content & AI Enablement Team Lead,Payhawk,"Berlin, Germany",2026-07-09,https://www.linkedin.com/jobs/view/4438675461 , ,li-4438675461,fulltime,,,,,,False,mid-senior level,Management and Manufacturing,,,Financial Services,https://uk.linkedin.com/company/payhawk,,,,,,,,,,,
linkedin,Senior Project Manager Distribution (m/f/d),adidas,"Herzogenaurach, Bavaria, Germany",2026-07-09,https://www.linkedin.com/jobs/view/4435902018 , ,li-4435902018,fulltime,,,,,,False,not applicable,Management and Manufacturing,,,"Manufacturing, Retail, and Sporting Goods Manufacturing",https://de.linkedin.com/company/adidas,,,,,,,,,,,
linkedin,Projektleiter Luftfahrt (m/w/d),Liebherr Group,"Lindau, Bavaria, Germany",2026-07-09,https://www.linkedin.com/jobs/view/4322750112 , ,li-4322750112,fulltime,,,,,,False,mid-senior level,"Design, Art/Creative, and Information Technology",,sigrid.jerusalem@liebherr.com,Industrial Machinery Manufacturing,https://de.linkedin.com/company/liebherr,,,,,,,,,,,
linkedin,"EHS Project Manager (all genders) - unbefristet, Vollzeit",AbbVie,"Ludwigshafen, Rhineland-Palatinate, Germany",2026-07-09,https://www.linkedin.com/jobs/view/4438690669 , ,li-4438690669,fulltime,,,,,,False,mid-senior level,Management and Manufacturing,,TalentAcquisition.de@abbvie.com,Pharmaceutical Manufacturing,https://www.linkedin.com/company/abbvie,,,,,,,,,,,
linkedin,Project Manager for PLM and IoT System Solutions,CONTACT Software,"Ingolstadt, Bavaria, Germany",2026-07-09,https://www.linkedin.com/jobs/view/4359886672 , ,li-4359886672,fulltime,,,,,,False,mid-senior level,Project Management and Information Technology,,,Software Development,https://de.linkedin.com/company/contact-software,,,,,,,,,,,
linkedin,SEO Product Manager,Jobgether,,2026-07-09,https://www.linkedin.com/jobs/view/4437581499 , ,li-4437581499,fulltime,,,,,,True,mid-senior level,Product Management and Marketing,,,Internet Marketplace Platforms,https://be.linkedin.com/company/jobgether,,,,,,,,,,,
linkedin,Product Owner - Onsite Experience (m/f/d),momox,"Berlin, Germany",2026-07-09,https://www.linkedin.com/jobs/view/4438814648 , ,li-4438814648,fulltime,,,,,,False,mid-senior level,Product Management and Marketing,,recruitment@momox.biz,Retail,https://de.linkedin.com/company/momox,,,,,,,,,,,
linkedin,Innovation Project Manager,K-Recruiting Life Sciences,,,https://www.linkedin.com/jobs/view/4438730404 , ,li-4438730404,parttime,,,,,,True,mid-senior level,Project Management and Product Management,,,Pharmaceutical Manufacturing,https://de.linkedin.com/company/k-recruiting-life-sciences,,,,,,,,,,,
linkedin,Creative Solutions Project Manager,Fever,"Munich, Bavaria, Germany",,https://www.linkedin.com/jobs/view/4401967106 , ,li-4401967106,fulltime,,,,,,False,mid-senior level,Project Management and Information Technology,,,Software Development,https://www.linkedin.com/company/fever-up,,,,,,,,,,,
linkedin,Junior Digital Project Coordinator,Alpine Business Consulting,"Berlin, Berlin, Germany",,https://www.linkedin.com/jobs/view/4441252403 , ,li-4441252403,fulltime,,,,,,True,entry level,Information Technology,,,IT Services and IT Consulting,https://ch.linkedin.com/company/alpinebusiness-consulting,,,,,,,,,,,
linkedin,Senior Project Manager (all genders),Thorit,"Böblingen, Baden-Württemberg, Germany",,https://www.linkedin.com/jobs/view/4441267076 , ,li-4441267076,fulltime,,,,,,False,mid-senior level,Project Management and Information Technology,,,IT Services and IT Consulting,https://de.linkedin.com/company/thorit,,,,,,,,,,,
linkedin,Project Manager,Haystack,"Munich, Bavaria, Germany",,https://www.linkedin.com/jobs/view/4438481548 , ,li-4438481548,fulltime,,,,,,False,director,Project Management and Information Technology,,,"Technology, Information and Internet",https://uk.linkedin.com/company/wearehaystack,,,,,,,,,,,
linkedin,Project & Change Lead (f/m/x),Deutsche Bank,"Frankfurt, Hesse, Germany",,https://www.linkedin.com/jobs/view/4441229623 , ,li-4441229623,fulltime,,,,,,False,not applicable,Business Development and Sales,,,Financial Services,https://de.linkedin.com/company/deutsche-bank,,,,,,,,,,,
linkedin,Global Project Manager (Process Automation),ABB,,,https://www.linkedin.com/jobs/view/4440266260 , ,li-4440266260,fulltime,,,,,,True,mid-senior level,Project Management and Information Technology,,,Automation Machinery Manufacturing,https://ch.linkedin.com/company/abb,,,,,,,,,,,
linkedin,Senior Project Manager,Whitewater Group,"Berlin, Germany",,https://www.linkedin.com/jobs/view/4440752453 , ,li-4440752453,fulltime,,,,,,False,not applicable,Project Management and Information Technology,,,Engineering Services,https://ie.linkedin.com/company/whitewatergroup,,,,,,,,,,,
linkedin,SHK Projektleiter (m/w/d),Aira,"Erfurt, Thuringia, Germany",,https://www.linkedin.com/jobs/view/4319550343 , ,li-4319550343,fulltime,,,,,,False,mid-senior level,"Design, Art/Creative, and Information Technology",,,Services for Renewable Energy,https://se.linkedin.com/company/airahome,,,,,,,,,,,
linkedin,Partner Associate,Fever,"Munich, Bavaria, Germany",,https://www.linkedin.com/jobs/view/4438421720 , ,li-4438421720,fulltime,,,,,,False,entry level,"General Business, Management, and Business Development",,,Software Development,https://www.linkedin.com/company/fever-up,,,,,,,,,,,
linkedin,Project Lead Workspaces (m/w/d),Coolblue,"Düsseldorf, North Rhine-Westphalia, Germany",,https://www.linkedin.com/jobs/view/4438480585 , ,li-4438480585,fulltime,,,,,,False,mid-senior level,Project Management and Information Technology,,,Computers and Electronics Manufacturing,https://nl.linkedin.com/company/coolblue,,,,,,,,,,,
linkedin,Senior Project Manager (f/m/d),eleQtron,"Siegen, North Rhine-Westphalia, Germany",,https://www.linkedin.com/jobs/view/4388337449 , ,li-4388337449,fulltime,,,,,,False,not applicable,Project Management and Information Technology,,,Business Consulting and Services,https://de.linkedin.com/company/eleqtron-qc,,,,,,,,,,,
linkedin,Senior Project Manager (m/f/d),Advantest,"Böblingen, Baden-Württemberg, Germany",,https://www.linkedin.com/jobs/view/4441282493 , ,li-4441282493,fulltime,,,,,,False,mid-senior level,Project Management and Information Technology,,,Semiconductor Manufacturing,https://jp.linkedin.com/company/advantest,,,,,,,,,,,
linkedin,"Data Center Project Manager , Critical Projects Implementation Team - Jobbird.com",Jobster,"Frankfurt am Main, Hesse, Germany",,https://www.linkedin.com/jobs/view/4440690776 , ,li-4440690776,fulltime,,,,,,False,mid-senior level,Information Technology,,,Software Development,https://nl.linkedin.com/company/jobster-com,,,,,,,,,,,
linkedin,Senior Projektmanager (w/m/d),PMMG Group,"Munich, Bavaria, Germany",,https://www.linkedin.com/jobs/view/4438479916 , ,li-4438479916,fulltime,,,,,,False,associate,Project Management,,personal@pmmg.group,Software Development,https://de.linkedin.com/company/pmmg-group,,,,,,,,,,,
linkedin,Senior Project Manager (m/f/d) - Data Centre Construction,Linesight,"Frankfurt am Main, Hesse, Germany",,https://www.linkedin.com/jobs/view/4413577550 , ,li-4413577550,fulltime,,,,,,False,mid-senior level,Consulting,,,Construction,https://ie.linkedin.com/company/linesight,,,,,,,,,,,
linkedin,Technischer Projektmanager im MarTech-Umfeld  (w/m/d),BRANDAD Group AG,"Fürth, Bavaria, Germany",,https://www.linkedin.com/jobs/view/4438738069 , ,li-4438738069,fulltime,,,,,,False,mid-senior level,Project Management,,,Software Development,https://de.linkedin.com/company/brandad-de,,,,,,,,,,,
linkedin,Technischer Senior Projektleiter KI-Agentur (m/w/d),sandan AI,"Berlin, Berlin, Germany",,https://www.linkedin.com/jobs/view/4438707603 , ,li-4438707603,fulltime,,,,,,True,mid-senior level,Project Management,,,IT Services and IT Consulting,https://ae.linkedin.com/company/sandan-ai,,,,,,,,,,,
linkedin,Senior Projektleiter (w/m/d) Installation von Umrichterstationen,Siemens,"Berlin, Berlin, Germany",,https://www.linkedin.com/jobs/view/4413561863 , ,li-4413561863,fulltime,,,,,,False,mid-senior level,Engineering,,,Automation Machinery Manufacturing,https://de.linkedin.com/company/siemens,,,,,,,,,,,
linkedin,Commissioning Manager Datacenter & Substation,PM Group,"Frankfurt, Hesse, Germany",,https://www.linkedin.com/jobs/view/4410378624 , ,li-4410378624,fulltime,,,,,,False,not applicable,Information Technology,,,Construction and Design Services,https://ie.linkedin.com/company/pm-group_165501,,,,,,,,,,,
linkedin,German-Speaking SDRs: Launch a New Business Line in Malta,Archer - The IT Recruitment Consultancy (Malta),"Munich, Bavaria, Germany",,https://www.linkedin.com/jobs/view/4440533115 , ,li-4440533115,fulltime,,,,,,False,associate,"Sales, Business Development, and Consulting",,beatriz.guerra@archer.com.mt,IT Services and IT Consulting and Business Consulting and Services,https://mt.linkedin.com/company/archer-it-recruitment,,,,,,,,,,,
linkedin,ILS-Manager (m/w/d),NAXCON GROUP,"Bremen, Bremen, Germany",,https://www.linkedin.com/jobs/view/4441277319 , ,li-4441277319,fulltime,,,,,,False,entry level,Other,,,IT Services and IT Consulting,https://de.linkedin.com/company/naxcon,,,,,,,,,,,
linkedin,Project Manager (m/w/d),IndustrieAlpine GmbH & Co. KG,"Berlin, Berlin, Germany",,https://www.linkedin.com/jobs/view/4440611401 , ,li-4440611401,fulltime,,,,,,False,mid-senior level,Information Technology,,,Retail,https://de.linkedin.com/company/industriealpine-gmbh-&-co-kg,,,,,,,,,,,
linkedin,Global Workplace Project Manager (m/f/x),JetBrains,"Berlin, Berlin, Germany",,https://www.linkedin.com/jobs/view/4427374486 , ,li-4427374486,fulltime,,,,,,True,entry level,Project Management and Information Technology,,,Software Development,https://nl.linkedin.com/company/jetbrains,,,,,,,,,,,
linkedin,Global Workplace Project Manager (m/f/x),JetBrains,"Munich, Bavaria, Germany",,https://www.linkedin.com/jobs/view/4427373525 , ,li-4427373525,fulltime,,,,,,True,entry level,Project Management and Information Technology,,,Software Development,https://nl.linkedin.com/company/jetbrains,,,,,,,,,,,
linkedin,Plant PMO (f/m/d),Ferrero,"Stadtallendorf, Hesse, Germany",,https://www.linkedin.com/jobs/view/4441403062 , ,li-4441403062,fulltime,,,,,,False,mid-senior level,Project Management and Information Technology,,,Manufacturing,https://lu.linkedin.com/company/ferrero,,,,,,,,,,,
linkedin,BIM Manager,Vienesse Consulting,"Berlin, Germany",,https://www.linkedin.com/jobs/view/4438717967 , ,li-4438717967,fulltime,,,,,,True,mid-senior level,"Design, Art/Creative, and Information Technology",,,Business Consulting and Services,https://at.linkedin.com/company/vienesse-consulting,,,,,,,,,,,
linkedin,Logistics Manager,Too Good To Go,"Munich, Bavaria, Germany",,https://www.linkedin.com/jobs/view/4441275981 , ,li-4441275981,fulltime,,,,,,False,mid-senior level,Management and Manufacturing,,,Environmental Services,https://dk.linkedin.com/company/too-good-to-go,,,,,,,,,,,
linkedin,Logistics Manager,Too Good To Go,"Hamburg, Hamburg, Germany",,https://www.linkedin.com/jobs/view/4441286356 , ,li-4441286356,fulltime,,,,,,False,mid-senior level,Management and Manufacturing,,,Environmental Services,https://dk.linkedin.com/company/too-good-to-go,,,,,,,,,,,
linkedin,Facilities & Workplace Manager,Spire Government,"Munich, Bavaria, Germany",,https://www.linkedin.com/jobs/view/4440240764 , ,li-4440240764,fulltime,,,,,,False,mid-senior level,Management and Manufacturing,,,Defense & Space,https://www.linkedin.com/showcase/spire-government/,,,,,,,,,,,
linkedin,Clinical Project Coordinator,Medpace,"Munich, Bavaria, Germany",,https://www.linkedin.com/jobs/view/4329866596 , ,li-4329866596,fulltime,,,,,,False,not applicable,Project Management and Information Technology,,,Pharmaceutical Manufacturing,https://www.linkedin.com/company/medpace,,,,,,,,,,,
linkedin,Senior IT Project Manager (m/w/d),Skaylink,"Munich, Bavaria, Germany",,https://www.linkedin.com/jobs/view/4440626732 , ,li-4440626732,fulltime,,,,,,False,mid-senior level,Project Management and Information Technology,,,IT Services and IT Consulting,https://de.linkedin.com/company/skaylink,,,,,,,,,,,
linkedin,Program Management Office Consultant,Oak Tree Software,"Regensburg, Bavaria, Germany",,https://www.linkedin.com/jobs/view/4441483838 , ,li-4441483838,contract,,,,,,False,mid-senior level,Project Management,,,IT Services and IT Consulting,https://www.linkedin.com/company/oaktreesoftware,,,,,,,,,,,
linkedin,Procurement Engineer w/m/d - Systems & Equipment,XENON Automation,"Dresden, Saxony, Germany",,https://www.linkedin.com/jobs/view/4404559317 , ,li-4404559317,fulltime,,,,,,False,associate,Purchasing,,,Automation Machinery Manufacturing,https://de.linkedin.com/company/xenon-automation,,,,,,,,,,,
linkedin,Sales Manager,EPM Scientific,,,https://www.linkedin.com/jobs/view/4429926291 , ,li-4429926291,fulltime,,,,,,True,mid-senior level,Sales,,,"Chemical Manufacturing, Chemical Raw Materials Manufacturing, and Wholesale Chemical and Allied Products",https://uk.linkedin.com/company/epm-scientific,,,,,,,,,,,
linkedin,PMO / Projektmanager (m/w/d),Welcome Hotels,"Frankfurt am Main, Hesse, Germany",,https://www.linkedin.com/jobs/view/4440638780 , ,li-4440638780,fulltime,,,,,,False,mid-senior level,Project Management and Information Technology,,,Hospitality,https://de.linkedin.com/company/welcome-hotels-gmbh,,,,,,,,,,,
linkedin,"Business Impact Manager – Strategy, Transformation & AI",Oliver Wyman,"Munich, Bavaria, Germany",,https://www.linkedin.com/jobs/view/4441445963 , ,li-4441445963,fulltime,,,,,,True,not applicable,Business Development and Sales,,,Insurance and Business Consulting and Services,https://www.linkedin.com/company/oliver-wyman,,,,,,,,,,,
linkedin,Project Manager Schwerpunkt Banking (all genders),BNP Paribas,"Nuremberg, Bavaria, Germany",,https://www.linkedin.com/jobs/view/4417498044 , ,li-4417498044,fulltime,,,,,,False,mid-senior level,Project Management and Information Technology,,,Banking,https://fr.linkedin.com/company/bnp-paribas,,,,,,,,,,,
linkedin,Technical Customer Project Manager - Track & Trace (w/m/d),SICK Sensor Intelligence,"Düsseldorf, North Rhine-Westphalia, Germany",,https://www.linkedin.com/jobs/view/4441496638 , ,li-4441496638,fulltime,,,,,,False,mid-senior level,Project Management and Information Technology,,,Automation Machinery Manufacturing,https://de.linkedin.com/company/sicksensorintelligence,,,,,,,,,,,
linkedin,Junior Projektmanager M&A (m/w/d),wpd GmbH,"Bremen, Bremen, Germany",,https://www.linkedin.com/jobs/view/4422971156 , ,li-4422971156,fulltime,,,,,,False,entry level,Project Management and Information Technology,,,Services for Renewable Energy,https://de.linkedin.com/company/wpd-gmbh,,,,,,,,,,,
linkedin,Projektleitung (all genders),adesso SE,"Nuremberg, Bavaria, Germany",,https://www.linkedin.com/jobs/view/3961460991 , ,li-3961460991,fulltime,,,,,,False,director,Project Management and Information Technology,,,IT Services and IT Consulting,https://de.linkedin.com/company/adesso-se,,,,,,,,,,,
linkedin,Projektmanager (w/m/d) Kfz-Schadenbereich,VHV Gruppe,"Hannover, Lower Saxony, Germany",,https://www.linkedin.com/jobs/view/4413854862 , ,li-4413854862,fulltime,,,,,,False,mid-senior level,Project Management and Information Technology,,,Insurance,https://www.linkedin.com/company/vhv-gruppe,,,,,,,,,,,
linkedin,Program Manager Serial & Aftermarket (m/w/d),Liebherr Aerospace and Transportation,"Lindenberg im Allgäu, Bavaria, Germany",,https://www.linkedin.com/jobs/view/4431294032 , ,li-4431294032,fulltime,,,,,,False,mid-senior level,Project Management and Information Technology,,,Industrial Machinery Manufacturing,https://fr.linkedin.com/company/liebherr-aerospace-and-transportation,,,,,,,,,,,
linkedin,KI-Manager (w/m/d),AggerEnergie GmbH,"Gummersbach, North Rhine-Westphalia, Germany",,https://www.linkedin.com/jobs/view/4440650650 , ,li-4440650650,fulltime,,,,,,False,mid-senior level,,,bewerbung@aggerenergie.de,Utilities,https://de.linkedin.com/company/aggerenergie-gmbh,,,,,,,,,,,
linkedin,Senior Localization Project Manager,Fiery,"Ratingen, North Rhine-Westphalia, Germany",,https://www.linkedin.com/jobs/view/4431818986 , ,li-4431818986,fulltime,,,,,,False,mid-senior level,Project Management and Information Technology,,talentacquisition.mailbox@fiery.com,Software Development,https://www.linkedin.com/company/fieryprint,,,,,,,,,,,
linkedin,PLM Deployment Lead (m/w/d),YER Deutschland,"Mülheim an der Ruhr, North Rhine-Westphalia, Germany",,https://www.linkedin.com/jobs/view/4438729056 , ,li-4438729056,fulltime,,,,,,False,mid-senior level,Public Relations,,,Oil and Gas,https://de.linkedin.com/company/yerdeutschland,,,,,,,,,,,
linkedin,Project Manager,Haystack,,,https://www.linkedin.com/jobs/view/4440673120 , ,li-4440673120,fulltime,,,,,,False,mid-senior level,Information Technology,,,"Technology, Information and Internet",https://uk.linkedin.com/company/wearehaystack,,,,,,,,,,,
linkedin,Project Controls Manager,Accenture DACH,"Frankfurt, Hesse, Germany",,https://www.linkedin.com/jobs/view/4440281705 , ,li-4440281705,fulltime,,,,,,False,mid-senior level,Management and Manufacturing,,,IT Services and IT Consulting,https://de.linkedin.com/company/accenture-dach,,,,,,,,,,,
linkedin,Project Manager,Haystack,"Lower Saxony, Germany",,https://www.linkedin.com/jobs/view/4440663528 , ,li-4440663528,fulltime,,,,,,False,mid-senior level,Project Management,,,"Technology, Information and Internet",https://uk.linkedin.com/company/wearehaystack,,,,,,,,,,,
linkedin,Project Manager,Accenture DACH,"Frankfurt, Hesse, Germany",,https://www.linkedin.com/jobs/view/4440290537 , ,li-4440290537,fulltime,,,,,,False,mid-senior level,Project Management and Information Technology,,,IT Services and IT Consulting,https://de.linkedin.com/company/accenture-dach,,,,,,,,,,,
linkedin,Senior Project Manager,Turner & Townsend,,,https://www.linkedin.com/jobs/view/4440679597 , ,li-4440679597,fulltime,,,,,,False,mid-senior level,"Project Management, Consulting, and Engineering",,,"Construction, Civil Engineering, and Business Consulting and Services",https://uk.linkedin.com/company/turner-&-townsend,,,,,,,,,,,
linkedin,Senior Manager for Planning and Development,CREW Boston,,,https://www.linkedin.com/jobs/view/4441410968 , ,li-4441410968,fulltime,,,,,,False,mid-senior level,Engineering and Information Technology,,,Leasing Non-residential Real Estate,https://www.linkedin.com/company/crew-boston,,,,,,,,,,,
linkedin,Lead Cost & Value Engineer (all genders),Skyborn Renewables,"Hamburg, Hamburg, Germany",,https://www.linkedin.com/jobs/view/4404800748 , ,li-4404800748,fulltime,,,,,,False,mid-senior level,Management and Manufacturing,,,Wind Electric Power Generation,https://de.linkedin.com/company/skyborn-renewables,,,,,,,,,,,
linkedin,Mechanical Project Manager,Mercury,"Munich, Bavaria, Germany",,https://www.linkedin.com/jobs/view/4424254771 , ,li-4424254771,fulltime,,,,,,False,mid-senior level,Project Management and Information Technology,,,Construction,https://ie.linkedin.com/company/mercury-engineering,,,,,,,,,,,
linkedin,Service Project Manager – eMobility (m/f/d),Schneider Electric,"Raunheim, Hesse, Germany",,https://www.linkedin.com/jobs/view/4440742455 , ,li-4440742455,fulltime,,,,,,False,mid-senior level,Project Management and Information Technology,,,Automation Machinery Manufacturing,https://fr.linkedin.com/company/schneider-electric,,,,,,,,,,,
linkedin,Senior Projektmanager (m/w/d),CG Group GmbH,"Cologne, North Rhine-Westphalia, Germany",,https://www.linkedin.com/jobs/view/4440755680 , ,li-4440755680,fulltime,,,,,,False,mid-senior level,Project Management and Information Technology,,,Real Estate,https://de.linkedin.com/company/cggroup-de,,,,,,,,,,,
linkedin,"Senior Team Lead Data Analytics (Munich, hybrid)",Zero to One Search | Recruitment Agency,"Munich, Bavaria, Germany",,https://www.linkedin.com/jobs/view/4438474901 , ,li-4438474901,fulltime,,,,,,False,mid-senior level,Information Technology,,,Staffing and Recruiting,https://de.linkedin.com/company/zero-to-one-search,,,,,,,,,,,
linkedin,Manager Commercial Project Management (m/f/d),Exyte,"Bad Homburg, Hesse, Germany",,https://www.linkedin.com/jobs/view/4431871439 , ,li-4431871439,fulltime,,,,,,False,mid-senior level,Project Management and Information Technology,,Snezana.Dragojevic@exyte.net,Civil Engineering,https://de.linkedin.com/company/exyte-group,,,,,,,,,,,
linkedin,Product Manager – Platform Team (m/f/d),DocuWare,"Saarbrücken, Saarland, Germany",,https://www.linkedin.com/jobs/view/4433067625 , ,li-4433067625,fulltime,,,,,,False,mid-senior level,Product Management and Marketing,,,Software Development,https://de.linkedin.com/company/docuware-corporation,,,,,,,,,,,
linkedin,Product Manager (m/w/d),eRecht24,"Berlin, Berlin, Germany",,https://www.linkedin.com/jobs/view/4438714715 , ,li-4438714715,fulltime,,,,,,False,mid-senior level,Other,,,Software Development,https://de.linkedin.com/company/erecht24,,,,,,,,,,,
linkedin,Technical Product Manager - RAILS,Yuno,,,https://www.linkedin.com/jobs/view/4441498762 , ,li-4441498762,fulltime,,,,,,True,not applicable,Product Management and Marketing,,hiring@y.uno,Financial Services,https://www.linkedin.com/company/yunopay,,,,,,,,,,,
linkedin,"Senior Technical Product Manager, Token Factory",Jobgether,,,https://www.linkedin.com/jobs/view/4440772279 , ,li-4440772279,fulltime,,,,,,False,mid-senior level,Product Management and Marketing,,,Internet Marketplace Platforms,https://be.linkedin.com/company/jobgether,,,,,,,,,,,
linkedin,Product Owner (m/w/d),SoftProject,"Ettlingen, Baden-Württemberg, Germany",,https://www.linkedin.com/jobs/view/4441282703 , ,li-4441282703,fulltime,,,,,,False,mid-senior level,Information Technology and Product Management,,"jobs@softproject.com, jobs@softproject.de",IT Services and IT Consulting,https://de.linkedin.com/company/softproject-gmbh,,,,,,,,,,,
linkedin,Product Manager New Markets (w/m/d),Lorenz,"Offenbach, Hesse, Germany",,https://www.linkedin.com/jobs/view/4438711508 , ,li-4438711508,fulltime,,,,,,False,mid-senior level,Product Management,,,Business Consulting and Services,https://de.linkedin.com/company/lorenz-snacks,,,,,,,,,,,
linkedin,Senior Lead - Digital Product Manager,On,"Berlin, Germany",,https://www.linkedin.com/jobs/view/4440753842 , ,li-4440753842,fulltime,,,,,,False,mid-senior level,Product Management and Marketing,,,Retail,https://ch.linkedin.com/company/on-ag,,,,,,,,,,,
linkedin,Global Product Manager (m/w/d) für Service und Digital Solutions,Syntegon,"Fellbach, Baden-Württemberg, Germany",,https://www.linkedin.com/jobs/view/4440256030 , ,li-4440256030,fulltime,,,,,,False,mid-senior level,Product Management and Marketing,,,Automation Machinery Manufacturing,https://de.linkedin.com/company/syntegon,,,,,,,,,,,
linkedin,Product-Owner (m/w/d),grey engineering GmbH,"Berlin, Berlin, Germany",,https://www.linkedin.com/jobs/view/4440603412 , ,li-4440603412,fulltime,,,,,,False,entry level,Engineering,,,Oil and Gas,https://de.linkedin.com/company/grey-engineering-gmbh,,,,,,,,,,,
linkedin,"Expert Opportunity - Principal Product Manager ($80/hr, up to $1,600/week)",Ethos,"Berlin, Berlin, Germany",,https://www.linkedin.com/jobs/view/4441428611 , ,li-4441428611,parttime,,,,,,True,mid-senior level,Product Management and Marketing,,,"Technology, Information and Internet",https://www.linkedin.com/company/askethos,,,,,,,,,,,
linkedin,Product Manager Pricing (f/m/d),Digital Charging Solutions,,,https://www.linkedin.com/jobs/view/4438491283 , ,li-4438491283,fulltime,,,,,,False,mid-senior level,Marketing,,,Software Development,https://de.linkedin.com/company/digitalchargingsolutions,,,,,,,,,,,
linkedin,Global Product Manager m/w/d – Parental Leave Cover (12+ Months),BizLink Group,"Hannover, Lower Saxony, Germany",,https://www.linkedin.com/jobs/view/4412915055 , ,li-4412915055,fulltime,,,,,,False,mid-senior level,Product Management and Marketing,,_stubenrauch@bizlinktech.com,"Appliances, Electrical, and Electronics Manufacturing",https://www.linkedin.com/company/bizlink-technology-inc-,,,,,,,,,,,
linkedin,Senior Product Manager - Marketing Communication (w/m/d),dmTECH GmbH,,,https://www.linkedin.com/jobs/view/4440635366 , ,li-4440635366,fulltime,,,,,,True,mid-senior level,Marketing and Sales,,,IT Services and IT Consulting,https://de.linkedin.com/company/dmtech-deutschland,,,,,,,,,,,
linkedin,Service Solution Manager (m/f/d) for FACTs - SynCon,Siemens Energy,"Erlangen, Bavaria, Germany",,https://www.linkedin.com/jobs/view/4431499444 , ,li-4431499444,fulltime,,,,,,True,mid-senior level,Product Management,,,"Appliances, Electrical, and Electronics Manufacturing",https://www.linkedin.com/company/siemens-energy,,,,,,,,,,,
linkedin,Product Owner SAP Service Cloud (m/w/d),Stadtwerke Düsseldorf,"Düsseldorf, North Rhine-Westphalia, Germany",,https://www.linkedin.com/jobs/view/4441437820 , ,li-4441437820,fulltime,,,,,,False,mid-senior level,Product Management and Marketing,,,Utilities,https://de.linkedin.com/company/stadtwerke-duesseldorf,,,,,,,,,,,
linkedin,Product Marketing Manager Embedded Software (m/f/d),Avnet,"Munich, Bavaria, Germany",,https://www.linkedin.com/jobs/view/4441252570 , ,li-4441252570,fulltime,,,,,,False,mid-senior level,Marketing and Sales,,"hrnow@avnet.com, hrnow.asia@avnet.com, hrnow.EMEA@avnet.eu","Technology, Information and Internet",https://www.linkedin.com/company/avnet,,,,,,,,,,,
