site,title,company,location,date_posted,job_url,job_url_direct,id,job_type,salary_source,interval,min_amount,max_amount,currency,is_remote,job_level,job_function,listing_type,emails,company_industry,company_url,company_url_direct,company_addresses,company_num_employees,company_revenue,company_description,skills,experience_range,company_rating,company_reviews_count,vacancy_count,work_from_home_type
linkedin,Projektmanager Elektrotechnik / Anlagenprojekte (m/w/d),Rocken®,"Hamburg, Hamburg, Germany",2026-09-13,https://www.linkedin.com/jobs/view/4465458892 , ,li-4465458892,fulltime,,,,,,False,associate,Project Management and Information Technology,,,IT Services and IT Consulting,https://ch.linkedin.com/company/rockenjobs,,,,,,,,,,,
linkedin,PROJEKTLEITER (m/w/d) SCHLÜSSELFERTIGBAU,BREMER AG,"Potsdam, Brandenburg, Germany",2026-09-13,https://www.linkedin.com/jobs/view/4263728037 , ,li-4263728037,fulltime,,,,,,False,mid-senior level,"Design, Art/Creative, and Information Technology",,,Construction,https://de.linkedin.com/company/bremer-se,,,,,,,,,,,
linkedin,Projektleiter (m/w/d) Hochbau Hamburg,Firmengruppe Max Bögl,"Hamburg, Hamburg, Germany",2026-09-13,https://www.linkedin.com/jobs/view/4377135580 , ,li-4377135580,fulltime,,,,,,False,associate,Project Management and Engineering,,,Construction,https://de.linkedin.com/company/firmengruppe-max-b%C3%B6gl,,,,,,,,,,,
linkedin,Technischer Projektleiter Produktentwicklung (m/w/d),Dräger,"Lübeck, Schleswig-Holstein, Germany",2026-09-13,https://www.linkedin.com/jobs/view/4352730834 , ,li-4352730834,fulltime,,,,,,False,entry level,Project Management and Information Technology,,celina.radmer@draeger.com,Manufacturing,https://de.linkedin.com/company/draeger,,,,,,,,,,,
linkedin,Projektleiter/-in Versorgungstechnik (m/w/d),ITA engineering GmbH,"Munich, Bavaria, Germany",2026-09-13,https://www.linkedin.com/jobs/view/4410756495 , ,li-4410756495,fulltime,,,,,,False,mid-senior level,"Design, Art/Creative, and Information Technology",,,"Architecture and Planning, Civil Engineering, and Industrial Machinery Manufacturing",https://de.linkedin.com/company/ita-engineering-gmbh,,,,,,,,,,,
linkedin,PROJEKTLEITER (m/w/d) SCHLÜSSELFERTIGBAU,BREMER AG,"Leipzig, Saxony, Germany",2026-09-13,https://www.linkedin.com/jobs/view/3794022386 , ,li-3794022386,fulltime,,,,,,False,mid-senior level,"Design, Art/Creative, and Information Technology",,,Construction,https://de.linkedin.com/company/bremer-se,,,,,,,,,,,
linkedin,Project Manager for PLM and IoT System Solutions,CONTACT Software,"Berlin, Berlin, Germany",2026-09-13,https://www.linkedin.com/jobs/view/4360575820 , ,li-4360575820,fulltime,,,,,,False,mid-senior level,Project Management and Information Technology,,,Software Development,https://de.linkedin.com/company/contact-software,,,,,,,,,,,
linkedin,Senior Project Manager,TM Green Group,,2026-09-13,https://www.linkedin.com/jobs/view/4466783572 , ,li-4466783572,fulltime,,,,,,False,director,Project Management,,,Construction,https://uk.linkedin.com/company/tm-green-group,,,,,,,,,,,
linkedin,#BN2603 | Projektmanager*in (m/w/d) in Infrastruktur- und Standort-Projekten,THOST Projektmanagement GmbH,"Ulm, Baden-Württemberg, Germany",2026-09-13,https://www.linkedin.com/jobs/view/4368273413 , ,li-4368273413,fulltime,,,,,,False,mid-senior level,Project Management and Information Technology,,karriere@thost.de,Engineering Services,https://de.linkedin.com/company/thost-projektmanagement-gmbh,,,,,,,,,,,
linkedin,Global Product Manager Digital Products – Connectivity & Ecosystem Interoperability (m/f/d),Fresenius Medical Care,"Berlin, Berlin, Germany",2026-09-13,https://www.linkedin.com/jobs/view/4419480774 , ,li-4419480774,fulltime,,,,,,False,mid-senior level,Product Management and Marketing,,,Hospitals and Health Care,https://de.linkedin.com/company/freseniusmedicalcare,,,,,,,,,,,
linkedin,Staff Product Manager,Databricks,"Berlin, Berlin, Germany",2026-09-13,https://www.linkedin.com/jobs/view/4297745071 , ,li-4297745071,fulltime,,,,,,False,mid-senior level,Product Management,,,Software Development,https://www.linkedin.com/company/databricks,,,,,,,,,,,
linkedin,Product Manager Food,Azelis,"Sankt Augustin, North Rhine-Westphalia, Germany",2026-09-13,https://www.linkedin.com/jobs/view/4447599969 , ,li-4447599969,fulltime,,,,,,False,mid-senior level,Product Management and Marketing,,,Chemical Manufacturing,https://be.linkedin.com/company/azelis,,,,,,,,,,,
linkedin,Project Manager for PLM and IoT System Solutions,CONTACT Software,"Bremen, Bremen, Germany",2026-09-13,https://www.linkedin.com/jobs/view/4361023738 , ,li-4361023738,fulltime,,,,,,False,mid-senior level,Project Management and Information Technology,,,Software Development,https://de.linkedin.com/company/contact-software,,,,,,,,,,,
linkedin,Projektleiter:in Spezialist:in Infrastrukturprojekte,Deutsche Bahn,"Hamburg, Hamburg, Germany",2026-09-12,https://www.linkedin.com/jobs/view/4430186054 , ,li-4430186054,fulltime,,,,,,False,mid-senior level,Project Management and Information Technology,,,Truck Transportation,https://de.linkedin.com/company/deutschebahn,,,,,,,,,,,
linkedin,Senior Product Manager Subscription,Cleverbridge,"Cologne, North Rhine-Westphalia, Germany",2026-09-12,https://www.linkedin.com/jobs/view/4442910246 , ,li-4442910246,fulltime,,,,,,True,mid-senior level,Product Management and Marketing,,,Software Development,https://de.linkedin.com/company/cleverbridge,,,,,,,,,,,
linkedin,Product Manager (m/w/d),Parto,"Hamburg, Hamburg, Germany",2026-09-12,https://www.linkedin.com/jobs/view/4464286748 , ,li-4464286748,fulltime,,,,,,False,associate,Finance,,,Software Development,https://de.linkedin.com/company/goparto,,,,,,,,,,,
linkedin,Produktmanager:in Haftpflicht-/Unfall-/Sachversicherung,HDI Group,"Hannover, Lower Saxony, Germany",2026-09-12,https://www.linkedin.com/jobs/view/4447503756 , ,li-4447503756,fulltime,,,,,,True,mid-senior level,Product Management and Marketing,,,Insurance,https://de.linkedin.com/company/hdigroup,,,,,,,,,,,
linkedin,Projektleiter Vermessung - Stromtrassen / Geodäsie (m/w/d),Deutsche InfraSoft,"Berlin, Berlin, Germany",2026-09-12,https://www.linkedin.com/jobs/view/4464296430 , ,li-4464296430,fulltime,,,,,,False,mid-senior level,"Design, Art/Creative, and Information Technology",,,Engineering Services,https://de.linkedin.com/company/deutsche-infrasoft,,,,,,,,,,,
linkedin,Projektleiter SHK (m/w/d),persona service,"Cologne, North Rhine-Westphalia, Germany",2026-09-12,https://www.linkedin.com/jobs/view/4456249087 , ,li-4456249087,fulltime,,,,,,False,mid-senior level,"Design, Art/Creative, and Information Technology",,,Staffing and Recruiting,https://de.linkedin.com/company/persona-service,,,,,,,,,,,
linkedin,Projektleiter im Dachdeckerhandwerk (m/w/d),HAPEKO Deutschland,"Wuppertal, North Rhine-Westphalia, Germany",2026-09-12,https://www.linkedin.com/jobs/view/4464282023 , ,li-4464282023,fulltime,,,,,,False,mid-senior level,"Design, Art/Creative, and Information Technology",,,Staffing and Recruiting,https://de.linkedin.com/company/hapeko-hanseatisches-personalkontor,,,,,,,,,,,
linkedin,Rockwell PharmaSuite MES Project Manager (all genders),Accenture DACH,"Kronberg, Hesse, Germany",2026-09-12,https://www.linkedin.com/jobs/view/4328019685 , ,li-4328019685,fulltime,,,,,,False,mid-senior level,Project Management and Information Technology,,asg.recruiting.sx@accenture.com,IT Services and IT Consulting,https://de.linkedin.com/company/accenture-dach,,,,,,,,,,,
linkedin,Projektleiter FTTH (m/w/d),cablex AG,"Stuttgart, Baden-Württemberg, Germany",2026-09-12,https://www.linkedin.com/jobs/view/4458958216 , ,li-4458958216,fulltime,,,,,,False,associate,Other,,,Telecommunications,https://ch.linkedin.com/company/cablexag,,,,,,,,,,,
linkedin,Senior Projektmanager SAP S/4HANA Transformation (m/w/d),Grashoff & Schumm MC GmbH & Co KG,"Bielefeld, North Rhine-Westphalia, Germany",2026-09-12,https://www.linkedin.com/jobs/view/4464289424 , ,li-4464289424,fulltime,,,,,,False,associate,Consulting,,,Professional Services,https://de.linkedin.com/company/grashoff-schumm,,,,,,,,,,,
linkedin,Consultant Digital Strategy (all genders),valantic,"Stuttgart, Baden-Württemberg, Germany",2026-09-12,https://www.linkedin.com/jobs/view/4427376236 , ,li-4427376236,fulltime,,,,,,False,entry level,Marketing and Sales,,,Business Consulting and Services,https://de.linkedin.com/company/valantic,,,,,,,,,,,
linkedin,Projektleiter:in und Teamkoordinator:in Großbrücken,Deutsche Bahn,"Hamburg, Hamburg, Germany",2026-09-12,https://www.linkedin.com/jobs/view/4411410670 , ,li-4411410670,fulltime,,,,,,False,mid-senior level,Project Management and Information Technology,,,Truck Transportation,https://de.linkedin.com/company/deutschebahn,,,,,,,,,,,
linkedin,Team- und Projektleiter:in für die Ausbaustrecke Leipzig-Cottbus und den Knoten Falkenberg,Deutsche Bahn,"Dresden, Saxony, Germany",2026-09-12,https://www.linkedin.com/jobs/view/4457555741 , ,li-4457555741,fulltime,,,,,,False,mid-senior level,"Design, Art/Creative, and Information Technology",,,Truck Transportation,https://de.linkedin.com/company/deutschebahn,,,,,,,,,,,
linkedin,Projektmanager Defence (m/w/d),FERCHAU,"Kiel, Schleswig-Holstein, Germany",2026-09-12,https://www.linkedin.com/jobs/view/4438588009 , ,li-4438588009,fulltime,,,,,,False,mid-senior level,Project Management and Information Technology,,john.kaehler@ferchau.com,Engineering Services,https://de.linkedin.com/company/ferchau,,,,,,,,,,,
linkedin,Projektleiter / Programm Manager (m/w/d) für Flugzeugsitze / Kundenprojekte,RECARO Aircraft Seating,"Schwäbisch Hall, Baden-Württemberg, Germany",2026-09-12,https://www.linkedin.com/jobs/view/4106206423 , ,li-4106206423,fulltime,,,,,,False,associate,Project Management,,,Aviation and Aerospace Component Manufacturing,https://de.linkedin.com/company/recaro-aircraft-seating,,,,,,,,,,,
linkedin,Projektmanager mit Schwerpunkt Bauprojektmanagement (m/w/d),Rheinmetall,"Düsseldorf, North Rhine-Westphalia, Germany",2026-09-12,https://www.linkedin.com/jobs/view/4464279586 , ,li-4464279586,fulltime,,,,,,False,mid-senior level,Project Management and Information Technology,,,Defense and Space Manufacturing,https://de.linkedin.com/company/rheinmetall,,,,,,,,,,,
linkedin,Software Project Manager (M/W/D)*,TGW Logistics,"Teunz, Bavaria, Germany",2026-09-12,https://www.linkedin.com/jobs/view/4427847170 , ,li-4427847170,fulltime,,,,,,False,mid-senior level,Project Management and Information Technology,,,Automation Machinery Manufacturing,https://at.linkedin.com/company/tgw-group,,,,,,,,,,,
linkedin,Senior Projektleiter Elektrotechnik (m/w/d),big. bechtold-group,"Karlsruhe, Baden-Württemberg, Germany",2026-09-12,https://www.linkedin.com/jobs/view/4466431638 , ,li-4466431638,fulltime,,,,,,False,mid-senior level,Engineering and Information Technology,,,Facilities Services,https://de.linkedin.com/company/big-bechtold-gruppe,,,,,,,,,,,
linkedin,Senior Projektleiter Architektur/Innenarchitektur (m/w/d),Mint Architecture,"Frankfurt, Hesse, Germany",2026-09-12,https://www.linkedin.com/jobs/view/4410751690 , ,li-4410751690,fulltime,,,,,,False,mid-senior level,Information Technology,,,"Architecture and Planning, Civil Engineering, and Industrial Machinery Manufacturing",https://ch.linkedin.com/company/mint-architecture-ag,,,,,,,,,,,
linkedin,Product Owner Inventory Systems (m/w/d),Aurubis,"Hamburg, Hamburg, Germany",2026-09-12,https://www.linkedin.com/jobs/view/4438469833 , ,li-4438469833,fulltime,,,,,,False,mid-senior level,Product Management and Marketing,,,Primary Metal Manufacturing,https://de.linkedin.com/company/aurubis,,,,,,,,,,,
linkedin,Projektleiter mit Führungsverantwortung (m/w/d),DEGES Deutsche Einheit Fernstraßenplanungs- und -bau GmbH,"Bautzen, Saxony, Germany",2026-09-12,https://www.linkedin.com/jobs/view/4466425258 , ,li-4466425258,fulltime,,,,,,False,mid-senior level,"Design, Art/Creative, and Information Technology",,,Construction,https://de.linkedin.com/company/deges,,,,,,,,,,,
linkedin,Project Manager for PLM and IoT System Solutions,CONTACT Software,"Ingolstadt, Bavaria, Germany",2026-09-12,https://www.linkedin.com/jobs/view/4359886672 , ,li-4359886672,fulltime,,,,,,False,mid-senior level,Project Management and Information Technology,,,Software Development,https://de.linkedin.com/company/contact-software,,,,,,,,,,,
linkedin,Projektmanager IT (m/w/d),FERCHAU,"Hamburg, Hamburg, Germany",2026-09-12,https://www.linkedin.com/jobs/view/4438565975 , ,li-4438565975,fulltime,,,,,,False,mid-senior level,Project Management and Information Technology,,ramona.pilgram@ferchau.com,Engineering Services,https://de.linkedin.com/company/ferchau,,,,,,,,,,,
linkedin,Technical Project Manager (JetBrains Cloud Platform),JetBrains,"Munich, Bavaria, Germany",2026-09-12,https://www.linkedin.com/jobs/view/4427367038 , ,li-4427367038,fulltime,,,,,,True,mid-senior level,Project Management and Information Technology,,,Software Development,https://nl.linkedin.com/company/jetbrains,,,,,,,,,,,
linkedin,Project Manager / Projektmanager (m/w/d) Industrial Projects,Elis Germany & Austria,"Berlin, Berlin, Germany",2026-09-12,https://www.linkedin.com/jobs/view/4464263117 , ,li-4464263117,fulltime,,,,,,False,mid-senior level,Project Management and Information Technology,,,Consumer Services,https://de.linkedin.com/company/elis-deutschland-sterreich,,,,,,,,,,,
linkedin,Project Manager – SAP SuccessFactors (w/m/x),IBM iX DACH,"Berlin, Germany",2026-09-12,https://www.linkedin.com/jobs/view/4335644069 , ,li-4335644069,fulltime,,,,,,True,mid-senior level,Project Management and Information Technology,,-ix@ibmix.de,Business Consulting and Services,https://de.linkedin.com/company/ibm-ix-dach,,,,,,,,,,,
linkedin,Projektleiter (m/w/d) Schlüsselfertiger Innenausbau,HPM DIE HANDWERKSGRUPPE,"Hamburg, Hamburg, Germany",2026-09-12,https://www.linkedin.com/jobs/view/4458956705 , ,li-4458956705,fulltime,,,,,,False,associate,Engineering,,,Building Finishing Contractors,https://de.linkedin.com/company/handwerksgruppe,,,,,,,,,,,
linkedin,Projektleiter (m/w/d) Bau,bauingenieur24,"Frankfurt am Main, Hesse, Germany",2026-09-12,https://www.linkedin.com/jobs/view/4465173805 , ,li-4465173805,fulltime,,,,,,False,mid-senior level,"Design, Art/Creative, and Information Technology",,,Information Services,https://de.linkedin.com/company/bauingenieur24,,,,,,,,,,,
linkedin,Projektmanager/Projektsteuerung (m/w/d) Bauprojekte,apc members,"Hamburg, Hamburg, Germany",2026-09-12,https://www.linkedin.com/jobs/view/4464297259 , ,li-4464297259,fulltime,,,,,,False,mid-senior level,Other,,,Architecture and Planning,https://de.linkedin.com/company/apc-members,,,,,,,,,,,
linkedin,Technischer Project Manager (m/w/d),FERCHAU,"Berlin, Berlin, Germany",2026-09-12,https://www.linkedin.com/jobs/view/4438570825 , ,li-4438570825,fulltime,,,,,,False,mid-senior level,Project Management and Information Technology,,julia.foerster@ferchau.com,Engineering Services,https://de.linkedin.com/company/ferchau,,,,,,,,,,,
linkedin,Project Manager for PLM and IoT System Solutions,CONTACT Software,"Bad Vilbel, Hesse, Germany",2026-09-12,https://www.linkedin.com/jobs/view/4361058495 , ,li-4361058495,fulltime,,,,,,False,mid-senior level,Project Management and Information Technology,,,Software Development,https://de.linkedin.com/company/contact-software,,,,,,,,,,,
linkedin,Projektleiter (m/w/d) Drohnenabwehr,Diehl Group,"Röthenbach an der Pegnitz, Bavaria, Germany",2026-09-11,https://www.linkedin.com/jobs/view/4465166094 , ,li-4465166094,fulltime,,,,,,False,mid-senior level,"Design, Art/Creative, and Information Technology",,,"Appliances, Electrical, and Electronics Manufacturing",https://de.linkedin.com/company/diehl-group,,,,,,,,,,,
linkedin,Projektleiter Gebäudeautomation (m/w/d),ELMATIC GmbH,"Cologne, North Rhine-Westphalia, Germany",2026-09-11,https://www.linkedin.com/jobs/view/4466332033 , ,li-4466332033,fulltime,,,,,,False,mid-senior level,"Design, Art/Creative, and Information Technology",,,Facilities Services,https://de.linkedin.com/company/elmatic-gmbh,,,,,,,,,,,
linkedin,Projektleiter (m/w/d) Schlüsselfertigbau,Michael Page,"Frankfurt am Main, Hesse, Germany",2026-09-11,https://www.linkedin.com/jobs/view/4466312658 , ,li-4466312658,fulltime,,,,,,False,mid-senior level,Manufacturing and Engineering,,,"Real Estate, Leasing Non-residential Real Estate, and Architecture and Planning",https://uk.linkedin.com/company/michael-page,,,,,,,,,,,
linkedin,Projektleiter:in / Bauleiter:in mit Schwerpunkt Betoninstandsetzung & Bauen in Bestand,ArchiAktion GmbH,"Berlin, Berlin, Germany",2026-09-11,https://www.linkedin.com/jobs/view/4463952635 , ,li-4463952635,fulltime,,,,,,False,associate,Engineering,,,Civil Engineering,https://de.linkedin.com/company/archiaktion,,,,,,,,,,,
linkedin,Projektleiter (m/w/d) Energietechnik,ABE Energietechnik GmbH,"Hamburg, Germany",2026-09-11,https://www.linkedin.com/jobs/view/4466083423 , ,li-4466083423,fulltime,,,,,,False,associate,Project Management and Engineering,,,"Renewables & Environment, Utilities, and Electric Power Transmission, Control, and Distribution",https://de.linkedin.com/company/abe-energietechnik-gmbh,,,,,,,,,,,
linkedin,Projektleiter (w/m/d),abs Sicherheitstechnik Vertriebs- und Service GmbH,"Mainz, Rhineland-Palatinate, Germany",2026-09-11,https://www.linkedin.com/jobs/view/4464214250 , ,li-4464214250,fulltime,,,,,,False,mid-senior level,"Design, Art/Creative, and Information Technology",,,Mechanical Or Industrial Engineering,https://www.linkedin.com/company/abs-sicherheitstechnik-vertriebs--und-service-gmbh,,,,,,,,,,,
linkedin,Projektleiter (m/w/d) Gebäudeautomation,Kieback&Peter,"Hamburg, Hamburg, Germany",2026-09-11,https://www.linkedin.com/jobs/view/4464889510 , ,li-4464889510,fulltime,,,,,,False,mid-senior level,"Design, Art/Creative, and Information Technology",,,Automation Machinery Manufacturing,https://de.linkedin.com/company/kieback&peter,,,,,,,,,,,
linkedin,Project Manager Business Partner (d/m/w),SCOPE Engineering GmbH,"Hamburg, Hamburg, Germany",2026-09-11,https://www.linkedin.com/jobs/view/4464856747 , ,li-4464856747,fulltime,,,,,,False,mid-senior level,Engineering,,temp@intec.group,Aviation and Aerospace Component Manufacturing,https://de.linkedin.com/company/scope-engineering-gmbh,,,,,,,,,,,
linkedin,Projektleiter im Metallbau (m/w/d),catchHR Jobs,"Übach-Palenberg, North Rhine-Westphalia, Germany",2026-09-11,https://www.linkedin.com/jobs/view/4465147295 , ,li-4465147295,fulltime,,,,,,False,mid-senior level,Other,,,Industrial Machinery Manufacturing,https://www.linkedin.com/showcase/catch-hr-jobs/,,,,,,,,,,,
linkedin,Projektmanager (m/w/d) Marketing Technology,Dirk Rossmann GmbH,"Burgwedel, Lower Saxony, Germany",2026-09-11,https://www.linkedin.com/jobs/view/4447289029 , ,li-4447289029,fulltime,,,,,,False,mid-senior level,Project Management and Information Technology,,,Retail,https://de.linkedin.com/company/dirk-rossmann-gmbh,,,,,,,,,,,
linkedin,Projektleiter (m/w/d) – Logistik & Qualitätsmanagement nach 88079 Kressbronn,Dippel Personalmanagement GmbH,"Kressbronn am Bodensee, Baden-Württemberg, Germany",2026-09-11,https://www.linkedin.com/jobs/view/4466082668 , ,li-4466082668,fulltime,,,,,,False,mid-senior level,Project Management and Information Technology,,ravensburg@dippel.de,IT Services and IT Consulting,https://www.linkedin.com/company/dippel-personalmanagement-gmbh,,,,,,,,,,,
linkedin,Projektleitung im sicherheitstechnischen Umfeld (w/m/d) - Abteilung Erdbeobachtung,German Aerospace Center (DLR),"Bonn, North Rhine-Westphalia, Germany",2026-09-11,https://www.linkedin.com/jobs/view/4466305457 , ,li-4466305457,fulltime,,,,,,False,director,Project Management and Information Technology,,,Research Services,https://de.linkedin.com/company/dlr,,,,,,,,,,,
linkedin,SAP MM Team Lead,MA (Montreal Associates),,2026-09-11,https://www.linkedin.com/jobs/view/4463973303 , ,li-4463973303,fulltime,,,,,,False,mid-senior level,Consulting,,,IT Services and IT Consulting,https://es.linkedin.com/company/montreal-associates,,,,,,,,,,,
linkedin,Bauleiter / Projektleiter / Oberbauleiter (m/w/d),Eurovia Deutschland,"Ruhr, North Rhine-Westphalia, Germany",2026-09-11,https://www.linkedin.com/jobs/view/4463971758 , ,li-4463971758,fulltime,,,,,,False,associate,,,bewerbung@eurovia.de,Wholesale Building Materials and Civil Engineering,https://de.linkedin.com/company/eurovia-deutschland,,,,,,,,,,,
linkedin,Technical Project Manager (JetBrains Cloud Platform),JetBrains,"Berlin, Berlin, Germany",2026-09-11,https://www.linkedin.com/jobs/view/4427359545 , ,li-4427359545,fulltime,,,,,,True,mid-senior level,Project Management and Information Technology,,,Software Development,https://nl.linkedin.com/company/jetbrains,,,,,,,,,,,
linkedin,IT-Projektleiter Automotive (m/w/d),FERCHAU,"Stuttgart, Baden-Württemberg, Germany",2026-09-11,https://www.linkedin.com/jobs/view/4438572821 , ,li-4438572821,fulltime,,,,,,False,mid-senior level,Information Technology,,-automotive@ferchau.com,Engineering Services,https://de.linkedin.com/company/ferchau,,,,,,,,,,,
linkedin,Project Manager (m/w/x),Doctorflix,"Berlin, Berlin, Germany",2026-09-11,https://www.linkedin.com/jobs/view/4464206375 , ,li-4464206375,fulltime,,,,,,False,entry level,Project Management,,,Software Development,https://de.linkedin.com/company/doctorflix,,,,,,,,,,,
linkedin,PV-Projektleiter Regensburg (m/w/d),enerix Ingolstadt,"Regensburg, Bavaria, Germany",2026-09-11,https://www.linkedin.com/jobs/view/4466007096 , ,li-4466007096,fulltime,,,,,,False,mid-senior level,"Design, Art/Creative, and Information Technology",,joerg.ritter@enerix.com,Renewable Energy Semiconductor Manufacturing,https://de.linkedin.com/company/enerix-ingolstadt,,,,,,,,,,,
linkedin,Projektleiter (m/w/d) Sicherheitstechnik Data Center,Johnson Controls,"Neu-Isenburg, Hesse, Germany",2026-09-11,https://www.linkedin.com/jobs/view/4445048228 , ,li-4445048228,fulltime,,,,,,False,mid-senior level,"Design, Art/Creative, and Information Technology",,,Industrial Machinery Manufacturing,https://ie.linkedin.com/company/johnson-controls,,,,,,,,,,,
linkedin,Bauleiter / Projektleiter (m/w/d) Elektrotechnik - deutschlandweit,Rhomberg Sersa Rail Group,"Munich, Bavaria, Germany",2026-09-11,https://www.linkedin.com/jobs/view/4438223467 , ,li-4438223467,fulltime,,,,,,False,mid-senior level,Engineering and Information Technology,,evgenia.stenten@rsrg.com,Construction,https://at.linkedin.com/company/rhomberg-sersa-rail-group,,,,,,,,,,,
linkedin,Bauleiter:in Neubau,Cobalt Deutschland GmbH,"Berlin, Germany",2026-09-11,https://www.linkedin.com/jobs/view/4466073733 , ,li-4466073733,fulltime,,,,,,False,associate,"Administrative, Business Development, and Engineering",,,Architecture and Planning and Construction,https://de.linkedin.com/company/cobalt-deutschland,,,,,,,,,,,
linkedin,Projektleiter Verpackungslogistik (m/w/d),persona service,"Jena, Thuringia, Germany",2026-09-11,https://www.linkedin.com/jobs/view/4464892342 , ,li-4464892342,fulltime,,,,,,False,mid-senior level,"Design, Art/Creative, and Information Technology",,,Staffing and Recruiting,https://de.linkedin.com/company/persona-service,,,,,,,,,,,
linkedin,Projektsteuerer / Projektmanager (m/w/d) im Bereich Verkehrsinfrastruktur (711),Vössing Ingenieurgesellschaft mbH,"Duisburg, North Rhine-Westphalia, Germany",2026-09-11,https://www.linkedin.com/jobs/view/4466077786 , ,li-4466077786,fulltime,,,,,,False,associate,Engineering and Project Management,,,Engineering Services,https://de.linkedin.com/company/voessing,,,,,,,,,,,
linkedin,Projektleiter Gebäudeautomation (w/m/d),Johnson Controls,"Cologne, North Rhine-Westphalia, Germany",2026-09-11,https://www.linkedin.com/jobs/view/4463948169 , ,li-4463948169,fulltime,,,,,,False,mid-senior level,"Design, Art/Creative, and Information Technology",,,Industrial Machinery Manufacturing,https://ie.linkedin.com/company/johnson-controls,,,,,,,,,,,
linkedin,Technical Projectmanager Electrical/ I&C (f/m/d),Siemens Energy,"Görlitz, Saxony, Germany",2026-09-11,https://www.linkedin.com/jobs/view/4464575484 , ,li-4464575484,fulltime,,,,,,True,mid-senior level,Engineering,,,"Appliances, Electrical, and Electronics Manufacturing",https://www.linkedin.com/company/siemens-energy,,,,,,,,,,,
linkedin,Project Manager Construction Wind Onshore (f/m/d),Statkraft,"Düsseldorf, North Rhine-Westphalia, Germany",2026-09-11,https://www.linkedin.com/jobs/view/4464886316 , ,li-4464886316,fulltime,,,,,,False,mid-senior level,Other,,,Renewable Energy Semiconductor Manufacturing,https://no.linkedin.com/company/statkraft,,,,,,,,,,,
linkedin,Projektleiter (m/w/d) für Entwicklungsprojekte,Diehl Group,"Gilching, Bavaria, Germany",2026-09-11,https://www.linkedin.com/jobs/view/4465151087 , ,li-4465151087,fulltime,,,,,,False,mid-senior level,"Design, Art/Creative, and Information Technology",,,"Appliances, Electrical, and Electronics Manufacturing",https://de.linkedin.com/company/diehl-group,,,,,,,,,,,
linkedin,Projektleiter (Senior) Breitband / FTTx (m/w/d),prettyTELCO,"Ulm, Baden-Württemberg, Germany",2026-09-11,https://www.linkedin.com/jobs/view/4463958761 , ,li-4463958761,fulltime,,,,,,False,mid-senior level,Manufacturing,,,Staffing and Recruiting,https://de.linkedin.com/company/prettytelco,,,,,,,,,,,
linkedin,Projektleiter (m/w/d) im Aufzugsbau,Vestner Aufzüge GmbH,"Rodgau, Hesse, Germany",2026-09-11,https://www.linkedin.com/jobs/view/4466084170 , ,li-4466084170,fulltime,,,,,,False,mid-senior level,Project Management,,"bewerbung@vestner.de, bewerbung@vestner.de",Machinery Manufacturing,https://de.linkedin.com/company/vestner-aufzuege,,,,,,,,,,,
linkedin,Senior Projektmanager (gn) Technische Großprojekte,Dock 22 GmbH,"Hamburg, Germany",2026-09-11,https://www.linkedin.com/jobs/view/4466072744 , ,li-4466072744,fulltime,,,,,,False,associate,,,,"Defense and Space Manufacturing, Shipbuilding, and Machinery Manufacturing",https://de.linkedin.com/company/dock-22-gmbh,,,,,,,,,,,
linkedin,Projektleiter Immobilien,DIS AG,"Hamburg, Hamburg, Germany",2026-09-11,https://www.linkedin.com/jobs/view/4466073838 , ,li-4466073838,fulltime,,,,,,False,mid-senior level,"Design, Art/Creative, and Information Technology",,,Construction,https://de.linkedin.com/company/dis-ag,,,,,,,,,,,
linkedin,KI & Automation Consultant (m/w/d),EOS Group,"Hamburg, Hamburg, Germany",2026-09-11,https://www.linkedin.com/jobs/view/4463969230 , ,li-4463969230,fulltime,,,,,,False,mid-senior level,Consulting,,,Financial Services,https://de.linkedin.com/company/eos-group-debt-portfolios,,,,,,,,,,,
linkedin,Senior MarTech Manager (d/m/w) – Customer Engagement & Marketing Automation,TeamBank AG,"Nuremberg, Bavaria, Germany",2026-09-11,https://www.linkedin.com/jobs/view/4464858795 , ,li-4464858795,fulltime,,,,,,False,mid-senior level,Management and Manufacturing,,,Banking,https://de.linkedin.com/company/teambank,,,,,,,,,,,
linkedin,Product Owner / App Manager (m/w/d),prettyTELCO,"Reken, North Rhine-Westphalia, Germany",2026-09-11,https://www.linkedin.com/jobs/view/4463962620 , ,li-4463962620,fulltime,,,,,,False,entry level,Project Management,,,Staffing and Recruiting,https://de.linkedin.com/company/prettytelco,,,,,,,,,,,
linkedin,Technology & Product Portfolio Manager - Temperature Sensors (m/f/d) Remote,TE Connectivity,,2026-09-11,https://www.linkedin.com/jobs/view/4466070402 , ,li-4466070402,fulltime,,,,,,True,mid-senior level,Product Management and Marketing,,,"Appliances, Electrical, and Electronics Manufacturing",https://ie.linkedin.com/company/te-connectivity,,,,,,,,,,,
linkedin,Product Owner System Solutions (m/w/d),DAKO GmbH,"Jena, Thuringia, Germany",2026-09-11,https://www.linkedin.com/jobs/view/4465169718 , ,li-4465169718,fulltime,,,,,,False,entry level,Product Management and Marketing,,,Software Development,https://de.linkedin.com/company/dakogmbh,,,,,,,,,,,
linkedin,Product Owner Production & Plant Software (all genders),SYSKRON GmbH,"Regensburg, Bavaria, Germany",2026-09-11,https://www.linkedin.com/jobs/view/4464862026 , ,li-4464862026,fulltime,,,,,,False,associate,,,,Software Development and IT System Custom Software Development,https://de.linkedin.com/company/syskron,,,,,,,,,,,
linkedin,"Senior Product Manager - Parental Leave Cover (Fixed-Term, 12 Months)",Staffbase,"Berlin, Berlin, Germany",2026-09-11,https://www.linkedin.com/jobs/view/4466398211 , ,li-4466398211,contract,,,,,,False,mid-senior level,Product Management and Marketing,,,"Technology, Information and Internet",https://de.linkedin.com/company/staffbase,,,,,,,,,,,
linkedin,Technical Product Owner - Energy Trading Valuation Platform (f/m/d),E.ON,"Essen, North Rhine-Westphalia, Germany",2026-09-11,https://www.linkedin.com/jobs/view/4463990186 , ,li-4463990186,fulltime,,,,,,False,not applicable,Information Technology,,linda.sloboda@eon.com,Utilities,https://de.linkedin.com/company/e-on,,,,,,,,,,,
linkedin,Technical Product Manager (m/w/d) Interface Technology,Pepperl+Fuchs Group,"Mannheim, Baden-Württemberg, Germany",2026-09-11,https://www.linkedin.com/jobs/view/4448151812 , ,li-4448151812,fulltime,,,,,,False,mid-senior level,Product Management and Marketing,,,Automation Machinery Manufacturing,https://de.linkedin.com/company/pepperl-fuchs-group,,,,,,,,,,,
linkedin,Senior Product Manager (m/w/d),CarOnSale,"Munich, Bavaria, Germany",2026-09-11,https://www.linkedin.com/jobs/view/4463997499 , ,li-4463997499,fulltime,,,,,,False,mid-senior level,Product Management and Marketing,,,"Technology, Information and Internet",https://de.linkedin.com/company/caronsale,,,,,,,,,,,
linkedin,Projektsteuerer | Hochbau (m/w/d),WEP-Gruppe,"Leipzig, Saxony, Germany",2026-09-11,https://www.linkedin.com/jobs/view/4463936689 , ,li-4463936689,fulltime,,,,,,False,mid-senior level,Engineering,,,Real Estate,https://de.linkedin.com/company/wep-gruppe,,,,,,,,,,,
linkedin,Projektleiter:in,Senator Executive Search Partners,"Lower Bavaria, Bavaria, Germany",2026-09-11,https://www.linkedin.com/jobs/view/4466072113 , ,li-4466072113,fulltime,,,,,,False,associate,,,,Construction,https://de.linkedin.com/company/senator-executive-search-partners,,,,,,,,,,,
linkedin,Customer-Facing (Senior) Project Management Specialist (w/m/d) für die Branche Handel,SAP,"Garching, Bavaria, Germany",2026-09-11,https://www.linkedin.com/jobs/view/4408807812 , ,li-4408807812,fulltime,,,,,,False,not applicable,Customer Service,,Careers@sap.com,"Software Development, IT Services and IT Consulting, and Business Consulting and Services",https://de.linkedin.com/company/sap,,,,,,,,,,,
linkedin,EPC Project Manager (all genders) Power Conversion,GE Vernova,"Berlin, Berlin, Germany",2026-09-11,https://www.linkedin.com/jobs/view/4466359107 , ,li-4466359107,fulltime,,,,,,False,mid-senior level,Project Management and Information Technology,,,Energy Technology,https://www.linkedin.com/company/gevernova,,,,,,,,,,,
linkedin,"Senior Product Manager, Technical (m/f/d)",Affinidi,"Berlin, Berlin, Germany",2026-09-11,https://www.linkedin.com/jobs/view/4465103080 , ,li-4465103080,fulltime,,,,,,False,mid-senior level,Product Management and Marketing,,,Software Development,https://sg.linkedin.com/company/affinidi,,,,,,,,,,,
linkedin,"Senior Product Manager, Streaming Platform",Snowflake,"Berlin, Berlin, Germany",2026-09-11,https://www.linkedin.com/jobs/view/4419982608 , ,li-4419982608,fulltime,,,,,,False,mid-senior level,Product Management and Marketing,,,Software Development,https://www.linkedin.com/company/snowflake-computing,,,,,,,,,,,
linkedin,Technical Product Manager - Platform & Integration,Retarus,"Munich, Bavaria, Germany",2026-09-11,https://www.linkedin.com/jobs/view/4466094970 , ,li-4466094970,fulltime,,,,,,True,director,Strategy/Planning and Product Management,,Felix.Gansmeier@retarus.de,Software Development,https://de.linkedin.com/company/retarus,,,,,,,,,,,
linkedin,Teamlead Projektmanagement Real Estate Metering (m/w/d),wattline GmbH,"Ruderting, Bavaria, Germany",2026-09-11,https://www.linkedin.com/jobs/view/4462806164 , ,li-4462806164,fulltime,,,,,,False,mid-senior level,Project Management,,bewerbung@wattline.com,Utilities,https://de.linkedin.com/company/wattline-gmbh,,,,,,,,,,,
linkedin,Produktmanager (m/w/d),MAXIM Markenprodukte GmbH & Co. KG,"Pulheim, North Rhine-Westphalia, Germany",2026-09-11,https://www.linkedin.com/jobs/view/4407596586 , ,li-4407596586,fulltime,,,,,,False,mid-senior level,Product Management and Marketing,,,Personal Care Product Manufacturing,https://de.linkedin.com/company/maxim-markenprodukte,,,,,,,,,,,
linkedin,Projektleiter TGA (m/w/d),DPD Deutschland,"Aschaffenburg, Bavaria, Germany",2026-09-10,https://www.linkedin.com/jobs/view/4447572749 , ,li-4447572749,fulltime,,,,,,False,associate,"Design, Art/Creative, and Information Technology",,,"Freight and Package Transportation, Transportation, Logistics, Supply Chain and Storage, and Truck Transportation",https://de.linkedin.com/company/dpd-deutschland,,,,,,,,,,,
linkedin,Projektmanager (d/m/w) in der Softwareentwicklung,Rentenbank,"Frankfurt am Main, Hesse, Germany",2026-09-10,https://www.linkedin.com/jobs/view/4457942183 , ,li-4457942183,fulltime,,,,,,False,associate,Information Technology,,kamp@rentenbank.de,Banking,https://de.linkedin.com/company/landwirtschaftliche-rentenbank,,,,,,,,,,,
linkedin,Senior Project Manager,Kenton Black,"Munich, Bavaria, Germany",2026-09-10,https://www.linkedin.com/jobs/view/4464517916 , ,li-4464517916,fulltime,,,,,,False,mid-senior level,,,james.barker@kentonblack.com,Construction,https://uk.linkedin.com/company/kenton-black-ltd,,,,,,,,,,,
linkedin,QA Project Manager (all genders),Expleo Group,"Cologne, North Rhine-Westphalia, Germany",2026-09-10,https://www.linkedin.com/jobs/view/4437792682 , ,li-4437792682,fulltime,,,,,,False,mid-senior level,Project Management and Information Technology,,,IT Services and IT Consulting,https://fr.linkedin.com/company/expleo-group,,,,,,,,,,,
linkedin,"Projektleitung New Mobility (m/w/d) ÖPNV, Autonomes Fahren, Rollout",Boborykin & Partner,"Frankfurt am Main, Hesse, Germany",2026-09-10,https://www.linkedin.com/jobs/view/4464545143 , ,li-4464545143,fulltime,,,,,,False,associate,Project Management,,Jakub.Boborykin@boborykin.de,Ground Passenger Transportation,https://de.linkedin.com/company/boborykin-und-partner,,,,,,,,,,,
linkedin,CSA Project Manager,Mercury,"Düsseldorf, North Rhine-Westphalia, Germany",2026-09-10,https://www.linkedin.com/jobs/view/4445794129 , ,li-4445794129,fulltime,,,,,,False,mid-senior level,Other,,,Construction,https://ie.linkedin.com/company/mercury-engineering,,,,,,,,,,,
linkedin,Projektleiter:in von Instandhaltungsmaßnahmen im Bauprojektmanagement,Deutsche Bahn,"Stuttgart, Baden-Württemberg, Germany",2026-09-10,https://www.linkedin.com/jobs/view/4456446771 , ,li-4456446771,fulltime,,,,,,False,mid-senior level,Other,,,Truck Transportation,https://de.linkedin.com/company/deutschebahn,,,,,,,,,,,
linkedin,Projektleitung Prozesse & Systeme Logistik - Schwerpunkt Transport (m/w/d),PENNY Deutschland,"Cologne, North Rhine-Westphalia, Germany",2026-09-10,https://www.linkedin.com/jobs/view/4437180206 , ,li-4437180206,fulltime,,,,,,False,associate,Project Management and Information Technology,,,Retail,https://de.linkedin.com/company/penny,,,,,,,,,,,
linkedin,Bau- und Projektleiter (m/w/d) für Logistik- und Verwaltungsbauten,Dirk Rossmann GmbH,"Burgwedel, Lower Saxony, Germany",2026-09-10,https://www.linkedin.com/jobs/view/4429941935 , ,li-4429941935,fulltime,,,,,,False,mid-senior level,Project Management and Information Technology,,,Retail,https://de.linkedin.com/company/dirk-rossmann-gmbh,,,,,,,,,,,
linkedin,Projektleiter/-in (m/w/d),SÜD-HANSA GmbH & Co. KG,"Munich, Bavaria, Germany",2026-09-10,https://www.linkedin.com/jobs/view/4463483537 , ,li-4463483537,fulltime,,,,,,False,mid-senior level,Engineering,,,Construction,https://de.linkedin.com/company/s%C3%BCd-hansa-gmbh-co-kg,,,,,,,,,,,
linkedin,Projektleiter (m/w/d) Gebäudesanierung und -modernisierung,Mainzer Erneuerbare Energien GmbH,"Mainz, Rhineland-Palatinate, Germany",2026-09-10,https://www.linkedin.com/jobs/view/4465860690 , ,li-4465860690,fulltime,,,,,,False,entry level,"Design, Art/Creative, and Information Technology",,,Renewable Energy Power Generation,https://www.linkedin.com/company/mainzer-erneuerbare-energien-gmbh,,,,,,,,,,,
linkedin,Product Manager Medical Devices (m/w/d),seca – precision for health,"Hamburg, Germany",2026-09-10,https://www.linkedin.com/jobs/view/4433802995 , ,li-4433802995,fulltime,,,,,,False,associate,Product Management,,,Medical Equipment Manufacturing and Software Development,https://de.linkedin.com/company/seca,,,,,,,,,,,
linkedin,Projekt- & Bauleiter (m/w/d),architekturstudio pm.,"Minden, North Rhine-Westphalia, Germany",2026-09-10,https://www.linkedin.com/jobs/view/4465607928 , ,li-4465607928,fulltime,,,,,,False,entry level,Engineering and Information Technology,,,Architecture and Planning,https://de.linkedin.com/company/architekturstudio-pm,,,,,,,,,,,
linkedin,Techniker/Meister als Projektleiter SHK (m/w/d),Herbert Gruppe,"Bensheim, Hesse, Germany",2026-09-10,https://www.linkedin.com/jobs/view/4464528246 , ,li-4464528246,fulltime,,,,,,False,mid-senior level,Other,,,Retail,https://de.linkedin.com/company/herbertgruppe,,,,,,,,,,,
linkedin,"Senior Product Manager, Routing & Live Traffic",Bolt,"Berlin, Berlin, Germany",2026-09-10,https://www.linkedin.com/jobs/view/4436854379 , ,li-4436854379,fulltime,,,,,,False,mid-senior level,Product Management and Marketing,,,Software Development,https://ee.linkedin.com/company/bolt-eu,,,,,,,,,,,
linkedin,Product Manager - Quest Platform,Xsolla,"Berlin, Berlin, Germany",2026-09-10,https://www.linkedin.com/jobs/view/4359872115 , ,li-4359872115,fulltime,,,,,,False,mid-senior level,Product Management and Marketing,,,Computer Games,https://www.linkedin.com/company/xsolla,,,,,,,,,,,
linkedin,(Senior) Product Manager - BISON App (gn),Boerse Stuttgart Digital,"Berlin, Germany",2026-09-10,https://www.linkedin.com/jobs/view/4465633261 , ,li-4465633261,fulltime,,,,,,False,associate,Product Management,,,"Capital Markets, Banking, and Investment Banking",https://de.linkedin.com/company/boerse-stuttgart-digital,,,,,,,,,,,
linkedin,Product Manager Surgical Meshes (m/w/d),pfm medical gmbh,"Cologne, North Rhine-Westphalia, Germany",2026-09-10,https://www.linkedin.com/jobs/view/4464805049 , ,li-4464805049,fulltime,,,,,,False,mid-senior level,Sales,,,Retail,https://de.linkedin.com/company/pfmmedical,,,,,,,,,,,
linkedin,Technical Product Manager,BENCH,"Munich, Bavaria, Germany",2026-09-10,https://www.linkedin.com/jobs/view/4465683647 , ,li-4465683647,fulltime,,,,,,False,entry level,Product Management and Marketing,,,Software Development,https://de.linkedin.com/company/trybench,,,,,,,,,,,
linkedin,Senior Product Manager PCS (m/w/d),Fluence,"Berlin, Berlin, Germany",2026-09-10,https://www.linkedin.com/jobs/view/4465811349 , ,li-4465811349,fulltime,,,,,,False,mid-senior level,Product Management and Marketing,,,Renewable Energy Semiconductor Manufacturing,https://www.linkedin.com/company/fluenceenergy,,,,,,,,,,,
linkedin,Produktmanager SHK-/Elektro Branche (m/w/d),HeizungsDiscount24 GmbH,"Gießen, Hesse, Germany",2026-09-10,https://www.linkedin.com/jobs/view/4464527623 , ,li-4464527623,fulltime,,,,,,False,mid-senior level,Administrative,,,Financial Services,https://de.linkedin.com/company/heizungsdiscount24-de,,,,,,,,,,,
linkedin,Product Lead (m/w/d),LIZ Smart Office GmbH,"Berlin, Berlin, Germany",2026-09-10,https://www.linkedin.com/jobs/view/4463437331 , ,li-4463437331,fulltime,,,,,,True,associate,Information Technology,,,Software Development,https://de.linkedin.com/company/liz-solutions,,,,,,,,,,,
linkedin,Photonics Product Manager,Keysight Technologies,"Böblingen, Baden-Württemberg, Germany",2026-09-10,https://www.linkedin.com/jobs/view/4463493873 , ,li-4463493873,fulltime,,,,,,False,not applicable,Marketing,,,"Appliances, Electrical, and Electronics Manufacturing",https://www.linkedin.com/company/keysight-technologies,,,,,,,,,,,
linkedin,Produktmanager mit Schwerpunkt Immobilien (m/w/d),S-Communication Services GmbH,"Berlin, Germany",2026-09-10,https://www.linkedin.com/jobs/view/4465623766 , ,li-4465623766,fulltime,,,,,,False,associate,"Product Management, Finance, and Project Management",,,IT Services and IT Consulting and Financial Services,https://de.linkedin.com/company/s-communication-services-gmbh,,,,,,,,,,,
linkedin,Product Manager – XR & Simulation (m/w/d),ZABEL,"Hamburg, Germany",2026-09-10,https://www.linkedin.com/jobs/view/4465879601 , ,li-4465879601,fulltime,,,,,,False,associate,Information Technology,,p.hofmann@zabelglobal.com,IT Services and IT Consulting and IT System Custom Software Development,https://de.linkedin.com/company/zabelconsulting,,,,,,,,,,,
linkedin,Produktmanager (w/m/d) Schwerpunkt Wertpapier-Regulatorik,DekaBank,"Wiesbaden, Hesse, Germany",2026-09-10,https://www.linkedin.com/jobs/view/4446570784 , ,li-4446570784,fulltime,,,,,,False,mid-senior level,Product Management and Marketing,,"recruiting@deka.de, recruiting@deka.de",Banking,https://de.linkedin.com/company/dekabank,,,,,,,,,,,
linkedin,Technical Product Manager (m/f/d) - Beverages,DöhlerGroup,"Darmstadt, Hesse, Germany",2026-09-10,https://www.linkedin.com/jobs/view/4459974036 , ,li-4459974036,fulltime,,,,,,False,mid-senior level,Product Management and Marketing,,,Food and Beverage Manufacturing,https://de.linkedin.com/company/doehler,,,,,,,,,,,
linkedin,Product Owner (m/w/d) Digitale Legitimation & Signatur,Volkswagen Financial Services,"Brunswick, Lower Saxony, Germany",2026-09-10,https://www.linkedin.com/jobs/view/4426802524 , ,li-4426802524,fulltime,,,,,,False,mid-senior level,Product Management and Marketing,,,Financial Services,https://de.linkedin.com/company/volkswagen-financial-services,,,,,,,,,,,
linkedin,AI Consultant & Software Engineer (m/w/d),SimplifieD Solutions GmbH,"Friedrichshafen, Baden-Württemberg, Germany",2026-09-10,https://www.linkedin.com/jobs/view/4465305644 , ,li-4465305644,fulltime,,,,,,False,mid-senior level,Engineering and Information Technology,,,Software Development,https://de.linkedin.com/company/simplified-solutions-gmbh,,,,,,,,,,,
linkedin,Meister / Techniker SHK (m/w/d) als Projektleiter Heizungstechnik,catchHR Jobs,"Edertal, Hesse, Germany",2026-09-10,https://www.linkedin.com/jobs/view/4464584692 , ,li-4464584692,fulltime,,,,,,False,mid-senior level,Other,,,Oil and Gas,https://www.linkedin.com/showcase/catch-hr-jobs/,,,,,,,,,,,
linkedin,Technical Lead - Projektingenieur (m/w/d) Elektrotechnik,Rolls-Royce,"Friedrichshafen, Baden-Württemberg, Germany",2026-09-10,https://www.linkedin.com/jobs/view/4465636972 , ,li-4465636972,fulltime,,,,,,False,mid-senior level,Engineering and Information Technology,,careers@ps.rolls,Industrial Machinery Manufacturing,https://uk.linkedin.com/company/rolls-royce,,,,,,,,,,,
linkedin,Software & Digital Product Manager – Medical Simulation (f/m/d),3B Scientific,"Hamburg, Hamburg, Germany",2026-09-10,https://www.linkedin.com/jobs/view/4465678093 , ,li-4465678093,fulltime,,,,,,False,mid-senior level,Information Technology,,,"Technology, Information and Internet",https://de.linkedin.com/company/3b-scientific,,,,,,,,,,,
linkedin,Senior Projektsteuerer (w/m/d),Deutsche Bahn,"Nuremberg, Bavaria, Germany",2026-09-10,https://www.linkedin.com/jobs/view/4456438841 , ,li-4456438841,fulltime,,,,,,False,mid-senior level,Project Management and Information Technology,,,Truck Transportation,https://de.linkedin.com/company/deutschebahn,,,,,,,,,,,
linkedin,Projektleiter TGA (m/w/d),Juhrig Ingenieure GmbH & Co. KG,"Hannover, Lower Saxony, Germany",2026-09-10,https://www.linkedin.com/jobs/view/4452976909 , ,li-4452976909,fulltime,,,,,,True,associate,Project Management,,,Construction,https://de.linkedin.com/company/juhrig-ingenieure,,,,,,,,,,,
linkedin,Bau- und Projektleitung Industriebau (m/w/d),FREYLER Unternehmensgruppe,"Leipzig, Saxony, Germany",2026-09-10,https://www.linkedin.com/jobs/view/4465676551 , ,li-4465676551,fulltime,,,,,,False,mid-senior level,Project Management and Information Technology,,,Internet Publishing,https://de.linkedin.com/company/freyler-unternehmensgruppe,,,,,,,,,,,
linkedin,Projektleiter im Anlagenbau (m/w/d),J. Heinr. Kramer Gruppe,"Essen, North Rhine-Westphalia, Germany",2026-09-10,https://www.linkedin.com/jobs/view/4464586452 , ,li-4464586452,fulltime,,,,,,False,mid-senior level,Human Resources,,,Retail,https://de.linkedin.com/company/jhk-group,,,,,,,,,,,
linkedin,Projektleiter technisches Immobilienmanagement (m/w/d),ADAC,"Dortmund, North Rhine-Westphalia, Germany",2026-09-10,https://www.linkedin.com/jobs/view/4446579215 , ,li-4446579215,fulltime,,,,,,False,mid-senior level,"Design, Art/Creative, and Information Technology",,,Consumer Services,https://de.linkedin.com/company/adac,,,,,,,,,,,
linkedin,Projektleiter HKLS in München (m/w/d),Linking Talents Recruitment GmbH,"Munich, Bavaria, Germany",2026-09-10,https://www.linkedin.com/jobs/view/4446419754 , ,li-4446419754,fulltime,,,,,,False,mid-senior level,"Design, Art/Creative, and Information Technology",,,Staffing and Recruiting,https://de.linkedin.com/company/linking-talents-recruitment-gmbh,,,,,,,,,,,
linkedin,Teamleiter Mobilfunk Rollout Mastbau (m/w/d),Sinnwell GmbH,"Stuttgart, Baden-Württemberg, Germany",2026-09-10,https://www.linkedin.com/jobs/view/4465651523 , ,li-4465651523,fulltime,,,,,,False,mid-senior level,Information Technology,,,Telecommunications,https://de.linkedin.com/company/sinnwell-ag,,,,,,,,,,,
linkedin,IT-Projektleitung für Web-based Application Framework (m/w/d),Finanz Informatik,"Münster, North Rhine-Westphalia, Germany",2026-09-10,https://www.linkedin.com/jobs/view/4465606177 , ,li-4465606177,fulltime,,,,,,False,mid-senior level,Project Management and Information Technology,,,IT Services and IT Consulting,https://de.linkedin.com/company/finanz-informatik,,,,,,,,,,,
linkedin,Projektleiter:in TGA,Gottlob Rommel Gruppe,"Stuttgart, Baden-Württemberg, Germany",2026-09-10,https://www.linkedin.com/jobs/view/4453698856 , ,li-4453698856,fulltime,,,,,,False,associate,Engineering and Other,,,Construction,https://de.linkedin.com/company/gottlob-rommel-gmbh-&-co-kg,,,,,,,,,,,
linkedin,Projektleiter (m/w/d) Heizung/Sanitär (Service),Ludwig Hammer GmbH,"Kleinostheim, Bavaria, Germany",2026-09-10,https://www.linkedin.com/jobs/view/4463433037 , ,li-4463433037,fulltime,,,,,,False,mid-senior level,"Design, Art/Creative, and Information Technology",,,Construction,https://de.linkedin.com/company/ludwig-hammer-gmbh,,,,,,,,,,,
linkedin,Senior QA Project Lead (all genders),Expleo Group,"Cologne, North Rhine-Westphalia, Germany",2026-09-10,https://www.linkedin.com/jobs/view/4437806025 , ,li-4437806025,fulltime,,,,,,False,mid-senior level,Quality Assurance,,,IT Services and IT Consulting,https://fr.linkedin.com/company/expleo-group,,,,,,,,,,,
linkedin,Teamleitung Online Marketing & Webprojekte (m/w/d),Köhler + Partner,"Buchholz in der Nordheide, Lower Saxony, Germany",2026-09-10,https://www.linkedin.com/jobs/view/4465692530 , ,li-4465692530,fulltime,,,,,,False,entry level,Marketing and Sales,,,Advertising Services and Marketing Services,https://de.linkedin.com/company/koehlerpartner,,,,,,,,,,,
linkedin,Projektleiter*in TGA (m/w/d) Bereich Bau/Immobilien (Krankenhausbau) | #SHR2602,THOST Projektmanagement GmbH,"Karlsruhe, Baden-Württemberg, Germany",2026-09-10,https://www.linkedin.com/jobs/view/3955554632 , ,li-3955554632,fulltime,,,,,,False,mid-senior level,Engineering,,karriere@thost.de,Engineering Services,https://de.linkedin.com/company/thost-projektmanagement-gmbh,,,,,,,,,,,
linkedin,Senior Project Manager Atlassian – Schwerpunkt Cloud Migration (m/w/d),Communardo,"Dresden, Saxony, Germany",2026-09-10,https://www.linkedin.com/jobs/view/4464501727 , ,li-4464501727,fulltime,,,,,,False,associate,,,,IT Services and IT Consulting,https://de.linkedin.com/company/communardo,,,,,,,,,,,
linkedin,Senior Technical Project Manager (m/w/d),D-Trust,"Berlin, Germany",2026-09-10,https://www.linkedin.com/jobs/view/4456326090 , ,li-4456326090,fulltime,,,,,,False,mid-senior level,Project Management and Information Technology,,,IT Services and IT Consulting,https://www.linkedin.com/company/d-trust,,,,,,,,,,,
linkedin,Projektleiter (w/m/d) Öffentliche Hand Landes- und Bundesbau,DS-Bauconcept GmbH,"Freiburg, Baden-Württemberg, Germany",2026-09-10,https://www.linkedin.com/jobs/view/4463499776 , ,li-4463499776,fulltime,,,,,,False,mid-senior level,"Design, Art/Creative, and Information Technology",,,Real Estate,https://de.linkedin.com/company/ds-bauconcept-gmbh,,,,,,,,,,,
linkedin,Projektleitung (m/w/d) Architektur,MAAS & PARTNER Architekten,"Münster, North Rhine-Westphalia, Germany",2026-09-10,https://www.linkedin.com/jobs/view/4463459204 , ,li-4463459204,fulltime,,,,,,False,director,Design,,,Architecture and Planning,https://de.linkedin.com/company/maas-und-partner,,,,,,,,,,,
linkedin,"Projektleiter SHK HLS - 85.000,00€ -  Berlin",Garant Work,"Berlin, Berlin, Germany",2026-09-10,https://www.linkedin.com/jobs/view/4463422261 , ,li-4463422261,fulltime,,,,,,False,mid-senior level,Manufacturing,,,Staffing and Recruiting,https://www.linkedin.com/company/garant-work,,,,,,,,,,,
linkedin,Projektleiter (w/m/d) Verkehrsinfrastruktur,DS-Bauconcept GmbH,"Berlin, Berlin, Germany",2026-09-10,https://www.linkedin.com/jobs/view/4463499763 , ,li-4463499763,fulltime,,,,,,False,mid-senior level,"Design, Art/Creative, and Information Technology",,,Real Estate,https://de.linkedin.com/company/ds-bauconcept-gmbh,,,,,,,,,,,
linkedin,"Projektleiter SHK HLS - 85.000,00€ - (m/w/d)",Garant Work,"Bernau, Brandenburg, Germany",2026-09-10,https://www.linkedin.com/jobs/view/4463430210 , ,li-4463430210,fulltime,,,,,,False,mid-senior level,Manufacturing,,,Staffing and Recruiting,https://www.linkedin.com/company/garant-work,,,,,,,,,,,
linkedin,Bauleiter Tiefbau mit Projektverantwortung (m/w/d),PolyTALENT JOBS,"Münster, North Rhine-Westphalia, Germany",2026-09-10,https://www.linkedin.com/jobs/view/4463436517 , ,li-4463436517,fulltime,,,,,,False,associate,Manufacturing,,,Staffing and Recruiting,https://de.linkedin.com/company/polytalent-jobs,,,,,,,,,,,
linkedin,Projektleiter Industrie- und Gewerbebau,brainmatch.io,"Kirchzarten, Baden-Württemberg, Germany",2026-09-10,https://www.linkedin.com/jobs/view/4465605671 , ,li-4465605671,fulltime,,,,,,False,associate,Project Management,,p.schmid@brainmatch.io,Construction,https://www.linkedin.com/company/brainmatch-io,,,,,,,,,,,
linkedin,Projektleiter / Bauleiter TGA Schwerpunkt Heizung & Sanitär,PHM Group,"Hamburg, Hamburg, Germany",2026-09-10,https://www.linkedin.com/jobs/view/4463444015 , ,li-4463444015,fulltime,,,,,,False,executive,Project Management,,,Construction,https://fi.linkedin.com/company/phm-group,,,,,,,,,,,
linkedin,Projektleiter Bad (m/w/d),catchHR Jobs,"Düsseldorf, North Rhine-Westphalia, Germany",2026-09-10,https://www.linkedin.com/jobs/view/4464593759 , ,li-4464593759,fulltime,,,,,,False,mid-senior level,Other,,,Retail,https://www.linkedin.com/showcase/catch-hr-jobs/,,,,,,,,,,,
linkedin,Bauleiter/Projektleiter (w/m/d),Kreisbaugesellschaft Heidenheim GmbH,"Giengen an der Brenz, Baden-Württemberg, Germany",2026-09-10,https://www.linkedin.com/jobs/view/4463471567 , ,li-4463471567,fulltime,,,,,,False,associate,Other,,,Real Estate,https://de.linkedin.com/company/kreisbaugesellschaft-heidenheim-gmbh,,,,,,,,,,,
linkedin,Senior Project Manager Atlassian – Schwerpunkt Cloud Migration (m/w/d),Communardo,"Bonn, North Rhine-Westphalia, Germany",2026-09-10,https://www.linkedin.com/jobs/view/4464163079 , ,li-4464163079,fulltime,,,,,,False,mid-senior level,Project Management and Information Technology,,,IT Services and IT Consulting,https://de.linkedin.com/company/communardo,,,,,,,,,,,
linkedin,Projektleiter:in von Instandhaltungsmaßnahmen im Bauprojektmanagement,Deutsche Bahn,"Karlsruhe, Baden-Württemberg, Germany",2026-09-10,https://www.linkedin.com/jobs/view/4456438839 , ,li-4456438839,fulltime,,,,,,False,mid-senior level,Other,,,Truck Transportation,https://de.linkedin.com/company/deutschebahn,,,,,,,,,,,
linkedin,Senior Project Manager Atlassian – Schwerpunkt Cloud Migration (m/w/d),Communardo,"Munich, Bavaria, Germany",2026-09-10,https://www.linkedin.com/jobs/view/4464164046 , ,li-4464164046,fulltime,,,,,,False,mid-senior level,Project Management and Information Technology,,,IT Services and IT Consulting,https://de.linkedin.com/company/communardo,,,,,,,,,,,
linkedin,Projectmanager Industrial Projects (m/w/d),Elis Germany & Austria,"Dresden, Saxony, Germany",2026-09-10,https://www.linkedin.com/jobs/view/4464524338 , ,li-4464524338,fulltime,,,,,,False,mid-senior level,Management,,,Retail,https://de.linkedin.com/company/elis-deutschland-sterreich,,,,,,,,,,,
linkedin,Project Manager (Data Center Technologie Rack) (m/w/d),Vertiv,"Frankfurt, Hesse, Germany",2026-09-10,https://www.linkedin.com/jobs/view/4465804306 , ,li-4465804306,fulltime,,,,,,False,entry level,Project Management and Information Technology,,,"Appliances, Electrical, and Electronics Manufacturing",https://www.linkedin.com/company/vertiv,,,,,,,,,,,
linkedin,Project Manager (Data Center Technologie Rack) (m/w/d),Vertiv,"Munich, Bavaria, Germany",2026-09-10,https://www.linkedin.com/jobs/view/4465800356 , ,li-4465800356,fulltime,,,,,,False,entry level,Project Management and Information Technology,,,"Appliances, Electrical, and Electronics Manufacturing",https://www.linkedin.com/company/vertiv,,,,,,,,,,,
linkedin,Projektleiter Embedded Systems IoT (w/m/d),Carrier,"Cologne, North Rhine-Westphalia, Germany",2026-09-10,https://www.linkedin.com/jobs/view/4462373200 , ,li-4462373200,fulltime,,,,,,False,associate,"Design, Art/Creative, and Information Technology",,Carrier.Recruiting@carrier.com,Wholesale Building Materials,https://www.linkedin.com/company/carrier,,,,,,,,,,,
linkedin,Senior Project Manager Atlassian – Schwerpunkt Cloud Migration (m/w/d),Communardo,"Darmstadt, Hesse, Germany",2026-09-10,https://www.linkedin.com/jobs/view/4464153756 , ,li-4464153756,fulltime,,,,,,False,mid-senior level,Project Management and Information Technology,,,IT Services and IT Consulting,https://de.linkedin.com/company/communardo,,,,,,,,,,,
linkedin,PROJEKTLEITER (m/w/d) SCHLÜSSELFERTIGBAU,BREMER AG,"Bremen, Bremen, Germany",2026-09-10,https://www.linkedin.com/jobs/view/3999688932 , ,li-3999688932,fulltime,,,,,,False,mid-senior level,"Design, Art/Creative, and Information Technology",,,Construction,https://de.linkedin.com/company/bremer-se,,,,,,,,,,,
linkedin,IT-Projektleiter (m/w/d),BRITA Group,"Taunusstein, Hesse, Germany",2026-09-10,https://www.linkedin.com/jobs/view/4463626506 , ,li-4463626506,fulltime,,,,,,True,mid-senior level,"Production, Analyst, and Information Technology",,,"Manufacturing, Computer and Network Security, and IT Services and IT Consulting",https://de.linkedin.com/company/brita-se,,,,,,,,,,,
linkedin,Technical Projects Manager - API Partner Solutions (f/m/d),immowelt,"Berlin, Berlin, Germany",2026-09-10,https://www.linkedin.com/jobs/view/4438184075 , ,li-4438184075,fulltime,,,,,,False,associate,Information Technology,,,Real Estate,https://de.linkedin.com/company/immowelt,,,,,,,,,,,
linkedin,Projektleiter SAP S/4HANA FI (w/m/d),Hamburger Hochbahn AG,"Hamburg, Hamburg, Germany",2026-09-10,https://www.linkedin.com/jobs/view/4453134394 , ,li-4453134394,fulltime,,,,,,False,mid-senior level,"Design, Art/Creative, and Information Technology",,,Urban Transit Services,https://de.linkedin.com/company/hamburger-hochbahn-ag,,,,,,,,,,,
linkedin,Projektmanager Netz (m/w/d) - Deutschlandweit,UKA Umweltgerechte Kraftanlagen Standortentwicklung GmbH,"Essen, North Rhine-Westphalia, Germany",2026-09-10,https://www.linkedin.com/jobs/view/4465844283 , ,li-4465844283,fulltime,,,,,,False,mid-senior level,Project Management and Information Technology,,,Construction,https://www.linkedin.com/company/uka-umweltgerechte-kraftanlagen-standortentwicklung-gmbh,,,,,,,,,,,
linkedin,Projektleitung Schadensanierung,HeyJobs,"Minden, North Rhine-Westphalia, Germany",2026-09-10,https://www.linkedin.com/jobs/view/4464191416 , ,li-4464191416,fulltime,,,,,,False,mid-senior level,Project Management,,,Strategic Management Services,https://de.linkedin.com/company/heyjobs,,,,,,,,,,,
linkedin,Projektleiter:in Elektrotechnik / TGA,Deutsche Bahn,"Nuremberg, Bavaria, Germany",2026-09-10,https://www.linkedin.com/jobs/view/4465387812 , ,li-4465387812,fulltime,,,,,,False,entry level,Engineering and Information Technology,,,Truck Transportation,https://de.linkedin.com/company/deutschebahn,,,,,,,,,,,
linkedin,Projektleiter / Projektkoordinator (m/w/d),HAVERKAMP GMBH,"Münster, North Rhine-Westphalia, Germany",2026-09-10,https://www.linkedin.com/jobs/view/4463456052 , ,li-4463456052,fulltime,,,,,,False,executive,Project Management,,,Construction,https://www.linkedin.com/company/haverkamp-gmbh,,,,,,,,,,,
linkedin,Projektleiter / GU-Projektleiter Innenausbau & TGA (m/w/d),Renz Solutions GmbH,"Aidlingen, Baden-Württemberg, Germany",2026-09-10,https://www.linkedin.com/jobs/view/4465802120 , ,li-4465802120,fulltime,,,,,,False,associate,Project Management and Strategy/Planning,,,"Construction, Building Construction, and Architecture and Planning",https://de.linkedin.com/company/renz-solutions-gmbh,,,,,,,,,,,
linkedin,Projektmanager im Bereich Klinikmuster (m/w/d),NextPharma,"Göttingen, Lower Saxony, Germany",2026-09-10,https://www.linkedin.com/jobs/view/4463429679 , ,li-4463429679,fulltime,,,,,,False,entry level,Project Management and Information Technology,,,Motor Vehicle Manufacturing,https://uk.linkedin.com/company/nextpharma,,,,,,,,,,,
linkedin,Projektmanager Produktentwicklung (m/w/d),Dr. Ausbüttel GmbH & Co. KG,"Dortmund, North Rhine-Westphalia, Germany",2026-09-10,https://www.linkedin.com/jobs/view/4340265095 , ,li-4340265095,fulltime,,,,,,True,mid-senior level,Project Management and Information Technology,,,Medical Equipment Manufacturing,https://de.linkedin.com/company/dr--ausb%C3%BCttel-&-co--gmbh,,,,,,,,,,,
linkedin,Projektleiter - SHK / Technisches Gebäudemanagement (m/w/d),Herbert Gruppe,"Bensheim, Hesse, Germany",2026-09-10,https://www.linkedin.com/jobs/view/4464506907 , ,li-4464506907,fulltime,,,,,,False,mid-senior level,Other,,,Retail,https://de.linkedin.com/company/herbertgruppe,,,,,,,,,,,
linkedin,Projektleiter (m/w/d) Schlüsselfertigbau,LIST Gruppe,"Frechen, North Rhine-Westphalia, Germany",2026-09-10,https://www.linkedin.com/jobs/view/4319113149 , ,li-4319113149,fulltime,,,,,,False,associate,Engineering,,,Construction and Real Estate,https://de.linkedin.com/company/list-gruppe,,,,,,,,,,,
linkedin,Expert Technical Product Manager (m/f/d/) for Multiple Products in Sovereign Cloud,SAP,"Berlin, Berlin, Germany",2026-09-09,https://www.linkedin.com/jobs/view/4463894224 , ,li-4463894224,fulltime,,,,,,False,not applicable,Product Management,,Careers@sap.com,"Software Development, IT Services and IT Consulting, and Business Consulting and Services",https://de.linkedin.com/company/sap,,,,,,,,,,,
linkedin,Projektleiter:in TGA - Heizungstechnik / Versorgungstechnik (m/w/d),Energie-Spezialisten.de,"Munich, Bavaria, Germany",2026-09-09,https://www.linkedin.com/jobs/view/4463042677 , ,li-4463042677,fulltime,,,,,,False,director,Engineering,,,Renewable Energy Semiconductor Manufacturing,https://de.linkedin.com/company/energie-spezialisten,,,,,,,,,,,
linkedin,Senior Salesforce Consultant (m/f/x),Salesfive,"Frankfurt, Hesse, Germany",2026-09-09,https://www.linkedin.com/jobs/view/4463006026 , ,li-4463006026,fulltime,,,,,,False,mid-senior level,Consulting,,,Business Consulting and Services,https://de.linkedin.com/company/salesfive-gmbh,,,,,,,,,,,
linkedin,"Data Product Manager, Dynamic Assortment - (Quick Commerce)",Delivery Hero,"Berlin, Berlin, Germany",2026-09-09,https://www.linkedin.com/jobs/view/4454972355 , ,li-4454972355,fulltime,,,,,,False,mid-senior level,Marketing and Product Management,,inclusion@deliveryhero.com,Software Development and IT Services and IT Consulting,https://de.linkedin.com/company/delivery-hero-se,,,,,,,,,,,
linkedin,(SENIOR) PRODUCT MANAGER MOTOR (M/W/D),Neodigital Versicherung AG,"St. Ingbert, Saarland, Germany",2026-09-09,https://www.linkedin.com/jobs/view/4463016669 , ,li-4463016669,fulltime,,,,,,False,mid-senior level,Product Management,,,Insurance,https://de.linkedin.com/company/neodigital-ag,,,,,,,,,,,
linkedin,Product Manager - cLean OpenData,Veeva Systems,,2026-09-09,https://www.linkedin.com/jobs/view/4463818968 , ,li-4463818968,fulltime,,,,,,True,mid-senior level,Product Management,,_accommodations@veeva.com,"Software Development, IT Services and IT Consulting, and Pharmaceutical Manufacturing",https://www.linkedin.com/company/veeva-systems,,,,,,,,,,,
linkedin,Senior Product Manager | B2C,Kaufland e-commerce,"Berlin, Berlin, Germany",2026-09-09,https://www.linkedin.com/jobs/view/4463863033 , ,li-4463863033,fulltime,,,,,,True,mid-senior level,Product Management and Marketing,,,Online and Mail Order Retail,https://de.linkedin.com/company/kauflandecommerce,,,,,,,,,,,
linkedin,Senior AI Product Manager (m/f/d),Redcare Pharmacy,"Cologne, North Rhine-Westphalia, Germany",2026-09-09,https://www.linkedin.com/jobs/view/4463046293 , ,li-4463046293,fulltime,,,,,,True,mid-senior level,Analyst,,,Software Development and IT Services and IT Consulting,https://nl.linkedin.com/company/redcare-pharmacy-com,,,,,,,,,,,
linkedin,Senior Product Manager (VCS Ecosystem),JetBrains,"Munich, Bavaria, Germany",2026-09-09,https://www.linkedin.com/jobs/view/4445495030 , ,li-4445495030,fulltime,,,,,,True,mid-senior level,Product Management and Marketing,,,Software Development,https://nl.linkedin.com/company/jetbrains,,,,,,,,,,,
linkedin,Senior AI Product Manager (m/f/d),Redcare Pharmacy,"Berlin, Berlin, Germany",2026-09-09,https://www.linkedin.com/jobs/view/4463069109 , ,li-4463069109,fulltime,,,,,,True,mid-senior level,Analyst,,,Software Development and IT Services and IT Consulting,https://nl.linkedin.com/company/redcare-pharmacy-com,,,,,,,,,,,
linkedin,Senior Product Manager (VCS Ecosystem),JetBrains,"Berlin, Berlin, Germany",2026-09-09,https://www.linkedin.com/jobs/view/4445487164 , ,li-4445487164,fulltime,,,,,,True,mid-senior level,Product Management and Marketing,,,Software Development,https://nl.linkedin.com/company/jetbrains,,,,,,,,,,,
linkedin,"Data Center Project Manager , Critical Projects Implementation Team",Amazon Web Services (AWS),"Frankfurt, Hesse, Germany",2026-09-09,https://www.linkedin.com/jobs/view/4455789809 , ,li-4455789809,fulltime,,,,,,False,mid-senior level,"Information Technology, Consulting, and Engineering",,,IT Services and IT Consulting,https://www.linkedin.com/company/amazon-web-services,,,,,,,,,,,
linkedin,Senior Project Manager Finance - Transformation Projects (all genders) part/full-time,Merck Group,"Darmstadt, Hesse, Germany",2026-09-09,https://www.linkedin.com/jobs/view/4465051518 , ,li-4465051518,fulltime,,,,,,False,mid-senior level,Finance and Accounting/Auditing,,,Pharmaceutical Manufacturing,https://de.linkedin.com/company/merck-group,,,,,,,,,,,
linkedin,Global Project Manager (m/f/d) After Sales-Supply Chain Transformation,Harvey Nash,"Böblingen, Baden-Württemberg, Germany",2026-09-09,https://www.linkedin.com/jobs/view/4463806647 , ,li-4463806647,fulltime,,,,,,False,associate,,,aspasia.joannidou@nashdirect.de,Semiconductor Manufacturing,https://uk.linkedin.com/company/harvey-nash,,,,,,,,,,,
linkedin,Projektmanager für Automatisierungstechnik (m/w/d),AUCOTEAM GmbH,"Berlin, Berlin, Germany",2026-09-09,https://www.linkedin.com/jobs/view/4464954893 , ,li-4464954893,fulltime,,,,,,False,mid-senior level,Engineering,,,Engineering Services,https://de.linkedin.com/company/aucoteam,,,,,,,,,,,
linkedin,Projektleiter / Project Manager (w/m/d) - Bahnübergangstechnik,Siemens,"Berlin, Berlin, Germany",2026-09-09,https://www.linkedin.com/jobs/view/4445162464 , ,li-4445162464,fulltime,,,,,,False,mid-senior level,Engineering,,,Automation Machinery Manufacturing,https://de.linkedin.com/company/siemens,,,,,,,,,,,
linkedin,Projektleitung Großprojekte Straßenbau (w/m/d),Die Autobahn GmbH des Bundes,"Stuttgart, Baden-Württemberg, Germany",2026-09-09,https://www.linkedin.com/jobs/view/4465066420 , ,li-4465066420,fulltime,,,,,,False,mid-senior level,"Engineering, Project Management, and Strategy/Planning",,,Construction,https://de.linkedin.com/company/die-autobahn,,,,,,,,,,,
linkedin,Projektmanager Marketing (m/w/d),JOM Group,"Hamburg, Hamburg, Germany",2026-09-09,https://www.linkedin.com/jobs/view/4463061272 , ,li-4463061272,fulltime,,,,,,True,mid-senior level,Project Management and Information Technology,,,Advertising Services,https://de.linkedin.com/company/jom-j-schke-operational-media-gmbh,,,,,,,,,,,
linkedin,Senior Projektmanager (m/w/d),W+S Real Estate Services GmbH,"Munich, Bavaria, Germany",2026-09-09,https://www.linkedin.com/jobs/view/4440209773 , ,li-4440209773,fulltime,,,,,,False,mid-senior level,"General Business, Project Management, and Management",,,Real Estate and Construction,https://de.linkedin.com/company/w-s-real-estate-services-gmbh,,,,,,,,,,,
linkedin,Projektleitung Komplettbau,TM Ausbau,"Munich, Bavaria, Germany",2026-09-09,https://www.linkedin.com/jobs/view/4453070941 , ,li-4453070941,fulltime,,,,,,False,associate,Project Management,,,Construction,https://de.linkedin.com/company/tm-ausbau-gmbh,,,,,,,,,,,
linkedin,Senior IT-Projektmanager (m/w/d),CompuGroup Medical SE & Co. KGaA,"Coblenz, Rhineland-Palatinate, Germany",2026-09-09,https://www.linkedin.com/jobs/view/4454981229 , ,li-4454981229,fulltime,,,,,,False,mid-senior level,Project Management and Information Technology,,,IT Services and IT Consulting,https://de.linkedin.com/company/compugroup-medical,,,,,,,,,,,
linkedin,Senior Projektmanager Entwicklung Coffee Service (m/w/d),Tchibo,"Hamburg, Hamburg, Germany",2026-09-09,https://www.linkedin.com/jobs/view/4463797535 , ,li-4463797535,fulltime,,,,,,False,mid-senior level,Project Management and Information Technology,,,Retail,https://de.linkedin.com/company/tchibo,,,,,,,,,,,
linkedin,Erfahrener Projektleiter (m/w/d) Elektrotechnik,ATP architects engineers,"Frankfurt am Main, Hesse, Germany",2026-09-09,https://www.linkedin.com/jobs/view/4445762303 , ,li-4445762303,fulltime,,,,,,False,mid-senior level,Engineering and Information Technology,,,Architecture and Planning,https://at.linkedin.com/company/atp-architekten-ingenieure,,,,,,,,,,,
linkedin,Electrical Project Manager,Mercury,"Munich, Bavaria, Germany",2026-09-09,https://www.linkedin.com/jobs/view/4398190353 , ,li-4398190353,fulltime,,,,,,False,mid-senior level,Project Management and Information Technology,,,Construction,https://ie.linkedin.com/company/mercury-engineering,,,,,,,,,,,
linkedin,Projektsteuerer (m/w/d) – Ausbau & Umbau von Fitnessstudios in Vollzeit,FITSEVENELEVEN,"Schwalbach, Hesse, Germany",2026-09-09,https://www.linkedin.com/jobs/view/4463034028 , ,li-4463034028,fulltime,,,,,,False,associate,Other,,,Business Consulting and Services,https://de.linkedin.com/company/fitseveneleven,,,,,,,,,,,
linkedin,Projektleiter TGA (m/w/d) Logistikimmobilien,Köster GmbH,"Gießen, Hesse, Germany",2026-09-09,https://www.linkedin.com/jobs/view/4462421445 , ,li-4462421445,fulltime,,,,,,False,mid-senior level,"Design, Art/Creative, and Information Technology",,,Construction,https://de.linkedin.com/company/k-ster-gmbh,,,,,,,,,,,
linkedin,Projektleiter (m/w/d),Felipillon,"Georgensgmünd, Bavaria, Germany",2026-09-09,https://www.linkedin.com/jobs/view/4463834057 , ,li-4463834057,fulltime,,,,,,False,mid-senior level,"Design, Art/Creative, and Information Technology",,priyanka.das@felipillon.com,Professional Services,https://de.linkedin.com/company/felipillon,,,,,,,,,,,
linkedin,Projektleiter Wärmeanlagen & Industrieprojekte (m/w/d),Max Straube Industrierohrleitungsbau GmbH,"Chemnitz, Saxony, Germany",2026-09-09,https://www.linkedin.com/jobs/view/4463019081 , ,li-4463019081,fulltime,,,,,,False,associate,Engineering,,,Machinery Manufacturing,https://de.linkedin.com/company/max-straube-industrierohrleitungsbau-gmbh,,,,,,,,,,,
linkedin,Brand Strategy & Operations Lead,Metaflow,,2026-09-09,https://www.linkedin.com/jobs/view/4463057164 , ,li-4463057164,fulltime,,,,,,False,associate,Marketing,,,Software Development,https://de.linkedin.com/company/metaflow-food,,,,,,,,,,,
linkedin,Projektleiter TGA Elektrotechnik (m/w/d),BODE Unternehmensgruppe,"Lippstadt, North Rhine-Westphalia, Germany",2026-09-09,https://www.linkedin.com/jobs/view/4465028049 , ,li-4465028049,fulltime,,,,,,False,entry level,Engineering and Information Technology,,,Services for Renewable Energy,https://de.linkedin.com/company/bode-planungsgesellschaft-f%C3%BCr-energieeffizienz-m.b.h.,,,,,,,,,,,
linkedin,Teamleiter (m/w/d) Wohnungsbau,weisenburger group,"Karlsruhe, Baden-Württemberg, Germany",2026-09-09,https://www.linkedin.com/jobs/view/4463868517 , ,li-4463868517,fulltime,,,,,,False,not applicable,Information Technology,,,Construction,https://de.linkedin.com/company/weisenburger-gruppe,,,,,,,,,,,
linkedin,Bau-/Projektleiter für Kabelmanagementsysteme (m/w/d) Ruhrgebiet,Rico GmbH & Co. KG,"Gelsenkirchen, North Rhine-Westphalia, Germany",2026-09-09,https://www.linkedin.com/jobs/view/4465357239 , ,li-4465357239,fulltime,,,,,,False,mid-senior level,Engineering,,personalabteilung@rico.de,"Appliances, Electrical, and Electronics Manufacturing",https://de.linkedin.com/company/rico-gmbh-&-co.-kg,,,,,,,,,,,
linkedin,Senior Product Manager – Space,Critical Software,"Munich, Bavaria, Germany",2026-09-09,https://www.linkedin.com/jobs/view/4437408875 , ,li-4437408875,fulltime,,,,,,False,mid-senior level,Product Management and Marketing,,,Information Technology & Services,https://pt.linkedin.com/company/critical-software,,,,,,,,,,,
linkedin,Teamleiter:in,elerra motiv GmbH,"Erfurt, Thuringia, Germany",2026-09-09,https://www.linkedin.com/jobs/view/4463028603 , ,li-4463028603,fulltime,,,,,,False,director,Management,,,Motor Vehicle Manufacturing,https://de.linkedin.com/company/elerra-motiv,,,,,,,,,,,
linkedin,Product Manager Detergent Enzymes (m/f/d),AB Enzymes,"Darmstadt, Hesse, Germany",2026-09-09,https://www.linkedin.com/jobs/view/4463034805 , ,li-4463034805,fulltime,,,,,,False,not applicable,Product Management,,,Biotechnology Research and Chemical Manufacturing,https://de.linkedin.com/company/ab-enzymes,,,,,,,,,,,
linkedin,Senior Product Manager - Charging & Tax,Kraken,,2026-09-09,https://www.linkedin.com/jobs/view/4463886498 , ,li-4463886498,fulltime,,,,,,False,mid-senior level,Product Management and Marketing,,inclusion@kraken.tech,"Technology, Information and Internet",https://uk.linkedin.com/company/krakentech,,,,,,,,,,,
linkedin,"Senior Product Manager, Growth Automation",Bolt,"Berlin, Berlin, Germany",2026-09-09,https://www.linkedin.com/jobs/view/4446038467 , ,li-4446038467,fulltime,,,,,,False,mid-senior level,Product Management and Marketing,,,Software Development,https://ee.linkedin.com/company/bolt-eu,,,,,,,,,,,
linkedin,(Senior) Projektleiter zukünftige Flugkörpertechnologien (m/w/d),IABG,"Ottobrunn, Bavaria, Germany",2026-09-09,https://www.linkedin.com/jobs/view/4427454874 , ,li-4427454874,fulltime,,,,,,False,mid-senior level,Information Technology,,,"IT Services and IT Consulting, Defense and Space Manufacturing, and Motor Vehicle Manufacturing",https://de.linkedin.com/company/iabg,,,,,,,,,,,
linkedin,Projektleiter (m/w/d) Konstruktiver Ingenieurbau/ Bauwerkssanierung,REIF Bauunternehmung GmbH & Co. KG,"Rastatt, Baden-Württemberg, Germany",2026-09-09,https://www.linkedin.com/jobs/view/4458744132 , ,li-4458744132,fulltime,,,,,,False,associate,Project Management,,,Civil Engineering,https://de.linkedin.com/company/reif-bauunternehmung-gmbh-&-co.-kg,,,,,,,,,,,
linkedin,Projektleiter:in Hoch- und Schlüsselfertigbau (m/w/d),HEGEMANN-REINERS GRUPPE,"Berlin, Germany",2026-09-09,https://www.linkedin.com/jobs/view/4464967672 , ,li-4464967672,fulltime,,,,,,False,mid-senior level,Other,,,Construction,https://de.linkedin.com/company/hegemann-reiners-gruppe,,,,,,,,,,,
linkedin,Projektleiter HKLS / TGA (m/w/d),Installatietechniek Raalte B.V.,"Frankfurt, Hesse, Germany",2026-09-09,https://www.linkedin.com/jobs/view/4452818143 , ,li-4452818143,fulltime,,,,,,False,not applicable,Other,,,Construction,https://www.linkedin.com/company/installatietechniek-raalte-b.v.,,,,,,,,,,,
linkedin,Projektleiter Kältetechnik - Gewerbekälte / Anlagenbau (m/w/d),Dussmann Kälte- und Klimatechnik GmbH,"Frankfurt, Hesse, Germany",2026-09-09,https://www.linkedin.com/jobs/view/4463012077 , ,li-4463012077,fulltime,,,,,,False,mid-senior level,"Design, Art/Creative, and Information Technology",,,Mechanical Or Industrial Engineering,https://de.linkedin.com/company/dussmann-kaelteklima,,,,,,,,,,,
linkedin,Senior Projekt Manager (m/w/d) HR SAP SuccessFactors Transformation,Tchibo,"Hamburg, Hamburg, Germany",2026-09-09,https://www.linkedin.com/jobs/view/4446305627 , ,li-4446305627,fulltime,,,,,,False,mid-senior level,Human Resources,,,Retail,https://de.linkedin.com/company/tchibo,,,,,,,,,,,
linkedin,Projektleitung Prozesse & Systeme Logistik - Schwerpunkt Lager (m/w/d),PENNY Deutschland,"Cologne, North Rhine-Westphalia, Germany",2026-09-09,https://www.linkedin.com/jobs/view/4437180221 , ,li-4437180221,fulltime,,,,,,False,associate,Project Management and Information Technology,,,Retail,https://de.linkedin.com/company/penny,,,,,,,,,,,
linkedin,Projektleiter (Sicherheitstechnik/TGA),TSO Sicherheitssysteme GmbH,"Aalen, Baden-Württemberg, Germany",2026-09-09,https://www.linkedin.com/jobs/view/4465003061 , ,li-4465003061,fulltime,,,,,,False,associate,General Business and Strategy/Planning,,,"Security Systems Services and Appliances, Electrical, and Electronics Manufacturing",https://de.linkedin.com/company/tso-sicherheitssysteme-gmbh,,,,,,,,,,,
linkedin,Einsatzleiter / Projektleiter in der Kampfmittelbergung (m/w/d),SOCOTEC Building Solutions GmbH,"Westerstede, Lower Saxony, Germany",2026-09-09,https://www.linkedin.com/jobs/view/4465030895 , ,li-4465030895,fulltime,,,,,,False,mid-senior level,Management and Manufacturing,,karriere@socotec.de,Architecture and Planning,https://de.linkedin.com/company/socotec-building-solutions-gmbh,,,,,,,,,,,
linkedin,Projektleiter Altlasten/Rückbau/Deponie (m/w/d),SIERA,"Düsseldorf, North Rhine-Westphalia, Germany",2026-09-09,https://www.linkedin.com/jobs/view/4465023145 , ,li-4465023145,fulltime,,,,,,False,mid-senior level,"Project Management, Engineering, and Research",,,"Environmental Services, Engineering Services, and Environmental Quality Programs",https://www.linkedin.com/company/sieraalliance,,,,,,,,,,,
linkedin,Projektleiter Embedded Software für Medical Devices (m/w/d),Löwenstein Medical,"Karlsruhe, Baden-Württemberg, Germany",2026-09-09,https://www.linkedin.com/jobs/view/4463021916 , ,li-4463021916,fulltime,,,,,,False,mid-senior level,Project Management,,,Medical Equipment Manufacturing,https://de.linkedin.com/company/loewensteinmedical,,,,,,,,,,,
linkedin,Projektleiter (w/m/d) für Infrastrukturprojekte – ÖPNV,Drees & Sommer,"Hamburg, Hamburg, Germany",2026-09-09,https://www.linkedin.com/jobs/view/4463023877 , ,li-4463023877,fulltime,,,,,,False,associate,Project Management,,,Real Estate,https://de.linkedin.com/company/drees-&-sommer,,,,,,,,,,,
linkedin,Projektleiter Wasserwirtschaft (m/w/d),persona service,"Uedem, North Rhine-Westphalia, Germany",2026-09-09,https://www.linkedin.com/jobs/view/4445155246 , ,li-4445155246,fulltime,,,,,,False,mid-senior level,"Design, Art/Creative, and Information Technology",,,Staffing and Recruiting,https://de.linkedin.com/company/persona-service,,,,,,,,,,,
linkedin,Produktmanager Kreditkarten (m/w/d),qards GmbH,"Saarbrücken, Saarland, Germany",2026-09-09,https://www.linkedin.com/jobs/view/4465037145 , ,li-4465037145,fulltime,,,,,,False,entry level,Finance and Sales,,,Financial Services,https://de.linkedin.com/company/qardsgmbh,,,,,,,,,,,
linkedin,"Sr. Product Manager, EU Everyday Essentials (12-month Contract)",Amazon,"Munich, Bavaria, Germany",2026-09-09,https://www.linkedin.com/jobs/view/4455904247 , ,li-4455904247,fulltime,,,,,,False,mid-senior level,"Project Management, Management, and Product Management",,,Software Development,https://www.linkedin.com/company/amazon,,,,,,,,,,,
linkedin,IT-Produktportfoliomanager/in (w/m/d),German Aerospace Center (DLR),"Bonn, North Rhine-Westphalia, Germany",2026-09-09,https://www.linkedin.com/jobs/view/4464491871 , ,li-4464491871,fulltime,,,,,,False,mid-senior level,Product Management and Marketing,,,Research Services,https://de.linkedin.com/company/dlr,,,,,,,,,,,
linkedin,Head of Products & Services (W/M/D),Campus Founders,"Heilbronn, Baden-Württemberg, Germany",2026-09-09,https://www.linkedin.com/jobs/view/4463031515 , ,li-4463031515,fulltime,,,,,,False,associate,Customer Service,,,Education Administration Programs,https://de.linkedin.com/company/campusfounders,,,,,,,,,,,
linkedin,Product Operations & Analytics Manager (w/m/d),Nemetschek Group,,2026-09-09,https://www.linkedin.com/jobs/view/4465076978 , ,li-4465076978,fulltime,,,,,,False,entry level,"Research, Analyst, and Information Technology",,,Software Development,https://de.linkedin.com/company/nemetschekgroup,,,,,,,,,,,
linkedin,Gesundheitsmanager E-Health / Telematikinfrastruktur (m/w/d),AXA,"Cologne, North Rhine-Westphalia, Germany",2026-09-09,https://www.linkedin.com/jobs/view/4464359686 , ,li-4464359686,fulltime,,,,,,False,mid-senior level,Health Care Provider,,recruiting@axa.de,Insurance,https://fr.linkedin.com/company/axa,,,,,,,,,,,
linkedin,Product Owner,ACL Digital,,2026-09-09,https://www.linkedin.com/jobs/view/4464129002 , ,li-4464129002,contract,,,,,,False,mid-senior level,"Product Management, Consulting, and Manufacturing",,,"Rail Transportation, Railroad Equipment Manufacturing, and Appliances, Electrical, and Electronics Manufacturing",https://www.linkedin.com/company/acl-digital,,,,,,,,,,,
linkedin,Venture Development - New Products UK Market (AI x Greentech) (m/f/d),Reonic,,2026-09-09,https://www.linkedin.com/jobs/view/4465320663 , ,li-4465320663,fulltime,,,,,,False,entry level,Business Development and Sales,,,Software Development,https://de.linkedin.com/company/reonic,,,,,,,,,,,
linkedin,Project Manager (m/w/x),ZEISS Group,"Oberkochen, Baden-Württemberg, Germany",2026-09-09,https://www.linkedin.com/jobs/view/4465019146 , ,li-4465019146,fulltime,,,,,,False,mid-senior level,"Project Management, Business Development, and Other",,,"Manufacturing and Appliances, Electrical, and Electronics Manufacturing",https://de.linkedin.com/company/zeiss,,,,,,,,,,,
linkedin,Senior Product Manager – B2C Funnel (m/w/d),JobRad® | Deutschland,,2026-09-08,https://www.linkedin.com/jobs/view/4436205461 , ,li-4436205461,fulltime,,,,,,False,mid-senior level,Product Management and Marketing,,,Financial Services,https://de.linkedin.com/company/jobrad-gmbh,,,,,,,,,,,
linkedin,Monetization Lead,Endel,,2026-09-08,https://www.linkedin.com/jobs/view/4462217419 , ,li-4462217419,fulltime,,,,,,True,mid-senior level,,,,Wellness and Fitness Services,https://de.linkedin.com/company/endelsound,,,,,,,,,,,
linkedin,Regional Product Manager – Engineering Plastics,Jobgether,,2026-09-08,https://www.linkedin.com/jobs/view/4462996957 , ,li-4462996957,fulltime,,,,,,False,mid-senior level,Product Management and Marketing,,,Internet Marketplace Platforms,https://be.linkedin.com/company/jobgether,,,,,,,,,,,
linkedin,Technischer Produktmanager für Core TV Features (m/w/d/x),Deutsche Telekom,"Darmstadt, Hesse, Germany",2026-09-08,https://www.linkedin.com/jobs/view/4455710558 , ,li-4455710558,fulltime,,,,,,False,mid-senior level,Product Management and Marketing,,,Telecommunications,https://de.linkedin.com/company/telekom,,,,,,,,,,,
linkedin,Technischer Produktmanager für Epics Discovery & Engagement (m/w/d/x),Deutsche Telekom,"Darmstadt, Hesse, Germany",2026-09-08,https://www.linkedin.com/jobs/view/4455703640 , ,li-4455703640,fulltime,,,,,,False,mid-senior level,Product Management and Marketing,,,Telecommunications,https://de.linkedin.com/company/telekom,,,,,,,,,,,
linkedin,Technischer Produktmanager für Epics Discovery & Engagement (m/w/d/x),Deutsche Telekom,"Bonn, North Rhine-Westphalia, Germany",2026-09-08,https://www.linkedin.com/jobs/view/4455716557 , ,li-4455716557,fulltime,,,,,,False,mid-senior level,Product Management and Marketing,,,Telecommunications,https://de.linkedin.com/company/telekom,,,,,,,,,,,
linkedin,Product Manager – Android Integration & Ecosystem,ProGlove,"Munich, Bavaria, Germany",2026-09-08,https://www.linkedin.com/jobs/view/4462235325 , ,li-4462235325,fulltime,,,,,,False,mid-senior level,Product Management and Marketing,,,Automation Machinery Manufacturing,https://de.linkedin.com/company/proglove,,,,,,,,,,,
linkedin,Senior Product Manager (m/w/d) - Finance,SHD Solutions GmbH,"Andernach, Rhineland-Palatinate, Germany",2026-09-08,https://www.linkedin.com/jobs/view/4463243498 , ,li-4463243498,fulltime,,,,,,False,mid-senior level,Product Management,,,Financial Services,https://de.linkedin.com/company/shd-gmbh,,,,,,,,,,,
linkedin,Global Product Manager - Network Interface Connectors (m/w/d),HARTING Technology Group,"Espelkamp, North Rhine-Westphalia, Germany",2026-09-08,https://www.linkedin.com/jobs/view/4372553847 , ,li-4372553847,fulltime,,,,,,False,mid-senior level,Product Management and Marketing,,,Automation Machinery Manufacturing,https://de.linkedin.com/company/harting,,,,,,,,,,,
linkedin,Global Project Manager (Process Automation),ABB,,2026-09-08,https://www.linkedin.com/jobs/view/4463281984 , ,li-4463281984,fulltime,,,,,,True,mid-senior level,Project Management and Information Technology,,,Automation Machinery Manufacturing,https://ch.linkedin.com/company/abb,,,,,,,,,,,
linkedin,(Senior) Product Manager (all genders),Shiftmove,"Berlin, Germany",2026-09-08,https://www.linkedin.com/jobs/view/4435971172 , ,li-4435971172,fulltime,,,,,,True,mid-senior level,Product Management,,,Software Development,https://de.linkedin.com/company/shiftmove,,,,,,,,,,,
linkedin,Energy Product Manager (w/m/d),VREY,"Berlin, Berlin, Germany",2026-09-08,https://www.linkedin.com/jobs/view/4426992911 , ,li-4426992911,fulltime,,,,,,False,mid-senior level,Product Management and Marketing,,,Services for Renewable Energy,https://de.linkedin.com/company/vrey-energie,,,,,,,,,,,
linkedin,"Senior Product Manager, Exchange",Cint,"Berlin, Berlin, Germany",2026-09-08,https://www.linkedin.com/jobs/view/4463255071 , ,li-4463255071,fulltime,,,,,,True,mid-senior level,Product Management,,,Software Development,https://se.linkedin.com/company/cint,,,,,,,,,,,
linkedin,Bauingenieur als Projektleiter im Hochbau / Industriebau (w/m/d),Infraserv GmbH & Co. Höchst KG,"Frankfurt, Hesse, Germany",2026-09-08,https://www.linkedin.com/jobs/view/4352583603 , ,li-4352583603,fulltime,,,,,,False,mid-senior level,Engineering and Information Technology,,,Chemical Manufacturing,https://de.linkedin.com/company/infraserv-hochst,,,,,,,,,,,
linkedin,Projektleiter Umspannwerke (m/w/d),Sécheron SA,"Frankfurt, Hesse, Germany",2026-09-08,https://www.linkedin.com/jobs/view/4463248406 , ,li-4463248406,fulltime,,,,,,False,not applicable,Project Management,,,IT Services and IT Consulting,https://ch.linkedin.com/company/secheron-sa,,,,,,,,,,,
linkedin,Projektleitung Versicherungs-Software (all Genders),GLOBAL SIDE,"Munich, Bavaria, Germany",2026-09-08,https://www.linkedin.com/jobs/view/4462523128 , ,li-4462523128,fulltime,,,,,,True,associate,Project Management and Information Technology,,,Software Development,https://de.linkedin.com/company/globalsidegroup,,,,,,,,,,,
linkedin,Projektmanager (m/w/d),NAVAX Software GmbH,"Munich, Bavaria, Germany",2026-09-08,https://www.linkedin.com/jobs/view/4449735626 , ,li-4449735626,fulltime,,,,,,False,mid-senior level,Project Management and Information Technology,,,IT Services and IT Consulting,https://de.linkedin.com/company/navax-software,,,,,,,,,,,
linkedin,Projektmanager (all gender),ALTEN,"Bremen, Germany",2026-09-08,https://www.linkedin.com/jobs/view/4462511662 , ,li-4462511662,fulltime,,,,,,False,associate,Engineering,,,Engineering Services,https://fr.linkedin.com/company/alten,,,,,,,,,,,
linkedin,Projektleiter (m/w/d) TGA,d/b/d GmbH & Co. KG,"Hamburg, Hamburg, Germany",2026-09-08,https://www.linkedin.com/jobs/view/4464690366 , ,li-4464690366,fulltime,,,,,,False,mid-senior level,"Design, Art/Creative, and Information Technology",,,Architecture and Planning,https://de.linkedin.com/company/dbd-gmbh-co-kg,,,,,,,,,,,
linkedin,Projektleiter Einkauf Food Transformation (m/w/d),Lidl in Germany,"Neckarsulm, Baden-Württemberg, Germany",2026-09-08,https://www.linkedin.com/jobs/view/4464672570 , ,li-4464672570,fulltime,,,,,,False,director,"Design, Art/Creative, and Information Technology",,,"Retail, Food and Beverage Services, and Retail Groceries",https://de.linkedin.com/company/lidl-in-deutschland,,,,,,,,,,,
linkedin,Senior Projektmanager:in im Infrastrukturbau (m/w/d),Will Consult GmbH,"Leipzig, Saxony, Germany",2026-09-08,https://www.linkedin.com/jobs/view/4462292016 , ,li-4462292016,fulltime,,,,,,True,mid-senior level,Engineering,,,Construction,https://de.linkedin.com/company/will-consult-gmbh,,,,,,,,,,,
linkedin,Projektleiter Wohnungsbau (m/w/d) Energetische Modernisierung,ALLBAU AG,"Essen, North Rhine-Westphalia, Germany",2026-09-08,https://www.linkedin.com/jobs/view/4464902954 , ,li-4464902954,fulltime,,,,,,False,mid-senior level,"Design, Art/Creative, and Information Technology",,,Real Estate,https://www.linkedin.com/company/allbau-ag,,,,,,,,,,,
linkedin,IT-Projektleitung für Web-based Application Framework,Finanz Informatik,"Hannover, Lower Saxony, Germany",2026-09-08,https://www.linkedin.com/jobs/view/4463292659 , ,li-4463292659,fulltime,,,,,,False,associate,Project Management and Information Technology,,,"IT Services and IT Consulting, Banking, and Financial Services",https://de.linkedin.com/company/finanz-informatik,,,,,,,,,,,
linkedin,Project Manager  (m/f/d),Turner & Townsend,,2026-09-08,https://www.linkedin.com/jobs/view/4463253294 , ,li-4463253294,fulltime,,,,,,False,mid-senior level,"Project Management, Consulting, and Engineering",,,"Construction, Civil Engineering, and Business Consulting and Services",https://uk.linkedin.com/company/turner-&-townsend,,,,,,,,,,,
linkedin,Projektleiter Bau (m/w/d) | Bottrop | Vollzeit,Ten Brinke Deutschland,"Bottrop, North Rhine-Westphalia, Germany",2026-09-08,https://www.linkedin.com/jobs/view/4433194668 , ,li-4433194668,fulltime,,,,,,False,mid-senior level,Engineering,,,Real Estate,https://de.linkedin.com/company/ten-brinke-deutschland,,,,,,,,,,,
linkedin,#KRA2608 | Ingenieur*in (m/w/d) in der Projektleitung von Projekten im Bereich Automotive / Industrie,THOST Projektmanagement GmbH,"Munich, Bavaria, Germany",2026-09-08,https://www.linkedin.com/jobs/view/3955558166 , ,li-3955558166,fulltime,,,,,,False,mid-senior level,Engineering and Information Technology,,karriere@thost.de,Engineering Services,https://de.linkedin.com/company/thost-projektmanagement-gmbh,,,,,,,,,,,
linkedin,Projektmanager/in Schaltanlagenbau,Sécheron SA,"Frankfurt, Hesse, Germany",2026-09-08,https://www.linkedin.com/jobs/view/4463248407 , ,li-4463248407,fulltime,,,,,,False,not applicable,Project Management,,,IT Services and IT Consulting,https://ch.linkedin.com/company/secheron-sa,,,,,,,,,,,
linkedin,Projektleiter Steuerungstechnik (m/w/d),EW-Tec Industrieservice & Anlagentechnik GmbH,"Viersen, North Rhine-Westphalia, Germany",2026-09-08,https://www.linkedin.com/jobs/view/4462297001 , ,li-4462297001,fulltime,,,,,,False,associate,Engineering,,,Automation Machinery Manufacturing,https://de.linkedin.com/company/ew-tec-gmbh,,,,,,,,,,,
linkedin,IT-Projektleitung für Web-based Application Framework,Finanz Informatik,"Frankfurt, Hesse, Germany",2026-09-08,https://www.linkedin.com/jobs/view/4463278688 , ,li-4463278688,fulltime,,,,,,False,associate,Project Management and Information Technology,,,"IT Services and IT Consulting, Banking, and Financial Services",https://de.linkedin.com/company/finanz-informatik,,,,,,,,,,,
linkedin,Projektleiter Bau (m/w/d) | Berlin | Vollzeit,Ten Brinke Deutschland,"Berlin, Germany",2026-09-08,https://www.linkedin.com/jobs/view/4442999222 , ,li-4442999222,fulltime,,,,,,False,mid-senior level,Engineering,,,Real Estate,https://de.linkedin.com/company/ten-brinke-deutschland,,,,,,,,,,,
linkedin,Technischer Projektleiter (m/w/d) Bahnenergieversorgung,Kraft von Wantoch,"Offenbach am Main, Hesse, Germany",2026-09-08,https://www.linkedin.com/jobs/view/4464487015 , ,li-4464487015,fulltime,,,,,,False,associate,,,,Construction,https://de.linkedin.com/company/kraft-von-wantoch,,,,,,,,,,,
linkedin,Technischer Projektleiter Produktentwicklung (all gender) 100,ALTEN,"Kiel, Schleswig-Holstein, Germany",2026-09-08,https://www.linkedin.com/jobs/view/4462284201 , ,li-4462284201,fulltime,,,,,,False,entry level,Engineering and Project Management,,,Machinery Manufacturing and Aviation and Aerospace Component Manufacturing,https://fr.linkedin.com/company/alten,,,,,,,,,,,
linkedin,Projektleiter Elektrotechnik (m/w/d),Albwerk,"Geislingen an der Steige, Baden-Württemberg, Germany",2026-09-08,https://www.linkedin.com/jobs/view/4464919204 , ,li-4464919204,fulltime,,,,,,False,mid-senior level,Engineering,,,Utilities,https://de.linkedin.com/company/albwerk,,,,,,,,,,,
linkedin,Projektleiter Energieinfrastruktur & Bahnstrom (m/w/d),Sécheron SA,"Frankfurt, Hesse, Germany",2026-09-08,https://www.linkedin.com/jobs/view/4463225427 , ,li-4463225427,fulltime,,,,,,False,not applicable,Project Management,,,IT Services and IT Consulting,https://ch.linkedin.com/company/secheron-sa,,,,,,,,,,,
linkedin,Projektleiter für Sicherheitstechnik (m/w/d),viataurus,"Hamburg, Hamburg, Germany",2026-09-08,https://www.linkedin.com/jobs/view/4462506583 , ,li-4462506583,fulltime,,,,,,False,associate,Project Management,,,Business Consulting and Services,https://de.linkedin.com/company/viataurus,,,,,,,,,,,
linkedin,Projektsteuerer / Projektleiter (m/w/d) für integrale Planungsprojekte,Firmengruppe Max Bögl,"Munich, Bavaria, Germany",2026-09-08,https://www.linkedin.com/jobs/view/4463340366 , ,li-4463340366,fulltime,,,,,,False,associate,"Strategy/Planning, Consulting, and Engineering",,,Construction,https://de.linkedin.com/company/firmengruppe-max-b%C3%B6gl,,,,,,,,,,,
linkedin,Projektleiter Architektur mit Schwerpunkt LPH 3-5 (m/w/d),blocher partners,"Stuttgart, Baden-Württemberg, Germany",2026-09-08,https://www.linkedin.com/jobs/view/4462298290 , ,li-4462298290,fulltime,,,,,,False,associate,Project Management,,,Architecture and Planning,https://de.linkedin.com/company/blocher-partners,,,,,,,,,,,
linkedin,Projektmanager Leistungselektronik (m/w/d),8R,,2026-09-08,https://www.linkedin.com/jobs/view/4425848424 , ,li-4425848424,fulltime,,,,,,False,associate,Engineering and Project Management,,karriere@8R.de,Engineering Services,https://de.linkedin.com/company/8rpartners,,,,,,,,,,,
linkedin,Senior IT-Projektleiter (m/w/d),Allgeier Public,"Bonn, North Rhine-Westphalia, Germany",2026-09-08,https://www.linkedin.com/jobs/view/4464663019 , ,li-4464663019,fulltime,,,,,,True,mid-senior level,Information Technology,,,IT Services and IT Consulting,https://de.linkedin.com/company/allgeier-public,,,,,,,,,,,
linkedin,Projektleiter:in Lüftungstechnik (m/w/d) | Hamburg,Leading Operations KG | Personal- und Unternehmensberatung,"Hamburg, Germany",2026-09-08,https://www.linkedin.com/jobs/view/4441447201 , ,li-4441447201,fulltime,,,,,,False,associate,Project Management and Engineering,,,Facilities Services,https://www.linkedin.com/company/leading-operations-kg,,,,,,,,,,,
linkedin,Projektmanager (m/w/d),CG Group GmbH,"Stuttgart, Baden-Württemberg, Germany",2026-09-08,https://www.linkedin.com/jobs/view/4463522572 , ,li-4463522572,fulltime,,,,,,False,mid-senior level,Project Management and Information Technology,,,Real Estate,https://de.linkedin.com/company/cggroup-de,,,,,,,,,,,
linkedin,"Projektleiter SF-Hochbau Großprojekte (m/w/d) Darmstadt (Darmstadt, DE, 64283)",Implenia,"Darmstadt, Hesse, Germany",2026-09-08,https://www.linkedin.com/jobs/view/4436536293 , ,li-4436536293,fulltime,,,,,,False,mid-senior level,"Design, Art/Creative, and Information Technology",,morten.schmalz@implenia.com,Construction,https://ch.linkedin.com/company/implenia,,,,,,,,,,,
linkedin,KI2614 | Project Manager (m/f/d) in construction / real estate,THOST Projektmanagement GmbH,"Pforzheim, Baden-Württemberg, Germany",2026-09-08,https://www.linkedin.com/jobs/view/4463284925 , ,li-4463284925,fulltime,,,,,,False,mid-senior level,Project Management and Information Technology,,career@thost.com,Engineering Services,https://de.linkedin.com/company/thost-projektmanagement-gmbh,,,,,,,,,,,
linkedin,Projektmanager*in Transport (m/w/d),Arup,"Frankfurt am Main, Hesse, Germany",2026-09-08,https://www.linkedin.com/jobs/view/4408766667 , ,li-4408766667,fulltime,,,,,,False,mid-senior level,"Project Management, Design, and Consulting",,,Design Services and Architecture and Planning,https://uk.linkedin.com/company/arup,,,,,,,,,,,
linkedin,Projektleiter Bau/TGA als Bauherrenvertretung für KI- und Rechenzentrumprojekte (m/w/d) HN o. B,Schwarz Corporate Solutions,"Neckarsulm, Baden-Württemberg, Germany",2026-09-08,https://www.linkedin.com/jobs/view/4359493302 , ,li-4359493302,fulltime,,,,,,False,mid-senior level,"Design, Art/Creative, and Information Technology",,,Retail,https://de.linkedin.com/company/schwarzcorporatesolutions,,,,,,,,,,,
linkedin,Senior Salesforce Consultant (m/f/x),Salesfive,"Hamburg, Hamburg, Germany",2026-09-08,https://www.linkedin.com/jobs/view/4462510081 , ,li-4462510081,fulltime,,,,,,False,mid-senior level,Consulting,,,Business Consulting and Services,https://de.linkedin.com/company/salesfive-gmbh,,,,,,,,,,,
linkedin,IT-Projektleiter Terminalsysteme (m/w/d),ROSTOCK PORT,"Rostock, Mecklenburg-West Pomerania, Germany",2026-09-08,https://www.linkedin.com/jobs/view/4364154126 , ,li-4364154126,fulltime,,,,,,False,director,,,,"Transportation, Logistics, Supply Chain and Storage",https://de.linkedin.com/company/rostock-port,,,,,,,,,,,
linkedin,Senior ERP Finance Consultant / Projektleiter (m/w/d) – Microsoft Dynamics 365 Business Central,Product Pulse,"Munich, Bavaria, Germany",2026-09-08,https://www.linkedin.com/jobs/view/4463536995 , ,li-4463536995,fulltime,,,,,,True,mid-senior level,Consulting,,,IT Services and IT Consulting,https://de.linkedin.com/company/product-pulse-consulting,,,,,,,,,,,
linkedin,Teamleiter Forschung & Entwicklung Produktentwicklung (m/w/d),OPTIMA packaging group,"Stahringen, Baden-Württemberg, Germany",2026-09-08,https://www.linkedin.com/jobs/view/4462528276 , ,li-4462528276,fulltime,,,,,,False,mid-senior level,"Research, Analyst, and Information Technology",,,Machinery Manufacturing,https://de.linkedin.com/company/optima-packaging-group,,,,,,,,,,,
linkedin,Unit Lead SAP Financials (m/w/d),Scheer Group,"Munich, Bavaria, Germany",2026-09-08,https://www.linkedin.com/jobs/view/4319426118 , ,li-4319426118,fulltime,,,,,,False,mid-senior level,Management and Manufacturing,,,IT Services and IT Consulting,https://de.linkedin.com/company/scheer-gruppe,,,,,,,,,,,
linkedin,Team Lead - Project Management (d/f/m),DEPT®,"Hamburg, Hamburg, Germany",2026-09-08,https://www.linkedin.com/jobs/view/4455781220 , ,li-4455781220,fulltime,,,,,,False,mid-senior level,"Project Management, Consulting, and Product Management",,,Advertising Services,https://nl.linkedin.com/company/deptglobal,,,,,,,,,,,
linkedin,Team Lead - Project Management (d/f/m),DEPT®,"Berlin, Berlin, Germany",2026-09-08,https://www.linkedin.com/jobs/view/4455789155 , ,li-4455789155,fulltime,,,,,,False,mid-senior level,"Project Management, Consulting, and Product Management",,,Advertising Services,https://nl.linkedin.com/company/deptglobal,,,,,,,,,,,
linkedin,Projektmanager (m/w/d),team4media GmbH & Co. KG Werbeagentur,"Osnabrück, Lower Saxony, Germany",2026-09-08,https://www.linkedin.com/jobs/view/4464681800 , ,li-4464681800,fulltime,,,,,,False,entry level,Project Management and Information Technology,,,Advertising Services,https://de.linkedin.com/company/team4media-gmbh-werbeagentur,,,,,,,,,,,
linkedin,Senior Projektmanager Bau (m/w/d),Scherr+Klimke AG - Architekten Ingenieure,"Ulm, Baden-Württemberg, Germany",2026-09-08,https://www.linkedin.com/jobs/view/4462271076 , ,li-4462271076,fulltime,,,,,,False,mid-senior level,Project Management and Information Technology,,,Architecture and Planning,https://de.linkedin.com/company/scherr-klimke-ag-architekten-ingenieure,,,,,,,,,,,
linkedin,(DE) - Projektleiter (m/w/d) im Glasfaserausbau,Siers GmbH,"Emsbüren, Lower Saxony, Germany",2026-09-08,https://www.linkedin.com/jobs/view/4464440781 , ,li-4464440781,fulltime,,,,,,False,mid-senior level,"Design, Art/Creative, and Information Technology",,,Civil Engineering,https://de.linkedin.com/company/siers-gmbh,,,,,,,,,,,
linkedin,Global Product Director,Emma – The Sleep Company,"Frankfurt, Hesse, Germany",2026-09-08,https://www.linkedin.com/jobs/view/4436206191 , ,li-4436206191,fulltime,,,,,,True,not applicable,Product Management and Marketing,,,Retail,https://de.linkedin.com/company/lifeatemma,,,,,,,,,,,
linkedin,Senior IT Projektmanager:in (m/w/d),epco GmbH,"Monheim, North Rhine-Westphalia, Germany",2026-09-07,https://www.linkedin.com/jobs/view/4462976378 , ,li-4462976378,fulltime,,,,,,False,mid-senior level,Information Technology,,,Software Development,https://de.linkedin.com/company/epco-gmbh,,,,,,,,,,,
linkedin,SCADA Project Manager (f/m/d),Siemens Gamesa,"Hamburg, Hamburg, Germany",2026-09-07,https://www.linkedin.com/jobs/view/4462984550 , ,li-4462984550,fulltime,,,,,,False,mid-senior level,Engineering,,,"Appliances, Electrical, and Electronics Manufacturing",https://es.linkedin.com/company/siemensgamesa,,,,,,,,,,,
linkedin,Projektleiter / Project Manager Clinical Trials,VERTANICAL,"Munich, Bavaria, Germany",,https://www.linkedin.com/jobs/view/4462224514 , ,li-4462224514,fulltime,,,,,,False,not applicable,Project Management and Information Technology,,jobs@futrue.com,Pharmaceutical Manufacturing,https://de.linkedin.com/company/vertanical-gmbh,,,,,,,,,,,
linkedin,Projektleiter für Microsoft Dynamics 365 Business Central (w/m/d),TSO-DATA,"Nuremberg, Bavaria, Germany",,https://www.linkedin.com/jobs/view/4465233010 , ,li-4465233010,fulltime,,,,,,False,associate,Project Management,,,IT Services and IT Consulting,https://de.linkedin.com/company/tso-de,,,,,,,,,,,
linkedin,Projektmanager - Startplattformen für Lenkflugkörper (m/w/d),Rheinmetall,"Bremen, Bremen, Germany",,https://www.linkedin.com/jobs/view/4445835685 , ,li-4445835685,fulltime,,,,,,False,mid-senior level,Project Management and Information Technology,,,Defense and Space Manufacturing,https://de.linkedin.com/company/rheinmetall,,,,,,,,,,,
linkedin,Senior Technical Project Manager - IT Innovations (m/w/d),Bundesdruckerei-Gruppe,"Berlin, Germany",,https://www.linkedin.com/jobs/view/4398538110 , ,li-4398538110,fulltime,,,,,,False,mid-senior level,Project Management and Information Technology,,,IT Services and IT Consulting,https://de.linkedin.com/company/bundesdruckerei,,,,,,,,,,,
linkedin,Projektleiter Automation (w/m/d),AUCOTEAM GmbH,"Berlin, Berlin, Germany",,https://www.linkedin.com/jobs/view/4467048641 , ,li-4467048641,fulltime,,,,,,False,entry level,Engineering,,,"Appliances, Electrical, and Electronics Manufacturing",https://de.linkedin.com/company/aucoteam,,,,,,,,,,,
linkedin,Projektleiter:in Stromtrassen (m/w/d),Deutsche InfraSoft,"Leipzig, Saxony, Germany",,https://www.linkedin.com/jobs/view/4465209589 , ,li-4465209589,fulltime,,,,,,False,mid-senior level,"Design, Art/Creative, and Information Technology",,,Engineering Services,https://de.linkedin.com/company/deutsche-infrasoft,,,,,,,,,,,
linkedin,Senior Projektmanager (w/m/d) TGA,Assmann Beraten + Planen,"Hamburg, Germany",,https://www.linkedin.com/jobs/view/4467089171 , ,li-4467089171,fulltime,,,,,,False,associate,Project Management,,,Building Equipment Contractors and Engineering Services,https://de.linkedin.com/company/assmann-beraten-planen,,,,,,,,,,,
linkedin,Senior Project Manager (m/f/d),Exyte,"Bad Homburg, Hesse, Germany",,https://www.linkedin.com/jobs/view/4412131761 , ,li-4412131761,fulltime,,,,,,False,mid-senior level,Project Management and Information Technology,,lisamarie.kussmaul@exyte.net,Civil Engineering,https://de.linkedin.com/company/exyte-group,,,,,,,,,,,
linkedin,Projektleiter Elektrotechnik | Stark- und Schwachstrom (w/m/d),ROM Technik,"Ettlingen, Baden-Württemberg, Germany",,https://www.linkedin.com/jobs/view/4464784752 , ,li-4464784752,fulltime,,,,,,False,mid-senior level,Project Management,,,"Appliances, Electrical, and Electronics Manufacturing",https://de.linkedin.com/company/romtechnik,,,,,,,,,,,
linkedin,(Senior) Projektmanager Telekommunikation (M/W/D) - BU3,Live Reply DE,"Frankfurt, Hesse, Germany",,https://www.linkedin.com/jobs/view/4464774599 , ,li-4464774599,fulltime,,,,,,True,mid-senior level,Consulting,,,Telecommunications,https://de.linkedin.com/company/live-reply-de,,,,,,,,,,,
linkedin,Senior Projektmanager*in ACIS/FACTS (m/w/d),GE Vernova,"Dresden, Saxony, Germany",,https://www.linkedin.com/jobs/view/4458188513 , ,li-4458188513,fulltime,,,,,,False,mid-senior level,Project Management and Information Technology,,,Energy Technology,https://www.linkedin.com/company/gevernova,,,,,,,,,,,
linkedin,Senior Project Manager (m/w/d),VoiceLine,"Munich, Bavaria, Germany",,https://www.linkedin.com/jobs/view/4421579712 , ,li-4421579712,fulltime,,,,,,False,associate,Project Management,,,Software Development,https://de.linkedin.com/company/voiceline,,,,,,,,,,,
linkedin,Projektleiter HKLS (m/w/d) - Jobbird.com,Jobster,"Stuttgart, Baden-Württemberg, Germany",,https://www.linkedin.com/jobs/view/4465742154 , ,li-4465742154,fulltime,,,,,,False,mid-senior level,"Design, Art/Creative, and Information Technology",,,Software Development,https://nl.linkedin.com/company/jobster-com,,,,,,,,,,,
linkedin,(Senior) Projektleiter:in TGA (m/w/d),empact GmbH,"Berlin, Berlin, Germany",,https://www.linkedin.com/jobs/view/4467047717 , ,li-4467047717,fulltime,,,,,,True,associate,Engineering,,people@empact.energy,Services for Renewable Energy,https://de.linkedin.com/company/empact-gmbh,,,,,,,,,,,
linkedin,Projektleiter (m/w/d) Technische Gebäudeausstattung im Hochbau,GOLDBECK,"Hamburg, Germany",,https://www.linkedin.com/jobs/view/4447131449 , ,li-4447131449,fulltime,,,,,,False,associate,"Engineering, Strategy/Planning, and Other",,,"Construction, Architecture and Planning, and Real Estate",https://de.linkedin.com/company/goldbeck,,,,,,,,,,,
linkedin,Projektmanager (m/w/d) Versorgungstechnik,KNDS Deutschland,"Munich, Bavaria, Germany",,https://www.linkedin.com/jobs/view/4467071135 , ,li-4467071135,fulltime,,,,,,False,mid-senior level,Project Management and Information Technology,,,Defense and Space Manufacturing,https://de.linkedin.com/company/knds-deutschland,,,,,,,,,,,
linkedin,Technischer Projektleiter - Missionssysteme für Gefechtsfahrzeuge (m/w/d),Rheinmetall,"Bremen, Bremen, Germany",,https://www.linkedin.com/jobs/view/4445866621 , ,li-4445866621,fulltime,,,,,,False,mid-senior level,Project Management and Information Technology,,,Defense and Space Manufacturing,https://de.linkedin.com/company/rheinmetall,,,,,,,,,,,
linkedin,Technische Projektleitung – Ferngesteuerte Waffenstationen (m/w/d),Rheinmetall,"Bremen, Bremen, Germany",,https://www.linkedin.com/jobs/view/4445881503 , ,li-4445881503,fulltime,,,,,,False,mid-senior level,Information Technology,,,Defense and Space Manufacturing,https://de.linkedin.com/company/rheinmetall,,,,,,,,,,,
linkedin,Projektleiter MSR (m/w/d) Stuttgart - Jobbird.com,Jobster,"Stuttgart, Baden-Württemberg, Germany",,https://www.linkedin.com/jobs/view/4465713943 , ,li-4465713943,fulltime,,,,,,False,mid-senior level,"Design, Art/Creative, and Information Technology",,,Software Development,https://nl.linkedin.com/company/jobster-com,,,,,,,,,,,
linkedin,Projektleiter Elektrotechnik Anlagenbau (m/w/d),Michael Page,"Frankfurt am Main, Hesse, Germany",,https://www.linkedin.com/jobs/view/4467089984 , ,li-4467089984,fulltime,,,,,,False,mid-senior level,Manufacturing and Engineering,,,"Industrial Machinery Manufacturing and Appliances, Electrical, and Electronics Manufacturing",https://uk.linkedin.com/company/michael-page,,,,,,,,,,,
linkedin,Projektleiter (w/m/d) Brandschutztechnik in Berlin - Jobbird.com,Jobster,"Berlin, Berlin, Germany",,https://www.linkedin.com/jobs/view/4465753422 , ,li-4465753422,fulltime,,,,,,False,mid-senior level,"Design, Art/Creative, and Information Technology",,,Software Development,https://nl.linkedin.com/company/jobster-com,,,,,,,,,,,
linkedin,Projektmanager Digital Health (m/w/d) - Jobbird.com,Jobster,"Munich, Bavaria, Germany",,https://www.linkedin.com/jobs/view/4465756339 , ,li-4465756339,fulltime,,,,,,True,mid-senior level,Project Management and Information Technology,,,Software Development,https://nl.linkedin.com/company/jobster-com,,,,,,,,,,,
linkedin,Projektleiter HKLS (m/w/d) Raum Reutlingen - Jobbird.com,Jobster,"Reutlingen, Baden-Württemberg, Germany",,https://www.linkedin.com/jobs/view/4465761428 , ,li-4465761428,fulltime,,,,,,False,mid-senior level,"Design, Art/Creative, and Information Technology",,,Software Development,https://nl.linkedin.com/company/jobster-com,,,,,,,,,,,
linkedin,Projektsteuerer / Projektmanager (m/w/d) Infrastrukturprojekte,Vössing Ingenieurgesellschaft mbH,"Duisburg, North Rhine-Westphalia, Germany",,https://www.linkedin.com/jobs/view/4467084572 , ,li-4467084572,fulltime,,,,,,False,associate,Engineering,,,Engineering Services,https://de.linkedin.com/company/voessing,,,,,,,,,,,
linkedin,Projektleiter:in Elektrotechnik (m/w/d),NAT Neuberger Anlagen-Technik AG,"Ingolstadt, Bavaria, Germany",,https://www.linkedin.com/jobs/view/4467038640 , ,li-4467038640,fulltime,,,,,,False,entry level,,,,Construction,https://de.linkedin.com/company/nat-neuberger-anlagen-technik-ag,,,,,,,,,,,
linkedin,Projektleiter Elektrotechnik (m/w/d) Raum Karlsruhe - Jobbird.com,Jobster,"Karlsruhe, Baden-Württemberg, Germany",,https://www.linkedin.com/jobs/view/4465747020 , ,li-4465747020,fulltime,,,,,,True,mid-senior level,Engineering and Information Technology,,,Software Development,https://nl.linkedin.com/company/jobster-com,,,,,,,,,,,
linkedin,Projektleiter HKLS - Schwerpunkt Kältetechnik (m/w/d) - Jobbird.com,Jobster,"Cologne, North Rhine-Westphalia, Germany",,https://www.linkedin.com/jobs/view/4465745210 , ,li-4465745210,fulltime,,,,,,False,mid-senior level,"Design, Art/Creative, and Information Technology",,,Software Development,https://nl.linkedin.com/company/jobster-com,,,,,,,,,,,
linkedin,Projektleiter:in Wärme & Kälte (SHK-Meister / Techniker) (m/w/d),empact GmbH,,,https://www.linkedin.com/jobs/view/4467038732 , ,li-4467038732,fulltime,,,,,,True,associate,Engineering,,people@empact.energy,Services for Renewable Energy,https://de.linkedin.com/company/empact-gmbh,,,,,,,,,,,
linkedin,Projektleiterin Elektrotechnik Umspannwerke (a*),Hamburger Energienetze GmbH,"Sittensen, Lower Saxony, Germany",,https://www.linkedin.com/jobs/view/4467098759 , ,li-4467098759,fulltime,,,,,,False,mid-senior level,Engineering and Information Technology,,,Utilities,https://www.linkedin.com/company/hamburgerenergienetze,,,,,,,,,,,
linkedin,Project Manager Logistics (m/f/d),Amer Sports,"Garching, Bavaria, Germany",,https://www.linkedin.com/jobs/view/4458182857 , ,li-4458182857,fulltime,,,,,,False,mid-senior level,Project Management and Information Technology,,talentacquisition@amersports.com,Retail,https://fi.linkedin.com/company/amer-sports,,,,,,,,,,,
linkedin,Projektleiter:in Ingenieurvermessung (m/w/x),Deutsche InfraSoft,"Leipzig, Saxony, Germany",,https://www.linkedin.com/jobs/view/4465223428 , ,li-4465223428,fulltime,,,,,,False,mid-senior level,"Design, Art/Creative, and Information Technology",,,Engineering Services,https://de.linkedin.com/company/deutsche-infrasoft,,,,,,,,,,,
linkedin,Projektleiter:in IGM/TGM,hiral GmbH - we're hiring!,"Frankfurt am Main, Hesse, Germany",,https://www.linkedin.com/jobs/view/4465231997 , ,li-4465231997,fulltime,,,,,,False,associate,Project Management,,,Facilities Services,https://de.linkedin.com/company/hiral,,,,,,,,,,,
linkedin,Projektleiter (m/w/d) Schlüsselfertiger Hochbau,GOLDBECK,"Bielefeld, North Rhine-Westphalia, Germany",,https://www.linkedin.com/jobs/view/4434117539 , ,li-4434117539,fulltime,,,,,,False,associate,Engineering,,,"Construction, Real Estate, and Architecture and Planning",https://de.linkedin.com/company/goldbeck,,,,,,,,,,,
linkedin,Gesamtprojektleiter:in Infrastruktur,Deutsche Bahn,"Leipzig, Saxony, Germany",,https://www.linkedin.com/jobs/view/4375107544 , ,li-4375107544,fulltime,,,,,,False,director,Other,,,Truck Transportation,https://de.linkedin.com/company/deutschebahn,,,,,,,,,,,
linkedin,Projektmanager – Leichthallenbau (m/w/d),Herchenbach Industrial Buildings GmbH,"Hennef, North Rhine-Westphalia, Germany",,https://www.linkedin.com/jobs/view/4467070198 , ,li-4467070198,fulltime,,,,,,True,associate,Project Management,,,Construction,https://de.linkedin.com/company/herchenbach,,,,,,,,,,,
linkedin,(Senior) Projektkoordinator (m/w/d) Hochbau & Stadtentwicklung,Immobilien Management Essen GmbH (IME),"Essen, North Rhine-Westphalia, Germany",,https://www.linkedin.com/jobs/view/4441946273 , ,li-4441946273,fulltime,,,,,,False,associate,Engineering and Project Management,,,"Real Estate, Engineering Services, and Architecture and Planning",https://de.linkedin.com/company/immobilien-management-essen-gmbh-ime,,,,,,,,,,,
linkedin,Senior IT-Projektleiter - IT Services (m/w/d),BWI GmbH,"Bonn, North Rhine-Westphalia, Germany",,https://www.linkedin.com/jobs/view/4467210065 , ,li-4467210065,fulltime,,,,,,False,mid-senior level,Information Technology,,,IT Services and IT Consulting,https://de.linkedin.com/company/bwi-gmbh,,,,,,,,,,,
linkedin,Project Manager_Vehicle Attribute Integration,Chery Europe GmbH,"Raunheim, Hesse, Germany",,https://www.linkedin.com/jobs/view/4467200281 , ,li-4467200281,fulltime,,,,,,False,mid-senior level,Engineering,,,Business Consulting and Services and Engineering Services,https://de.linkedin.com/company/chery-europe-gmbh,,,,,,,,,,,
linkedin,Projektleiter (m/w/d) Hochbau (Gewerbe- und Industriebau) Berlin-Brandenburg,GOLDBECK,"Ludwigsfelde, Brandenburg, Germany",,https://www.linkedin.com/jobs/view/4436817030 , ,li-4436817030,fulltime,,,,,,False,associate,"Strategy/Planning, Other, and Engineering",,,"Construction, Real Estate, and Architecture and Planning",https://de.linkedin.com/company/goldbeck,,,,,,,,,,,
linkedin,Projektleiter Hochbau (m/w/d),GOLDBECK,"Hamburg, Germany",,https://www.linkedin.com/jobs/view/4459837289 , ,li-4459837289,fulltime,,,,,,False,associate,Engineering,,,"Architecture and Planning, Real Estate, and Construction",https://de.linkedin.com/company/goldbeck,,,,,,,,,,,
linkedin,Projektleiter Naval Communication Systems (w/m/d),Brunel,"Kiel, Schleswig-Holstein, Germany",,https://www.linkedin.com/jobs/view/4465786509 , ,li-4465786509,fulltime,,,,,,False,not applicable,Manufacturing,,,Shipbuilding,https://nl.linkedin.com/company/brunel,,,,,,,,,,,
linkedin,Technischer Senior Projektleiter KI-Agentur (m/w/d),sandan AI,"Berlin, Berlin, Germany",,https://www.linkedin.com/jobs/view/4464793812 , ,li-4464793812,fulltime,,,,,,True,mid-senior level,Project Management,,,IT Services and IT Consulting,https://de.linkedin.com/company/sandan-ai,,,,,,,,,,,
linkedin,Senior Projektleiter / Elektrotechniker (m/w/d) Smart Grid Software | Remote innerhalb DE/AT,Venios GmbH,"Berlin, Berlin, Germany",,https://www.linkedin.com/jobs/view/4465216775 , ,li-4465216775,fulltime,,,,,,True,mid-senior level,Information Technology,,,Software Development,https://de.linkedin.com/company/venios-gmbh,,,,,,,,,,,
linkedin,Projektleiter Bergbau (m/w/d),Innomotics,"Erlangen, Bavaria, Germany",,https://www.linkedin.com/jobs/view/4454601345 , ,li-4454601345,fulltime,,,,,,False,mid-senior level,"Design, Art/Creative, and Information Technology",,,Machinery Manufacturing,https://de.linkedin.com/company/innomotics,,,,,,,,,,,
linkedin,Technischer Projektleiter (m/w/d),ABB,"Ratingen, North Rhine-Westphalia, Germany",,https://www.linkedin.com/jobs/view/4465789979 , ,li-4465789979,fulltime,,,,,,False,mid-senior level,Information Technology,,,Automation Machinery Manufacturing,https://ch.linkedin.com/company/abb,,,,,,,,,,,
linkedin,Projektleiter (m/w/d) Schalung und Gerüst,PERI,"Munich, Bavaria, Germany",,https://www.linkedin.com/jobs/view/4467240157 , ,li-4467240157,fulltime,,,,,,False,mid-senior level,"Design, Art/Creative, and Information Technology",,,Construction,https://de.linkedin.com/company/peri,,,,,,,,,,,
linkedin,Elektrotechniker als Projektleiter - Überwachung & Steuerung Projektmanagement Energiewirtschaft (a*),Hamburger Energienetze GmbH,"Hamburg, Hamburg, Germany",,https://www.linkedin.com/jobs/view/4467077950 , ,li-4467077950,fulltime,,,,,,False,mid-senior level,Management and Manufacturing,,,Utilities,https://www.linkedin.com/company/hamburgerenergienetze,,,,,,,,,,,
linkedin,Technische Projektleitung – Fire Control Solutions & Strike Assets (m/w/d),Rheinmetall,"Bremen, Bremen, Germany",,https://www.linkedin.com/jobs/view/4445832779 , ,li-4445832779,fulltime,,,,,,False,mid-senior level,Information Technology,,,Defense and Space Manufacturing,https://de.linkedin.com/company/rheinmetall,,,,,,,,,,,
linkedin,Projektleiter (m/w/d) Schlüsselfertiger Hochbau,GOLDBECK,"Leipzig, Saxony, Germany",,https://www.linkedin.com/jobs/view/4464850881 , ,li-4464850881,fulltime,,,,,,False,associate,"Engineering, Strategy/Planning, and Other",,,"Construction, Architecture and Planning, and Real Estate",https://de.linkedin.com/company/goldbeck,,,,,,,,,,,
linkedin,Projektleiter Tiefbau/Bahntechnik (m/w/d),LEONHARD WEISS GmbH & Co. KG,"Nuremberg, Bavaria, Germany",,https://www.linkedin.com/jobs/view/4305434518 , ,li-4305434518,fulltime,,,,,,False,associate,"Engineering, Project Management, and Other",,,Construction,https://de.linkedin.com/company/leonhard-weiss-gmbh-&-co-kg,,,,,,,,,,,
linkedin,Projektleiter (m/w/d) Technische Projekte & Auftragssteuerung,CHEFS CULINAR,"Essen, North Rhine-Westphalia, Germany",,https://www.linkedin.com/jobs/view/4465796401 , ,li-4465796401,fulltime,,,,,,False,mid-senior level,"Design, Art/Creative, and Information Technology",,,Wholesale,https://de.linkedin.com/company/chefsculinar,,,,,,,,,,,
linkedin,Projektleiter Elektrotechnik (m/w/d),R+S Group GmbH,"Bonn, North Rhine-Westphalia, Germany",,https://www.linkedin.com/jobs/view/4464790964 , ,li-4464790964,fulltime,,,,,,False,executive,Project Management,,,"Appliances, Electrical, and Electronics Manufacturing",https://de.linkedin.com/company/rsgroupkarriere,,,,,,,,,,,
linkedin,Projektleiterin Elektrotechnik Umspannwerke (a*),Hamburger Energienetze GmbH,"Hamburg, Hamburg, Germany",,https://www.linkedin.com/jobs/view/4467078890 , ,li-4467078890,fulltime,,,,,,False,mid-senior level,Engineering and Information Technology,,,Utilities,https://www.linkedin.com/company/hamburgerenergienetze,,,,,,,,,,,
linkedin,Projektleiter Elektrotechnik (m/w/d) München - Jobbird.com,Jobster,"Munich, Bavaria, Germany",,https://www.linkedin.com/jobs/view/4465721922 , ,li-4465721922,fulltime,,,,,,False,mid-senior level,Engineering and Information Technology,,,Software Development,https://nl.linkedin.com/company/jobster-com,,,,,,,,,,,
linkedin,IT-Projektleiter Klassisch / Agil (m/w/d),blu Professionals,"Munich, Bavaria, Germany",,https://www.linkedin.com/jobs/view/4467094069 , ,li-4467094069,fulltime,,,,,,False,mid-senior level,Information Technology,,,Business Consulting and Services,https://de.linkedin.com/company/blu-professionals,,,,,,,,,,,
linkedin,PROJEKTLEITER (m/w/d) SCHLÜSSELFERTIGBAU,BREMER AG,"Paderborn, North Rhine-Westphalia, Germany",,https://www.linkedin.com/jobs/view/3962910999 , ,li-3962910999,fulltime,,,,,,False,mid-senior level,"Design, Art/Creative, and Information Technology",,,Construction,https://de.linkedin.com/company/bremer-se,,,,,,,,,,,
linkedin,Projektleitung (m/w/d) technischer Brandschutz,WAGNER Group GmbH,,,https://www.linkedin.com/jobs/view/4465205978 , ,li-4465205978,fulltime,,,,,,False,associate,,,,Fire Protection and Public Safety,https://de.linkedin.com/company/wagner-group-gmbh,,,,,,,,,,,
linkedin,Projektleiter (m/w/d),Bau- und Projektleitung Exeler GmbH,"Lingen (Ems), Lower Saxony, Germany",,https://www.linkedin.com/jobs/view/4464789833 , ,li-4464789833,fulltime,,,,,,False,mid-senior level,"Design, Art/Creative, and Information Technology",,,Construction,https://www.linkedin.com/company/bplexeler,,,,,,,,,,,
linkedin,Bau- und Projektleiter (m/w/d) Ostdeutschland,Dirk Rossmann GmbH,"Cottbus, Brandenburg, Germany",,https://www.linkedin.com/jobs/view/4467064060 , ,li-4467064060,fulltime,,,,,,False,mid-senior level,Project Management and Information Technology,,,Retail,https://de.linkedin.com/company/dirk-rossmann-gmbh,,,,,,,,,,,
linkedin,Projektleiter (m/w/d) Sanierung (Stadt- und Dorferneuerung),LBBW Immobilien,"Stuttgart, Baden-Württemberg, Germany",,https://www.linkedin.com/jobs/view/4467039921 , ,li-4467039921,fulltime,,,,,,False,associate,Project Management,,,Real Estate,https://de.linkedin.com/company/lbbw-immobilien,,,,,,,,,,,
linkedin,Projektleiterin Elektrotechnik Umspannwerke (a*),Hamburger Energienetze GmbH,"Lunenburg, Lower Saxony, Germany",,https://www.linkedin.com/jobs/view/4467080922 , ,li-4467080922,fulltime,,,,,,False,mid-senior level,Engineering and Information Technology,,,Utilities,https://www.linkedin.com/company/hamburgerenergienetze,,,,,,,,,,,
linkedin,Bauleiter (m/w/d) für Wohnungsbau & Bestands­sanierung,Corus Group,"Frankfurt, Hesse, Germany",,https://www.linkedin.com/jobs/view/4465207489 , ,li-4465207489,fulltime,,,,,,False,mid-senior level,Manufacturing,,,Real Estate,https://de.linkedin.com/company/corus-holding,,,,,,,,,,,
linkedin,Projektsteuerer / Projektleiter (m/w/d) für integrale Planungsprojekte,Firmengruppe Max Bögl,"Sengenthal, Bavaria, Germany",,https://www.linkedin.com/jobs/view/4463346279 , ,li-4463346279,fulltime,,,,,,False,associate,"Strategy/Planning, Consulting, and Engineering",,,Construction,https://de.linkedin.com/company/firmengruppe-max-b%C3%B6gl,,,,,,,,,,,
linkedin,Senior Product Manager - Biopharma (d/f/m),Aignostics,"Berlin, Germany",,https://www.linkedin.com/jobs/view/4433843036 , ,li-4433843036,fulltime,,,,,,True,mid-senior level,Product Management and Marketing,,,Software Development and Hospitals and Health Care,https://de.linkedin.com/company/aignostics,,,,,,,,,,,
linkedin,Senior Product Manager - AI Pathology (d/f/m),Aignostics,"Berlin, Germany",,https://www.linkedin.com/jobs/view/4418728953 , ,li-4418728953,fulltime,,,,,,True,mid-senior level,Product Management and Marketing,,,Software Development,https://de.linkedin.com/company/aignostics,,,,,,,,,,,
linkedin,(Senior) Product Manager (all genders),Shiftmove,"Berlin, Berlin, Germany",,https://www.linkedin.com/jobs/view/4439021660 , ,li-4439021660,fulltime,,,,,,True,mid-senior level,Product Management and Marketing,,,IT Services and IT Consulting,https://de.linkedin.com/company/shiftmove,,,,,,,,,,,
linkedin,Product Manager (m/w/d) – Ecosystem Solutions (B2B2C),ubitricity,"Berlin, Berlin, Germany",,https://www.linkedin.com/jobs/view/4464797135 , ,li-4464797135,fulltime,,,,,,True,associate,Project Management,,,Oil and Gas,https://de.linkedin.com/company/ubitricity,,,,,,,,,,,
linkedin,German Speaking Technical Health Product Manager (Remote),Ignite,"Hamburg, Hamburg, Germany",,https://www.linkedin.com/jobs/view/4465490228 , ,li-4465490228,fulltime,,,,,,True,not applicable,Product Management and Marketing,,,"Technology, Information and Internet",https://www.linkedin.com/company/ignite.11,,,,,,,,,,,
linkedin,German Speaking Technical Health Product Manager (Remote),Ignite,"Berlin, Berlin, Germany",,https://www.linkedin.com/jobs/view/4465483258 , ,li-4465483258,fulltime,,,,,,True,not applicable,Product Management and Marketing,,,"Technology, Information and Internet",https://www.linkedin.com/company/ignite.11,,,,,,,,,,,
linkedin,Senior Product Manager - Core Banking Platform (m/w/d),Avarda,"Berlin, Berlin, Germany",,https://www.linkedin.com/jobs/view/4465728341 , ,li-4465728341,fulltime,,,,,,False,mid-senior level,Product Management and Marketing,,,Financial Services,https://se.linkedin.com/company/avarda-bank-ab,,,,,,,,,,,
linkedin,Global Product Manager Actuators & Positioners (w/m/d),ABB,"Minden, North Rhine-Westphalia, Germany",,https://www.linkedin.com/jobs/view/4460983373 , ,li-4460983373,fulltime,,,,,,True,mid-senior level,Product Management and Marketing,,,Automation Machinery Manufacturing,https://ch.linkedin.com/company/abb,,,,,,,,,,,
linkedin,Produktmanager (m/w/d) - Telemedizin,vitagroup Health Dialog,"Mannheim, Baden-Württemberg, Germany",,https://www.linkedin.com/jobs/view/4465780366 , ,li-4465780366,fulltime,,,,,,False,associate,Information Technology,,,Software Development,https://de.linkedin.com/showcase/vitagroup-health-dialog/,,,,,,,,,,,
linkedin,Senior Product Manager (m/f/x) Growth / E-Commerce,FINN,"Munich, Bavaria, Germany",,https://www.linkedin.com/jobs/view/4411617996 , ,li-4411617996,fulltime,,,,,,False,mid-senior level,Management and Manufacturing,,,"Motor Vehicle Manufacturing and Technology, Information and Internet",https://de.linkedin.com/company/finn-auto,,,,,,,,,,,
linkedin,Senior Product Manager (f/m/x) - Media Planning & Fulfillment Tools,Bonial Germany,"Berlin, Berlin, Germany",,https://www.linkedin.com/jobs/view/4449387150 , ,li-4449387150,fulltime,,,,,,False,mid-senior level,Information Technology,,,IT Services and IT Consulting,https://de.linkedin.com/company/bonial-international,,,,,,,,,,,
linkedin,Product Manager System IT (w/m/d),Brunel,"Schleswig-Holstein, Germany",,https://www.linkedin.com/jobs/view/4467246363 , ,li-4467246363,fulltime,,,,,,False,mid-senior level,Product Management and Marketing,,,Staffing and Recruiting,https://nl.linkedin.com/company/brunel,,,,,,,,,,,
linkedin,Produktmanager Wertpapier (w/m/d),Sparkasse Rosenheim-Bad Aibling,"Rosenheim, Bavaria, Germany",,https://www.linkedin.com/jobs/view/4465764275 , ,li-4465764275,fulltime,,,,,,False,associate,,,,Savings Institutions,https://de.linkedin.com/company/sparkasse-rosenheim-bad-aibling,,,,,,,,,,,
linkedin,Product Owner Finance Solutions (M/W/D),crossbuilders,"Cologne, North Rhine-Westphalia, Germany",,https://www.linkedin.com/jobs/view/4464786938 , ,li-4464786938,fulltime,,,,,,True,mid-senior level,Other,,,Administrative and Support Services,https://de.linkedin.com/company/crossbuilders,,,,,,,,,,,
linkedin,Brand & Product Development Lead (m/w/d),12minutes Erste-Hilfe-Kurs für Säuglinge und Kinder,,,https://www.linkedin.com/jobs/view/4465210638 , ,li-4465210638,fulltime,,,,,,False,mid-senior level,Product Management,,,Medical Practices,https://de.linkedin.com/company/12minutes,,,,,,,,,,,
linkedin,Produktmanager / Einkäufer Malerwerkzeuge (m/w/d) Burk,MACS HOLDING GmbH,"Burk, Bavaria, Germany",,https://www.linkedin.com/jobs/view/4467207725 , ,li-4467207725,fulltime,,,,,,False,entry level,Product Management and Marketing,,,Wholesale,https://de.linkedin.com/company/macs-holding,,,,,,,,,,,
linkedin,Entrepreneur in Residence (AI) / Business Development Manager (m/w/d),Friendventure Digitalagentur,"Cologne, North Rhine-Westphalia, Germany",,https://www.linkedin.com/jobs/view/4465218414 , ,li-4465218414,fulltime,,,,,,False,associate,Analyst and Management,,,Software Development,https://de.linkedin.com/company/friendventure-gmbh,,,,,,,,,,,
linkedin,Marketing Manager KI-Produkte (m/w/d),EuraTel GmbH,"Leipzig, Saxony, Germany",,https://www.linkedin.com/jobs/view/4465205770 , ,li-4465205770,fulltime,,,,,,False,associate,Marketing,,,Telecommunications,https://de.linkedin.com/company/euratel-gmbh,,,,,,,,,,,
linkedin,Senior Manager*in KI und Digitalisierung,Vivantes – Netzwerk für Gesundheit GmbH,"Berlin, Berlin, Germany",,https://www.linkedin.com/jobs/view/4467068947 , ,li-4467068947,fulltime,,,,,,False,mid-senior level,Other,,,Hospitals and Health Care,https://de.linkedin.com/company/vivantesgmbh,,,,,,,,,,,
linkedin,Team Lead GenAI Platform (m/f/d),KION Group,"Frankfurt am Main, Hesse, Germany",,https://www.linkedin.com/jobs/view/4430969707 , ,li-4430969707,fulltime,,,,,,False,mid-senior level,Information Technology,,,Machinery Manufacturing,https://de.linkedin.com/company/kiongroup,,,,,,,,,,,
linkedin,Air Freight Systems & Digital Delivery Manager,DHL Global Forwarding,"Bonn, North Rhine-Westphalia, Germany",,https://www.linkedin.com/jobs/view/4465319784 , ,li-4465319784,fulltime,,,,,,False,mid-senior level,Management and Manufacturing,,,"Transportation, Logistics, Supply Chain and Storage",https://de.linkedin.com/company/dhl-global-forwarding,,,,,,,,,,,
linkedin,IT- Projektmanager - Demand Management (m/w/d),BKK firmus,"Bremen, Germany",,https://www.linkedin.com/jobs/view/4465777973 , ,li-4465777973,fulltime,,,,,,False,associate,Information Technology,,,"Insurance, IT Services and IT Consulting, and Hospitals and Health Care",https://de.linkedin.com/company/bkk-firmus,,,,,,,,,,,
