site,title,company,location,date_posted,job_url,job_url_direct,id,job_type,salary_source,interval,min_amount,max_amount,currency,is_remote,job_level,job_function,listing_type,emails,company_industry,company_url,company_url_direct,company_addresses,company_num_employees,company_revenue,company_description,skills,experience_range,company_rating,company_reviews_count,vacancy_count,work_from_home_type
linkedin,Project Manager (m/w/d),shyftplan,"Berlin, Berlin, Germany",2026-08-06,https://www.linkedin.com/jobs/view/4448416270 , ,li-4448416270,fulltime,,,,,,False,associate,Project Management and Information Technology,,,Software Development,https://de.linkedin.com/company/shyftplan,,,,,,,,,,,
linkedin,(Senior) Project Lead Retail and Supply Chain Compliance (alle Geschlechter),OBI Group Holding,"Wermelskirchen, North Rhine-Westphalia, Germany",2026-08-06,https://www.linkedin.com/jobs/view/4384727752 , ,li-4384727752,fulltime,,,,,,False,mid-senior level,Sales and Business Development,,,Retail,https://de.linkedin.com/company/obi,,,,,,,,,,,
linkedin,Produktmanager (m/w/d) in Vollzeit,ept GmbH,"Peiting, Bavaria, Germany",2026-08-06,https://www.linkedin.com/jobs/view/4448097615 , ,li-4448097615,fulltime,,,,,,False,associate,Product Management,,personal@ept.de,Computers and Electronics Manufacturing,https://de.linkedin.com/company/ept-gmbh,,,,,,,,,,,
linkedin,Senior Product Manager (f/m/x) - Media Planning & Fulfillment Tools,Bonial Germany,"Berlin, Berlin, Germany",2026-08-06,https://www.linkedin.com/jobs/view/4449387150 , ,li-4449387150,fulltime,,,,,,False,mid-senior level,Information Technology,,,IT Services and IT Consulting,https://de.linkedin.com/company/bonial-international,,,,,,,,,,,
linkedin,Product Manager,Kira,,2026-08-06,https://www.linkedin.com/jobs/view/4449329701 , ,li-4449329701,fulltime,,,,,,True,mid-senior level,Product Management and Marketing,,,Software Development,https://my.linkedin.com/company/kira-official,,,,,,,,,,,
linkedin,Principal Product Manager: Fulfillment Center,knuspr.de,"Berlin, Berlin, Germany",2026-08-06,https://www.linkedin.com/jobs/view/4441242269 , ,li-4441242269,fulltime,,,,,,False,mid-senior level,Product Management and Marketing,,,Food and Beverage Services,https://de.linkedin.com/company/knuspr,,,,,,,,,,,
linkedin,Product Manager (m/f/d) Sertica,Hapag-Lloyd AG,"Hamburg, Hamburg, Germany",2026-08-06,https://www.linkedin.com/jobs/view/4448093631 , ,li-4448093631,fulltime,,,,,,True,mid-senior level,Engineering,,,"Transportation, Logistics, Supply Chain and Storage",https://de.linkedin.com/company/hapag-lloyd-ag,,,,,,,,,,,
linkedin,Product Manager (m/f/d),ZABEL,"Hamburg, Germany",2026-08-06,https://www.linkedin.com/jobs/view/4449998851 , ,li-4449998851,fulltime,,,,,,False,mid-senior level,Information Technology,,c.clodius@zabelglobal.com,Staffing and Recruiting,https://de.linkedin.com/company/zabelconsulting,,,,,,,,,,,
linkedin,Senior Product Manager,develop,"Berlin, Berlin, Germany",2026-08-06,https://www.linkedin.com/jobs/view/4450226247 , ,li-4450226247,fulltime,,,,,,True,not applicable,Information Technology,,,Software Development,https://uk.linkedin.com/company/developrec,,,,,,,,,,,
linkedin,Product Owner / Product Manager (all genders),EnopAI,"Munich, Bavaria, Germany",2026-08-06,https://www.linkedin.com/jobs/view/4424740075 , ,li-4424740075,fulltime,,,,,,False,mid-senior level,Product Management and Marketing,,,"Technology, Information and Internet",https://de.linkedin.com/company/enopai,,,,,,,,,,,
linkedin,Product Manager (f/m/d) - FinTech for Social Care,Parto,"Hamburg, Hamburg, Germany",2026-08-06,https://www.linkedin.com/jobs/view/4449978237 , ,li-4449978237,fulltime,,,,,,True,associate,Product Management,,,Software Development,https://de.linkedin.com/company/goparto,,,,,,,,,,,
linkedin,Project Manager (m/w/d),Nexans,"Burgdorf, Lower Saxony, Germany",2026-08-06,https://www.linkedin.com/jobs/view/4450248928 , ,li-4450248928,fulltime,,,,,,False,mid-senior level,Project Management,,merve.keller@nexans.com,Electrical Equipment Manufacturing,https://fr.linkedin.com/company/nexans,,,,,,,,,,,
linkedin,(Senior) Project Lead - KI-Beratung  (m/w/d),Lucid Labs,"Berlin, Berlin, Germany",2026-08-06,https://www.linkedin.com/jobs/view/4449972151 , ,li-4449972151,fulltime,,,,,,True,not applicable,Consulting,,,Software Development,https://de.linkedin.com/company/lucidlabs-official,,,,,,,,,,,
linkedin,Project Consultant (m/w/d),shyftplan,"Berlin, Berlin, Germany",2026-08-06,https://www.linkedin.com/jobs/view/4448413328 , ,li-4448413328,fulltime,,,,,,False,associate,Project Management and Information Technology,,,Software Development,https://de.linkedin.com/company/shyftplan,,,,,,,,,,,
linkedin,Senior Project Manager (w/m/d) Site Installation of Converter Stations,Siemens,"Berlin, Berlin, Germany",2026-08-06,https://www.linkedin.com/jobs/view/4413577083 , ,li-4413577083,fulltime,,,,,,False,mid-senior level,Engineering,,,Automation Machinery Manufacturing,https://de.linkedin.com/company/siemens,,,,,,,,,,,
linkedin,ELV Package Manager,Mercury,"Frankfurt, Hesse, Germany",2026-08-06,https://www.linkedin.com/jobs/view/4391891011 , ,li-4391891011,fulltime,,,,,,False,mid-senior level,"Design, Art/Creative, and Information Technology",,,Construction,https://ie.linkedin.com/company/mercury-engineering,,,,,,,,,,,
linkedin,(Senior) Manager (all genders) Scaling and Transforming Defense,Porsche Consulting,"Berlin, Germany",2026-08-06,https://www.linkedin.com/jobs/view/4382329135 , ,li-4382329135,fulltime,,,,,,False,mid-senior level,Other,,,Business Consulting and Services,https://de.linkedin.com/company/porsche-consulting-,,,,,,,,,,,
linkedin,Expert Network Deployment (m/w/d),Vodafone,"Eschborn, Hesse, Germany",2026-08-06,https://www.linkedin.com/jobs/view/4448426591 , ,li-4448426591,fulltime,,,,,,False,not applicable,Other,,,"Information Services, IT Services and IT Consulting, and Telecommunications",https://uk.linkedin.com/company/vodafone,,,,,,,,,,,
linkedin,Senior Project Manager - Data Centre Development,Mace,"Frankfurt, Hesse, Germany",2026-08-06,https://www.linkedin.com/jobs/view/4433095017 , ,li-4433095017,fulltime,,,,,,False,not applicable,Project Management and Information Technology,,,"Construction, Civil Engineering, and Architecture and Planning",https://uk.linkedin.com/company/mace-group,,,,,,,,,,,
linkedin,Commissioning Manager,Bureau Veritas Mission Critical,"Frankfurt am Main, Hesse, Germany",2026-08-06,https://www.linkedin.com/jobs/view/4450218084 , ,li-4450218084,fulltime,,,,,,False,mid-senior level,Engineering,,sheetal.bhiwande@bureauveritas.com,Construction,https://www.linkedin.com/company/bureau-veritas-mission-critical,,,,,,,,,,,
linkedin,Site Lead - Enterprise Knowledge Management (EKM),Kentro,"Böblingen, Baden-Württemberg, Germany",2026-08-06,https://www.linkedin.com/jobs/view/4441478579 , ,li-4441478579,fulltime,,,,,,False,not applicable,Project Management,,"careers@kentro.us, careers@kentro.us",IT Services and IT Consulting,https://www.linkedin.com/company/kentro-official,,,,,,,,,,,
linkedin,Senior Manager Technical Projects,Marvel Fusion,"Munich, Bavaria, Germany",2026-08-06,https://www.linkedin.com/jobs/view/4449765071 , ,li-4449765071,fulltime,,,,,,False,mid-senior level,Project Management and Information Technology,,,Electric Power Generation,https://de.linkedin.com/company/marvelfusion,,,,,,,,,,,
linkedin,Project Manager (m/w/d) Produktentwicklung Sicherheitstechnik,Dräger,"Lübeck, Schleswig-Holstein, Germany",2026-08-06,https://www.linkedin.com/jobs/view/4419611395 , ,li-4419611395,fulltime,,,,,,False,mid-senior level,Project Management and Information Technology,,celina.radmer@draeger.com,Manufacturing,https://de.linkedin.com/company/draeger,,,,,,,,,,,
linkedin,Projektmanager (m/w/d) Cruise,KfW IPEX-Bank,"Frankfurt am Main, Hesse, Germany",2026-08-06,https://www.linkedin.com/jobs/view/4449744832 , ,li-4449744832,fulltime,,,,,,False,mid-senior level,Accounting/Auditing,,,Banking,https://de.linkedin.com/company/kfw-ipex-bank,,,,,,,,,,,
linkedin,Project Manager (f/m/d),Nexans,"Burgdorf, Lower Saxony, Germany",2026-08-06,https://www.linkedin.com/jobs/view/4450280279 , ,li-4450280279,fulltime,,,,,,False,mid-senior level,Project Management and Information Technology,,merve.keller@nexans.com,Manufacturing,https://fr.linkedin.com/company/nexans,,,,,,,,,,,
linkedin,Research Projects Manager (m/f/d),planqc,"Garching, Bavaria, Germany",2026-08-06,https://www.linkedin.com/jobs/view/4449739543 , ,li-4449739543,fulltime,,,,,,False,associate,Other,,,Software Development,https://de.linkedin.com/company/planqc,,,,,,,,,,,
linkedin,Senior Global Project Manager - COO Office (m/w/d),BizLink Group,"Roth, Bavaria, Germany",2026-08-06,https://www.linkedin.com/jobs/view/4448441081 , ,li-4448441081,fulltime,,,,,,False,mid-senior level,Project Management and Information Technology,,,"Appliances, Electrical, and Electronics Manufacturing",https://www.linkedin.com/company/bizlink-technology-inc-,,,,,,,,,,,
linkedin,Specialist Portfolio Planning & Execution (m/f/d) - Jobbird.com,Jobster,"Hamburg, Hamburg, Germany",2026-08-06,https://www.linkedin.com/jobs/view/4449394719 , ,li-4449394719,parttime,,,,,,False,mid-senior level,Finance and Sales,,,Software Development,https://nl.linkedin.com/company/jobster-com,,,,,,,,,,,
linkedin,Project Manager,Darwin Recruitment,"Wesel, North Rhine-Westphalia, Germany",2026-08-06,https://www.linkedin.com/jobs/view/4449755637 , ,li-4449755637,fulltime,,,,,,True,not applicable,Project Management,,,Services for Renewable Energy,https://uk.linkedin.com/company/darwin-recruitment-3,,,,,,,,,,,
linkedin,Technical Engineer Manager - SME,CACI International Inc,"Stuttgart, Baden-Württemberg, Germany",2026-08-06,https://www.linkedin.com/jobs/view/4445057112 , ,li-4445057112,fulltime,,,,,,False,not applicable,Other,,,Defense and Space Manufacturing,https://www.linkedin.com/company/caci-international-inc,,,,,,,,,,,
linkedin,Product Owner Data Fusion Platform (m/w/d),BWI GmbH,"Bonn, North Rhine-Westphalia, Germany",2026-08-06,https://www.linkedin.com/jobs/view/4432297147 , ,li-4432297147,fulltime,,,,,,False,mid-senior level,Product Management and Marketing,,,IT Services and IT Consulting,https://de.linkedin.com/company/bwi-gmbh,,,,,,,,,,,
linkedin,Scrum Product Owner (all genders),PŸUR | Tele Columbus,,2026-08-06,https://www.linkedin.com/jobs/view/4432646087 , ,li-4432646087,fulltime,,,,,,False,mid-senior level,Product Management and Marketing,,,Telecommunications,https://de.linkedin.com/company/telecolumbus,,,,,,,,,,,
linkedin,Product Lead,Kira,,2026-08-06,https://www.linkedin.com/jobs/view/4449341350 , ,li-4449341350,fulltime,,,,,,True,mid-senior level,Product Management and Marketing,,,Software Development,https://my.linkedin.com/company/kira-official,,,,,,,,,,,
linkedin,Category Manager E-Commerce (m/w/d),Instaffo,"Berlin, Berlin, Germany",2026-08-06,https://www.linkedin.com/jobs/view/4449979379 , ,li-4449979379,fulltime,,,,,,False,mid-senior level,Marketing and Advertising,,,Staffing and Recruiting,https://de.linkedin.com/company/instaffo-gmbh,,,,,,,,,,,
linkedin,Project Manager,Mercury,"Frankfurt, Hesse, Germany",2026-08-06,https://www.linkedin.com/jobs/view/4319882513 , ,li-4319882513,fulltime,,,,,,False,mid-senior level,Project Management and Information Technology,,,Construction,https://ie.linkedin.com/company/mercury-engineering,,,,,,,,,,,
linkedin,Project Manager ERP Transformation,PUMA Group,"Herzogenaurach, Bavaria, Germany",2026-08-06,https://www.linkedin.com/jobs/view/4421883589 , ,li-4421883589,fulltime,,,,,,False,associate,Project Management and Information Technology,,,Retail,https://de.linkedin.com/company/puma,,,,,,,,,,,
linkedin,Project Manager,Accenture DACH,"Frankfurt, Hesse, Germany",2026-08-06,https://www.linkedin.com/jobs/view/4440290537 , ,li-4440290537,fulltime,,,,,,False,mid-senior level,Project Management and Information Technology,,,IT Services and IT Consulting,https://de.linkedin.com/company/accenture-dach,,,,,,,,,,,
linkedin,Project Manager (Software Engineering Research),JetBrains,"Munich, Bavaria, Germany",2026-08-06,https://www.linkedin.com/jobs/view/4429873719 , ,li-4429873719,fulltime,,,,,,True,entry level,Engineering and Information Technology,,,Software Development,https://nl.linkedin.com/company/jetbrains,,,,,,,,,,,
linkedin,Projektmanager (m/w/d),VS Vereinigte Spezialmöbelfabriken GmbH & Co.,"Tauberbischofsheim, Baden-Württemberg, Germany",2026-08-06,https://www.linkedin.com/jobs/view/4449995363 , ,li-4449995363,fulltime,,,,,,False,entry level,Project Management and Information Technology,,,Furniture and Home Furnishings Manufacturing,https://de.linkedin.com/company/vs-vereinigte-spezialmoebelfabriken,,,,,,,,,,,
linkedin,Projektmanager Produktentwicklung Sicherheitstechnik (m/w/d),Dräger,"Lübeck, Schleswig-Holstein, Germany",2026-08-06,https://www.linkedin.com/jobs/view/4448411169 , ,li-4448411169,fulltime,,,,,,False,entry level,Project Management and Information Technology,,"celina.radmer@draeger.com, celina.radmer@draeger.com",Manufacturing,https://de.linkedin.com/company/draeger,,,,,,,,,,,
linkedin,Junior Project Manager (d/w/m),la red GmbH,"Berlin, Berlin, Germany",2026-08-06,https://www.linkedin.com/jobs/view/4449735808 , ,li-4449735808,fulltime,,,,,,False,entry level,Project Management and Information Technology,,,Advertising Services,https://de.linkedin.com/company/la-red-gmbh,,,,,,,,,,,
linkedin,Team Lead,EvoFutures,"Berlin, Germany",2026-08-06,https://www.linkedin.com/jobs/view/4450267321 , ,li-4450267321,fulltime,,,,,,False,mid-senior level,"Engineering, Design, and Management",,,"Hospitals and Health Care, Architecture and Planning, and Construction",https://uk.linkedin.com/company/evofutures,,,,,,,,,,,
linkedin,Senior Project Manager (w/m/d) Site Installation of Converter Stations,Siemens,"Erlangen, Bavaria, Germany",2026-08-06,https://www.linkedin.com/jobs/view/4413555996 , ,li-4413555996,fulltime,,,,,,False,mid-senior level,Engineering,,,Automation Machinery Manufacturing,https://de.linkedin.com/company/siemens,,,,,,,,,,,
linkedin,Agile Projektmanager Softwareentwicklung (m/w/d),Deloitte,"Berlin, Germany",2026-08-06,https://www.linkedin.com/jobs/view/4243056863 , ,li-4243056863,fulltime,,,,,,True,associate,Consulting and Information Technology,,career@deloitte.de,Business Consulting and Services,https://www.linkedin.com/company/deloitte,,,,,,,,,,,
linkedin,Projektleiter (m/w/d) Operations,KNDS Deutschland,"Kassel, Hesse, Germany",2026-08-06,https://www.linkedin.com/jobs/view/4450269747 , ,li-4450269747,fulltime,,,,,,False,mid-senior level,Project Management and Information Technology,,,Defense and Space Manufacturing,https://de.linkedin.com/company/knds-deutschland,,,,,,,,,,,
linkedin,Senior Project Manager,Aptiv,"Bavaria, Germany",2026-08-06,https://www.linkedin.com/jobs/view/4450222064 , ,li-4450222064,fulltime,,,,,,False,not applicable,Project Management and Information Technology,,,Software Development,https://ch.linkedin.com/company/aptiv,,,,,,,,,,,
linkedin,Projektleiter,EvoFutures,"Cologne, North Rhine-Westphalia, Germany",2026-08-06,https://www.linkedin.com/jobs/view/4450262642 , ,li-4450262642,fulltime,,,,,,False,mid-senior level,"Project Management, Design, and Engineering",,,"Architecture and Planning, Building Construction, and Design Services",https://uk.linkedin.com/company/evofutures,,,,,,,,,,,
linkedin,PROJEKTLEITER CUSTOMER SERVICE (m/w/d),General Dynamics European Land Systems,"Neubrandenburg, Mecklenburg-West Pomerania, Germany",2026-08-06,https://www.linkedin.com/jobs/view/4449701040 , ,li-4449701040,fulltime,,,,,,False,mid-senior level,"Design, Art/Creative, and Information Technology",,,Defense and Space Manufacturing,https://es.linkedin.com/company/gdels,,,,,,,,,,,
linkedin,Commissioning Manager,g2 Recruitment,"Berlin, Germany",2026-08-06,https://www.linkedin.com/jobs/view/4450263025 , ,li-4450263025,contract,,,,,,False,associate,Project Management,,Bunty.clementson@g2recruitment.com,Construction and Civil Engineering,https://de.linkedin.com/company/g2-recruitment-solutions,,,,,,,,,,,
linkedin,Package Owner / Package Manager Process : Package Manager-Prozess,PM Group,"Frankfurt, Hesse, Germany",2026-08-06,https://www.linkedin.com/jobs/view/4429464504 , ,li-4429464504,fulltime,,,,,,False,not applicable,Engineering,,,Construction and Design Services,https://ie.linkedin.com/company/pm-group_165501,,,,,,,,,,,
linkedin,Project Manager,EvoFutures,"Berlin, Germany",2026-08-06,https://www.linkedin.com/jobs/view/4450251897 , ,li-4450251897,fulltime,,,,,,False,mid-senior level,Project Management,,,"Architecture and Planning, Construction, and Real Estate",https://uk.linkedin.com/company/evofutures,,,,,,,,,,,
linkedin,PMO Manager (m/w/d),Hach,"Berlin, Berlin, Germany",2026-08-06,https://www.linkedin.com/jobs/view/4441213782 , ,li-4441213782,fulltime,,,,,,False,mid-senior level,Project Management and Information Technology,,,Environmental Services,https://www.linkedin.com/company/hach,,,,,,,,,,,
linkedin,Project Manager IFM (m/f/d),Villeroy & Boch Group,"Mettlach, Saarland, Germany",2026-08-06,https://www.linkedin.com/jobs/view/4448420729 , ,li-4448420729,fulltime,,,,,,False,not applicable,Supply Chain,,,"Glass, Ceramics and Concrete Manufacturing",https://de.linkedin.com/company/villeroy-boch-group,,,,,,,,,,,
linkedin,Senior Semiconductor Project Manager (m/f/d),watttron,"Freital, Saxony, Germany",2026-08-06,https://www.linkedin.com/jobs/view/4444555167 , ,li-4444555167,fulltime,,,,,,False,mid-senior level,Project Management and Information Technology,,,Machinery Manufacturing,https://de.linkedin.com/company/watttron,,,,,,,,,,,
linkedin,B2B Consultant (m/w/d),shyftplan,"Berlin, Berlin, Germany",2026-08-06,https://www.linkedin.com/jobs/view/4448409585 , ,li-4448409585,fulltime,,,,,,False,associate,Project Management and Information Technology,,,Software Development,https://de.linkedin.com/company/shyftplan,,,,,,,,,,,
linkedin,Projektmanagerin (m/w/d) Produktentwicklung Sicherheitstechnik,Dräger,"Lübeck, Schleswig-Holstein, Germany",2026-08-06,https://www.linkedin.com/jobs/view/4399053244 , ,li-4399053244,fulltime,,,,,,False,mid-senior level,Project Management and Information Technology,,celina.radmer@draeger.com,Manufacturing,https://de.linkedin.com/company/draeger,,,,,,,,,,,
linkedin,Technical Project Manager - Propulsion System (all genders),VÆRIDION,"Munich, Bavaria, Germany",2026-08-06,https://www.linkedin.com/jobs/view/4450272042 , ,li-4450272042,fulltime,,,,,,True,mid-senior level,Project Management and Information Technology,,,Aviation and Aerospace Component Manufacturing,https://de.linkedin.com/company/vaeridion,,,,,,,,,,,
linkedin,CSA Lead (m/w/d),Exyte,"Bad Homburg, Hesse, Germany",2026-08-06,https://www.linkedin.com/jobs/view/4422397204 , ,li-4422397204,fulltime,,,,,,False,mid-senior level,Other,,alena.haake@exyte.net,Civil Engineering,https://de.linkedin.com/company/exyte-group,,,,,,,,,,,
linkedin,Head of Warehouse Projects (m/w/d),Rohlik Group,"Bischofsheim, Hesse, Germany",2026-08-06,https://www.linkedin.com/jobs/view/4450205541 , ,li-4450205541,fulltime,,,,,,False,mid-senior level,Management and Manufacturing,,,Food and Beverage Services,https://cz.linkedin.com/company/rohlikgroup,,,,,,,,,,,
linkedin,Senior Project Manager Strategy & Transformation Glas (m/w/d)*,SCHOTT,"Landshut, Bavaria, Germany",2026-08-06,https://www.linkedin.com/jobs/view/4449746415 , ,li-4449746415,fulltime,,,,,,False,mid-senior level,Project Management and Information Technology,,,"Glass, Ceramics and Concrete Manufacturing",https://de.linkedin.com/company/schott,,,,,,,,,,,
linkedin,Projektmanager - Schwerpunkt Projektkoordination (m/w/d),Wildeboer Bauteile GmbH,"Weener, Lower Saxony, Germany",2026-08-06,https://www.linkedin.com/jobs/view/4450263262 , ,li-4450263262,fulltime,,,,,,False,mid-senior level,Project Management and Information Technology,,,Internet Publishing,https://de.linkedin.com/company/wildeboer-bauteile-gmbh,,,,,,,,,,,
linkedin,Senior Projektleiter (w/m/d) Installation von Oberleitungsanlagen,Siemens,"Berlin, Berlin, Germany",2026-08-05,https://www.linkedin.com/jobs/view/4413562870 , ,li-4413562870,fulltime,,,,,,False,mid-senior level,Engineering,,,Automation Machinery Manufacturing,https://de.linkedin.com/company/siemens,,,,,,,,,,,
linkedin,Jun. Projektleiter,Richard Ditting GmbH & Co. KG,"Hamburg, Hamburg, Germany",2026-08-05,https://www.linkedin.com/jobs/view/4448003321 , ,li-4448003321,fulltime,,,,,,False,mid-senior level,Project Management,,,Construction,https://de.linkedin.com/company/richard-ditting-gmbh-&-co-kg,,,,,,,,,,,
linkedin,Project Manager (f/m/d) for Procurement Cost Control,Siemens Energy,"Erlangen, Bavaria, Germany",2026-08-05,https://www.linkedin.com/jobs/view/4439874961 , ,li-4439874961,fulltime,,,,,,True,mid-senior level,Supply Chain,,,"Appliances, Electrical, and Electronics Manufacturing",https://www.linkedin.com/company/siemens-energy,,,,,,,,,,,
linkedin,Venture Development Manager (m/w/d),PAUL Tech AG,"Mannheim, Baden-Württemberg, Germany",2026-08-05,https://www.linkedin.com/jobs/view/4440807081 , ,li-4440807081,fulltime,,,,,,False,mid-senior level,Engineering and Information Technology,,,Real Estate,https://de.linkedin.com/company/paultechag,,,,,,,,,,,
linkedin,"Senior Product Manager, Biosurgery DACH",Corza Medical,,2026-08-05,https://www.linkedin.com/jobs/view/4440593285 , ,li-4440593285,fulltime,,,,,,False,mid-senior level,Product Management and Marketing,,,Medical Equipment Manufacturing,https://www.linkedin.com/company/corzamedical,,,,,,,,,,,
linkedin,Category Manager Gaming Hardware (m/w/d),Caseking GmbH,"Berlin, Berlin, Germany",2026-08-05,https://www.linkedin.com/jobs/view/4449181501 , ,li-4449181501,fulltime,,,,,,False,mid-senior level,Marketing and Sales,,,Computer Hardware Manufacturing,https://de.linkedin.com/company/caseking,,,,,,,,,,,
linkedin,(Junior) Produktmanager (m/w/d) KI & Automatisierung,CHECK24 Vergleichsportal GmbH,"Dortmund, North Rhine-Westphalia, Germany",2026-08-05,https://www.linkedin.com/jobs/view/4422347604 , ,li-4422347604,fulltime,,,,,,False,entry level,Product Management and Marketing,,,Software Development,https://de.linkedin.com/company/check24-vergleichsportal-gmbh,,,,,,,,,,,
linkedin,"Product Manager, Self Managed Service",Jobgether,,2026-08-05,https://www.linkedin.com/jobs/view/4448975995 , ,li-4448975995,fulltime,,,,,,True,mid-senior level,Management and Manufacturing,,,Internet Marketplace Platforms,https://be.linkedin.com/company/jobgether,,,,,,,,,,,
linkedin,Senior Product Manager (m/f/d) - Fleet Management,KINEXON,"Munich, Bavaria, Germany",2026-08-05,https://www.linkedin.com/jobs/view/4449908586 , ,li-4449908586,fulltime,,,,,,True,mid-senior level,Product Management and Marketing,,,"Technology, Information and Internet",https://de.linkedin.com/company/kinexon,,,,,,,,,,,
linkedin,PRODUCT MANAGER DIGITAL SOLUTIONS & SPECIAL EQUIPMENT (M/F/D),Dynapac France SAS,"Wardenburg, Lower Saxony, Germany",2026-08-05,https://www.linkedin.com/jobs/view/4447306763 , ,li-4447306763,fulltime,,,,,,False,mid-senior level,Product Management and Marketing,,,Machinery Manufacturing,https://fr.linkedin.com/company/dynapac-france-sas,,,,,,,,,,,
linkedin,Product Manager,Singleron Biotechnologies,"Cologne, North Rhine-Westphalia, Germany",2026-08-05,https://www.linkedin.com/jobs/view/4447372265 , ,li-4447372265,fulltime,,,,,,False,entry level,Product Management and Marketing,,,Biotechnology Research,https://de.linkedin.com/company/singleron-biotechnologies,,,,,,,,,,,
linkedin,Growth Product Manager - Italy (AI x Greentech) (m/f/d),Reonic,,2026-08-05,https://www.linkedin.com/jobs/view/4449643469 , ,li-4449643469,fulltime,,,,,,False,entry level,Product Management and Marketing,,,Software Development,https://de.linkedin.com/company/reonic,,,,,,,,,,,
linkedin,Product Manager (m/f/d),MAICO Diagnostics GmbH,"Berlin, Berlin, Germany",2026-08-05,https://www.linkedin.com/jobs/view/4447388437 , ,li-4447388437,fulltime,,,,,,False,entry level,Other,,,Medical Equipment Manufacturing,https://de.linkedin.com/company/maico-diagnostic-gmbh,,,,,,,,,,,
linkedin,Product Manager – Web Platform (all genders),MOIA Operations Germany GmbH,,2026-08-05,https://www.linkedin.com/jobs/view/4448964388 , ,li-4448964388,volunteer,,,,,,True,entry level,Engineering and Information Technology,,,Ground Passenger Transportation,https://de.linkedin.com/company/moiaoperationsgermany,,,,,,,,,,,
linkedin,Product Manager - Client Experience (m/f/d),LYNX Beleggen,"Berlin, Berlin, Germany",2026-08-05,https://www.linkedin.com/jobs/view/4401886452 , ,li-4401886452,fulltime,,,,,,False,mid-senior level,Product Management and Marketing,,,Financial Services,https://nl.linkedin.com/company/lynx,,,,,,,,,,,
linkedin,Auftragsleiter & Produktmanager (m/w/d),Schunk Group,"Reiskirchen, Hesse, Germany",2026-08-05,https://www.linkedin.com/jobs/view/4448081234 , ,li-4448081234,fulltime,,,,,,False,entry level,Product Management and Marketing,,,Industrial Machinery Manufacturing and Machinery Manufacturing,https://de.linkedin.com/company/schunk-group,,,,,,,,,,,
linkedin,Project Lead*,Diapharm Austria GmbH,"Münster, North Rhine-Westphalia, Germany",2026-08-05,https://www.linkedin.com/jobs/view/4448936130 , ,li-4448936130,fulltime,,,,,,False,mid-senior level,Project Management and Information Technology,,info@diapharm.de,Business Consulting and Services,https://at.linkedin.com/company/diapharm-austria-gmbh,,,,,,,,,,,
linkedin,Project Operations Specialist (m/w/d),Profil M,"Wermelskirchen, North Rhine-Westphalia, Germany",2026-08-05,https://www.linkedin.com/jobs/view/4449341367 , ,li-4449341367,fulltime,,,,,,False,mid-senior level,Management and Manufacturing,,,Business Consulting and Services,https://de.linkedin.com/company/profil-m-beratung-f-r-human-resources-management-gmbh-co-kg,,,,,,,,,,,
linkedin,Projektmanagerin / Projektmanager (w/m/d) mit dem Fokus kaufmännische Projekt­steuerung,BLB NRW,"Aachen, North Rhine-Westphalia, Germany",2026-08-05,https://www.linkedin.com/jobs/view/4449654412 , ,li-4449654412,fulltime,,,,,,False,not applicable,Project Management and Information Technology,,,Construction,https://de.linkedin.com/company/blbnrw,,,,,,,,,,,
linkedin,Kaufmännische:r Projektmanager:in Finanzierung,Deutsche Bahn,"Stuttgart, Baden-Württemberg, Germany",2026-08-05,https://www.linkedin.com/jobs/view/4411427257 , ,li-4411427257,fulltime,,,,,,False,mid-senior level,Finance and Sales,,,Truck Transportation,https://de.linkedin.com/company/deutschebahn,,,,,,,,,,,
linkedin,Manager Energy & Utility (all genders),Eraneos,,2026-08-05,https://www.linkedin.com/jobs/view/4349079748 , ,li-4349079748,fulltime,,,,,,False,mid-senior level,Management and Manufacturing,,career.de@eraneos.com,Business Consulting and Services,https://ch.linkedin.com/company/eraneos,,,,,,,,,,,
linkedin,Customs Program Manager,SEIA,"Munich, Bavaria, Germany",2026-08-05,https://www.linkedin.com/jobs/view/4448960517 , ,li-4448960517,fulltime,,,,,,False,mid-senior level,Project Management and Information Technology,,contact@seiatech.com,IT System Custom Software Development,https://de.linkedin.com/company/seia-tech,,,,,,,,,,,
linkedin,Junior Project Manager - Supply Chain & Logistics,C&A,"Düsseldorf, North Rhine-Westphalia, Germany",2026-08-05,https://www.linkedin.com/jobs/view/4449620666 , ,li-4449620666,fulltime,,,,,,False,mid-senior level,Project Management and Information Technology,,,Retail Apparel and Fashion,https://de.linkedin.com/company/c&a,,,,,,,,,,,
linkedin,Demand Manager (w/m/d),Siemens Healthineers,"Erlangen, Bavaria, Germany",2026-08-05,https://www.linkedin.com/jobs/view/4447326080 , ,li-4447326080,fulltime,,,,,,False,mid-senior level,Information Technology,,,"Medical Equipment Manufacturing, Hospitals and Health Care, and Biotechnology Research",https://de.linkedin.com/company/siemens-healthineers,,,,,,,,,,,
linkedin,Project Planning Manager (m/f/d),GE Vernova,"Berlin, Berlin, Germany",2026-08-05,https://www.linkedin.com/jobs/view/4449686039 , ,li-4449686039,fulltime,,,,,,False,mid-senior level,Management and Manufacturing,,,Energy Technology,https://www.linkedin.com/company/gevernova,,,,,,,,,,,
linkedin,Senior Project Manager — Data Centers,Fractera,"Frankfurt, Hesse, Germany",2026-08-05,https://www.linkedin.com/jobs/view/4448051499 , ,li-4448051499,fulltime,,,,,,False,mid-senior level,Project Management and Information Technology,,,Construction,https://de.linkedin.com/company/fractera-gmbh,,,,,,,,,,,
linkedin,Projektmanager (m/w/d) Medizintechnik,medwork GmbH,"Höchstadt, Bavaria, Germany",2026-08-05,https://www.linkedin.com/jobs/view/4447348924 , ,li-4447348924,fulltime,,,,,,False,not applicable,Project Management and Information Technology,,_ffmw@fujifilm.com,Medical Practices,https://de.linkedin.com/company/medwork-gmbh,,,,,,,,,,,
linkedin,Interim Operations & Project Manager (all genders),GROPYUS,"Berlin, Germany",2026-08-05,https://www.linkedin.com/jobs/view/4449630871 , ,li-4449630871,fulltime,,,,,,True,mid-senior level,Project Management and Information Technology,,,Construction,https://at.linkedin.com/company/gropyus,,,,,,,,,,,
linkedin,Project Manager,Snowflake,"Berlin, Berlin, Germany",2026-08-05,https://www.linkedin.com/jobs/view/4449677231 , ,li-4449677231,fulltime,,,,,,False,mid-senior level,Project Management and Information Technology,,,Software Development,https://www.linkedin.com/company/snowflake-computing,,,,,,,,,,,
linkedin,Manager (w/m/d),MBDA Deutschland,"Schrobenhausen, Bavaria, Germany",2026-08-05,https://www.linkedin.com/jobs/view/4448931295 , ,li-4448931295,fulltime,,,,,,False,mid-senior level,Other,,,Defense and Space Manufacturing,https://de.linkedin.com/company/mbda-deutschland,,,,,,,,,,,
linkedin,Data Centre Construction Roles - EU,PRS,,2026-08-05,https://www.linkedin.com/jobs/view/4448019505 , ,li-4448019505,fulltime,,,,,,False,mid-senior level,Project Management and Consulting,,,Construction,https://uk.linkedin.com/company/phoenix-resourcing-services-ltd,,,,,,,,,,,
linkedin,Cost and Value Engineer Professional (w/m/d) für Project & Solution Business,Siemens,"Berlin, Berlin, Germany",2026-08-05,https://www.linkedin.com/jobs/view/4430564977 , ,li-4430564977,fulltime,,,,,,False,mid-senior level,Supply Chain,,,Automation Machinery Manufacturing,https://de.linkedin.com/company/siemens,,,,,,,,,,,
linkedin,Technical Program Manager,IC Resources,"Berlin, Berlin, Germany",2026-08-05,https://www.linkedin.com/jobs/view/4440818283 , ,li-4440818283,fulltime,,,,,,False,mid-senior level,Project Management and Information Technology,,,Staffing and Recruiting,https://uk.linkedin.com/company/icresources,,,,,,,,,,,
linkedin,Projekt Manager / Junior Projekt Manager – Marine (Navy) (m/w/d),Bremerhavener Dock,"Bremerhaven, Bremen, Germany",2026-08-05,https://www.linkedin.com/jobs/view/4448932423 , ,li-4448932423,fulltime,,,,,,False,entry level,Project Management and Information Technology,,bewerbung@bredo.de,Construction,https://www.linkedin.com/company/bremerhavener-dock,,,,,,,,,,,
linkedin,MAC Senior Project Manager,Turner & Townsend,"Frankfurt am Main, Hesse, Germany",2026-08-05,https://www.linkedin.com/jobs/view/4440231322 , ,li-4440231322,fulltime,,,,,,False,mid-senior level,"Project Management, Consulting, and Engineering",,,"Construction, Civil Engineering, and Business Consulting and Services",https://uk.linkedin.com/company/turner-&-townsend,,,,,,,,,,,
linkedin,Project Manager Procurement (m/w/d),GMH Gruppe,"Georgsmarienhütte, Lower Saxony, Germany",2026-08-05,https://www.linkedin.com/jobs/view/4448948101 , ,li-4448948101,fulltime,,,,,,False,mid-senior level,Project Management and Information Technology,,,Fabricated Metal Products,https://de.linkedin.com/company/gmh-gruppe,,,,,,,,,,,
linkedin,Project Manager (f/m/d) for Procurement Cost Control,Siemens Energy,"Mülheim an der Ruhr, North Rhine-Westphalia, Germany",2026-08-05,https://www.linkedin.com/jobs/view/4439888379 , ,li-4439888379,fulltime,,,,,,True,mid-senior level,Supply Chain,,,"Appliances, Electrical, and Electronics Manufacturing",https://www.linkedin.com/company/siemens-energy,,,,,,,,,,,
linkedin,Project Manager m/w/d Brand & Sponsoring,FLYERALARM,"Würzburg, Bavaria, Germany",2026-08-05,https://www.linkedin.com/jobs/view/4447397252 , ,li-4447397252,fulltime,,,,,,False,mid-senior level,Project Management and Information Technology,,,Marketing Services,https://de.linkedin.com/company/flyeralarm,,,,,,,,,,,
linkedin,Projektmanager (all genders) für Montageaktivitäten -  Umspannwerke,GE Vernova,"Berlin, Berlin, Germany",2026-08-05,https://www.linkedin.com/jobs/view/4440593449 , ,li-4440593449,fulltime,,,,,,False,mid-senior level,Project Management and Information Technology,,,Energy Technology,https://www.linkedin.com/company/gevernova,,,,,,,,,,,
linkedin,#THF2601 | Projektmanager*in (m/w/d) für Industrie- und Energieprojekte,THOST Projektmanagement GmbH,"Saarbrücken, Saarland, Germany",2026-08-05,https://www.linkedin.com/jobs/view/4423916663 , ,li-4423916663,fulltime,,,,,,False,mid-senior level,Project Management and Information Technology,,karriere@thost.de,Engineering Services,https://de.linkedin.com/company/thost-projektmanagement-gmbh,,,,,,,,,,,
linkedin,Projektmanager:in zur Kundenbetreuung einer SaaS Plattform (w/m/d) - Berlin,m|events,"Berlin, Berlin, Germany",2026-08-05,https://www.linkedin.com/jobs/view/4448033179 , ,li-4448033179,fulltime,,,,,,False,entry level,Project Management,,,Professional Services,https://de.linkedin.com/company/m-events-cross-media-gmbh,,,,,,,,,,,
linkedin,Project Planner,Blue Fox,"Berlin, Germany",2026-08-05,https://www.linkedin.com/jobs/view/4449605004 , ,li-4449605004,fulltime,,,,,,False,mid-senior level,Project Management,,,Construction,https://uk.linkedin.com/company/blue-fox-consult,,,,,,,,,,,
linkedin,Projektingenieur:in Senior,Deutsche Bahn,"Cottbus, Brandenburg, Germany",2026-08-05,https://www.linkedin.com/jobs/view/4447339137 , ,li-4447339137,fulltime,,,,,,False,mid-senior level,Engineering and Information Technology,,,Truck Transportation,https://de.linkedin.com/company/deutschebahn,,,,,,,,,,,
linkedin,Senior Project Manager (f/m/d) Installation Of Overhead Catenary Systems,Siemens,"Erlangen, Bavaria, Germany",2026-08-05,https://www.linkedin.com/jobs/view/4413568538 , ,li-4413568538,fulltime,,,,,,False,mid-senior level,Engineering,,,Automation Machinery Manufacturing,https://de.linkedin.com/company/siemens,,,,,,,,,,,
linkedin,Project Manager (m/f/d),Siemens Energy,"Berlin, Berlin, Germany",2026-08-04,https://www.linkedin.com/jobs/view/4448549414 , ,li-4448549414,fulltime,,,,,,True,mid-senior level,Analyst,,,"Appliances, Electrical, and Electronics Manufacturing",https://www.linkedin.com/company/siemens-energy,,,,,,,,,,,
linkedin,Electrical Project Manager,TLI Group,,2026-08-04,https://www.linkedin.com/jobs/view/4448889050 , ,li-4448889050,fulltime,,,,,,False,mid-senior level,Project Management and Engineering,,,"Utilities, Engineering Services, and Services for Renewable Energy",https://ie.linkedin.com/company/tli,,,,,,,,,,,
linkedin,"Product Manager, Trust & Safety (f/d/m)",mobile.de,"Berlin, Berlin, Germany",2026-08-04,https://www.linkedin.com/jobs/view/4440052149 , ,li-4440052149,fulltime,,,,,,False,mid-senior level,Product Management and Marketing,,,"Technology, Information and Internet",https://de.linkedin.com/company/mobile-de-gmbh,,,,,,,,,,,
linkedin,Project Manager (f/m/d) Innovation & Entrepreneurship Education,Helmholtz-Zentrum Dresden-Rossendorf (HZDR),"Dresden, Saxony, Germany",2026-08-04,https://www.linkedin.com/jobs/view/4448830520 , ,li-4448830520,fulltime,,,,,,False,associate,Research,,,Research Services,https://de.linkedin.com/company/hzdr,,,,,,,,,,,
linkedin,Institutional Project Manager (m/f/d),Rocket Factory Augsburg - RFA,"Augsburg, Bavaria, Germany",2026-08-04,https://www.linkedin.com/jobs/view/4448525627 , ,li-4448525627,fulltime,,,,,,False,mid-senior level,Project Management and Information Technology,,,Aviation and Aerospace Component Manufacturing,https://de.linkedin.com/company/rfa-space,,,,,,,,,,,
linkedin,Projektmanager:in R&D,Apex Tool Group GmbH - Westhausen,"Westhausen, Baden-Württemberg, Germany",2026-08-04,https://www.linkedin.com/jobs/view/4400447676 , ,li-4400447676,fulltime,,,,,,False,mid-senior level,"Project Management, Information Technology, and Engineering",,,Manufacturing,https://de.linkedin.com/company/apex-tool-group-gmbh,,,,,,,,,,,
linkedin,Digital Project Manager (m/w/d),IPPEN.MEDIA,"Munich, Bavaria, Germany",2026-08-04,https://www.linkedin.com/jobs/view/4448886703 , ,li-4448886703,fulltime,,,,,,True,mid-senior level,Project Management and Information Technology,,,"Technology, Information and Internet",https://de.linkedin.com/company/ippenmedia,,,,,,,,,,,
linkedin,Grid Manager,g2 Recruitment,"Stuttgart, Baden-Württemberg, Germany",2026-08-04,https://www.linkedin.com/jobs/view/4449014486 , ,li-4449014486,contract,,,,,,False,mid-senior level,Management and Engineering,,,Services for Renewable Energy and Energy Technology,https://de.linkedin.com/company/g2-recruitment-solutions,,,,,,,,,,,
linkedin,(Junior) Projektleiter (w/m/d),ENELVO,"Frankfurt am Main, Hesse, Germany",2026-08-04,https://www.linkedin.com/jobs/view/4449400459 , ,li-4449400459,fulltime,,,,,,False,entry level,"Design, Art/Creative, and Information Technology",,jobs@enelvo.de,Services for Renewable Energy,https://www.linkedin.com/company/enelvo,,,,,,,,,,,
linkedin,KI-Manager,RAUCH Landmaschinenfabrik GmbH,"Rheinmünster, Baden-Württemberg, Germany",2026-08-04,https://www.linkedin.com/jobs/view/4446631932 , ,li-4446631932,fulltime,,,,,,False,associate,Project Management,,,"Agriculture, Construction, Mining Machinery Manufacturing",https://de.linkedin.com/company/rauch-landmaschinenfabrik-gmbh,,,,,,,,,,,
linkedin,Product Manager – Web Platform (all genders),MOIA,"Hannover, Lower Saxony, Germany",2026-08-04,https://www.linkedin.com/jobs/view/4448876083 , ,li-4448876083,fulltime,,,,,,True,entry level,Engineering and Information Technology,,,Software Development,https://de.linkedin.com/company/moia_mobility,,,,,,,,,,,
linkedin,Product Manager (all genders) - IoT Platform,Wemolo,"Munich, Bavaria, Germany",2026-08-04,https://www.linkedin.com/jobs/view/4448840070 , ,li-4448840070,fulltime,,,,,,True,associate,Product Management,,elisa.fuerter@wemolo.com,Information Technology & Services,https://de.linkedin.com/company/wemolo,,,,,,,,,,,
linkedin,Project Manager (m/f/d),Siemens Energy,"Erlangen, Bavaria, Germany",2026-08-04,https://www.linkedin.com/jobs/view/4448536471 , ,li-4448536471,fulltime,,,,,,True,mid-senior level,Analyst,,,"Appliances, Electrical, and Electronics Manufacturing",https://www.linkedin.com/company/siemens-energy,,,,,,,,,,,
linkedin,Senior Growth & Project Manager (all genders),Sunday Natural,"Berlin, Germany",2026-08-04,https://www.linkedin.com/jobs/view/4432255237 , ,li-4432255237,fulltime,,,,,,False,mid-senior level,Product Management and Marketing,,,"Health, Wellness & Fitness",https://www.linkedin.com/company/sunday-natural-products-gmbh,,,,,,,,,,,
linkedin,Digital Project Manager:in Web (m/w/d) - Berlin,Online Birds,"Berlin, Berlin, Germany",2026-08-04,https://www.linkedin.com/jobs/view/4446063694 , ,li-4446063694,fulltime,,,,,,False,mid-senior level,Project Management and Information Technology,,,"Construction, Software Development, and IT Services and IT Consulting",https://de.linkedin.com/company/online-birds,,,,,,,,,,,
linkedin,Project Manager Tower (m/w/d),Nordex Group,"Rostock, Mecklenburg-West Pomerania, Germany",2026-08-04,https://www.linkedin.com/jobs/view/4448890516 , ,li-4448890516,fulltime,,,,,,False,mid-senior level,Project Management and Information Technology,,,Renewable Energy Equipment Manufacturing,https://de.linkedin.com/company/nordex,,,,,,,,,,,
linkedin,Project Manager Procurement (w/m/d),GMH Gruppe,"Georgsmarienhütte, Lower Saxony, Germany",2026-08-04,https://www.linkedin.com/jobs/view/4446642450 , ,li-4446642450,fulltime,,,,,,False,associate,"Purchasing, Project Management, and Production",,,Metal Treatments,https://de.linkedin.com/company/gmh-gruppe,,,,,,,,,,,
linkedin,Project Manager – Business Development for eMobility (all genders),Hubject,"Berlin, Berlin, Germany",2026-08-04,https://www.linkedin.com/jobs/view/4448507278 , ,li-4448507278,contract,,,,,,True,associate,Project Management and Information Technology,,,Software Development,https://de.linkedin.com/company/hubject,,,,,,,,,,,
linkedin,Projektleiter (m/w/d) MSR,LIST Gruppe,"Nordhorn, Lower Saxony, Germany",2026-08-04,https://www.linkedin.com/jobs/view/4328072463 , ,li-4328072463,fulltime,,,,,,False,associate,Engineering,,,Construction and Real Estate,https://de.linkedin.com/company/list-gruppe,,,,,,,,,,,
linkedin,Project Manager Tower (m/w/d),Nordex Group,"Hamburg, Germany",2026-08-04,https://www.linkedin.com/jobs/view/4449000259 , ,li-4449000259,fulltime,,,,,,False,mid-senior level,Project Management and Information Technology,,,Renewable Energy Equipment Manufacturing,https://de.linkedin.com/company/nordex,,,,,,,,,,,
linkedin,Cost and Value Engineer Professional (w/m/d) für Project & Solution Business,Siemens,"Erlangen, Bavaria, Germany",2026-08-04,https://www.linkedin.com/jobs/view/4430575292 , ,li-4430575292,fulltime,,,,,,False,mid-senior level,Supply Chain,,,Automation Machinery Manufacturing,https://de.linkedin.com/company/siemens,,,,,,,,,,,
linkedin,(Senior) Program & Project Manager Business Operations (m/w/d),Riverty,"Berlin, Germany",2026-08-04,https://www.linkedin.com/jobs/view/4448890552 , ,li-4448890552,fulltime,,,,,,False,mid-senior level,Project Management and Information Technology,,,Financial Services,https://de.linkedin.com/company/riverty,,,,,,,,,,,
linkedin,Product Manager CAE (m/f/d),Dive CAE,"Berlin, Berlin, Germany",2026-08-04,https://www.linkedin.com/jobs/view/4446619885 , ,li-4446619885,fulltime,,,,,,True,associate,Science and Research,,,Software Development,https://de.linkedin.com/company/dive-cae,,,,,,,,,,,
linkedin,Senior Project Manager - Consulting (m/w/d),Nortal,,2026-08-04,https://www.linkedin.com/jobs/view/4440312030 , ,li-4440312030,fulltime,,,,,,False,mid-senior level,Project Management and Information Technology,,,IT Services and IT Consulting,https://ee.linkedin.com/company/nortal,,,,,,,,,,,
linkedin,(Senior) Program & Project Manager Business Operations (m/w/d),Riverty,"Münster, North Rhine-Westphalia, Germany",2026-08-04,https://www.linkedin.com/jobs/view/4449064396 , ,li-4449064396,fulltime,,,,,,False,mid-senior level,Project Management and Information Technology,,,Financial Services,https://de.linkedin.com/company/riverty,,,,,,,,,,,
linkedin,Projektleiter/-in KI-Projekte - Vollzeit (m/w/d),stefanmueller.ai,"Neu Ulm, Bavaria, Germany",2026-08-04,https://www.linkedin.com/jobs/view/4448852708 , ,li-4448852708,fulltime,,,,,,False,mid-senior level,Information Technology,,,"Technology, Information and Internet",https://de.linkedin.com/company/stefanmueller-ai,,,,,,,,,,,
linkedin,Project Manager (m/k),SSA Recruitment Mainland Europe,"Berlin, Germany",2026-08-04,https://www.linkedin.com/jobs/view/4446657340 , ,li-4446657340,fulltime,,,,,,False,mid-senior level,Project Management,,marcel@ssaltd.com,Construction,https://de.linkedin.com/company/ssa-recruitment-europe,,,,,,,,,,,
linkedin,Product Manager (w/m/d)* - AI Anwendungen,Engel & Völkers Immobilien Minden,"Hamburg, Hamburg, Germany",2026-08-04,https://www.linkedin.com/jobs/view/4449095644 , ,li-4449095644,fulltime,,,,,,False,mid-senior level,Product Management and Marketing,,,Real Estate,https://de.linkedin.com/company/engel-v%C3%B6lkers-immobilien-minden,,,,,,,,,,,
linkedin,Product Manager (all genders),UTA Edenred,"Kleinostheim, Bavaria, Germany",2026-08-04,https://www.linkedin.com/jobs/view/4448839711 , ,li-4448839711,fulltime,,,,,,False,mid-senior level,Product Management,,,IT Services and IT Consulting,https://de.linkedin.com/company/utaedenred,,,,,,,,,,,
linkedin,Product Manager Digital Solutions & Special Equipment (m/f/d),FAYAT Group,"Wardenburg, Lower Saxony, Germany",2026-08-04,https://www.linkedin.com/jobs/view/4446642298 , ,li-4446642298,fulltime,,,,,,False,mid-senior level,Product Management and Marketing,,,Construction,https://fr.linkedin.com/company/fayat,,,,,,,,,,,
linkedin,Product Manager (m/w/d) - Maleinsäureanhydrid,HELM AG,"Hamburg, Hamburg, Germany",2026-08-04,https://www.linkedin.com/jobs/view/4439846428 , ,li-4439846428,fulltime,,,,,,False,mid-senior level,Product Management and Marketing,,,Chemical Manufacturing,https://de.linkedin.com/company/helmag,,,,,,,,,,,
linkedin,Team Lead – Technical Due Diligence,Cumming Group UK & Europe,"Berlin, Germany",2026-08-04,https://www.linkedin.com/jobs/view/4448299072 , ,li-4448299072,fulltime,,,,,,True,mid-senior level,Project Management,,,"Business Consulting and Services, Real Estate, and Hospitality",https://uk.linkedin.com/company/cumming-group-europe,,,,,,,,,,,
linkedin,OFCI Lead,Mercury,"Munich, Bavaria, Germany",2026-08-04,https://www.linkedin.com/jobs/view/4372969268 , ,li-4372969268,fulltime,,,,,,False,mid-senior level,Other,,,Construction,https://ie.linkedin.com/company/mercury-engineering,,,,,,,,,,,
linkedin,Commissioning Project Lead,Global Commissioning,"Frankfurt am Main, Hesse, Germany",2026-08-04,https://www.linkedin.com/jobs/view/4437164924 , ,li-4437164924,fulltime,,,,,,False,mid-senior level,"Engineering, Project Management, and Consulting",,,"Engineering Services, Construction, and Business Consulting and Services",https://uk.linkedin.com/company/global-commissioning,,,,,,,,,,,
linkedin,Technical Project Manager,Strativ Group,"Constance, Baden-Württemberg, Germany",2026-08-04,https://www.linkedin.com/jobs/view/4449012071 , ,li-4449012071,fulltime,,,,,,False,mid-senior level,Project Management and Engineering,,,"Aviation and Aerospace Component Manufacturing, Airlines and Aviation, and Robotics Engineering",https://uk.linkedin.com/company/strativgroup,,,,,,,,,,,
linkedin,Development EMEA Portfolio Manager / PMO (m/f/d),Knauf Deutschland,"Iphofen, Bavaria, Germany",2026-08-04,https://www.linkedin.com/jobs/view/4448287459 , ,li-4448287459,fulltime,,,,,,False,mid-senior level,Finance and Sales,,,Building Materials and Construction,https://de.linkedin.com/company/knauf-deutschland,,,,,,,,,,,
linkedin,Projektleiter (m/w/d) MSR,LIST Gruppe,"Leipzig, Saxony, Germany",2026-08-04,https://www.linkedin.com/jobs/view/4328110986 , ,li-4328110986,fulltime,,,,,,False,associate,Engineering,,,Construction and Real Estate,https://de.linkedin.com/company/list-gruppe,,,,,,,,,,,
linkedin,Civil Design and Installation Manager (m/w/d),GE Vernova,"Berlin, Berlin, Germany",2026-08-04,https://www.linkedin.com/jobs/view/4440087591 , ,li-4440087591,fulltime,,,,,,False,mid-senior level,Engineering and Information Technology,,,Energy Technology,https://www.linkedin.com/company/gevernova,,,,,,,,,,,
linkedin,Senior Projektleiter:in Hochbau,Deutsche Bahn,"Berlin, Berlin, Germany",2026-08-04,https://www.linkedin.com/jobs/view/4446294020 , ,li-4446294020,fulltime,,,,,,False,mid-senior level,Information Technology,,,Truck Transportation,https://de.linkedin.com/company/deutschebahn,,,,,,,,,,,
linkedin,Product Manager - Decision Intelligence & Experimentation,trivago,"Düsseldorf, North Rhine-Westphalia, Germany",2026-08-04,https://www.linkedin.com/jobs/view/4439874001 , ,li-4439874001,fulltime,,,,,,True,mid-senior level,Product Management and Marketing,,joinus@trivago.com,Internet Publishing,https://de.linkedin.com/company/trivagonv,,,,,,,,,,,
linkedin,Technical AI Product Owner - Agent Chain & Agent Hub (f/m/d),Deutsche Börse Group,"Frankfurt, Hesse, Germany",2026-08-04,https://www.linkedin.com/jobs/view/4448516314 , ,li-4448516314,fulltime,,,,,,False,not applicable,Product Management and Marketing,,,Financial Services,https://de.linkedin.com/company/deutscheboersegroup,,,,,,,,,,,
linkedin,Loyalty System & Data Manager (m/w/d),hagebau Handelsgesellschaft für Baustoffe mbH & Co. KG,"Soltau, Lower Saxony, Germany",2026-08-04,https://www.linkedin.com/jobs/view/4448878479 , ,li-4448878479,fulltime,,,,,,False,not applicable,Information Technology,,,Wholesale Building Materials,https://de.linkedin.com/company/hagebau,,,,,,,,,,,
linkedin,Product Owner - Automation Extended OS,ABB,"Krakau, Saxony-Anhalt, Germany",2026-08-04,https://www.linkedin.com/jobs/view/4445711808 , ,li-4445711808,fulltime,,,,,,False,mid-senior level,Product Management and Marketing,,,Automation Machinery Manufacturing,https://ch.linkedin.com/company/abb,,,,,,,,,,,
linkedin,"Senior Program Manager, AMZL Launch & Expansion",Amazon,"Berlin, Germany",2026-08-04,https://www.linkedin.com/jobs/view/4446287909 , ,li-4446287909,fulltime,,,,,,True,mid-senior level,"Project Management, Management, and Product Management",,,Software Development,https://www.linkedin.com/company/amazon,,,,,,,,,,,
linkedin,Senior Innovation Manager,Radiometer,"Düsseldorf, North Rhine-Westphalia, Germany",2026-08-04,https://www.linkedin.com/jobs/view/4446618163 , ,li-4446618163,fulltime,,,,,,True,not applicable,Product Management and Marketing,,,Medical Equipment Manufacturing,https://dk.linkedin.com/company/radiometer-medical,,,,,,,,,,,
linkedin,Entrepreneur in Residence,over99,"Berlin, Germany",2026-08-04,https://www.linkedin.com/jobs/view/4446653779 , ,li-4446653779,fulltime,,,,,,False,executive,Business Development and Sales,,,IT Services and IT Consulting,https://www.linkedin.com/company/over99,,,,,,,,,,,
linkedin,Project Manager Sustainability & ESG (m/w/d),MERKUR GROUP,"Espelkamp, North Rhine-Westphalia, Germany",2026-08-04,https://www.linkedin.com/jobs/view/4448196199 , ,li-4448196199,fulltime,,,,,,False,mid-senior level,Project Management and Information Technology,,,Gambling Facilities and Casinos,https://de.linkedin.com/company/merkur-group,,,,,,,,,,,
linkedin,Lead Product Manager - GFS,Delivery Hero,"Berlin, Berlin, Germany",2026-08-04,https://www.linkedin.com/jobs/view/4448517623 , ,li-4448517623,fulltime,,,,,,False,mid-senior level,Marketing and Product Management,,inclusion@deliveryhero.com,Software Development and IT Services and IT Consulting,https://de.linkedin.com/company/delivery-hero-se,,,,,,,,,,,
linkedin,Produktmanager (m/w/d) in Vollzeit,Deutsche Gesellschaft für Zerstörungsfreie Prüfung (DGZfP),"Berlin, Berlin, Germany",2026-08-04,https://www.linkedin.com/jobs/view/4448843431 , ,li-4448843431,fulltime,,,,,,False,not applicable,Product Management and Marketing,,-produktmanager@dgzfp.de,Professional Organizations,https://de.linkedin.com/school/dgzfp/,,,,,,,,,,,
linkedin,Omnikanal Produktmanager (m/w/d),R+V Versicherung,"Wiesbaden, Hesse, Germany",2026-08-04,https://www.linkedin.com/jobs/view/4446662486 , ,li-4446662486,fulltime,,,,,,False,mid-senior level,Product Management and Marketing,,,Insurance,https://de.linkedin.com/company/r-v-versicherung,,,,,,,,,,,
linkedin,Senior Product Owner – NetSuite,Lovehoney Group,"Berlin, Germany",2026-08-04,https://www.linkedin.com/jobs/view/4446618552 , ,li-4446618552,fulltime,,,,,,True,mid-senior level,Product Management and Marketing,,,Wellness and Fitness Services,https://de.linkedin.com/company/lovehoneygroup,,,,,,,,,,,
linkedin,Senior Produktmanager (m/w/d),Stadtwerke Flensburg GmbH,"Flensburg, Schleswig-Holstein, Germany",2026-08-04,https://www.linkedin.com/jobs/view/4448854788 , ,li-4448854788,fulltime,,,,,,False,mid-senior level,Product Management and Marketing,,,Utilities,https://www.linkedin.com/company/stadtwerke-flensburg-gmbh,,,,,,,,,,,
linkedin,PRODUKTMANAGER (M/W/D),AF Tissue Expert Group KG,"Miltenberg, Bavaria, Germany",2026-08-04,https://www.linkedin.com/jobs/view/4448294070 , ,li-4448294070,fulltime,,,,,,False,entry level,Product Management and Marketing,,,Paper and Forest Product Manufacturing,https://de.linkedin.com/company/af-tissue-expert-group-kg,,,,,,,,,,,
linkedin,Global Product Manager – Smart Cockpit (Localization & Regionalization),LocalizationJobs.com,"Hesse, Germany",2026-08-04,https://www.linkedin.com/jobs/view/4449064155 , ,li-4449064155,fulltime,,,,,,False,mid-senior level,Product Management and Marketing,,,Translation and Localization,https://www.linkedin.com/company/localizationjobs-com,,,,,,,,,,,
linkedin,Digital Product & Systems Lead-Xiaomi EV,Xiaomi Technology,"Munich, Bavaria, Germany",2026-08-04,https://www.linkedin.com/jobs/view/4435414418 , ,li-4435414418,fulltime,,,,,,False,mid-senior level,Sales,,,Motor Vehicle Manufacturing and Retail Motor Vehicles,https://cn.linkedin.com/company/xiaomi-technology,,,,,,,,,,,
linkedin,Pharmacist - Product Management (m/f/d),Cytiva,"Karlsruhe, Baden-Württemberg, Germany",2026-08-04,https://www.linkedin.com/jobs/view/4448854015 , ,li-4448854015,fulltime,,,,,,False,mid-senior level,General Business,,,Business Consulting and Services,https://www.linkedin.com/company/cytiva,,,,,,,,,,,
linkedin,Product Operations Leader,NDT Global,"Stutensee, Baden-Württemberg, Germany",2026-08-03,https://www.linkedin.com/jobs/view/4446226951 , ,li-4446226951,fulltime,,,,,,False,mid-senior level,Management and Manufacturing,,,Energy Technology,https://ca.linkedin.com/company/ndt-global,,,,,,,,,,,
linkedin,Product Owner Oracle PeopleSoft (m/w/d),CARE Deutschland e.V.,"Bonn, North Rhine-Westphalia, Germany",2026-08-03,https://www.linkedin.com/jobs/view/4400545900 , ,li-4400545900,fulltime,,,,,,False,mid-senior level,Product Management and Marketing,,,Non-profit Organizations,https://de.linkedin.com/company/care-deutschland,,,,,,,,,,,
linkedin,Technical Product Owner - Mobile Robotics in Logistic Systems (m/f/d),BEUMER Group,"Beckum, North Rhine-Westphalia, Germany",2026-08-03,https://www.linkedin.com/jobs/view/4439425327 , ,li-4439425327,fulltime,,,,,,False,associate,Engineering,,,Industrial Automation,https://de.linkedin.com/company/beumer-group-,,,,,,,,,,,
linkedin,Product Owner - Database as a Service / DBaaS - STACKIT (m/w/d),Schwarz Digits,"Bad Friedrichshall, Baden-Württemberg, Germany",2026-08-03,https://www.linkedin.com/jobs/view/4447983171 , ,li-4447983171,fulltime,,,,,,False,mid-senior level,Product Management and Marketing,,,IT Services and IT Consulting,https://de.linkedin.com/company/schwarz-digits,,,,,,,,,,,
linkedin,Produktmanager Hygiene & Hygienegeräte (m/w/d) BU Hygiene und Zahnerhaltung,DÜRR DENTAL SE,"Bietigheim-Bissingen, Baden-Württemberg, Germany",2026-08-03,https://www.linkedin.com/jobs/view/4447945637 , ,li-4447945637,fulltime,,,,,,False,associate,Product Management,,,Health and Human Services,https://de.linkedin.com/company/duerrdental,,,,,,,,,,,
linkedin,Product Owner Cloud Orchestration & Services (m/w/d),BWI GmbH,"Berlin, Berlin, Germany",2026-08-03,https://www.linkedin.com/jobs/view/4448300549 , ,li-4448300549,fulltime,,,,,,False,mid-senior level,Product Management and Marketing,,,IT Services and IT Consulting,https://de.linkedin.com/company/bwi-gmbh,,,,,,,,,,,
linkedin,Product Manager Point of Care Hemostasis (m/w/d),Werfen,,2026-08-03,https://www.linkedin.com/jobs/view/4437175953 , ,li-4437175953,fulltime,,,,,,False,associate,Marketing,,,Medical Equipment Manufacturing,https://es.linkedin.com/company/werfen,,,,,,,,,,,
linkedin,Clinical Product Manager for Transcatheter Mitral Valve Therapy (f/m/d),Siemens Healthineers,"Forchheim, Bavaria, Germany",2026-08-03,https://www.linkedin.com/jobs/view/4445854917 , ,li-4445854917,fulltime,,,,,,False,mid-senior level,Product Management,,,"Medical Equipment Manufacturing, Hospitals and Health Care, and Biotechnology Research",https://de.linkedin.com/company/siemens-healthineers,,,,,,,,,,,
linkedin,Junior Product Manager (f-m-d) Handtools - Milwaukee®,Milwaukee Tool EMEA,"Winnenden, Baden-Württemberg, Germany",2026-08-03,https://www.linkedin.com/jobs/view/4448375951 , ,li-4448375951,fulltime,,,,,,False,mid-senior level,Product Management and Marketing,,,Manufacturing,https://uk.linkedin.com/company/milwaukee-tool-emea,,,,,,,,,,,
linkedin,SaaS Product Manager Deep Learning for Media/Video (m/f/d),Milestone Systems,"Berlin, Berlin, Germany",2026-08-03,https://www.linkedin.com/jobs/view/4448172352 , ,li-4448172352,fulltime,,,,,,False,mid-senior level,"Product Management, Information Technology, and Engineering",,,Software Development,https://dk.linkedin.com/company/milestone-systems,,,,,,,,,,,
linkedin,"Talent Community - EMEA Upstream Product Manager, Digital Solutions",Boston Scientific,"Düsseldorf, North Rhine-Westphalia, Germany",2026-08-03,https://www.linkedin.com/jobs/view/4448175060 , ,li-4448175060,fulltime,,,,,,False,not applicable,Other,,,Medical Equipment Manufacturing,https://www.linkedin.com/company/boston-scientific,,,,,,,,,,,
linkedin,Technical Product Manager,JD.COM,"Düsseldorf, North Rhine-Westphalia, Germany",2026-08-03,https://www.linkedin.com/jobs/view/4448389657 , ,li-4448389657,fulltime,,,,,,False,mid-senior level,Product Management and Marketing,,,Software Development,https://cn.linkedin.com/company/jd.com,,,,,,,,,,,
linkedin,Product Manager (m/f/d),Alasco,"Munich, Bavaria, Germany",2026-08-03,https://www.linkedin.com/jobs/view/4447992317 , ,li-4447992317,fulltime,,,,,,True,associate,"General Business, Business Development, and Product Management",,,"Artificial Intelligence, Business Consulting and Services, and Software Development",https://de.linkedin.com/company/alasco-software,,,,,,,,,,,
linkedin,Product Manager,Consultport,"Berlin, Berlin, Germany",2026-08-03,https://www.linkedin.com/jobs/view/4445878834 , ,li-4445878834,fulltime,,,,,,False,director,Product Management,,,Professional Services,https://de.linkedin.com/company/consultport,,,,,,,,,,,
linkedin,Product Manager,Almedia,"Berlin, Germany",2026-08-03,https://www.linkedin.com/jobs/view/4448378582 , ,li-4448378582,fulltime,,,,,,False,entry level,Product Management and Marketing,,,Advertising Services,https://de.linkedin.com/company/almediaco,,,,,,,,,,,
linkedin,"Senior Product Manager, Exchange",Cint,"Berlin, Berlin, Germany",2026-08-03,https://www.linkedin.com/jobs/view/4431679465 , ,li-4431679465,fulltime,,,,,,True,mid-senior level,Product Management,,,Software Development,https://se.linkedin.com/company/cint,,,,,,,,,,,
linkedin,"Project Engineering Manager, AMZL Field Engineering",Amazon,"Munich, Bavaria, Germany",2026-08-03,https://www.linkedin.com/jobs/view/4448189071 , ,li-4448189071,fulltime,,,,,,False,mid-senior level,"Information Technology, Consulting, and Engineering",,,Software Development,https://www.linkedin.com/company/amazon,,,,,,,,,,,
linkedin,Projektleiter/in Projektentwicklung (m/w/d),VIVADA,"Hamburg, Hamburg, Germany",2026-08-03,https://www.linkedin.com/jobs/view/4448160794 , ,li-4448160794,fulltime,,,,,,False,mid-senior level,"Design, Art/Creative, and Information Technology",,,Real Estate,https://de.linkedin.com/company/vivada-development-gmbh,,,,,,,,,,,
linkedin,Project Manager (m/w/d),E.ON Grid Solutions,"Hannover, Lower Saxony, Germany",2026-08-03,https://www.linkedin.com/jobs/view/4446229841 , ,li-4446229841,fulltime,,,,,,False,associate,Project Management,,"chung.huynh@eon.com, nicolas.pittrof@eon.com",Utilities,https://de.linkedin.com/company/eon-grid-solutions,,,,,,,,,,,
linkedin,Programmmanager:in Engineering (m/w/d),Harvey Nash,,2026-08-03,https://www.linkedin.com/jobs/view/4447922079 , ,li-4447922079,fulltime,,,,,,False,associate,Project Management,,,"Appliances, Electrical, and Electronics Manufacturing",https://uk.linkedin.com/company/harvey-nash,,,,,,,,,,,
linkedin,Senior Project Manager,SMA Solar,,2026-08-03,https://www.linkedin.com/jobs/view/4448166296 , ,li-4448166296,fulltime,,,,,,False,associate,Project Management and Information Technology,,,Renewable Energy Semiconductor Manufacturing,https://de.linkedin.com/company/sma-solar,,,,,,,,,,,
linkedin,Project Manager (m/w/d),E.ON Grid Solutions,"Hamburg, Hamburg, Germany",2026-08-03,https://www.linkedin.com/jobs/view/4446215951 , ,li-4446215951,fulltime,,,,,,False,associate,Project Management,,"chung.huynh@eon.com, nicolas.pittrof@eon.com",Utilities,https://de.linkedin.com/company/eon-grid-solutions,,,,,,,,,,,
linkedin,Project Change Manager (all gender),ALTEN,"Dortmund, North Rhine-Westphalia, Germany",2026-08-03,https://www.linkedin.com/jobs/view/4445887368 , ,li-4445887368,fulltime,,,,,,False,associate,Engineering,,,Engineering Services,https://fr.linkedin.com/company/alten,,,,,,,,,,,
linkedin,Projektleitung HKLS (m/w/x),Sweco,"Hamburg, Hamburg, Germany",2026-08-03,https://www.linkedin.com/jobs/view/4379409226 , ,li-4379409226,fulltime,,,,,,False,director,Project Management and Information Technology,,,Professional Services,https://se.linkedin.com/company/sweco,,,,,,,,,,,
linkedin,Project Manager Event & New Business (m/w/x),AVANTGARDE Group,"Munich, Bavaria, Germany",2026-08-03,https://www.linkedin.com/jobs/view/4448305816 , ,li-4448305816,fulltime,,,,,,True,mid-senior level,Management and Manufacturing,,,Advertising Services,https://de.linkedin.com/company/avantgarde,,,,,,,,,,,
linkedin,Project Lead Workspaces (m/w/d),Coolblue,"Düsseldorf, North Rhine-Westphalia, Germany",2026-08-03,https://www.linkedin.com/jobs/view/4448613751 , ,li-4448613751,fulltime,,,,,,False,mid-senior level,Project Management and Information Technology,,,Computers and Electronics Manufacturing,https://nl.linkedin.com/company/coolblue,,,,,,,,,,,
linkedin,"Project Manager, Career Transition & Mobility - LHH Deutschland",LHH,"Düsseldorf, North Rhine-Westphalia, Germany",2026-08-03,https://www.linkedin.com/jobs/view/4447983858 , ,li-4447983858,fulltime,,,,,,False,associate,Project Management,,,Human Resources Services,https://www.linkedin.com/company/lhhworldwide,,,,,,,,,,,
linkedin,Electrical Project Manager,Falcon Green,"Frankfurt, Hesse, Germany",2026-08-03,https://www.linkedin.com/jobs/view/4386903162 , ,li-4386903162,fulltime,,,,,,False,mid-senior level,Engineering,,,Construction,https://uk.linkedin.com/company/falcon-green-personnel,,,,,,,,,,,
linkedin,Project Manager (m/w/d),E.ON Grid Solutions,"Helmstedt, Lower Saxony, Germany",2026-08-03,https://www.linkedin.com/jobs/view/4446230789 , ,li-4446230789,fulltime,,,,,,False,associate,Project Management,,"chung.huynh@eon.com, nicolas.pittrof@eon.com",Utilities,https://de.linkedin.com/company/eon-grid-solutions,,,,,,,,,,,
linkedin,Project Manager (m/w/d),E.ON Grid Solutions,"Dortmund, North Rhine-Westphalia, Germany",2026-08-03,https://www.linkedin.com/jobs/view/4446224841 , ,li-4446224841,fulltime,,,,,,False,associate,Project Management,,"chung.huynh@eon.com, nicolas.pittrof@eon.com",Utilities,https://de.linkedin.com/company/eon-grid-solutions,,,,,,,,,,,
linkedin,Project Manager (all genders) - Retail- und Fensterkampagnen,LIGANOVA,"Stuttgart, Baden-Württemberg, Germany",2026-08-03,https://www.linkedin.com/jobs/view/4445879183 , ,li-4445879183,fulltime,,,,,,False,associate,Marketing,,,Advertising Services,https://de.linkedin.com/company/liganova,,,,,,,,,,,
linkedin,Commercial Project Manager,MAM Gruppe,"Heidenheim, Baden-Württemberg, Germany",2026-08-03,https://www.linkedin.com/jobs/view/4447976740 , ,li-4447976740,fulltime,,,,,,False,mid-senior level,Project Management,,,Energy Technology,https://uk.linkedin.com/company/mam-gruppe,,,,,,,,,,,
linkedin,Project Manager (m/w/d),E.ON Grid Solutions,"Landshut, Bavaria, Germany",2026-08-03,https://www.linkedin.com/jobs/view/4446234116 , ,li-4446234116,fulltime,,,,,,False,associate,Project Management,,"chung.huynh@eon.com, nicolas.pittrof@eon.com",Utilities,https://de.linkedin.com/company/eon-grid-solutions,,,,,,,,,,,
linkedin,BIM Lead,Mercury,"Munich, Bavaria, Germany",2026-08-03,https://www.linkedin.com/jobs/view/4402718658 , ,li-4402718658,fulltime,,,,,,False,mid-senior level,Other,,,Construction,https://ie.linkedin.com/company/mercury-engineering,,,,,,,,,,,
linkedin,Projektleiter (w/m/d) Lean Construction Management - Infrastructure,DS-Bauconcept GmbH,"Munich, Bavaria, Germany",2026-08-03,https://www.linkedin.com/jobs/view/4445890043 , ,li-4445890043,fulltime,,,,,,False,mid-senior level,Management and Manufacturing,,,Real Estate,https://de.linkedin.com/company/ds-bauconcept-gmbh,,,,,,,,,,,
linkedin,Technischer Projektleiter - Missionssysteme für Gefechtsfahrzeuge (m/w/d),Rheinmetall,"Bremen, Bremen, Germany",2026-08-03,https://www.linkedin.com/jobs/view/4445866621 , ,li-4445866621,fulltime,,,,,,False,mid-senior level,Project Management and Information Technology,,,Defense and Space Manufacturing,https://de.linkedin.com/company/rheinmetall,,,,,,,,,,,
linkedin,Technical Delivery Manager(m/f/d) Banking,Robert Walters,"Frankfurt am Main, Hesse, Germany",2026-08-03,https://www.linkedin.com/jobs/view/4448192007 , ,li-4448192007,fulltime,,,,,,False,mid-senior level,Information Technology,,,Banking,https://uk.linkedin.com/company/robert-walters,,,,,,,,,,,
linkedin,Supply Chain Excellence Program Manager (m/f/d),HARMAN International,"Garching, Bavaria, Germany",2026-08-03,https://www.linkedin.com/jobs/view/4446218973 , ,li-4446218973,fulltime,,,,,,False,mid-senior level,Project Management and Information Technology,,harmancareers@harman.com,Computers and Electronics Manufacturing,https://www.linkedin.com/company/harman-international,,,,,,,,,,,
linkedin,Project Manager (m/f/d),Exyte,"Bad Homburg, Hesse, Germany",2026-08-02,https://www.linkedin.com/jobs/view/4412131761 , ,li-4412131761,fulltime,,,,,,False,mid-senior level,Project Management and Information Technology,,lisamarie.kussmaul@exyte.net,Civil Engineering,https://de.linkedin.com/company/exyte-group,,,,,,,,,,,
linkedin,Projektmanager:in,iX-tech GmbH,"Saarbrücken, Saarland, Germany",2026-08-02,https://www.linkedin.com/jobs/view/4445838070 , ,li-4445838070,fulltime,,,,,,False,mid-senior level,Sales,,,Professional Services,https://de.linkedin.com/company/ix-tech-gmbh,,,,,,,,,,,
linkedin,Projektmanager IoT (m/w/d),Instaffo,"Menden, North Rhine-Westphalia, Germany",2026-08-02,https://www.linkedin.com/jobs/view/4369089532 , ,li-4369089532,fulltime,,,,,,False,mid-senior level,Product Management and Management,,,Staffing and Recruiting,https://de.linkedin.com/company/instaffo-gmbh,,,,,,,,,,,
linkedin,Project Manager,AKQA,"Berlin, Berlin, Germany",2026-08-02,https://www.linkedin.com/jobs/view/4448102667 , ,li-4448102667,fulltime,,,,,,False,mid-senior level,"Project Management, Advertising, and Design",,,Design Services,https://www.linkedin.com/company/akqa,,,,,,,,,,,
linkedin,Planungskoordinator / Projektleiter (w/m/d),Arcadis,"Berlin, Berlin, Germany",2026-08-02,https://www.linkedin.com/jobs/view/4418335228 , ,li-4418335228,fulltime,,,,,,False,not applicable,Other,,,Professional Services,https://nl.linkedin.com/company/arcadis,,,,,,,,,,,
linkedin,Project Director,Mercury,"Lower Saxony, Germany",2026-08-02,https://www.linkedin.com/jobs/view/4251515117 , ,li-4251515117,fulltime,,,,,,False,director,"Management, Project Management, and Engineering",,,Construction and Engineering Services,https://ie.linkedin.com/company/mercury-engineering,,,,,,,,,,,
linkedin,Senior Project Manager (m/w/d) Customer Projects,Körber Supply Chain,"Nuremberg, Bavaria, Germany",2026-08-02,https://www.linkedin.com/jobs/view/4409918223 , ,li-4409918223,fulltime,,,,,,False,mid-senior level,Project Management and Information Technology,,jobs@koerber.com,Machinery Manufacturing and Industrial Machinery Manufacturing,https://de.linkedin.com/company/koerber-supply-chain,,,,,,,,,,,
linkedin,PROJEKTLEITER PROJEKTMANAGEMENT (M/W/D),Emch+Berger Deutschland,"Nuremberg, Bavaria, Germany",2026-08-02,https://www.linkedin.com/jobs/view/4447878666 , ,li-4447878666,fulltime,,,,,,False,mid-senior level,"Design, Art/Creative, and Information Technology",,-Nbg@emchundberger.de,Engineering Services,https://de.linkedin.com/company/emchundberger,,,,,,,,,,,
linkedin,Project Manager for PLM and IoT System Solutions,CONTACT Software,"Berlin, Berlin, Germany",2026-08-02,https://www.linkedin.com/jobs/view/4360575820 , ,li-4360575820,fulltime,,,,,,False,mid-senior level,Project Management and Information Technology,,,Software Development,https://de.linkedin.com/company/contact-software,,,,,,,,,,,
linkedin,"Product Manager, Search Ranking",eBay,,2026-08-02,https://www.linkedin.com/jobs/view/4417654361 , ,li-4417654361,fulltime,,,,,,False,mid-senior level,Product Management and Marketing,,talent@ebay.com,"Technology, Information and Internet",https://www.linkedin.com/company/ebay,,,,,,,,,,,
linkedin,Founding Product Manager - KI-Agenten-Plattform (m/w/d),Lucid Labs,"Berlin, Berlin, Germany",2026-08-02,https://www.linkedin.com/jobs/view/4445835510 , ,li-4445835510,fulltime,,,,,,True,mid-senior level,Product Management,,,Software Development,https://de.linkedin.com/company/lucidlabs-official,,,,,,,,,,,
linkedin,Projektleiter (m/w/d),KNDS Deutschland,"Kassel, Hesse, Germany",2026-08-02,https://www.linkedin.com/jobs/view/4447893282 , ,li-4447893282,fulltime,,,,,,False,mid-senior level,"Design, Art/Creative, and Information Technology",,,Defense and Space Manufacturing,https://de.linkedin.com/company/knds-deutschland,,,,,,,,,,,
linkedin,Projektleiter:in,Staha-Systemhallen GmbH,"Hollnseth, Lower Saxony, Germany",2026-08-02,https://www.linkedin.com/jobs/view/4445839793 , ,li-4445839793,fulltime,,,,,,False,director,Engineering,,,Construction,https://de.linkedin.com/company/staha-systemhallen-gmbh,,,,,,,,,,,
linkedin,(Senior) Product Manager (m/w/d),HELM AG,"Hamburg, Hamburg, Germany",2026-08-02,https://www.linkedin.com/jobs/view/4390730037 , ,li-4390730037,fulltime,,,,,,False,mid-senior level,Product Management and Marketing,,,Chemical Manufacturing,https://de.linkedin.com/company/helmag,,,,,,,,,,,
linkedin,Produktmanager betriebliche Altersvorsorge (bAV) (m/w/d),AXA,"Cologne, North Rhine-Westphalia, Germany",2026-08-02,https://www.linkedin.com/jobs/view/4421200026 , ,li-4421200026,fulltime,,,,,,False,mid-senior level,Product Management and Marketing,,recruiting@axa.de,Insurance,https://fr.linkedin.com/company/axa,,,,,,,,,,,
linkedin,"Product Lead - Front Office - (CX, Sales, Service Marketing, Commerce)",Celonis,"Munich, Bavaria, Germany",2026-08-02,https://www.linkedin.com/jobs/view/4314917194 , ,li-4314917194,fulltime,,,,,,True,not applicable,Product Management,,,Software Development,https://www.linkedin.com/company/celonis,,,,,,,,,,,
linkedin,Leitender Planungskoordinator / Projektleiter national,Arcadis,"Halle, Saxony-Anhalt, Germany",2026-08-02,https://www.linkedin.com/jobs/view/4418354042 , ,li-4418354042,fulltime,,,,,,False,not applicable,Other,,,Professional Services,https://nl.linkedin.com/company/arcadis,,,,,,,,,,,
linkedin,CSA Lead,Mercury,"Frankfurt, Hesse, Germany",2026-08-01,https://www.linkedin.com/jobs/view/4429641868 , ,li-4429641868,fulltime,,,,,,False,mid-senior level,Other,,,Construction,https://ie.linkedin.com/company/mercury-engineering,,,,,,,,,,,
linkedin,SAP Manufacturing Manager (all genders),Accenture DACH,"Berlin, Berlin, Germany",2026-08-01,https://www.linkedin.com/jobs/view/4328311265 , ,li-4328311265,fulltime,,,,,,False,mid-senior level,Management and Manufacturing,,asg.recruiting.sx@accenture.com,IT Services and IT Consulting,https://de.linkedin.com/company/accenture-dach,,,,,,,,,,,
linkedin,Nuclear PMO Manager,Emerson,"Korschenbroich, North Rhine-Westphalia, Germany",2026-08-01,https://www.linkedin.com/jobs/view/4430977866 , ,li-4430977866,fulltime,,,,,,False,mid-senior level,Project Management and Other,,idisability.administrator@emerson.com,Automation Machinery Manufacturing,https://www.linkedin.com/company/emerson,,,,,,,,,,,
linkedin,Teilprojektleiter:in Ausrüstungstechnik,Deutsche Bahn,"Hamburg, Hamburg, Germany",2026-08-01,https://www.linkedin.com/jobs/view/4439502945 , ,li-4439502945,fulltime,,,,,,False,mid-senior level,Project Management and Information Technology,,,Truck Transportation,https://de.linkedin.com/company/deutschebahn,,,,,,,,,,,
linkedin,Program Manager Contracts Systems and Processes (m/w/d),HENSOLDT,"Taufkirchen, Bavaria, Germany",2026-08-01,https://www.linkedin.com/jobs/view/4445818106 , ,li-4445818106,contract,,,,,,False,mid-senior level,Project Management and Information Technology,,,Defense and Space Manufacturing,https://de.linkedin.com/company/hensoldt,,,,,,,,,,,
linkedin,Senior Product Manager (d/f/m),Personio,"Munich, Bavaria, Germany",2026-08-01,https://www.linkedin.com/jobs/view/4408471009 , ,li-4408471009,fulltime,,,,,,True,mid-senior level,Product Management and Marketing,,,Software Development,https://de.linkedin.com/company/personio,,,,,,,,,,,
linkedin,Senior Product Management Lead (f/m/d),Sokoni Kwetu,"Munich, Bavaria, Germany",2026-08-01,https://www.linkedin.com/jobs/view/4447723685 , ,li-4447723685,fulltime,,,,,,True,mid-senior level,Product Management and Marketing,,,IT Services and IT Consulting,https://tz.linkedin.com/company/sokoni-kwetu,,,,,,,,,,,
linkedin,Projektleiter:in im Programmmanagement Investcontainer,Deutsche Bahn,"Karlsruhe, Baden-Württemberg, Germany",2026-08-01,https://www.linkedin.com/jobs/view/4420669786 , ,li-4420669786,fulltime,,,,,,False,mid-senior level,"Design, Art/Creative, and Information Technology",,,Truck Transportation,https://de.linkedin.com/company/deutschebahn,,,,,,,,,,,
linkedin,Program & Project Manager,TXT GROUP,"Hamburg, Hamburg, Germany",2026-08-01,https://www.linkedin.com/jobs/view/4438341113 , ,li-4438341113,fulltime,,,,,,False,mid-senior level,Project Management and Information Technology,,,IT Services and IT Consulting,https://it.linkedin.com/company/txtgroup,,,,,,,,,,,
linkedin,Project Manager for PLM and IoT System Solutions,CONTACT Software,"Bremen, Bremen, Germany",2026-08-01,https://www.linkedin.com/jobs/view/4361023738 , ,li-4361023738,fulltime,,,,,,False,mid-senior level,Project Management and Information Technology,,,Software Development,https://de.linkedin.com/company/contact-software,,,,,,,,,,,
linkedin,Projektmanager:in Eisenbahninfrastruktur im Großprojekt Karlsruhe-Basel (w/m/d),Deutsche Bahn,"Freiburg, Baden-Württemberg, Germany",2026-08-01,https://www.linkedin.com/jobs/view/4371266021 , ,li-4371266021,fulltime,,,,,,False,mid-senior level,Project Management and Information Technology,,,Truck Transportation,https://de.linkedin.com/company/deutschebahn,,,,,,,,,,,
linkedin,Projektmanager (w/m/d) Integrierte Projektabwicklung (IPA),DS-Bauconcept GmbH,"Stuttgart, Baden-Württemberg, Germany",2026-08-01,https://www.linkedin.com/jobs/view/4445802001 , ,li-4445802001,fulltime,,,,,,False,entry level,Project Management and Information Technology,,,Real Estate,https://de.linkedin.com/company/ds-bauconcept-gmbh,,,,,,,,,,,
linkedin,NPI manager - Product Lifecycle Management (PLM) (f/m/d),Munich Electrification,"Munich, Bavaria, Germany",2026-08-01,https://www.linkedin.com/jobs/view/4428282072 , ,li-4428282072,fulltime,,,,,,False,mid-senior level,Engineering and Information Technology,,,"Appliances, Electrical, and Electronics Manufacturing",https://de.linkedin.com/company/munichelectrification,,,,,,,,,,,
linkedin,Senior Specialist Project Planning & Scheduling (m/f/d),Exyte,"Stuttgart, Baden-Württemberg, Germany",2026-08-01,https://www.linkedin.com/jobs/view/4409955235 , ,li-4409955235,fulltime,,,,,,False,mid-senior level,Project Management and Information Technology,,gerd.fleischmann@exyte.net,Civil Engineering,https://de.linkedin.com/company/exyte-group,,,,,,,,,,,
linkedin,HVDC Commissioning Manager (all genders),GE Vernova,"Berlin, Berlin, Germany",2026-08-01,https://www.linkedin.com/jobs/view/4439334026 , ,li-4439334026,fulltime,,,,,,False,mid-senior level,Project Management and Information Technology,,,Energy Technology,https://www.linkedin.com/company/gevernova,,,,,,,,,,,
linkedin,Project Manager,IPS-Integrated Project Services,"Frankfurt, Hesse, Germany",2026-08-01,https://www.linkedin.com/jobs/view/4377861311 , ,li-4377861311,fulltime,,,,,,False,not applicable,Project Management and Information Technology,,,Pharmaceutical Manufacturing,https://www.linkedin.com/company/ips,,,,,,,,,,,
linkedin,Innovation Project Manager (m/w/d),PepsiCo,"Neu-Isenburg, Hesse, Germany",2026-08-01,https://www.linkedin.com/jobs/view/4436617153 , ,li-4436617153,fulltime,,,,,,False,mid-senior level,Project Management and Information Technology,,,Manufacturing and Food and Beverage Services,https://www.linkedin.com/company/pepsico,,,,,,,,,,,
linkedin,Project Manager for PLM and IoT System Solutions,CONTACT Software,"Kaiserslautern, Rhineland-Palatinate, Germany",2026-08-01,https://www.linkedin.com/jobs/view/4359846704 , ,li-4359846704,fulltime,,,,,,False,mid-senior level,Project Management and Information Technology,,,Software Development,https://de.linkedin.com/company/contact-software,,,,,,,,,,,
linkedin,Project Manager – SAP SuccessFactors (w/m/x),IBM iX DACH,"Berlin, Germany",2026-08-01,https://www.linkedin.com/jobs/view/4335644069 , ,li-4335644069,fulltime,,,,,,True,mid-senior level,Project Management and Information Technology,,-ix@ibmix.de,Business Consulting and Services,https://de.linkedin.com/company/ibm-ix-dach,,,,,,,,,,,
linkedin,R&D Governance & Delivery Lead (w/m/d),Siemens,"Erlangen, Bavaria, Germany",2026-08-01,https://www.linkedin.com/jobs/view/4438321943 , ,li-4438321943,fulltime,,,,,,False,mid-senior level,Research,,,Automation Machinery Manufacturing,https://de.linkedin.com/company/siemens,,,,,,,,,,,
linkedin,Projektleiter (m/w/d) Facility Management mit Entwicklungsperspektive Leitung Technical Management,Diehl Controls,"Wangen im Allgäu, Baden-Württemberg, Germany",2026-08-01,https://www.linkedin.com/jobs/view/4418271238 , ,li-4418271238,fulltime,,,,,,False,mid-senior level,Management and Manufacturing,,,"Appliances, Electrical, and Electronics Manufacturing",https://de.linkedin.com/company/diehl-controls,,,,,,,,,,,
linkedin,Planungskoordinator / Projektleiter (w/m/d),Arcadis,"Brunswick, Lower Saxony, Germany",2026-08-01,https://www.linkedin.com/jobs/view/4418344182 , ,li-4418344182,fulltime,,,,,,False,not applicable,Other,,,Professional Services,https://nl.linkedin.com/company/arcadis,,,,,,,,,,,
linkedin,Planning Lead - Life Sciences (m/f/d),Linesight,"Frankfurt am Main, Hesse, Germany",2026-08-01,https://www.linkedin.com/jobs/view/4418855288 , ,li-4418855288,fulltime,,,,,,False,mid-senior level,Management and Manufacturing,,,Construction,https://ie.linkedin.com/company/linesight,,,,,,,,,,,
linkedin,Project Manager for PLM and IoT System Solutions,CONTACT Software,"Ingolstadt, Bavaria, Germany",2026-07-31,https://www.linkedin.com/jobs/view/4359886672 , ,li-4359886672,fulltime,,,,,,False,mid-senior level,Project Management and Information Technology,,,Software Development,https://de.linkedin.com/company/contact-software,,,,,,,,,,,
linkedin,Projektleiter Luftfahrt (m/w/d),Liebherr Group,"Lindau, Bavaria, Germany",2026-07-31,https://www.linkedin.com/jobs/view/4322750112 , ,li-4322750112,fulltime,,,,,,False,mid-senior level,"Design, Art/Creative, and Information Technology",,sigrid.jerusalem@liebherr.com,Industrial Machinery Manufacturing,https://de.linkedin.com/company/liebherr,,,,,,,,,,,
linkedin,Commissioning & Qualification Manager (m/f/d),Roche,"Mannheim, Baden-Württemberg, Germany",2026-07-31,https://www.linkedin.com/jobs/view/4420629279 , ,li-4420629279,fulltime,,,,,,False,associate,"Production, Manufacturing, and Engineering",,,"Pharmaceutical Manufacturing, Biotechnology Research, and Medical Equipment Manufacturing",https://ch.linkedin.com/company/roche,,,,,,,,,,,
linkedin,Product Manager (m/f/d) – Strategic Partner Solutions,seca – precision for health,"Hamburg, Germany",2026-07-31,https://www.linkedin.com/jobs/view/4431686227 , ,li-4431686227,fulltime,,,,,,False,associate,Product Management,,,Medical Equipment Manufacturing and Software Development,https://de.linkedin.com/company/seca,,,,,,,,,,,
linkedin,"Senior Product Manager, AI Agents",Zendesk,"Berlin, Berlin, Germany",2026-07-31,https://www.linkedin.com/jobs/view/4445528388 , ,li-4445528388,fulltime,,,,,,True,mid-senior level,Product Management and Marketing,,peopleandplaces@zendesk.com,Software Development,https://www.linkedin.com/company/zendesk,,,,,,,,,,,
linkedin,Product Manager Food,Azelis,"Sankt Augustin, North Rhine-Westphalia, Germany",2026-07-31,https://www.linkedin.com/jobs/view/4447599969 , ,li-4447599969,fulltime,,,,,,False,mid-senior level,Product Management and Marketing,,,Chemical Manufacturing,https://be.linkedin.com/company/azelis,,,,,,,,,,,
linkedin,Portfolio Release Manager,Priceline,"Berlin, Germany",2026-07-31,https://www.linkedin.com/jobs/view/4428724905 , ,li-4428724905,fulltime,,,,,,True,mid-senior level,Information Technology,,,"Hospitality, IT Services and IT Consulting, and Technology, Information and Internet",https://www.linkedin.com/company/priceline-com,,,,,,,,,,,
linkedin,"Business Operations Program Manager, Global Data Centers (German, English)",Google,"Frankfurt, Hesse, Germany",2026-07-31,https://www.linkedin.com/jobs/view/4447181239 , ,li-4447181239,fulltime,,,,,,False,not applicable,"Project Management, Strategy/Planning, and Other",,,"Information Services and Technology, Information and Internet",https://www.linkedin.com/company/google,,,,,,,,,,,
linkedin,Project Portfolio Manager (m/w/d),TKMS ATLAS ELEKTRONIK GmbH,"Bremen, Bremen, Germany",2026-07-31,https://www.linkedin.com/jobs/view/4445522928 , ,li-4445522928,fulltime,,,,,,False,mid-senior level,Project Management,,,Utilities,https://de.linkedin.com/company/tkms-atlas-elektronik,,,,,,,,,,,
linkedin,Commissioning & Qualification Manager (m/f/d),Roche,"Penzberg, Bavaria, Germany",2026-07-31,https://www.linkedin.com/jobs/view/4420626314 , ,li-4420626314,fulltime,,,,,,False,associate,"Production, Manufacturing, and Engineering",,,"Pharmaceutical Manufacturing, Biotechnology Research, and Medical Equipment Manufacturing",https://ch.linkedin.com/company/roche,,,,,,,,,,,
linkedin,Project Manager,Rockwell Automation,"Karlsruhe, Baden-Württemberg, Germany",2026-07-31,https://www.linkedin.com/jobs/view/4447552724 , ,li-4447552724,fulltime,,,,,,False,mid-senior level,Project Management and Information Technology,,,Automation Machinery Manufacturing,https://www.linkedin.com/company/rockwell-automation,,,,,,,,,,,
linkedin,Project Manager (m/w/d),TKMS ATLAS ELEKTRONIK GmbH,"Wedel, Schleswig-Holstein, Germany",2026-07-31,https://www.linkedin.com/jobs/view/4445537803 , ,li-4445537803,fulltime,,,,,,False,mid-senior level,Project Management,,,Utilities,https://de.linkedin.com/company/tkms-atlas-elektronik,,,,,,,,,,,
linkedin,Key Account Officer/Project Manager,DNV,"Essen, North Rhine-Westphalia, Germany",2026-07-31,https://www.linkedin.com/jobs/view/4445537477 , ,li-4445537477,fulltime,,,,,,False,not applicable,Accounting/Auditing and Finance,,,Public Safety,https://no.linkedin.com/company/dnv,,,,,,,,,,,
linkedin,"Pre-Construction Manager, EMEA Pre-Construction",Amazon Web Services (AWS),"Frankfurt, Hesse, Germany",2026-07-31,https://www.linkedin.com/jobs/view/4447565225 , ,li-4447565225,fulltime,,,,,,False,mid-senior level,"Information Technology, Consulting, and Engineering",,,IT Services and IT Consulting,https://www.linkedin.com/company/amazon-web-services,,,,,,,,,,,
linkedin,Operations Readiness Lead (m/w/x),CSL,"Marburg an der Lahn, Hesse, Germany",2026-07-31,https://www.linkedin.com/jobs/view/4447569067 , ,li-4447569067,fulltime,,,,,,False,mid-senior level,Production,,,Biotechnology Research,https://au.linkedin.com/company/csl,,,,,,,,,,,
linkedin,Senior Project Engineer / Project Manager (m/f/d),"Stem, Inc.","Berlin, Berlin, Germany",2026-07-31,https://www.linkedin.com/jobs/view/4438507868 , ,li-4438507868,fulltime,,,,,,True,mid-senior level,Project Management and Information Technology,,,Software Development,https://www.linkedin.com/company/stem-inc,,,,,,,,,,,
linkedin,Expert Lead Produktmanager (w/m/d) Energie – Commodity und neue Marktmodelle,ENTEGA AG,"Darmstadt, Hesse, Germany",2026-07-31,https://www.linkedin.com/jobs/view/4445521649 , ,li-4445521649,fulltime,,,,,,False,associate,Marketing and Product Management,,,Oil and Gas,https://de.linkedin.com/company/entega-ag,,,,,,,,,,,
linkedin,Project Manager,ProSource Group,"Frankfurt am Main, Hesse, Germany",,https://www.linkedin.com/jobs/view/4450330949 , ,li-4450330949,fulltime,,,,,,False,mid-senior level,Project Management,,,Construction,https://ie.linkedin.com/company/prosource-group,,,,,,,,,,,
linkedin,Mid-level Project Manager (all genders),FRASER,"Berlin, Berlin, Germany",,https://www.linkedin.com/jobs/view/4448436594 , ,li-4448436594,fulltime,,,,,,False,associate,Project Management,,,Software Development,https://de.linkedin.com/company/frasertheagency,,,,,,,,,,,
linkedin,Project Development Manager (m/w/d),ib vogt GmbH,"Berlin, Germany",,https://www.linkedin.com/jobs/view/4435717179 , ,li-4435717179,fulltime,,,,,,False,entry level,Project Management and Information Technology,,,Renewable Energy Power Generation,https://de.linkedin.com/company/ib-vogt-gmbh,,,,,,,,,,,
linkedin,Integrated Project Team (IPT) Manager (m/w/d),TKMS,"Kiel, Schleswig-Holstein, Germany",,https://www.linkedin.com/jobs/view/4450031242 , ,li-4450031242,fulltime,,,,,,False,mid-senior level,Project Management,,,Utilities,https://de.linkedin.com/company/tkms,,,,,,,,,,,
linkedin,Senior Project Manager,NDT Global,"Stutensee, Baden-Württemberg, Germany",,https://www.linkedin.com/jobs/view/4450703889 , ,li-4450703889,fulltime,,,,,,False,mid-senior level,Project Management and Information Technology,,,Energy Technology,https://ca.linkedin.com/company/ndt-global,,,,,,,,,,,
linkedin,Spacecraft Project Manager,EnduroSat,"Berlin, Berlin, Germany",,https://www.linkedin.com/jobs/view/4450305938 , ,li-4450305938,fulltime,,,,,,False,mid-senior level,"Sales, General Business, and Education",,,"Wireless Services, Telecommunications, and Communications Equipment Manufacturing",https://bg.linkedin.com/company/endurosat,,,,,,,,,,,
linkedin,Projektmanager (all gender),ALTEN,"Siegburg, North Rhine-Westphalia, Germany",,https://www.linkedin.com/jobs/view/4446762952 , ,li-4446762952,fulltime,,,,,,False,associate,Engineering,,,Engineering Services,https://fr.linkedin.com/company/alten,,,,,,,,,,,
linkedin,E-Invoicing Project Manager (m/w/d),DACHSER,"Kempten, Bavaria, Germany",,https://www.linkedin.com/jobs/view/4450335757 , ,li-4450335757,fulltime,,,,,,False,mid-senior level,Project Management and Information Technology,,,"Truck Transportation, Freight and Package Transportation, and Transportation, Logistics, Supply Chain and Storage",https://de.linkedin.com/company/dachser,,,,,,,,,,,
linkedin,Projektmanager Groundservice (m/w/d),Cologne Bonn Airport,"Cologne, North Rhine-Westphalia, Germany",,https://www.linkedin.com/jobs/view/4450069910 , ,li-4450069910,fulltime,,,,,,False,associate,Manufacturing,,,Airlines and Aviation,https://de.linkedin.com/company/koelnbonnairport,,,,,,,,,,,
linkedin,Senior Project Manager - Ground Systems (m/f/d),Isar Aerospace,"Ottobrunn, Bavaria, Germany",,https://www.linkedin.com/jobs/view/4450697734 , ,li-4450697734,fulltime,,,,,,False,mid-senior level,Project Management and Information Technology,,,Aviation and Aerospace Component Manufacturing,https://de.linkedin.com/company/isaraerospace,,,,,,,,,,,
linkedin,Senior Project Manager,Mercury,"Düsseldorf, North Rhine-Westphalia, Germany",,https://www.linkedin.com/jobs/view/4424355661 , ,li-4424355661,fulltime,,,,,,False,mid-senior level,Project Management and Information Technology,,,Construction,https://ie.linkedin.com/company/mercury-engineering,,,,,,,,,,,
linkedin,Projektleiter (m/w/d),SIERA,"Hannover, Lower Saxony, Germany",,https://www.linkedin.com/jobs/view/4448712910 , ,li-4448712910,fulltime,,,,,,False,mid-senior level,Engineering and Management,,,"Civil Engineering, Engineering Services, and Environmental Services",https://www.linkedin.com/company/sieraalliance,,,,,,,,,,,
linkedin,(Junior) Projektmanager / Quereinsteiger (m/w/d),Ströer SE & Co. KGaA,"Leipzig, Saxony, Germany",,https://www.linkedin.com/jobs/view/4441809823 , ,li-4441809823,fulltime,,,,,,False,associate,Project Management,,,Advertising Services,https://de.linkedin.com/company/stroeer,,,,,,,,,,,
linkedin,Customer Success- und Projektmanager/in (w/m/div.),Bosch,"Ludwigsburg, Baden-Württemberg, Germany",,https://www.linkedin.com/jobs/view/4448777111 , ,li-4448777111,fulltime,,,,,,False,mid-senior level,Sales,,,Mechanical Or Industrial Engineering,https://de.linkedin.com/company/bosch,,,,,,,,,,,
linkedin,"EQS Manager Technical Interface & Processes (all genders), befristet",Coca-Cola Europacific Partners,"Berlin, Berlin, Germany",,https://www.linkedin.com/jobs/view/4406378874 , ,li-4406378874,fulltime,,,,,,False,associate,Engineering and Information Technology,,,Manufacturing,https://uk.linkedin.com/company/coca-cola-europacific-partners,,,,,,,,,,,
linkedin,Projektmanager (m/w/d) in Vollzeit,Immo-Marketer,"Bochum, North Rhine-Westphalia, Germany",,https://www.linkedin.com/jobs/view/4450717444 , ,li-4450717444,fulltime,,,,,,True,entry level,Marketing,,,Advertising Services,https://de.linkedin.com/company/immo-marketer,,,,,,,,,,,
linkedin,Bauprojektkoordinator:in (m/w/d),Behörde für Stadtentwicklung und Wohnen,"Hamburg, Hamburg, Germany",,https://www.linkedin.com/jobs/view/4450043159 , ,li-4450043159,fulltime,,,,,,False,mid-senior level,Engineering,,,Executive Offices,https://www.linkedin.com/company/stadtentwicklungsbehoerde,,,,,,,,,,,
linkedin,Project Implementation,JD.COM,"Oberhausen, North Rhine-Westphalia, Germany",,https://www.linkedin.com/jobs/view/4414691322 , ,li-4414691322,fulltime,,,,,,False,director,Project Management and Information Technology,,,Software Development,https://cn.linkedin.com/company/jd.com,,,,,,,,,,,
linkedin,Senior Technical Project Lead (m/w/d),Marquardt Group,"Rietheim-Weilheim, Baden-Württemberg, Germany",,https://www.linkedin.com/jobs/view/4450089957 , ,li-4450089957,fulltime,,,,,,False,mid-senior level,Information Technology,,,Motor Vehicle Parts Manufacturing,https://de.linkedin.com/company/marquardt-group,,,,,,,,,,,
linkedin,Technik Projektleiter Taktiksimulation (m/w/d),Rheinmetall,"Bremen, Bremen, Germany",,https://www.linkedin.com/jobs/view/4450065568 , ,li-4450065568,fulltime,,,,,,False,mid-senior level,"Design, Art/Creative, and Information Technology",,,Defense and Space Manufacturing,https://de.linkedin.com/company/rheinmetall,,,,,,,,,,,
linkedin,Senior Planning Manager,Mace,"Frankfurt, Hesse, Germany",,https://www.linkedin.com/jobs/view/4433093040 , ,li-4433093040,fulltime,,,,,,False,not applicable,Management and Manufacturing,,,"Construction, Civil Engineering, and Architecture and Planning",https://uk.linkedin.com/company/mace-group,,,,,,,,,,,
linkedin,Manager Commissioning (m/f/d),Exyte,"Frankfurt, Hesse, Germany",,https://www.linkedin.com/jobs/view/4441187277 , ,li-4441187277,fulltime,,,,,,False,mid-senior level,Project Management and Information Technology,,ugur.guezel@exyte.net,Civil Engineering,https://de.linkedin.com/company/exyte-group,,,,,,,,,,,
linkedin,SAP S/4HANA Rollout Cutover Lead (f/m/d),Siemens Energy,"Erlangen, Bavaria, Germany",,https://www.linkedin.com/jobs/view/4449764496 , ,li-4449764496,fulltime,,,,,,True,mid-senior level,Information Technology,,,"Appliances, Electrical, and Electronics Manufacturing",https://www.linkedin.com/company/siemens-energy,,,,,,,,,,,
linkedin,AI Implementation Manager (all genders),Lio (formerly askLio),"Munich, Bavaria, Germany",,https://www.linkedin.com/jobs/view/4428926885 , ,li-4428926885,fulltime,,,,,,False,mid-senior level,Management and Manufacturing,,,Software Development,https://de.linkedin.com/company/lio-ai,,,,,,,,,,,
linkedin,Projektleitung Industrialisierung (m/w/d),Mubea,"Schwerin, Mecklenburg-West Pomerania, Germany",,https://www.linkedin.com/jobs/view/4448740842 , ,li-4448740842,fulltime,,,,,,False,associate,Project Management and Information Technology,,,Motor Vehicle Manufacturing,https://de.linkedin.com/company/mubea,,,,,,,,,,,
linkedin,Superintendent Hotel Furniture & Interior,Carnival Maritime GmbH,"Hamburg, Germany",,https://www.linkedin.com/jobs/view/4450070193 , ,li-4450070193,fulltime,,,,,,True,mid-senior level,Engineering,,,"Transportation, Logistics, Supply Chain and Storage and Maritime Transportation",https://de.linkedin.com/company/carnival-maritime-gmbh,,,,,,,,,,,
linkedin,Product Owner Innovationseinheit Schmiede (m/w/d),BWI GmbH,"Essen, North Rhine-Westphalia, Germany",,https://www.linkedin.com/jobs/view/4427987807 , ,li-4427987807,fulltime,,,,,,False,mid-senior level,Product Management and Marketing,,,IT Services and IT Consulting,https://de.linkedin.com/company/bwi-gmbh,,,,,,,,,,,
linkedin,Plant PMO (f/m/d),Ferrero,"Stadtallendorf, Hesse, Germany",,https://www.linkedin.com/jobs/view/4441403062 , ,li-4441403062,fulltime,,,,,,False,mid-senior level,Project Management and Information Technology,,,Manufacturing,https://lu.linkedin.com/company/ferrero,,,,,,,,,,,
linkedin,Project Manager (m/f/x),Grob Aircraft,"Tussenhausen, Bavaria, Germany",,https://www.linkedin.com/jobs/view/4411461348 , ,li-4411461348,fulltime,,,,,,False,mid-senior level,Project Management and Information Technology,,,Aviation and Aerospace Component Manufacturing,https://de.linkedin.com/company/grobaircraft,,,,,,,,,,,
linkedin,Projektmanager:in / Projektsteuerer für Termin- und Kostenmanagement,Deutsche Bahn,"Duisburg, North Rhine-Westphalia, Germany",,https://www.linkedin.com/jobs/view/4448708300 , ,li-4448708300,fulltime,,,,,,False,entry level,Project Management and Information Technology,,,Truck Transportation,https://de.linkedin.com/company/deutschebahn,,,,,,,,,,,
linkedin,Manager Commercial Project Management (m/f/d),Exyte,"Bad Homburg, Hesse, Germany",,https://www.linkedin.com/jobs/view/4431871439 , ,li-4431871439,fulltime,,,,,,False,mid-senior level,Project Management and Information Technology,,Snezana.Dragojevic@exyte.net,Civil Engineering,https://de.linkedin.com/company/exyte-group,,,,,,,,,,,
linkedin,Senior Project Manager (f/m/d),eleQtron,"Siegen, North Rhine-Westphalia, Germany",,https://www.linkedin.com/jobs/view/4388337449 , ,li-4388337449,fulltime,,,,,,False,not applicable,Project Management and Information Technology,,,Business Consulting and Services,https://de.linkedin.com/company/eleqtron-qc,,,,,,,,,,,
linkedin,Projektleiter Facility Management (m/w/d) - Berlin,Vonovia,"Berlin, Germany",,https://www.linkedin.com/jobs/view/4448781382 , ,li-4448781382,fulltime,,,,,,False,mid-senior level,"Design, Art/Creative, and Information Technology",,,Real Estate,https://de.linkedin.com/company/vonovia,,,,,,,,,,,
linkedin,Projektmanager (m/w/d) Ground Services,Cologne Bonn Airport,"Cologne, North Rhine-Westphalia, Germany",,https://www.linkedin.com/jobs/view/4450269198 , ,li-4450269198,fulltime,,,,,,False,mid-senior level,Project Management and Information Technology,,,Airlines and Aviation,https://de.linkedin.com/company/koelnbonnairport,,,,,,,,,,,
linkedin,Projektleitung (all genders),adesso SE,"Karlsruhe, Baden-Württemberg, Germany",,https://www.linkedin.com/jobs/view/3733039799 , ,li-3733039799,fulltime,,,,,,False,director,Project Management and Information Technology,,,IT Services and IT Consulting,https://de.linkedin.com/company/adesso-se,,,,,,,,,,,
linkedin,Projektleitung (all genders),adesso SE,"Ulm, Baden-Württemberg, Germany",,https://www.linkedin.com/jobs/view/3925554655 , ,li-3925554655,fulltime,,,,,,False,director,Project Management and Information Technology,,,IT Services and IT Consulting,https://de.linkedin.com/company/adesso-se,,,,,,,,,,,
linkedin,Projektmanager Battery (m/w/d),mamgo | Talente 🔗 Jobs,"Schierling, Bavaria, Germany",,https://www.linkedin.com/jobs/view/4450316060 , ,li-4450316060,fulltime,,,,,,False,mid-senior level,Project Management and Information Technology,,,"Technology, Information and Internet",https://de.linkedin.com/company/mamgo-io,,,,,,,,,,,
linkedin,Junior Project Manager - GRADUATE PROGRAM (m/w/d),GSE,"Saarbrücken, Saarland, Germany",,https://www.linkedin.com/jobs/view/4448701311 , ,li-4448701311,fulltime,,,,,,False,entry level,Project Management and Information Technology,,,Construction,https://fr.linkedin.com/company/gse,,,,,,,,,,,
linkedin,Meet Our Team,Cyclo Group,"Sevenig (Our), Rhineland-Palatinate, Germany",,https://www.linkedin.com/jobs/view/4448758636 , ,li-4448758636,fulltime,,,,,,False,entry level,Other,,,Construction,https://au.linkedin.com/company/cyclo-group,,,,,,,,,,,
linkedin,IT Projekt Manager (all genders) - fixed-term (2 years),UTA Edenred,"Aschaffenburg, Bavaria, Germany",,https://www.linkedin.com/jobs/view/4448769962 , ,li-4448769962,temporary,,,,,,False,not applicable,Project Management,,,Financial Services,https://de.linkedin.com/company/utaedenred,,,,,,,,,,,
linkedin,Enablement Lead EMEA,WPP,"Düsseldorf, North Rhine-Westphalia, Germany",,https://www.linkedin.com/jobs/view/4438736493 , ,li-4438736493,fulltime,,,,,,False,mid-senior level,Other,,,Advertising Services,https://uk.linkedin.com/company/wpp,,,,,,,,,,,
linkedin,Aircraft Manager (all gender),ALTEN,"Bremen, Bremen, Germany",,https://www.linkedin.com/jobs/view/4427832729 , ,li-4427832729,fulltime,,,,,,False,associate,Engineering,,,Engineering Services,https://fr.linkedin.com/company/alten,,,,,,,,,,,
linkedin,Projektleiter (m/w/d),M&P Group,"Hannover, Lower Saxony, Germany",,https://www.linkedin.com/jobs/view/4448798452 , ,li-4448798452,fulltime,,,,,,False,mid-senior level,Other,,,Administrative and Support Services,https://de.linkedin.com/company/mup-group,,,,,,,,,,,
linkedin,Technischer Projektleiter (m/w/d),Randstad Deutschland,"Bremen, Bremen, Germany",,https://www.linkedin.com/jobs/view/4441617621 , ,li-4441617621,fulltime,,,,,,False,mid-senior level,Information Technology,,,Human Resources Services,https://de.linkedin.com/company/randstad-deutschland,,,,,,,,,,,
linkedin,Project Team Lead (w/m/d),Travian Games,"Munich, Bavaria, Germany",,https://www.linkedin.com/jobs/view/4448783760 , ,li-4448783760,fulltime,,,,,,True,associate,Project Management,,,Computer Games,https://de.linkedin.com/company/travian-games,,,,,,,,,,,
linkedin,Project Manager EMS M/F/D,Aptiv,"Wuppertal, North Rhine-Westphalia, Germany",,https://www.linkedin.com/jobs/view/4434259736 , ,li-4434259736,fulltime,,,,,,False,not applicable,Project Management and Information Technology,,,Software Development,https://ch.linkedin.com/company/aptiv,,,,,,,,,,,
linkedin,Project Manager (f/m/d),Elisa Industriq,"Dresden, Saxony, Germany",,https://www.linkedin.com/jobs/view/4448491058 , ,li-4448491058,fulltime,,,,,,False,entry level,Project Management and Information Technology,,,IT Services and IT Consulting,https://fi.linkedin.com/company/elisaindustriq,,,,,,,,,,,
linkedin,HVAC Lead (all genders),Sanofi,"Frankfurt am Main, Hesse, Germany",,https://www.linkedin.com/jobs/view/4450306611 , ,li-4450306611,fulltime,,,,,,False,mid-senior level,Management and Manufacturing,,,Pharmaceutical Manufacturing,https://fr.linkedin.com/company/sanofi,,,,,,,,,,,
linkedin,Project Manager (f/m/d),耐克森中国,"Burgdorf, Lower Saxony, Germany",,https://www.linkedin.com/jobs/view/4450672125 , ,li-4450672125,fulltime,,,,,,False,mid-senior level,Project Management and Information Technology,,merve.keller@nexans.com,"Appliances, Electrical, and Electronics Manufacturing",https://cn.linkedin.com/company/nexanschina,,,,,,,,,,,
linkedin,Lead Cost & Value Engineer (all genders),Skyborn Renewables,"Hamburg, Hamburg, Germany",,https://www.linkedin.com/jobs/view/4404800748 , ,li-4404800748,fulltime,,,,,,False,mid-senior level,Management and Manufacturing,,,Wind Electric Power Generation,https://de.linkedin.com/company/skyborn-renewables,,,,,,,,,,,
linkedin,Project Engineer (m/w/d),DMK Deutsches Milchkontor GmbH,"Zeven, Lower Saxony, Germany",,https://www.linkedin.com/jobs/view/4392917517 , ,li-4392917517,fulltime,,,,,,False,mid-senior level,Engineering and Information Technology,,maren.schumacher@dmk.de,Dairy Product Manufacturing and Food and Beverage Manufacturing,https://de.linkedin.com/company/dmkgroup,,,,,,,,,,,
linkedin,"Projektleiter HLS (m/w/d) Leipzig (Leipzig, DE)",Implenia,"Leipzig, Saxony, Germany",,https://www.linkedin.com/jobs/view/4431844850 , ,li-4431844850,fulltime,,,,,,False,mid-senior level,"Design, Art/Creative, and Information Technology",,morten.schmalz@implenia.com,Construction,https://ch.linkedin.com/company/implenia,,,,,,,,,,,
linkedin,Product Manager (m/w/d) eHealth,Epikur Software GmbH & Co. KG,"Berlin, Germany",,https://www.linkedin.com/jobs/view/4448709913 , ,li-4448709913,fulltime,,,,,,False,associate,Product Management,,,Software Development,https://de.linkedin.com/company/epikur-software-gmbh-co-kg,,,,,,,,,,,
linkedin,Product Manager - B2B Integration,Freenow,,,https://www.linkedin.com/jobs/view/4449759577 , ,li-4449759577,fulltime,,,,,,False,mid-senior level,Product Management and Marketing,,,Internet Marketplace Platforms,https://de.linkedin.com/company/freenow,,,,,,,,,,,
linkedin,Product Manager (Frankfurt),Privatize,"Frankfurt, Hesse, Germany",,https://www.linkedin.com/jobs/view/4448457645 , ,li-4448457645,fulltime,,,,,,False,associate,Product Management,,,IT Services and IT Consulting,https://de.linkedin.com/company/privatizegroup,,,,,,,,,,,
linkedin,"Product Manager, SaaS (F/M/D)",NavVis,"Munich, Bavaria, Germany",,https://www.linkedin.com/jobs/view/4433089352 , ,li-4433089352,fulltime,,,,,,False,mid-senior level,Product Management and Marketing,,,"Technology, Information and Internet",https://de.linkedin.com/company/navvis,,,,,,,,,,,
linkedin,Product Manager for Kyano AI solutions (f/m/d),SNP Group,"Heidelberg, Baden-Württemberg, Germany",,https://www.linkedin.com/jobs/view/4429857875 , ,li-4429857875,fulltime,,,,,,True,mid-senior level,Product Management and Marketing,,karriere@snpgroup.com,IT Services and IT Consulting,https://de.linkedin.com/company/snp-group,,,,,,,,,,,
linkedin,Product Owner (UX),Revolut,"Berlin, Germany",,https://www.linkedin.com/jobs/view/4432677734 , ,li-4432677734,fulltime,,,,,,True,mid-senior level,Product Management and Marketing,,,Financial Services,https://uk.linkedin.com/company/revolut,,,,,,,,,,,
linkedin,Produktmanager (m/w/d),HNC Healthy Nutrition Company GmbH,"Bergisch Gladbach, North Rhine-Westphalia, Germany",,https://www.linkedin.com/jobs/view/4448449415 , ,li-4448449415,fulltime,,,,,,False,mid-senior level,Product Management and Marketing,,,Wellness and Fitness Services,https://www.linkedin.com/company/hnc-healthy-nutrition-company-gmbh,,,,,,,,,,,
linkedin,Product Manager Consumable Customization Services (F/M),Sartorius,"Göttingen, Lower Saxony, Germany",,https://www.linkedin.com/jobs/view/4450092930 , ,li-4450092930,fulltime,,,,,,False,mid-senior level,Product Management and Marketing,,,Biotechnology Research,https://de.linkedin.com/company/sartorius,,,,,,,,,,,
linkedin,Produktmanager:in - Flensburg - Vollzeit,AccountOne GmbH,"Flensburg, Schleswig-Holstein, Germany",,https://www.linkedin.com/jobs/view/4448464038 , ,li-4448464038,fulltime,,,,,,False,entry level,Information Technology,,,Accounting,https://de.linkedin.com/company/accountone-gmbh,,,,,,,,,,,
linkedin,Global Product Manager (m/w/d) Pulses & Proteins,DöhlerGroup,"Darmstadt, Hesse, Germany",,https://www.linkedin.com/jobs/view/4440454993 , ,li-4440454993,fulltime,,,,,,False,mid-senior level,Product Management and Marketing,,,Food and Beverage Manufacturing,https://de.linkedin.com/company/doehler,,,,,,,,,,,
linkedin,Global Product Manager - Network Interface Connectors,HARTING Technology Group,"Espelkamp, North Rhine-Westphalia, Germany",,https://www.linkedin.com/jobs/view/4450351093 , ,li-4450351093,fulltime,,,,,,False,mid-senior level,Product Management and Marketing,,,Automation Machinery Manufacturing,https://de.linkedin.com/company/harting,,,,,,,,,,,
linkedin,Growth Manager (m/w/d),PREMIUM-GRUPPE,"Berlin, Germany",,https://www.linkedin.com/jobs/view/4438255930 , ,li-4438255930,fulltime,,,,,,False,associate,Marketing and Sales,,,Media Production,https://de.linkedin.com/company/premium-gruppe,,,,,,,,,,,
linkedin,Senior Product Manager (m|w|d) Catalog Content,Pegel,"Berlin, Berlin, Germany",,https://www.linkedin.com/jobs/view/4450600340 , ,li-4450600340,fulltime,,,,,,False,mid-senior level,Product Management and Marketing,,,Internet Marketplace Platforms,https://de.linkedin.com/company/pegel-jobs,,,,,,,,,,,
linkedin,Technical Product Owner (m/w/d),LetMeShip,"Hamburg, Germany",,https://www.linkedin.com/jobs/view/4450093757 , ,li-4450093757,fulltime,,,,,,False,associate,Information Technology,,,"Transportation, Logistics, Supply Chain and Storage and Software Development",https://de.linkedin.com/company/letmeship,,,,,,,,,,,
linkedin,Senior Technical Product Manager (IntelliJ Kotlin Plugin),JetBrains,"Munich, Bavaria, Germany",,https://www.linkedin.com/jobs/view/4413591653 , ,li-4413591653,fulltime,,,,,,True,mid-senior level,Product Management and Marketing,,,Software Development,https://nl.linkedin.com/company/jetbrains,,,,,,,,,,,
