site,title,company,location,date_posted,job_url,job_url_direct,id,job_type,salary_source,interval,min_amount,max_amount,currency,is_remote,job_level,job_function,listing_type,emails,company_industry,company_url,company_url_direct,company_addresses,company_num_employees,company_revenue,company_description,skills,experience_range,company_rating,company_reviews_count,vacancy_count,work_from_home_type
linkedin,Technical Project Manager,Nevis Security,"Berlin, Berlin, Germany",2026-10-08,https://www.linkedin.com/jobs/view/4475757840 , ,li-4475757840,fulltime,,,,,,False,associate,,,,Software Development,https://ch.linkedin.com/company/nevis-security-ag,,,,,,,,,,,
linkedin,Lead Product Manager,Constructor Knowledge Labs,"Bremen, Bremen, Germany",2026-10-08,https://www.linkedin.com/jobs/view/4475904235 , ,li-4475904235,fulltime,,,,,,False,mid-senior level,,,,Research Services,https://de.linkedin.com/company/constructor-knowledge-labs,,,,,,,,,,,
linkedin,Senior Product Manager Shoulder & Elbow (w/m/d),Arthrex GmbH,"Munich, Bavaria, Germany",2026-10-08,https://www.linkedin.com/jobs/view/4477141063 , ,li-4477141063,fulltime,,,,,,False,mid-senior level,,,,Medical Equipment Manufacturing,https://de.linkedin.com/company/arthrex-gmbh,,,,,,,,,,,
linkedin,Product Manager System IT (m/w/x),Signal Corps Regimental Association,"Kiel, Schleswig-Holstein, Germany",2026-10-08,https://www.linkedin.com/jobs/view/4475775305 , ,li-4475775305,fulltime,,,,,,False,mid-senior level,,,,Non-profit Organizations,https://www.linkedin.com/company/signal-corps-regimental-association,,,,,,,,,,,
linkedin,Senior SAP Product Manager (all genders),ABOUT YOU,"Hamburg, Hamburg, Germany",2026-10-08,https://www.linkedin.com/jobs/view/4475974564 , ,li-4475974564,fulltime,,,,,,False,associate,,,,"Technology, Information and Internet",https://de.linkedin.com/company/about-you,,,,,,,,,,,
linkedin,Lead Product Manager - GFS,Delivery Hero,"Berlin, Berlin, Germany",2026-10-08,https://www.linkedin.com/jobs/view/4448517623 , ,li-4448517623,fulltime,,,,,,False,mid-senior level,,,inclusion@deliveryhero.com,Software Development and IT Services and IT Consulting,https://de.linkedin.com/company/delivery-hero-se,,,,,,,,,,,
linkedin,(Senior) Product Manager - Fiberglass (m/f/d),HELM AG,"Hamburg, Hamburg, Germany",2026-10-08,https://www.linkedin.com/jobs/view/4371166273 , ,li-4371166273,fulltime,,,,,,False,mid-senior level,,,,Chemical Manufacturing,https://de.linkedin.com/company/helmag,,,,,,,,,,,
linkedin,Senior Product Manager (ISR) Defence & Intelligence (f/m/x),LiveEO,"Berlin, Berlin, Germany",2026-10-08,https://www.linkedin.com/jobs/view/4463842106 , ,li-4463842106,fulltime,,,,,,False,mid-senior level,,,,Software Development,https://de.linkedin.com/company/liveeo,,,,,,,,,,,
linkedin,Produktmanager Finanzdienstleistungen & digitale Vermögensberatung / Allfinanzberatung (m/w/d),ATLAS Vertriebsservice,"Frankfurt am Main, Hesse, Germany",2026-10-08,https://www.linkedin.com/jobs/view/4442826861 , ,li-4442826861,fulltime,,,,,,False,associate,,,,Financial Services,https://de.linkedin.com/company/atlas-vertriebsservice,,,,,,,,,,,
linkedin,Senior Product Manager – Guest Communications & AI (m/f/d),Numa,"Berlin, Berlin, Germany",2026-10-08,https://www.linkedin.com/jobs/view/4477129232 , ,li-4477129232,fulltime,,,,,,False,mid-senior level,,,,"Technology, Information and Internet",https://de.linkedin.com/company/numa-stays,,,,,,,,,,,
linkedin,Product Manager GI Endotherapy,Olympus Corporation,"Hamburg, Hamburg, Germany",2026-10-08,https://www.linkedin.com/jobs/view/4474824095 , ,li-4474824095,fulltime,,,,,,False,mid-senior level,,,,Medical Equipment Manufacturing,https://jp.linkedin.com/company/olympus-corp,,,,,,,,,,,
linkedin,Product Manager Pharmacy (all genders),Avelios Medical,"Munich, Bavaria, Germany",2026-10-08,https://www.linkedin.com/jobs/view/4468248653 , ,li-4468248653,fulltime,,,,,,False,mid-senior level,,,,Software Development,https://de.linkedin.com/company/avelios-medical,,,,,,,,,,,
linkedin,Area Product Owner (f/m/d) for the Industry Knowledge Graphs,SAP,"Berlin, Berlin, Germany",2026-10-08,https://www.linkedin.com/jobs/view/4430555794 , ,li-4430555794,fulltime,,,,,,False,mid-senior level,,,Careers@sap.com,"Software Development, IT Services and IT Consulting, and Business Consulting and Services",https://de.linkedin.com/company/sap,,,,,,,,,,,
linkedin,Product Manager Digital Solutions (m/w/d),Deutsche Apotheker- und Ärztebank - apoBank,"Düsseldorf, North Rhine-Westphalia, Germany",2026-10-08,https://www.linkedin.com/jobs/view/4477162719 , ,li-4477162719,fulltime,,,,,,False,mid-senior level,,,,Banking,https://de.linkedin.com/company/apobank,,,,,,,,,,,
linkedin,Product Manager,HiredBuddy,Germany,2026-10-08,https://www.linkedin.com/jobs/view/4475725322 , ,li-4475725322,fulltime,,,,,,False,entry level,,,,"IT Services and IT Consulting, Artificial Intelligence, and Software Development",https://www.linkedin.com/company/hired-buddy,,,,,,,,,,,
linkedin,Senior Product Owner / Projektmanager (m/w/d) – Personal.manager / Klinik / Dienstplanung,Glückliche Gäste GmbH,Germany,2026-10-08,https://www.linkedin.com/jobs/view/4475772156 , ,li-4475772156,fulltime,direct_data,yearly,68500.0,83500.0,EUR,False,associate,,,,Software Development,https://de.linkedin.com/company/gluecklichegaeste,,,,,,,,,,,
linkedin,Product Manager Identity Solutions,Mastercard,"Frankfurt, Hesse, Germany",2026-10-08,https://www.linkedin.com/jobs/view/4474839286 , ,li-4474839286,fulltime,,,,,,False,mid-senior level,,,,"Financial Services, IT Services and IT Consulting, and Technology, Information and Internet",https://www.linkedin.com/company/mastercard,,,,,,,,,,,
linkedin,Product Manager,Nufarm,"Cologne, North Rhine-Westphalia, Germany",2026-10-08,https://www.linkedin.com/jobs/view/4477195446 , ,li-4477195446,fulltime,,,,,,False,mid-senior level,,,,Farming,https://au.linkedin.com/company/nufarm,,,,,,,,,,,
linkedin,Product Manager – Perception & Sensor Fusion,Helsing,"Munich, Bavaria, Germany",2026-10-08,https://www.linkedin.com/jobs/view/4475946018 , ,li-4475946018,fulltime,,,,,,False,mid-senior level,,,,Software Development,https://de.linkedin.com/company/helsing,,,,,,,,,,,
linkedin,Product Manager (m/f/d) - Maleic Anhydride,HELM AG,"Hamburg, Hamburg, Germany",2026-10-08,https://www.linkedin.com/jobs/view/4439835743 , ,li-4439835743,fulltime,,,,,,False,mid-senior level,,,,Chemical Manufacturing,https://de.linkedin.com/company/helmag,,,,,,,,,,,
linkedin,Senior Product Manager,Jobgether,Germany,2026-10-08,https://www.linkedin.com/jobs/view/4475710836 , ,li-4475710836,fulltime,,,,,,False,mid-senior level,,,,Internet Marketplace Platforms,https://be.linkedin.com/company/jobgether,,,,,,,,,,,
linkedin,Product Manager (m/w/d) im Bereich Aftermarket,Dana Incorporated,"Neu Ulm, Bavaria, Germany",2026-10-08,https://www.linkedin.com/jobs/view/4449631428 , ,li-4449631428,fulltime,,,,,,False,entry level,,,,Motor Vehicle Manufacturing,https://www.linkedin.com/company/dana-incorporated,,,,,,,,,,,
linkedin,Technischer Produkt Manager (m/w/d) Traineeprogramm,CHECK24,"Düsseldorf, North Rhine-Westphalia, Germany",2026-10-08,https://www.linkedin.com/jobs/view/4422352442 , ,li-4422352442,fulltime,,,,,,False,internship,,,,Software Development,https://de.linkedin.com/company/check24-vergleichsportal-gmbh,,,,,,,,,,,
linkedin,Senior Product Manager - Core Platform,Qualifyze,"Frankfurt, Hesse, Germany",2026-10-08,https://www.linkedin.com/jobs/view/4475753944 , ,li-4475753944,fulltime,direct_data,yearly,75000.0,85000.0,EUR,False,mid-senior level,,,,Software Development,https://de.linkedin.com/company/qualifyze,,,,,,,,,,,
linkedin,Lead Expert (m/w/d) KI-Applikationen und Services,Instaffo,"Berlin, Berlin, Germany",2026-10-08,https://www.linkedin.com/jobs/view/4468237063 , ,li-4468237063,fulltime,direct_data,yearly,76000.0,96000.0,EUR,False,mid-senior level,,,,Staffing and Recruiting,https://de.linkedin.com/company/instaffo-gmbh,,,,,,,,,,,
linkedin,Productowner für Personen und Firmendatenservices (m/w/d),Finanz Informatik,"Hannover, Lower Saxony, Germany",2026-10-08,https://www.linkedin.com/jobs/view/4466899169 , ,li-4466899169,fulltime,,,,,,False,associate,,,,"IT Services and IT Consulting, Banking, and Financial Services",https://de.linkedin.com/company/finanz-informatik,,,,,,,,,,,
linkedin,Productowner für Personen und Firmendatenservices (m/w/d),Finanz Informatik,"Frankfurt am Main, Hesse, Germany",2026-10-08,https://www.linkedin.com/jobs/view/4477411452 , ,li-4477411452,fulltime,direct_data,yearly,70000.0,73000.0,EUR,False,mid-senior level,,,karriere@f-i.de,IT Services and IT Consulting,https://de.linkedin.com/company/finanz-informatik,,,,,,,,,,,
linkedin,Productowner für Personen und Firmendatenservices (m/w/d),Finanz Informatik,"Münster, North Rhine-Westphalia, Germany",2026-10-08,https://www.linkedin.com/jobs/view/4467108066 , ,li-4467108066,fulltime,,,,,,False,associate,,,,"IT Services and IT Consulting, Banking, and Financial Services",https://de.linkedin.com/company/finanz-informatik,,,,,,,,,,,
linkedin,Productowner für Personen und Firmendatenservices (m/w/d),Finanz Informatik,"Frankfurt, Hesse, Germany",2026-10-08,https://www.linkedin.com/jobs/view/4467108065 , ,li-4467108065,fulltime,,,,,,False,associate,,,,"IT Services and IT Consulting, Banking, and Financial Services",https://de.linkedin.com/company/finanz-informatik,,,,,,,,,,,
linkedin,Technischer Produkt Manager (m/w/d) Traineeprogramm,CHECK24,"Augsburg, Bavaria, Germany",2026-10-08,https://www.linkedin.com/jobs/view/4422352458 , ,li-4422352458,fulltime,,,,,,False,internship,,,,Software Development,https://de.linkedin.com/company/check24-vergleichsportal-gmbh,,,,,,,,,,,
linkedin,Technischer Produkt Manager (m/w/d) Traineeprogramm,CHECK24,"Cologne, North Rhine-Westphalia, Germany",2026-10-08,https://www.linkedin.com/jobs/view/4422330991 , ,li-4422330991,fulltime,,,,,,False,internship,,,,Software Development,https://de.linkedin.com/company/check24-vergleichsportal-gmbh,,,,,,,,,,,
linkedin,Senior Product Manager - Fiscal (f/m/d),Apaleo,"Munich, Bavaria, Germany",2026-10-08,https://www.linkedin.com/jobs/view/4462623117 , ,li-4462623117,fulltime,,,,,,False,mid-senior level,,,,"Technology, Information and Internet",https://de.linkedin.com/company/apaleo,,,,,,,,,,,
linkedin,Senior Product Manager – NFC Wireless Charging Solutions F/M,NXP Semiconductors,"Hamburg, Hamburg, Germany",2026-10-08,https://www.linkedin.com/jobs/view/4458769577 , ,li-4458769577,fulltime,,,,,,False,mid-senior level,,,,"Semiconductor Manufacturing, Computers and Electronics Manufacturing, and Software Development",https://nl.linkedin.com/company/nxp-semiconductors,,,,,,,,,,,
linkedin,Produktverantwortliche Person (m/w/d),WEBER GmbH,"Worms, Rhineland-Palatinate, Germany",2026-10-08,https://www.linkedin.com/jobs/view/4477153612 , ,li-4477153612,fulltime,,,,,,False,mid-senior level,,,bewerbung@webergmbh.de,Automation Machinery Manufacturing,https://de.linkedin.com/company/webergmbh,,,,,,,,,,,
linkedin,Senior Product Manager (m/w/d) – Creator Platforms B2B,campoint AG,"Seligenstadt, Hesse, Germany",2026-10-08,https://www.linkedin.com/jobs/view/4477139865 , ,li-4477139865,fulltime,,,,,,False,mid-senior level,,,hello@campoint.net,"Technology, Information and Internet",https://de.linkedin.com/company/campoint-ag,,,,,,,,,,,
linkedin,Product Manager (m/f/d) - Digital Rent,SIXT,"Munich, Bavaria, Germany",2026-10-08,https://www.linkedin.com/jobs/view/4468255690 , ,li-4468255690,,,,,,,False,,,,,,https://de.linkedin.com/company/sixt,,,,,,,,,,,
linkedin,Product Manager - Product Factory,N26,"Berlin, Germany",2026-10-08,https://www.linkedin.com/jobs/view/4468620200 , ,li-4468620200,fulltime,,,,,,False,mid-senior level,,,,Financial Services,https://de.linkedin.com/company/n26,,,,,,,,,,,
linkedin,Product Manager Medical Devices (m/w/d),seca – precision for health,"Hamburg, Germany",2026-10-08,https://www.linkedin.com/jobs/view/4433802995 , ,li-4433802995,fulltime,,,,,,False,associate,,,,Medical Equipment Manufacturing and Software Development,https://de.linkedin.com/company/seca,,,,,,,,,,,
linkedin,"Market-Facing Product Manager, Software Licensing & Protection (f/m/d)",Thales,"Munich, Bavaria, Germany",2026-10-08,https://www.linkedin.com/jobs/view/4477415508 , ,li-4477415508,fulltime,,,,,,False,not applicable,,,,Aviation and Aerospace Component Manufacturing and Defense and Space Manufacturing,https://fr.linkedin.com/company/thales,,,,,,,,,,,
linkedin,Produktmanager:in Palettiertechnik (all genders),WEBER GmbH,"Worms, Rhineland-Palatinate, Germany",2026-10-08,https://www.linkedin.com/jobs/view/4477156546 , ,li-4477156546,fulltime,,,,,,False,mid-senior level,,,bewerbung@webergmbh.de,Automation Machinery Manufacturing,https://de.linkedin.com/company/webergmbh,,,,,,,,,,,
linkedin,Growth Product Manager,Mira,"Berlin, Berlin, Germany",2026-10-08,https://www.linkedin.com/jobs/view/4477433382 , ,li-4477433382,,,,,,,False,,,,,,https://www.linkedin.com/company/miracare,,,,,,,,,,,
linkedin,Product Manager – Partner Solutions (m/f/d),seca – precision for health,"Hamburg, Germany",2026-10-08,https://www.linkedin.com/jobs/view/4469846524 , ,li-4469846524,fulltime,,,,,,False,mid-senior level,,,,Medical Equipment Manufacturing and Software Development,https://de.linkedin.com/company/seca,,,,,,,,,,,
linkedin,Technischer Produktmanager (m/w/d) Systemtechnik bei ICM Technologies,Kieback&Peter,"Hamburg, Hamburg, Germany",2026-10-08,https://www.linkedin.com/jobs/view/4475980100 , ,li-4475980100,fulltime,,,,,,False,mid-senior level,,,,Automation Machinery Manufacturing,https://de.linkedin.com/company/kieback&peter,,,,,,,,,,,
linkedin,Produkt Manager (m/f/d),JustRelate,Germany,2026-10-08,https://www.linkedin.com/jobs/view/4475764521 , ,li-4475764521,fulltime,,,,,,False,associate,,,,Software Development,https://de.linkedin.com/company/justrelate-group,,,,,,,,,,,
linkedin,"Staff Product Manager, OpenTelemetry | Germany | Remote",Grafana Labs,Germany,2026-10-08,https://www.linkedin.com/jobs/view/4459024263 , ,li-4459024263,fulltime,,,,,,True,mid-senior level,,,,Software Development,https://www.linkedin.com/company/grafana-labs,,,,,,,,,,,
linkedin,Product Owner – Mission Systems & Sensor Management (Eurodrone),Orbital Critical Systems (Grupo CAF),"Manching, Bavaria, Germany",2026-10-08,https://www.linkedin.com/jobs/view/4477166460 , ,li-4477166460,other,,,,,,False,not applicable,,,,Airlines and Aviation,https://es.linkedin.com/company/orbital-aerospace,,,,,,,,,,,
linkedin,Technical Product Owner - Mobile Robotics in Logistic Systems (m/f/d),BEUMER Group,"Beckum, North Rhine-Westphalia, Germany",2026-10-08,https://www.linkedin.com/jobs/view/4439425327 , ,li-4439425327,fulltime,,,,,,False,associate,,,,Industrial Automation,https://de.linkedin.com/company/beumer-group-,,,,,,,,,,,
linkedin,Crossover MCU Business Lead  (f/m/d),Renesas Electronics,"Düsseldorf, North Rhine-Westphalia, Germany",2026-10-08,https://www.linkedin.com/jobs/view/4468619973 , ,li-4468619973,fulltime,,,,,,False,mid-senior level,,,,Semiconductor Manufacturing,https://jp.linkedin.com/company/renesas,,,,,,,,,,,
linkedin,Crossover MCU Business Lead (f/m/d),Renesas Electronics,"Düsseldorf, North Rhine-Westphalia, Germany",2026-10-08,https://www.linkedin.com/jobs/view/4468655193 , ,li-4468655193,fulltime,,,,,,False,mid-senior level,,,,Semiconductors,https://jp.linkedin.com/company/renesas,,,,,,,,,,,
linkedin,PRODUCT OWNER (M/W/D),Wilken Software Group,"Greven, North Rhine-Westphalia, Germany",2026-10-08,https://www.linkedin.com/jobs/view/4459354086 , ,li-4459354086,fulltime,,,,,,False,mid-senior level,,,,Information Technology & Services,https://de.linkedin.com/company/wilken-software-group,,,,,,,,,,,
linkedin,Produktentwickler (m/w/d),Sparkasse Hildesheim Goslar Peine,"Hildesheim, Lower Saxony, Germany",2026-10-08,https://www.linkedin.com/jobs/view/4476987146 , ,li-4476987146,fulltime,,,,,,False,mid-senior level,,,"kerstin.wittenberg@sparkasse-hgp.de, bernd.hoppe@sparkasse-hgp.de",Financial Services,https://www.linkedin.com/company/sparkasse-hildesheim-goslar-peine,,,,,,,,,,,
linkedin,Produktmanager Software (m/w/d),Reiser Simulation and Training GmbH,"Berg, Bavaria, Germany",2026-10-08,https://www.linkedin.com/jobs/view/4477145994 , ,li-4477145994,fulltime,,,,,,False,entry level,,,career@reiser-st.com,Aviation and Aerospace Component Manufacturing,https://de.linkedin.com/company/reiser-simulation-and-training,,,,,,,,,,,
linkedin,Product Director Identity Solutions,Mastercard,"Frankfurt, Hesse, Germany",2026-10-08,https://www.linkedin.com/jobs/view/4474821994 , ,li-4474821994,fulltime,,,,,,False,director,,,,"Financial Services, IT Services and IT Consulting, and Technology, Information and Internet",https://www.linkedin.com/company/mastercard,,,,,,,,,,,
linkedin,"Strategischer Produktmanager, Schwerpunkt: Demo & Presales (w/m/d)",EUROLOG,"Hallbergmoos, Bavaria, Germany",2026-10-08,https://www.linkedin.com/jobs/view/4477179987 , ,li-4477179987,fulltime,,,,,,False,associate,,,,"IT Services and IT Consulting and Transportation, Logistics, Supply Chain and Storage",https://de.linkedin.com/company/euro-log-ag,,,,,,,,,,,
linkedin,"Strategischer Produktmanager, Schwerpunkt Demo & Presales (w/m/d)",SupplyOn,"Munich, Bavaria, Germany",2026-10-08,https://www.linkedin.com/jobs/view/4475990886 , ,li-4475990886,fulltime,,,,,,False,mid-senior level,,,,IT Services and IT Consulting,https://de.linkedin.com/company/supplyon,,,,,,,,,,,
linkedin,Product Manager (m/w/d) - Maleinsäureanhydrid,HELM AG,"Hamburg, Hamburg, Germany",2026-10-08,https://www.linkedin.com/jobs/view/4439846428 , ,li-4439846428,fulltime,,,,,,False,mid-senior level,,,,Chemical Manufacturing,https://de.linkedin.com/company/helmag,,,,,,,,,,,
linkedin,Team Lead Product Management Tools & Assembly Solutions (m/w/d),HARTING Technology Group,"Espelkamp, North Rhine-Westphalia, Germany",2026-10-08,https://www.linkedin.com/jobs/view/4439987617 , ,li-4439987617,fulltime,,,,,,False,mid-senior level,,,,Automation Machinery Manufacturing,https://de.linkedin.com/company/harting,,,,,,,,,,,
linkedin,Global Product Line Manager REJ (f/m/d),EagleBurgmann,"Wolfratshausen, Bavaria, Germany",2026-10-08,https://www.linkedin.com/jobs/view/4468618714 , ,li-4468618714,fulltime,,,,,,False,mid-senior level,,,,Motor Vehicle Manufacturing,https://de.linkedin.com/company/eagleburgmann,,,,,,,,,,,
linkedin,Principal Product Manager - Maternity Cover (all genders),Zalando,"Berlin, Berlin, Germany",2026-10-08,https://www.linkedin.com/jobs/view/4474824058 , ,li-4474824058,fulltime,,,,,,False,director,,,,Retail,https://de.linkedin.com/company/zalando,,,,,,,,,,,
linkedin,Produktmanager/-in im Bereich Schwein (m/w/d),Raiffeisen Hohe Mark Hamaland eG,"Dorsten, North Rhine-Westphalia, Germany",2026-10-08,https://www.linkedin.com/jobs/view/4474828511 , ,li-4474828511,fulltime,,,,,,False,mid-senior level,,,,Wholesale Raw Farm Products,https://de.linkedin.com/company/raiffeisen-hohe-mark-hamaland-eg,,,,,,,,,,,
linkedin,(Junior) Produktmanager (m/w/d) AI Reiseplaner - Individualreisen,CHECK24,"Düsseldorf, North Rhine-Westphalia, Germany",2026-10-08,https://www.linkedin.com/jobs/view/4477132596 , ,li-4477132596,fulltime,,,,,,False,entry level,,,,Software Development,https://de.linkedin.com/company/check24-vergleichsportal-gmbh,,,,,,,,,,,
linkedin,Senior Lead Expert Produktmanagement - Konten & Karten (m/w/d),Finanz Informatik,"Frankfurt am Main, Hesse, Germany",2026-10-08,https://www.linkedin.com/jobs/view/4475779926 , ,li-4475779926,fulltime,direct_data,yearly,111000.0,115000.0,EUR,False,mid-senior level,,,karriere@f-i.de,IT Services and IT Consulting,https://de.linkedin.com/company/finanz-informatik,,,,,,,,,,,
linkedin,Product Owner (m/w/d) - Jobbird.com,Jobster,"Sankt Wolfgang, Bavaria, Germany",2026-10-08,https://www.linkedin.com/jobs/view/4475792830 , ,li-4475792830,fulltime,,,,,,False,mid-senior level,,,,Internet Publishing,https://nl.linkedin.com/company/jobster-com,,,,,,,,,,,
linkedin,Produktmanager Deployment und Reporting (m/w/d),Finanz Informatik,"Frankfurt am Main, Hesse, Germany",2026-10-08,https://www.linkedin.com/jobs/view/4477419196 , ,li-4477419196,fulltime,direct_data,yearly,59000.0,62000.0,EUR,False,mid-senior level,,,karriere@f-i.de,IT Services and IT Consulting,https://de.linkedin.com/company/finanz-informatik,,,,,,,,,,,
linkedin,Product Owner (m/w/d) Chatbots/Agenten,Dirk Rossmann GmbH,"Burgwedel, Lower Saxony, Germany",2026-10-08,https://www.linkedin.com/jobs/view/4477184952 , ,li-4477184952,fulltime,,,,,,False,mid-senior level,,,,Retail,https://de.linkedin.com/company/dirk-rossmann-gmbh,,,,,,,,,,,
linkedin,Principal Product Manager SEO/GEO (m/f/d),HomeToGo,"Berlin, Germany",2026-10-08,https://www.linkedin.com/jobs/view/4466222074 , ,li-4466222074,fulltime,,,,,,False,mid-senior level,,,recruiting@hometogo.com,Software Development,https://de.linkedin.com/company/hometogo,,,,,,,,,,,
linkedin,Proxy Product Owner (H/F/X),Hager Power Station,"Blieskastel, Saarland, Germany",2026-10-08,https://www.linkedin.com/jobs/view/4477169332 , ,li-4477169332,fulltime,,,,,,False,mid-senior level,,,,Oil and Gas,https://nl.linkedin.com/company/hager-power-station,,,,,,,,,,,
linkedin,Corporate Product Manager (m/w/d) Digital,RUTRONIK Electronics Worldwide,"Ispringen, Baden-Württemberg, Germany",2026-10-08,https://www.linkedin.com/jobs/view/4471391068 , ,li-4471391068,fulltime,,,,,,False,mid-senior level,,,,"Appliances, Electrical, and Electronics Manufacturing",https://de.linkedin.com/company/rutronik,,,,,,,,,,,
linkedin,Produktmanager Industrie- und Anlagenbau TGA (m/w/d),Würth Deutschland,"Künzelsau, Baden-Württemberg, Germany",2026-10-08,https://www.linkedin.com/jobs/view/4468156864 , ,li-4468156864,fulltime,,,,,,False,mid-senior level,,,,Wholesale,https://de.linkedin.com/company/wuerth-germany,,,,,,,,,,,
linkedin,Product Manager (m/w/d) - Ultrasonic Surgery,Söring GmbH,"Quickborn, Schleswig-Holstein, Germany",2026-10-08,https://www.linkedin.com/jobs/view/4477112086 , ,li-4477112086,fulltime,,,,,,False,associate,,,,Medical Equipment Manufacturing,https://de.linkedin.com/company/soering,,,,,,,,,,,
linkedin,Produktmanager*in IR Optics / Application Field Safety & Security (Optical Defense) (w/m/d),JENOPTIK,"Jena, Thuringia, Germany",2026-10-08,https://www.linkedin.com/jobs/view/4475786028 , ,li-4475786028,fulltime,,,,,,False,mid-senior level,,,,Motor Vehicle Manufacturing,https://de.linkedin.com/company/jenoptik,,,,,,,,,,,
linkedin,Corporate Product Manager (m/w/d) Power,RUTRONIK Electronics Worldwide,"Ispringen, Baden-Württemberg, Germany",2026-10-08,https://www.linkedin.com/jobs/view/4471367974 , ,li-4471367974,fulltime,,,,,,False,mid-senior level,,,,"Appliances, Electrical, and Electronics Manufacturing",https://de.linkedin.com/company/rutronik,,,,,,,,,,,
linkedin,Strategische*r Produktmanager*in - Biophotonics & Life Sciences,TOPTICA Photonics,"Gräfelfing, Bavaria, Germany",2026-10-08,https://www.linkedin.com/jobs/view/4448881942 , ,li-4448881942,fulltime,,,,,,False,mid-senior level,,,,Industrial Machinery Manufacturing,https://de.linkedin.com/company/toptica-photonics,,,,,,,,,,,
linkedin,Product Owner Workforce Management (m/w/d),GuideCom AG,"Münster, North Rhine-Westphalia, Germany",2026-10-08,https://www.linkedin.com/jobs/view/4477189244 , ,li-4477189244,fulltime,,,,,,False,associate,,,phillip.richard@guidecom.de,Software Development,https://de.linkedin.com/company/guidecom-ag,,,,,,,,,,,
linkedin,"Lead Technical Product Manager, Rail Integrations (all genders)",Distribusion Technologies,"Berlin, Germany",2026-10-08,https://www.linkedin.com/jobs/view/4475799141 , ,li-4475799141,fulltime,,,,,,False,mid-senior level,,,talent@distribusion.com,IT Services and IT Consulting,https://de.linkedin.com/company/distribusion,,,,,,,,,,,
linkedin,Produktmanager (m/w/d) Gewerbliches Kreditgeschäft,Sparkasse Hildesheim Goslar Peine,"Hildesheim, Lower Saxony, Germany",2026-10-08,https://www.linkedin.com/jobs/view/4476982432 , ,li-4476982432,fulltime,,,,,,False,mid-senior level,,,"kerstin.wittenberg@sparkasse-hgp.de, bernd.hoppe@sparkasse-hgp.de",Financial Services,https://www.linkedin.com/company/sparkasse-hildesheim-goslar-peine,,,,,,,,,,,
linkedin,Produktmanager E-Foiling (m/w/d),Boards & More Group,"Oberhaching, Bavaria, Germany",2026-10-08,https://www.linkedin.com/jobs/view/4475919278 , ,li-4475919278,fulltime,,,,,,False,associate,,,,Wholesale Import and Export,https://at.linkedin.com/company/boards-more-gmbh,,,,,,,,,,,
linkedin,Lead Expert Produktmanagement - Personalmanagement (m/w/d),Finanz Informatik,"Frankfurt am Main, Hesse, Germany",2026-10-08,https://www.linkedin.com/jobs/view/4477423043 , ,li-4477423043,fulltime,direct_data,yearly,88000.0,91000.0,EUR,False,mid-senior level,,,karriere@f-i.de,IT Services and IT Consulting,https://de.linkedin.com/company/finanz-informatik,,,,,,,,,,,
linkedin,Product Manager,Olympus Corporation,"Hamburg, Germany",2026-10-08,https://www.linkedin.com/jobs/view/4477128789 , ,li-4477128789,fulltime,,,,,,False,mid-senior level,,,,Medical Equipment Manufacturing,https://jp.linkedin.com/company/olympus-corp,,,,,,,,,,,
linkedin,Technische:r Produktmanager:in,Robert Half,"Berlin, Germany",2026-10-08,https://www.linkedin.com/jobs/view/4477127407 , ,li-4477127407,fulltime,,,,,,False,mid-senior level,,,,IT System Custom Software Development and Medical Equipment Manufacturing,https://www.linkedin.com/company/robert-half-international,,,,,,,,,,,
linkedin,Produktmanager (m/w/d),Bären Company International,"Herbolzheim, Baden-Württemberg, Germany",2026-10-08,https://www.linkedin.com/jobs/view/4475776059 , ,li-4475776059,fulltime,,,,,,False,mid-senior level,,,,Sugar and Confectionery Product Manufacturing,https://de.linkedin.com/company/baeren-company-international,,,,,,,,,,,
linkedin,Lead Expert Produktmanagement - Personalmanagement (m/w/d),Finanz Informatik,"Hannover, Lower Saxony, Germany",2026-10-08,https://www.linkedin.com/jobs/view/4458613666 , ,li-4458613666,fulltime,,,,,,False,associate,,,,"IT Services and IT Consulting, Banking, and Financial Services",https://de.linkedin.com/company/finanz-informatik,,,,,,,,,,,
linkedin,Marktmanager*in Mobilität Sach-Privatkundengeschäft,BarmeniaGothaer,"Cologne, North Rhine-Westphalia, Germany",2026-10-08,https://www.linkedin.com/jobs/view/4411634170 , ,li-4411634170,fulltime,,,,,,False,associate,,,,Insurance,https://de.linkedin.com/company/barmeniagothaer,,,,,,,,,,,
linkedin,"IT Product Owner EC & Platform, Global (m/f/d)",Olympus Corporation,"Hamburg, Germany",2026-10-08,https://www.linkedin.com/jobs/view/4477137063 , ,li-4477137063,fulltime,,,,,,False,associate,,,,Medical Equipment Manufacturing,https://jp.linkedin.com/company/olympus-corp,,,,,,,,,,,
linkedin,Marketing Product Manager PET Finder (DE/FR)- Remote,PAJ GPS,Germany,2026-10-08,https://www.linkedin.com/jobs/view/4474825370 , ,li-4474825370,fulltime,direct_data,yearly,35000.0,40000.0,EUR,True,associate,,,,Computer Hardware Manufacturing,https://www.linkedin.com/company/paj-gps,,,,,,,,,,,
linkedin,Product Owner,Haystack,"North Rhine-Westphalia, Germany",2026-10-08,https://www.linkedin.com/jobs/view/4475717419 , ,li-4475717419,fulltime,,,,,,False,mid-senior level,,,,"Technology, Information and Media",https://uk.linkedin.com/company/wearehaystack,,,,,,,,,,,
linkedin,Product Owner (m/w/d) Central Development Systems - Jobbird.com,Jobster,"Coblenz, Rhineland-Palatinate, Germany",2026-10-08,https://www.linkedin.com/jobs/view/4475924716 , ,li-4475924716,fulltime,,,,,,False,mid-senior level,,,,Internet Publishing,https://nl.linkedin.com/company/jobster-com,,,,,,,,,,,
linkedin,Technische:r Projektleiter:in,Tintschl Unternehmensgruppe,Greater Bremen Area,2026-10-08,https://www.linkedin.com/jobs/view/4477163625 , ,li-4477163625,fulltime,,,,,,False,associate,,,,Staffing and Recruiting,https://de.linkedin.com/company/tintschlunternehmensgruppe,,,,,,,,,,,
linkedin,Projektleitung (m/w/d) Gebäudeautomation / Sicherheitstechnik,PKE Deutschland GmbH,"Leipzig, Saxony, Germany",2026-10-08,https://www.linkedin.com/jobs/view/4209312259 , ,li-4209312259,fulltime,,,,,,False,mid-senior level,,,,Security Systems Services,https://de.linkedin.com/company/pke-deutschland-gmbh,,,,,,,,,,,
linkedin,Projektleiter Gebäudeautomation München (m/w/d) - Jobbird.com,Jobster,"Munich, Bavaria, Germany",2026-10-08,https://www.linkedin.com/jobs/view/4475923987 , ,li-4475923987,fulltime,,,,,,False,mid-senior level,,,,Software Development,https://nl.linkedin.com/company/jobster-com,,,,,,,,,,,
linkedin,Fachprojektleiterin Messtechnik und Zählung Umspannwerke Höchstspannungsnetz (m/w/d),50Hertz Transmission GmbH,"Berlin, Berlin, Germany",2026-10-08,https://www.linkedin.com/jobs/view/4457986332 , ,li-4457986332,fulltime,,,,,,False,mid-senior level,,,,"Electric Power Transmission, Control, and Distribution",https://de.linkedin.com/company/50hertz-transmission-gmbh,,,,,,,,,,,
linkedin,Projektmanager (m/w/d) Connected Products,Crown Gabelstapler GmbH & Co. KG - Deutschland,"Feldkirchen, Bavaria, Germany",2026-10-08,https://www.linkedin.com/jobs/view/4477139332 , ,li-4477139332,fulltime,,,,,,False,mid-senior level,,,,Industrial Machinery Manufacturing,https://de.linkedin.com/company/crown-gabelstapler-gmbh-&-co-kg,,,,,,,,,,,
linkedin,Projektleitung (m/w/d) HKLS,ATP architects engineers,"Aachen, North Rhine-Westphalia, Germany",2026-10-08,https://www.linkedin.com/jobs/view/4363473250 , ,li-4363473250,fulltime,,,,,,False,mid-senior level,,,,Architecture and Planning,https://at.linkedin.com/company/atp-architekten-ingenieure,,,,,,,,,,,
linkedin,Project Manager (m/f/d),Exyte,"Berlin, Berlin, Germany",2026-10-08,https://www.linkedin.com/jobs/view/4477155164 , ,li-4477155164,fulltime,,,,,,False,mid-senior level,,,vasiliki.mouli2@exyte.net,Civil Engineering,https://de.linkedin.com/company/exyte-group,,,,,,,,,,,
linkedin,Technical Project Manager,Foreship Ltd.,"Hamburg, Hamburg, Germany",2026-10-08,https://www.linkedin.com/jobs/view/4475451294 , ,li-4475451294,fulltime,,,,,,False,associate,,,,"Mechanical Or Industrial Engineering, Environmental Services, and Information Technology & Services",https://fi.linkedin.com/company/foreship-by-rina,,,,,,,,,,,
linkedin,Projektmanager Softwareentwicklung & KI (m/w/d),Petanux GmbH,"Bonn, North Rhine-Westphalia, Germany",2026-10-08,https://www.linkedin.com/jobs/view/4476591417 , ,li-4476591417,fulltime,,,,,,False,mid-senior level,,,,Information Technology & Services,https://de.linkedin.com/company/petanux,,,,,,,,,,,
linkedin,Senior Projektleiter TGA (m/w/d) – Großprojekte,Schubert HR Diagnostics,"Hamburg, Germany",2026-10-08,https://www.linkedin.com/jobs/view/4477153501 , ,li-4477153501,fulltime,,,,,,False,mid-senior level,,,,,,,,,,,,,,,,
linkedin,Projektleiter (m/w/d) Schlüsselfertiger Hochbau,Michael Page,"Coblenz, Rhineland-Palatinate, Germany",2026-10-08,https://www.linkedin.com/jobs/view/4477190774 , ,li-4477190774,fulltime,,,,,,False,mid-senior level,,,,"Real Estate, Leasing Non-residential Real Estate, and Architecture and Planning",https://uk.linkedin.com/company/michael-page,,,,,,,,,,,
linkedin,Project Manager Software & Cybersecurity (m/f/d),Nordex Group,"Hamburg, Germany",2026-10-08,https://www.linkedin.com/jobs/view/4477403725 , ,li-4477403725,,,,,,,False,,,,,,https://de.linkedin.com/company/nordex,,,,,,,,,,,
linkedin,Senior Projektmanager (gn) Technische Großprojekte,Dock 22 GmbH,"Hamburg, Germany",2026-10-08,https://www.linkedin.com/jobs/view/4466072744 , ,li-4466072744,fulltime,direct_data,yearly,110000.0,130000.0,EUR,False,associate,,,,"Defense and Space Manufacturing, Shipbuilding, and Machinery Manufacturing",https://de.linkedin.com/company/dock-22-gmbh,,,,,,,,,,,
linkedin,Projektmanager:in,Hays,"Dresden, Saxony, Germany",2026-10-08,https://www.linkedin.com/jobs/view/4477183913 , ,li-4477183913,fulltime,direct_data,yearly,80000.0,100000.0,EUR,False,associate,,,,Shipbuilding and Construction,https://uk.linkedin.com/company/hays,,,,,,,,,,,
linkedin,Senior Projektmanager (m/w/d) Hochbau,DIS AG,"Essen, North Rhine-Westphalia, Germany",2026-10-08,https://www.linkedin.com/jobs/view/4474820415 , ,li-4474820415,fulltime,,,,,,False,mid-senior level,,,,Construction,https://de.linkedin.com/company/dis-ag,,,,,,,,,,,
linkedin,"Senior Technical Project Manager, E-commerce (Shopify)",Mira,"Berlin, Berlin, Germany",2026-10-08,https://www.linkedin.com/jobs/view/4477437098 , ,li-4477437098,fulltime,,,,,,False,mid-senior level,,,,Medical Equipment Manufacturing,https://www.linkedin.com/company/miracare,,,,,,,,,,,
linkedin,Projektleiter / Manager Steuerberatung (m/w/d),CURACON GmbH,"Stuttgart, Baden-Württemberg, Germany",2026-10-08,https://www.linkedin.com/jobs/view/4475947823 , ,li-4475947823,fulltime,,,,,,False,associate,,,,Financial Services and Hospitals and Health Care,https://de.linkedin.com/company/curacon,,,,,,,,,,,
linkedin,Senior Projektleiter:in Hochbau,Cobalt Deutschland GmbH,"Berlin, Germany",2026-10-08,https://www.linkedin.com/jobs/view/4477138876 , ,li-4477138876,fulltime,,,,,,False,associate,,,,Construction,https://de.linkedin.com/company/cobalt-deutschland,,,,,,,,,,,
linkedin,Technischer Projektleiter (m/w/d),ASYS Group,"Dornstadt, Baden-Württemberg, Germany",2026-10-08,https://www.linkedin.com/jobs/view/4477184413 , ,li-4477184413,fulltime,,,,,,False,mid-senior level,,,,Internet Publishing,https://de.linkedin.com/company/asys-group,,,,,,,,,,,
linkedin,Projektleiter,Uniroka,Greater Rostock Region,2026-10-08,https://www.linkedin.com/jobs/view/4474816889 , ,li-4474816889,fulltime,,,,,,False,mid-senior level,,,,,https://www.linkedin.com/company/uniroka,,,,,,,,,,,
linkedin,Projektleiter Steuerungstechnik (m/w/d),EW-Tec Industrieservice & Anlagentechnik GmbH,"Viersen, North Rhine-Westphalia, Germany",2026-10-08,https://www.linkedin.com/jobs/view/4477113970 , ,li-4477113970,fulltime,direct_data,yearly,55000.0,80000.0,EUR,False,associate,,,,Automation Machinery Manufacturing,https://de.linkedin.com/company/ew-tec-gmbh,,,,,,,,,,,
linkedin,Projektleiter HKLS (m/w/d) Frankfurt am Main - Jobbird.com,Jobster,"Frankfurt am Main, Hesse, Germany",2026-10-08,https://www.linkedin.com/jobs/view/4475901549 , ,li-4475901549,fulltime,,,,,,False,mid-senior level,,,,Software Development,https://nl.linkedin.com/company/jobster-com,,,,,,,,,,,
linkedin,Projektmanager (m/w/d),Neusehland Hartmann GmbH & Co. KG,"Giessen, Hesse, Germany",2026-10-08,https://www.linkedin.com/jobs/view/4474820691 , ,li-4474820691,fulltime,,,,,,False,associate,,,,Retail,https://de.linkedin.com/company/neusehland-hartmann-gmbh-co-kg,,,,,,,,,,,
linkedin,Projektmanager (w/m/d) Hochbau,Drees & Sommer,"Berlin, Berlin, Germany",2026-10-08,https://www.linkedin.com/jobs/view/4477146044 , ,li-4477146044,fulltime,,,,,,False,associate,,,,Real Estate,https://de.linkedin.com/company/drees-&-sommer,,,,,,,,,,,
linkedin,Projektleiter / Project Leader Unternehmensprojekte (m/w/d) Hamburg,Detlev Louis Motorrad-Vertriebsgesellschaft mbH,"Hamburg, Hamburg, Germany",2026-10-08,https://www.linkedin.com/jobs/view/4474320355 , ,li-4474320355,fulltime,,,,,,False,mid-senior level,,,,Retail,https://de.linkedin.com/company/detlev-louis-motorradvertriebs-gmbh,,,,,,,,,,,
linkedin,Projectmanager Industrial Projects (m/w/d),Elis Germany & Austria,"Dresden, Saxony, Germany",2026-10-08,https://www.linkedin.com/jobs/view/4476206476 , ,li-4476206476,fulltime,,,,,,False,mid-senior level,,,,Retail,https://de.linkedin.com/company/elis-deutschland-sterreich,,,,,,,,,,,
linkedin,Manager KI Products & Solutions (m/w/d),Messe Düsseldorf,"Düsseldorf, North Rhine-Westphalia, Germany",2026-10-07,https://www.linkedin.com/jobs/view/4475423132 , ,li-4475423132,fulltime,,,,,,False,entry level,,,,Events Services,https://de.linkedin.com/company/messe-duesseldorf,,,,,,,,,,,
linkedin,Senior Product Owner - BKYC,Solaris SE,"Berlin, Germany",2026-10-07,https://www.linkedin.com/jobs/view/4476554151 , ,li-4476554151,fulltime,,,,,,False,mid-senior level,,,,Financial Services,https://de.linkedin.com/company/solariscompany,,,,,,,,,,,
linkedin,Head of Product Management/ Senior Product Owner m/w/d),Instaffo,"Bonlanden, Baden-Württemberg, Germany",2026-10-07,https://www.linkedin.com/jobs/view/4465565294 , ,li-4465565294,fulltime,direct_data,yearly,75000.0,95000.0,EUR,False,mid-senior level,,,,Staffing and Recruiting,https://de.linkedin.com/company/instaffo-gmbh,,,,,,,,,,,
linkedin,(Junior) Produktmanager (m/w/d) In-App-Broker,C24 Bank GmbH,"Frankfurt am Main, Hesse, Germany",2026-10-07,https://www.linkedin.com/jobs/view/4474483357 , ,li-4474483357,fulltime,,,,,,False,entry level,,,,Financial Services,https://de.linkedin.com/company/c24-bank,,,,,,,,,,,
linkedin,"Junior Produktmanager (m/w/d) für KI, UX & Automatisierung, InsurTech",CHECK24,"Frankfurt, Hesse, Germany",2026-10-07,https://www.linkedin.com/jobs/view/4431710740 , ,li-4431710740,fulltime,,,,,,False,entry level,,,,Software Development,https://de.linkedin.com/company/check24-vergleichsportal-gmbh,,,,,,,,,,,
linkedin,AI Solutions Manager (w/m/d),PharmaSGP Holding SE,"Gräfelfing, Bavaria, Germany",2026-10-07,https://www.linkedin.com/jobs/view/4476595747 , ,li-4476595747,fulltime,,,,,,False,associate,,,,Biotechnology Research,https://de.linkedin.com/company/pharmasgp,,,,,,,,,,,
linkedin,Associate Produktmanager Gebläsetechnik (m/w/d),KAESER KOMPRESSOREN,"Coburg, Bavaria, Germany",2026-10-07,https://www.linkedin.com/jobs/view/4476524977 , ,li-4476524977,fulltime,,,,,,False,entry level,,,,Machinery Manufacturing,https://de.linkedin.com/company/kaeser-kompressoren,,,,,,,,,,,
linkedin,Produktmanager Strommarkt & Sektorenkopplung (all genders),AVAT Automation GmbH,"Tübingen, Baden-Württemberg, Germany",2026-10-07,https://www.linkedin.com/jobs/view/4476529713 , ,li-4476529713,fulltime,,,,,,False,mid-senior level,,,jobs@avat.de,Renewables & Environment,https://de.linkedin.com/company/avat-automation-gmbh,,,,,,,,,,,
linkedin,Senior Manager - Product Management (m/f/d) - Data Connectivity,TE Connectivity,"Bensheim, Hesse, Germany",2026-10-07,https://www.linkedin.com/jobs/view/4435163448 , ,li-4435163448,fulltime,,,,,,False,mid-senior level,,,,"Appliances, Electrical, and Electronics Manufacturing",https://ie.linkedin.com/company/te-connectivity,,,,,,,,,,,
linkedin,Produktmanager/in Gesundheitsprodukte m/w/d in Vollzeit oder freier Mitarbeit,db - die Beraterapotheke B.V.,"Rheine, North Rhine-Westphalia, Germany",2026-10-07,https://www.linkedin.com/jobs/view/4476703844 , ,li-4476703844,fulltime,,,,,,False,mid-senior level,,,,Hospitals and Health Care,https://nl.linkedin.com/company/dieberaterapotheke,,,,,,,,,,,
linkedin,Lead Product Line Management CORE Footwear,PUMA Group,"Herzogenaurach, Bavaria, Germany",2026-10-07,https://www.linkedin.com/jobs/view/4466574330 , ,li-4466574330,fulltime,,,,,,False,mid-senior level,,,,"Sporting Goods Manufacturing, Retail, and Retail Apparel and Fashion",https://de.linkedin.com/company/puma,,,,,,,,,,,
linkedin,Senior Projektleiter:in / Product Owner (w/m/d),kernpunkt Digital GmbH,"Cologne, North Rhine-Westphalia, Germany",2026-10-07,https://www.linkedin.com/jobs/view/4476748051 , ,li-4476748051,fulltime,,,,,,False,associate,,,,Business Consulting and Services and IT Services and IT Consulting,https://de.linkedin.com/company/kernpunkt,,,,,,,,,,,
linkedin,Product Lead SAP Platform & Technology (w/m/d),Otto Group one.O,"Dresden, Saxony, Germany",2026-10-07,https://www.linkedin.com/jobs/view/4474484293 , ,li-4474484293,fulltime,,,,,,False,mid-senior level,,,,IT Services and IT Consulting,https://de.linkedin.com/company/ottogroup-one-o,,,,,,,,,,,
linkedin,Produktkoordinator (m/w/d),KAESER KOMPRESSOREN,"Coburg, Bavaria, Germany",2026-10-07,https://www.linkedin.com/jobs/view/4476525911 , ,li-4476525911,fulltime,,,,,,False,entry level,,,,Machinery Manufacturing,https://de.linkedin.com/company/kaeser-kompressoren,,,,,,,,,,,
linkedin,Global Product Manager - Pressure Sensors (m/f/d) Remote EMEA,TE Connectivity,Germany,2026-10-07,https://www.linkedin.com/jobs/view/4465091419 , ,li-4465091419,fulltime,,,,,,True,mid-senior level,,,,"Appliances, Electrical, and Electronics Manufacturing",https://ie.linkedin.com/company/te-connectivity,,,,,,,,,,,
linkedin,PRODUCT OWNER (m/w/d) - SCHWERPUNKT FINANZBUCHHALTUNG,Wilken Software Group,"Ulm, Baden-Württemberg, Germany",2026-10-07,https://www.linkedin.com/jobs/view/4476783805 , ,li-4476783805,fulltime,,,,,,False,mid-senior level,,,,Information Technology & Services,https://de.linkedin.com/company/wilken-software-group,,,,,,,,,,,
linkedin,Product Owner (m/w/d) Zendesk & Babelforce - Customer Service // remote möglich,Breuninger,"Stuttgart, Baden-Württemberg, Germany",2026-10-07,https://www.linkedin.com/jobs/view/4436173641 , ,li-4436173641,fulltime,,,,,,True,not applicable,,,,Software Development and IT Services and IT Consulting,https://de.linkedin.com/company/breuninger,,,,,,,,,,,
linkedin,Senior Professional Product Owner (m/w/d),R+V Versicherung,"Wiesbaden, Hesse, Germany",2026-10-07,https://www.linkedin.com/jobs/view/4475171023 , ,li-4475171023,fulltime,,,,,,False,mid-senior level,,,,Insurance,https://de.linkedin.com/company/r-v-versicherung,,,,,,,,,,,
linkedin,Produktmanager Deployment und Reporting (m/w/d),Finanz Informatik,"Frankfurt, Hesse, Germany",2026-10-07,https://www.linkedin.com/jobs/view/4457477241 , ,li-4457477241,fulltime,,,,,,False,associate,,,,"IT Services and IT Consulting, Banking, and Financial Services",https://de.linkedin.com/company/finanz-informatik,,,,,,,,,,,
linkedin,Produktmanager:in,Robert Half,"Düren, North Rhine-Westphalia, Germany",2026-10-07,https://www.linkedin.com/jobs/view/4476552683 , ,li-4476552683,fulltime,,,,,,False,associate,,,,Personal Care Product Manufacturing,https://www.linkedin.com/company/robert-half-international,,,,,,,,,,,
linkedin,Produktmanager Deployment und Reporting (m/w/d),Finanz Informatik,"Hannover, Lower Saxony, Germany",2026-10-07,https://www.linkedin.com/jobs/view/4457477242 , ,li-4457477242,fulltime,,,,,,False,associate,,,,"IT Services and IT Consulting, Banking, and Financial Services",https://de.linkedin.com/company/finanz-informatik,,,,,,,,,,,
linkedin,Technology & Product Portfolio Manager - Temperature Sensors (m/f/d) Remote,TE Connectivity,Germany,2026-10-07,https://www.linkedin.com/jobs/view/4466070402 , ,li-4466070402,fulltime,,,,,,True,mid-senior level,,,,"Appliances, Electrical, and Electronics Manufacturing",https://ie.linkedin.com/company/te-connectivity,,,,,,,,,,,
linkedin,Product Owner (m/w/d),CompuGroup Medical SE & Co. KGaA,"Sankt Wolfgang, Bavaria, Germany",2026-10-07,https://www.linkedin.com/jobs/view/4380437700 , ,li-4380437700,fulltime,,,,,,False,mid-senior level,,,,IT Services and IT Consulting,https://de.linkedin.com/company/compugroup-medical,,,,,,,,,,,
linkedin,"Team Lead Product Manager, Mobile Apps (m/f/d)",AutoScout24,"Munich, Bavaria, Germany",2026-10-07,https://www.linkedin.com/jobs/view/4466882064 , ,li-4466882064,,,,,,,False,,,,,,https://de.linkedin.com/company/autoscout24,,,,,,,,,,,
linkedin,Senior Produktmanager – Applikation zur Prüfung von Führungs- und Kommunikationssystemen (m/w/d),BWI GmbH,"Nuremberg, Bavaria, Germany",2026-10-07,https://www.linkedin.com/jobs/view/4476537454 , ,li-4476537454,fulltime,,,,,,False,mid-senior level,,,,IT Services and IT Consulting,https://de.linkedin.com/company/bwi-gmbh,,,,,,,,,,,
linkedin,(Senior) Product Manager (m/f/d),HELM AG,"Hamburg, Hamburg, Germany",2026-10-07,https://www.linkedin.com/jobs/view/4390716176 , ,li-4390716176,fulltime,,,,,,False,mid-senior level,,,,Chemical Manufacturing,https://de.linkedin.com/company/helmag,,,,,,,,,,,
linkedin,"Senior Technical Product Manager, Rail Integrations (all genders)",Distribusion Technologies,"Berlin, Germany",2026-10-07,https://www.linkedin.com/jobs/view/4463489561 , ,li-4463489561,fulltime,,,,,,False,mid-senior level,,,talent@distribusion.com,IT Services and IT Consulting,https://de.linkedin.com/company/distribusion,,,,,,,,,,,
linkedin,Senior Produktmanager – Applikation zur Prüfung von Führungs- und Kommunikationssystemen (m/w/d),BWI GmbH,"Berlin, Berlin, Germany",2026-10-07,https://www.linkedin.com/jobs/view/4476536493 , ,li-4476536493,fulltime,,,,,,False,mid-senior level,,,,IT Services and IT Consulting,https://de.linkedin.com/company/bwi-gmbh,,,,,,,,,,,
linkedin,Senior Produktmanager – Applikation zur Prüfung von Führungs- und Kommunikationssystemen (m/w/d),BWI GmbH,"Hamburg, Hamburg, Germany",2026-10-07,https://www.linkedin.com/jobs/view/4476537455 , ,li-4476537455,fulltime,,,,,,False,mid-senior level,,,,IT Services and IT Consulting,https://de.linkedin.com/company/bwi-gmbh,,,,,,,,,,,
linkedin,Produktentwickler (m/w/d),AVAT Automation GmbH,"Tübingen, Baden-Württemberg, Germany",2026-10-07,https://www.linkedin.com/jobs/view/4476523999 , ,li-4476523999,fulltime,,,,,,False,mid-senior level,,,jobs@avat.de,Renewables & Environment,https://de.linkedin.com/company/avat-automation-gmbh,,,,,,,,,,,
linkedin,Senior Product Manager - PDF Expert,WhyBrilliant,"Berlin, Berlin, Germany",2026-10-07,https://www.linkedin.com/jobs/view/4465542167 , ,li-4465542167,fulltime,direct_data,yearly,100000.0,120000.0,EUR,False,mid-senior level,,,,Software Development,https://de.linkedin.com/company/whybrilliantcom,,,,,,,,,,,
linkedin,Staff Product Manager – German Speaking - Managed Detection and Incident Response (m/f/x),Eye Security,"Berlin, Berlin, Germany",2026-10-07,https://www.linkedin.com/jobs/view/4466882364 , ,li-4466882364,fulltime,,,,,,False,mid-senior level,,,,Computer and Network Security,https://nl.linkedin.com/company/eyesecurity,,,,,,,,,,,
linkedin,Senior Product Manager - AI Pathology (d/f/m),Aignostics,Germany,2026-10-07,https://www.linkedin.com/jobs/view/4418728953 , ,li-4418728953,fulltime,,,,,,False,mid-senior level,,,,Software Development,https://de.linkedin.com/company/aignostics,,,,,,,,,,,
linkedin,Strategischer Produktmanager (m/w/d),Instaffo,"Herten, North Rhine-Westphalia, Germany",2026-10-07,https://www.linkedin.com/jobs/view/4467713484 , ,li-4467713484,fulltime,direct_data,yearly,66000.0,88000.0,EUR,False,mid-senior level,,,,Staffing and Recruiting,https://de.linkedin.com/company/instaffo-gmbh,,,,,,,,,,,
linkedin,Senior Product Manager (F/M/X),ablefy,"Berlin, Germany",2026-10-07,https://www.linkedin.com/jobs/view/4460474585 , ,li-4460474585,fulltime,,,,,,False,mid-senior level,,,,Software Development and IT Services and IT Consulting,https://de.linkedin.com/company/myablefy,,,,,,,,,,,
linkedin,(Senior) Produktmanager Biometrie (pAV/bAV) (m/w/d),AXA,"Cologne, North Rhine-Westphalia, Germany",2026-10-07,https://www.linkedin.com/jobs/view/4454563229 , ,li-4454563229,fulltime,,,,,,False,mid-senior level,,,recruiting@axa.de,Insurance,https://fr.linkedin.com/company/axa,,,,,,,,,,,
linkedin,"Produktmanager Traumatologie, Medizintechnik (m/w/d)",aap Implantate AG,"Berlin, Germany",2026-10-07,https://www.linkedin.com/jobs/view/4476570240 , ,li-4476570240,fulltime,,,,,,False,mid-senior level,,,,Medical Equipment Manufacturing,https://de.linkedin.com/company/aap-implantate-ag,,,,,,,,,,,
linkedin,Senior Product Manager - Machine Learning (m/f/d),voize,"Berlin, Germany",2026-10-07,https://www.linkedin.com/jobs/view/4428843132 , ,li-4428843132,fulltime,,,,,,False,mid-senior level,,,,Software Development,https://de.linkedin.com/company/voize-ai,,,,,,,,,,,
linkedin,Senior Product Manager (m/f/d),Orca Group,Greater Munich Metropolitan Area,2026-10-07,https://www.linkedin.com/jobs/view/4475412569 , ,li-4475412569,fulltime,,,,,,False,mid-senior level,,,,Software Development,https://de.linkedin.com/company/orca-group-gmbh,,,,,,,,,,,
linkedin,Senior Product Manager - Data Lakehouse (f/m/d),Trusted Shops,"Cologne, North Rhine-Westphalia, Germany",2026-10-07,https://www.linkedin.com/jobs/view/4469111883 , ,li-4469111883,fulltime,,,,,,False,mid-senior level,,,,IT Services and IT Consulting,https://de.linkedin.com/company/trustedshops,,,,,,,,,,,
linkedin,"(Senior) Product Manager,Trust Platform – Modules (f/m/d)",IDnow,"Berlin, Berlin, Germany",2026-10-07,https://www.linkedin.com/jobs/view/4470298283 , ,li-4470298283,fulltime,,,,,,False,mid-senior level,,,,Software Development,https://de.linkedin.com/company/idnow,,,,,,,,,,,
linkedin,Product Manager B2B SaaS – EV Charging & Energy (all genders),reev,"Munich, Bavaria, Germany",2026-10-07,https://www.linkedin.com/jobs/view/4475195609 , ,li-4475195609,fulltime,,,,,,False,associate,,,,Software Development,https://de.linkedin.com/company/reevmobility,,,,,,,,,,,
linkedin,Product Manager - Energy Management (all genders),reev,"Munich, Bavaria, Germany",2026-10-07,https://www.linkedin.com/jobs/view/4475408138 , ,li-4475408138,fulltime,,,,,,False,associate,,,,Software Development and Energy Technology,https://de.linkedin.com/company/reevmobility,,,,,,,,,,,
linkedin,Senior Technical Product Manager – Core Asset Module (m/w/d),JobRad® | Deutschland,Germany,2026-10-07,https://www.linkedin.com/jobs/view/4466503106 , ,li-4466503106,fulltime,,,,,,False,mid-senior level,,,,Financial Services,https://de.linkedin.com/company/jobrad-gmbh,,,,,,,,,,,
linkedin,Product Manager,Turba Labs,"Baden-Württemberg, Germany",2026-10-07,https://www.linkedin.com/jobs/view/4451655899 , ,li-4451655899,fulltime,,,,,,False,mid-senior level,,,,Software Development,https://www.linkedin.com/company/turbalabs,,,,,,,,,,,
linkedin,Senior Produktmanager – Applikation zur Prüfung von Führungs- und Kommunikationssystemen (m/w/d),BWI GmbH,"Munich, Bavaria, Germany",2026-10-07,https://www.linkedin.com/jobs/view/4476543142 , ,li-4476543142,fulltime,,,,,,False,mid-senior level,,,,IT Services and IT Consulting,https://de.linkedin.com/company/bwi-gmbh,,,,,,,,,,,
linkedin,Technical Product Owner | Integrations (m/f/d),Superchat,"Berlin, Berlin, Germany",2026-10-07,https://www.linkedin.com/jobs/view/4476536963 , ,li-4476536963,fulltime,,,,,,False,mid-senior level,,,,IT Services and IT Consulting,https://de.linkedin.com/company/superchatcom,,,,,,,,,,,
linkedin,Senior Produktmanager – Applikation zur Prüfung von Führungs- und Kommunikationssystemen (m/w/d),BWI GmbH,"Frankfurt am Main, Hesse, Germany",2026-10-07,https://www.linkedin.com/jobs/view/4476535536 , ,li-4476535536,fulltime,,,,,,False,mid-senior level,,,,IT Services and IT Consulting,https://de.linkedin.com/company/bwi-gmbh,,,,,,,,,,,
linkedin,Senior Produktmanager – Applikation zur Prüfung von Führungs- und Kommunikationssystemen (m/w/d),BWI GmbH,"Bonn, North Rhine-Westphalia, Germany",2026-10-07,https://www.linkedin.com/jobs/view/4476542248 , ,li-4476542248,fulltime,,,,,,False,mid-senior level,,,,IT Services and IT Consulting,https://de.linkedin.com/company/bwi-gmbh,,,,,,,,,,,
linkedin,Senior Product Manager (f/m/d),IDnow,"Munich, Bavaria, Germany",2026-10-07,https://www.linkedin.com/jobs/view/4399535961 , ,li-4399535961,fulltime,,,,,,False,mid-senior level,,,,Software Development,https://de.linkedin.com/company/idnow,,,,,,,,,,,
linkedin,Senior Produktmanager – Applikation zur Prüfung von Führungs- und Kommunikationssystemen (m/w/d),BWI GmbH,"Leipzig, Saxony, Germany",2026-10-07,https://www.linkedin.com/jobs/view/4476544096 , ,li-4476544096,fulltime,,,,,,False,mid-senior level,,,,IT Services and IT Consulting,https://de.linkedin.com/company/bwi-gmbh,,,,,,,,,,,
linkedin,Senior Produktmanager – Applikation zur Prüfung von Führungs- und Kommunikationssystemen (m/w/d),BWI GmbH,"Ulm, Baden-Württemberg, Germany",2026-10-07,https://www.linkedin.com/jobs/view/4476542249 , ,li-4476542249,fulltime,,,,,,False,mid-senior level,,,,IT Services and IT Consulting,https://de.linkedin.com/company/bwi-gmbh,,,,,,,,,,,
linkedin,Produktmanager (m/w/d) Industrielle Haftpflichtversicherung,W&W-Gruppe,"Kornwestheim, Baden-Württemberg, Germany",2026-10-07,https://www.linkedin.com/jobs/view/4470292486 , ,li-4470292486,fulltime,,,,,,False,mid-senior level,,,,Insurance,https://de.linkedin.com/company/wwgruppe,,,,,,,,,,,
linkedin,Senior Product Owner Plattform & Infrastructure (m/w/d),Arkwright Digital GmbH,Greater Hamburg Area,2026-10-07,https://www.linkedin.com/jobs/view/4476572585 , ,li-4476572585,fulltime,,,,,,False,associate,,,recruiting@arkwright.de,IT Services and IT Consulting,https://de.linkedin.com/company/arkwright-digital-gmbh,,,,,,,,,,,
linkedin,Product Manager (f/m/d),MICRO-TECH Endoscopy EMEA,"Düsseldorf, North Rhine-Westphalia, Germany",2026-10-07,https://www.linkedin.com/jobs/view/4476587058 , ,li-4476587058,fulltime,,,,,,False,entry level,,,,Medical Equipment Manufacturing,https://www.linkedin.com/company/microtechemea,,,,,,,,,,,
linkedin,Senior Product Manager (f/m/d),Zenjob,"Berlin, Germany",2026-10-07,https://www.linkedin.com/jobs/view/4474465942 , ,li-4474465942,fulltime,,,,,,False,mid-senior level,,,,"Staffing and Recruiting, Internet Marketplace Platforms, and Software Development",https://de.linkedin.com/company/zenjob,,,,,,,,,,,
linkedin,Senior Product Manager Claims (w/m/d/x),EMIL Group,Germany,2026-10-07,https://www.linkedin.com/jobs/view/4456043908 , ,li-4456043908,fulltime,,,,,,False,mid-senior level,,,,Insurance and IT Services and IT Consulting,https://de.linkedin.com/company/emil-de,,,,,,,,,,,
linkedin,Produktmanager dmBio (w/m/d),dm-drogerie markt Deutschland,Greater Karlsruhe Area,2026-10-07,https://www.linkedin.com/jobs/view/4475147972 , ,li-4475147972,fulltime,,,,,,False,mid-senior level,,,,Retail,https://de.linkedin.com/company/dm-drogerie-markt-deutschland,,,,,,,,,,,
linkedin,Produktmanager Oryza / reis-fit (m/w/d),Euryza GmbH,"Hamburg, Germany",2026-10-07,https://www.linkedin.com/jobs/view/4476553968 , ,li-4476553968,fulltime,,,,,,False,entry level,,,,Food and Beverage Manufacturing,https://de.linkedin.com/company/euryza-gmbh,,,,,,,,,,,
linkedin,Produktmanager Serviceprodukte (m/w/d),Vaillant Group,"Remscheid, North Rhine-Westphalia, Germany",2026-10-07,https://www.linkedin.com/jobs/view/4476527087 , ,li-4476527087,,,,,,,False,,,,,,https://de.linkedin.com/company/vaillant,,,,,,,,,,,
linkedin,Product Manager - Engineering,Tripledot Studios,"Berlin, Germany",2026-10-07,https://www.linkedin.com/jobs/view/4458753563 , ,li-4458753563,fulltime,,,,,,False,mid-senior level,,,,Computer Games,https://uk.linkedin.com/company/tripledot-studios,,,,,,,,,,,
linkedin,Product Manager Consumable Customization Services (F/M),Sartorius,"Göttingen, Lower Saxony, Germany",2026-10-07,https://www.linkedin.com/jobs/view/4450092930 , ,li-4450092930,fulltime,,,,,,False,mid-senior level,,,,Biotechnology Research,https://de.linkedin.com/company/sartorius,,,,,,,,,,,
linkedin,Product Manager (Hardware),AI Futures,"Munich, Bavaria, Germany",2026-10-07,https://www.linkedin.com/jobs/view/4476596440 , ,li-4476596440,fulltime,direct_data,yearly,100000.0,150000.0,EUR,False,mid-senior level,,,,Robotics Engineering and Industrial Machinery Manufacturing,https://uk.linkedin.com/company/aifuturesgroup,,,,,,,,,,,
linkedin,Produktmanager Versorgungsmanagement (m/w/d),BITMARCK,"Frankfurt, Hesse, Germany",2026-10-07,https://www.linkedin.com/jobs/view/4456486931 , ,li-4456486931,fulltime,,,,,,False,mid-senior level,,,,IT Services and IT Consulting,https://de.linkedin.com/company/bitmarck,,,,,,,,,,,
linkedin,Product Manager (all genders),UTA Edenred,"Kleinostheim, Bavaria, Germany",2026-10-07,https://www.linkedin.com/jobs/view/4476722119 , ,li-4476722119,fulltime,,,,,,False,mid-senior level,,,,IT Services and IT Consulting,https://de.linkedin.com/company/utaedenred,,,,,,,,,,,
linkedin,IT-Projektleiter & Teamleiter Product Team (m/w/d),Hans Segmüller Polstermöbelfabrik,"Friedberg, Bavaria, Germany",2026-10-07,https://www.linkedin.com/jobs/view/4474441770 , ,li-4474441770,,,,,,,False,,,,,,https://de.linkedin.com/company/hans-segm-ller-polsterm-belfabrik,,,,,,,,,,,
linkedin,Projektleiter m/w/d für Aufzugsneubau und Modernisierungen,KONE,"Berlin, Berlin, Germany",2026-10-07,https://www.linkedin.com/jobs/view/4468217158 , ,li-4468217158,fulltime,,,,,,False,associate,,,jobs.germany@kone.com,Industrial Machinery Manufacturing,https://fi.linkedin.com/company/kone,,,,,,,,,,,
linkedin,Project Manager,Haystack,Greater Munich Metropolitan Area,2026-10-07,https://www.linkedin.com/jobs/view/4475483589 , ,li-4475483589,fulltime,,,,,,False,mid-senior level,,,,"Technology, Information and Media",https://uk.linkedin.com/company/wearehaystack,,,,,,,,,,,
linkedin,Projektleiter (m/w/d) TGA,Zimmer & Hälbig GmbH,"Cologne, North Rhine-Westphalia, Germany",2026-10-07,https://www.linkedin.com/jobs/view/4474459597 , ,li-4474459597,fulltime,,,,,,False,mid-senior level,,,,Construction,https://de.linkedin.com/company/zimmer-&-h%C3%A4lbig-gmbh,,,,,,,,,,,
linkedin,Projektleiter (m/w/d) MSR,LIST Gruppe,"Bietigheim-Bissingen, Baden-Württemberg, Germany",2026-10-07,https://www.linkedin.com/jobs/view/4328111227 , ,li-4328111227,fulltime,,,,,,False,associate,,,,Construction and Real Estate,https://de.linkedin.com/company/list-gruppe,,,,,,,,,,,
linkedin,Projektleiter (m/w/d) MSR,LIST Gruppe,"Bielefeld, North Rhine-Westphalia, Germany",2026-10-07,https://www.linkedin.com/jobs/view/4328052516 , ,li-4328052516,fulltime,,,,,,False,associate,,,,Construction and Real Estate,https://de.linkedin.com/company/list-gruppe,,,,,,,,,,,
linkedin,Teamlead Technisches Projektmanagement Messstellenbetrieb (m/w/d),wattline GmbH,"Ruderting, Bavaria, Germany",2026-10-07,https://www.linkedin.com/jobs/view/4469120423 , ,li-4469120423,fulltime,,,,,,False,mid-senior level,,,bewerbung@wattline.com,Utilities,https://de.linkedin.com/company/wattline-gmbh,,,,,,,,,,,
linkedin,Projektleiter / Projektmanager (all genders) SAP Cloud ERP,valantic,"Cologne, North Rhine-Westphalia, Germany",2026-10-07,https://www.linkedin.com/jobs/view/4474459525 , ,li-4474459525,fulltime,,,,,,False,mid-senior level,,,,Business Consulting and Services,https://de.linkedin.com/company/valantic,,,,,,,,,,,
linkedin,Projektleiter MSR / Gebäudeautomation (m/w/d),Bachner Group,Greater Munich Metropolitan Area,2026-10-07,https://www.linkedin.com/jobs/view/4476707606 , ,li-4476707606,,,,,,,False,,,,,,https://de.linkedin.com/company/elektro-bachner,,,,,,,,,,,
linkedin,Project Manager BESS - German speaker (m/w/d),Second Foundation,"Berlin, Germany",2026-10-07,https://www.linkedin.com/jobs/view/4476519986 , ,li-4476519986,fulltime,,,,,,False,mid-senior level,,,,Services for Renewable Energy,https://cz.linkedin.com/company/secondfoundation,,,,,,,,,,,
linkedin,Projektleiter:in HLKS,Cobalt Deutschland GmbH,"Berlin, Germany",2026-10-07,https://www.linkedin.com/jobs/view/4476713291 , ,li-4476713291,fulltime,direct_data,yearly,70000.0,90000.0,EUR,False,associate,,,,Construction and Real Estate,https://de.linkedin.com/company/cobalt-deutschland,,,,,,,,,,,
linkedin,Projektmanager im Bauwesen (m/w/d),ELA Container,"Haren, Lower Saxony, Germany",2026-10-07,https://www.linkedin.com/jobs/view/4476567404 , ,li-4476567404,fulltime,,,,,,False,mid-senior level,,,,Building Construction,https://de.linkedin.com/company/ela-container,,,,,,,,,,,
linkedin,Projektleiter Großprojekte Industriebau (m/w/d),Hays,"Berlin, Berlin, Germany",2026-10-07,https://www.linkedin.com/jobs/view/4475406522 , ,li-4475406522,fulltime,direct_data,yearly,90000.0,140000.0,EUR,False,associate,,,,Construction,https://uk.linkedin.com/company/hays,,,,,,,,,,,
linkedin,Projektmanager U-Boot Simulation (m/w/d),Rheinmetall,"Bremen, Bremen, Germany",2026-10-07,https://www.linkedin.com/jobs/view/4475182273 , ,li-4475182273,fulltime,,,,,,False,mid-senior level,,,,Defense and Space Manufacturing,https://de.linkedin.com/company/rheinmetall,,,,,,,,,,,
linkedin,Operational Project Manager (m/w/d),ELA Container,"Haren, Lower Saxony, Germany",2026-10-07,https://www.linkedin.com/jobs/view/4476575058 , ,li-4476575058,,,,,,,False,,,,,,https://de.linkedin.com/company/ela-container,,,,,,,,,,,
linkedin,Projektleiter (m/w/d) Sonderwerkzeuge und Prüfgeräte,KNDS Deutschland,"Kassel, Hesse, Germany",2026-10-07,https://www.linkedin.com/jobs/view/4476742317 , ,li-4476742317,fulltime,,,,,,False,mid-senior level,,,,Defense and Space Manufacturing,https://de.linkedin.com/company/knds-deutschland,,,,,,,,,,,
linkedin,AI Product Manager (m/w/d),Simon-Kucher,"Cologne, North Rhine-Westphalia, Germany",2026-10-06,https://www.linkedin.com/jobs/view/4474417063 , ,li-4474417063,fulltime,,,,,,False,mid-senior level,,,,Business Consulting and Services,https://de.linkedin.com/company/simon-kucher,,,,,,,,,,,
linkedin,Technischer Projektleiter - Missionssysteme für Gefechtsfahrzeuge (m/w/d),Rheinmetall,"Bremen, Bremen, Germany",2026-10-06,https://www.linkedin.com/jobs/view/4445866621 , ,li-4445866621,fulltime,,,,,,False,mid-senior level,,,,Defense and Space Manufacturing,https://de.linkedin.com/company/rheinmetall,,,,,,,,,,,
linkedin,AI Product Manager (m/w/d),Simon-Kucher,"Frankfurt am Main, Hesse, Germany",2026-10-06,https://www.linkedin.com/jobs/view/4474411343 , ,li-4474411343,fulltime,,,,,,False,mid-senior level,,,,Business Consulting and Services,https://de.linkedin.com/company/simon-kucher,,,,,,,,,,,
linkedin,Senior Project Manager - Telematikinfrastruktur & Identitätslösungen (m/w/d),D-Trust,"Berlin, Germany",2026-10-06,https://www.linkedin.com/jobs/view/4439078578 , ,li-4439078578,fulltime,,,,,,False,mid-senior level,,,,IT Services and IT Consulting,https://www.linkedin.com/company/d-trust,,,,,,,,,,,
linkedin,Project Manager for innovative MEMS sensors (f/m/div.),Bosch Sensortec GmbH,"Munich, Bavaria, Germany",2026-10-06,https://www.linkedin.com/jobs/view/4474049956 , ,li-4474049956,fulltime,,,,,,False,associate,,,,Semiconductor Manufacturing and Computers and Electronics Manufacturing,https://de.linkedin.com/company/bosch-sensortec,,,,,,,,,,,
linkedin,Project Manager for new Build Data Centers,NorthC Datacenters Deutschland,"Frankfurt, Hesse, Germany",2026-10-06,https://www.linkedin.com/jobs/view/4476164759 , ,li-4476164759,fulltime,,,,,,False,mid-senior level,,,,IT Services and IT Consulting,https://de.linkedin.com/company/northc-datacenters-deutschland,,,,,,,,,,,
linkedin,"Senior Projektmanager* (Directive PMO) *Geschlecht egal, Hauptsache gut",take-e-way GmbH,"Hamburg, Hamburg, Germany",2026-10-06,https://www.linkedin.com/jobs/view/4469832726 , ,li-4469832726,fulltime,,,,,,False,not applicable,,,,Environmental Services,https://de.linkedin.com/company/take-e-way-gmbh,,,,,,,,,,,
linkedin,AI Product Manager (m/w/d),Simon-Kucher,"Berlin, Berlin, Germany",2026-10-06,https://www.linkedin.com/jobs/view/4474409413 , ,li-4474409413,fulltime,,,,,,False,mid-senior level,,,,Business Consulting and Services,https://de.linkedin.com/company/simon-kucher,,,,,,,,,,,
linkedin,Product Manager – Regulatory Solutions (m/f/d),Infront,"Frankfurt am Main, Hesse, Germany",2026-10-06,https://www.linkedin.com/jobs/view/4474677571 , ,li-4474677571,fulltime,,,,,,False,entry level,,,,"Financial Services, Investment Banking, and IT Services and IT Consulting",https://no.linkedin.com/company/infront-as,,,,,,,,,,,
linkedin,Technische Projektleitung – Ferngesteuerte Waffenstationen (m/w/d),Rheinmetall,"Bremen, Bremen, Germany",2026-10-06,https://www.linkedin.com/jobs/view/4445881503 , ,li-4445881503,fulltime,,,,,,False,mid-senior level,,,,Defense and Space Manufacturing,https://de.linkedin.com/company/rheinmetall,,,,,,,,,,,
linkedin,"Strategic Product Manager (all genders, full-/part-time)",Merck Life Science,"Darmstadt, Hesse, Germany",2026-10-06,https://www.linkedin.com/jobs/view/4476186708 , ,li-4476186708,fulltime,,,,,,False,mid-senior level,,,,Biotechnology Research,https://de.linkedin.com/company/merck-life-science,,,,,,,,,,,
linkedin,Projektleiter Hochbau (w/m/d),VIRES CONFERRE GmbH,Berlin Metropolitan Area,2026-10-06,https://www.linkedin.com/jobs/view/4476167112 , ,li-4476167112,fulltime,,,,,,False,associate,,,FelixKuehn-3@ViresConferre.com,Construction and Real Estate,https://de.linkedin.com/company/vires-conferre-gmbh,,,,,,,,,,,
linkedin,Produktmanager Managed Services - Cloud & Infrastructure (m/w/d) - Remote,SITS Group,Germany,2026-10-06,https://www.linkedin.com/jobs/view/4465535126 , ,li-4465535126,fulltime,,,,,,True,mid-senior level,,,,Computer and Network Security,https://ch.linkedin.com/company/sits-group,,,,,,,,,,,
linkedin,Senior Product Manager (Full Remote - Europe),EverAI,Germany,2026-10-06,https://www.linkedin.com/jobs/view/4466067241 , ,li-4466067241,fulltime,,,,,,True,mid-senior level,,,,"Technology, Information and Internet",https://www.linkedin.com/company/everai,,,,,,,,,,,
linkedin,AI Product Manager (m/w/d),Simon-Kucher,"Munich, Bavaria, Germany",2026-10-06,https://www.linkedin.com/jobs/view/4474095938 , ,li-4474095938,fulltime,,,,,,False,mid-senior level,,,,Business Consulting and Services,https://de.linkedin.com/company/simon-kucher,,,,,,,,,,,
linkedin,AI Product Manager (m/w/d),Simon-Kucher,"Hamburg, Hamburg, Germany",2026-10-06,https://www.linkedin.com/jobs/view/4474099771 , ,li-4474099771,fulltime,,,,,,False,mid-senior level,,,,Business Consulting and Services,https://de.linkedin.com/company/simon-kucher,,,,,,,,,,,
linkedin,(Senior) Product Manager (m/w/d),HELM AG,"Hamburg, Hamburg, Germany",2026-10-06,https://www.linkedin.com/jobs/view/4390730037 , ,li-4390730037,fulltime,,,,,,False,mid-senior level,,,,Chemical Manufacturing,https://de.linkedin.com/company/helmag,,,,,,,,,,,
linkedin,Forward Deployed Product Manager,cargomotion,Berlin Metropolitan Area,2026-10-06,https://www.linkedin.com/jobs/view/4470139624 , ,li-4470139624,fulltime,,,,,,False,mid-senior level,,,,Software Development,https://de.linkedin.com/company/cargomotion,,,,,,,,,,,
linkedin,Senior Data Product Manager- Marketing,Emma – The Sleep Company,"Frankfurt, Hesse, Germany",2026-10-06,https://www.linkedin.com/jobs/view/4474974527 , ,li-4474974527,fulltime,,,,,,False,not applicable,,,privacy@emma-sleep.com,Retail,https://de.linkedin.com/company/lifeatemma,,,,,,,,,,,
linkedin,Senior Product Manager - Risk & Compliance,Qonto,"Berlin, Germany",2026-10-06,https://www.linkedin.com/jobs/view/4467238534 , ,li-4467238534,fulltime,,,,,,False,mid-senior level,,,support@qonto.com,Financial Services,https://fr.linkedin.com/company/qonto,,,,,,,,,,,
linkedin,Senior technische:r Produktmanager:in FRMCS Systemtechnik Cloud / virtualisierte Infrastruktur,Deutsche Bahn,"Frankfurt am Main, Hesse, Germany",2026-10-06,https://www.linkedin.com/jobs/view/4476137132 , ,li-4476137132,fulltime,,,,,,False,mid-senior level,,,,Truck Transportation,https://de.linkedin.com/company/deutschebahn,,,,,,,,,,,
linkedin,SDV & AI Solutions Product Manager,HARMAN International,"Garching, Bavaria, Germany",2026-10-06,https://www.linkedin.com/jobs/view/4465542090 , ,li-4465542090,fulltime,,,,,,False,mid-senior level,,,harmancareers@harman.com,Computers and Electronics Manufacturing,https://www.linkedin.com/company/harman-international,,,,,,,,,,,
linkedin,Senior Product Manager - Machine Learning (m/f/d),voize,"Berlin, Berlin, Germany",2026-10-06,https://www.linkedin.com/jobs/view/4476373445 , ,li-4476373445,fulltime,,,,,,False,mid-senior level,,,,Software Development,https://de.linkedin.com/company/voize-ai,,,,,,,,,,,
linkedin,(Senior) Product Manager (all genders),Shiftmove,"Berlin, Berlin, Germany",2026-10-06,https://www.linkedin.com/jobs/view/4439021660 , ,li-4439021660,fulltime,,,,,,False,mid-senior level,,,,IT Services and IT Consulting,https://de.linkedin.com/company/shiftmove,,,,,,,,,,,
linkedin,Product Manager*in (m/w/d),Loopario | vormals Logistikbude,"Dortmund, North Rhine-Westphalia, Germany",2026-10-06,https://www.linkedin.com/jobs/view/4474091038 , ,li-4474091038,fulltime,,,,,,False,entry level,,,,IT Services and IT Consulting,https://de.linkedin.com/company/loopario,,,,,,,,,,,
linkedin,IT-Projektmanager Cybersecurity (m/w/d),Nomios Group,"Frankfurt am Main, Hesse, Germany",2026-10-06,https://www.linkedin.com/jobs/view/4476367072 , ,li-4476367072,fulltime,,,,,,False,mid-senior level,,,,Computer and Network Security,https://fr.linkedin.com/company/nomiosgroup,,,,,,,,,,,
linkedin,Project Manager (m/w/d),OHB SE,"Bremen, Bremen, Germany",2026-10-06,https://www.linkedin.com/jobs/view/4476148370 , ,li-4476148370,fulltime,,,,,,False,not applicable,,,,Defense and Space Manufacturing,https://de.linkedin.com/company/ohb-se,,,,,,,,,,,
linkedin,Projektmanager/-in (m/w/d) - mit Autohauserfahrung,MSX International,"Munich, Bavaria, Germany",2026-10-06,https://www.linkedin.com/jobs/view/4458223856 , ,li-4458223856,fulltime,,,,,,False,mid-senior level,,,,Business Consulting and Services,https://www.linkedin.com/company/msx-international,,,,,,,,,,,
linkedin,Projektmanager TGA / Bau (m/w/d),CEV Handelsimmobilien GmbH,"Hamburg, Hamburg, Germany",2026-10-06,https://www.linkedin.com/jobs/view/4476155941 , ,li-4476155941,fulltime,,,,,,False,associate,,,,Real Estate,https://de.linkedin.com/company/cev-handelsimmobilien-gmbh,,,,,,,,,,,
linkedin,Project Manager - Advanced Materials (all genders),AIXTRON SE,"Herzogenrath, North Rhine-Westphalia, Germany",2026-10-06,https://www.linkedin.com/jobs/view/4476184933 , ,li-4476184933,fulltime,,,,,,False,entry level,,,,Semiconductor Manufacturing,https://de.linkedin.com/company/aixtron-se,,,,,,,,,,,
linkedin,(Junior) Produktmanager (m/w/d) - ETF and Fintech,Michael Page,"Frankfurt am Main, Hesse, Germany",2026-10-06,https://www.linkedin.com/jobs/view/4476375675 , ,li-4476375675,fulltime,,,,,,False,mid-senior level,,,,"Events Services, Financial Services, and Facilities Services",https://uk.linkedin.com/company/michael-page,,,,,,,,,,,
linkedin,Projektleiter Sprinkleranlagen / Brandschutztechnik (w/m/d),Brunel,"Essen, North Rhine-Westphalia, Germany",2026-10-06,https://www.linkedin.com/jobs/view/4474960075 , ,li-4474960075,,,,,,,False,,,,,,https://nl.linkedin.com/company/brunel,,,,,,,,,,,
linkedin,Technical Product Owner Realtime & Videokonferenzen (m/w/d),BWI GmbH,"Berlin, Berlin, Germany",2026-10-06,https://www.linkedin.com/jobs/view/4460364568 , ,li-4460364568,fulltime,,,,,,False,mid-senior level,,,,IT Services and IT Consulting,https://de.linkedin.com/company/bwi-gmbh,,,,,,,,,,,
linkedin,Produktmanager / Technischer Einkäufer (m/w/d) Gabelstaplerersatzteile,TREX.PARTS GmbH & Co. KG,"Sittensen, Lower Saxony, Germany",2026-10-06,https://www.linkedin.com/jobs/view/4476186417 , ,li-4476186417,fulltime,,,,,,False,mid-senior level,,,,Wholesale,https://de.linkedin.com/company/trex-parts,,,,,,,,,,,
linkedin,Product Owner - Customer Experience,knuspr.de,"Munich, Bavaria, Germany",2026-10-06,https://www.linkedin.com/jobs/view/4476352815 , ,li-4476352815,fulltime,,,,,,False,mid-senior level,,,,Food and Beverage Services,https://de.linkedin.com/company/knuspr,,,,,,,,,,,
linkedin,Projektleiter/-in Elektrotechnik (m/w/d),ITA engineering GmbH,"Munich, Bavaria, Germany",2026-10-06,https://www.linkedin.com/jobs/view/4476307365 , ,li-4476307365,fulltime,,,,,,False,mid-senior level,,,,"Architecture and Planning, Civil Engineering, and Industrial Machinery Manufacturing",https://de.linkedin.com/company/ita-engineering-gmbh,,,,,,,,,,,
linkedin,Product Manager,Ontex,"Coblenz, Rhineland-Palatinate, Germany",2026-10-06,https://www.linkedin.com/jobs/view/4458231919 , ,li-4458231919,fulltime,,,,,,False,mid-senior level,,,Manuela.Gorka@ontexglobal.com,Consumer Goods,https://be.linkedin.com/company/ontex,,,,,,,,,,,
linkedin,Product Lead Graph Intelligence Engine (m/w/d),Palturai,"Hofheim am Taunus, Hesse, Germany",2026-10-06,https://www.linkedin.com/jobs/view/4474048354 , ,li-4474048354,fulltime,,,,,,False,associate,,,,IT Services and IT Consulting,https://de.linkedin.com/company/kantwert-gmbh,,,,,,,,,,,
linkedin,Product Lead (m/w/d),JUNGLÜCK,"Oberhaching, Bavaria, Germany",2026-10-06,https://www.linkedin.com/jobs/view/4474052734 , ,li-4474052734,fulltime,,,,,,False,associate,,,,Personal Care Product Manufacturing,https://de.linkedin.com/company/junglueck,,,,,,,,,,,
linkedin,Product Owner (m/w/d) Netzanschlüsse,SVO-Gruppe,"Celle, Lower Saxony, Germany",2026-10-06,https://www.linkedin.com/jobs/view/4474037728 , ,li-4474037728,fulltime,,,,,,False,associate,,,,"Services for Renewable Energy, Utilities, and Electric Power Transmission, Control, and Distribution",https://de.linkedin.com/company/svo-gruppe,,,,,,,,,,,
linkedin,Technical Product Owner Realtime & Videokonferenzen (m/w/d),BWI GmbH,"Munich, Bavaria, Germany",2026-10-06,https://www.linkedin.com/jobs/view/4460366472 , ,li-4460366472,fulltime,,,,,,False,mid-senior level,,,,IT Services and IT Consulting,https://de.linkedin.com/company/bwi-gmbh,,,,,,,,,,,
linkedin,Project Manager (Senior or Experienced Level) (m/f/d),Boeing,"Hamburg, Hamburg, Germany",2026-10-06,https://www.linkedin.com/jobs/view/4474084061 , ,li-4474084061,fulltime,,,,,,False,not applicable,,,,"Airlines and Aviation, Aviation and Aerospace Component Manufacturing, and Defense and Space Manufacturing",https://www.linkedin.com/company/boeing,,,,,,,,,,,
linkedin,Technical Product Owner Realtime & Videokonferenzen (m/w/d),BWI GmbH,"Leipzig, Saxony, Germany",2026-10-06,https://www.linkedin.com/jobs/view/4460348949 , ,li-4460348949,fulltime,,,,,,False,mid-senior level,,,,IT Services and IT Consulting,https://de.linkedin.com/company/bwi-gmbh,,,,,,,,,,,
linkedin,Technical Product Owner Realtime & Videokonferenzen (m/w/d),BWI GmbH,"Ulm, Baden-Württemberg, Germany",2026-10-06,https://www.linkedin.com/jobs/view/4460351753 , ,li-4460351753,fulltime,,,,,,False,mid-senior level,,,,IT Services and IT Consulting,https://de.linkedin.com/company/bwi-gmbh,,,,,,,,,,,
linkedin,Technical Product Owner Realtime & Videokonferenzen (m/w/d),BWI GmbH,"Bonn, North Rhine-Westphalia, Germany",2026-10-06,https://www.linkedin.com/jobs/view/4460360569 , ,li-4460360569,fulltime,,,,,,False,mid-senior level,,,,IT Services and IT Consulting,https://de.linkedin.com/company/bwi-gmbh,,,,,,,,,,,
linkedin,Technical Product Owner Realtime & Videokonferenzen (m/w/d),BWI GmbH,"Frankfurt am Main, Hesse, Germany",2026-10-06,https://www.linkedin.com/jobs/view/4460370399 , ,li-4460370399,fulltime,,,,,,False,mid-senior level,,,,IT Services and IT Consulting,https://de.linkedin.com/company/bwi-gmbh,,,,,,,,,,,
linkedin,Produktmanager Deployment und Reporting (m/w/d),Finanz Informatik,"Münster, North Rhine-Westphalia, Germany",2026-10-06,https://www.linkedin.com/jobs/view/4457471285 , ,li-4457471285,fulltime,,,,,,False,associate,,,,"IT Services and IT Consulting, Banking, and Financial Services",https://de.linkedin.com/company/finanz-informatik,,,,,,,,,,,
linkedin,Product Owner (m/w/d),Crewmeister,"Munich, Bavaria, Germany",2026-10-06,https://www.linkedin.com/jobs/view/4466194910 , ,li-4466194910,fulltime,,,,,,False,mid-senior level,,,people@crewmeister.com,"Technology, Information and Internet",https://de.linkedin.com/company/crewmeister,,,,,,,,,,,
linkedin,Senior Product Owner m/w/d,DEPT®,"Hamburg, Hamburg, Germany",2026-10-06,https://www.linkedin.com/jobs/view/4448307916 , ,li-4448307916,fulltime,,,,,,False,mid-senior level,,,,Advertising Services,https://nl.linkedin.com/company/deptglobal,,,,,,,,,,,
linkedin,Leitung Produktmanagement Haftpflicht / Unfall / Sach Privat,HDI Group,"Hannover, Lower Saxony, Germany",2026-10-06,https://www.linkedin.com/jobs/view/4467226246 , ,li-4467226246,fulltime,,,,,,False,mid-senior level,,,,Insurance,https://de.linkedin.com/company/hdigroup,,,,,,,,,,,
linkedin,Referent Payment Solutions (m/w/d),Evangelische Bank,"Kassel, Hesse, Germany",2026-10-06,https://www.linkedin.com/jobs/view/4474695970 , ,li-4474695970,fulltime,,,,,,False,associate,,,,Banking,https://de.linkedin.com/company/evangelische-bank,,,,,,,,,,,
linkedin,Product Owner mit KI Fokus (m/w/d) | 40.000 € - 60.000 € Jahresgehalt,Ines Scholz Steuerberatungsgesellschaft mbH,"Zwickau, Saxony, Germany",2026-10-06,https://www.linkedin.com/jobs/view/4474037375 , ,li-4474037375,fulltime,direct_data,yearly,40000.0,60000.0,EUR,False,mid-senior level,,,,Business Consulting and Services,https://de.linkedin.com/company/ines-scholz,,,,,,,,,,,
linkedin,Product Manager (AI x Greentech) (m/f/d),Reonic,"Augsburg, Bavaria, Germany",2026-10-06,https://www.linkedin.com/jobs/view/4476181541 , ,li-4476181541,fulltime,,,,,,False,associate,,,,Software Development and Services for Renewable Energy,https://de.linkedin.com/company/reonic,,,,,,,,,,,
linkedin,AI Product Manager (m/w/d),Simon-Kucher,"Bonn, North Rhine-Westphalia, Germany",2026-10-06,https://www.linkedin.com/jobs/view/4474401666 , ,li-4474401666,fulltime,,,,,,False,mid-senior level,,,,Business Consulting and Services,https://de.linkedin.com/company/simon-kucher,,,,,,,,,,,
linkedin,Technical Product Manager (m/w/d) AI & Partnerintegrationen Mietwagen,CHECK24,"Augsburg, Bavaria, Germany",2026-10-06,https://www.linkedin.com/jobs/view/4476172092 , ,li-4476172092,fulltime,,,,,,False,entry level,,,,Software Development,https://de.linkedin.com/company/check24-vergleichsportal-gmbh,,,,,,,,,,,
linkedin,Product Manager - Child Safety (m/f/d),CYBEX,"Bayreuth, Bavaria, Germany",2026-10-06,https://www.linkedin.com/jobs/view/4457111551 , ,li-4457111551,fulltime,,,,,,False,mid-senior level,,,,Manufacturing,https://de.linkedin.com/company/cybex-gmbh,,,,,,,,,,,
linkedin,"Staff Product Manager, Deel IT",Deel,Germany,2026-10-06,https://www.linkedin.com/jobs/view/4455894555 , ,li-4455894555,fulltime,direct_data,yearly,100000.0,140000.0,USD,False,mid-senior level,,,recruiting@deel.com,Human Resources Services,https://www.linkedin.com/company/deel,,,,,,,,,,,
linkedin,Produktmanager:in,Robert Half,"Cologne, North Rhine-Westphalia, Germany",2026-10-06,https://www.linkedin.com/jobs/view/4476158545 , ,li-4476158545,fulltime,,,,,,False,associate,,,,Personal Care Product Manufacturing,https://www.linkedin.com/company/robert-half-international,,,,,,,,,,,
linkedin,Growth Product Owner (DE),Nodes & Links,"Berlin, Berlin, Germany",2026-10-06,https://www.linkedin.com/jobs/view/4474916930 , ,li-4474916930,fulltime,,,,,,False,associate,,,,Construction,https://uk.linkedin.com/company/nodeslinks,,,,,,,,,,,
linkedin,Global Product Owner Trailer Business (m/w/d),Knorr-Bremse AG,"Munich, Bavaria, Germany",2026-10-06,https://www.linkedin.com/jobs/view/4455883595 , ,li-4455883595,fulltime,,,,,,False,mid-senior level,,,,Motor Vehicle Manufacturing,https://de.linkedin.com/company/knorr-bremse,,,,,,,,,,,
linkedin,Technical Product Owner Realtime & Videokonferenzen (m/w/d),BWI GmbH,"Hamburg, Hamburg, Germany",2026-10-06,https://www.linkedin.com/jobs/view/4460366476 , ,li-4460366476,fulltime,,,,,,False,mid-senior level,,,,IT Services and IT Consulting,https://de.linkedin.com/company/bwi-gmbh,,,,,,,,,,,
linkedin,Technical Product Owner Realtime & Videokonferenzen (m/w/d),BWI GmbH,"Nuremberg, Bavaria, Germany",2026-10-06,https://www.linkedin.com/jobs/view/4460364569 , ,li-4460364569,fulltime,,,,,,False,mid-senior level,,,,IT Services and IT Consulting,https://de.linkedin.com/company/bwi-gmbh,,,,,,,,,,,
linkedin,Product Owner - Customer Experience,knuspr.de,"Berlin, Berlin, Germany",2026-10-06,https://www.linkedin.com/jobs/view/4476352810 , ,li-4476352810,fulltime,,,,,,False,mid-senior level,,,,Food and Beverage Services,https://de.linkedin.com/company/knuspr,,,,,,,,,,,
linkedin,Product Portfolio Manager – Consumer Products (m/f/d),melu kids GmbH,"Berlin, Germany",2026-10-06,https://www.linkedin.com/jobs/view/4476303533 , ,li-4476303533,fulltime,,,,,,False,entry level,,,,Online and Mail Order Retail,https://de.linkedin.com/company/melu-kids,,,,,,,,,,,
linkedin,Technical Product Owner - Central Services (w/m/d),Munich Airport,Greater Munich Metropolitan Area,2026-10-06,https://www.linkedin.com/jobs/view/4474353142 , ,li-4474353142,fulltime,,,,,,False,associate,,,,Airlines and Aviation,https://de.linkedin.com/company/munich-airport,,,,,,,,,,,
linkedin,Product Feature Owner - Parking,Wayve,"Leonberg, Baden-Württemberg, Germany",2026-10-06,https://www.linkedin.com/jobs/view/4474400160 , ,li-4474400160,fulltime,,,,,,False,mid-senior level,,,,Software Development,https://uk.linkedin.com/company/wayve-technologies,,,,,,,,,,,
linkedin,Product Owner – mit Aussicht auf Head of Product (all genders) - 100% Home Office,fino,Germany,2026-10-06,https://www.linkedin.com/jobs/view/4474057187 , ,li-4474057187,fulltime,,,,,,False,associate,,,,Software Development,https://de.linkedin.com/company/fino-ai,,,,,,,,,,,
linkedin,Product Manager (m/w/d),APONTIS PHARMA Deutschland GmbH & Co. KG,"Monheim, North Rhine-Westphalia, Germany",2026-10-06,https://www.linkedin.com/jobs/view/4474073696 , ,li-4474073696,fulltime,,,,,,False,mid-senior level,,,,Pharmaceutical Manufacturing,https://de.linkedin.com/company/apontis-pharma,,,,,,,,,,,
linkedin,Technische:r Produktmanager:in FRMCS Systemtechnik IMS / MCx,Deutsche Bahn,"Frankfurt am Main, Hesse, Germany",2026-10-06,https://www.linkedin.com/jobs/view/4476133332 , ,li-4476133332,fulltime,,,,,,False,mid-senior level,,,,Truck Transportation,https://de.linkedin.com/company/deutschebahn,,,,,,,,,,,
linkedin,Senior Technical Product Manager,Trade Republic,"Berlin, Germany",2026-10-05,https://www.linkedin.com/jobs/view/4474607451 , ,li-4474607451,fulltime,,,,,,False,mid-senior level,,,,"Technology, Information and Internet",https://de.linkedin.com/company/trade-republic,,,,,,,,,,,
linkedin,Senior Product Manager | B2C,Kaufland e-commerce,"Berlin, Berlin, Germany",2026-10-05,https://www.linkedin.com/jobs/view/4471933319 , ,li-4471933319,fulltime,,,,,,False,mid-senior level,,,,Online and Mail Order Retail,https://de.linkedin.com/company/kauflandecommerce,,,,,,,,,,,
linkedin,Produktmanager IT – Client Systeme (w/m/d),Dataport AöR,Greater Hamburg Area,2026-10-05,https://www.linkedin.com/jobs/view/4473630253 , ,li-4473630253,fulltime,direct_data,monthly,4576.29,6699.97,EUR,False,associate,,,karriere@dataport.de,IT Services and IT Consulting,https://de.linkedin.com/company/dataport-a%C3%B6r,,,,,,,,,,,
linkedin,Principal Product Manager - Data & AI Products,McKinsey & Company,"Düsseldorf, North Rhine-Westphalia, Germany",2026-10-05,https://www.linkedin.com/jobs/view/4475827629 , ,li-4475827629,fulltime,,,,,,False,associate,,,,IT Services and IT Consulting and Business Consulting and Services,https://www.linkedin.com/company/mckinsey,,,,,,,,,,,
linkedin,AI PRODUCT OWNER (M/W/D),STRAUSS,"Biebergemünd, Hesse, Germany",2026-10-05,https://www.linkedin.com/jobs/view/4389737525 , ,li-4389737525,fulltime,,,,,,False,mid-senior level,,,hr@strauss.de,Retail Apparel and Fashion,https://de.linkedin.com/company/strauss-works,,,,,,,,,,,
linkedin,Product Owner Traffic Domain (m/f/d),SWARCO ITS,"Berlin, Berlin, Germany",2026-10-05,https://www.linkedin.com/jobs/view/4390752063 , ,li-4390752063,fulltime,,,,,,False,mid-senior level,,,,"Paint, Coating, and Adhesive Manufacturing",https://at.linkedin.com/company/swarco-its,,,,,,,,,,,
linkedin,Produktmanager im Einkauf (m/w/d) Bereich Medical,igefa,"Ahrensfelde, Brandenburg, Germany",2026-10-05,https://www.linkedin.com/jobs/view/4475860961 , ,li-4475860961,fulltime,,,,,,False,mid-senior level,,,,Wholesale,https://de.linkedin.com/company/igefa-official,,,,,,,,,,,
linkedin,Produktmanager (m/w/d),Soldan Holding + Bonbonspezialitäten GmbH,"Adelsdorf, Bavaria, Germany",2026-10-05,https://www.linkedin.com/jobs/view/4474278519 , ,li-4474278519,fulltime,,,,,,False,mid-senior level,,,,Food and Beverage Manufacturing,https://de.linkedin.com/company/soldan-holding-bonbonspezialit%C3%A4ten-gmbh,,,,,,,,,,,
linkedin,Product Owner - Data Capture Products,NEURA Robotics,"Riederich, Baden-Württemberg, Germany",2026-10-05,https://www.linkedin.com/jobs/view/4467092761 , ,li-4467092761,fulltime,,,,,,False,director,,,,Automation Machinery Manufacturing,https://de.linkedin.com/company/neura-robotics,,,,,,,,,,,
linkedin,Junior Product Manager - Child Safety (m/f/d),CYBEX,"Bayreuth, Bavaria, Germany",2026-10-05,https://www.linkedin.com/jobs/view/4456884253 , ,li-4456884253,fulltime,,,,,,False,entry level,,,,Manufacturing,https://de.linkedin.com/company/cybex-gmbh,,,,,,,,,,,
linkedin,Product Lead (m/f/d),IntegrityNext,"Munich, Bavaria, Germany",2026-10-05,https://www.linkedin.com/jobs/view/4473653077 , ,li-4473653077,fulltime,,,,,,False,associate,,,,Software Development,https://de.linkedin.com/company/integritynext,,,,,,,,,,,
linkedin,Senior Salesforce Product Owner,Lucanet,"Berlin, Germany",2026-10-05,https://www.linkedin.com/jobs/view/4475582284 , ,li-4475582284,fulltime,,,,,,False,mid-senior level,,,,Software Development,https://de.linkedin.com/company/lucanet-ag,,,,,,,,,,,
linkedin,Senior Product Manager - B2B SaaS (m/f/x),osapiens,"Munich, Bavaria, Germany",2026-10-05,https://www.linkedin.com/jobs/view/4475812751 , ,li-4475812751,fulltime,,,,,,False,mid-senior level,,,,Software Development,https://de.linkedin.com/company/osapiens,,,,,,,,,,,
linkedin,Product Owner (f/m/x) – Digital HR Processes & Document Services,Deutsche Bank,"Frankfurt, Hesse, Germany",2026-10-05,https://www.linkedin.com/jobs/view/4475847123 , ,li-4475847123,fulltime,,,,,,False,not applicable,,,,Financial Services,https://de.linkedin.com/company/deutsche-bank,,,,,,,,,,,
linkedin,Lead Expert (m/w/d) KI-Applikationen und Services,DIN Media GmbH,"Berlin, Berlin, Germany",2026-10-05,https://www.linkedin.com/jobs/view/4474255708 , ,li-4474255708,fulltime,,,,,,False,associate,,,,"Book and Periodical Publishing, Software Development, and Technology, Information and Media",https://de.linkedin.com/company/din-media-gmbh,,,,,,,,,,,
linkedin,Applied AI Engineer,Revolut,"Berlin, Germany",2026-10-05,https://www.linkedin.com/jobs/view/4474604819 , ,li-4474604819,fulltime,,,,,,False,mid-senior level,,,,Financial Services,https://uk.linkedin.com/company/revolut,,,,,,,,,,,
linkedin,Product Lead SAP Platform & Technology (w/m/d),Otto Group one.O,"Hamburg, Hamburg, Germany",2026-10-05,https://www.linkedin.com/jobs/view/4474622675 , ,li-4474622675,fulltime,,,,,,False,mid-senior level,,,jobs@og1o.de,IT Services and IT Consulting,https://de.linkedin.com/company/ottogroup-one-o,,,,,,,,,,,
linkedin,Product Manager (m/w/d) – tierliebhaber.de,Tierliebhaber,Germany,2026-10-05,https://www.linkedin.com/jobs/view/4473652039 , ,li-4473652039,fulltime,,,,,,False,associate,,,,Food and Beverage Services,https://de.linkedin.com/company/animagus-gmbh,,,,,,,,,,,
linkedin,Senior Product Line Manager Sportstyle Apparel,PUMA Group,"Herzogenaurach, Bavaria, Germany",2026-10-05,https://www.linkedin.com/jobs/view/4475846526 , ,li-4475846526,fulltime,,,,,,False,mid-senior level,,,,"Sporting Goods Manufacturing, Retail, and Retail Apparel and Fashion",https://de.linkedin.com/company/puma,,,,,,,,,,,
linkedin,Product Owner - Email Security,Hornetsecurity,"Hannover, Lower Saxony, Germany",2026-10-05,https://www.linkedin.com/jobs/view/4475557731 , ,li-4475557731,fulltime,,,,,,False,associate,,,,"IT Services and IT Consulting, Computer and Network Security, and Software Development",https://de.linkedin.com/company/hornetsecurity,,,,,,,,,,,
linkedin,Produktmanager (m/w/d) im Vertrieb,WvM Immobilien + Projektentwicklung GmbH,Berlin Metropolitan Area,2026-10-05,https://www.linkedin.com/jobs/view/4475542210 , ,li-4475542210,fulltime,,,,,,False,associate,,,,Real Estate,https://de.linkedin.com/company/wvm-immobilien,,,,,,,,,,,
linkedin,(Senior) Brand / Product Manager,Kijimea (SYNformulas GmbH),"Munich, Bavaria, Germany",2026-10-05,https://www.linkedin.com/jobs/view/4473643847 , ,li-4473643847,fulltime,,,,,,False,not applicable,,,jobs@futrue.com,Pharmaceutical Manufacturing,https://de.linkedin.com/company/synformulas,,,,,,,,,,,
linkedin,Produktmanager (m/w/d),osma,"Osnabrück, Lower Saxony, Germany",2026-10-05,https://www.linkedin.com/jobs/view/4474267638 , ,li-4474267638,fulltime,,,,,,False,associate,,,,Construction,https://de.linkedin.com/company/osma-wohnbau-aufzug,,,,,,,,,,,
linkedin,Product Manager / Requirements Engineer IT-Infrastruktur – Defence (all gender) 100,ALTEN,"Kiel, Schleswig-Holstein, Germany",2026-10-05,https://www.linkedin.com/jobs/view/4462299142 , ,li-4462299142,fulltime,,,,,,False,entry level,,,,Machinery Manufacturing and Aviation and Aerospace Component Manufacturing,https://fr.linkedin.com/company/alten,,,,,,,,,,,
linkedin,(Senior) Product Manager - Fiberglas (m/w/d),HELM AG,"Hamburg, Hamburg, Germany",2026-10-05,https://www.linkedin.com/jobs/view/4371169094 , ,li-4371169094,fulltime,,,,,,False,mid-senior level,,,,Chemical Manufacturing,https://de.linkedin.com/company/helmag,,,,,,,,,,,
linkedin,Global Product Manager Digital Products – Connectivity & Ecosystem Interoperability (m/f/d),Fresenius Medical Care,"Berlin, Berlin, Germany",2026-10-05,https://www.linkedin.com/jobs/view/4419480774 , ,li-4419480774,,,,,,,False,,,,,,https://de.linkedin.com/company/freseniusmedicalcare,,,,,,,,,,,
linkedin,Product Manager - Carbon Management (m/f/x),osapiens,"Munich, Bavaria, Germany",2026-10-05,https://www.linkedin.com/jobs/view/4475815597 , ,li-4475815597,fulltime,,,,,,False,mid-senior level,,,,Software Development,https://de.linkedin.com/company/osapiens,,,,,,,,,,,
linkedin,Product Manager (m/f/d),IntegrityNext,"Munich, Bavaria, Germany",2026-10-05,https://www.linkedin.com/jobs/view/4473645487 , ,li-4473645487,fulltime,,,,,,False,associate,,,,Software Development,https://de.linkedin.com/company/integritynext,,,,,,,,,,,
linkedin,Senior Product Manager Claims (w/m/d/x),EMIL Group,"Berlin, Berlin, Germany",2026-10-05,https://www.linkedin.com/jobs/view/4473600904 , ,li-4473600904,fulltime,,,,,,False,associate,,,,IT Services and IT Consulting,https://de.linkedin.com/company/emil-de,,,,,,,,,,,
linkedin,Senior Product Owner (m/f/d) - Team Search,Flix,"Berlin, Germany",2026-10-05,https://www.linkedin.com/jobs/view/4475575951 , ,li-4475575951,fulltime,,,,,,False,mid-senior level,,,,Software Development,https://de.linkedin.com/company/flixbus-flixtrain,,,,,,,,,,,
linkedin,Product Manager (Frankfurt),Privatize,"Frankfurt, Hesse, Germany",2026-10-05,https://www.linkedin.com/jobs/view/4473685729 , ,li-4473685729,fulltime,,,,,,False,associate,,,,IT Services and IT Consulting,https://de.linkedin.com/company/privatizegroup,,,,,,,,,,,
linkedin,"Senior Product Manager, Wealth & AI (f/m/d)",getquin,"Berlin, Berlin, Germany",2026-10-05,https://www.linkedin.com/jobs/view/4473677666 , ,li-4473677666,fulltime,,,,,,False,associate,,,,Software Development,https://de.linkedin.com/company/getquin,,,,,,,,,,,
linkedin,Product Manager Automation (m/w/d),HELU KABEL GmbH,"Hemmingen, Baden-Württemberg, Germany",2026-10-05,https://www.linkedin.com/jobs/view/4475564553 , ,li-4475564553,fulltime,,,,,,False,mid-senior level,,,,"Appliances, Electrical, and Electronics Manufacturing",https://www.linkedin.com/company/helu-kabel-gmbh,,,,,,,,,,,
linkedin,Product Manager Accessory Solutions (CT product Accessories and Injectors) (f/m/d),Siemens Healthineers,"Forchheim, Bavaria, Germany",2026-10-05,https://www.linkedin.com/jobs/view/4473658444 , ,li-4473658444,fulltime,,,,,,False,mid-senior level,,,,Hospitals and Health Care,https://de.linkedin.com/company/siemens-healthineers,,,,,,,,,,,
linkedin,Produktverantwortlicher (m/w/d),HELU KABEL GmbH,"Hemmingen, Baden-Württemberg, Germany",2026-10-05,https://www.linkedin.com/jobs/view/4475571340 , ,li-4475571340,fulltime,,,,,,False,mid-senior level,,,,"Appliances, Electrical, and Electronics Manufacturing",https://www.linkedin.com/company/helu-kabel-gmbh,,,,,,,,,,,
linkedin,(Senior) Produktmanager:in,iMi foodservice personalberatung GmbH,Hannover-Braunschweig-Göttingen-Wolfsburg Region,2026-10-05,https://www.linkedin.com/jobs/view/4475560019 , ,li-4475560019,fulltime,,,,,,False,associate,,,,Food and Beverage Manufacturing and Food and Beverage Retail,https://de.linkedin.com/company/imi-foodservice-personalberatung-gmbh,,,,,,,,,,,
linkedin,Produktmanager:in,Drive Medical GmbH & Co. KG,"Mannheim, Baden-Württemberg, Germany",2026-10-05,https://www.linkedin.com/jobs/view/4475569108 , ,li-4475569108,fulltime,,,,,,False,associate,,,,Medical Equipment Manufacturing,,,,,,,,,,,,
linkedin,Produktmanager:in - Flensburg - Vollzeit,AccountOne GmbH,"Flensburg, Schleswig-Holstein, Germany",2026-10-05,https://www.linkedin.com/jobs/view/4473685548 , ,li-4473685548,fulltime,,,,,,False,entry level,,,,Accounting,https://de.linkedin.com/company/accountone-gmbh,,,,,,,,,,,
linkedin,IT Product Manager – Corporate Applications (all genders),BlackFin Capital Partners,"Düsseldorf, North Rhine-Westphalia, Germany",2026-10-05,https://www.linkedin.com/jobs/view/4475857647 , ,li-4475857647,fulltime,,,,,,False,mid-senior level,,,,Venture Capital and Private Equity Principals,https://fr.linkedin.com/company/blackfin-capital-partners,,,,,,,,,,,
linkedin,Produktmanager (m/w/d),Star Finanz,"Hamburg, Germany",2026-10-05,https://www.linkedin.com/jobs/view/4473650768 , ,li-4473650768,fulltime,,,,,,False,associate,,,,"Software Development, Banking, and IT Services and IT Consulting",https://de.linkedin.com/company/star-finanz,,,,,,,,,,,
linkedin,Senior Product Manager Purification,BUCHI Laboratory Equipment,"Frankfurt, Hesse, Germany",2026-10-05,https://www.linkedin.com/jobs/view/4475589865 , ,li-4475589865,fulltime,,,,,,False,mid-senior level,,,schwerdtfeger.n@buchi.com,Measuring and Control Instrument Manufacturing,https://ch.linkedin.com/company/b%C3%BCchi-labortechnik-ag,,,,,,,,,,,
linkedin,Senior Product Manager - B2B SaaS (m/f/x),osapiens,"Mannheim, Baden-Württemberg, Germany",2026-10-05,https://www.linkedin.com/jobs/view/4475816529 , ,li-4475816529,fulltime,,,,,,False,mid-senior level,,,,Software Development,https://de.linkedin.com/company/osapiens,,,,,,,,,,,
linkedin,Staff Product Manager,Databricks,"Berlin, Berlin, Germany",2026-10-05,https://www.linkedin.com/jobs/view/4297745071 , ,li-4297745071,fulltime,,,,,,False,mid-senior level,,,,Software Development,https://www.linkedin.com/company/databricks,,,,,,,,,,,
linkedin,"Senior Product Manager, Technical (m/f/d)",Affinidi,"Berlin, Berlin, Germany",2026-10-05,https://www.linkedin.com/jobs/view/4474285446 , ,li-4474285446,fulltime,,,,,,False,mid-senior level,,,,Software Development,https://sg.linkedin.com/company/affinidi,,,,,,,,,,,
linkedin,Technischer Projektmanager,deutscher aufzugsdienst gmbh,"Schotten, Hesse, Germany",2026-10-05,https://www.linkedin.com/jobs/view/4475533510 , ,li-4475533510,fulltime,,,,,,False,mid-senior level,,,,,,,,,,,,,,,,
linkedin,Projektmanager (m/w/d) Bauwesen,Carpus+Partner AG,"Cologne, North Rhine-Westphalia, Germany",2026-10-05,https://www.linkedin.com/jobs/view/4296420965 , ,li-4296420965,fulltime,,,,,,False,mid-senior level,,,karriere@carpus.de,Architecture and Planning,https://de.linkedin.com/company/carpus-partner-ag,,,,,,,,,,,
linkedin,Technischer Projektleiter (m/w/d) Elektrotechnik,Körber,"Nuremberg, Bavaria, Germany",2026-10-05,https://www.linkedin.com/jobs/view/4475836348 , ,li-4475836348,fulltime,,,,,,False,mid-senior level,,,jobs@koerber.com,Machinery Manufacturing and Industrial Machinery Manufacturing,https://de.linkedin.com/company/k%C3%B6rber,,,,,,,,,,,
linkedin,Technischer Projektleiter Produktentwicklung (all gender) 100,ALTEN,"Kiel, Schleswig-Holstein, Germany",2026-10-05,https://www.linkedin.com/jobs/view/4462284201 , ,li-4462284201,fulltime,,,,,,False,entry level,,,,Machinery Manufacturing and Aviation and Aerospace Component Manufacturing,https://fr.linkedin.com/company/alten,,,,,,,,,,,
linkedin,Projektleitung (m/w/d) Durchführung von schlüsselfertigen Bauprojekten,ZÜBLIN,"Frankfurt am Main, Hesse, Germany",2026-10-05,https://www.linkedin.com/jobs/view/4473684451 , ,li-4473684451,fulltime,,,,,,False,director,,,,Construction,https://de.linkedin.com/company/zueblin,,,,,,,,,,,
linkedin,Projektmanager:in,FidCap Gruppe München (est. 2012),"Munich, Bavaria, Germany",2026-10-05,https://www.linkedin.com/jobs/view/4473637664 , ,li-4473637664,fulltime,,,,,,False,mid-senior level,,,jobs@FidCap.com,"Construction, Real Estate and Equipment Rental Services, and Architecture and Planning",https://de.linkedin.com/company/fidcap,,,,,,,,,,,
linkedin,PROJEKTLEITER (m/w/d) SCHLÜSSELFERTIGBAU,BREMER AG,"Leipzig, Saxony, Germany",2026-10-05,https://www.linkedin.com/jobs/view/3794022386 , ,li-3794022386,fulltime,,,,,,False,mid-senior level,,,,Construction,https://de.linkedin.com/company/bremer-se,,,,,,,,,,,
linkedin,Teamleiter Technisches Projektmanagement (m/w/d),fair parken GmbH,"Düsseldorf, North Rhine-Westphalia, Germany",2026-10-05,https://www.linkedin.com/jobs/view/4473624570 , ,li-4473624570,fulltime,,,,,,False,mid-senior level,,,,IT Services and IT Consulting,https://de.linkedin.com/company/fairparken,,,,,,,,,,,
linkedin,PROJEKTLEITER (m/w/d) SCHLÜSSELFERTIGBAU,BREMER AG,"Potsdam, Brandenburg, Germany",2026-10-05,https://www.linkedin.com/jobs/view/4263728037 , ,li-4263728037,fulltime,,,,,,False,mid-senior level,,,,Construction,https://de.linkedin.com/company/bremer-se,,,,,,,,,,,
linkedin,"Senior Project Manager, Professional Services (German Speaking)",Rubrik,"Munich, Bavaria, Germany",2026-10-05,https://www.linkedin.com/jobs/view/4475557744 , ,li-4475557744,fulltime,,,,,,False,mid-senior level,,,hr@rubrik.com,Software Development,https://www.linkedin.com/company/rubrik-inc,,,,,,,,,,,
linkedin,Projektleiter Elektro (m/w/d) – Photovoltaikanlagen,Photargo GmbH,"Karlsruhe, Baden-Württemberg, Germany",2026-10-05,https://www.linkedin.com/jobs/view/4475555230 , ,li-4475555230,fulltime,,,,,,False,mid-senior level,,,zink@photargo.de,Renewable Energy Semiconductor Manufacturing,https://de.linkedin.com/company/photargo,,,,,,,,,,,
linkedin,Projektmanager - Startplattformen für Lenkflugkörper (m/w/d),Rheinmetall,"Bremen, Bremen, Germany",2026-10-05,https://www.linkedin.com/jobs/view/4445835685 , ,li-4445835685,fulltime,,,,,,False,mid-senior level,,,,Defense and Space Manufacturing,https://de.linkedin.com/company/rheinmetall,,,,,,,,,,,
linkedin,Senior Project Manager (m/f/d),Franka Robotics,"Munich, Bavaria, Germany",2026-10-05,https://www.linkedin.com/jobs/view/4475815058 , ,li-4475815058,fulltime,,,,,,False,associate,,,,Robotics Engineering and Robot Manufacturing,https://de.linkedin.com/company/frankarobotics,,,,,,,,,,,
linkedin,Projektleiter/-in Versorgungstechnik (m/w/d),ITA engineering GmbH,"Munich, Bavaria, Germany",2026-10-05,https://www.linkedin.com/jobs/view/4475848904 , ,li-4475848904,fulltime,,,,,,False,mid-senior level,,,,"Architecture and Planning, Civil Engineering, and Industrial Machinery Manufacturing",https://de.linkedin.com/company/ita-engineering-gmbh,,,,,,,,,,,
linkedin,Projektleiter (w/m/d),Anton Paar TorqueTec (formerly Brabender),"Duisburg, North Rhine-Westphalia, Germany",2026-10-05,https://www.linkedin.com/jobs/view/4415292829 , ,li-4415292829,,,,,,,False,,,,,,https://de.linkedin.com/company/anton-paar-torquetec,,,,,,,,,,,
linkedin,Produktmanager Geräteanschlusstechnik (m/w/d),METZ CONNECT GmbH,"Blumberg, Baden-Württemberg, Germany",2026-10-04,https://www.linkedin.com/jobs/view/4463197591 , ,li-4463197591,fulltime,,,,,,False,mid-senior level,,,jobs@metz-connect.com,"Appliances, Electrical, and Electronics Manufacturing",https://de.linkedin.com/company/metz-connect,,,,,,,,,,,
linkedin,Senior Product Manager - Human AI Collaboration (all genders),wingmaite,Germany,2026-10-04,https://www.linkedin.com/jobs/view/4473485398 , ,li-4473485398,fulltime,,,,,,False,associate,,,,Software Development,https://de.linkedin.com/company/wingmaite,,,,,,,,,,,
linkedin,Senior Product Manager Subscription,Cleverbridge,"Cologne, North Rhine-Westphalia, Germany",2026-10-04,https://www.linkedin.com/jobs/view/4442910246 , ,li-4442910246,fulltime,,,,,,False,mid-senior level,,,,Software Development,https://de.linkedin.com/company/cleverbridge,,,,,,,,,,,
linkedin,Product Lead - Platform (m/w/d),MYNE,"Berlin, Berlin, Germany",2026-10-04,https://www.linkedin.com/jobs/view/4447076515 , ,li-4447076515,fulltime,,,,,,False,mid-senior level,,,,Real Estate,https://de.linkedin.com/company/mynehomes,,,,,,,,,,,
linkedin,Produktmanager IT - Client Systeme (w/m/d),DATAPORT AdöR,"Altenholz, Schleswig-Holstein, Germany",2026-10-04,https://www.linkedin.com/jobs/view/4474629271 , ,li-4474629271,fulltime,,,,,,False,mid-senior level,,,karriere@dataport.de,IT Services and IT Consulting,,,,,,,,,,,,
linkedin,"Product Owner Data, Analytics & AI - Tieto Indtech  (m/f/d)",Tieto,"Regensburg, Bavaria, Germany",2026-10-04,https://www.linkedin.com/jobs/view/4430479031 , ,li-4430479031,fulltime,,,,,,False,entry level,,,,"Technology, Information and Internet",https://www.linkedin.com/company/tieto,,,,,,,,,,,
linkedin,Projektleiter EMV (m/w/d) - „Geppetto“,DENPAFLUX,"Munich, Bavaria, Germany",2026-10-04,https://www.linkedin.com/jobs/view/4473462714 , ,li-4473462714,fulltime,,,,,,False,mid-senior level,,,,Software Development,https://de.linkedin.com/company/denpaflux,,,,,,,,,,,
linkedin,"Technische:r Projektleiter:in, Projektoberbauleiter:in Spezialtiefbau, Frankfurt (m/w/d)",Züblin Spezialtiefbau GmbH,"Frankfurt am Main, Hesse, Germany",2026-10-04,https://www.linkedin.com/jobs/view/4473602228 , ,li-4473602228,fulltime,,,,,,False,mid-senior level,,,,Construction,https://de.linkedin.com/company/z%C3%BCblin-spezialtiefbau-gmbh,,,,,,,,,,,
linkedin,Product Manager (m/f/d) - Germany / France,Desay SV Automotive Europe Gmb H,"Wolfsburg, Lower Saxony, Germany",2026-10-04,https://www.linkedin.com/jobs/view/4474624428 , ,li-4474624428,fulltime,,,,,,False,mid-senior level,,,,IT Services and IT Consulting,,,,,,,,,,,,
linkedin,Product Manager (m/f/d),MAICO Diagnostics GmbH,"Berlin, Berlin, Germany",2026-10-04,https://www.linkedin.com/jobs/view/4473473768 , ,li-4473473768,fulltime,,,,,,False,entry level,,,,Medical Equipment Manufacturing,https://de.linkedin.com/company/maico-diagnostic-gmbh,,,,,,,,,,,
linkedin,Product Lead - Portfolio Midcore Games,Voodoo,"Berlin, Berlin, Germany",2026-10-04,https://www.linkedin.com/jobs/view/4430906660 , ,li-4430906660,fulltime,,,,,,False,mid-senior level,,,,Entertainment Providers,https://fr.linkedin.com/company/voodoo.io,,,,,,,,,,,
linkedin,Product Owner AVEVA Platform (m/w/d),Aurubis,"Hamburg, Hamburg, Germany",2026-10-04,https://www.linkedin.com/jobs/view/4447528475 , ,li-4447528475,fulltime,,,,,,False,mid-senior level,,,,Primary Metal Manufacturing,https://de.linkedin.com/company/aurubis,,,,,,,,,,,
linkedin,Project Manager for PLM & IoT System Solutions (m/f/d),CONTACT Software,"Bremen, Bremen, Germany",2026-10-04,https://www.linkedin.com/jobs/view/4361023738 , ,li-4361023738,fulltime,,,,,,False,mid-senior level,,,,Software Development,https://de.linkedin.com/company/contact-software,,,,,,,,,,,
linkedin,Product Leader - Data,Veeva Systems,Germany,2026-10-04,https://www.linkedin.com/jobs/view/4447471608 , ,li-4447471608,fulltime,,,,,,False,mid-senior level,,,talent_accommodations@veeva.com,"Software Development, IT Services and IT Consulting, and Pharmaceutical Manufacturing",https://www.linkedin.com/company/veeva-systems,,,,,,,,,,,
linkedin,Projektleiter (m/w/d) Hochbau,Köster GmbH,"Berlin, Berlin, Germany",2026-10-04,https://www.linkedin.com/jobs/view/4473460974 , ,li-4473460974,fulltime,,,,,,False,mid-senior level,,,,Construction,https://de.linkedin.com/company/k-ster-gmbh,,,,,,,,,,,
linkedin,Senior SET-/Projektleiter Truck (m/w/d),CREAT GmbH,"Munich, Bavaria, Germany",2026-10-04,https://www.linkedin.com/jobs/view/4475364953 , ,li-4475364953,fulltime,,,,,,False,mid-senior level,,,,Automotive,https://de.linkedin.com/company/creat-gmbh,,,,,,,,,,,
linkedin,Product Manager - Lion Studios (f/m/d),Tripledot Studios,"Berlin, Germany",2026-10-03,https://www.linkedin.com/jobs/view/4457384956 , ,li-4457384956,fulltime,,,,,,False,mid-senior level,,,,Computer Games,https://uk.linkedin.com/company/tripledot-studios,,,,,,,,,,,
linkedin,"Senior Product Manager, Streaming Platform",Snowflake,"Berlin, Berlin, Germany",2026-10-03,https://www.linkedin.com/jobs/view/4419982608 , ,li-4419982608,fulltime,,,,,,False,mid-senior level,,,,Software Development,https://www.linkedin.com/company/snowflake-computing,,,,,,,,,,,
linkedin,Senior Group Product Manager,Just Eat Takeaway.com,"Berlin, Berlin, Germany",2026-10-03,https://www.linkedin.com/jobs/view/4473188865 , ,li-4473188865,fulltime,,,,,,False,not applicable,,,,Software Development,https://nl.linkedin.com/company/just-eat-takeaway-com,,,,,,,,,,,
linkedin,Senior Product Owner - Credit Risk,Solaris SE,"Berlin, Germany",2026-10-03,https://www.linkedin.com/jobs/view/4473444859 , ,li-4473444859,fulltime,,,,,,False,mid-senior level,,,,Financial Services,https://de.linkedin.com/company/solariscompany,,,,,,,,,,,
linkedin,Product Owner - HR Applications (w/m/d),Fielmann Group,"Hamburg, Hamburg, Germany",2026-10-03,https://www.linkedin.com/jobs/view/4464237325 , ,li-4464237325,fulltime,,,,,,False,mid-senior level,,,,Retail,https://de.linkedin.com/company/fielmann-group-ag,,,,,,,,,,,
linkedin,Product Manager / Railway Systems Engineer Monitoring (m/w/d),Breuer Nachrichtentechnik GmbH,"Bonn, North Rhine-Westphalia, Germany",2026-10-03,https://www.linkedin.com/jobs/view/4466642765 , ,li-4466642765,fulltime,,,,,,False,associate,,,jobs@breuer-gmbh.de,Software Development,https://de.linkedin.com/company/breuer-nachrichtentechnik-gmbh,,,,,,,,,,,
linkedin,B2B Product Lead — Joybuy Business EU,Joybuy,"Berlin, Germany",2026-10-03,https://www.linkedin.com/jobs/view/4473853594 , ,li-4473853594,fulltime,,,,,,False,mid-senior level,,,,Retail and Internet Marketplace Platforms,https://www.linkedin.com/company/joybuy-retail,,,,,,,,,,,
linkedin,Senior Software Product Manager - Embedded & Real-Time Systems (Automotive),NXP Semiconductors,"Munich, Bavaria, Germany",2026-10-03,https://www.linkedin.com/jobs/view/4439085565 , ,li-4439085565,fulltime,,,,,,False,mid-senior level,,,,"Semiconductor Manufacturing, Computers and Electronics Manufacturing, and Software Development",https://nl.linkedin.com/company/nxp-semiconductors,,,,,,,,,,,
linkedin,Senior Product Manager (m/f/d),Moss,"Munich, Bavaria, Germany",2026-10-03,https://www.linkedin.com/jobs/view/4445900301 , ,li-4445900301,,,,,,,False,,,,,,https://de.linkedin.com/company/moss-finance,,,,,,,,,,,
linkedin,"Product Lead, Platform & Enterprise -Sureel AI",Warner Music Group,"Munich, Bavaria, Germany",2026-10-03,https://www.linkedin.com/jobs/view/4457545619 , ,li-4457545619,fulltime,,,,,,False,mid-senior level,,,,Entertainment Providers,https://www.linkedin.com/company/warner-music-group,,,,,,,,,,,
linkedin,Senior Product Manager (m/f/d),Moss,"Berlin, Berlin, Germany",2026-10-03,https://www.linkedin.com/jobs/view/4445251098 , ,li-4445251098,fulltime,,,,,,False,mid-senior level,,,,Financial Services,https://de.linkedin.com/company/moss-finance,,,,,,,,,,,
linkedin,"Senior Product Manager - Parental Leave Cover (Fixed-Term, 12 Months)",Staffbase,"Berlin, Berlin, Germany",2026-10-03,https://www.linkedin.com/jobs/view/4466398211 , ,li-4466398211,contract,,,,,,False,mid-senior level,,,,"Technology, Information and Internet",https://de.linkedin.com/company/staffbase,,,,,,,,,,,
linkedin,Produktmanager Daily Underwear (m/w/d),FALKE KGaA,"Düsseldorf, North Rhine-Westphalia, Germany",2026-10-03,https://www.linkedin.com/jobs/view/4413612645 , ,li-4413612645,fulltime,,,,,,False,mid-senior level,,,,Textile Manufacturing,https://de.linkedin.com/company/falke-group,,,,,,,,,,,
linkedin,Technical Product Owner - Cloud Infrastructure (d/m/w),Haufe X360 Cloud-ERP,"Freiburg, Baden-Württemberg, Germany",2026-10-03,https://www.linkedin.com/jobs/view/4466375133 , ,li-4466375133,fulltime,,,,,,False,mid-senior level,,,,Software Development,https://de.linkedin.com/showcase/haufe-x360/,,,,,,,,,,,
linkedin,Produktmanager Installations- und Spülsysteme (m/w/d),Geberit Deutschland,"Pfullendorf, Baden-Württemberg, Germany",2026-10-03,https://www.linkedin.com/jobs/view/4145676920 , ,li-4145676920,fulltime,,,,,,False,mid-senior level,,,,Building Materials,https://de.linkedin.com/company/geberit-deutschland,,,,,,,,,,,
linkedin,Staff Product Manager [Accounting Europe] - German speaking 🇩🇪,Qonto,"Berlin, Germany",2026-10-03,https://www.linkedin.com/jobs/view/4430705695 , ,li-4430705695,fulltime,,,,,,False,mid-senior level,,,,Financial Services,https://fr.linkedin.com/company/qonto,,,,,,,,,,,
linkedin,Senior Product Manager Apparel (m/w/d),JACK WOLFSKIN,"Eschborn, Hesse, Germany",2026-10-03,https://www.linkedin.com/jobs/view/4464899555 , ,li-4464899555,fulltime,,,,,,False,mid-senior level,,,,Retail Apparel and Fashion,https://de.linkedin.com/company/jack-wolfskin-gmbh-&-co-kgaa,,,,,,,,,,,
linkedin,Produktmanager Mivolis (w/m/d),Studydrive,"Karlsruhe, Baden-Württemberg, Germany",2026-10-03,https://www.linkedin.com/jobs/view/4473837320 , ,li-4473837320,fulltime,,,,,,False,entry level,,,,E-Learning Providers,https://de.linkedin.com/company/studydrive,,,,,,,,,,,
linkedin,Technischer Project Manager (m/w/d),FERCHAU,"Berlin, Berlin, Germany",2026-10-03,https://www.linkedin.com/jobs/view/4438570825 , ,li-4438570825,fulltime,direct_data,yearly,50000.0,70000.0,EUR,False,mid-senior level,,,julia.foerster@ferchau.com,Engineering Services,https://de.linkedin.com/company/ferchau,,,,,,,,,,,
linkedin,"Projektleiter für Sanitär-, Heizungs- und Klimatechnik (m/w/d) - Schwerpunkt Montage",Seco Kältetechnik GmbH,"Bochum, North Rhine-Westphalia, Germany",2026-10-03,https://www.linkedin.com/jobs/view/4473884140 , ,li-4473884140,fulltime,,,,,,False,mid-senior level,,,,Construction,https://de.linkedin.com/company/seco-k%C3%A4ltetechnik-gmbh,,,,,,,,,,,
linkedin,Projektmanager (m/w/d) Marketing Technology,Dirk Rossmann GmbH,"Burgwedel, Lower Saxony, Germany",2026-10-03,https://www.linkedin.com/jobs/view/4447289029 , ,li-4447289029,,,,,,,False,,,,,,https://de.linkedin.com/company/dirk-rossmann-gmbh,,,,,,,,,,,
linkedin,Projektleiter (m/w/d) Gefahrenmeldetechnik,KSK-Real Estate Management GmbH,"Sankt Augustin, North Rhine-Westphalia, Germany",2026-10-03,https://www.linkedin.com/jobs/view/4475313494 , ,li-4475313494,fulltime,,,,,,False,mid-senior level,,,bewerbung@ksk-rem.de,Real Estate,https://de.linkedin.com/company/ksk-real-estate-management-gmbh,,,,,,,,,,,
linkedin,Projektleiter:in Spezialist:in Infrastrukturprojekte,Deutsche Bahn,"Hamburg, Hamburg, Germany",2026-10-03,https://www.linkedin.com/jobs/view/4430186054 , ,li-4430186054,fulltime,,,,,,False,mid-senior level,,,,Truck Transportation,https://de.linkedin.com/company/deutschebahn,,,,,,,,,,,
linkedin,(Senior) Product Manager (w/m/d) Public Cloud,IONOS,"Berlin, Germany",2026-10-02,https://www.linkedin.com/jobs/view/4473104770 , ,li-4473104770,fulltime,,,,,,False,mid-senior level,,,,IT Services and IT Consulting,https://de.linkedin.com/company/ionos,,,,,,,,,,,
linkedin,Senior Product Manager (all genders),PŸUR Business,"Leipzig, Saxony, Germany",2026-10-02,https://www.linkedin.com/jobs/view/4437028884 , ,li-4437028884,fulltime,,,,,,False,associate,,,,Telecommunications,https://de.linkedin.com/company/pyurbusiness,,,,,,,,,,,
linkedin,Senior Product Owner - Agentic AI,Capgemini,"Frankfurt am Main, Hesse, Germany",2026-10-02,https://www.linkedin.com/jobs/view/4467099837 , ,li-4467099837,fulltime,,,,,,False,mid-senior level,,,,IT Services and IT Consulting,https://fr.linkedin.com/company/capgemini,,,,,,,,,,,
linkedin,"Lead Product Manager, Landing Pages",GetYourGuide,"Berlin, Germany",2026-10-02,https://www.linkedin.com/jobs/view/4466046666 , ,li-4466046666,fulltime,,,,,,False,mid-senior level,,,jobs@getyourguide.com,"Technology, Information and Internet and Travel Arrangements",https://de.linkedin.com/company/getyourguide-ag,,,,,,,,,,,
linkedin,Technical Product Owner - AI Platform (m|w|d),idealo internet GmbH,"Berlin, Berlin, Germany",2026-10-02,https://www.linkedin.com/jobs/view/4473333692 , ,li-4473333692,fulltime,,,,,,False,mid-senior level,,,,Software Development,https://de.linkedin.com/company/idealo-internet-gmbh,,,,,,,,,,,
linkedin,Produktmanager (w/m/d) Public Cloud,IONOS,"Berlin, Berlin, Germany",2026-10-02,https://www.linkedin.com/jobs/view/4473111528 , ,li-4473111528,fulltime,,,,,,False,mid-senior level,,,,IT Services and IT Consulting,https://de.linkedin.com/company/ionos,,,,,,,,,,,
linkedin,Produktmanager (w/m/d) Public Cloud,IONOS,"Berlin, Germany",2026-10-02,https://www.linkedin.com/jobs/view/4474711611 , ,li-4474711611,fulltime,,,,,,False,mid-senior level,,,,IT Services and IT Consulting,https://de.linkedin.com/company/ionos,,,,,,,,,,,
linkedin,Produkt-Manager (m/w/d) – Hamburg,everii Group,"Hamburg, Hamburg, Germany",2026-10-02,https://www.linkedin.com/jobs/view/4447061096 , ,li-4447061096,fulltime,,,,,,False,mid-senior level,,,,Software Development,https://de.linkedin.com/company/everii-group,,,,,,,,,,,
linkedin,Senior Product Manager - Client Communication,Qonto,"Berlin, Germany",2026-10-02,https://www.linkedin.com/jobs/view/4475004542 , ,li-4475004542,fulltime,,,,,,False,mid-senior level,,,support@qonto.com,Financial Services,https://fr.linkedin.com/company/qonto,,,,,,,,,,,
linkedin,Product Owner - Database as a Service / DBaaS - STACKIT (m/w/d),STACKIT,"Bad Friedrichshall, Baden-Württemberg, Germany",2026-10-02,https://www.linkedin.com/jobs/view/4469155661 , ,li-4469155661,fulltime,,,,,,False,mid-senior level,,,,IT Services and IT Consulting,https://de.linkedin.com/company/stackit-cloud-colocation,,,,,,,,,,,
linkedin,"Senior Product Manager, Germany",Revolution Medicines,"Munich, Bavaria, Germany",2026-10-02,https://www.linkedin.com/jobs/view/4455628259 , ,li-4455628259,fulltime,,,,,,False,mid-senior level,,,"privacy@revmed.com, careers@revmed.com",Biotechnology Research,https://www.linkedin.com/company/revolution-medicines,,,,,,,,,,,
linkedin,Product Manager (m/w/d),raidboxes®,Germany,2026-10-02,https://www.linkedin.com/jobs/view/4473351395 , ,li-4473351395,fulltime,,,,,,False,associate,,,,Software Development and IT Services and IT Consulting,https://de.linkedin.com/company/raidboxes,,,,,,,,,,,
linkedin,Growth Product Manager,DistroKid,Germany,2026-10-02,https://www.linkedin.com/jobs/view/4474762944 , ,li-4474762944,fulltime,,,,,,False,mid-senior level,,,,Musicians,https://www.linkedin.com/company/distrokid,,,,,,,,,,,
linkedin,(Junior) Product Manager (m/w/d) AI & Digital Innovation,CHECK24,"Dortmund, North Rhine-Westphalia, Germany",2026-10-02,https://www.linkedin.com/jobs/view/4465813558 , ,li-4465813558,fulltime,,,,,,False,entry level,,,,Software Development,https://de.linkedin.com/company/check24-vergleichsportal-gmbh,,,,,,,,,,,
linkedin,Product Manager - Wheeled Goods (m/f/d),CYBEX,"Bayreuth, Bavaria, Germany",2026-10-02,https://www.linkedin.com/jobs/view/4464571145 , ,li-4464571145,fulltime,,,,,,False,mid-senior level,,,,Manufacturing,https://de.linkedin.com/company/cybex-gmbh,,,,,,,,,,,
linkedin,"Senior Product Manager, Pricing & Revenue",Jobgether,Germany,2026-10-02,https://www.linkedin.com/jobs/view/4472853941 , ,li-4472853941,fulltime,,,,,,False,mid-senior level,,,,Internet Marketplace Platforms,https://be.linkedin.com/company/jobgether,,,,,,,,,,,
linkedin,Produktmanager (m/w/d),MAXIM Markenprodukte GmbH & Co. KG,"Pulheim, North Rhine-Westphalia, Germany",2026-10-02,https://www.linkedin.com/jobs/view/4407596586 , ,li-4407596586,fulltime,,,,,,False,mid-senior level,,,,Personal Care Product Manufacturing,https://de.linkedin.com/company/maxim-markenprodukte,,,,,,,,,,,
linkedin,Product Manager Digitales Lernprodukt mit Schwerpunkt Finance (m/w/d),OneCareer GmbH,Germany,2026-10-02,https://www.linkedin.com/jobs/view/4426832149 , ,li-4426832149,fulltime,,,,,,False,associate,,,,Education,https://de.linkedin.com/school/onecareer-gmbh/,,,,,,,,,,,
linkedin,(Junior) Product Manager (m/w/d),laverana GmbH & Co. KG,"Hannover, Lower Saxony, Germany",2026-10-02,https://www.linkedin.com/jobs/view/4473154136 , ,li-4473154136,fulltime,,,,,,False,mid-senior level,,,,Personal Care Product Manufacturing,https://de.linkedin.com/company/laverana-gmbh-&-co.-kg,,,,,,,,,,,
linkedin,Experienced Assurance Associate (m/w/d) - Product Owner Digital Solutions,Siemens,"Erlangen, Bavaria, Germany",2026-10-02,https://www.linkedin.com/jobs/view/4464572275 , ,li-4464572275,fulltime,,,,,,False,mid-senior level,,,,Automation Machinery Manufacturing,https://de.linkedin.com/company/siemens,,,,,,,,,,,
linkedin,"Product Manager, New Grad (2026) - Berlin",Databricks,"Berlin, Berlin, Germany",2026-10-02,https://www.linkedin.com/jobs/view/4473171577 , ,li-4473171577,fulltime,,,,,,False,entry level,,,,Software Development,https://www.linkedin.com/company/databricks,,,,,,,,,,,
linkedin,Product Owner* - Medical Devices #11239,Cegeka,Ruhr Region,2026-10-02,https://www.linkedin.com/jobs/view/4453418796 , ,li-4453418796,fulltime,,,,,,False,mid-senior level,,,susanne.karopka@cegeka.com,IT Services and IT Consulting,https://be.linkedin.com/company/cegeka,,,,,,,,,,,
linkedin,Product Manager - UX/UI Focus (AI x Greentech) (m/f/d),Reonic,"Augsburg, Bavaria, Germany",2026-10-02,https://www.linkedin.com/jobs/view/4475001155 , ,li-4475001155,fulltime,,,,,,False,entry level,,,,Software Development,https://de.linkedin.com/company/reonic,,,,,,,,,,,
linkedin,SAP S/4HANA Product Manager (m/f/d) – Mandarin Speaking,J&T Express Germany GmbH,"Nieder Olm, Rhineland-Palatinate, Germany",2026-10-02,https://www.linkedin.com/jobs/view/4474770910 , ,li-4474770910,fulltime,,,,,,False,associate,,,rafael.siarlidis@jtexpress.de,"Transportation, Logistics, Supply Chain and Storage",https://de.linkedin.com/company/j-t-express-germany-gmbh,,,,,,,,,,,
linkedin,Product Manager (m/w/d) Functional Carbohydrates,BENEO,Rhein-Neckar Metropolitan Region,2026-10-02,https://www.linkedin.com/jobs/view/4473332772 , ,li-4473332772,fulltime,,,,,,False,mid-senior level,,,,Food and Beverage Manufacturing,https://de.linkedin.com/company/beneo,,,,,,,,,,,
linkedin,Experienced Assurance Associate (m/w/d) - Product Owner Digital Solutions,Siemens,"Munich, Bavaria, Germany",2026-10-02,https://www.linkedin.com/jobs/view/4464567321 , ,li-4464567321,fulltime,,,,,,False,mid-senior level,,,,Automation Machinery Manufacturing,https://de.linkedin.com/company/siemens,,,,,,,,,,,
linkedin,Produktmanager (m/w/d) Strom / Gas,Stadtwerke Energie Jena-Pößneck GmbH,"Jena, Thuringia, Germany",2026-10-02,https://www.linkedin.com/jobs/view/4473171824 , ,li-4473171824,fulltime,,,,,,False,mid-senior level,,,,Utilities,https://www.linkedin.com/company/stadtwerke-energie-jena-p%C3%B6%C3%9Fneck-gmbh,,,,,,,,,,,
linkedin,Produktmanager:in/Underwriter:in Real Estate,HDI Group,"Hannover, Lower Saxony, Germany",2026-10-02,https://www.linkedin.com/jobs/view/4465824340 , ,li-4465824340,fulltime,,,,,,False,mid-senior level,,,,Insurance,https://de.linkedin.com/company/hdigroup,,,,,,,,,,,
linkedin,Technical Product Owner (m/w/d),ENERTRAG,"Berlin, Berlin, Germany",2026-10-02,https://www.linkedin.com/jobs/view/4473800463 , ,li-4473800463,fulltime,,,,,,False,mid-senior level,,,,Utilities,https://de.linkedin.com/company/enertrag,,,,,,,,,,,
linkedin,Junior Produktmanager (m/w/d),IPPEN.MEDIA,"Grünwald, Bavaria, Germany",2026-10-02,https://www.linkedin.com/jobs/view/4474744954 , ,li-4474744954,fulltime,direct_data,yearly,36000.0,65000.0,EUR,False,entry level,,,tiffany.mall@ippen-digital.de,"Technology, Information and Internet",https://de.linkedin.com/company/ippenmedia,,,,,,,,,,,
linkedin,Technical Product Owner – C++ SDK & ImFusion Suite,ImFusion,"Munich, Bavaria, Germany",2026-10-02,https://www.linkedin.com/jobs/view/4466044802 , ,li-4466044802,fulltime,direct_data,yearly,90000.0,105000.0,EUR,False,mid-senior level,,,,Medical Equipment Manufacturing and Software Development,https://de.linkedin.com/company/imfusion,,,,,,,,,,,
linkedin,Chief Digital Product Owner Kundenservice und Abrechnung,Dortmunder Netz GmbH (DONETZ),"Dortmund, North Rhine-Westphalia, Germany",2026-10-02,https://www.linkedin.com/jobs/view/4472879392 , ,li-4472879392,fulltime,,,,,,False,mid-senior level,,,,Utilities,https://www.linkedin.com/company/dortmunder-netz-gmbh-donetz,,,,,,,,,,,
linkedin,Product Owner SaaS (m/w/d),HOCHTIEF,"Essen, North Rhine-Westphalia, Germany",2026-10-02,https://www.linkedin.com/jobs/view/4475047501 , ,li-4475047501,fulltime,,,,,,False,entry level,,,,Construction,https://de.linkedin.com/company/hochtief,,,,,,,,,,,
linkedin,Chief* Digital Product Owner Planung Projektierung Bau,Dortmunder Netz GmbH (DONETZ),"Dortmund, North Rhine-Westphalia, Germany",2026-10-02,https://www.linkedin.com/jobs/view/4472863971 , ,li-4472863971,fulltime,,,,,,False,mid-senior level,,,,Utilities,https://www.linkedin.com/company/dortmunder-netz-gmbh-donetz,,,,,,,,,,,
linkedin,Produktmanagerin für Energie und Innovation (m/w/d),energie schwaben gmbh,"Augsburg, Bavaria, Germany",2026-10-02,https://www.linkedin.com/jobs/view/4473125836 , ,li-4473125836,fulltime,,,,,,False,mid-senior level,,,,Oil and Gas,https://de.linkedin.com/company/energie-schwaben-gmbh,,,,,,,,,,,
linkedin,"Fachspezialist I2D Lead - Planung, Risikomanagement und S/4-HANA (w/m/d)",HENSOLDT,"Oberkochen, Baden-Württemberg, Germany",2026-10-02,https://www.linkedin.com/jobs/view/4473043664 , ,li-4473043664,fulltime,,,,,,False,mid-senior level,,,jobs@hensoldt.net,Defense and Space Manufacturing,https://de.linkedin.com/company/hensoldt,,,,,,,,,,,
linkedin,Product Manager Security & Industry (m/w/d),CHERRY,"Auerbach, Bavaria, Germany",2026-10-02,https://www.linkedin.com/jobs/view/4469324071 , ,li-4469324071,fulltime,,,,,,False,associate,,,,Computer Hardware Manufacturing,https://de.linkedin.com/company/cherry-,,,,,,,,,,,
linkedin,Projektleitung (w/m/d) für Anlagen der Energieübertragung und -verteilung,Siemens,"Berlin, Berlin, Germany",2026-10-02,https://www.linkedin.com/jobs/view/4473362381 , ,li-4473362381,fulltime,,,,,,False,mid-senior level,,,,Automation Machinery Manufacturing,https://de.linkedin.com/company/siemens,,,,,,,,,,,
linkedin,IT-Projektleitung (m/w/d),Finanz Informatik,"Münster, North Rhine-Westphalia, Germany",2026-10-02,https://www.linkedin.com/jobs/view/4473342220 , ,li-4473342220,fulltime,,,,,,False,associate,,,,"IT Services and IT Consulting, Banking, and Financial Services",https://de.linkedin.com/company/finanz-informatik,,,,,,,,,,,
linkedin,Teamleitung Consulting (m/w/d) – Neukundenprojekte CS 2.0/3.0,Schleupen SE,"Moers, North Rhine-Westphalia, Germany",2026-10-02,https://www.linkedin.com/jobs/view/4469789517 , ,li-4469789517,fulltime,,,,,,False,mid-senior level,,,,Internet Publishing,https://de.linkedin.com/company/schleupen-se,,,,,,,,,,,
linkedin,Projektleiter (w/m/d) Brandschutztechnik in Berlin,NEXOCRAFT,"Berlin, Berlin, Germany",2026-10-02,https://www.linkedin.com/jobs/view/4473183397 , ,li-4473183397,fulltime,,,,,,False,mid-senior level,,,,Business Intelligence Platforms,https://de.linkedin.com/company/nexocraft,,,,,,,,,,,
linkedin,Lead Project Manager Digital Workplace (all genders),HIRSCHTEC,Greater Dusseldorf Area,2026-10-02,https://www.linkedin.com/jobs/view/4472882421 , ,li-4472882421,fulltime,,,,,,False,mid-senior level,,,,Business Consulting and Services and IT Services and IT Consulting,https://de.linkedin.com/company/hirschtec,,,,,,,,,,,
linkedin,Project Lead / Project Manager - Softwareprojekte (m/w/d),SPECTRUM AG,"Kiel, Schleswig-Holstein, Germany",2026-10-02,https://www.linkedin.com/jobs/view/4472998944 , ,li-4472998944,fulltime,,,,,,False,mid-senior level,,,,IT Services and IT Consulting,https://de.linkedin.com/company/spectrum-ag,,,,,,,,,,,
linkedin,IT-Projektleitung (m/w/d),Finanz Informatik,"Frankfurt, Hesse, Germany",2026-10-02,https://www.linkedin.com/jobs/view/4473335455 , ,li-4473335455,fulltime,,,,,,False,associate,,,,"IT Services and IT Consulting, Banking, and Financial Services",https://de.linkedin.com/company/finanz-informatik,,,,,,,,,,,
linkedin,Project Manager (all genders) - Retail- und Fensterkampagnen,LIGANOVA,"Stuttgart, Baden-Württemberg, Germany",2026-10-02,https://www.linkedin.com/jobs/view/4473103594 , ,li-4473103594,fulltime,,,,,,False,associate,,,,Advertising Services,https://de.linkedin.com/company/liganova,,,,,,,,,,,
linkedin,Produktmanager Ersatzteile / Aftermarket (m/w/d),Wilhelm Schäfer GmbH,"Heppenheim an der Bergstraße, Hesse, Germany",2026-10-02,https://www.linkedin.com/jobs/view/4464868667 , ,li-4464868667,fulltime,,,,,,False,associate,,,,Wholesale Machinery,https://de.linkedin.com/company/wilhelm-sch%C3%A4fer-gmbh,,,,,,,,,,,
linkedin,Project Manager (m/f/d),Exyte,"Stuttgart, Baden-Württemberg, Germany",2026-10-02,https://www.linkedin.com/jobs/view/4377939017 , ,li-4377939017,fulltime,,,,,,False,mid-senior level,,,lisamarie.kussmaul@exyte.net,Civil Engineering,https://de.linkedin.com/company/exyte-group,,,,,,,,,,,
linkedin,Projektleiter (w/m/d) Bau- und Gebäudetechnik,NEXOCRAFT,"Berlin, Berlin, Germany",2026-10-02,https://www.linkedin.com/jobs/view/4473193091 , ,li-4473193091,fulltime,,,,,,False,mid-senior level,,,,Business Intelligence Platforms,https://de.linkedin.com/company/nexocraft,,,,,,,,,,,
linkedin,Projektleiter Immobilien,DIS AG,"Hamburg, Hamburg, Germany",2026-10-02,https://www.linkedin.com/jobs/view/4466073838 , ,li-4466073838,fulltime,,,,,,False,mid-senior level,,,,Construction,https://de.linkedin.com/company/dis-ag,,,,,,,,,,,
linkedin,Senior-Projektleiter (w/m/d) Hochbau,hpm Henkel Projektmanagement GmbH,"Dresden, Saxony, Germany",2026-10-02,https://www.linkedin.com/jobs/view/4440023696 , ,li-4440023696,fulltime,,,,,,False,associate,,,,Architecture and Planning,https://de.linkedin.com/company/hpm-henkel-projektmanagement-gmbh,,,,,,,,,,,
linkedin,Projektleiter (m/w/d) Wohnungsneubau,Michael Page,"Berlin, Berlin, Germany",2026-10-02,https://www.linkedin.com/jobs/view/4475040065 , ,li-4475040065,,,,,,,False,,,,,,https://uk.linkedin.com/company/michael-page,,,,,,,,,,,
linkedin,Projektleiter Freileitungsbau (m/w/d),Atlas Titan,"Hamburg, Hamburg, Germany",2026-10-02,https://www.linkedin.com/jobs/view/4463983313 , ,li-4463983313,fulltime,,,,,,False,mid-senior level,,,,Business Consulting and Services,https://de.linkedin.com/company/atlas-titan,,,,,,,,,,,
linkedin,"Project Lead CMS & DXP (m/w/d), München",TOWA. the digital growth company,"Munich, Bavaria, Germany",2026-10-02,https://www.linkedin.com/jobs/view/4473133084 , ,li-4473133084,fulltime,,,,,,False,associate,,,,Software Development,https://at.linkedin.com/company/towa-gmbh,,,,,,,,,,,
linkedin,"Product Manager, Publisher Payments (f/m/d)",Awin Global,"Berlin, Berlin, Germany",2026-10-02,https://www.linkedin.com/jobs/view/4441038935 , ,li-4441038935,fulltime,,,,,,False,mid-senior level,,,,Advertising Services,https://de.linkedin.com/company/awin-global,,,,,,,,,,,
linkedin,Produktmanager (m/w/d) für industrielle Antriebslösungen,VULKAN Italia,"Herne, North Rhine-Westphalia, Germany",2026-10-02,https://www.linkedin.com/jobs/view/4474590708 , ,li-4474590708,fulltime,,,,,,False,mid-senior level,,,,Industrial Machinery Manufacturing,https://it.linkedin.com/company/vulkan-italia,,,,,,,,,,,
linkedin,"Senior Product Manager, Supply Incentives",Bolt,"Berlin, Berlin, Germany",2026-10-02,https://www.linkedin.com/jobs/view/4436598829 , ,li-4436598829,fulltime,,,,,,False,mid-senior level,,,,Software Development,https://ee.linkedin.com/company/bolt-eu,,,,,,,,,,,
linkedin,Senior Product Manager - IoT Submetering & PropTech (m/w/x),metiundo GmbH,"Berlin, Germany",2026-10-02,https://www.linkedin.com/jobs/view/4462840666 , ,li-4462840666,fulltime,,,,,,False,associate,,,,"Energy Technology, Services for Renewable Energy, and Real Estate",https://de.linkedin.com/company/metiundo-gmbh,,,,,,,,,,,
linkedin,Technical Product Manager (m/w/d) Interface Technology,Pepperl+Fuchs Group,"Mannheim, Baden-Württemberg, Germany",2026-10-02,https://www.linkedin.com/jobs/view/4448151812 , ,li-4448151812,fulltime,,,,,,False,mid-senior level,,,karriere@pepperl-fuchs.com,Automation Machinery Manufacturing,https://de.linkedin.com/company/pepperl-fuchs-group,,,,,,,,,,,
linkedin,EMEA Product Manager - Drywall Exteriors Systems (m/f/d),Knauf Deutschland,"Iphofen, Bavaria, Germany",2026-10-02,https://www.linkedin.com/jobs/view/4429250481 , ,li-4429250481,fulltime,,,,,,False,mid-senior level,,,,Building Materials and Construction,https://de.linkedin.com/company/knauf-deutschland,,,,,,,,,,,
linkedin,Senior Technical Product Manager II - Europe,Storyblok,Germany,2026-10-02,https://www.linkedin.com/jobs/view/4465889884 , ,li-4465889884,fulltime,,,,,,False,mid-senior level,,,talent.acquisition@storyblok.com,Software Development,https://at.linkedin.com/company/storyblok,,,,,,,,,,,
linkedin,IT Produktmanager (m/w/d),Ratiodata,"Münster, North Rhine-Westphalia, Germany",2026-10-02,https://www.linkedin.com/jobs/view/4454774525 , ,li-4454774525,fulltime,,,,,,False,mid-senior level,,,,IT Services and IT Consulting,https://de.linkedin.com/company/ratiodata,,,,,,,,,,,
linkedin,Produktmanager (m/w/d) Technische Systeme & Anlagen,endigo GmbH,"Mannheim, Baden-Württemberg, Germany",2026-10-02,https://www.linkedin.com/jobs/view/4472865628 , ,li-4472865628,fulltime,,,,,,False,mid-senior level,,,,Food and Beverage Services,https://de.linkedin.com/company/endigo-gmbh,,,,,,,,,,,
linkedin,Projektmanager Baufinanzierung (m/w/d),Santander Deutschland,"Mönchengladbach, North Rhine-Westphalia, Germany",2026-10-02,https://www.linkedin.com/jobs/view/4446827991 , ,li-4446827991,fulltime,,,,,,False,mid-senior level,,,,Financial Services,https://de.linkedin.com/company/openbankdeutschland,,,,,,,,,,,
linkedin,(Senior) Product Manager (f/m/d) Public Cloud,IONOS,"Berlin, Germany",2026-10-02,https://www.linkedin.com/jobs/view/4474723068 , ,li-4474723068,fulltime,,,,,,False,mid-senior level,,,,IT Services and IT Consulting,https://de.linkedin.com/company/ionos,,,,,,,,,,,
linkedin,Senior Product Manager - Finance Automation (f/m/d),ZEAL Network SE,"Hamburg, Hamburg, Germany",2026-10-02,https://www.linkedin.com/jobs/view/4446769374 , ,li-4446769374,fulltime,,,,,,False,mid-senior level,,,,Software Development,https://de.linkedin.com/company/zealnetwork,,,,,,,,,,,
linkedin,(Senior) Product Manager Search & Recommendation (m/w/d),Lekkerland SE,"Frechen, North Rhine-Westphalia, Germany",2026-10-02,https://www.linkedin.com/jobs/view/4474755524 , ,li-4474755524,fulltime,,,,,,False,mid-senior level,,,,Wholesale,https://de.linkedin.com/company/lekkerland,,,,,,,,,,,
linkedin,Senior Product Manager (f/m/x),exmox,"Hamburg, Germany",2026-10-02,https://www.linkedin.com/jobs/view/4465671290 , ,li-4465671290,fulltime,,,,,,False,mid-senior level,,,,Advertising Services,https://de.linkedin.com/company/exmox,,,,,,,,,,,
linkedin,"Senior Product Manager, Payments",Navan,"Berlin, Berlin, Germany",2026-10-02,https://www.linkedin.com/jobs/view/4474789688 , ,li-4474789688,fulltime,,,,,,False,mid-senior level,,,,Artificial Intelligence,https://www.linkedin.com/company/navan,,,,,,,,,,,
linkedin,(Senior) Product Manager (all genders),Lime Connect (formerly Userlike),Cologne Bonn Region,2026-10-02,https://www.linkedin.com/jobs/view/4474748063 , ,li-4474748063,fulltime,,,,,,False,associate,,,,Software Development,https://de.linkedin.com/company/userlike,,,,,,,,,,,
linkedin,"Senior Product Manager, Routing & Live Traffic",Bolt,"Berlin, Berlin, Germany",2026-10-02,https://www.linkedin.com/jobs/view/4436854379 , ,li-4436854379,fulltime,,,,,,False,mid-senior level,,,,Software Development,https://ee.linkedin.com/company/bolt-eu,,,,,,,,,,,
linkedin,Product Manager (m/w/d),raidboxes®,"Münster, North Rhine-Westphalia, Germany",2026-10-01,https://www.linkedin.com/jobs/view/4474540027 , ,li-4474540027,fulltime,,,,,,False,mid-senior level,,,,Internet Publishing,https://de.linkedin.com/company/raidboxes,,,,,,,,,,,
linkedin,"Team Lead Hardware Engineering, R&D / Project Manager (m/f/d)",Esko,"Itzehoe, Schleswig-Holstein, Germany",2026-10-01,https://www.linkedin.com/jobs/view/4474549155 , ,li-4474549155,fulltime,,,,,,False,mid-senior level,,,,Software Development,https://be.linkedin.com/company/esko,,,,,,,,,,,
linkedin,Product Manager:in E-Bikes (m/w/d),SMARTVÉLO,"Cologne, North Rhine-Westphalia, Germany",2026-10-01,https://www.linkedin.com/jobs/view/4472971781 , ,li-4472971781,fulltime,,,,,,False,associate,,,,Freight and Package Transportation,https://de.linkedin.com/company/smartvelo-mobility,,,,,,,,,,,
