site,title,company,location,date_posted,job_url,job_url_direct,id,job_type,salary_source,interval,min_amount,max_amount,currency,is_remote,job_level,job_function,listing_type,emails,company_industry,company_url,company_url_direct,company_addresses,company_num_employees,company_revenue,company_description,skills,experience_range,company_rating,company_reviews_count,vacancy_count,work_from_home_type
linkedin,Project Manager - Hyperscale/ Data Centre,Onnec,"Frankfurt, Hesse, Germany",2026-08-28,https://www.linkedin.com/jobs/view/4458078542 , ,li-4458078542,fulltime,,,,,,False,mid-senior level,Project Management and Information Technology,,,Construction,https://uk.linkedin.com/company/onnec,,,,,,,,,,,
linkedin,Senior Product Manager - Banking Scalability Platform,N26,"Berlin, Germany",2026-08-27,https://www.linkedin.com/jobs/view/4449648779 , ,li-4449648779,fulltime,,,,,,True,mid-senior level,Product Management and Marketing,,,Financial Services,https://de.linkedin.com/company/n26,,,,,,,,,,,
linkedin,"Produktmanager Energielösungen (m/w/d), München",Nereus Partners,"Munich, Bavaria, Germany",2026-08-27,https://www.linkedin.com/jobs/view/4459813510 , ,li-4459813510,fulltime,,,,,,False,associate,Product Management,,,"Energy Technology, Services for Renewable Energy, and Climate Technology Product Manufacturing",https://de.linkedin.com/company/nereuspartners,,,,,,,,,,,
linkedin,Product Manager,ABB,"Mannheim, Baden-Württemberg, Germany",2026-08-27,https://www.linkedin.com/jobs/view/4454760332 , ,li-4454760332,fulltime,,,,,,False,mid-senior level,Product Management and Marketing,,,Automation Machinery Manufacturing,https://ch.linkedin.com/company/abb,,,,,,,,,,,
linkedin,Senior Product Manager — Customer Dashboard,anyIP | Residential & Mobile Proxies,"Berlin, Berlin, Germany",2026-08-27,https://www.linkedin.com/jobs/view/4458380474 , ,li-4458380474,fulltime,,,,,,True,director,Product Management and Marketing,,,Data Security Software Products,https://www.linkedin.com/company/anyip-proxies,,,,,,,,,,,
linkedin,Produktmanager Software (m/w/d),Reiser Simulation and Training GmbH,"Berg, Bavaria, Germany",2026-08-27,https://www.linkedin.com/jobs/view/4459807191 , ,li-4459807191,fulltime,,,,,,False,entry level,Information Technology and Product Management,,,Aviation and Aerospace Component Manufacturing,https://de.linkedin.com/company/reiser-simulation-and-training,,,,,,,,,,,
linkedin,"Senior Data Center, AI Software Product Strategy & Go-To-Market Lead — Qualcomm - Europe",Qualcomm,"Munich, Bavaria, Germany",2026-08-27,https://www.linkedin.com/jobs/view/4439876055 , ,li-4439876055,fulltime,,,,,,False,not applicable,Other,,-accomodations@qualcomm.com,Semiconductor Manufacturing,https://www.linkedin.com/company/qualcomm,,,,,,,,,,,
linkedin,Manager Global Product Marketing Wound Care (f/m/d),HARTMANN GROUP,"Heidenheim an der Brenz, Baden-Württemberg, Germany",2026-08-27,https://www.linkedin.com/jobs/view/4431267825 , ,li-4431267825,fulltime,,,,,,False,associate,Marketing and Sales,,,Medical Equipment Manufacturing,https://de.linkedin.com/company/hartmann-group,,,,,,,,,,,
linkedin,Associate Product Owner (m/w/d) Traineeprogramm,CHECK24 Vergleichsportal GmbH,"Frankfurt, Hesse, Germany",2026-08-27,https://www.linkedin.com/jobs/view/4422337792 , ,li-4422337792,fulltime,,,,,,False,entry level,Product Management and Marketing,,,Software Development,https://de.linkedin.com/company/check24-vergleichsportal-gmbh,,,,,,,,,,,
linkedin,CTPM Principal (m/f/d) – Germany  (Ingolstadt/ Unterschleissheim),Qualcomm,"Ingolstadt, Bavaria, Germany",2026-08-27,https://www.linkedin.com/jobs/view/4413581030 , ,li-4413581030,fulltime,,,,,,False,not applicable,Other,,-accomodations@qualcomm.com,Semiconductor Manufacturing,https://www.linkedin.com/company/qualcomm,,,,,,,,,,,
linkedin,Projektleiter Automatisierungstechnik (m/w/d),IbA-Ingenieurbüro für Automation GmbH,"Stäbelow, Mecklenburg-West Pomerania, Germany",2026-08-27,https://www.linkedin.com/jobs/view/4459876027 , ,li-4459876027,fulltime,,,,,,False,mid-senior level,"Design, Art/Creative, and Information Technology",,hr@ibagmbh.de,Automation Machinery Manufacturing,https://de.linkedin.com/company/iba-ingenieurb%C3%BCro-f%C3%BCr-automation-gmbh,,,,,,,,,,,
linkedin,Einsatzleiter / Projektleiter in der Kampfmittelbergung (m/w/d),SOCOTEC Building Solutions GmbH,"Westerstede, Lower Saxony, Germany",2026-08-27,https://www.linkedin.com/jobs/view/4459685472 , ,li-4459685472,fulltime,,,,,,False,mid-senior level,Management and Manufacturing,,karriere@socotec.de,Architecture and Planning,https://de.linkedin.com/company/socotec-building-solutions-gmbh,,,,,,,,,,,
linkedin,Projektleiter (w/m/d) Healthcare Objektüberwachung,DS-Bauconcept GmbH,"Freiburg, Baden-Württemberg, Germany",2026-08-27,https://www.linkedin.com/jobs/view/4458022184 , ,li-4458022184,fulltime,,,,,,False,mid-senior level,"Design, Art/Creative, and Information Technology",,,Real Estate,https://de.linkedin.com/company/ds-bauconcept-gmbh,,,,,,,,,,,
linkedin,Technische*r Projektleiter*in - Hardware & Sensorik,TWK,"Wedel, Schleswig-Holstein, Germany",2026-08-27,https://www.linkedin.com/jobs/view/4457751412 , ,li-4457751412,fulltime,,,,,,False,mid-senior level,Engineering,,,Computers and Electronics Manufacturing,https://de.linkedin.com/company/twk-elektronik,,,,,,,,,,,
linkedin,Projektmanager (w/m/d) Hochbau,Vollack Gruppe,"Düsseldorf, North Rhine-Westphalia, Germany",2026-08-27,https://www.linkedin.com/jobs/view/4457742565 , ,li-4457742565,fulltime,,,,,,False,associate,Project Management,,,Construction and Architecture and Planning,https://de.linkedin.com/company/vollack-gruppe,,,,,,,,,,,
linkedin,Manager Infrastruktur Public Sector & Defense (all genders),Accenture DACH,"Munich, Bavaria, Germany",2026-08-27,https://www.linkedin.com/jobs/view/4449138223 , ,li-4449138223,fulltime,,,,,,True,mid-senior level,Strategy/Planning and Consulting,,_germany@accenture.com,Business Consulting and Services,https://de.linkedin.com/company/accenture-dach,,,,,,,,,,,
linkedin,Project Manager (m/w/d),shyftplan,"Berlin, Berlin, Germany",2026-08-27,https://www.linkedin.com/jobs/view/4457775216 , ,li-4457775216,fulltime,,,,,,False,associate,Project Management and Information Technology,,,Software Development,https://de.linkedin.com/company/shyftplan,,,,,,,,,,,
linkedin,Strategy Project Leader (m/w/d) - Siemens Advanta,Siemens Advanta,,2026-08-27,https://www.linkedin.com/jobs/view/4459668665 , ,li-4459668665,fulltime,,,,,,False,associate,"Consulting, Business Development, and Strategy/Planning",,,"Strategic Management Services, Business Consulting and Services, and Operations Consulting",https://de.linkedin.com/company/siemens-advanta,,,,,,,,,,,
linkedin,"Projektleiter (w/m/d) TGA Heizungs-, Lüftungs-, Sanitär- und Klimatechnik",DS-Bauconcept GmbH,"Hamburg, Hamburg, Germany",2026-08-27,https://www.linkedin.com/jobs/view/4458033112 , ,li-4458033112,fulltime,,,,,,False,mid-senior level,Management and Manufacturing,,,Real Estate,https://de.linkedin.com/company/ds-bauconcept-gmbh,,,,,,,,,,,
linkedin,Senior Project Lead / Projektleiter TGA – Life Science*,CRC HI-TEC ENGINEERING,"Freiburg, Baden-Württemberg, Germany",2026-08-27,https://www.linkedin.com/jobs/view/4415540812 , ,li-4415540812,fulltime,,,,,,False,mid-senior level,Information Technology,,,Architecture and Planning,https://de.linkedin.com/company/crc-clean-room-consulting,,,,,,,,,,,
linkedin,IT-Projektleitung,Finanz Informatik,"Frankfurt, Hesse, Germany",2026-08-27,https://www.linkedin.com/jobs/view/4458609883 , ,li-4458609883,fulltime,,,,,,False,associate,Project Management and Information Technology,,,"IT Services and IT Consulting, Banking, and Financial Services",https://de.linkedin.com/company/finanz-informatik,,,,,,,,,,,
linkedin,"Principal Product Manager, Order Management - Germany Remote",Cimpress Technology,"Berlin, Berlin, Germany",2026-08-27,https://www.linkedin.com/jobs/view/4460114470 , ,li-4460114470,fulltime,,,,,,True,mid-senior level,Other,,,"Technology, Information and Internet, Advertising Services, and Industrial Machinery Manufacturing",https://ie.linkedin.com/company/cimpress-technology,,,,,,,,,,,
linkedin,Global Product Manager - Network Interface Connectors,HARTING Technology Group,"Espelkamp, North Rhine-Westphalia, Germany",2026-08-27,https://www.linkedin.com/jobs/view/4458334681 , ,li-4458334681,fulltime,,,,,,False,mid-senior level,Product Management and Marketing,,,Automation Machinery Manufacturing,https://de.linkedin.com/company/harting,,,,,,,,,,,
linkedin,Ramp-up and Integration Lead (f/m/d),Galaxus Deutschland GmbH,"Neuenburg, Baden-Württemberg, Germany",2026-08-27,https://www.linkedin.com/jobs/view/4457798079 , ,li-4457798079,fulltime,,,,,,False,mid-senior level,Supply Chain and Project Management,,,"Transportation, Logistics, Supply Chain and Storage and Retail",https://de.linkedin.com/company/galaxus-deutschland-gmbh,,,,,,,,,,,
linkedin,Growth Product Manager - Italy (AI x Greentech) (m/f/d),Reonic,"Berlin, Germany",2026-08-27,https://www.linkedin.com/jobs/view/4459805483 , ,li-4459805483,fulltime,,,,,,False,associate,Product Management,,,Services for Renewable Energy and Software Development,https://de.linkedin.com/company/reonic,,,,,,,,,,,
linkedin,Senior Projektleiter Produktentwicklung spektrometrischer Messysteme (m/w/x),ZEISS Group,"Jena, Thuringia, Germany",2026-08-27,https://www.linkedin.com/jobs/view/4459669982 , ,li-4459669982,fulltime,,,,,,False,not applicable,Other and Engineering,,,"Appliances, Electrical, and Electronics Manufacturing",https://de.linkedin.com/company/zeiss,,,,,,,,,,,
linkedin,Development Manager,Prologis,"Munich, Bavaria, Germany",2026-08-27,https://www.linkedin.com/jobs/view/4459889586 , ,li-4459889586,fulltime,,,,,,False,not applicable,Engineering and Information Technology,,,"Real Estate and Transportation, Logistics, Supply Chain and Storage",https://www.linkedin.com/company/prologis,,,,,,,,,,,
linkedin,Senior Project Manager,Turner & Townsend,,2026-08-27,https://www.linkedin.com/jobs/view/4440679597 , ,li-4440679597,fulltime,,,,,,False,mid-senior level,"Project Management, Consulting, and Engineering",,,"Construction, Civil Engineering, and Business Consulting and Services",https://uk.linkedin.com/company/turner-&-townsend,,,,,,,,,,,
linkedin,ELV Package Manager,Mercury,"Frankfurt, Hesse, Germany",2026-08-27,https://www.linkedin.com/jobs/view/4391891011 , ,li-4391891011,fulltime,,,,,,False,mid-senior level,"Design, Art/Creative, and Information Technology",,,Construction,https://ie.linkedin.com/company/mercury-engineering,,,,,,,,,,,
linkedin,Projektleiter (m/w/d) Innovation für kerntechnische Anlagen deutschlandweit,Aurivus,"Ulm, Baden-Württemberg, Germany",2026-08-27,https://www.linkedin.com/jobs/view/4457732894 , ,li-4457732894,fulltime,,,,,,False,associate,Engineering,,,IT Services and IT Consulting,https://de.linkedin.com/company/aurivus,,,,,,,,,,,
linkedin,Projektleiter (w/m/d) Lean Construction Management - Infrastructure,DS-Bauconcept GmbH,"Munich, Bavaria, Germany",2026-08-27,https://www.linkedin.com/jobs/view/4458011307 , ,li-4458011307,fulltime,,,,,,False,mid-senior level,Management and Manufacturing,,,Real Estate,https://de.linkedin.com/company/ds-bauconcept-gmbh,,,,,,,,,,,
linkedin,Teamleiter Mobilfunk Rollout Mastbau (m/w/d),Sinnwell GmbH,"Ulm, Baden-Württemberg, Germany",2026-08-27,https://www.linkedin.com/jobs/view/4459687789 , ,li-4459687789,fulltime,,,,,,False,mid-senior level,Information Technology,,,Telecommunications,https://de.linkedin.com/company/sinnwell-ag,,,,,,,,,,,
linkedin,"Projektleiter SF-Hochbau Großprojekte (m/w/d) München (München, DE, 80687)",Implenia,"Munich, Bavaria, Germany",2026-08-27,https://www.linkedin.com/jobs/view/4387383799 , ,li-4387383799,fulltime,,,,,,False,mid-senior level,"Design, Art/Creative, and Information Technology",,morten.schmalz@implenia.com,Construction,https://ch.linkedin.com/company/implenia,,,,,,,,,,,
linkedin,SAP VIM Manager (m/w/d) in Hannover,Deloitte,"Hannover, Lower Saxony, Germany",2026-08-27,https://www.linkedin.com/jobs/view/4268624529 , ,li-4268624529,fulltime,,,,,,True,mid-senior level,Consulting and Information Technology,,career@deloitte.de,Business Consulting and Services,https://www.linkedin.com/company/deloitte,,,,,,,,,,,
linkedin,Projectmanager Industrial Projects (m/w/d),Elis Germany & Austria,"Dresden, Saxony, Germany",2026-08-27,https://www.linkedin.com/jobs/view/4458347764 , ,li-4458347764,fulltime,,,,,,False,mid-senior level,Management,,,Retail,https://de.linkedin.com/company/elis-deutschland-sterreich,,,,,,,,,,,
linkedin,Projektleitung (all genders),adesso SE,"Jena, Thuringia, Germany",2026-08-27,https://www.linkedin.com/jobs/view/3925556578 , ,li-3925556578,fulltime,,,,,,False,director,Project Management and Information Technology,,,IT Services and IT Consulting,https://de.linkedin.com/company/adesso-se,,,,,,,,,,,
linkedin,Projektleitung (all genders),adesso SE,"Stralsund, Mecklenburg-West Pomerania, Germany",2026-08-27,https://www.linkedin.com/jobs/view/3733043518 , ,li-3733043518,fulltime,,,,,,False,director,Project Management and Information Technology,,,IT Services and IT Consulting,https://de.linkedin.com/company/adesso-se,,,,,,,,,,,
linkedin,Site Lead - Enterprise Knowledge Management (EKM),Kentro,"Böblingen, Baden-Württemberg, Germany",2026-08-27,https://www.linkedin.com/jobs/view/4441478579 , ,li-4441478579,fulltime,,,,,,False,not applicable,Project Management,,"careers@kentro.us, careers@kentro.us",IT Services and IT Consulting,https://www.linkedin.com/company/kentro-official,,,,,,,,,,,
linkedin,IT-Projektleitung,Finanz Informatik,"Hannover, Lower Saxony, Germany",2026-08-27,https://www.linkedin.com/jobs/view/4458397975 , ,li-4458397975,fulltime,,,,,,False,associate,Project Management and Information Technology,,,"IT Services and IT Consulting, Banking, and Financial Services",https://de.linkedin.com/company/finanz-informatik,,,,,,,,,,,
linkedin,Project Manager,Accenture DACH,"Frankfurt, Hesse, Germany",2026-08-27,https://www.linkedin.com/jobs/view/4440290537 , ,li-4440290537,fulltime,,,,,,False,mid-senior level,Project Management and Information Technology,,,IT Services and IT Consulting,https://de.linkedin.com/company/accenture-dach,,,,,,,,,,,
linkedin,Projektmanager - Project Management Office (m/w/d),Kasseler Verkehrs- und Versorgungs-GmbH,"Kassel, Hesse, Germany",2026-08-27,https://www.linkedin.com/jobs/view/4458399758 , ,li-4458399758,fulltime,,,,,,False,entry level,Project Management and Information Technology,,Andreas.Schenk@kvvks.de,Utilities,https://www.linkedin.com/company/kvv-kassel,,,,,,,,,,,
linkedin,Project Coordinator (all genders),DAHER,"Hamburg, Germany",2026-08-27,https://www.linkedin.com/jobs/view/4459693124 , ,li-4459693124,fulltime,,,,,,True,associate,"Production, Project Management, and Manufacturing",,,Aviation and Aerospace Component Manufacturing and Airlines and Aviation,https://fr.linkedin.com/company/daher,,,,,,,,,,,
linkedin,Interdisciplinary,US Army Corps of Engineers,"Wiesbaden, Hesse, Germany",2026-08-27,https://www.linkedin.com/jobs/view/4458627996 , ,li-4458627996,fulltime,,,,,,False,entry level,Other,,,Armed Forces,https://www.linkedin.com/company/us-army-corps-of-engineers,,,,,,,,,,,
linkedin,(Senior) Digital Produktmanager (m/w/d) TaxTech,CHECK24 Vergleichsportal GmbH,"Dortmund, North Rhine-Westphalia, Germany",2026-08-27,https://www.linkedin.com/jobs/view/4422342699 , ,li-4422342699,fulltime,,,,,,False,mid-senior level,Product Management and Marketing,,,Software Development,https://de.linkedin.com/company/check24-vergleichsportal-gmbh,,,,,,,,,,,
linkedin,Projektleiter HKLS (w/m/d),Recruiting Energy - powered by Advergy,,2026-08-27,https://www.linkedin.com/jobs/view/4459671348 , ,li-4459671348,fulltime,,,,,,False,associate,Project Management,,,Construction,https://de.linkedin.com/company/recruiting-energy-powered-by-advergy,,,,,,,,,,,
linkedin,Projectmanager (m/w/d) Cost Out Procurment,Rolls-Royce,"Friedrichshafen, Baden-Württemberg, Germany",2026-08-27,https://www.linkedin.com/jobs/view/4458320864 , ,li-4458320864,fulltime,,,,,,False,mid-senior level,Project Management and Information Technology,,careers@ps.rolls,Industrial Machinery Manufacturing,https://uk.linkedin.com/company/rolls-royce,,,,,,,,,,,
linkedin,#THF2601 | Projektmanager*in (m/w/d) für Industrie- und Energieprojekte,THOST Projektmanagement GmbH,"Saarbrücken, Saarland, Germany",2026-08-27,https://www.linkedin.com/jobs/view/4423916663 , ,li-4423916663,fulltime,,,,,,False,mid-senior level,Project Management and Information Technology,,karriere@thost.de,Engineering Services,https://de.linkedin.com/company/thost-projektmanagement-gmbh,,,,,,,,,,,
linkedin,Projektmanager:in für Softwareprojekte in Bremen | Vollzeit oder Teilzeit (m/w/d),encoway GmbH,"Bremen, Bremen, Germany",2026-08-27,https://www.linkedin.com/jobs/view/4458666775 , ,li-4458666775,fulltime,,,,,,False,mid-senior level,Project Management and Information Technology,,"bewerbung@encoway.de, bewerbung@encoway.de",IT Services and IT Consulting,https://de.linkedin.com/company/encoway,,,,,,,,,,,
linkedin,Projektleiter LKW Motoren (all gender),Actana Consulting Services GmbH,"Nuremberg, Bavaria, Germany",2026-08-27,https://www.linkedin.com/jobs/view/4457794858 , ,li-4457794858,fulltime,,,,,,False,associate,Engineering,,,Professional Services,https://de.linkedin.com/company/actana-gmbh,,,,,,,,,,,
linkedin,Projektleiter (m/w/d) Robotik,YASKAWA Middle East,"Allershausen, Bavaria, Germany",2026-08-27,https://www.linkedin.com/jobs/view/4460364345 , ,li-4460364345,fulltime,,,,,,False,mid-senior level,"Design, Art/Creative, and Information Technology",,,Automation Machinery Manufacturing,https://ae.linkedin.com/company/yaskawa-middle-east,,,,,,,,,,,
linkedin,Technical Program Manager,IC Resources,"Berlin, Berlin, Germany",2026-08-27,https://www.linkedin.com/jobs/view/4440818283 , ,li-4440818283,fulltime,,,,,,False,mid-senior level,Project Management and Information Technology,,,Staffing and Recruiting,https://uk.linkedin.com/company/icresources,,,,,,,,,,,
linkedin,Projektmanager:in Digitialisierung ETCS,Deutsche Bahn,"Nuremberg, Bavaria, Germany",2026-08-27,https://www.linkedin.com/jobs/view/4441429075 , ,li-4441429075,fulltime,,,,,,False,mid-senior level,Project Management and Information Technology,,,Truck Transportation,https://de.linkedin.com/company/deutschebahn,,,,,,,,,,,
linkedin,Projektmanager (w/m/d) Integrierte Projektabwicklung (IPA),DS-Bauconcept GmbH,"Stuttgart, Baden-Württemberg, Germany",2026-08-27,https://www.linkedin.com/jobs/view/4458023229 , ,li-4458023229,fulltime,,,,,,False,entry level,Project Management and Information Technology,,,Real Estate,https://de.linkedin.com/company/ds-bauconcept-gmbh,,,,,,,,,,,
linkedin,Projekt Manager (w/m/d),Hitachi Energy,"Mannheim, Baden-Württemberg, Germany",2026-08-27,https://www.linkedin.com/jobs/view/4441213302 , ,li-4441213302,fulltime,,,,,,False,mid-senior level,Project Management and Information Technology,,,"Appliances, Electrical, and Electronics Manufacturing and IT Services and IT Consulting",https://ch.linkedin.com/company/hitachienergy,,,,,,,,,,,
linkedin,Projektmanager Commercial (m/w/d),Carrier,,2026-08-27,https://www.linkedin.com/jobs/view/4449464680 , ,li-4449464680,fulltime,,,,,,False,mid-senior level,Sales,,,HVAC and Refrigeration Equipment Manufacturing,https://www.linkedin.com/company/carrier,,,,,,,,,,,
linkedin,Manager E-Commerce Operations & Projects (m/f/d),Abbott,"Wiesbaden, Hesse, Germany",2026-08-27,https://www.linkedin.com/jobs/view/4459855940 , ,li-4459855940,fulltime,,,,,,False,mid-senior level,Sales,,,Hospitals and Health Care,https://www.linkedin.com/company/abbott-,,,,,,,,,,,
linkedin,Projektleiter (m/w/d) SF-Bau,Niersberger Group,"Erlangen, Bavaria, Germany",2026-08-27,https://www.linkedin.com/jobs/view/4434512601 , ,li-4434512601,fulltime,,,,,,False,associate,Project Management,,,Construction,https://de.linkedin.com/company/niersberger-group,,,,,,,,,,,
linkedin,Project Manager,Guldberg GmbH,"Munich, Bavaria, Germany",2026-08-26,https://www.linkedin.com/jobs/view/4457236370 , ,li-4457236370,fulltime,,,,,,False,mid-senior level,Project Management and Information Technology,,,Space Research and Technology,https://de.linkedin.com/company/guldberggmbh,,,,,,,,,,,
linkedin,Projektleitung Motoren (m/w/d),Akkodis,"Nuremberg, Bavaria, Germany",2026-08-26,https://www.linkedin.com/jobs/view/4459143696 , ,li-4459143696,fulltime,,,,,,False,not applicable,Project Management,,,Truck Transportation,https://www.linkedin.com/company/akkodis,,,,,,,,,,,
linkedin,Junior Technical Product Owner (f/m/d) - Data,smartclip,"Berlin, Germany",2026-08-26,https://www.linkedin.com/jobs/view/4380782759 , ,li-4380782759,fulltime,,,,,,True,associate,Information Technology and Product Management,,,"Technology, Information and Internet, IT Services and IT Consulting, and Technology, Information and Media",https://de.linkedin.com/company/smartclip,,,,,,,,,,,
linkedin,Senior IT Projektmanager (m/w/d) in der Finanzdienstleistungsberatung,Capco,"Frankfurt, Hesse, Germany",2026-08-26,https://www.linkedin.com/jobs/view/4421879459 , ,li-4421879459,fulltime,,,,,,False,mid-senior level,Project Management and Information Technology,,,Financial Services,https://uk.linkedin.com/company/capco,,,,,,,,,,,
linkedin,Projektleiter (m/w/d) Hochbau - Berlin,Kaiser Baucontrol Ingenieurgesellschaft mbH,"Berlin, Germany",2026-08-26,https://www.linkedin.com/jobs/view/4459157521 , ,li-4459157521,fulltime,,,,,,False,associate,Engineering,,,Construction,https://de.linkedin.com/company/kaiser-baucontrol-ingenieurgesellschaft-mbh,,,,,,,,,,,
linkedin,Projektleiter:in (m/w/d) Hochbau,ZÜBLIN,"Hamburg, Hamburg, Germany",2026-08-26,https://www.linkedin.com/jobs/view/4459353007 , ,li-4459353007,fulltime,,,,,,False,mid-senior level,"Design, Art/Creative, and Information Technology",,,Construction,https://de.linkedin.com/company/zueblin,,,,,,,,,,,
linkedin,Projektleiter Hochbau (m/w/d),persona service,"Düsseldorf, North Rhine-Westphalia, Germany",2026-08-26,https://www.linkedin.com/jobs/view/4439861970 , ,li-4439861970,fulltime,,,,,,False,mid-senior level,"Design, Art/Creative, and Information Technology",,,Staffing and Recruiting,https://de.linkedin.com/company/persona-service,,,,,,,,,,,
linkedin,Projektleiter:in (m/w/d) für Großprojekte im Verkehrswegebau,STRABAG,"Cologne, North Rhine-Westphalia, Germany",2026-08-26,https://www.linkedin.com/jobs/view/4459348124 , ,li-4459348124,fulltime,,,,,,False,mid-senior level,"Design, Art/Creative, and Information Technology",,,Construction,https://at.linkedin.com/company/strabag,,,,,,,,,,,
linkedin,Projektmanager (m/w/d) Operations,ASSA ABLOY Group,"Berlin, Berlin, Germany",2026-08-26,https://www.linkedin.com/jobs/view/4448951199 , ,li-4448951199,fulltime,,,,,,False,mid-senior level,Project Management and Information Technology,,,Wholesale Building Materials,https://se.linkedin.com/company/assaabloy,,,,,,,,,,,
linkedin,MAC Senior Project Manager,Turner & Townsend,"Frankfurt am Main, Hesse, Germany",2026-08-26,https://www.linkedin.com/jobs/view/4440231322 , ,li-4440231322,fulltime,,,,,,False,mid-senior level,"Project Management, Consulting, and Engineering",,,"Construction, Civil Engineering, and Business Consulting and Services",https://uk.linkedin.com/company/turner-&-townsend,,,,,,,,,,,
linkedin,M&A Projektmanager,Hays,"Hannover, Lower Saxony, Germany",2026-08-26,https://www.linkedin.com/jobs/view/4459146378 , ,li-4459146378,fulltime,,,,,,False,associate,Project Management,,,"Transportation, Logistics, Supply Chain and Storage",https://uk.linkedin.com/company/hays,,,,,,,,,,,
linkedin,"Project Manager, Global Projects (m/w/d)",DSV - Global Transport and Logistics,,2026-08-26,https://www.linkedin.com/jobs/view/4430567890 , ,li-4430567890,fulltime,,,,,,False,mid-senior level,Project Management and Information Technology,,karriere@de.dsv.com,"Transportation, Logistics, Supply Chain and Storage",https://dk.linkedin.com/company/dsv,,,,,,,,,,,
linkedin,Projektmanager (m/w/d),SWARCO ITS,"Bochum, North Rhine-Westphalia, Germany",2026-08-26,https://www.linkedin.com/jobs/view/4431233882 , ,li-4431233882,fulltime,,,,,,False,mid-senior level,Project Management,,,"Paint, Coating, and Adhesive Manufacturing",https://at.linkedin.com/company/swarco-its,,,,,,,,,,,
linkedin,Projektleiter:in (m/w/d) Schlüsselfertigbau,ZÜBLIN,"Munich, Bavaria, Germany",2026-08-26,https://www.linkedin.com/jobs/view/4459350018 , ,li-4459350018,fulltime,,,,,,False,mid-senior level,"Design, Art/Creative, and Information Technology",,,Construction,https://de.linkedin.com/company/zueblin,,,,,,,,,,,
linkedin,Omnikanal Produktmanager (m/w/d),R+V Versicherung,"Wiesbaden, Hesse, Germany",2026-08-26,https://www.linkedin.com/jobs/view/4446662486 , ,li-4446662486,fulltime,,,,,,False,mid-senior level,Product Management and Marketing,,,Insurance,https://de.linkedin.com/company/r-v-versicherung,,,,,,,,,,,
linkedin,(Senior) Project Manager Commercial Strategy,PUMA Group,"Herzogenaurach, Bavaria, Germany",2026-08-26,https://www.linkedin.com/jobs/view/4449029258 , ,li-4449029258,fulltime,,,,,,False,mid-senior level,Consulting and Strategy/Planning,,,"Sporting Goods Manufacturing, Business Consulting and Services, and Retail Apparel and Fashion",https://de.linkedin.com/company/puma,,,,,,,,,,,
linkedin,Project Manager (w/m/d) M&A,Siemens Healthineers,"Erlangen, Bavaria, Germany",2026-08-26,https://www.linkedin.com/jobs/view/4456982463 , ,li-4456982463,fulltime,,,,,,False,mid-senior level,Strategy/Planning,,,"Medical Equipment Manufacturing, Hospitals and Health Care, and Biotechnology Research",https://de.linkedin.com/company/siemens-healthineers,,,,,,,,,,,
linkedin,Projektleitung Gebäudetechnik in Dresden,Ortner Reinraumtechnik GmbH,"Dresden, Saxony, Germany",2026-08-26,https://www.linkedin.com/jobs/view/4457208206 , ,li-4457208206,fulltime,,,,,,False,entry level,Project Management and Information Technology,,,Machinery Manufacturing,https://at.linkedin.com/company/ortner-rrt,,,,,,,,,,,
linkedin,Projektmanager Unternehmensentwicklung (m/w/d),Amadeus Fire,"Schweinfurt, Bavaria, Germany",2026-08-26,https://www.linkedin.com/jobs/view/4459390406 , ,li-4459390406,fulltime,,,,,,False,associate,Project Management,,,Financial Services,https://de.linkedin.com/company/amadeus-fire,,,,,,,,,,,
linkedin,Projectmanager (m/w/d) Cost Out Procurment,Rolls-Royce Power Systems,"Friedrichshafen, Baden-Württemberg, Germany",2026-08-26,https://www.linkedin.com/jobs/view/4459612393 , ,li-4459612393,fulltime,,,,,,False,mid-senior level,Project Management and Information Technology,,careers@ps.rolls,Machinery Manufacturing,https://de.linkedin.com/company/rolls-royce-power-systems,,,,,,,,,,,
linkedin,Projektleiter (m/w/d),Louis Schierholz GmbH,"Bremen, Bremen, Germany",2026-08-26,https://www.linkedin.com/jobs/view/4457221154 , ,li-4457221154,fulltime,,,,,,False,entry level,Engineering,,,Machinery Manufacturing,https://de.linkedin.com/company/louis-schierholz-gmbh,,,,,,,,,,,
linkedin,Fachprojektleiterin Messtechnik und Zählung Umspannwerke Höchstspannungsnetz (m/w/d),50Hertz Transmission GmbH,"Berlin, Berlin, Germany",2026-08-26,https://www.linkedin.com/jobs/view/4457986332 , ,li-4457986332,fulltime,,,,,,False,mid-senior level,Engineering,,,"Electric Power Transmission, Control, and Distribution",https://de.linkedin.com/company/50hertz-transmission-gmbh,,,,,,,,,,,
linkedin,Projektleiter:in (m/w/d) Anlagenbau Umwelt-/ Energietechnik,STRABAG,"Dresden, Saxony, Germany",2026-08-26,https://www.linkedin.com/jobs/view/4459330966 , ,li-4459330966,fulltime,,,,,,False,mid-senior level,Engineering and Information Technology,,,Construction,https://at.linkedin.com/company/strabag,,,,,,,,,,,
linkedin,Technical Project Manager,Haystack,"Hesse, Germany",2026-08-26,https://www.linkedin.com/jobs/view/4457948436 , ,li-4457948436,fulltime,,,,,,False,associate,Project Management,,,"Technology, Information and Media",https://uk.linkedin.com/company/wearehaystack,,,,,,,,,,,
linkedin,Projektleiter (w/m/d),ZECH Bau,"Dortmund, North Rhine-Westphalia, Germany",2026-08-26,https://www.linkedin.com/jobs/view/4457221710 , ,li-4457221710,fulltime,,,,,,False,mid-senior level,Project Management,,,Civil Engineering,https://de.linkedin.com/company/zechbau,,,,,,,,,,,
linkedin,Technical Project Manager,Hyra,"Hesse, Germany",2026-08-26,https://www.linkedin.com/jobs/view/4459192835 , ,li-4459192835,fulltime,,,,,,False,mid-senior level,Project Management,,,"Technology, Information and Media",https://www.linkedin.com/company/joinhyra,,,,,,,,,,,
linkedin,Project Manager – Renewable Energy m/f/d,SPIE ICS – SPIE Information & Communication Services GmbH,"Bremen, Bremen, Germany",2026-08-26,https://www.linkedin.com/jobs/view/4459114172 , ,li-4459114172,fulltime,,,,,,False,mid-senior level,Project Management and Information Technology,,,IT Services and IT Consulting,https://de.linkedin.com/company/spie-ics-germany,,,,,,,,,,,
linkedin,Cost and Value Engineer Professional (w/m/d) für Project & Solution Business,Siemens,"Berlin, Berlin, Germany",2026-08-26,https://www.linkedin.com/jobs/view/4430564977 , ,li-4430564977,fulltime,,,,,,False,mid-senior level,Supply Chain,,,Automation Machinery Manufacturing,https://de.linkedin.com/company/siemens,,,,,,,,,,,
linkedin,Mechanical Project Manager,Mercury,"Munich, Bavaria, Germany",2026-08-26,https://www.linkedin.com/jobs/view/4371794535 , ,li-4371794535,fulltime,,,,,,False,mid-senior level,Project Management and Information Technology,,,Construction,https://ie.linkedin.com/company/mercury-engineering,,,,,,,,,,,
linkedin,Projektleiter (m/w/d) Technische Gebäudeausrüstung,Riedel Bau Firmengruppe,"Sennfeld, Bavaria, Germany",2026-08-26,https://www.linkedin.com/jobs/view/4457227728 , ,li-4457227728,fulltime,,,,,,False,associate,Project Management,,,Business Consulting and Services,https://de.linkedin.com/company/riedelbau,,,,,,,,,,,
linkedin,Projektleiter:in (m/w/d) TGA / HLSK in Rostock,ZÜBLIN,"Rostock, Mecklenburg-West Pomerania, Germany",2026-08-26,https://www.linkedin.com/jobs/view/4459328981 , ,li-4459328981,fulltime,,,,,,False,mid-senior level,Information Technology,,,Construction,https://de.linkedin.com/company/zueblin,,,,,,,,,,,
linkedin,Project Manager - Laboratory Automation (f/m/d),ABB,"Friedberg, Hesse, Germany",2026-08-26,https://www.linkedin.com/jobs/view/4459182301 , ,li-4459182301,fulltime,,,,,,False,not applicable,Project Management and Production,,,"Appliances, Electrical, and Electronics Manufacturing",https://ch.linkedin.com/company/abb,,,,,,,,,,,
linkedin,(Senior) Project Manager RCT30 - IFV Schakal (m/w/d),Rheinmetall,"Unterlüß, Lower Saxony, Germany",2026-08-26,https://www.linkedin.com/jobs/view/4457241098 , ,li-4457241098,fulltime,,,,,,False,mid-senior level,Project Management and Information Technology,,,Defense and Space Manufacturing,https://de.linkedin.com/company/rheinmetall,,,,,,,,,,,
linkedin,Manager integrierte Versionsplanung (all gender),ALTEN,"Hamburg, Germany",2026-08-26,https://www.linkedin.com/jobs/view/4457221816 , ,li-4457221816,fulltime,,,,,,False,associate,Management,,,IT Services and IT Consulting,https://fr.linkedin.com/company/alten,,,,,,,,,,,
linkedin,Junior Project Portfolio Manager,ENERCON,"Bremen, Bremen, Germany",2026-08-26,https://www.linkedin.com/jobs/view/4456319794 , ,li-4456319794,fulltime,,,,,,False,mid-senior level,Finance and Sales,,"Meike.Luebben@enercon.de, inclusion@enercon.de",Renewable Energy Semiconductor Manufacturing,https://de.linkedin.com/company/enercon-gmbh,,,,,,,,,,,
linkedin,Projektleiter:in (m/w/d) TGA / HLSK in Hamburg,ZÜBLIN,"Hamburg, Hamburg, Germany",2026-08-26,https://www.linkedin.com/jobs/view/4459334861 , ,li-4459334861,fulltime,,,,,,False,mid-senior level,Information Technology,,,Construction,https://de.linkedin.com/company/zueblin,,,,,,,,,,,
linkedin,Localization Manager II (Fixed Term),SumUp,"Berlin, Berlin, Germany",2026-08-26,https://www.linkedin.com/jobs/view/4457291293 , ,li-4457291293,fulltime,,,,,,False,mid-senior level,Information Technology,,,Financial Services,https://uk.linkedin.com/company/sumup,,,,,,,,,,,
linkedin,IT Product Group Owner (d/f/m) HR Solutions,Schaeffler,"Regensburg, Bavaria, Germany",2026-08-26,https://www.linkedin.com/jobs/view/4381990048 , ,li-4381990048,fulltime,,,,,,False,director,Product Management and Marketing,,,Manufacturing,https://de.linkedin.com/company/schaeffler,,,,,,,,,,,
linkedin,Projektleitung (m/w/d) HKLS,ATP architects engineers,"Aachen, North Rhine-Westphalia, Germany",2026-08-26,https://www.linkedin.com/jobs/view/4363473250 , ,li-4363473250,fulltime,,,,,,False,mid-senior level,Project Management and Information Technology,,,Architecture and Planning,https://at.linkedin.com/company/atp-architekten-ingenieure,,,,,,,,,,,
linkedin,Projektleiter:in Verkehrswegebau (m/w/d),STRABAG,"Magdeburg, Saxony-Anhalt, Germany",2026-08-26,https://www.linkedin.com/jobs/view/4459333909 , ,li-4459333909,fulltime,,,,,,False,mid-senior level,"Design, Art/Creative, and Information Technology",,,Construction,https://at.linkedin.com/company/strabag,,,,,,,,,,,
linkedin,Projektleiter:in (m/w/d) - Baulogistik,ZÜBLIN,"Berlin, Berlin, Germany",2026-08-26,https://www.linkedin.com/jobs/view/4459322964 , ,li-4459322964,fulltime,,,,,,False,mid-senior level,Other,,,Construction,https://de.linkedin.com/company/zueblin,,,,,,,,,,,
linkedin,Projektleiter:in Gebäudeautomation (m/w/d),ZÜBLIN,"Berlin, Berlin, Germany",2026-08-26,https://www.linkedin.com/jobs/view/4459341035 , ,li-4459341035,fulltime,,,,,,False,mid-senior level,"Design, Art/Creative, and Information Technology",,,Construction,https://de.linkedin.com/company/zueblin,,,,,,,,,,,
linkedin,Head of JS/TS Ecosystem,JetBrains,"Munich, Bavaria, Germany",2026-08-26,https://www.linkedin.com/jobs/view/4428963678 , ,li-4428963678,fulltime,,,,,,True,executive,Other,,,Software Development,https://nl.linkedin.com/company/jetbrains,,,,,,,,,,,
linkedin,Associate Product Owner (m/w/d) Traineeprogramm,CHECK24 Vergleichsportal GmbH,"Cologne, North Rhine-Westphalia, Germany",2026-08-26,https://www.linkedin.com/jobs/view/4422335860 , ,li-4422335860,fulltime,,,,,,False,entry level,Product Management and Marketing,,,Software Development,https://de.linkedin.com/company/check24-vergleichsportal-gmbh,,,,,,,,,,,
linkedin,Pricing Manager - Coupon (all genders),ABOUT YOU,"Hamburg, Hamburg, Germany",2026-08-26,https://www.linkedin.com/jobs/view/4451916138 , ,li-4451916138,fulltime,,,,,,False,associate,Marketing,,,"Technology, Information and Internet",https://de.linkedin.com/company/about-you,,,,,,,,,,,
linkedin,IT Product Group Owner (d/f/m) HR Solutions,Schaeffler,"Nuremberg, Bavaria, Germany",2026-08-26,https://www.linkedin.com/jobs/view/4381984267 , ,li-4381984267,fulltime,,,,,,False,director,Product Management and Marketing,,,Manufacturing,https://de.linkedin.com/company/schaeffler,,,,,,,,,,,
linkedin,Senior Product Owner - Logistics & Order Management (m/f/d),fulfillmenttools,"North Rhine-Westphalia, Germany",2026-08-26,https://www.linkedin.com/jobs/view/4434465873 , ,li-4434465873,fulltime,,,,,,False,associate,Product Management and Information Technology,,,IT Services and IT Consulting,https://de.linkedin.com/company/fulfillmenttools,,,,,,,,,,,
linkedin,Senior Project Manager Strategy & Transformation Glas (m/w/d)*,SCHOTT,"Landshut, Bavaria, Germany",2026-08-26,https://www.linkedin.com/jobs/view/4457958184 , ,li-4457958184,fulltime,,,,,,False,mid-senior level,Project Management and Information Technology,,,"Glass, Ceramics and Concrete Manufacturing",https://de.linkedin.com/company/schott,,,,,,,,,,,
linkedin,Technical Product Owner - Semantic AI & Knowledge Graph (m/w/d),DKSR - Data Competence Center for Cities & Regions,"Berlin, Berlin, Germany",2026-08-26,https://www.linkedin.com/jobs/view/4457238619 , ,li-4457238619,fulltime,,,,,,False,associate,Information Technology,,,Software Development,https://de.linkedin.com/company/dksr,,,,,,,,,,,
linkedin,Global Product Manager – Digital Services,Alfa Laval,"Hamburg, Hamburg, Germany",2026-08-26,https://www.linkedin.com/jobs/view/4459191731 , ,li-4459191731,fulltime,,,,,,True,mid-senior level,Management and Manufacturing,,"asser.kalsboll@alfalaval.com, claus.wiinholt@alfalaval.com",Industrial Machinery Manufacturing,https://se.linkedin.com/company/alfa-laval,,,,,,,,,,,
linkedin,Technical Product Manager (m/w/d),Instaffo,"Karlsruhe, Baden-Württemberg, Germany",2026-08-26,https://www.linkedin.com/jobs/view/4440004381 , ,li-4440004381,fulltime,,,,,,False,mid-senior level,Product Management and Management,,,Staffing and Recruiting,https://de.linkedin.com/company/instaffo-gmbh,,,,,,,,,,,
linkedin,Lead Product Manager - GFS,Delivery Hero,"Berlin, Berlin, Germany",2026-08-26,https://www.linkedin.com/jobs/view/4448517623 , ,li-4448517623,fulltime,,,,,,False,mid-senior level,Marketing and Product Management,,inclusion@deliveryhero.com,Software Development and IT Services and IT Consulting,https://de.linkedin.com/company/delivery-hero-se,,,,,,,,,,,
linkedin,"Senior Product Manager, Geo Auto Data Platform",Google,"Munich, Bavaria, Germany",2026-08-26,https://www.linkedin.com/jobs/view/4457963208 , ,li-4457963208,fulltime,,,,,,False,mid-senior level,Product Management and Engineering,,,"Information Services and Technology, Information and Internet",https://www.linkedin.com/company/google,,,,,,,,,,,
linkedin,Product Manager E-Mobility / Electronics (m/w/d),Driventic,"Heidenheim an der Brenz, Baden-Württemberg, Germany",2026-08-26,https://www.linkedin.com/jobs/view/4459311735 , ,li-4459311735,fulltime,,,,,,False,associate,Product Management,,,Machinery Manufacturing,https://de.linkedin.com/company/driventic,,,,,,,,,,,
linkedin,Digital Project Manager,Carrier,"Hesse, Germany",2026-08-26,https://www.linkedin.com/jobs/view/4457999649 , ,li-4457999649,fulltime,,,,,,False,mid-senior level,Project Management and Information Technology,,Carrier.Recruiting@carrier.com,Wholesale Building Materials,https://www.linkedin.com/company/carrier,,,,,,,,,,,
linkedin,Product Manager,Azelis,"Ratingen, North Rhine-Westphalia, Germany",2026-08-26,https://www.linkedin.com/jobs/view/4440535410 , ,li-4440535410,fulltime,,,,,,False,entry level,Product Management and Marketing,,,Chemical Manufacturing,https://be.linkedin.com/company/azelis,,,,,,,,,,,
linkedin,Technical Project Manager AI (m/w/d),statworx,"Frankfurt am Main, Hesse, Germany",2026-08-26,https://www.linkedin.com/jobs/view/4309017874 , ,li-4309017874,fulltime,,,,,,True,mid-senior level,Project Management and Information Technology,,jobs@statworx.com,IT Services and IT Consulting,https://de.linkedin.com/company/statworx,,,,,,,,,,,
linkedin,Projektleiter (m/w/d) Hochbau von großen Sonderprojekten,Hedalis GmbH,"Essen, North Rhine-Westphalia, Germany",2026-08-26,https://www.linkedin.com/jobs/view/4457230240 , ,li-4457230240,fulltime,,,,,,False,associate,Project Management,,,Construction and Real Estate,https://de.linkedin.com/company/hedalis,,,,,,,,,,,
linkedin,Projektleiter:in (m/w/d) Bauen im Bestand,ZÜBLIN,"Munich, Bavaria, Germany",2026-08-26,https://www.linkedin.com/jobs/view/4459353074 , ,li-4459353074,fulltime,,,,,,False,mid-senior level,"Design, Art/Creative, and Information Technology",,,Construction,https://de.linkedin.com/company/zueblin,,,,,,,,,,,
linkedin,Bau-/Projektleiter:in (m/w/d),ZÜBLIN,"Hamburg, Hamburg, Germany",2026-08-26,https://www.linkedin.com/jobs/view/4459346050 , ,li-4459346050,fulltime,,,,,,False,mid-senior level,Project Management and Information Technology,,,Construction,https://de.linkedin.com/company/zueblin,,,,,,,,,,,
linkedin,"Senior Product Manager, Technical (m/f/d)",Affinidi,"Berlin, Berlin, Germany",2026-08-26,https://www.linkedin.com/jobs/view/4457909453 , ,li-4457909453,fulltime,,,,,,False,mid-senior level,Product Management and Marketing,,,Software Development,https://sg.linkedin.com/company/affinidi,,,,,,,,,,,
linkedin,"Product Manager, Agentic AI Platform (m/f/d)",Redcare Pharmacy,"Cologne, North Rhine-Westphalia, Germany",2026-08-26,https://www.linkedin.com/jobs/view/4438486211 , ,li-4438486211,fulltime,,,,,,True,mid-senior level,Information Technology,,,Software Development and IT Services and IT Consulting,https://nl.linkedin.com/company/redcare-pharmacy-com,,,,,,,,,,,
linkedin,"Senior Product Manager, Rx eCommerce (m/f/d)",Redcare Pharmacy,"Berlin, Berlin, Germany",2026-08-26,https://www.linkedin.com/jobs/view/4438099114 , ,li-4438099114,fulltime,,,,,,True,mid-senior level,Marketing and Product Management,,,Software Development and IT Services and IT Consulting,https://nl.linkedin.com/company/redcare-pharmacy-com,,,,,,,,,,,
linkedin,Digital Product Manager (m/f/d),Clariant,"Munich, Bavaria, Germany",2026-08-26,https://www.linkedin.com/jobs/view/4459198607 , ,li-4459198607,fulltime,,,,,,False,entry level,Product Management and Marketing,,,Chemical Manufacturing,https://ch.linkedin.com/company/clariant,,,,,,,,,,,
linkedin,Managing Consultant SAP/S4HANA Finance (m/w/d),movisco AG,"Hamburg, Germany",2026-08-26,https://www.linkedin.com/jobs/view/4459179333 , ,li-4459179333,fulltime,,,,,,False,not applicable,,,,Business Consulting and Services,https://de.linkedin.com/company/movisco-ag,,,,,,,,,,,
linkedin,Bau-/Projektleiter:in (m/w/d) Holzbau & Fassade,ZÜBLIN,"Aichach, Bavaria, Germany",2026-08-26,https://www.linkedin.com/jobs/view/4459356057 , ,li-4459356057,fulltime,,,,,,False,mid-senior level,Project Management and Information Technology,,,Construction,https://de.linkedin.com/company/zueblin,,,,,,,,,,,
linkedin,Technischer Projektleiter für Forschungsprojekte (m/w/d),TKMS,"Boksee, Schleswig-Holstein, Germany",2026-08-26,https://www.linkedin.com/jobs/view/4457244903 , ,li-4457244903,fulltime,,,,,,False,mid-senior level,Engineering,,,Utilities,https://de.linkedin.com/company/tkms,,,,,,,,,,,
linkedin,Bauleiter als Projektleiter (m/w/d) Infrastrukturprojekte,SWARCO ITS,"Haiger, Hesse, Germany",2026-08-26,https://www.linkedin.com/jobs/view/4448969679 , ,li-4448969679,fulltime,,,,,,False,mid-senior level,Project Management and Information Technology,,,"Paint, Coating, and Adhesive Manufacturing",https://at.linkedin.com/company/swarco-its,,,,,,,,,,,
linkedin,Projektleiter:in Techn. Gebäudeausrüstung (TGA) Schwerpunkt Mechanik (m/w/d),ZÜBLIN,"Karlsruhe, Baden-Württemberg, Germany",2026-08-26,https://www.linkedin.com/jobs/view/4459337211 , ,li-4459337211,fulltime,,,,,,False,mid-senior level,Management and Manufacturing,,,Construction,https://de.linkedin.com/company/zueblin,,,,,,,,,,,
linkedin,Projektleiter Digitalisierung Einkauf (m/w/d),Kaufland,"Heilbronn, Baden-Württemberg, Germany",2026-08-26,https://www.linkedin.com/jobs/view/4457266153 , ,li-4457266153,fulltime,,,,,,False,entry level,Purchasing,,,Retail,https://de.linkedin.com/company/kaufland-deutschland,,,,,,,,,,,
linkedin,Projektleiter (m/w/d) im Bereich Umweltplanung (770),Vössing Ingenieurgesellschaft mbH,"Cologne, North Rhine-Westphalia, Germany",2026-08-26,https://www.linkedin.com/jobs/view/4459303096 , ,li-4459303096,fulltime,,,,,,False,associate,Engineering,,,Engineering Services,https://de.linkedin.com/company/voessing,,,,,,,,,,,
linkedin,Teamlead Data Operations  (Mensch),NEURA Robotics,"Riederich, Baden-Württemberg, Germany",2026-08-25,https://www.linkedin.com/jobs/view/4457332672 , ,li-4457332672,fulltime,,,,,,False,mid-senior level,Management and Manufacturing,,,Automation Machinery Manufacturing,https://de.linkedin.com/company/neura-robotics,,,,,,,,,,,
linkedin,Senior Manager E-Commerce – Business Product Owner Buchungsstrecke (w/m/d),Motel One Group,"Munich, Bavaria, Germany",2026-08-25,https://www.linkedin.com/jobs/view/4459010326 , ,li-4459010326,fulltime,,,,,,False,associate,Other,,,Hospitality,https://de.linkedin.com/company/motelone,,,,,,,,,,,
linkedin,(Senior) Product Owner Penetration Testing Global,Commerzbank AG,"Frankfurt, Hesse, Germany",2026-08-25,https://www.linkedin.com/jobs/view/4456955284 , ,li-4456955284,fulltime,,,,,,False,associate,Information Technology,,,"Banking, Financial Services, and Investment Banking",https://de.linkedin.com/company/commerzbank-ag,,,,,,,,,,,
linkedin,Produktmanager Dosiertechnik (Dosierpumpen) (m/w/d),ProMinent Group,"Heidelberg, Baden-Württemberg, Germany",2026-08-25,https://www.linkedin.com/jobs/view/4337159316 , ,li-4337159316,fulltime,,,,,,False,entry level,Product Management and Marketing,,Bewerbungen@prominent.com,Industrial Machinery Manufacturing,https://de.linkedin.com/company/prominentgroup,,,,,,,,,,,
linkedin,Manager Solution Design (d/f/m),4flow,"Hamburg, Hamburg, Germany",2026-08-25,https://www.linkedin.com/jobs/view/4448318019 , ,li-4448318019,fulltime,,,,,,True,mid-senior level,Project Management and Information Technology,,,"Transportation, Logistics, Supply Chain and Storage",https://de.linkedin.com/company/4flow,,,,,,,,,,,
linkedin,Projektleiter Konstruktiver Ingenieurbau (w/m/d),Arcadis,"Hamburg, Hamburg, Germany",2026-08-25,https://www.linkedin.com/jobs/view/4353489735 , ,li-4353489735,fulltime,,,,,,False,not applicable,Other,,,Professional Services,https://nl.linkedin.com/company/arcadis,,,,,,,,,,,
linkedin,(Specialist) Projektleiter:in Brandschutz für Großbahnhöfe,Deutsche Bahn,"Berlin, Berlin, Germany",2026-08-25,https://www.linkedin.com/jobs/view/4440375795 , ,li-4440375795,fulltime,,,,,,False,mid-senior level,Other,,,Truck Transportation,https://de.linkedin.com/company/deutschebahn,,,,,,,,,,,
linkedin,Technical Project Manager - PV / Mieterstrom - all genders welcome,stroya,"Hamburg, Hamburg, Germany",2026-08-25,https://www.linkedin.com/jobs/view/4456569755 , ,li-4456569755,fulltime,,,,,,False,associate,Other,,,Utilities,https://de.linkedin.com/company/stroya,,,,,,,,,,,
linkedin,Customer Success Manager (m/f/d) - Temporary Position 1 Year,Nikon SLM Solutions,"Lübeck, Schleswig-Holstein, Germany",2026-08-25,https://www.linkedin.com/jobs/view/4457464652 , ,li-4457464652,fulltime,,,,,,False,associate,Project Management,,,Industrial Machinery Manufacturing,https://de.linkedin.com/company/nikonslmsolutions,,,,,,,,,,,
linkedin,Tax Product Manager (f/m/d),Deutsche Börse Group,"Frankfurt, Hesse, Germany",2026-08-25,https://www.linkedin.com/jobs/view/4457483299 , ,li-4457483299,fulltime,,,,,,False,not applicable,Product Management and Marketing,,,Financial Services,https://de.linkedin.com/company/deutscheboersegroup,,,,,,,,,,,
linkedin,Head of JS/TS Ecosystem,JetBrains,"Berlin, Berlin, Germany",2026-08-25,https://www.linkedin.com/jobs/view/4428960624 , ,li-4428960624,fulltime,,,,,,True,executive,Other,,,Software Development,https://nl.linkedin.com/company/jetbrains,,,,,,,,,,,
linkedin,Senior Classification Lead & J&C Special Project Coordinator EMEA F/H,Schneider Electric,"Berlin, Berlin, Germany",2026-08-25,https://www.linkedin.com/jobs/view/4457473190 , ,li-4457473190,fulltime,,,,,,False,mid-senior level,Project Management and Information Technology,,,Automation Machinery Manufacturing,https://fr.linkedin.com/company/schneider-electric,,,,,,,,,,,
linkedin,Maritime Technical Project Lead (w/m/d),HENSOLDT,"Wilhelmshaven, Lower Saxony, Germany",2026-08-25,https://www.linkedin.com/jobs/view/4457082399 , ,li-4457082399,fulltime,,,,,,True,mid-senior level,Information Technology,,jobs@hensoldt.net,Defense and Space Manufacturing,https://de.linkedin.com/company/hensoldt,,,,,,,,,,,
linkedin,"Deputy Project Leader - Wiesbaden, Germany","M.C. Dean, Inc.","Wiesbaden, Hesse, Germany",2026-08-25,https://www.linkedin.com/jobs/view/4458743910 , ,li-4458743910,fulltime,,,,,,False,not applicable,Project Management and Information Technology,,,Design Services,https://www.linkedin.com/company/m-c-dean-inc,,,,,,,,,,,
linkedin,Product Manager - Engineering,Tripledot Studios,"Berlin, Germany",2026-08-25,https://www.linkedin.com/jobs/view/4458753563 , ,li-4458753563,fulltime,,,,,,False,mid-senior level,Product Management and Marketing,,,Computer Games,https://uk.linkedin.com/company/tripledot-studios,,,,,,,,,,,
linkedin,Product Manager FinTech Platform,Instaffo,"Frankfurt, Hesse, Germany",2026-08-25,https://www.linkedin.com/jobs/view/4440306942 , ,li-4440306942,fulltime,,,,,,False,mid-senior level,Product Management and Management,,,Staffing and Recruiting,https://de.linkedin.com/company/instaffo-gmbh,,,,,,,,,,,
linkedin,Senior Product Manager - Core Banking Platform (m/w/d),Avarda UK,"Hamburg, Hamburg, Germany",2026-08-25,https://www.linkedin.com/jobs/view/4456950868 , ,li-4456950868,fulltime,,,,,,False,mid-senior level,Product Management and Marketing,,,Financial Services,https://www.linkedin.com/company/avarda-uk,,,,,,,,,,,
linkedin,Product Manager m/w/d Druckprodukte,FLYERALARM,"Würzburg, Bavaria, Germany",2026-08-25,https://www.linkedin.com/jobs/view/4456961781 , ,li-4456961781,fulltime,,,,,,False,mid-senior level,Product Management and Marketing,,,Marketing Services,https://de.linkedin.com/company/flyeralarm,,,,,,,,,,,
linkedin,"Product Manager, Search",Wolt,"Berlin, Berlin, Germany",2026-08-25,https://www.linkedin.com/jobs/view/4457499248 , ,li-4457499248,fulltime,,,,,,False,mid-senior level,Product Management and Marketing,,,Software Development,https://fi.linkedin.com/company/wolt-oy,,,,,,,,,,,
linkedin,Construction Project Manager - Data Center Germany,Microsoft,"Cologne, North Rhine-Westphalia, Germany",2026-08-25,https://www.linkedin.com/jobs/view/4458727965 , ,li-4458727965,fulltime,,,,,,True,not applicable,Project Management and Information Technology,,,Software Development,https://www.linkedin.com/company/microsoft,,,,,,,,,,,
linkedin,Projektleiter Entwässerungsplanung (w/m/d),Arcadis,"Hamburg, Hamburg, Germany",2026-08-25,https://www.linkedin.com/jobs/view/4446642665 , ,li-4446642665,fulltime,,,,,,False,not applicable,Other,,,Professional Services,https://nl.linkedin.com/company/arcadis,,,,,,,,,,,
linkedin,Projektmanager:in E-Commerce / Shopify - Vollzeit (m/w/d),apoio,"Hamburg, Hamburg, Germany",2026-08-25,https://www.linkedin.com/jobs/view/4456900143 , ,li-4456900143,fulltime,,,,,,False,mid-senior level,Project Management,,,IT Services and IT Consulting,https://de.linkedin.com/company/apoio-digital,,,,,,,,,,,
linkedin,Project Manager Logistics Operations,ALSO Group,"Soest, North Rhine-Westphalia, Germany",2026-08-25,https://www.linkedin.com/jobs/view/4458757998 , ,li-4458757998,fulltime,,,,,,False,mid-senior level,Information Technology,,,IT Services and IT Consulting,https://ch.linkedin.com/company/alsogroup,,,,,,,,,,,
linkedin,Projektleiter (m/w/d) TGA,d/b/d GmbH & Co. KG,"Hamburg, Hamburg, Germany",2026-08-25,https://www.linkedin.com/jobs/view/4459050049 , ,li-4459050049,fulltime,,,,,,False,mid-senior level,"Design, Art/Creative, and Information Technology",,,Architecture and Planning,https://de.linkedin.com/company/dbd-gmbh-co-kg,,,,,,,,,,,
linkedin,Projektleiter Schlüsselfertigbau / Bauträger (m/w/d),Your Source,"Bad Krozingen, Baden-Württemberg, Germany",2026-08-25,https://www.linkedin.com/jobs/view/4458743915 , ,li-4458743915,fulltime,,,,,,False,associate,Project Management,,,Construction,https://se.linkedin.com/company/your-source-ab,,,,,,,,,,,
linkedin,Project Manager WIO BBP Components (m/w/x),ZEISS Group,"Oberkochen, Baden-Württemberg, Germany",2026-08-25,https://www.linkedin.com/jobs/view/4458576978 , ,li-4458576978,fulltime,,,,,,False,mid-senior level,"Project Management, Engineering, and Other",,,"Manufacturing and Appliances, Electrical, and Electronics Manufacturing",https://de.linkedin.com/company/zeiss,,,,,,,,,,,
linkedin,Cluster leader New Products and Incubation (m/w/x),ZEISS Group,"Oberkochen, Baden-Württemberg, Germany",2026-08-25,https://www.linkedin.com/jobs/view/4458585905 , ,li-4458585905,fulltime,,,,,,False,mid-senior level,"Project Management, Management, and Other",,,"Manufacturing and Appliances, Electrical, and Electronics Manufacturing",https://de.linkedin.com/company/zeiss,,,,,,,,,,,
linkedin,Technischer Projektleiter (m/w/d),Maurer Electronics,"Hamburg, Hamburg, Germany",2026-08-25,https://www.linkedin.com/jobs/view/4450205869 , ,li-4450205869,fulltime,,,,,,False,entry level,Information Technology,,,IT Services and IT Consulting,https://www.linkedin.com/company/maurer-electronics,,,,,,,,,,,
linkedin,(Jr.) Project Manager,OSI Maritime Systems,"Kiel, Schleswig-Holstein, Germany",2026-08-25,https://www.linkedin.com/jobs/view/4453075582 , ,li-4453075582,fulltime,,,,,,False,mid-senior level,Project Management and Information Technology,,,Defense and Space Manufacturing,https://ca.linkedin.com/company/osimaritime,,,,,,,,,,,
linkedin,Senior-Projektleiter (w/m/d) Hochbau,hpm Henkel Projektmanagement GmbH,"Dresden, Saxony, Germany",2026-08-25,https://www.linkedin.com/jobs/view/4440023696 , ,li-4440023696,fulltime,,,,,,False,associate,Engineering,,,Architecture and Planning,https://de.linkedin.com/company/hpm-henkel-projektmanagement-gmbh,,,,,,,,,,,
linkedin,Projektleiter für Klima- und Lüftungstechnik (m/w/d),KLT Klima- und Lüftungstechnik GmbH,"Hamburg, Hamburg, Germany",2026-08-25,https://www.linkedin.com/jobs/view/4456993903 , ,li-4456993903,fulltime,,,,,,False,associate,Engineering,,,Manufacturing,https://de.linkedin.com/company/klt-klima-und-l%C3%BCftungstechnik-gmbh,,,,,,,,,,,
linkedin,PowerGen Growth Program Manager & PMO (m/w/d),Rolls-Royce,"Friedrichshafen, Baden-Württemberg, Germany",2026-08-25,https://www.linkedin.com/jobs/view/4454486169 , ,li-4454486169,fulltime,,,,,,False,mid-senior level,Project Management and Information Technology,,careers@ps.rolls,Industrial Machinery Manufacturing,https://uk.linkedin.com/company/rolls-royce,,,,,,,,,,,
linkedin,Projektleiter Projektsteuerung Bau (m/w/d),Assmann Beraten + Planen,"Hamburg, Germany",2026-08-25,https://www.linkedin.com/jobs/view/4422319876 , ,li-4422319876,fulltime,,,,,,False,associate,Engineering,,,Architecture and Planning and Engineering Services,https://de.linkedin.com/company/assmann-beraten-planen,,,,,,,,,,,
linkedin,Projektleiter (m/w/d) Hochbau,HOCHTIEF,"Hannover, Lower Saxony, Germany",2026-08-25,https://www.linkedin.com/jobs/view/4459060781 , ,li-4459060781,fulltime,,,,,,False,mid-senior level,"Design, Art/Creative, and Information Technology",,,Construction,https://de.linkedin.com/company/hochtief,,,,,,,,,,,
linkedin,Project Manager (m/f/d) Upgrade Management NCE,Vestas,"Hamburg, Hamburg, Germany",2026-08-25,https://www.linkedin.com/jobs/view/4458752089 , ,li-4458752089,fulltime,,,,,,True,not applicable,Project Management and Information Technology,,,Renewable Energy Semiconductor Manufacturing,https://dk.linkedin.com/company/vestas,,,,,,,,,,,
linkedin,Project Manager,Large Space Structures GmbH,"Garching, Bavaria, Germany",2026-08-25,https://www.linkedin.com/jobs/view/4456940660 , ,li-4456940660,fulltime,,,,,,False,associate,Management,,,Government Administration,https://de.linkedin.com/company/largespace,,,,,,,,,,,
linkedin,Projektmanager (m/w/d),Dr. Bernhard Burger AG,"Keltern, Baden-Württemberg, Germany",2026-08-25,https://www.linkedin.com/jobs/view/4456579366 , ,li-4456579366,fulltime,,,,,,False,associate,Sales,,,Manufacturing,https://de.linkedin.com/company/dr-bernhard-burger-ag,,,,,,,,,,,
linkedin,Project Manager - Group Data (f/m/d),Deutsche Börse Group,"Frankfurt, Hesse, Germany",2026-08-25,https://www.linkedin.com/jobs/view/4457157536 , ,li-4457157536,fulltime,,,,,,False,not applicable,Project Management and Information Technology,,,Financial Services,https://de.linkedin.com/company/deutscheboersegroup,,,,,,,,,,,
linkedin,Senior Project Manager Event Experience (m/w/d),A. Lange & Söhne,"Berlin, Berlin, Germany",2026-08-25,https://www.linkedin.com/jobs/view/4448513072 , ,li-4448513072,fulltime,,,,,,False,mid-senior level,Marketing,,,Retail Luxury Goods and Jewelry,https://de.linkedin.com/company/alangesoehne,,,,,,,,,,,
linkedin,Senior Project Manager - Consulting (m/w/d),Nortal,,2026-08-25,https://www.linkedin.com/jobs/view/4440312030 , ,li-4440312030,fulltime,,,,,,False,mid-senior level,Project Management and Information Technology,,,IT Services and IT Consulting,https://ee.linkedin.com/company/nortal,,,,,,,,,,,
linkedin,Projektmanager Bau (w/m/d),VIRES CONFERRE GmbH,,2026-08-25,https://www.linkedin.com/jobs/view/4458722300 , ,li-4458722300,fulltime,,,,,,False,associate,Project Management and Engineering,,-3@ViresConferre.com,Real Estate and Construction,https://de.linkedin.com/company/vires-conferre-gmbh,,,,,,,,,,,
linkedin,"Senior Product Manager, Mobile",Mozilla,,2026-08-24,https://www.linkedin.com/jobs/view/4457402164 , ,li-4457402164,fulltime,,,,,,True,associate,Product Management and Marketing,,hiringaccommodation@mozilla.com,Software Development,https://www.linkedin.com/company/mozilla-corporation,,,,,,,,,,,
linkedin,Projektleiter (m/w/d),Medicke,"Berlin, Germany",2026-08-24,https://www.linkedin.com/jobs/view/4455850878 , ,li-4455850878,fulltime,,,,,,False,mid-senior level,"Design, Art/Creative, and Information Technology",,,Construction,https://de.linkedin.com/company/medicke,,,,,,,,,,,
linkedin,Manufacturing Team Lead (Supervisor) for Investment casting (f/m/d),Siemens Energy,"Berlin, Berlin, Germany",2026-08-24,https://www.linkedin.com/jobs/view/4457104834 , ,li-4457104834,fulltime,,,,,,True,mid-senior level,Engineering,,,"Appliances, Electrical, and Electronics Manufacturing",https://www.linkedin.com/company/siemens-energy,,,,,,,,,,,
linkedin,Senior Project Manager (m/w/d) Customer Projects,Körber Supply Chain,"Nuremberg, Bavaria, Germany",2026-08-24,https://www.linkedin.com/jobs/view/4409918223 , ,li-4409918223,fulltime,,,,,,False,mid-senior level,Project Management and Information Technology,,jobs@koerber.com,Machinery Manufacturing and Industrial Machinery Manufacturing,https://de.linkedin.com/company/koerber-supply-chain,,,,,,,,,,,
linkedin,Projektleiter (m/w/d) Schlüsselfertigbau,LIST Gruppe,"Leipzig, Saxony, Germany",2026-08-24,https://www.linkedin.com/jobs/view/4283361250 , ,li-4283361250,fulltime,,,,,,False,associate,Engineering,,,Construction and Real Estate,https://de.linkedin.com/company/list-gruppe,,,,,,,,,,,
linkedin,Technische Projektleitung – Ferngesteuerte Waffenstationen (m/w/d),Rheinmetall,"Bremen, Bremen, Germany",2026-08-24,https://www.linkedin.com/jobs/view/4445881503 , ,li-4445881503,fulltime,,,,,,False,mid-senior level,Information Technology,,,Defense and Space Manufacturing,https://de.linkedin.com/company/rheinmetall,,,,,,,,,,,
linkedin,Maritime Technical Project Lead (w/m/d),HENSOLDT,"Kiel, Schleswig-Holstein, Germany",2026-08-24,https://www.linkedin.com/jobs/view/4456512579 , ,li-4456512579,fulltime,,,,,,True,mid-senior level,Information Technology,,,Defense and Space Manufacturing,https://de.linkedin.com/company/hensoldt,,,,,,,,,,,
linkedin,Projektmanager/-in (m/w/d) - mit Autohauserfahrung,MSX International,"Munich, Bavaria, Germany",2026-08-24,https://www.linkedin.com/jobs/view/4458223856 , ,li-4458223856,fulltime,,,,,,True,mid-senior level,Project Management and Information Technology,,,Business Consulting and Services,https://www.linkedin.com/company/msx-international,,,,,,,,,,,
linkedin,Project Manager Promotion Operations (m/w/d),caspar consulting,"Hamburg, Hamburg, Germany",2026-08-24,https://www.linkedin.com/jobs/view/4456509035 , ,li-4456509035,fulltime,,,,,,False,associate,Marketing,,,Advertising Services,https://www.linkedin.com/company/caspar-consulting,,,,,,,,,,,
linkedin,Produktmanager (m/w/d) in der Produktentwicklung Privatkunden Komposit,Continentale Versicherung,"Dortmund, North Rhine-Westphalia, Germany",2026-08-24,https://www.linkedin.com/jobs/view/4372888933 , ,li-4372888933,fulltime,,,,,,False,mid-senior level,Product Management and Marketing,,,Insurance,https://de.linkedin.com/company/continentale-versicherung,,,,,,,,,,,
linkedin,Product Manager (m/f/d) Home Energy Solution (B2C),The Mobility House Energy,"Munich, Bavaria, Germany",2026-08-24,https://www.linkedin.com/jobs/view/4458190672 , ,li-4458190672,fulltime,,,,,,True,associate,"Product Management, Project Management, and Strategy/Planning",,,Services for Renewable Energy,https://de.linkedin.com/company/the-mobility-house-energy,,,,,,,,,,,
linkedin,(Senior) Product Manager - Web,Roamless,"Berlin, Berlin, Germany",2026-08-24,https://www.linkedin.com/jobs/view/4449649888 , ,li-4449649888,fulltime,,,,,,True,mid-senior level,Product Management and Marketing,,,"Technology, Information and Internet",https://www.linkedin.com/company/roamless,,,,,,,,,,,
linkedin,Senior Product Manager - AI Pathology (d/f/m),Aignostics,"Berlin, Germany",2026-08-24,https://www.linkedin.com/jobs/view/4418728953 , ,li-4418728953,fulltime,,,,,,True,mid-senior level,Product Management and Marketing,,,Software Development,https://de.linkedin.com/company/aignostics,,,,,,,,,,,
linkedin,Senior Product Manager - Biopharma (d/f/m),Aignostics,"Berlin, Germany",2026-08-24,https://www.linkedin.com/jobs/view/4433843036 , ,li-4433843036,fulltime,,,,,,True,mid-senior level,Product Management and Marketing,,,Software Development and Hospitals and Health Care,https://de.linkedin.com/company/aignostics,,,,,,,,,,,
linkedin,"Senior Product Manager, Exchange",Cint,"Berlin, Berlin, Germany",2026-08-24,https://www.linkedin.com/jobs/view/4431679465 , ,li-4431679465,fulltime,,,,,,True,mid-senior level,Product Management,,,Software Development,https://se.linkedin.com/company/cint,,,,,,,,,,,
linkedin,Projektmanager (m/w/d) Wohnungsbau,weisenburger group,"Karlsruhe, Baden-Württemberg, Germany",2026-08-24,https://www.linkedin.com/jobs/view/4456839631 , ,li-4456839631,fulltime,,,,,,False,mid-senior level,Project Management and Information Technology,,,Construction,https://de.linkedin.com/company/weisenburger-gruppe,,,,,,,,,,,
linkedin,Projektmanager (m/w/d),UKA – Der Energieparkentwickler,"Lübeck, Schleswig-Holstein, Germany",2026-08-24,https://www.linkedin.com/jobs/view/4458172369 , ,li-4458172369,fulltime,,,,,,False,associate,Project Management and Information Technology,,,Services for Renewable Energy,https://de.linkedin.com/company/uka-umweltgerechte-kraftanlagen-gmbh-co-kg,,,,,,,,,,,
linkedin,Projektleitung (w/m/d) Elektrotechnik,Siemens,"Frankfurt am Main, Hesse, Germany",2026-08-24,https://www.linkedin.com/jobs/view/4422012877 , ,li-4422012877,fulltime,,,,,,False,mid-senior level,Project Management,,,Automation Machinery Manufacturing,https://de.linkedin.com/company/siemens,,,,,,,,,,,
linkedin,Projektleiter (m/w/d),Knorr-Bremse AG,"Berlin, Germany",2026-08-24,https://www.linkedin.com/jobs/view/4446212291 , ,li-4446212291,fulltime,,,,,,False,entry level,"Design, Art/Creative, and Information Technology",,,Motor Vehicle Manufacturing,https://de.linkedin.com/company/knorr-bremse,,,,,,,,,,,
linkedin,Projektmanager Railway Services (m/w/d),Etteplan,"Munich, Bavaria, Germany",2026-08-24,https://www.linkedin.com/jobs/view/4380911044 , ,li-4380911044,fulltime,,,,,,False,mid-senior level,Project Management,,,"Technology, Information and Media, Manufacturing, and Utilities",https://fi.linkedin.com/company/etteplan-group,,,,,,,,,,,
linkedin,Projektmanager Digitalisierung & KI (m/w/d),TSI Consumer Goods GmbH,"Berlin, Germany",2026-08-24,https://www.linkedin.com/jobs/view/4417655033 , ,li-4417655033,fulltime,,,,,,False,associate,Project Management,,jobs@tsi.de,Consumer Goods,https://de.linkedin.com/company/tsi-gmbh-&-co-kg,,,,,,,,,,,
linkedin,Projektleitung HKLS (m/w/x),Sweco,"Hamburg, Hamburg, Germany",2026-08-24,https://www.linkedin.com/jobs/view/4379409226 , ,li-4379409226,fulltime,,,,,,False,director,Project Management and Information Technology,,,Professional Services,https://se.linkedin.com/company/sweco,,,,,,,,,,,
linkedin,Technischer Projektleiter - Missionssysteme für Gefechtsfahrzeuge (m/w/d),Rheinmetall,"Bremen, Bremen, Germany",2026-08-24,https://www.linkedin.com/jobs/view/4445866621 , ,li-4445866621,fulltime,,,,,,False,mid-senior level,Project Management and Information Technology,,,Defense and Space Manufacturing,https://de.linkedin.com/company/rheinmetall,,,,,,,,,,,
linkedin,Produktmanager:in Haushalt,Nespoli Deutschland GmbH,"Mülheim an der Ruhr, North Rhine-Westphalia, Germany",2026-08-24,https://www.linkedin.com/jobs/view/4455885565 , ,li-4455885565,fulltime,,,,,,False,associate,Product Management,,,Consumer Goods,https://de.linkedin.com/company/nespoli-group-deutschland,,,,,,,,,,,
linkedin,Project Manager Industrialization (w/m/d),HENSOLDT,"Ulm, Baden-Württemberg, Germany",2026-08-24,https://www.linkedin.com/jobs/view/4456372036 , ,li-4456372036,fulltime,,,,,,False,mid-senior level,Project Management and Information Technology,,jobs@hensoldt.net,Defense and Space Manufacturing,https://de.linkedin.com/company/hensoldt,,,,,,,,,,,
linkedin,Projektmanager (m/w/d) im Bereich Sondermaschinenbau am Standort Hamburg,REEL GmbH,"Hamburg, Hamburg, Germany",2026-08-24,https://www.linkedin.com/jobs/view/4455853553 , ,li-4455853553,fulltime,,,,,,False,associate,Other,,,Machinery Manufacturing,https://www.linkedin.com/company/nkm-noell-special-cranes,,,,,,,,,,,
linkedin,Project Manager (m/w/d),XTENDED ENGINEERING GMBH,"Munich, Bavaria, Germany",2026-08-24,https://www.linkedin.com/jobs/view/4458186826 , ,li-4458186826,fulltime,,,,,,True,mid-senior level,Project Management and Information Technology,,,Engineering Services,https://de.linkedin.com/company/xtendedengineering,,,,,,,,,,,
linkedin,Project Manager,MAM Gruppe,"Baden-Württemberg, Germany",2026-08-24,https://www.linkedin.com/jobs/view/4452377955 , ,li-4452377955,fulltime,,,,,,False,mid-senior level,Project Management,,,Staffing and Recruiting,https://uk.linkedin.com/company/mam-gruppe,,,,,,,,,,,
linkedin,Project Manager,AKQA,"Berlin, Berlin, Germany",2026-08-24,https://www.linkedin.com/jobs/view/4448102667 , ,li-4448102667,fulltime,,,,,,False,mid-senior level,"Project Management, Advertising, and Design",,,Design Services,https://uk.linkedin.com/company/akqa,,,,,,,,,,,
linkedin,Projektleiter/in  (m(w/d) im Bereich Umwelt & Erschließung,DIBAG Industriebau AG,"Munich, Bavaria, Germany",2026-08-24,https://www.linkedin.com/jobs/view/4458222625 , ,li-4458222625,fulltime,,,,,,False,associate,Project Management and Engineering,,,"Construction, Real Estate, and Real Estate and Equipment Rental Services",https://de.linkedin.com/company/dibag-industriebau-ag,,,,,,,,,,,
linkedin,Spezialist für Projektplanung und -steuerung (w/m/d),Hitachi Energy,"Mannheim, Baden-Württemberg, Germany",2026-08-24,https://www.linkedin.com/jobs/view/4458197069 , ,li-4458197069,fulltime,,,,,,False,mid-senior level,Accounting/Auditing and Finance,,,"Appliances, Electrical, and Electronics Manufacturing and IT Services and IT Consulting",https://ch.linkedin.com/company/hitachienergy,,,,,,,,,,,
linkedin,Technical Programme Manager - Air,Helsing,"Munich, Bavaria, Germany",2026-08-24,https://www.linkedin.com/jobs/view/4440491483 , ,li-4440491483,fulltime,,,,,,True,mid-senior level,Project Management and Information Technology,,,Software Development,https://de.linkedin.com/company/helsing,,,,,,,,,,,
linkedin,Teamleiter*in Planung Infrastrukturprojekte (d/m/w),NAH.SH GmbH,"Kiel, Schleswig-Holstein, Germany",2026-08-24,https://www.linkedin.com/jobs/view/4458192161 , ,li-4458192161,fulltime,,,,,,False,mid-senior level,Management and Manufacturing,,,"Engineering Services, Rail Transportation, and Architecture and Planning",https://www.linkedin.com/company/nah.sh,,,,,,,,,,,
linkedin,"Projektleitung (m/w/d)
Landesbaumaßnahmen an der CAU zu Kiel
Kiel
Vollzeit; teilzeitfähig",Gebäudemanagement Schleswig-Holstein AöR (GMSH),"Kiel, Schleswig-Holstein, Germany",2026-08-24,https://www.linkedin.com/jobs/view/4458177426 , ,li-4458177426,fulltime,,,,,,False,mid-senior level,Other,,,Executive Offices,https://de.linkedin.com/company/gmsh,,,,,,,,,,,
linkedin,Project & Operations Manager (all genders) - Hardware Installation Planning,Wemolo,"Munich, Bavaria, Germany",2026-08-24,https://www.linkedin.com/jobs/view/4458168500 , ,li-4458168500,fulltime,,,,,,False,associate,Project Management,,elisa.fuerter@wemolo.com,IT System Operations and Maintenance and Accessible Hardware Manufacturing,https://de.linkedin.com/company/wemolo,,,,,,,,,,,
linkedin,Projektleiter Innenausbau (m/w/d),HEIKAUS Group,"Cologne, North Rhine-Westphalia, Germany",2026-08-24,https://www.linkedin.com/jobs/view/4458198627 , ,li-4458198627,fulltime,,,,,,False,associate,Project Management,,bewerbung@heikaus.de,Construction,https://de.linkedin.com/company/heikaus-group,,,,,,,,,,,
linkedin,"Projektleiter | Project Manager, PV & BESS (m/w/d)",ISG International Service Group,"Munich, Bavaria, Germany",2026-08-24,https://www.linkedin.com/jobs/view/4458505286 , ,li-4458505286,fulltime,,,,,,False,mid-senior level,Project Management,,bewerbung@isg.com,Oil and Gas,https://at.linkedin.com/company/isg-international-service-group,,,,,,,,,,,
linkedin,(Senior/Lead) Consultant (m/w/d),Sollers Consulting,,2026-08-24,https://www.linkedin.com/jobs/view/4446314384 , ,li-4446314384,fulltime,,,,,,False,mid-senior level,"Analyst, General Business, and Consulting",,,"Insurance, IT Services and IT Consulting, and Business Consulting and Services",https://pl.linkedin.com/company/sollers-consulting,,,,,,,,,,,
linkedin,"Senior Manager Guidelines, Processes and Tools (m/w/d)",TKMS,"Hamburg, Hamburg, Germany",2026-08-24,https://www.linkedin.com/jobs/view/4456513617 , ,li-4456513617,fulltime,,,,,,False,mid-senior level,Management and Manufacturing,,,Defense and Space Manufacturing,https://de.linkedin.com/company/tkms,,,,,,,,,,,
linkedin,Transformationsmanager (Junior) (m/w/d),Officium GmbH,"Düsseldorf, North Rhine-Westphalia, Germany",2026-08-24,https://www.linkedin.com/jobs/view/4458173504 , ,li-4458173504,fulltime,,,,,,True,associate,Information Technology,,personal@Officium.gmbh,IT Services and IT Consulting,https://de.linkedin.com/company/officiumgmbh,,,,,,,,,,,
linkedin,Expert/in Key Account & Produktmanagement Wärme,EEW Energy from Waste GmbH,"Helmstedt, Lower Saxony, Germany",2026-08-24,https://www.linkedin.com/jobs/view/4456890673 , ,li-4456890673,fulltime,,,,,,False,mid-senior level,Other,,,Environmental Services,https://de.linkedin.com/company/eew-group,,,,,,,,,,,
linkedin,Obsolescence Manager,Helsing,"Berlin, Berlin, Germany",2026-08-24,https://www.linkedin.com/jobs/view/4449206626 , ,li-4449206626,fulltime,,,,,,True,mid-senior level,Other,,,Software Development,https://de.linkedin.com/company/helsing,,,,,,,,,,,
linkedin,Produktmanager Eearthmover,Michelin,"Mannheim, Baden-Württemberg, Germany",2026-08-24,https://www.linkedin.com/jobs/view/4457110577 , ,li-4457110577,fulltime,,,,,,False,not applicable,Product Management and Marketing,,,"Motor Vehicle Manufacturing, Research Services, and Truck Transportation",https://fr.linkedin.com/company/michelin,,,,,,,,,,,
linkedin,Produktmanager (m/w/d) Leuchten für den B2C-Vertrieb,LEDVANCE,"Garching, Bavaria, Germany",2026-08-24,https://www.linkedin.com/jobs/view/4455883472 , ,li-4455883472,fulltime,,,,,,False,mid-senior level,Product Management and Marketing,,,"Appliances, Electrical, and Electronics Manufacturing",https://de.linkedin.com/company/ledvance,,,,,,,,,,,
linkedin,Project Director / Senior Projektleiter (w/m/d) EPCM Industry – Semiconductor Manufacturing und Data Center Hyperscaler,DS-Bauconcept GmbH,"Frankfurt, Hesse, Germany",2026-08-24,https://www.linkedin.com/jobs/view/4455899809 , ,li-4455899809,fulltime,,,,,,False,mid-senior level,Information Technology,,,Real Estate,https://de.linkedin.com/company/ds-bauconcept-gmbh,,,,,,,,,,,
linkedin,Project Manager for PLM and IoT System Solutions,CONTACT Software,"Berlin, Berlin, Germany",2026-08-23,https://www.linkedin.com/jobs/view/4360575820 , ,li-4360575820,fulltime,,,,,,False,mid-senior level,Project Management and Information Technology,,,Software Development,https://de.linkedin.com/company/contact-software,,,,,,,,,,,
linkedin,Senior Project Manager (m/f/d),Exyte,"Bad Homburg, Hesse, Germany",2026-08-23,https://www.linkedin.com/jobs/view/4412131761 , ,li-4412131761,fulltime,,,,,,False,mid-senior level,Project Management and Information Technology,,lisamarie.kussmaul@exyte.net,Civil Engineering,https://de.linkedin.com/company/exyte-group,,,,,,,,,,,
linkedin,Projektmanager - Startplattformen für Lenkflugkörper (m/w/d),Rheinmetall,"Bremen, Bremen, Germany",2026-08-23,https://www.linkedin.com/jobs/view/4445835685 , ,li-4445835685,fulltime,,,,,,False,mid-senior level,Project Management and Information Technology,,,Defense and Space Manufacturing,https://de.linkedin.com/company/rheinmetall,,,,,,,,,,,
linkedin,Projektleiter Tiefbau/Bahntechnik (m/w/d),LEONHARD WEISS GmbH & Co. KG,"Nuremberg, Bavaria, Germany",2026-08-23,https://www.linkedin.com/jobs/view/4305434518 , ,li-4305434518,fulltime,,,,,,False,associate,"Engineering, Project Management, and Other",,,Construction,https://de.linkedin.com/company/leonhard-weiss-gmbh-&-co-kg,,,,,,,,,,,
linkedin,Program & Project Manager,TXT GROUP,"Hamburg, Hamburg, Germany",2026-08-23,https://www.linkedin.com/jobs/view/4438341113 , ,li-4438341113,fulltime,,,,,,False,mid-senior level,Project Management and Information Technology,,,IT Services and IT Consulting,https://it.linkedin.com/company/txtgroup,,,,,,,,,,,
linkedin,Technische Projektleitung – Fire Control Solutions & Strike Assets (m/w/d),Rheinmetall,"Bremen, Bremen, Germany",2026-08-23,https://www.linkedin.com/jobs/view/4445832779 , ,li-4445832779,fulltime,,,,,,False,mid-senior level,Information Technology,,,Defense and Space Manufacturing,https://de.linkedin.com/company/rheinmetall,,,,,,,,,,,
linkedin,Projektleiter Elektrotechnik (m/w/d),Albwerk,"Geislingen, Baden-Württemberg, Germany",2026-08-23,https://www.linkedin.com/jobs/view/4458112032 , ,li-4458112032,fulltime,,,,,,False,mid-senior level,Engineering,,,Utilities,https://de.linkedin.com/company/albwerk,,,,,,,,,,,
linkedin,Project Manager,Haystack,"Bochum, North Rhine-Westphalia, Germany",2026-08-23,https://www.linkedin.com/jobs/view/4458116122 , ,li-4458116122,fulltime,,,,,,True,mid-senior level,Project Management and Information Technology,,,"Technology, Information and Internet",https://uk.linkedin.com/company/wearehaystack,,,,,,,,,,,
linkedin,Staff Product Manager,Databricks,"Berlin, Berlin, Germany",2026-08-23,https://www.linkedin.com/jobs/view/4297745071 , ,li-4297745071,fulltime,,,,,,False,mid-senior level,Product Management,,,Software Development,https://www.linkedin.com/company/databricks,,,,,,,,,,,
linkedin,Senior SAP Projektleiter (m/w/d),T.CON GmbH & Co. KG,"Stadt Passau, Bavaria, Germany",2026-08-23,https://www.linkedin.com/jobs/view/4446977881 , ,li-4446977881,fulltime,,,,,,False,mid-senior level,Project Management and Information Technology,,,IT Services and IT Consulting,https://de.linkedin.com/company/tcon-gmbh-co-kg,,,,,,,,,,,
linkedin,Product Owner (all genders) SAP GRC,valantic,"Cologne, North Rhine-Westphalia, Germany",2026-08-22,https://www.linkedin.com/jobs/view/4427388180 , ,li-4427388180,fulltime,,,,,,False,mid-senior level,Product Management and Marketing,,,Business Consulting and Services,https://de.linkedin.com/company/valantic,,,,,,,,,,,
linkedin,Product Owner / Manager – DEXIOS SaaS-Plattform (m/w/d),PCS Systemtechnik GmbH,"Munich, Bavaria, Germany",2026-08-22,https://www.linkedin.com/jobs/view/4450094393 , ,li-4450094393,fulltime,,,,,,False,mid-senior level,Product Management,,,Security Systems Services,https://de.linkedin.com/company/pcs-systemtechnik-gmbh,,,,,,,,,,,
linkedin,Product Owner AVEVA Platform (m/w/d),Aurubis,"Hamburg, Hamburg, Germany",2026-08-22,https://www.linkedin.com/jobs/view/4447528475 , ,li-4447528475,fulltime,,,,,,False,mid-senior level,Product Management and Marketing,,,Primary Metal Manufacturing,https://de.linkedin.com/company/aurubis,,,,,,,,,,,
linkedin,Global Product Manager Digital Products – Connectivity & Ecosystem Interoperability (m/f/d),Fresenius Medical Care,"Berlin, Berlin, Germany",2026-08-22,https://www.linkedin.com/jobs/view/4419480774 , ,li-4419480774,fulltime,,,,,,False,mid-senior level,Product Management and Marketing,,,Hospitals and Health Care,https://de.linkedin.com/company/freseniusmedicalcare,,,,,,,,,,,
linkedin,"Product Lead, Platform & Enterprise -Sureel AI",Warner Music Group,"Munich, Bavaria, Germany",2026-08-22,https://www.linkedin.com/jobs/view/4457545619 , ,li-4457545619,fulltime,,,,,,False,mid-senior level,Product Management and Marketing,,,Entertainment Providers,https://www.linkedin.com/company/warner-music-group,,,,,,,,,,,
linkedin,Strategic Project Manager (m/w/d),Akiem,"Krefeld, North Rhine-Westphalia, Germany",2026-08-22,https://www.linkedin.com/jobs/view/4435904457 , ,li-4435904457,fulltime,,,,,,False,director,Project Management and Information Technology,,,Railroad Equipment Manufacturing,https://fr.linkedin.com/company/akiem,,,,,,,,,,,
linkedin,Technical Project Manager (JetBrains Cloud Platform),JetBrains,"Munich, Bavaria, Germany",2026-08-22,https://www.linkedin.com/jobs/view/4427367038 , ,li-4427367038,fulltime,,,,,,True,mid-senior level,Project Management and Information Technology,,,Software Development,https://nl.linkedin.com/company/jetbrains,,,,,,,,,,,
linkedin,"Project Manager E-Commerce Agentur (m/w/d), Vollzeit",AthariCommerce,"Cologne, North Rhine-Westphalia, Germany",2026-08-22,https://www.linkedin.com/jobs/view/4455033832 , ,li-4455033832,fulltime,,,,,,False,mid-senior level,Project Management,,,IT Services and IT Consulting,https://de.linkedin.com/company/atharicommerce,,,,,,,,,,,
linkedin,Team- und Projektleiter:in für die Ausbaustrecke Leipzig-Cottbus und den Knoten Falkenberg,Deutsche Bahn,"Dresden, Saxony, Germany",2026-08-22,https://www.linkedin.com/jobs/view/4457555741 , ,li-4457555741,fulltime,,,,,,False,mid-senior level,"Design, Art/Creative, and Information Technology",,,Truck Transportation,https://de.linkedin.com/company/deutschebahn,,,,,,,,,,,
linkedin,Senior Project Manager (m/w/d) Customer Projects,Körber Supply Chain,"Constance, Baden-Württemberg, Germany",2026-08-22,https://www.linkedin.com/jobs/view/4409902575 , ,li-4409902575,fulltime,,,,,,False,mid-senior level,Project Management and Information Technology,,jobs@koerber.com,Machinery Manufacturing and Industrial Machinery Manufacturing,https://de.linkedin.com/company/koerber-supply-chain,,,,,,,,,,,
linkedin,Projektleiter/-in Versorgungstechnik (m/w/d),ITA engineering GmbH,"Munich, Bavaria, Germany",2026-08-22,https://www.linkedin.com/jobs/view/4410756495 , ,li-4410756495,fulltime,,,,,,False,mid-senior level,"Design, Art/Creative, and Information Technology",,,"Architecture and Planning, Civil Engineering, and Industrial Machinery Manufacturing",https://de.linkedin.com/company/ita-engineering-gmbh,,,,,,,,,,,
linkedin,IT Project Lead – Workplace & Infrastructure Transformation (all gender),ALTEN,"Munich, Bavaria, Germany",2026-08-22,https://www.linkedin.com/jobs/view/4455021215 , ,li-4455021215,fulltime,,,,,,False,entry level,Engineering,,,Machinery Manufacturing and Aviation and Aerospace Component Manufacturing,https://fr.linkedin.com/company/alten,,,,,,,,,,,
linkedin,Project Lead (m/f/d) - Data Centres,Turner & Townsend,,2026-08-22,https://www.linkedin.com/jobs/view/4437973375 , ,li-4437973375,fulltime,,,,,,False,director,Consulting,,,"Construction, Civil Engineering, and Business Consulting and Services",https://uk.linkedin.com/company/turner-&-townsend,,,,,,,,,,,
linkedin,CSA Project Manager,Mercury,"Frankfurt, Hesse, Germany",2026-08-22,https://www.linkedin.com/jobs/view/4317972080 , ,li-4317972080,fulltime,,,,,,False,mid-senior level,Other,,,Construction,https://ie.linkedin.com/company/mercury-engineering,,,,,,,,,,,
linkedin,Scheduling Specialist (m/f/d),Exyte,"Eschau, Bavaria, Germany",2026-08-22,https://www.linkedin.com/jobs/view/4370257230 , ,li-4370257230,fulltime,,,,,,False,mid-senior level,Project Management and Information Technology,,-k@exentec.net,Civil Engineering,https://de.linkedin.com/company/exyte-group,,,,,,,,,,,
linkedin,Project Manager for PLM and IoT System Solutions,CONTACT Software,"Kaiserslautern, Rhineland-Palatinate, Germany",2026-08-22,https://www.linkedin.com/jobs/view/4359846704 , ,li-4359846704,fulltime,,,,,,False,mid-senior level,Project Management and Information Technology,,,Software Development,https://de.linkedin.com/company/contact-software,,,,,,,,,,,
linkedin,Projektleiter Elektrotechnik (m/w/d),UNDKRAUSS,"Berlin, Berlin, Germany",2026-08-22,https://www.linkedin.com/jobs/view/4454689638 , ,li-4454689638,fulltime,,,,,,False,mid-senior level,Manufacturing,,karriere@undkrauss.com,Construction,https://de.linkedin.com/company/undkrauss,,,,,,,,,,,
linkedin,Projektleiter Fördertechnik (m/w/d),AFT Förderanlagen Bautzen GmbH & Co. KG,"Bautzen, Saxony, Germany",2026-08-22,https://www.linkedin.com/jobs/view/4455038468 , ,li-4455038468,fulltime,,,,,,False,associate,Engineering,,,Industrial Machinery Manufacturing,https://de.linkedin.com/company/aft-f-rderanlagen-bautzen-gmbh-co-kg,,,,,,,,,,,
linkedin,Projektleitung (w/m/d) Großprojekte Schlüsselfertigbau ÖPP/PPP,Drees & Sommer,"Berlin, Berlin, Germany",2026-08-22,https://www.linkedin.com/jobs/view/4438488697 , ,li-4438488697,fulltime,,,,,,False,associate,General Business,,,Real Estate,https://de.linkedin.com/company/drees-&-sommer,,,,,,,,,,,
linkedin,Implementation Specialist,Conductor,"Berlin, Berlin, Germany",2026-08-22,https://www.linkedin.com/jobs/view/4447712084 , ,li-4447712084,fulltime,,,,,,False,entry level,Information Technology,,,"Technology, Information and Internet",https://www.linkedin.com/company/conductor-inc-,,,,,,,,,,,
linkedin,(Junior) Projektmanager:in Telekommunikationstechnik,Deutsche Bahn,"Fulda, Hesse, Germany",2026-08-22,https://www.linkedin.com/jobs/view/4370938206 , ,li-4370938206,fulltime,,,,,,False,mid-senior level,Project Management and Information Technology,,,Truck Transportation,https://de.linkedin.com/company/deutschebahn,,,,,,,,,,,
linkedin,Projektleiter (m/w/d) Hochbau Hamburg,Firmengruppe Max Bögl,"Hamburg, Hamburg, Germany",2026-08-22,https://www.linkedin.com/jobs/view/4377135580 , ,li-4377135580,fulltime,,,,,,False,associate,Project Management and Engineering,,,Construction,https://de.linkedin.com/company/firmengruppe-max-b%C3%B6gl,,,,,,,,,,,
linkedin,Comparator Project Manager (m/w/d),Catalent,"Schorndorf, Baden-Württemberg, Germany",2026-08-22,https://www.linkedin.com/jobs/view/4447545731 , ,li-4447545731,fulltime,,,,,,False,mid-senior level,Project Management and Information Technology,,DisabilityAccommodations@catalent.com,Biotechnology Research and Pharmaceutical Manufacturing,https://www.linkedin.com/company/catalent,,,,,,,,,,,
linkedin,IT Project Manager / IT-Projektleiter (all gender),ALTEN,"Munich, Bavaria, Germany",2026-08-22,https://www.linkedin.com/jobs/view/4455022121 , ,li-4455022121,fulltime,,,,,,False,entry level,Engineering,,,Machinery Manufacturing and Aviation and Aerospace Component Manufacturing,https://fr.linkedin.com/company/alten,,,,,,,,,,,
linkedin,Project Manager,Rockwell Automation,"Karlsruhe, Baden-Württemberg, Germany",2026-08-22,https://www.linkedin.com/jobs/view/4447552724 , ,li-4447552724,fulltime,,,,,,False,mid-senior level,Project Management and Information Technology,,,Automation Machinery Manufacturing,https://www.linkedin.com/company/rockwell-automation,,,,,,,,,,,
linkedin,Project Manager,SISK Group,"Raguhn-Jeßnitz, Saxony-Anhalt, Germany",2026-08-22,https://www.linkedin.com/jobs/view/4456622572 , ,li-4456622572,fulltime,,,,,,False,mid-senior level,Project Management and Information Technology,,,Construction,https://ie.linkedin.com/company/sisk-group,,,,,,,,,,,
linkedin,Project Manager – SAP SuccessFactors (w/m/x),IBM iX DACH,"Berlin, Germany",2026-08-22,https://www.linkedin.com/jobs/view/4335644069 , ,li-4335644069,fulltime,,,,,,True,mid-senior level,Project Management and Information Technology,,-ix@ibmix.de,Business Consulting and Services,https://de.linkedin.com/company/ibm-ix-dach,,,,,,,,,,,
linkedin,Product Owner Web & E-Commerce (m/w/d),Instaffo,"Bremen, Bremen, Germany",2026-08-22,https://www.linkedin.com/jobs/view/4447023289 , ,li-4447023289,fulltime,,,,,,False,entry level,Marketing and Advertising,,,Staffing and Recruiting,https://de.linkedin.com/company/instaffo-gmbh,,,,,,,,,,,
linkedin,Technischer Projektmanager (m/w/d) - Bereich Produktmanagement,Novopress GmbH Pressen und Presswerkzeuge & Co. KG,"Neuss, North Rhine-Westphalia, Germany",,https://www.linkedin.com/jobs/view/4458926913 , ,li-4458926913,fulltime,,,,,,False,mid-senior level,Project Management and Information Technology,,bewerbung@novopress.de,Machinery Manufacturing,https://www.linkedin.com/company/novopress-neuss,,,,,,,,,,,
linkedin,IT Project Manager (m/f/x),Scalable Capital,"Munich, Bavaria, Germany",,https://www.linkedin.com/jobs/view/4458933639 , ,li-4458933639,fulltime,,,,,,False,mid-senior level,Engineering,,,Banking,https://de.linkedin.com/company/scalable-capital,,,,,,,,,,,
linkedin,Projektmanager:in (m/w/d),fincite - Wealth Management Software,"Frankfurt, Hesse, Germany",,https://www.linkedin.com/jobs/view/4458081271 , ,li-4458081271,fulltime,,,,,,False,associate,Project Management,,,Computer and Network Security,https://de.linkedin.com/company/fincite,,,,,,,,,,,
linkedin,Strategy Project Manager – Inhouse Consulting,KellerGreen,"Mannheim, Baden-Württemberg, Germany",,https://www.linkedin.com/jobs/view/4458090836 , ,li-4458090836,fulltime,,,,,,False,mid-senior level,"Consulting, Management, and Business Development",,,"Chemical Manufacturing, Industrial Machinery Manufacturing, and Engineering Services",https://uk.linkedin.com/company/kellergreen,,,,,,,,,,,
linkedin,Technical CRM Project Manager (French Speaking),Huble,,,https://www.linkedin.com/jobs/view/4458977434 , ,li-4458977434,fulltime,,,,,,True,mid-senior level,Project Management,,,"Technology, Information and Internet",https://uk.linkedin.com/company/hubledigital,,,,,,,,,,,
linkedin,Hauptprojektleiter (m/w/d),ERGO,"Düsseldorf, North Rhine-Westphalia, Germany",,https://www.linkedin.com/jobs/view/4460503959 , ,li-4460503959,fulltime,,,,,,False,mid-senior level,Project Management and Information Technology,,,Insurance,https://de.linkedin.com/company/ergo-group-ag,,,,,,,,,,,
linkedin,Project Manager (f/m/d),Nexans,"Burgdorf, Lower Saxony, Germany",,https://www.linkedin.com/jobs/view/4460305581 , ,li-4460305581,fulltime,,,,,,False,mid-senior level,Project Management and Information Technology,,merve.keller@nexans.com,Manufacturing,https://fr.linkedin.com/company/nexans,,,,,,,,,,,
linkedin,PMO Manager (m/w/d),Hach,"Berlin, Berlin, Germany",,https://www.linkedin.com/jobs/view/4441213782 , ,li-4441213782,fulltime,,,,,,False,mid-senior level,Project Management and Information Technology,,,Environmental Services,https://www.linkedin.com/company/hach,,,,,,,,,,,
linkedin,Projektmanager*in Hannover — Jobs bei RPM,rpunktmedia,"Hannover, Lower Saxony, Germany",,https://www.linkedin.com/jobs/view/4458434354 , ,li-4458434354,fulltime,,,,,,False,entry level,Project Management and Information Technology,,,Design Services,https://de.linkedin.com/company/rpunktmedia,,,,,,,,,,,
linkedin,Project Operations Manager,Mercury,"Frankfurt, Hesse, Germany",,https://www.linkedin.com/jobs/view/4441112297 , ,li-4441112297,fulltime,,,,,,False,mid-senior level,Management and Manufacturing,,,Construction,https://ie.linkedin.com/company/mercury-engineering,,,,,,,,,,,
linkedin,Projektmanager (m/w/d) in Vollzeit,Immo-Marketer,"Bochum, North Rhine-Westphalia, Germany",,https://www.linkedin.com/jobs/view/4460397112 , ,li-4460397112,fulltime,,,,,,True,entry level,Marketing,,,Advertising Services,https://de.linkedin.com/company/immo-marketer,,,,,,,,,,,
linkedin,Projektmanager Data Analytics (all gender),ALTEN,"Munich, Bavaria, Germany",,https://www.linkedin.com/jobs/view/4408844931 , ,li-4408844931,fulltime,,,,,,False,associate,Information Technology and Project Management,,,Motor Vehicle Manufacturing and IT Services and IT Consulting,https://fr.linkedin.com/company/alten,,,,,,,,,,,
linkedin,Technischer Projektleiter:in – Berlin,Stadler,"Berlin, Germany",,https://www.linkedin.com/jobs/view/4458969689 , ,li-4458969689,fulltime,,,,,,False,mid-senior level,Information Technology,,,Railroad Equipment Manufacturing,https://ch.linkedin.com/company/stadler-rail,,,,,,,,,,,
linkedin,PROJEKTSTEUERER* BAU IM SUPPLY CHAIN MANAGEMENT,NEW YORKER,"Brunswick, Lower Saxony, Germany",,https://www.linkedin.com/jobs/view/4360722947 , ,li-4360722947,fulltime,,,,,,False,mid-senior level,Project Management and Information Technology,,,Retail Apparel and Fashion,https://de.linkedin.com/company/new-yorker,,,,,,,,,,,
linkedin,PROJEKTMANAGER*IN IT/ DIGITALISIERUNG (M/W/D),Hilfswerk-Siedlung GmbH,"Berlin, Berlin, Germany",,https://www.linkedin.com/jobs/view/4458059404 , ,li-4458059404,fulltime,,,,,,False,entry level,Project Management and Information Technology,,,Real Estate,https://www.linkedin.com/company/hilfswerk-siedlung-gmbh,,,,,,,,,,,
linkedin,Technischer Projekt- und Supply Manager (all gender),ALTEN,"Kassel, Hesse, Germany",,https://www.linkedin.com/jobs/view/4437679471 , ,li-4437679471,fulltime,,,,,,False,associate,Engineering and Project Management,,,"Engineering Services and Transportation, Logistics, Supply Chain and Storage",https://fr.linkedin.com/company/alten,,,,,,,,,,,
linkedin,Projektleiter (m/w/d) Robotik,profichip embedded solutions by Yaskawa,"Allershausen, Bavaria, Germany",,https://www.linkedin.com/jobs/view/4460523760 , ,li-4460523760,fulltime,,,,,,False,mid-senior level,"Design, Art/Creative, and Information Technology",,,Industrial Automation,https://de.linkedin.com/company/profichip,,,,,,,,,,,
linkedin,IT Projektleiter (m/w/d),Dirk Rossmann GmbH,"Burgwedel, Lower Saxony, Germany",,https://www.linkedin.com/jobs/view/4460316396 , ,li-4460316396,fulltime,,,,,,False,mid-senior level,Information Technology,,,Retail,https://de.linkedin.com/company/dirk-rossmann-gmbh,,,,,,,,,,,
linkedin,Senior Projektleiter Bauprojekte & Standortentwicklung (m/w/d),DIS AG,"Hamburg, Hamburg, Germany",,https://www.linkedin.com/jobs/view/4448727924 , ,li-4448727924,fulltime,,,,,,False,mid-senior level,Information Technology,,,Construction,https://de.linkedin.com/company/dis-ag,,,,,,,,,,,
linkedin,IT Project Lead (m/w/d),bonprix,"Hamburg, Hamburg, Germany",,https://www.linkedin.com/jobs/view/4458227635 , ,li-4458227635,fulltime,,,,,,False,mid-senior level,Information Technology,,,Retail Apparel and Fashion,https://de.linkedin.com/company/bonprix,,,,,,,,,,,
linkedin,Projektleiter (m/w/d) Rohrleitungsbau,GA-tec Gebäude- und Anlagentechnik GmbH,"Stuttgart, Baden-Württemberg, Germany",,https://www.linkedin.com/jobs/view/4458079179 , ,li-4458079179,fulltime,,,,,,False,mid-senior level,"Design, Art/Creative, and Information Technology",,,Building Equipment Contractors,https://de.linkedin.com/company/ga-tec,,,,,,,,,,,
linkedin,Projektleitung (all genders),adesso SE,"Kiel, Schleswig-Holstein, Germany",,https://www.linkedin.com/jobs/view/3925561134 , ,li-3925561134,fulltime,,,,,,False,director,Project Management and Information Technology,,,IT Services and IT Consulting,https://de.linkedin.com/company/adesso-se,,,,,,,,,,,
linkedin,Projektleiter FTTH (m/w/d),cablex AG,"Stuttgart, Baden-Württemberg, Germany",,https://www.linkedin.com/jobs/view/4458958216 , ,li-4458958216,fulltime,,,,,,False,associate,Other,,,Telecommunications,https://ch.linkedin.com/company/cablexag,,,,,,,,,,,
linkedin,Projektleiter (m/w/d) Systembau Nord,Firmengruppe Max Bögl,"Liebenau, Lower Saxony, Germany",,https://www.linkedin.com/jobs/view/4444956106 , ,li-4444956106,fulltime,,,,,,False,associate,Project Management and Engineering,,,Construction,https://de.linkedin.com/company/firmengruppe-max-b%C3%B6gl,,,,,,,,,,,
linkedin,Projektleitung (all genders),adesso SE,"Hamburg, Hamburg, Germany",,https://www.linkedin.com/jobs/view/3733039781 , ,li-3733039781,fulltime,,,,,,False,director,Project Management and Information Technology,,,IT Services and IT Consulting,https://de.linkedin.com/company/adesso-se,,,,,,,,,,,
linkedin,Projektleiter (Senior) (m/w/d) Breitband / FTTx (m/d/w),prettyTELCO,"Ulm, Baden-Württemberg, Germany",,https://www.linkedin.com/jobs/view/4458061543 , ,li-4458061543,fulltime,,,,,,False,mid-senior level,Manufacturing,,,Staffing and Recruiting,https://de.linkedin.com/company/prettytelco,,,,,,,,,,,
linkedin,Project Manager - Main Component Exchanges (f/m/d),Semco Maritime,"Hamburg, Hamburg, Germany",,https://www.linkedin.com/jobs/view/4460505286 , ,li-4460505286,fulltime,,,,,,False,mid-senior level,Project Management and Information Technology,,,Renewable Energy Semiconductor Manufacturing,https://dk.linkedin.com/company/semco-maritime,,,,,,,,,,,
linkedin,Projekt Manager (w/m/d),STAR Specialists,,,https://www.linkedin.com/jobs/view/4440982660 , ,li-4440982660,other,,,,,,False,mid-senior level,Project Management,,,Staffing and Recruiting,https://nl.linkedin.com/company/starspecialists,,,,,,,,,,,
linkedin,Project Manager Global Operations (m/w/d),H&T Battery Components,"Marsberg, North Rhine-Westphalia, Germany",,https://www.linkedin.com/jobs/view/4460344074 , ,li-4460344074,fulltime,,,,,,False,mid-senior level,Project Management,,,Fabricated Metal Products,https://de.linkedin.com/company/ht-battery-components,,,,,,,,,,,
linkedin,Projektleitung (all genders),adesso SE,"Ulm, Baden-Württemberg, Germany",,https://www.linkedin.com/jobs/view/3925554655 , ,li-3925554655,fulltime,,,,,,False,director,Project Management and Information Technology,,,IT Services and IT Consulting,https://de.linkedin.com/company/adesso-se,,,,,,,,,,,
linkedin,Project Controls Manager,Accenture DACH,"Frankfurt, Hesse, Germany",,https://www.linkedin.com/jobs/view/4440281705 , ,li-4440281705,fulltime,,,,,,False,mid-senior level,Management and Manufacturing,,,IT Services and IT Consulting,https://de.linkedin.com/company/accenture-dach,,,,,,,,,,,
linkedin,Project Manager - Freelance or Permanent,g2 Recruitment,,,https://www.linkedin.com/jobs/view/4459832635 , ,li-4459832635,contract,,,,,,False,mid-senior level,Management,,,Construction and Engineering Services,https://de.linkedin.com/company/g2-recruitment-solutions,,,,,,,,,,,
linkedin,Sourcing Project Manager (m/w/x),ZEISS Group,"Oberkochen, Baden-Württemberg, Germany",,https://www.linkedin.com/jobs/view/4460309040 , ,li-4460309040,fulltime,,,,,,False,mid-senior level,"Project Management, Information Technology, and Other",,,"Manufacturing and Appliances, Electrical, and Electronics Manufacturing",https://de.linkedin.com/company/zeiss,,,,,,,,,,,
linkedin,Project Manager,g2 Recruitment,"Bavaria, Germany",,https://www.linkedin.com/jobs/view/4460351934 , ,li-4460351934,contract,,,,,,False,mid-senior level,Project Management,,jonathan.bentley@g2recruitment.com,Construction,https://de.linkedin.com/company/g2-recruitment-solutions,,,,,,,,,,,
linkedin,Projektleiter Innovation (m/w/d) Kernkraftwerke,Aurivus,"Ulm, Baden-Württemberg, Germany",,https://www.linkedin.com/jobs/view/4460317377 , ,li-4460317377,fulltime,,,,,,False,mid-senior level,Project Management and Information Technology,,,Software Development,https://de.linkedin.com/company/aurivus,,,,,,,,,,,
linkedin,SAP S/4HANA Rollout Cutover Lead (f/m/d),Siemens Energy,"Erlangen, Bavaria, Germany",,https://www.linkedin.com/jobs/view/4449764496 , ,li-4449764496,fulltime,,,,,,True,mid-senior level,Information Technology,,,"Appliances, Electrical, and Electronics Manufacturing",https://www.linkedin.com/company/siemens-energy,,,,,,,,,,,
linkedin,Bau- und Projektleiter:in TGA Mechanik (m/w/d),ZÜBLIN,"Frankfurt, Hesse, Germany",,https://www.linkedin.com/jobs/view/4458061317 , ,li-4458061317,fulltime,,,,,,False,mid-senior level,Project Management and Information Technology,,,Construction,https://de.linkedin.com/company/zueblin,,,,,,,,,,,
linkedin,Teamleitung Projektmanagement Hochbau (all genders),apoprojekt,"Berlin, Germany",,https://www.linkedin.com/jobs/view/4414104147 , ,li-4414104147,fulltime,,,,,,False,mid-senior level,Project Management and Information Technology,,wiebke.leferink@apoprojekt.de,Construction,https://de.linkedin.com/company/apoprojekt,,,,,,,,,,,
linkedin,"Senior Product Manager, Marketplace Balancing",Bolt,"Berlin, Berlin, Germany",,https://www.linkedin.com/jobs/view/4458961972 , ,li-4458961972,fulltime,,,,,,False,mid-senior level,Product Management and Marketing,,,Software Development,https://ee.linkedin.com/company/bolt-eu,,,,,,,,,,,
linkedin,Senior Product Manager (m/w/d),Peter Park,"Munich, Bavaria, Germany",,https://www.linkedin.com/jobs/view/4433852322 , ,li-4433852322,fulltime,,,,,,True,associate,Product Management and Project Management,,,Information Technology & Services,https://de.linkedin.com/company/peterpark,,,,,,,,,,,
linkedin,Senior Product Manager (m/f/d),ecoplanet,"Munich, Bavaria, Germany",,https://www.linkedin.com/jobs/view/4458405573 , ,li-4458405573,fulltime,,,,,,True,associate,Information Technology,,,Software Development,https://de.linkedin.com/company/ecoplanet-green-operations,,,,,,,,,,,
linkedin,Product Manager for Kyano AI solutions (f/m/d),SNP Group,"Heidelberg, Baden-Württemberg, Germany",,https://www.linkedin.com/jobs/view/4429857875 , ,li-4429857875,fulltime,,,,,,True,mid-senior level,Product Management and Marketing,,karriere@snpgroup.com,IT Services and IT Consulting,https://de.linkedin.com/company/snp-group,,,,,,,,,,,
linkedin,Product Manager System IT (m/w/x),K-tronik GmbH,"Kiel, Schleswig-Holstein, Germany",,https://www.linkedin.com/jobs/view/4458074799 , ,li-4458074799,fulltime,,,,,,False,associate,Engineering,,,IT Services and IT Consulting,https://de.linkedin.com/company/k-tronik-gmbh,,,,,,,,,,,
linkedin,Product Owner (Crypto),Revolut,"Berlin, Germany",,https://www.linkedin.com/jobs/view/4432664967 , ,li-4432664967,fulltime,,,,,,True,mid-senior level,Product Management and Marketing,,,Financial Services,https://uk.linkedin.com/company/revolut,,,,,,,,,,,
linkedin,Product Manager – Platform Experience & Cloud Administration (m/f/d),Jedox,"Freiburg, Baden-Württemberg, Germany",,https://www.linkedin.com/jobs/view/4458953693 , ,li-4458953693,fulltime,,,,,,False,associate,Marketing and Product Management,,,Software Development,https://de.linkedin.com/company/jedox,,,,,,,,,,,
linkedin,E-Commerce Product Owner:in (all genders),tink,"Berlin, Germany",,https://www.linkedin.com/jobs/view/4458969932 , ,li-4458969932,fulltime,,,,,,True,mid-senior level,Product Management and Marketing,,,"Technology, Information and Internet",https://de.linkedin.com/company/tink-gmbh,,,,,,,,,,,
linkedin,Senior Product Manager Resale (m/w/d),CTS EVENTIM AG & Co. KGaA,"Hamburg, Hamburg, Germany",,https://www.linkedin.com/jobs/view/4441461983 , ,li-4441461983,fulltime,,,,,,False,mid-senior level,Product Management and Marketing,,,Events Services,https://de.linkedin.com/company/cts-eventim-ag,,,,,,,,,,,
linkedin,Product Manager,Packsize,,,https://www.linkedin.com/jobs/view/4458084442 , ,li-4458084442,fulltime,,,,,,False,mid-senior level,Product Management and Marketing,,,Packaging and Containers Manufacturing,https://www.linkedin.com/company/packsize,,,,,,,,,,,
linkedin,Principal Product Manager: Fulfillment Center,knuspr.de,"Berlin, Berlin, Germany",,https://www.linkedin.com/jobs/view/4441242269 , ,li-4441242269,fulltime,,,,,,False,mid-senior level,Product Management and Marketing,,,Food and Beverage Services,https://de.linkedin.com/company/knuspr,,,,,,,,,,,
linkedin,Product Manager – Growth & Innovation (all genders) - 100% Home Office,fino,,,https://www.linkedin.com/jobs/view/4458403446 , ,li-4458403446,fulltime,,,,,,True,associate,Information Technology,,,Software Development,https://de.linkedin.com/company/fino-ai,,,,,,,,,,,
linkedin,Product Owner (d/m/w) - Security Experience,Instaffo,"Freiburg, Baden-Württemberg, Germany",,https://www.linkedin.com/jobs/view/4431721607 , ,li-4431721607,fulltime,,,,,,False,mid-senior level,Product Management and Management,,,Staffing and Recruiting,https://de.linkedin.com/company/instaffo-gmbh,,,,,,,,,,,
linkedin,Senior Product Owner (m/w/d),QualityMinds GmbH,"Nuremberg, Bavaria, Germany",,https://www.linkedin.com/jobs/view/4458419924 , ,li-4458419924,fulltime,,,,,,False,associate,Information Technology,,,IT Services and IT Consulting,https://de.linkedin.com/company/qualityminds-gmbh,,,,,,,,,,,
linkedin,Product Manager (parental leave cover),Tandem - Language Exchange,"Berlin, Berlin, Germany",,https://www.linkedin.com/jobs/view/4458972799 , ,li-4458972799,temporary,,,,,,False,mid-senior level,"Product Management, Strategy/Planning, and Information Technology",,,E-Learning Providers and Software Development,https://de.linkedin.com/company/tandem---mobile-language-exchange,,,,,,,,,,,
linkedin,Produktmanager:in Seminare und Firmentraining (m/w/d) 100 %,Southern Upper Rhine Chamber of Commerce and Industry,"Freiburg, Baden-Württemberg, Germany",,https://www.linkedin.com/jobs/view/4460330713 , ,li-4460330713,fulltime,,,,,,False,entry level,Product Management and Marketing,,,Government Administration,https://de.linkedin.com/company/industrie-und-handelskammer-s-dlicher-oberrhein,,,,,,,,,,,
linkedin,Head of AI Product (m/f/x),osapiens,"Mannheim, Baden-Württemberg, Germany",,https://www.linkedin.com/jobs/view/4429627332 , ,li-4429627332,fulltime,,,,,,False,director,Engineering and Information Technology,,,Software Development,https://de.linkedin.com/company/osapiens,,,,,,,,,,,
linkedin,Product Owner SaaS (m/w/d),HOCHTIEF,"Essen, North Rhine-Westphalia, Germany",,https://www.linkedin.com/jobs/view/4460520911 , ,li-4460520911,fulltime,,,,,,False,entry level,Product Management and Marketing,,,Construction,https://de.linkedin.com/company/hochtief,,,,,,,,,,,
linkedin,(Senior) Product Manager - Vinyl Acetate Monomer (VAM) (m/f/d),HELM AG,"Hamburg, Hamburg, Germany",,https://www.linkedin.com/jobs/view/4392855779 , ,li-4392855779,fulltime,,,,,,False,mid-senior level,Product Management and Marketing,,,Chemical Manufacturing,https://de.linkedin.com/company/helmag,,,,,,,,,,,
linkedin,Product Lead,BJAK,,,https://www.linkedin.com/jobs/view/4458976468 , ,li-4458976468,fulltime,,,,,,True,mid-senior level,Product Management and Marketing,,,Software Development,https://my.linkedin.com/company/bjak,,,,,,,,,,,
linkedin,Business Analyst Payment,Finanz Informatik,"Frankfurt, Hesse, Germany",,https://www.linkedin.com/jobs/view/4449784125 , ,li-4449784125,fulltime,,,,,,False,associate,"Research, Analyst, and Information Technology",,,"IT Services and IT Consulting, Banking, and Financial Services",https://de.linkedin.com/company/finanz-informatik,,,,,,,,,,,
linkedin,Product Owner Agentic Development Platform,HDI Group,"Hamburg, Hamburg, Germany",,https://www.linkedin.com/jobs/view/4441228453 , ,li-4441228453,fulltime,,,,,,False,mid-senior level,Product Management and Marketing,,,Insurance,https://de.linkedin.com/company/hdigroup,,,,,,,,,,,
