site,title,company,location,date_posted,job_url,job_url_direct,id,job_type,salary_source,interval,min_amount,max_amount,currency,is_remote,job_level,job_function,listing_type,emails,company_industry,company_url,company_url_direct,company_addresses,company_num_employees,company_revenue,company_description,skills,experience_range,company_rating,company_reviews_count,vacancy_count,work_from_home_type
linkedin,Intermediate Technische:r Projektmanager:in (d/m/w),3pc GmbH Neue Kommunikation,"Berlin, Berlin, Germany",2026-10-09,https://www.linkedin.com/jobs/view/4475211394 , ,li-4475211394,fulltime,,,,,,False,associate,,,,Software Development,https://de.linkedin.com/company/3pc-gmbh-neue-kommunikation,,,,,,,,,,,
linkedin,PRODUKTMANAGER AIRHANDLING / RLT-GERÄTE (M/W/D),WOLF GmbH,"Mainburg, Bavaria, Germany",2026-10-09,https://www.linkedin.com/jobs/view/4477821009 , ,li-4477821009,fulltime,,,,,,False,not applicable,,,luise.flicker@wolf.eu,Manufacturing,https://de.linkedin.com/company/wolf-gmbh,,,,,,,,,,,
linkedin,Produktmanager ePA (m/w/d),BITMARCK,"Frankfurt, Hesse, Germany",2026-10-09,https://www.linkedin.com/jobs/view/4477673277 , ,li-4477673277,fulltime,,,,,,False,mid-senior level,,,,IT Services and IT Consulting,https://de.linkedin.com/company/bitmarck,,,,,,,,,,,
linkedin,Senior Product Manager (f/m/x),exmox,"Hamburg, Hamburg, Germany",2026-10-09,https://www.linkedin.com/jobs/view/4449776853 , ,li-4449776853,fulltime,,,,,,False,mid-senior level,,,,Advertising Services,https://de.linkedin.com/company/exmox,,,,,,,,,,,
linkedin,Senior Product Manager - Fraud (all genders),JustPlay,"Berlin, Germany",2026-10-09,https://www.linkedin.com/jobs/view/4477665437 , ,li-4477665437,fulltime,,,,,,False,mid-senior level,,,,Entertainment Providers,https://de.linkedin.com/company/justplay-gmbh,,,,,,,,,,,
linkedin,IT Produktmanager (m/w/d) Schwerpunkt Hardware und Service,Ratiodata,"Münster, North Rhine-Westphalia, Germany",2026-10-09,https://www.linkedin.com/jobs/view/4476827077 , ,li-4476827077,fulltime,,,,,,False,mid-senior level,,,,IT Services and IT Consulting,https://de.linkedin.com/company/ratiodata,,,,,,,,,,,
linkedin,Senior Product Manager (F/M/X),ablefy,"Berlin, Germany",2026-10-09,https://www.linkedin.com/jobs/view/4460474585 , ,li-4460474585,fulltime,,,,,,False,mid-senior level,,,,Software Development and IT Services and IT Consulting,https://de.linkedin.com/company/myablefy,,,,,,,,,,,
linkedin,IT Produktmanager (m/w/d) Schwerpunkt Hardware und Service,Ratiodata,"Coblenz, Rhineland-Palatinate, Germany",2026-10-09,https://www.linkedin.com/jobs/view/4476819479 , ,li-4476819479,fulltime,,,,,,False,mid-senior level,,,,IT Services and IT Consulting,https://de.linkedin.com/company/ratiodata,,,,,,,,,,,
linkedin,Product Manager Cloud Solutions (m/w/d),xSuite,"Ahrensburg, Schleswig-Holstein, Germany",2026-10-09,https://www.linkedin.com/jobs/view/4477669347 , ,li-4477669347,fulltime,,,,,,False,associate,,,,Software Development and IT Services and IT Consulting,https://de.linkedin.com/company/xsuite,,,,,,,,,,,
linkedin,Senior Produktmanager (w/m/d) Digital Assets,DekaBank,"Frankfurt am Main, Hesse, Germany",2026-10-09,https://www.linkedin.com/jobs/view/4477818285 , ,li-4477818285,fulltime,,,,,,False,mid-senior level,,,recruiting@deka.de,Banking,https://de.linkedin.com/company/dekabank,,,,,,,,,,,
linkedin,Produktmanager Strommarkt & Sektorenkopplung (m/w/d),Michael Page,"Reutlingen, Baden-Württemberg, Germany",2026-10-09,https://www.linkedin.com/jobs/view/4477805719 , ,li-4477805719,fulltime,,,,,,False,mid-senior level,,,,"Industrial Machinery Manufacturing and Appliances, Electrical, and Electronics Manufacturing",https://uk.linkedin.com/company/michael-page,,,,,,,,,,,
linkedin,Senior Product Manager - Data Lakehouse (f/m/d),Trusted Shops,"Cologne, North Rhine-Westphalia, Germany",2026-10-09,https://www.linkedin.com/jobs/view/4469111883 , ,li-4469111883,fulltime,,,,,,False,mid-senior level,,,,IT Services and IT Consulting,https://de.linkedin.com/company/trustedshops,,,,,,,,,,,
linkedin,Technical Product Manager - Platform & Integration,Retarus,"Munich, Bavaria, Germany",2026-10-09,https://www.linkedin.com/jobs/view/4477805870 , ,li-4477805870,fulltime,,,,,,False,director,,,Felix.Gansmeier@retarus.de,Software Development,https://de.linkedin.com/company/retarus,,,,,,,,,,,
linkedin,Senior Product Manager - Public APIs,Qonto,"Berlin, Germany",2026-10-09,https://www.linkedin.com/jobs/view/4477844475 , ,li-4477844475,fulltime,,,,,,False,mid-senior level,,,support@qonto.com,Financial Services,https://fr.linkedin.com/company/qonto,,,,,,,,,,,
linkedin,(Senior) Product Manager Payment (all genders),chargecloud,"Cologne, North Rhine-Westphalia, Germany",2026-10-09,https://www.linkedin.com/jobs/view/4475234880 , ,li-4475234880,fulltime,,,,,,False,mid-senior level,,,,IT Services and IT Consulting,https://de.linkedin.com/company/chargecloud-gmbh,,,,,,,,,,,
linkedin,(Senior) Digital Produktmanager (m/w/d) TaxTech,CHECK24,"Dortmund, North Rhine-Westphalia, Germany",2026-10-09,https://www.linkedin.com/jobs/view/4422342699 , ,li-4422342699,fulltime,,,,,,False,mid-senior level,,,,Software Development,https://de.linkedin.com/company/check24-vergleichsportal-gmbh,,,,,,,,,,,
linkedin,Projektmanager (m/w/d) Connected Products,Crown Gabelstapler GmbH & Co. KG - Deutschland,"Feldkirchen, Bavaria, Germany",2026-10-09,https://www.linkedin.com/jobs/view/4477139332 , ,li-4477139332,fulltime,,,,,,False,mid-senior level,,,,Industrial Machinery Manufacturing,https://de.linkedin.com/company/crown-gabelstapler-gmbh-&-co-kg,,,,,,,,,,,
linkedin,Projektleitung Großprojekte Straßenbau (w/m/d),Die Autobahn GmbH des Bundes,"Stuttgart, Baden-Württemberg, Germany",2026-10-09,https://www.linkedin.com/jobs/view/4477809459 , ,li-4477809459,fulltime,,,,,,False,mid-senior level,,,,Construction,https://de.linkedin.com/company/die-autobahn,,,,,,,,,,,
linkedin,Senior Project Lead / Projektleiter TGA – Life Science*,CRC HI-TEC ENGINEERING,"Freiburg, Baden-Württemberg, Germany",2026-10-09,https://www.linkedin.com/jobs/view/4415540812 , ,li-4415540812,fulltime,,,,,,False,mid-senior level,,,,Architecture and Planning,https://de.linkedin.com/company/crc-clean-room-consulting,,,,,,,,,,,
linkedin,Projektleiter Hochbau (m/w/d),GOLDBECK,"Hamburg, Germany",2026-10-09,https://www.linkedin.com/jobs/view/4459837289 , ,li-4459837289,fulltime,,,,,,False,associate,,,,"Architecture and Planning, Real Estate, and Construction",https://de.linkedin.com/company/goldbeck,,,,,,,,,,,
linkedin,Projektleiter Roh- und Schlüsselfertigbau (w/m/d),WOLFF & MÜLLER,"Frankfurt, Hesse, Germany",2026-10-09,https://www.linkedin.com/jobs/view/4474897735 , ,li-4474897735,fulltime,,,,,,False,mid-senior level,,,,Construction,https://de.linkedin.com/company/wolffundmueller,,,,,,,,,,,
linkedin,Teamlead Projektmanagement Real Estate Metering (m/w/d),wattline GmbH,"Ruderting, Bavaria, Germany",2026-10-09,https://www.linkedin.com/jobs/view/4470274548 , ,li-4470274548,fulltime,,,,,,False,mid-senior level,,,bewerbung@wattline.com,Utilities and Services for Renewable Energy,https://de.linkedin.com/company/wattline-gmbh,,,,,,,,,,,
linkedin,Projektleiter Schadstoffsanierung (m/w/d),svt Group of Companies,"Munich, Bavaria, Germany",2026-10-09,https://www.linkedin.com/jobs/view/4477820651 , ,li-4477820651,fulltime,,,,,,False,mid-senior level,,,,Construction,https://de.linkedin.com/company/svt-group-of-companies,,,,,,,,,,,
linkedin,Projektleitung (all genders),adesso SE,"Cologne, North Rhine-Westphalia, Germany",2026-10-09,https://www.linkedin.com/jobs/view/3925555603 , ,li-3925555603,fulltime,,,,,,False,director,,,,IT Services and IT Consulting,https://de.linkedin.com/company/adesso-se,,,,,,,,,,,
linkedin,Projektleitung (all genders),adesso SE,"Berlin, Berlin, Germany",2026-10-09,https://www.linkedin.com/jobs/view/3925555607 , ,li-3925555607,fulltime,,,,,,False,director,,,,IT Services and IT Consulting,https://de.linkedin.com/company/adesso-se,,,,,,,,,,,
linkedin,Senior Projektleiter (w/m/d) Bau- und Objektüberwachung,Drees & Sommer,"Dresden, Saxony, Germany",2026-10-09,https://www.linkedin.com/jobs/view/4475244001 , ,li-4475244001,fulltime,,,,,,False,associate,,,,Real Estate,https://de.linkedin.com/company/drees-&-sommer,,,,,,,,,,,
linkedin,Projektleiter (m/w/d) Stahlbau,Firmengruppe Max Bögl,"Sengenthal, Bavaria, Germany",2026-10-09,https://www.linkedin.com/jobs/view/4340382907 , ,li-4340382907,fulltime,,,,,,False,associate,,,,Construction,https://de.linkedin.com/company/firmengruppe-max-b%C3%B6gl,,,,,,,,,,,
linkedin,Projektleiter Produktqualifizierung & Prototypenbau (all gender),ALTEN,"Berlin, Germany",2026-10-09,https://www.linkedin.com/jobs/view/4465993739 , ,li-4465993739,fulltime,,,,,,False,associate,,,,Engineering Services,https://fr.linkedin.com/company/alten,,,,,,,,,,,
linkedin,Projektleiter (m/w/d) für Großprojekte im Wohnungsbau / Quartiersentwicklung,GOLDBECK,"Rostock, Mecklenburg-West Pomerania, Germany",2026-10-09,https://www.linkedin.com/jobs/view/4456203978 , ,li-4456203978,fulltime,,,,,,False,associate,,,,"Real Estate, Construction, and Architecture and Planning",https://de.linkedin.com/company/goldbeck,,,,,,,,,,,
linkedin,Product Manager Filtration – Media filter,Sulzer,"Bonn, North Rhine-Westphalia, Germany",2026-10-09,https://www.linkedin.com/jobs/view/4467561772 , ,li-4467561772,fulltime,,,,,,False,mid-senior level,,,erik.edvardsson@sulzer.com,Machinery Manufacturing,https://ch.linkedin.com/company/sulzer,,,,,,,,,,,
linkedin,Produktmanager (m/w/d) in der Produktentwicklung Privatkunden Komposit,Continentale Sachversicherung AG,"Dortmund, North Rhine-Westphalia, Germany",2026-10-09,https://www.linkedin.com/jobs/view/4475252828 , ,li-4475252828,fulltime,,,,,,False,mid-senior level,,,,Insurance,https://www.linkedin.com/company/continentale-sachversicherung-ag,,,,,,,,,,,
linkedin,Loyalty Product Manager (m/w/d),hagebau Handelsgesellschaft für Baustoffe mbH & Co. KG,"Soltau, Lower Saxony, Germany",2026-10-09,https://www.linkedin.com/jobs/view/4469707150 , ,li-4469707150,fulltime,,,,,,False,not applicable,,,,Wholesale Building Materials,https://de.linkedin.com/company/hagebau,,,,,,,,,,,
linkedin,Produktmanager Interface-Technik / Bahn (w/m/d),Knick GmbH,"Berlin, Berlin, Germany",2026-10-09,https://www.linkedin.com/jobs/view/4475253813 , ,li-4475253813,fulltime,,,,,,False,mid-senior level,,,,Measuring and Control Instrument Manufacturing,https://de.linkedin.com/company/knick-gmbh,,,,,,,,,,,
linkedin,Digital Product Manager m/w/d,FLYERALARM,"Würzburg, Bavaria, Germany",2026-10-09,https://www.linkedin.com/jobs/view/4475268192 , ,li-4475268192,fulltime,,,,,,False,mid-senior level,,,,Marketing Services,https://de.linkedin.com/company/flyeralarm,,,,,,,,,,,
linkedin,Engineering Project Manager - Optics,IventIM,"Munich, Bavaria, Germany",2026-10-09,https://www.linkedin.com/jobs/view/4473130413 , ,li-4473130413,fulltime,,,,,,False,mid-senior level,,,,IT Services and IT Consulting,https://de.linkedin.com/company/iventim,,,,,,,,,,,
linkedin,(Senior) Product Manager - Vinyl Acetate Monomer (VAM) (m/f/d),HELM AG,"Hamburg, Hamburg, Germany",2026-10-09,https://www.linkedin.com/jobs/view/4392855779 , ,li-4392855779,fulltime,,,,,,False,mid-senior level,,,,Chemical Manufacturing,https://de.linkedin.com/company/helmag,,,,,,,,,,,
linkedin,Senior Product Owner Pharmacy (m/w/d),CompuGroup Medical SE & Co. KGaA,"Nuremberg, Bavaria, Germany",2026-10-09,https://www.linkedin.com/jobs/view/4476259861 , ,li-4476259861,fulltime,,,,,,False,mid-senior level,,,,IT Services and IT Consulting,https://de.linkedin.com/company/compugroup-medical,,,,,,,,,,,
linkedin,Produktmanager Einlagengeschäft  (m/w/d),1822direkt,"Frankfurt, Hesse, Germany",2026-10-09,https://www.linkedin.com/jobs/view/4476804103 , ,li-4476804103,fulltime,direct_data,yearly,50000.0,60000.0,EUR,False,not applicable,,,jobs@1822direkt.de,Accounting,https://de.linkedin.com/company/1822direkt-gesellschaft-der-frankfurter-sparkasse-mbh,,,,,,,,,,,
linkedin,IT Produktmanager (m/w/d) Schwerpunkt Hardware und Service,Ratiodata,"Frankfurt am Main, Hesse, Germany",2026-10-09,https://www.linkedin.com/jobs/view/4476827078 , ,li-4476827078,fulltime,,,,,,False,mid-senior level,,,,IT Services and IT Consulting,https://de.linkedin.com/company/ratiodata,,,,,,,,,,,
linkedin,Product Manager Order & Fulfillment (m/w/d),marcapo GmbH,"Ebern, Bavaria, Germany",2026-10-09,https://www.linkedin.com/jobs/view/4474891626 , ,li-4474891626,fulltime,,,,,,False,associate,,,,Software Development,https://de.linkedin.com/company/marcapo-gmbh,,,,,,,,,,,
linkedin,Product Manager (m/w/d),Privatmolkerei Bauer GmbH & Co KG,"Wasserburg am Inn, Bavaria, Germany",2026-10-09,https://www.linkedin.com/jobs/view/4469725428 , ,li-4469725428,fulltime,,,,,,False,mid-senior level,,,,Food and Beverage Manufacturing,https://de.linkedin.com/company/privatmolkereibauer,,,,,,,,,,,
linkedin,Product Manager Payment (m/w/d),"epay, a Euronet Company","Martinsried, Bavaria, Germany",2026-10-09,https://www.linkedin.com/jobs/view/4477629984 , ,li-4477629984,fulltime,,,,,,False,mid-senior level,,,,IT Services and IT Consulting,https://www.linkedin.com/company/epay-a-euronet-worldwide-company,,,,,,,,,,,
linkedin,Technical Product Manager,Verve,Germany,2026-10-09,https://www.linkedin.com/jobs/view/4477810448 , ,li-4477810448,fulltime,,,,,,False,mid-senior level,,,,Advertising Services,https://www.linkedin.com/company/verve-ad-solutions,,,,,,,,,,,
linkedin,Produktmanager dmBio (w/m/d),dm-drogerie markt Deutschland,Greater Karlsruhe Area,2026-10-09,https://www.linkedin.com/jobs/view/4475147972 , ,li-4475147972,fulltime,,,,,,False,mid-senior level,,,,Retail,https://de.linkedin.com/company/dm-drogerie-markt-deutschland,,,,,,,,,,,
linkedin,PRODUKTMANAGER (m/w/d) GESCHOSSBAU / BÜROGEBÄUDEBAU,BREMER AG,"Paderborn, North Rhine-Westphalia, Germany",2026-10-09,https://www.linkedin.com/jobs/view/4413054850 , ,li-4413054850,fulltime,,,,,,False,mid-senior level,,,,Construction,https://de.linkedin.com/company/bremer-se,,,,,,,,,,,
linkedin,(Junior-Senior) Product Manager (m/w/d) -  Trading App,Computer Futures,"Frankfurt am Main, Hesse, Germany",2026-10-09,https://www.linkedin.com/jobs/view/4477666358 , ,li-4477666358,fulltime,direct_data,yearly,50000.0,87000.0,EUR,False,not applicable,,,,"Technology, Information and Media",https://uk.linkedin.com/company/computerfutures,,,,,,,,,,,
linkedin,Senior Product Manager (ISR) Defence & Intelligence (f/m/x),LiveEO,"Berlin, Berlin, Germany",2026-10-09,https://www.linkedin.com/jobs/view/4463842106 , ,li-4463842106,fulltime,,,,,,False,mid-senior level,,,,Software Development,https://de.linkedin.com/company/liveeo,,,,,,,,,,,
linkedin,PRODUKTMANAGER (m/w/d) INDUSTRIEBAU,BREMER AG,"Paderborn, North Rhine-Westphalia, Germany",2026-10-09,https://www.linkedin.com/jobs/view/4413069188 , ,li-4413069188,fulltime,,,,,,False,mid-senior level,,,,Construction,https://de.linkedin.com/company/bremer-se,,,,,,,,,,,
linkedin,Senior Product Manager II - Platform,Deel,Germany,2026-10-09,https://www.linkedin.com/jobs/view/4457712508 , ,li-4457712508,fulltime,direct_data,yearly,52000.0,130000.0,USD,False,mid-senior level,,,recruiting@deel.com,Human Resources Services,https://www.linkedin.com/company/deel,,,,,,,,,,,
linkedin,Product Manager Mobilkrane (m/w/d),XCMG Europe,"Krefeld, North Rhine-Westphalia, Germany",2026-10-09,https://www.linkedin.com/jobs/view/4476841101 , ,li-4476841101,fulltime,,,,,,False,associate,,,,"Industrial Machinery Manufacturing, Construction, and Engineering Services",https://de.linkedin.com/company/xcmg-europe,,,,,,,,,,,
linkedin,Product Manager Personalization & Revenue Growth (m/f/d),SIXT,"Munich, Bavaria, Germany",2026-10-09,https://www.linkedin.com/jobs/view/4429975738 , ,li-4429975738,fulltime,,,,,,False,mid-senior level,,,,Travel Arrangements,https://de.linkedin.com/company/sixt,,,,,,,,,,,
linkedin,European Lending Product Director (All Genders),JPMorganChase,"Berlin, Berlin, Germany",2026-10-09,https://www.linkedin.com/jobs/view/4458056726 , ,li-4458056726,fulltime,,,,,,False,not applicable,,,,Financial Services,https://www.linkedin.com/company/jpmorganchase,,,,,,,,,,,
linkedin,Sr Product Manager Data & Billing Services (m/w/d),SMART/LAB Innovationsgesellschaft mbH,"Aachen, North Rhine-Westphalia, Germany",2026-10-09,https://www.linkedin.com/jobs/view/4475249966 , ,li-4475249966,fulltime,,,,,,False,mid-senior level,,,,Renewable Energy Semiconductor Manufacturing,https://de.linkedin.com/company/smartlab-innovationsgesellschaft-mbh,,,,,,,,,,,
linkedin,Senior Product Manager (f/m/d),Zenjob,"Berlin, Germany",2026-10-09,https://www.linkedin.com/jobs/view/4475213989 , ,li-4475213989,fulltime,,,,,,False,mid-senior level,,,,"Staffing and Recruiting, Internet Marketplace Platforms, and Software Development",https://de.linkedin.com/company/zenjob,,,,,,,,,,,
linkedin,Senior Product Manager (m/w/d) - Finance,SHD Solutions GmbH,"Andernach, Rhineland-Palatinate, Germany",2026-10-09,https://www.linkedin.com/jobs/view/4477617584 , ,li-4477617584,fulltime,,,,,,False,mid-senior level,,,,Software Development,https://de.linkedin.com/company/shd-gmbh,,,,,,,,,,,
linkedin,Product Manager (EU),Arionkoder,"Berlin, Berlin, Germany",2026-10-09,https://www.linkedin.com/jobs/view/4477821980 , ,li-4477821980,fulltime,,,,,,False,mid-senior level,,,,IT Services and IT Consulting,https://www.linkedin.com/company/arionkoder,,,,,,,,,,,
linkedin,Produktmanager Brokerage & Wertpapiergeschäft (m/w/d),1822direkt,"Frankfurt, Hesse, Germany",2026-10-09,https://www.linkedin.com/jobs/view/4476282976 , ,li-4476282976,fulltime,direct_data,yearly,60000.0,85000.0,EUR,False,not applicable,,,jobs@1822direkt.de,Administrative and Support Services,https://de.linkedin.com/company/1822direkt-gesellschaft-der-frankfurter-sparkasse-mbh,,,,,,,,,,,
linkedin,Produktmanager Karten & Payment (m/w/d),1822direkt,"Frankfurt, Hesse, Germany",2026-10-09,https://www.linkedin.com/jobs/view/4476285954 , ,li-4476285954,fulltime,direct_data,yearly,48000.0,55000.0,EUR,False,not applicable,,,jobs@1822direkt.de,Accounting,https://de.linkedin.com/company/1822direkt-gesellschaft-der-frankfurter-sparkasse-mbh,,,,,,,,,,,
linkedin,Product Management Senior Expert (F/M/D),EcoVadis,"Berlin, Berlin, Germany",2026-10-09,https://www.linkedin.com/jobs/view/4475226400 , ,li-4475226400,fulltime,,,,,,False,mid-senior level,,,,Software Development and IT Services and IT Consulting,https://fr.linkedin.com/company/ecovadis,,,,,,,,,,,
linkedin,Product Manager - Feed Solutions (m/f/d),Infront,"Frankfurt am Main, Hesse, Germany",2026-10-09,https://www.linkedin.com/jobs/view/4476286922 , ,li-4476286922,fulltime,,,,,,False,mid-senior level,,,,"Financial Services, Capital Markets, and Banking",https://no.linkedin.com/company/infront-as,,,,,,,,,,,
linkedin,Projektleitung (all genders),adesso SE,"Karlsruhe, Baden-Württemberg, Germany",2026-10-09,https://www.linkedin.com/jobs/view/3733039799 , ,li-3733039799,fulltime,,,,,,False,director,,,,IT Services and IT Consulting,https://de.linkedin.com/company/adesso-se,,,,,,,,,,,
linkedin,Projektleiter Schadstoffsanierung (m/w/d),svt Group of Companies,"Filderstadt, Baden-Württemberg, Germany",2026-10-09,https://www.linkedin.com/jobs/view/4477820649 , ,li-4477820649,fulltime,,,,,,False,mid-senior level,,,,Construction,https://de.linkedin.com/company/svt-group-of-companies,,,,,,,,,,,
linkedin,Projektleiter (m/w/d) Großprojekte im Schlüsselfertigbau,GOLDBECK,"Bielefeld, North Rhine-Westphalia, Germany",2026-10-09,https://www.linkedin.com/jobs/view/4474957787 , ,li-4474957787,fulltime,,,,,,False,associate,,,,"Architecture and Planning, Real Estate, and Construction",https://de.linkedin.com/company/goldbeck,,,,,,,,,,,
linkedin,Projektleiter (m/w/d) Pipelinebau / Rohrleitungsbau Bachhhausen / Köln,Firmengruppe Max Bögl,"Cologne, North Rhine-Westphalia, Germany",2026-10-09,https://www.linkedin.com/jobs/view/4477667586 , ,li-4477667586,fulltime,,,,,,False,associate,,,,Construction,https://de.linkedin.com/company/firmengruppe-max-b%C3%B6gl,,,,,,,,,,,
linkedin,Projekt- und Bauleiter Hochbau (m/w/d),Ingenieurkammer-Bau Nordrhein-Westfalen,"Dorsten, North Rhine-Westphalia, Germany",2026-10-09,https://www.linkedin.com/jobs/view/4477643983 , ,li-4477643983,fulltime,,,,,,False,mid-senior level,,,t.thieken@thieken.com,Executive Offices,https://www.linkedin.com/company/ikbaunrw,,,,,,,,,,,
linkedin,Projektmanager (m/w/d),Liebherr Group,"Bad Schussenried, Baden-Württemberg, Germany",2026-10-09,https://www.linkedin.com/jobs/view/4431872475 , ,li-4431872475,fulltime,,,,,,False,mid-senior level,,,,Industrial Machinery Manufacturing,https://de.linkedin.com/company/liebherr,,,,,,,,,,,
linkedin,Technischer Projektleiter / System Engineering Manager – Systementwicklung & Integration (all genders) DE20766,ALTEN,"Bremen, Germany",2026-10-09,https://www.linkedin.com/jobs/view/4475202343 , ,li-4475202343,fulltime,,,,,,False,associate,,,,Machinery Manufacturing and Aviation and Aerospace Component Manufacturing,https://fr.linkedin.com/company/alten,,,,,,,,,,,
linkedin,Teilprojektleiter Elektrotechnik & Energieanlagen (all gender),ALTEN,"Erlangen, Bavaria, Germany",2026-10-09,https://www.linkedin.com/jobs/view/4458894429 , ,li-4458894429,fulltime,,,,,,False,associate,,,,Engineering Services,https://fr.linkedin.com/company/alten,,,,,,,,,,,
linkedin,Projektleiter (m/w/d) - NL Höxter,POLYGON Deutschland GmbH,"Höxter, North Rhine-Westphalia, Germany",2026-10-09,https://www.linkedin.com/jobs/view/4475215023 , ,li-4475215023,fulltime,,,,,,False,mid-senior level,,,,Construction,https://de.linkedin.com/company/polygon-deutschland,,,,,,,,,,,
linkedin,Projektleiter (m/w/d) Innovative Schul- und Wohnbauprojekte,GOLDBECK,"Bielefeld, North Rhine-Westphalia, Germany",2026-10-09,https://www.linkedin.com/jobs/view/4458924722 , ,li-4458924722,fulltime,,,,,,False,associate,,,,"Construction, Real Estate, and Architecture and Planning",https://de.linkedin.com/company/goldbeck,,,,,,,,,,,
linkedin,Software Project Manager (m/f/d) – Medical Diagnostics,Bruker,"Bremen, Bremen, Germany",2026-10-09,https://www.linkedin.com/jobs/view/4477830024 , ,li-4477830024,fulltime,,,,,,False,mid-senior level,,,,Biotechnology Research,https://www.linkedin.com/company/bruker-corporation,,,,,,,,,,,
linkedin,Konstrukteur w/m/d Projektkoordination,XENON Automation,"Dresden, Saxony, Germany",2026-10-09,https://www.linkedin.com/jobs/view/4477692002 , ,li-4477692002,fulltime,,,,,,False,associate,,,bewerbung@xenon-automation.com,Automation Machinery Manufacturing,https://de.linkedin.com/company/xenon-automation,,,,,,,,,,,
linkedin,Technischer Projektleiter (w/m/d) Leitungsbau Süd (Giengen & Langenau),Netze ODR GmbH,"Giengen an der Brenz, Baden-Württemberg, Germany",2026-10-09,https://www.linkedin.com/jobs/view/4456701881 , ,li-4456701881,fulltime,,,,,,False,entry level,,,"b.finkel@netze-odr.de, v.grundler@odr.de","Electric Power Transmission, Control, and Distribution",https://de.linkedin.com/company/netze-odr-gmbh,,,,,,,,,,,
linkedin,Projektleiter Elektrotechnik (m/w/d),Builtech Group,"Erndtebrück, North Rhine-Westphalia, Germany",2026-10-09,https://www.linkedin.com/jobs/view/4457747960 , ,li-4457747960,fulltime,,,,,,False,mid-senior level,,,j.ryan@vdkgroep.com,Construction,https://de.linkedin.com/company/builtech-gruppe,,,,,,,,,,,
linkedin,Projektleiter Feuerfestbau (m/w/d),SCHLÜSSLER Feuerungsbau GmbH,"Bispingen, Lower Saxony, Germany",2026-10-09,https://www.linkedin.com/jobs/view/4440232319 , ,li-4440232319,fulltime,,,,,,False,associate,,,domenik.opitz@remondis.de,Environmental Services,https://de.linkedin.com/company/schl%C3%BCssler-feuerungsbau-gmbh,,,,,,,,,,,
linkedin,Development Project Manager (w/m/d) „Ground & Naval Solution Management“,HENSOLDT,"Oberkochen, Baden-Württemberg, Germany",2026-10-09,https://www.linkedin.com/jobs/view/4475252849 , ,li-4475252849,fulltime,,,,,,False,mid-senior level,,,,Defense and Space Manufacturing,https://de.linkedin.com/company/hensoldt,,,,,,,,,,,
linkedin,Senior/Lead Finance Transformation Manager (m/w/d),Senacor Technologies,"Hamburg, Hamburg, Germany",2026-10-09,https://www.linkedin.com/jobs/view/4466684934 , ,li-4466684934,fulltime,,,,,,False,mid-senior level,,,,IT Services and IT Consulting,https://de.linkedin.com/company/senacor-technologies,,,,,,,,,,,
linkedin,Projektleiter Elektrotechnik (m/w/d),ABE Gruppe,"Dresden, Saxony, Germany",2026-10-09,https://www.linkedin.com/jobs/view/4475265198 , ,li-4475265198,fulltime,,,,,,False,mid-senior level,,,,Individual and Family Services,https://de.linkedin.com/company/abe-gruppe,,,,,,,,,,,
linkedin,Projektleiter (m/w/d) Hochbau,GOLDBECK,"Brunswick, Lower Saxony, Germany",2026-10-09,https://www.linkedin.com/jobs/view/4474601021 , ,li-4474601021,fulltime,,,,,,False,associate,,,,"Architecture and Planning, Real Estate, and Construction",https://de.linkedin.com/company/goldbeck,,,,,,,,,,,
linkedin,Projektleiter Altlasten & Gebäuderückbau (m/w/d),M&P Group,"Ludwigshafen, Rhineland-Palatinate, Germany",2026-10-09,https://www.linkedin.com/jobs/view/4475245543 , ,li-4475245543,fulltime,,,,,,False,associate,,,,Administrative and Support Services,https://de.linkedin.com/company/mup-group,,,,,,,,,,,
linkedin,Lead-Prozess-/ Projekt-Ingenieur Pharma Frankfurt (m/w/d),PPT Pharma Process Technology Group,"Frankfurt am Main, Hesse, Germany",2026-10-09,https://www.linkedin.com/jobs/view/4349453853 , ,li-4349453853,fulltime,,,,,,False,mid-senior level,,,,Pharmaceutical Manufacturing,https://de.linkedin.com/company/ppt-pharma-process-technology-gmbh,,,,,,,,,,,
linkedin,SAP VIM Manager (m/w/d) in Köln,Deloitte,"Cologne, North Rhine-Westphalia, Germany",2026-10-09,https://www.linkedin.com/jobs/view/4268624533 , ,li-4268624533,fulltime,,,,,,False,mid-senior level,,,career@deloitte.de,Business Consulting and Services,https://www.linkedin.com/company/deloitte,,,,,,,,,,,
linkedin,Techniker/Meister als Projektleiter Kältetechnik (m/w/d),Herbert Gruppe,"Bensheim, Hesse, Germany",2026-10-09,https://www.linkedin.com/jobs/view/4476272071 , ,li-4476272071,fulltime,,,,,,False,mid-senior level,,,,Retail,https://de.linkedin.com/company/herbertgruppe,,,,,,,,,,,
linkedin,Projektleiter Technische Dokumentation / Teamleiter Projektmanagement (all genders) DE20778,ALTEN,"Kassel, Hesse, Germany",2026-10-09,https://www.linkedin.com/jobs/view/4474897378 , ,li-4474897378,fulltime,,,,,,False,associate,,,,Machinery Manufacturing and Aviation and Aerospace Component Manufacturing,https://fr.linkedin.com/company/alten,,,,,,,,,,,
linkedin,Teamleiter:in,elerra motiv GmbH,"Erfurt, Thuringia, Germany",2026-10-09,https://www.linkedin.com/jobs/view/4475235359 , ,li-4475235359,fulltime,,,,,,False,director,,,,Motor Vehicle Manufacturing,https://de.linkedin.com/company/elerra-motiv,,,,,,,,,,,
linkedin,Projektdirektor*in im Bereich Brücken- und Ingenieurbau,Arup,"Berlin, Berlin, Germany",2026-10-09,https://www.linkedin.com/jobs/view/4422912078 , ,li-4422912078,fulltime,,,,,,False,director,,,,"Civil Engineering, Construction, and Engineering Services",https://uk.linkedin.com/company/arup,,,,,,,,,,,
linkedin,Technischer Projektmanager (w/m/d),IONOS,"Karlsruhe, Baden-Württemberg, Germany",2026-10-09,https://www.linkedin.com/jobs/view/4475216828 , ,li-4475216828,fulltime,,,,,,False,mid-senior level,,,,IT Services and IT Consulting,https://de.linkedin.com/company/ionos,,,,,,,,,,,
linkedin,Senior Projektleiter TGA (m/w/d),Gruner Sachverständigen GmbH,"Leipzig, Saxony, Germany",2026-10-09,https://www.linkedin.com/jobs/view/4476281306 , ,li-4476281306,fulltime,,,,,,False,mid-senior level,,,,Engineering Services,https://www.linkedin.com/company/gruner-sachverst%C3%A4ndigen-gmbh,,,,,,,,,,,
linkedin,Projektleiterin (w/m/d) Tunnelbauprojekte,Die Autobahn GmbH des Bundes,"Hamburg, Hamburg, Germany",2026-10-09,https://www.linkedin.com/jobs/view/4477602006 , ,li-4477602006,fulltime,direct_data,yearly,64086.0,91869.0,EUR,False,mid-senior level,,,ANJA.FEHR@AUTOBAHN.DE,Construction,https://de.linkedin.com/company/die-autobahn,,,,,,,,,,,
linkedin,Senior Project Manager / Bauleiter im Raum Kaiserslautern,Ascom,"Kaiserslautern, Rhineland-Palatinate, Germany",2026-10-09,https://www.linkedin.com/jobs/view/4476832915 , ,li-4476832915,fulltime,,,,,,False,mid-senior level,,,,IT Services and IT Consulting,https://ch.linkedin.com/company/ascom,,,,,,,,,,,
linkedin,Senior Program / Project Manager (m/f/d),Dassault Systèmes,"Stuttgart, Baden-Württemberg, Germany",2026-10-09,https://www.linkedin.com/jobs/view/4477662811 , ,li-4477662811,fulltime,,,,,,False,internship,,,,"Software Development, IT Services and IT Consulting, and Research Services",https://fr.linkedin.com/company/dassaultsystemes,,,,,,,,,,,
linkedin,Projektleiter (m/w/d) Technische Gebäudeausstattung im Hochbau,GOLDBECK,"Hamburg, Hamburg, Germany",2026-10-09,https://www.linkedin.com/jobs/view/4476273603 , ,li-4476273603,fulltime,,,,,,False,associate,,,,"Construction, Real Estate, and Architecture and Planning",https://de.linkedin.com/company/goldbeck,,,,,,,,,,,
linkedin,Projektleitung (all genders),adesso SE,"Saarbrücken, Saarland, Germany",2026-10-09,https://www.linkedin.com/jobs/view/3733040821 , ,li-3733040821,fulltime,,,,,,False,director,,,,IT Services and IT Consulting,https://de.linkedin.com/company/adesso-se,,,,,,,,,,,
linkedin,Projektleitung (all genders),adesso SE,"Leipzig, Saxony, Germany",2026-10-09,https://www.linkedin.com/jobs/view/3925561140 , ,li-3925561140,fulltime,,,,,,False,director,,,,IT Services and IT Consulting,https://de.linkedin.com/company/adesso-se,,,,,,,,,,,
linkedin,Projektleiter Eisenbahninfrastruktur (m/w/d),GFK Ingenieure GmbH,"Karlsruhe, Baden-Württemberg, Germany",2026-10-09,https://www.linkedin.com/jobs/view/4475204086 , ,li-4475204086,fulltime,,,,,,False,mid-senior level,,,,Architecture and Planning,https://de.linkedin.com/company/gfk-ingenieure-gmbh,,,,,,,,,,,
linkedin,Senior Projektleiter (w/m/d) Bau- und Objektüberwachung,Drees & Sommer,"Leipzig, Saxony, Germany",2026-10-09,https://www.linkedin.com/jobs/view/4475237345 , ,li-4475237345,fulltime,,,,,,False,associate,,,,Real Estate,https://de.linkedin.com/company/drees-&-sommer,,,,,,,,,,,
linkedin,Projektleiter (m/w/d) Tunnelbau München,Max Bögl Fertigteilwerke GmbH & Co. KG,"Munich, Bavaria, Germany",2026-10-09,https://www.linkedin.com/jobs/view/4476298256 , ,li-4476298256,fulltime,,,,,,False,mid-senior level,,,,Mining,https://www.linkedin.com/company/max-b%C3%B6gl-fertigteilwerke-gmbh-&-co.-kg,,,,,,,,,,,
linkedin,Development Project Manager (w/m/d),HENSOLDT,"Oberkochen, Baden-Württemberg, Germany",2026-10-09,https://www.linkedin.com/jobs/view/4476968061 , ,li-4476968061,fulltime,,,,,,False,mid-senior level,,,jobs@hensoldt.net,Defense and Space Manufacturing,https://de.linkedin.com/company/hensoldt,,,,,,,,,,,
linkedin,Projektmanager:in,DELTACON Executive Search,Greater Munster Area,2026-10-09,https://www.linkedin.com/jobs/view/4475214082 , ,li-4475214082,fulltime,direct_data,yearly,100000.0,130000.0,EUR,False,associate,,,bohl@deltacon.com,"Machinery Manufacturing, Meat Products Manufacturing, and Food and Beverage Manufacturing",https://de.linkedin.com/company/deltacon-executive-search-gmbh,,,,,,,,,,,
linkedin,Projektleiter:in TGA - Heizungstechnik / Versorgungstechnik (m/w/d),Energie-Spezialisten.de,"Munich, Bavaria, Germany",2026-10-09,https://www.linkedin.com/jobs/view/4475229740 , ,li-4475229740,fulltime,,,,,,False,director,,,,Renewable Energy Semiconductor Manufacturing,https://de.linkedin.com/company/energie-spezialisten,,,,,,,,,,,
linkedin,Projektleiter (m/w/d) Brückenbau,Michael Page,"Berlin, Berlin, Germany",2026-10-09,https://www.linkedin.com/jobs/view/4477817169 , ,li-4477817169,fulltime,,,,,,False,mid-senior level,,,,"Real Estate, Leasing Non-residential Real Estate, and Architecture and Planning",https://uk.linkedin.com/company/michael-page,,,,,,,,,,,
linkedin,IT Project Manager (m/f/d) Controlling Solutions,Vaillant Group,"Remscheid, North Rhine-Westphalia, Germany",2026-10-09,https://www.linkedin.com/jobs/view/4477678569 , ,li-4477678569,fulltime,,,,,,False,not applicable,,,,Renewable Energy Semiconductor Manufacturing,https://de.linkedin.com/company/vaillant,,,,,,,,,,,
linkedin,SAP VIM Manager (m/w/d) in Hannover,Deloitte,"Hannover, Lower Saxony, Germany",2026-10-09,https://www.linkedin.com/jobs/view/4268624529 , ,li-4268624529,fulltime,,,,,,False,mid-senior level,,,career@deloitte.de,Business Consulting and Services,https://www.linkedin.com/company/deloitte,,,,,,,,,,,
linkedin,Projektleiter Gebaüderückbau (m/w/d),M&P Group,"Heidelberg, Baden-Württemberg, Germany",2026-10-09,https://www.linkedin.com/jobs/view/4475242590 , ,li-4475242590,fulltime,,,,,,False,associate,,,,Administrative and Support Services,https://de.linkedin.com/company/mup-group,,,,,,,,,,,
linkedin,Projektleiter (m/w/d) Betoninstandsetzung & Korrosionsschutz | Dein Know-how für starke Bauwerke.,HWP Handwerkspartner GmbH,"Moritzburg, Saxony, Germany",2026-10-09,https://www.linkedin.com/jobs/view/4475228592 , ,li-4475228592,fulltime,,,,,,False,associate,,,,Business Consulting and Services,https://de.linkedin.com/company/hwp-handwerkspartner,,,,,,,,,,,
linkedin,Technischer Projektleiter (w/m/d) Leitungsbau Nord (Blaufelden / Ellwangen),Netze ODR GmbH,"Ellwangen, Baden-Württemberg, Germany",2026-10-09,https://www.linkedin.com/jobs/view/4411887102 , ,li-4411887102,fulltime,,,,,,False,entry level,,,"f.bosch@netze-odr.de, v.grundler@odr.de","Electric Power Transmission, Control, and Distribution",https://de.linkedin.com/company/netze-odr-gmbh,,,,,,,,,,,
linkedin,Projektleitung (w/m/d) Elektrotechnik,Actemium Deutschland,"Peitz, Brandenburg, Germany",2026-10-09,https://www.linkedin.com/jobs/view/4474898733 , ,li-4474898733,fulltime,,,,,,False,executive,,,,"Appliances, Electrical, and Electronics Manufacturing",https://www.linkedin.com/company/actemium-deutschland,,,,,,,,,,,
linkedin,Projektleiter TGA Heizung Sanitär (m/w/d),GEBRÜDER PETERS Gebäudetechnik SE,"Fürth, Bavaria, Germany",2026-10-09,https://www.linkedin.com/jobs/view/4477800841 , ,li-4477800841,fulltime,,,,,,False,mid-senior level,,,,Construction,https://de.linkedin.com/company/gebr-peters,,,,,,,,,,,
linkedin,Projektleiter (m/w/d) Tunnelbau München,Firmengruppe Max Bögl,"Munich, Bavaria, Germany",2026-10-09,https://www.linkedin.com/jobs/view/4477665695 , ,li-4477665695,fulltime,,,,,,False,mid-senior level,,,,Construction,https://de.linkedin.com/company/firmengruppe-max-b%C3%B6gl,,,,,,,,,,,
linkedin,IT Project Manager (m/w/d) Controlling Solutions,Vaillant Deutschland,"Remscheid, North Rhine-Westphalia, Germany",2026-10-09,https://www.linkedin.com/jobs/view/4477684033 , ,li-4477684033,fulltime,,,,,,False,mid-senior level,,,,Renewable Energy Semiconductor Manufacturing,https://www.linkedin.com/company/vaillantdeutschland,,,,,,,,,,,
linkedin,Project Lead Strategy Consulting (m/w/d),BASF,"Monheim, North Rhine-Westphalia, Germany",2026-10-09,https://www.linkedin.com/jobs/view/4473144193 , ,li-4473144193,fulltime,,,,,,False,not applicable,,,jennifer.weiz@basf.com,Chemical Manufacturing and Plastics Manufacturing,https://de.linkedin.com/company/basf,,,,,,,,,,,
linkedin,Projektleiter Oberleitung - Bereich Fernverkehr (m/w/d),Furrer + Frey Deutschland GmbH,"Berlin, Berlin, Germany",2026-10-09,https://www.linkedin.com/jobs/view/4472493806 , ,li-4472493806,fulltime,,,,,,False,associate,,,jobs@furrerfrey.de,Construction,https://de.linkedin.com/company/furrer-frey-deutschland,,,,,,,,,,,
linkedin,Projektleiter Anlagenbau TGA (m/w/d),Herbert Gruppe,"Bensheim, Hesse, Germany",2026-10-09,https://www.linkedin.com/jobs/view/4476263870 , ,li-4476263870,fulltime,,,,,,False,mid-senior level,,,,Retail,https://de.linkedin.com/company/herbertgruppe,,,,,,,,,,,
linkedin,Projektleitung (all genders),adesso SE,"Münster, North Rhine-Westphalia, Germany",2026-10-09,https://www.linkedin.com/jobs/view/3925560134 , ,li-3925560134,fulltime,,,,,,False,director,,,,IT Services and IT Consulting,https://de.linkedin.com/company/adesso-se,,,,,,,,,,,
linkedin,Projektleiter (m/w/d) Großprojekte im Schlüsselfertigbau,GOLDBECK,"Hamburg, Hamburg, Germany",2026-10-09,https://www.linkedin.com/jobs/view/4475440451 , ,li-4475440451,fulltime,,,,,,False,associate,,,,"Architecture and Planning, Real Estate, and Construction",https://de.linkedin.com/company/goldbeck,,,,,,,,,,,
linkedin,Projektleitung (all genders),adesso SE,"Dresden, Saxony, Germany",2026-10-09,https://www.linkedin.com/jobs/view/3733043413 , ,li-3733043413,fulltime,,,,,,False,director,,,,IT Services and IT Consulting,https://de.linkedin.com/company/adesso-se,,,,,,,,,,,
linkedin,Projektleiter Schadstoffsanierung/Rückbau (m/w/d),M&P Group,"Hannover, Lower Saxony, Germany",2026-10-09,https://www.linkedin.com/jobs/view/4475251294 , ,li-4475251294,fulltime,,,,,,False,associate,,,,Administrative and Support Services,https://de.linkedin.com/company/mup-group,,,,,,,,,,,
linkedin,Projektleiter (m/w/d) Gebäudetechnik / TGA / Versorgungs- oder Elektrotechnik,GOLDBECK,"Frankfurt am Main, Hesse, Germany",2026-10-09,https://www.linkedin.com/jobs/view/4475185238 , ,li-4475185238,fulltime,,,,,,False,associate,,,,"Architecture and Planning, Real Estate, and Construction",https://de.linkedin.com/company/goldbeck,,,,,,,,,,,
linkedin,Projektleiter Technische Dokumentation / Teamleiter Projektmanagement (all genders) DE20778,ALTEN,"Bremen, Germany",2026-10-09,https://www.linkedin.com/jobs/view/4475204111 , ,li-4475204111,fulltime,,,,,,False,associate,,,,Machinery Manufacturing and Aviation and Aerospace Component Manufacturing,https://fr.linkedin.com/company/alten,,,,,,,,,,,
linkedin,Projektleiter:in Konstruktiver Ingenieurbau im Brückenkompetenzteam,Deutsche Bahn,"Essen, North Rhine-Westphalia, Germany",2026-10-09,https://www.linkedin.com/jobs/view/4477620499 , ,li-4477620499,fulltime,,,,,,False,mid-senior level,,,,Truck Transportation,https://de.linkedin.com/company/deutschebahn,,,,,,,,,,,
linkedin,Projektleiter Oberleitung - Bereich Nahverkehr (m/w/d),Furrer + Frey Deutschland GmbH,"Essen, North Rhine-Westphalia, Germany",2026-10-09,https://www.linkedin.com/jobs/view/4472498675 , ,li-4472498675,fulltime,,,,,,False,associate,,,jobs@furrerfrey.de,Construction,https://de.linkedin.com/company/furrer-frey-deutschland,,,,,,,,,,,
linkedin,Product Manager m/w/d Werbetechnik,FLYERALARM,"Würzburg, Bavaria, Germany",2026-10-09,https://www.linkedin.com/jobs/view/4475267198 , ,li-4475267198,fulltime,,,,,,False,mid-senior level,,,,Marketing Services,https://de.linkedin.com/company/flyeralarm,,,,,,,,,,,
linkedin,(Senior) Product Manager GenAI & KI-Agenten (m/w/d),Würth Deutschland,"Stadt Heilbronn, Baden-Württemberg, Germany",2026-10-09,https://www.linkedin.com/jobs/view/4476859234 , ,li-4476859234,fulltime,,,,,,False,mid-senior level,,,,Wholesale,https://de.linkedin.com/company/wuerth-germany,,,,,,,,,,,
linkedin,Projektleiter (m/w/d),Kraftanlagen Energies & Services,"Dresden, Saxony, Germany",2026-10-09,https://www.linkedin.com/jobs/view/4474893414 , ,li-4474893414,fulltime,,,,,,False,executive,,,Muhammed.Turgunjan@kraftanlagen.com,Mining,https://de.linkedin.com/company/kraftanlagengruppe,,,,,,,,,,,
linkedin,Technischer Projektleiter Ladenbau & Retail-Projekte (m/w/d),Pinter Moebel + Objektbau GmbH & Co. KG,"Achern, Baden-Württemberg, Germany",2026-10-09,https://www.linkedin.com/jobs/view/4477661558 , ,li-4477661558,fulltime,,,,,,False,mid-senior level,,,,Furniture and Home Furnishings Manufacturing,https://de.linkedin.com/company/pinter-moebel-objektbau-gmbh-co-kg,,,,,,,,,,,
linkedin,Technical Project Manager AI (m/w/d),statworx,"Frankfurt am Main, Hesse, Germany",2026-10-09,https://www.linkedin.com/jobs/view/4309017874 , ,li-4309017874,fulltime,,,,,,False,mid-senior level,,,jobs@statworx.com,IT Services and IT Consulting,https://de.linkedin.com/company/statworx,,,,,,,,,,,
linkedin,Projektleiter:in für Infrastrukturprojekte,Deutsche Bahn,"Stuttgart, Baden-Württemberg, Germany",2026-10-09,https://www.linkedin.com/jobs/view/4449966525 , ,li-4449966525,fulltime,,,,,,False,mid-senior level,,,,Truck Transportation,https://de.linkedin.com/company/deutschebahn,,,,,,,,,,,
linkedin,Senior Project Manager - Power Systems,Ramboll,"Berlin, Berlin, Germany",2026-10-09,https://www.linkedin.com/jobs/view/4477696874 , ,li-4477696874,fulltime,,,,,,False,mid-senior level,,,,Engineering Services,https://dk.linkedin.com/company/ramboll,,,,,,,,,,,
linkedin,Projektmanager (m/w/d) externe Transport- und Bunkerinfrastruktur,Diehl Defence,"Nonnweiler, Saarland, Germany",2026-10-09,https://www.linkedin.com/jobs/view/4476807298 , ,li-4476807298,fulltime,,,,,,False,mid-senior level,,,,Defense and Space Manufacturing,https://de.linkedin.com/company/diehl-defence,,,,,,,,,,,
linkedin,CSA Project Manager,Mercury,"Frankfurt, Hesse, Germany",2026-10-09,https://www.linkedin.com/jobs/view/4476823193 , ,li-4476823193,fulltime,,,,,,False,mid-senior level,,,,Construction,https://ie.linkedin.com/company/mercury-engineering,,,,,,,,,,,
linkedin,Projektleiter (m/w/d) - unbemannte Landsysteme,KNDS Deutschland,"Munich, Bavaria, Germany",2026-10-09,https://www.linkedin.com/jobs/view/4475591248 , ,li-4475591248,fulltime,,,,,,False,mid-senior level,,,,Defense and Space Manufacturing,https://de.linkedin.com/company/knds-deutschland,,,,,,,,,,,
linkedin,Projektleiter:in TGA (Elektro / HKLS),Plaschka Planung und Beratung,"Berlin, Berlin, Germany",2026-10-09,https://www.linkedin.com/jobs/view/4475202597 , ,li-4475202597,fulltime,direct_data,yearly,55000.0,85000.0,EUR,False,associate,,,,Construction,https://de.linkedin.com/company/plaschka,,,,,,,,,,,
linkedin,IT-Projektleitung für Web-based Application Framework (m/w/d),Finanz Informatik,"Frankfurt am Main, Hesse, Germany",2026-10-09,https://www.linkedin.com/jobs/view/4477820555 , ,li-4477820555,fulltime,direct_data,yearly,70000.0,73000.0,EUR,False,mid-senior level,,,karriere@f-i.de,IT Services and IT Consulting,https://de.linkedin.com/company/finanz-informatik,,,,,,,,,,,
linkedin,Projektleiter Elektrotechnik (m/w/d),ENGIE Deutschland,"Cologne, North Rhine-Westphalia, Germany",2026-10-09,https://www.linkedin.com/jobs/view/4372717884 , ,li-4372717884,fulltime,,,,,,False,mid-senior level,,,,Utilities,https://de.linkedin.com/company/engie-deutschland,,,,,,,,,,,
linkedin,Projektleiter (m/w/d) Technische Projekte & Auftragssteuerung,CHEFS CULINAR,"Essen, North Rhine-Westphalia, Germany",2026-10-09,https://www.linkedin.com/jobs/view/4476817874 , ,li-4476817874,fulltime,,,,,,False,mid-senior level,,,,Wholesale,https://de.linkedin.com/company/chefsculinar,,,,,,,,,,,
linkedin,Project Manager (m/w/d),Kyon Energy,"Munich, Bavaria, Germany",2026-10-09,https://www.linkedin.com/jobs/view/4475211954 , ,li-4475211954,fulltime,,,,,,False,associate,,,talent@kyon-energy.com,Oil and Gas,https://de.linkedin.com/company/kyonenergy,,,,,,,,,,,
linkedin,Projektleiter Wärmeversorgung Nah- und Fernwärme (m/w/d),Gruner Sachverständigen GmbH,"Chemnitz, Saxony, Germany",2026-10-09,https://www.linkedin.com/jobs/view/4476287170 , ,li-4476287170,fulltime,,,,,,False,mid-senior level,,,,Engineering Services,https://www.linkedin.com/company/gruner-sachverst%C3%A4ndigen-gmbh,,,,,,,,,,,
linkedin,Projektleiter (m/w/d) Schlüsselfertigbau,Peter Gross Bau,"Nuremberg, Bavaria, Germany",2026-10-09,https://www.linkedin.com/jobs/view/4477676640 , ,li-4477676640,fulltime,,,,,,False,mid-senior level,,,,Construction,https://www.linkedin.com/company/petergrossbau,,,,,,,,,,,
linkedin,Projektleiter - Breitband / FTTx (m/w/d),prettyTELCO,"Ehingen, Baden-Württemberg, Germany",2026-10-09,https://www.linkedin.com/jobs/view/4474891995 , ,li-4474891995,fulltime,direct_data,yearly,52000.0,72000.0,EUR,False,associate,,,,Staffing and Recruiting,https://de.linkedin.com/company/prettytelco,,,,,,,,,,,
linkedin,Senior Project Manager - Power Systems,Ramboll,"Hamburg, Hamburg, Germany",2026-10-09,https://www.linkedin.com/jobs/view/4477699780 , ,li-4477699780,fulltime,,,,,,False,mid-senior level,,,,Engineering Services,https://dk.linkedin.com/company/ramboll,,,,,,,,,,,
linkedin,Technical Project Manager - ERP Implementation (all genders),VÆRIDION,"Munich, Bavaria, Germany",2026-10-09,https://www.linkedin.com/jobs/view/4475232357 , ,li-4475232357,fulltime,,,,,,False,mid-senior level,,,,Aviation and Aerospace Component Manufacturing,https://de.linkedin.com/company/vaeridion,,,,,,,,,,,
linkedin,"Projektleiter SF-Hochbau Großprojekte (m/w/d) München (München, DE, 80687)",Implenia,"Munich, Bavaria, Germany",2026-10-09,https://www.linkedin.com/jobs/view/4387383799 , ,li-4387383799,fulltime,,,,,,False,mid-senior level,,,morten.schmalz@implenia.com,Construction,https://ch.linkedin.com/company/implenia,,,,,,,,,,,
linkedin,Senior Project Manager / Bauleiter im Raum Kaiserslautern,Ascom UMS,"Kaiserslautern, Rhineland-Palatinate, Germany",2026-10-09,https://www.linkedin.com/jobs/view/4475209361 , ,li-4475209361,fulltime,,,,,,False,mid-senior level,,,,IT Services and IT Consulting,https://it.linkedin.com/company/ums---united-medical-software,,,,,,,,,,,
linkedin,Projektleitung Wärmeversorgung (m/w/d),MUTH Engineering GmbH,"Ludwigshafen, Rhineland-Palatinate, Germany",2026-10-09,https://www.linkedin.com/jobs/view/4476283075 , ,li-4476283075,fulltime,,,,,,False,mid-senior level,,,bewerbung@muth-engineering.com,Engineering Services,https://de.linkedin.com/company/muth-engineering-gmbh,,,,,,,,,,,
linkedin,Construction Project Manager (m/f/d),KWS Group,"Einbeck, Lower Saxony, Germany",2026-10-09,https://www.linkedin.com/jobs/view/4468630217 , ,li-4468630217,fulltime,,,,,,False,mid-senior level,,,,Farming and Biotechnology Research,https://de.linkedin.com/company/kwsgroup,,,,,,,,,,,
linkedin,Technical Project Manager,Strativ Group,Greater Munich Metropolitan Area,2026-10-09,https://www.linkedin.com/jobs/view/4477679548 , ,li-4477679548,fulltime,direct_data,yearly,80000.0,120000.0,EUR,False,mid-senior level,,,,Defense and Space Manufacturing and Robotics Engineering,https://uk.linkedin.com/company/strativgroup,,,,,,,,,,,
linkedin,Projektleiter (m/w/d) Schlüsselfertigbau,GOLDBECK,"Freiburg, Baden-Württemberg, Germany",2026-10-09,https://www.linkedin.com/jobs/view/4474601043 , ,li-4474601043,fulltime,,,,,,False,associate,,,,"Architecture and Planning, Real Estate, and Construction",https://de.linkedin.com/company/goldbeck,,,,,,,,,,,
linkedin,Project Manager,Mercury,"Frankfurt, Hesse, Germany",2026-10-09,https://www.linkedin.com/jobs/view/4319882513 , ,li-4319882513,fulltime,,,,,,False,mid-senior level,,,,Construction,https://ie.linkedin.com/company/mercury-engineering,,,,,,,,,,,
linkedin,Projektleiter Bau / Bauherrenvertretung in Frankfurt (m/w/d),Reneo,"Frankfurt, Hesse, Germany",2026-10-09,https://www.linkedin.com/jobs/view/4423941240 , ,li-4423941240,fulltime,,,,,,False,mid-senior level,,,,Real Estate,https://de.linkedin.com/company/reneo-group-gmbh,,,,,,,,,,,
linkedin,Senior Projektmanager:in,Cordes & Graefe KG,"Stuhr, Lower Saxony, Germany",2026-10-09,https://www.linkedin.com/jobs/view/4475211062 , ,li-4475211062,fulltime,,,,,,False,associate,,,,Wholesale,https://de.linkedin.com/company/cordes-&-graefe,,,,,,,,,,,
linkedin,Senior Project Manager (m/f/d) - Data Centre Construction,Linesight,"Frankfurt am Main, Hesse, Germany",2026-10-09,https://www.linkedin.com/jobs/view/4413577550 , ,li-4413577550,fulltime,,,,,,False,mid-senior level,,,,Construction,https://ie.linkedin.com/company/linesight,,,,,,,,,,,
linkedin,Senior Projekt Manager (m/w/d)- Angebots- und Auftragsmanagement Drehleitern,Magirus GmbH,"Ulm, Baden-Württemberg, Germany",2026-10-09,https://www.linkedin.com/jobs/view/4471409938 , ,li-4471409938,fulltime,,,,,,False,mid-senior level,,,,Fire Protection,https://de.linkedin.com/company/magirus-gmbh,,,,,,,,,,,
linkedin,Senior Project Manager (all genders),LIGANOVA,"Stuttgart, Baden-Württemberg, Germany",2026-10-09,https://www.linkedin.com/jobs/view/4476276763 , ,li-4476276763,fulltime,,,,,,False,associate,,,,Advertising Services,https://de.linkedin.com/company/liganova,,,,,,,,,,,
linkedin,Legal Project Manager (m/w/d),Linklaters Germany,"Düsseldorf, North Rhine-Westphalia, Germany",2026-10-09,https://www.linkedin.com/jobs/view/4475246555 , ,li-4475246555,fulltime,,,,,,False,mid-senior level,,,Recruitment.Germany@linklaters.com,Law Practice,https://de.linkedin.com/company/linklaters-germany,,,,,,,,,,,
linkedin,Projektmanager - Baumanagement (m/w/d),Apleona Wolfferts GmbH,"Berlin, Berlin, Germany",2026-10-09,https://www.linkedin.com/jobs/view/4477654526 , ,li-4477654526,fulltime,direct_data,yearly,69780.0,85286.0,EUR,False,mid-senior level,,,,Mechanical Or Industrial Engineering,https://de.linkedin.com/company/apleona-wolfferts-gmbh,,,,,,,,,,,
linkedin,Project Manager (m/f/d) – Logistics and Industrial Construction,WSP in Germany,"Düsseldorf, North Rhine-Westphalia, Germany",2026-10-09,https://www.linkedin.com/jobs/view/4477669620 , ,li-4477669620,fulltime,,,,,,False,mid-senior level,,,,Engineering Services,https://de.linkedin.com/company/wsp-in-germany,,,,,,,,,,,
linkedin,Projektleiter Wärmeanlagen & Industrieprojekte (m/w/d),Max Straube Industrierohrleitungsbau GmbH,"Chemnitz, Saxony, Germany",2026-10-09,https://www.linkedin.com/jobs/view/4474891897 , ,li-4474891897,fulltime,,,,,,False,associate,,,,Machinery Manufacturing,https://de.linkedin.com/company/max-straube-industrierohrleitungsbau-gmbh,,,,,,,,,,,
linkedin,Project Manager (m/w/x),Doctorflix,"Berlin, Berlin, Germany",2026-10-09,https://www.linkedin.com/jobs/view/4474897277 , ,li-4474897277,fulltime,,,,,,False,entry level,,,,Software Development,https://de.linkedin.com/company/doctorflix,,,,,,,,,,,
linkedin,Projektmanager für Industrialisierung - Ferngesteuerte Waffenstationen (m/w/d),Rheinmetall,"Bremen, Bremen, Germany",2026-10-09,https://www.linkedin.com/jobs/view/4466654747 , ,li-4466654747,fulltime,,,,,,False,mid-senior level,,,,Defense and Space Manufacturing,https://de.linkedin.com/company/rheinmetall,,,,,,,,,,,
linkedin,Projektsteuerer,Wittmann Projektmanagement GmbH,"Starnberg, Bavaria, Germany",2026-10-09,https://www.linkedin.com/jobs/view/4477838898 , ,li-4477838898,fulltime,,,,,,False,mid-senior level,,,christoph.grill@wittmann-pm.de,Architecture and Planning,https://de.linkedin.com/company/wittmann-projektmanagement-gmbh,,,,,,,,,,,
linkedin,Project Manager,Centric Software,"Berlin, Berlin, Germany",2026-10-09,https://www.linkedin.com/jobs/view/4477832770 , ,li-4477832770,fulltime,,,,,,False,mid-senior level,,,,Software Development,https://www.linkedin.com/company/centric-software,,,,,,,,,,,
linkedin,Technical CRM Project Manager (French Speaking),Huble,Germany,2026-10-09,https://www.linkedin.com/jobs/view/4476810699 , ,li-4476810699,fulltime,,,,,,False,mid-senior level,,,,"Technology, Information and Internet",https://uk.linkedin.com/company/hubledigital,,,,,,,,,,,
linkedin,Projektleiter (m/w/d) Rohbau | Schlüsselfertigbau | Holzhybridbau,OTTO WULFF,"Hamburg, Hamburg, Germany",2026-10-09,https://www.linkedin.com/jobs/view/4469672347 , ,li-4469672347,fulltime,,,,,,False,associate,,,,Construction,https://de.linkedin.com/company/otto_wulff,,,,,,,,,,,
linkedin,Technischer Projektleiter (w/m/d),HENSOLDT,"Fürstenfeldbruck, Bavaria, Germany",2026-10-09,https://www.linkedin.com/jobs/view/4477627986 , ,li-4477627986,fulltime,,,,,,False,mid-senior level,,,jobs@hensoldt.net,Defense and Space Manufacturing,https://de.linkedin.com/company/hensoldt,,,,,,,,,,,
linkedin,Projektleitung Industrialisierung (m/w/d),Mubea,"Schwerin, Mecklenburg-West Pomerania, Germany",2026-10-09,https://www.linkedin.com/jobs/view/4448740842 , ,li-4448740842,fulltime,,,,,,False,associate,,,,Motor Vehicle Manufacturing,https://de.linkedin.com/company/mubea,,,,,,,,,,,
linkedin,"Project Manager:in m/w/d) SF-HOCHBAU (Architektur, Bauingenieurwesen)",Ingenieurkammer-Bau Nordrhein-Westfalen,"Düsseldorf, North Rhine-Westphalia, Germany",2026-10-09,https://www.linkedin.com/jobs/view/4477653577 , ,li-4477653577,fulltime,,,,,,False,mid-senior level,,,wittig@takenaka.de,Executive Offices,https://www.linkedin.com/company/ikbaunrw,,,,,,,,,,,
linkedin,Projektmanager Verdichter & Turbine (m/w/d),Bilfinger Region DACH,"Herne, North Rhine-Westphalia, Germany",2026-10-09,https://www.linkedin.com/jobs/view/4466608776 , ,li-4466608776,fulltime,,,,,,False,mid-senior level,,,benjamin.sandberg@bilfinger.com,Industrial Machinery Manufacturing,https://de.linkedin.com/company/bilfinger-region-dach,,,,,,,,,,,
linkedin,Projektmanager (m/w/d) für KI-Softwareprojekte in der Industrie,Synergeticon GmbH,"Hamburg, Hamburg, Germany",2026-10-09,https://www.linkedin.com/jobs/view/4469669819 , ,li-4469669819,fulltime,,,,,,False,mid-senior level,,,,IT Services and IT Consulting,https://de.linkedin.com/company/synergeticon,,,,,,,,,,,
linkedin,Projektmanager (m/w/d) Digital Solutions,umdasch The Store Makers,"Duisburg, North Rhine-Westphalia, Germany",2026-10-09,https://www.linkedin.com/jobs/view/4476840408 , ,li-4476840408,fulltime,,,,,,False,associate,,,,IT Services and IT Consulting,https://at.linkedin.com/company/umdasch-the-store-makers,,,,,,,,,,,
linkedin,Projektleiter (w/m/d),NEXOCRAFT,"Penzberg, Bavaria, Germany",2026-10-09,https://www.linkedin.com/jobs/view/4475204483 , ,li-4475204483,fulltime,,,,,,False,mid-senior level,,,,Business Intelligence Platforms,https://de.linkedin.com/company/nexocraft,,,,,,,,,,,
linkedin,Technischer Projektmanager (m/w/d) im Bereich Schokoladenherstellung,Ludwig Schokolade GmbH & Co. KG,"Saarlouis, Saarland, Germany",2026-10-09,https://www.linkedin.com/jobs/view/4477828250 , ,li-4477828250,fulltime,,,,,,False,mid-senior level,,,,Sugar and Confectionery Product Manufacturing,https://www.linkedin.com/company/ludwig-schokolade-gmbh-&-co-kg,,,,,,,,,,,
linkedin,Project Manager - Renewable Energy (m/f/d),ib vogt GmbH,"Berlin, Berlin, Germany",2026-10-09,https://www.linkedin.com/jobs/view/4477801945 , ,li-4477801945,fulltime,,,,,,False,mid-senior level,,,,Services for Renewable Energy,https://de.linkedin.com/company/ib-vogt-gmbh,,,,,,,,,,,
linkedin,"Project Manager, DPIS Multimodal Solutions (m/w/d)",DSV - Global Transport and Logistics,Greater Dusseldorf Area,2026-10-09,https://www.linkedin.com/jobs/view/4430560915 , ,li-4430560915,fulltime,,,,,,False,mid-senior level,,,karriere@de.dsv.com,"Transportation, Logistics, Supply Chain and Storage",https://dk.linkedin.com/company/dsv,,,,,,,,,,,
linkedin,Projektleiter (Senior)- Breitband / FTTx (m/w/d),prettyTELCO,"Ulm, Baden-Württemberg, Germany",2026-10-09,https://www.linkedin.com/jobs/view/4475212131 , ,li-4475212131,fulltime,direct_data,yearly,65000.0,85000.0,EUR,False,mid-senior level,,,,Staffing and Recruiting,https://de.linkedin.com/company/prettytelco,,,,,,,,,,,
linkedin,IT Projektleiter (m/w/d),Dirk Rossmann GmbH,"Burgwedel, Lower Saxony, Germany",2026-10-09,https://www.linkedin.com/jobs/view/4460316396 , ,li-4460316396,fulltime,,,,,,False,mid-senior level,,,,Retail,https://de.linkedin.com/company/dirk-rossmann-gmbh,,,,,,,,,,,
linkedin,Projektleiter:in,KÖTTER Services,"Stuttgart, Baden-Württemberg, Germany",2026-10-09,https://www.linkedin.com/jobs/view/4477640986 , ,li-4477640986,fulltime,,,,,,False,associate,,,,"Facilities Services, Construction, and Building Construction",https://de.linkedin.com/company/koetterservices,,,,,,,,,,,
linkedin,Projektleiter (m/w/d) – Logistik & Qualitätsmanagement in 88079 Kressbronn,Dippel Personalmanagement GmbH,"Kressbronn am Bodensee, Baden-Württemberg, Germany",2026-10-09,https://www.linkedin.com/jobs/view/4477681322 , ,li-4477681322,fulltime,,,,,,False,mid-senior level,,,ravensburg@dippel.de,IT Services and IT Consulting,https://www.linkedin.com/company/dippel-personalmanagement-gmbh,,,,,,,,,,,
linkedin,Projektleiter im Spezialtiefbau (m/w/d),BEMO Tunnelling,"Hamburg, Hamburg, Germany",2026-10-09,https://www.linkedin.com/jobs/view/4475210675 , ,li-4475210675,fulltime,,,,,,False,mid-senior level,,,,Construction,https://at.linkedin.com/company/bemo-tunnelling,,,,,,,,,,,
linkedin,Technischer Projektleiter (m/w/d) - Serieller Wohnungsbau,Folkz,"Berlin, Germany",2026-10-09,https://www.linkedin.com/jobs/view/4477632662 , ,li-4477632662,fulltime,,,,,,False,mid-senior level,,,,Staffing and Recruiting,https://de.linkedin.com/company/recruiting-agentur,,,,,,,,,,,
linkedin,Senior Manager:in/Projektleiter:in Construction Management (w/m/d),Eppendorf,"Hamburg, Hamburg, Germany",2026-10-09,https://www.linkedin.com/jobs/view/4414494582 , ,li-4414494582,fulltime,,,,,,False,mid-senior level,,,,Biotechnology Research,https://de.linkedin.com/company/eppendorf,,,,,,,,,,,
linkedin,Product Manager Medical Devices (m/w/d),seca – precision for health,"Hamburg, Germany",2026-10-08,https://www.linkedin.com/jobs/view/4433802995 , ,li-4433802995,fulltime,,,,,,False,associate,,,,Medical Equipment Manufacturing and Software Development,https://de.linkedin.com/company/seca,,,,,,,,,,,
linkedin,Projektleiter / Manager Steuerberatung (m/w/d),CURACON GmbH,"Stuttgart, Baden-Württemberg, Germany",2026-10-08,https://www.linkedin.com/jobs/view/4475947823 , ,li-4475947823,fulltime,,,,,,False,associate,,,,Financial Services and Hospitals and Health Care,https://de.linkedin.com/company/curacon,,,,,,,,,,,
linkedin,Projektleitung (m/w/d) SAP Transformation,SIGNAL IDUNA Gruppe,"Dortmund, North Rhine-Westphalia, Germany",2026-10-08,https://www.linkedin.com/jobs/view/4475799659 , ,li-4475799659,fulltime,,,,,,False,mid-senior level,,,,Insurance,https://de.linkedin.com/company/signalidunagruppe,,,,,,,,,,,
linkedin,Software-Projektleiter - Simulation & Analysis (m/w/d),IABG,"Ottobrunn, Bavaria, Germany",2026-10-08,https://www.linkedin.com/jobs/view/4259504184 , ,li-4259504184,fulltime,,,,,,False,mid-senior level,,,,"IT Services and IT Consulting, Defense and Space Manufacturing, and Motor Vehicle Manufacturing",https://de.linkedin.com/company/iabg,,,,,,,,,,,
linkedin,Technische:r Projektleiter:in,Tintschl Unternehmensgruppe,Greater Bremen Area,2026-10-08,https://www.linkedin.com/jobs/view/4477163625 , ,li-4477163625,fulltime,,,,,,False,associate,,,,Staffing and Recruiting,https://de.linkedin.com/company/tintschlunternehmensgruppe,,,,,,,,,,,
linkedin,Projektleitung in der Straßen- und Radwegeplanung (m/w/d),Wald und Holz NRW,"Bielefeld, North Rhine-Westphalia, Germany",2026-10-08,https://www.linkedin.com/jobs/view/4477472923 , ,li-4477472923,fulltime,,,,,,False,mid-senior level,,,,Government Administration,https://de.linkedin.com/company/wald-und-holz-nrw,,,,,,,,,,,
linkedin,Projektleiter (m/w/d) Rohrleitungsbau,GA-tec Gebäude- und Anlagentechnik GmbH,"Fellbach, Baden-Württemberg, Germany",2026-10-08,https://www.linkedin.com/jobs/view/4449555160 , ,li-4449555160,fulltime,,,,,,False,associate,,,ga-tec.bewerbung@sodexo.com,Construction,https://de.linkedin.com/company/ga-tec,,,,,,,,,,,
linkedin,Fachprojektleiterin Messtechnik und Zählung Umspannwerke Höchstspannungsnetz (m/w/d),50Hertz Transmission GmbH,"Berlin, Berlin, Germany",2026-10-08,https://www.linkedin.com/jobs/view/4457986332 , ,li-4457986332,fulltime,,,,,,False,mid-senior level,,,,"Electric Power Transmission, Control, and Distribution",https://de.linkedin.com/company/50hertz-transmission-gmbh,,,,,,,,,,,
linkedin,Technischer Projektleiter (m/w/d),ASYS Group,"Dornstadt, Baden-Württemberg, Germany",2026-10-08,https://www.linkedin.com/jobs/view/4477184413 , ,li-4477184413,fulltime,,,,,,False,mid-senior level,,,,Internet Publishing,https://de.linkedin.com/company/asys-group,,,,,,,,,,,
linkedin,Projektleiter Innenausbau | Gewerbebau (m/w/d),Hays,"Berlin, Berlin, Germany",2026-10-08,https://www.linkedin.com/jobs/view/4475776793 , ,li-4475776793,fulltime,,,,,,False,associate,,,,Construction,https://uk.linkedin.com/company/hays,,,,,,,,,,,
linkedin,Projektleiter,Uniroka,Greater Rostock Region,2026-10-08,https://www.linkedin.com/jobs/view/4474816889 , ,li-4474816889,fulltime,,,,,,False,mid-senior level,,,,,https://www.linkedin.com/company/uniroka,,,,,,,,,,,
linkedin,Projektleiter Elektrotechnik m/w/d,SPIE Lück GmbH,"Frankfurt, Hesse, Germany",2026-10-08,https://www.linkedin.com/jobs/view/4477128625 , ,li-4477128625,fulltime,,,,,,False,mid-senior level,,,,Construction,https://www.linkedin.com/company/spie-l%C3%BCck-gmbh,,,,,,,,,,,
linkedin,Projektleiter SHK (m/w/d),Herbert Gruppe,"Eschborn, Hesse, Germany",2026-10-08,https://www.linkedin.com/jobs/view/4476214411 , ,li-4476214411,fulltime,,,,,,False,mid-senior level,,,,Retail,https://de.linkedin.com/company/herbertgruppe,,,,,,,,,,,
linkedin,Bauleiter / Projektleiter (m/w/d) Tiefbau,Jobbusters®,"Munich, Bavaria, Germany",2026-10-08,https://www.linkedin.com/jobs/view/4474822388 , ,li-4474822388,fulltime,direct_data,yearly,67000.0,90000.0,EUR,False,mid-senior level,,,,Professional Services,https://www.linkedin.com/company/jobbusters%C2%AE,,,,,,,,,,,
linkedin,Technischer Projektleiter IT (w/m/d),IQ Solutions GmbH,"Offenbach am Main, Hesse, Germany",2026-10-08,https://www.linkedin.com/jobs/view/4477102991 , ,li-4477102991,fulltime,,,,,,False,mid-senior level,,,,IT Services and IT Consulting,https://de.linkedin.com/company/iq-solutions-gmbh-of,,,,,,,,,,,
linkedin,Projektleiter Gerüstbau (m/w/d),persona service,"Cologne, North Rhine-Westphalia, Germany",2026-10-08,https://www.linkedin.com/jobs/view/4475938617 , ,li-4475938617,fulltime,,,,,,False,not applicable,,,,Industrial Machinery Manufacturing,https://de.linkedin.com/company/persona-service,,,,,,,,,,,
linkedin,Projektleiter/-in SHK/TGA (m/w/d),Ruhstrat Haus- Und Versorgungstechnik GmbH,"Göttingen, Lower Saxony, Germany",2026-10-08,https://www.linkedin.com/jobs/view/4474826233 , ,li-4474826233,fulltime,,,,,,False,mid-senior level,,,,Construction,https://www.linkedin.com/company/ruhstrat-haus--und-versorgungstechnik-gmbh,,,,,,,,,,,
linkedin,Projektleiter (w/m/d) Wasserversorgung,Lindschulte,"Baden-Baden, Baden-Württemberg, Germany",2026-10-08,https://www.linkedin.com/jobs/view/4467086146 , ,li-4467086146,fulltime,,,,,,False,associate,,,,Engineering Services,https://de.linkedin.com/company/lindschulte,,,,,,,,,,,
linkedin,Projektleiter (m/w/d) - NL Dresden - Jobbird.com,Jobster,"Dresden, Saxony, Germany",2026-10-08,https://www.linkedin.com/jobs/view/4475917041 , ,li-4475917041,fulltime,,,,,,False,mid-senior level,,,,Software Development,https://nl.linkedin.com/company/jobster-com,,,,,,,,,,,
linkedin,Bauleiter als Projektleiter (m/w/d) Infrastrukturprojekte,SWARCO ITS,"Haiger, Hesse, Germany",2026-10-08,https://www.linkedin.com/jobs/view/4448969679 , ,li-4448969679,fulltime,,,,,,False,mid-senior level,,,,"Paint, Coating, and Adhesive Manufacturing",https://at.linkedin.com/company/swarco-its,,,,,,,,,,,
linkedin,Projektleitung (m/w/d) HKLS,ATP architects engineers,"Aachen, North Rhine-Westphalia, Germany",2026-10-08,https://www.linkedin.com/jobs/view/4363473250 , ,li-4363473250,fulltime,,,,,,False,mid-senior level,,,,Architecture and Planning,https://at.linkedin.com/company/atp-architekten-ingenieure,,,,,,,,,,,
linkedin,Produktmanager SHK-/Elektro Branche (m/w/d),HeizungsDiscount24 GmbH,"Gießen, Hesse, Germany",2026-10-08,https://www.linkedin.com/jobs/view/4476225058 , ,li-4476225058,fulltime,,,,,,False,mid-senior level,,,,Financial Services,https://de.linkedin.com/company/heizungsdiscount24-de,,,,,,,,,,,
linkedin,Product Manager - Product Factory,N26,"Berlin, Germany",2026-10-08,https://www.linkedin.com/jobs/view/4468620200 , ,li-4468620200,fulltime,,,,,,False,mid-senior level,,,,Financial Services,https://de.linkedin.com/company/n26,,,,,,,,,,,
linkedin,Product Manager System IT (m/w/x),Signal Corps Regimental Association,"Kiel, Schleswig-Holstein, Germany",2026-10-08,https://www.linkedin.com/jobs/view/4475775305 , ,li-4475775305,fulltime,,,,,,False,mid-senior level,,,,Non-profit Organizations,https://www.linkedin.com/company/signal-corps-regimental-association,,,,,,,,,,,
linkedin,Senior SAP Product Manager (all genders),ABOUT YOU,"Hamburg, Hamburg, Germany",2026-10-08,https://www.linkedin.com/jobs/view/4475974564 , ,li-4475974564,fulltime,,,,,,False,associate,,,,"Technology, Information and Internet",https://de.linkedin.com/company/about-you,,,,,,,,,,,
linkedin,Lead Product Manager - GFS,Delivery Hero,"Berlin, Berlin, Germany",2026-10-08,https://www.linkedin.com/jobs/view/4448517623 , ,li-4448517623,fulltime,,,,,,False,mid-senior level,,,inclusion@deliveryhero.com,Software Development and IT Services and IT Consulting,https://de.linkedin.com/company/delivery-hero-se,,,,,,,,,,,
linkedin,(Senior) Product Manager - Fiberglass (m/f/d),HELM AG,"Hamburg, Hamburg, Germany",2026-10-08,https://www.linkedin.com/jobs/view/4371166273 , ,li-4371166273,fulltime,,,,,,False,mid-senior level,,,,Chemical Manufacturing,https://de.linkedin.com/company/helmag,,,,,,,,,,,
linkedin,Produktmanager Finanzdienstleistungen & digitale Vermögensberatung / Allfinanzberatung (m/w/d),ATLAS Vertriebsservice,"Frankfurt am Main, Hesse, Germany",2026-10-08,https://www.linkedin.com/jobs/view/4442826861 , ,li-4442826861,fulltime,,,,,,False,associate,,,,Financial Services,https://de.linkedin.com/company/atlas-vertriebsservice,,,,,,,,,,,
linkedin,Senior Product Manager – Guest Communications & AI (m/f/d),Numa,"Berlin, Berlin, Germany",2026-10-08,https://www.linkedin.com/jobs/view/4477129232 , ,li-4477129232,fulltime,,,,,,False,mid-senior level,,,,"Technology, Information and Internet",https://de.linkedin.com/company/numa-stays,,,,,,,,,,,
linkedin,Lead Product Manager,Constructor Knowledge Labs,"Bremen, Bremen, Germany",2026-10-08,https://www.linkedin.com/jobs/view/4475904235 , ,li-4475904235,fulltime,,,,,,False,mid-senior level,,,,Research Services,https://de.linkedin.com/company/constructor-knowledge-labs,,,,,,,,,,,
linkedin,Product Manager GI Endotherapy,Olympus Corporation,"Hamburg, Hamburg, Germany",2026-10-08,https://www.linkedin.com/jobs/view/4474824095 , ,li-4474824095,fulltime,,,,,,False,mid-senior level,,,,Medical Equipment Manufacturing,https://jp.linkedin.com/company/olympus-corp,,,,,,,,,,,
linkedin,Area Product Owner (f/m/d) for the Industry Knowledge Graphs,SAP,"Berlin, Berlin, Germany",2026-10-08,https://www.linkedin.com/jobs/view/4430555794 , ,li-4430555794,fulltime,,,,,,False,mid-senior level,,,Careers@sap.com,"Software Development, IT Services and IT Consulting, and Business Consulting and Services",https://de.linkedin.com/company/sap,,,,,,,,,,,
linkedin,Product Manager Digital Solutions (m/w/d),Deutsche Apotheker- und Ärztebank - apoBank,"Düsseldorf, North Rhine-Westphalia, Germany",2026-10-08,https://www.linkedin.com/jobs/view/4477158940 , ,li-4477158940,fulltime,,,,,,False,mid-senior level,,,,Banking,https://de.linkedin.com/company/apobank,,,,,,,,,,,
linkedin,Product Manager,HiredBuddy,Germany,2026-10-08,https://www.linkedin.com/jobs/view/4475725322 , ,li-4475725322,fulltime,,,,,,False,entry level,,,,"IT Services and IT Consulting, Artificial Intelligence, and Software Development",https://www.linkedin.com/company/hired-buddy,,,,,,,,,,,
linkedin,Senior Product Owner / Projektmanager (m/w/d) – Personal.manager / Klinik / Dienstplanung,Glückliche Gäste GmbH,Germany,2026-10-08,https://www.linkedin.com/jobs/view/4475772156 , ,li-4475772156,fulltime,direct_data,yearly,68500.0,83500.0,EUR,False,associate,,,,Software Development,https://de.linkedin.com/company/gluecklichegaeste,,,,,,,,,,,
linkedin,Product Manager – Perception & Sensor Fusion,Helsing,"Munich, Bavaria, Germany",2026-10-08,https://www.linkedin.com/jobs/view/4475946018 , ,li-4475946018,fulltime,,,,,,False,mid-senior level,,,,Software Development,https://de.linkedin.com/company/helsing,,,,,,,,,,,
linkedin,Product Manager (m/f/d) - Maleic Anhydride,HELM AG,"Hamburg, Hamburg, Germany",2026-10-08,https://www.linkedin.com/jobs/view/4439835743 , ,li-4439835743,fulltime,,,,,,False,mid-senior level,,,,Chemical Manufacturing,https://de.linkedin.com/company/helmag,,,,,,,,,,,
linkedin,Product Manager Identity Solutions,Mastercard,"Frankfurt, Hesse, Germany",2026-10-08,https://www.linkedin.com/jobs/view/4474839286 , ,li-4474839286,fulltime,,,,,,False,mid-senior level,,,,"Financial Services, IT Services and IT Consulting, and Technology, Information and Internet",https://www.linkedin.com/company/mastercard,,,,,,,,,,,
linkedin,Product Manager,Nufarm,"Cologne, North Rhine-Westphalia, Germany",2026-10-08,https://www.linkedin.com/jobs/view/4477195446 , ,li-4477195446,fulltime,,,,,,False,mid-senior level,,,,Farming,https://au.linkedin.com/company/nufarm,,,,,,,,,,,
linkedin,Technischer Produktmanager (m/w/d) Systemtechnik bei ICM Technologies,Kieback&Peter,"Hamburg, Hamburg, Germany",2026-10-08,https://www.linkedin.com/jobs/view/4475980100 , ,li-4475980100,fulltime,,,,,,False,mid-senior level,,,,Automation Machinery Manufacturing,https://de.linkedin.com/company/kieback&peter,,,,,,,,,,,
linkedin,Projektleiter Bau Verkehrstechnik (m/w/d),SWARCO ITS,"Leipzig, Saxony, Germany",2026-10-08,https://www.linkedin.com/jobs/view/4312744994 , ,li-4312744994,fulltime,,,,,,False,mid-senior level,,,,"Paint, Coating, and Adhesive Manufacturing",https://at.linkedin.com/company/swarco-its,,,,,,,,,,,
linkedin,Technischer Projektleiter (m/w/d) GIS,ABB,"Ratingen, North Rhine-Westphalia, Germany",2026-10-08,https://www.linkedin.com/jobs/view/4468615224 , ,li-4468615224,fulltime,,,,,,False,not applicable,,,,"Appliances, Electrical, and Electronics Manufacturing",https://ch.linkedin.com/company/abb,,,,,,,,,,,
linkedin,Technischer Projektleiter Nachrichtentechnik (m/w/d),DVV – Duisburger Versorgungs- und Verkehrsgesellschaft mbH,"Duisburg, North Rhine-Westphalia, Germany",2026-10-08,https://www.linkedin.com/jobs/view/4477111153 , ,li-4477111153,fulltime,direct_data,yearly,91789.17,91789.17,EUR,False,mid-senior level,,,,Telecommunications,https://de.linkedin.com/company/dvvmbh,,,,,,,,,,,
linkedin,Technischer Projektleiter (m/w/d) - Elektrik & Elektronik ggf. in TZ,Bertrandt Group,"Bad Saulgau, Baden-Württemberg, Germany",2026-10-08,https://www.linkedin.com/jobs/view/4475455043 , ,li-4475455043,fulltime,,,,,,False,mid-senior level,,,,Engineering Services,https://de.linkedin.com/company/bertrandt-ag,,,,,,,,,,,
linkedin,"Projektleiter Elektrotechnik (TGA) für Rechenzentren, Bauherrenseite (m/w/d)",Zintek Search,"Berlin, Germany",2026-10-08,https://www.linkedin.com/jobs/view/4476595719 , ,li-4476595719,fulltime,direct_data,yearly,78000.0,84000.0,EUR,False,mid-senior level,,,jonathan@zinteksearch.com,Building Construction,https://uk.linkedin.com/company/zintek-search,,,,,,,,,,,
linkedin,Projekt- und Teamleitung (m/w/d) der niedersächsischen Gewässerallianz,Land Niedersachsen,"Lunenburg, Lower Saxony, Germany",2026-10-08,https://www.linkedin.com/jobs/view/4467862573 , ,li-4467862573,fulltime,,,,,,False,mid-senior level,,,,Government Administration,https://de.linkedin.com/company/arbeitgeber-niedersachsen,,,,,,,,,,,
linkedin,Projektleiter (m/w/d) - NL Potsdam - Jobbird.com,Jobster,"Potsdam, Brandenburg, Germany",2026-10-08,https://www.linkedin.com/jobs/view/4475919491 , ,li-4475919491,fulltime,,,,,,False,entry level,,,,Software Development,https://nl.linkedin.com/company/jobster-com,,,,,,,,,,,
linkedin,Techniker/Meister als Projektleiter SHK (m/w/d),Herbert Gruppe,"Bensheim, Hesse, Germany",2026-10-08,https://www.linkedin.com/jobs/view/4476207777 , ,li-4476207777,fulltime,,,,,,False,mid-senior level,,,,Retail,https://de.linkedin.com/company/herbertgruppe,,,,,,,,,,,
linkedin,Product Manager (m/w/d) - Maleinsäureanhydrid,HELM AG,"Hamburg, Hamburg, Germany",2026-10-08,https://www.linkedin.com/jobs/view/4439846428 , ,li-4439846428,fulltime,,,,,,False,mid-senior level,,,,Chemical Manufacturing,https://de.linkedin.com/company/helmag,,,,,,,,,,,
linkedin,Produktmanager Industrie- und Anlagenbau TGA (m/w/d),Würth Deutschland,"Künzelsau, Baden-Württemberg, Germany",2026-10-08,https://www.linkedin.com/jobs/view/4468156864 , ,li-4468156864,fulltime,,,,,,False,mid-senior level,,,,Wholesale,https://de.linkedin.com/company/wuerth-germany,,,,,,,,,,,
linkedin,Product Manager (m/w/d) - Ultrasonic Surgery,Söring GmbH,"Quickborn, Schleswig-Holstein, Germany",2026-10-08,https://www.linkedin.com/jobs/view/4477112086 , ,li-4477112086,fulltime,,,,,,False,associate,,,,Medical Equipment Manufacturing,https://de.linkedin.com/company/soering,,,,,,,,,,,
linkedin,Produktmanager*in IR Optics / Application Field Safety & Security (Optical Defense) (w/m/d),JENOPTIK,"Jena, Thuringia, Germany",2026-10-08,https://www.linkedin.com/jobs/view/4475786028 , ,li-4475786028,fulltime,,,,,,False,mid-senior level,,,,Motor Vehicle Manufacturing,https://de.linkedin.com/company/jenoptik,,,,,,,,,,,
linkedin,Senior Projektmanager in der Projektsteuerung (m/w/d),Fichtner,Greater Leipzig Area,2026-10-08,https://www.linkedin.com/jobs/view/4477408129 , ,li-4477408129,fulltime,,,,,,False,associate,,,,Utilities,https://de.linkedin.com/company/fichtner,,,,,,,,,,,
linkedin,Projektleitung Messebau,kohlhaas * partner,"Germering, Bavaria, Germany",2026-10-08,https://www.linkedin.com/jobs/view/4477158626 , ,li-4477158626,fulltime,direct_data,yearly,45000.0,60000.0,EUR,False,associate,,,,Architecture and Planning,https://de.linkedin.com/company/kohlhaas-partner,,,,,,,,,,,
linkedin,Project Manager Pre-Development (f/m/d),B. Braun Group,"Melsungen, Hesse, Germany",2026-10-08,https://www.linkedin.com/jobs/view/4432650842 , ,li-4432650842,fulltime,,,,,,False,mid-senior level,,,,Medical Equipment Manufacturing,https://de.linkedin.com/company/bbraun-group,,,,,,,,,,,
linkedin,Projektleiter (m/w/d),Wiha Tools,"Schonach im Schwarzwald, Baden-Württemberg, Germany",2026-10-08,https://www.linkedin.com/jobs/view/4475937427 , ,li-4475937427,fulltime,,,,,,False,mid-senior level,,,,Industrial Machinery Manufacturing,https://de.linkedin.com/company/wiha-werkzeuge,,,,,,,,,,,
linkedin,Delivery Lead / Senior Project Manager DevOps (m/w/d),DHL,"Berlin, Berlin, Germany",2026-10-08,https://www.linkedin.com/jobs/view/4472700441 , ,li-4472700441,fulltime,,,,,,False,mid-senior level,,,saina.bayat@dhl.com,"Transportation, Logistics, Supply Chain and Storage",https://de.linkedin.com/company/dhl,,,,,,,,,,,
linkedin,Senior Projektmanager in der Projektsteuerung (m/w/d),Fichtner,Stuttgart Region,2026-10-08,https://www.linkedin.com/jobs/view/4477194822 , ,li-4477194822,fulltime,,,,,,False,associate,,,,Utilities,https://de.linkedin.com/company/fichtner,,,,,,,,,,,
linkedin,Mechanical Project Manager,Mercury,"Frankfurt, Hesse, Germany",2026-10-08,https://www.linkedin.com/jobs/view/4475963815 , ,li-4475963815,fulltime,,,,,,False,mid-senior level,,,,Construction,https://ie.linkedin.com/company/mercury-engineering,,,,,,,,,,,
linkedin,Senior Project Manager (m/f/d),Sennheiser,"Hamburg, Hamburg, Germany",2026-10-08,https://www.linkedin.com/jobs/view/4474215752 , ,li-4474215752,fulltime,,,,,,False,mid-senior level,,,jobs@sennheiser.com,"Appliances, Electrical, and Electronics Manufacturing",https://de.linkedin.com/company/sennheiser,,,,,,,,,,,
linkedin,Projektleiter (m/w/d) Schlüsselfertiger Hochbau,Michael Page,"Kaiserslautern, Rhineland-Palatinate, Germany",2026-10-08,https://www.linkedin.com/jobs/view/4477402238 , ,li-4477402238,fulltime,,,,,,False,mid-senior level,,,,"Real Estate, Leasing Non-residential Real Estate, and Architecture and Planning",https://uk.linkedin.com/company/michael-page,,,,,,,,,,,
linkedin,Service-/Projektleiter (m/w/d) für Sprinkler- und Feuerlöschanlagen in Vollzeit,BSS Brandschutz Sichelstiel GmbH,"Hamburg, Hamburg, Germany",2026-10-08,https://www.linkedin.com/jobs/view/4475962336 , ,li-4475962336,fulltime,,,,,,False,entry level,,,bewerbung@bss-sichelstiel.de,Construction,https://de.linkedin.com/company/bss-brandschutz-sichelstiel-gmbh,,,,,,,,,,,
linkedin,Projektleiter Gebäudeautomation (m/w/d),Herbert Gruppe,"Bensheim, Hesse, Germany",2026-10-08,https://www.linkedin.com/jobs/view/4476216515 , ,li-4476216515,fulltime,,,,,,False,mid-senior level,,,,Retail,https://de.linkedin.com/company/herbertgruppe,,,,,,,,,,,
linkedin,Fachprojektleiterin / Ingenieurin Schutztechnik Umspannwerke Höchstspannungsnetz (m/w/d),50Hertz Transmission GmbH,"Berlin, Berlin, Germany",2026-10-08,https://www.linkedin.com/jobs/view/4457980304 , ,li-4457980304,fulltime,,,,,,False,mid-senior level,,,,"Electric Power Transmission, Control, and Distribution",https://de.linkedin.com/company/50hertz-transmission-gmbh,,,,,,,,,,,
linkedin,Projektleiter Aufdachanlagen Photovoltaik (m/w/d),mamgo | Talente 🔗 Jobs,"Ludwigshafen, Rhineland-Palatinate, Germany",2026-10-08,https://www.linkedin.com/jobs/view/4475753194 , ,li-4475753194,fulltime,,,,,,False,mid-senior level,,,,"Technology, Information and Internet",https://de.linkedin.com/company/mamgo-io,,,,,,,,,,,
linkedin,"Projektleiter (m/w/d) Tief-, Tunnel- oder Bahnbauprojekte",HOCHTIEF,"Stuttgart, Baden-Württemberg, Germany",2026-10-08,https://www.linkedin.com/jobs/view/4477479637 , ,li-4477479637,fulltime,,,,,,False,mid-senior level,,,,Construction,https://de.linkedin.com/company/hochtief,,,,,,,,,,,
linkedin,Projektleiter (m/w/d) - NL Mönchengladbach,POLYGON Deutschland GmbH,"Mönchengladbach, North Rhine-Westphalia, Germany",2026-10-08,https://www.linkedin.com/jobs/view/4474845679 , ,li-4474845679,fulltime,,,,,,False,mid-senior level,,,,Construction,https://de.linkedin.com/company/polygon-deutschland,,,,,,,,,,,
linkedin,Projektleiter (m/w/d) - NL Potsdam,POLYGON Deutschland GmbH,"Potsdam, Brandenburg, Germany",2026-10-08,https://www.linkedin.com/jobs/view/4474842876 , ,li-4474842876,fulltime,,,,,,False,mid-senior level,,,,Construction,https://de.linkedin.com/company/polygon-deutschland,,,,,,,,,,,
linkedin,Projektleiter in der Verkehrssicherung,AVS Verkehrssicherung GmbH,"Frankendorf, Thuringia, Germany",2026-10-08,https://www.linkedin.com/jobs/view/4477105821 , ,li-4477105821,fulltime,,,,,,False,associate,,,,Administrative and Support Services,https://de.linkedin.com/company/avs-verkehrssicherung-gmbh,,,,,,,,,,,
linkedin,(Senior) Projektleiter (w/m/d) Realisierung Bahninfrastruktur,DS-Bauconcept GmbH,"Hamburg, Hamburg, Germany",2026-10-08,https://www.linkedin.com/jobs/view/4477128636 , ,li-4477128636,fulltime,,,,,,False,mid-senior level,,,,Real Estate,https://de.linkedin.com/company/ds-bauconcept-gmbh,,,,,,,,,,,
linkedin,Projektleiter (m/w/d) - NL Höxter - Jobbird.com,Jobster,"Höxter, North Rhine-Westphalia, Germany",2026-10-08,https://www.linkedin.com/jobs/view/4475903946 , ,li-4475903946,fulltime,,,,,,False,mid-senior level,,,,Software Development,https://nl.linkedin.com/company/jobster-com,,,,,,,,,,,
linkedin,Projektleiter (m/w/d) - IGK München - Jobbird.com,Jobster,"Unterschleißheim, Bavaria, Germany",2026-10-08,https://www.linkedin.com/jobs/view/4475939444 , ,li-4475939444,fulltime,,,,,,False,mid-senior level,,,,Software Development,https://nl.linkedin.com/company/jobster-com,,,,,,,,,,,
linkedin,Projektleiter Kabeltechnik (m/w/d),Atlas Titan,"Berlin, Berlin, Germany",2026-10-08,https://www.linkedin.com/jobs/view/4477156296 , ,li-4477156296,fulltime,,,,,,False,mid-senior level,,,,Business Consulting and Services,https://de.linkedin.com/company/atlas-titan,,,,,,,,,,,
linkedin,Teamleitung Consulting (m/w/d) – Kompaktaufträge,Schleupen SE,"Moers, North Rhine-Westphalia, Germany",2026-10-08,https://www.linkedin.com/jobs/view/4473172350 , ,li-4473172350,fulltime,,,,,,False,mid-senior level,,,,Internet Publishing,https://de.linkedin.com/company/schleupen-se,,,,,,,,,,,
linkedin,Projektleiter Elektrotechnik m/w/d - Jobbird.com,Jobster,"Syke, Lower Saxony, Germany",2026-10-08,https://www.linkedin.com/jobs/view/4475794983 , ,li-4475794983,fulltime,,,,,,False,mid-senior level,,,,Software Development,https://nl.linkedin.com/company/jobster-com,,,,,,,,,,,
linkedin,Projektleiter Elektrotechnik m/w/d,SPIE Lück GmbH,"Butzbach, Hesse, Germany",2026-10-08,https://www.linkedin.com/jobs/view/4477134369 , ,li-4477134369,fulltime,,,,,,False,mid-senior level,,,,Construction,https://www.linkedin.com/company/spie-l%C3%BCck-gmbh,,,,,,,,,,,
linkedin,Projektleiter (m/w/d) HSE-Compliance & Managementsysteme,Betreuungsgesellschaft für Umweltfragen Dr. Poppe AG,"Hamburg, Germany",2026-10-08,https://www.linkedin.com/jobs/view/4477185262 , ,li-4477185262,fulltime,,,,,,False,associate,,,personal@bfu-ag.de,"Environmental Services, Business Consulting and Services, and Engineering Services",https://de.linkedin.com/company/bfu-ag,,,,,,,,,,,
linkedin,Bauleiter,HeyJobs,"Siegburg, North Rhine-Westphalia, Germany",2026-10-08,https://www.linkedin.com/jobs/view/4477109786 , ,li-4477109786,fulltime,,,,,,False,mid-senior level,,,,Building Construction,https://de.linkedin.com/company/heyjobs,,,,,,,,,,,
linkedin,Service-/Projektleiter (m/w/d) für Sprinkler- und Feuerlöschanlagen in Vollzeit,BSS Brandschutz Sichelstiel GmbH,"Langenfeld, North Rhine-Westphalia, Germany",2026-10-08,https://www.linkedin.com/jobs/view/4475955579 , ,li-4475955579,fulltime,,,,,,False,entry level,,,bewerbung@bss-sichelstiel.de,Construction,https://de.linkedin.com/company/bss-brandschutz-sichelstiel-gmbh,,,,,,,,,,,
linkedin,Projektleiter (m/w/d) - NL Coburg - Jobbird.com,Jobster,"Ebersdorf, Bavaria, Germany",2026-10-08,https://www.linkedin.com/jobs/view/4475914592 , ,li-4475914592,fulltime,,,,,,False,mid-senior level,,,,Software Development,https://nl.linkedin.com/company/jobster-com,,,,,,,,,,,
linkedin,Projektleiter (m/w/d) - NL Mönchengladbach - Jobbird.com,Jobster,"Mönchengladbach, North Rhine-Westphalia, Germany",2026-10-08,https://www.linkedin.com/jobs/view/4475799656 , ,li-4475799656,fulltime,,,,,,False,mid-senior level,,,,Software Development,https://nl.linkedin.com/company/jobster-com,,,,,,,,,,,
linkedin,Senior Product Manager Shoulder & Elbow (w/m/d),Arthrex GmbH,"Munich, Bavaria, Germany",2026-10-08,https://www.linkedin.com/jobs/view/4477141063 , ,li-4477141063,fulltime,,,,,,False,mid-senior level,,,,Medical Equipment Manufacturing,https://de.linkedin.com/company/arthrex-gmbh,,,,,,,,,,,
linkedin,"Staff Product Manager, OpenTelemetry | Germany | Remote",Grafana Labs,Germany,2026-10-08,https://www.linkedin.com/jobs/view/4459024263 , ,li-4459024263,fulltime,,,,,,True,mid-senior level,,,,Software Development,https://www.linkedin.com/company/grafana-labs,,,,,,,,,,,
linkedin,Senior Product Manager,Jobgether,Germany,2026-10-08,https://www.linkedin.com/jobs/view/4475710836 , ,li-4475710836,fulltime,,,,,,False,mid-senior level,,,,Internet Marketplace Platforms,https://be.linkedin.com/company/jobgether,,,,,,,,,,,
linkedin,Projektleiter HKLS (w/m/d) - Jobbird.com,Jobster,"Nuremberg, Bavaria, Germany",2026-10-08,https://www.linkedin.com/jobs/view/4475908302 , ,li-4475908302,fulltime,,,,,,False,mid-senior level,,,,Software Development,https://nl.linkedin.com/company/jobster-com,,,,,,,,,,,
linkedin,Mechanical Project Manager,Mercury,"Munich, Bavaria, Germany",2026-10-08,https://www.linkedin.com/jobs/view/4371794535 , ,li-4371794535,fulltime,,,,,,False,mid-senior level,,,,Construction,https://ie.linkedin.com/company/mercury-engineering,,,,,,,,,,,
linkedin,Senior Projektmanager (m/w/d),Neuhaus Consulting GmbH,Cologne Bonn Region,2026-10-08,https://www.linkedin.com/jobs/view/4477185878 , ,li-4477185878,fulltime,,,,,,False,mid-senior level,,,,Business Consulting and Services,https://de.linkedin.com/company/neuhaus-consulting-gmbh,,,,,,,,,,,
linkedin,Projektleiter Steuerungstechnik (m/w/d),EW-Tec Industrieservice & Anlagentechnik GmbH,"Viersen, North Rhine-Westphalia, Germany",2026-10-08,https://www.linkedin.com/jobs/view/4477113970 , ,li-4477113970,fulltime,direct_data,yearly,55000.0,80000.0,EUR,False,associate,,,,Automation Machinery Manufacturing,https://de.linkedin.com/company/ew-tec-gmbh,,,,,,,,,,,
linkedin,Projektleiter (m/w/d) Ambulanz- und MVZ-Software,medatixx,"Eltville, Hesse, Germany",2026-10-08,https://www.linkedin.com/jobs/view/4474827379 , ,li-4474827379,fulltime,,,,,,False,mid-senior level,,,,Information Technology & Services,https://de.linkedin.com/company/medatixx,,,,,,,,,,,
linkedin,Project Manager (m/w/d),shyftplan,"Berlin, Berlin, Germany",2026-10-08,https://www.linkedin.com/jobs/view/4474809820 , ,li-4474809820,fulltime,,,,,,False,associate,,,,Software Development,https://de.linkedin.com/company/shyftplan,,,,,,,,,,,
linkedin,Senior Projektleiter:in Hochbau,Cobalt Deutschland GmbH,"Berlin, Germany",2026-10-08,https://www.linkedin.com/jobs/view/4477138876 , ,li-4477138876,fulltime,,,,,,False,associate,,,,Construction,https://de.linkedin.com/company/cobalt-deutschland,,,,,,,,,,,
linkedin,Senior Projektmanager in der Projektsteuerung (m/w/d),Fichtner,"Berlin, Germany",2026-10-08,https://www.linkedin.com/jobs/view/4477191953 , ,li-4477191953,fulltime,,,,,,False,associate,,,,Utilities,https://de.linkedin.com/company/fichtner,,,,,,,,,,,
linkedin,"Project Manager, Global Projects (m/w/d)",DSV - Global Transport and Logistics,Greater Dusseldorf Area,2026-10-08,https://www.linkedin.com/jobs/view/4430567890 , ,li-4430567890,fulltime,,,,,,False,mid-senior level,,,karriere@de.dsv.com,"Transportation, Logistics, Supply Chain and Storage",https://dk.linkedin.com/company/dsv,,,,,,,,,,,
linkedin,Projektleiter (m/w/d) Schlüsselfertiger Hochbau,Michael Page,"Coblenz, Rhineland-Palatinate, Germany",2026-10-08,https://www.linkedin.com/jobs/view/4477190774 , ,li-4477190774,fulltime,,,,,,False,mid-senior level,,,,"Real Estate, Leasing Non-residential Real Estate, and Architecture and Planning",https://uk.linkedin.com/company/michael-page,,,,,,,,,,,
linkedin,Senior Projektleiter TGA (m/w/d) – Großprojekte,Schubert HR Diagnostics,"Hamburg, Germany",2026-10-08,https://www.linkedin.com/jobs/view/4477153501 , ,li-4477153501,fulltime,,,,,,False,mid-senior level,,,,,,,,,,,,,,,,
linkedin,Projektleitung (m/w/d),WAGNER Group GmbH,"Hamburg, Germany",2026-10-08,https://www.linkedin.com/jobs/view/4477185347 , ,li-4477185347,fulltime,,,,,,False,associate,,,,Fire Protection and Public Safety,https://de.linkedin.com/company/wagner-group-gmbh,,,,,,,,,,,
linkedin,Projektleiter Filialbau (m/w/d),BLUME2000 SE,"Stuttgart, Baden-Württemberg, Germany",2026-10-08,https://www.linkedin.com/jobs/view/4475484840 , ,li-4475484840,fulltime,,,,,,False,entry level,,,,Retail,https://de.linkedin.com/company/blume2000-se,,,,,,,,,,,
linkedin,Senior Projektmanager:in im Infrastrukturbau (m/w/d),Will Consult GmbH,"Leipzig, Saxony, Germany",2026-10-08,https://www.linkedin.com/jobs/view/4477119831 , ,li-4477119831,fulltime,,,,,,False,associate,,,,Construction,https://de.linkedin.com/company/will-consult-gmbh,,,,,,,,,,,
linkedin,Projektleiter / Consultant (all genders),INTEX EDV-Software GmbH,"Saarbrücken, Saarland, Germany",2026-10-08,https://www.linkedin.com/jobs/view/4474808033 , ,li-4474808033,fulltime,,,,,,False,mid-senior level,,,hr@intex.de,Software Development,https://de.linkedin.com/company/intex-edv-software-gmbh,,,,,,,,,,,
linkedin,Senior Project Manager (m/f/d),RIMOWA,"Cologne, North Rhine-Westphalia, Germany",2026-10-08,https://www.linkedin.com/jobs/view/4459007192 , ,li-4459007192,fulltime,,,,,,False,mid-senior level,,,,Retail Luxury Goods and Jewelry,https://de.linkedin.com/company/rimowa,,,,,,,,,,,
linkedin,Solar EPC-Projektmanager,ILOS,"Karlsruhe, Baden-Württemberg, Germany",2026-10-08,https://www.linkedin.com/jobs/view/4477198505 , ,li-4477198505,fulltime,,,,,,False,mid-senior level,,,Barbieri@ilos-energy.com,Services for Renewable Energy and Electric Power Generation,https://de.linkedin.com/company/ilos-projects-gmbh,,,,,,,,,,,
linkedin,Projektleiter (w/m/d) Verkehrsanlagen,Lindschulte,"Düsseldorf, North Rhine-Westphalia, Germany",2026-10-08,https://www.linkedin.com/jobs/view/4467081183 , ,li-4467081183,fulltime,,,,,,False,associate,,,,Architecture and Planning and Engineering Services,https://de.linkedin.com/company/lindschulte,,,,,,,,,,,
linkedin,Senior Projektmanager in der Projektsteuerung (m/w/d),Fichtner,Greater Hamburg Area,2026-10-08,https://www.linkedin.com/jobs/view/4477403377 , ,li-4477403377,fulltime,,,,,,False,associate,,,,Utilities,https://de.linkedin.com/company/fichtner,,,,,,,,,,,
linkedin,Product Manager Pharmacy (all genders),Avelios Medical,"Munich, Bavaria, Germany",2026-10-08,https://www.linkedin.com/jobs/view/4468248653 , ,li-4468248653,fulltime,,,,,,False,mid-senior level,,,,Software Development,https://de.linkedin.com/company/avelios-medical,,,,,,,,,,,
linkedin,Product Manager (m/f/d) - Digital Rent,SIXT,"Munich, Bavaria, Germany",2026-10-08,https://www.linkedin.com/jobs/view/4468255690 , ,li-4468255690,fulltime,,,,,,False,mid-senior level,,,,Travel Arrangements,https://de.linkedin.com/company/sixt,,,,,,,,,,,
linkedin,Project Manager Spare Parts Logistics (m/w/d),Nordex Group,"Hamburg, Germany",2026-10-08,https://www.linkedin.com/jobs/view/4477413290 , ,li-4477413290,fulltime,,,,,,False,mid-senior level,,,,Renewable Energy Equipment Manufacturing,https://de.linkedin.com/company/nordex,,,,,,,,,,,
linkedin,Senior Project Management*,Strichpunkt Identity,Stuttgart Region,2026-10-08,https://www.linkedin.com/jobs/view/4477461375 , ,li-4477461375,fulltime,,,,,,False,mid-senior level,,,,Design Services,https://de.linkedin.com/company/strichpunkt-identity,,,,,,,,,,,
linkedin,Projektleiter (w/m/d) im Banken- und Sparkassenumfeld,CS-Consulting GmbH,"Munich, Bavaria, Germany",2026-10-08,https://www.linkedin.com/jobs/view/4474818429 , ,li-4474818429,fulltime,,,,,,False,associate,,,,Software Development,https://de.linkedin.com/company/cs-consulting-gmbh,,,,,,,,,,,
linkedin,Projectmanager,Heuvelman GmbH,"Leer (East Friesland), Lower Saxony, Germany",2026-10-08,https://www.linkedin.com/jobs/view/4475948302 , ,li-4475948302,fulltime,,,,,,False,mid-senior level,,,,Events Services,https://www.linkedin.com/company/heuvelman-gmbh,,,,,,,,,,,
linkedin,Senior Projektmanager in der Projektsteuerung (m/w/d),Fichtner,"Frankfurt, Hesse, Germany",2026-10-08,https://www.linkedin.com/jobs/view/4477410054 , ,li-4477410054,fulltime,,,,,,False,associate,,,,Utilities,https://de.linkedin.com/company/fichtner,,,,,,,,,,,
linkedin,Senior Produktmanager (m/w/d) - energiewirtschaftliche Abrechnung (Billing),Schleupen SE,"Moers, North Rhine-Westphalia, Germany",2026-10-08,https://www.linkedin.com/jobs/view/4474850848 , ,li-4474850848,fulltime,,,,,,False,mid-senior level,,,,Internet Publishing,https://de.linkedin.com/company/schleupen-se,,,,,,,,,,,
linkedin,Senior Product Manager (m/w/d) – Creator Platforms B2B,campoint AG,"Seligenstadt, Hesse, Germany",2026-10-08,https://www.linkedin.com/jobs/view/4477476652 , ,li-4477476652,fulltime,,,,,,False,mid-senior level,,,hello@campoint.net,"Technology, Information and Internet",https://de.linkedin.com/company/campoint-ag,,,,,,,,,,,
linkedin,Senior Product Manager – NFC Wireless Charging Solutions F/M,NXP Semiconductors,"Hamburg, Hamburg, Germany",2026-10-08,https://www.linkedin.com/jobs/view/4458769577 , ,li-4458769577,fulltime,,,,,,False,mid-senior level,,,,"Semiconductor Manufacturing, Computers and Electronics Manufacturing, and Software Development",https://nl.linkedin.com/company/nxp-semiconductors,,,,,,,,,,,
linkedin,Senior Product Manager - Core Platform,Qualifyze,"Frankfurt, Hesse, Germany",2026-10-08,https://www.linkedin.com/jobs/view/4475753944 , ,li-4475753944,fulltime,direct_data,yearly,75000.0,85000.0,EUR,False,mid-senior level,,,,Software Development,https://de.linkedin.com/company/qualifyze,,,,,,,,,,,
linkedin,Senior Product Manager - Fiscal (f/m/d),Apaleo,"Munich, Bavaria, Germany",2026-10-08,https://www.linkedin.com/jobs/view/4462623117 , ,li-4462623117,fulltime,,,,,,False,mid-senior level,,,,"Technology, Information and Internet",https://de.linkedin.com/company/apaleo,,,,,,,,,,,
linkedin,Projektmanager Digital Health (m/w/d) - Jobbird.com,Jobster,"Munich, Bavaria, Germany",2026-10-08,https://www.linkedin.com/jobs/view/4475919724 , ,li-4475919724,fulltime,,,,,,False,mid-senior level,,,,Software Development,https://nl.linkedin.com/company/jobster-com,,,,,,,,,,,
linkedin,Projektleiter:in Wärme und Solar mit Schwerpunkt Regelungstechnik,re-green,"Frankfurt, Hesse, Germany",2026-10-08,https://www.linkedin.com/jobs/view/4477116239 , ,li-4477116239,fulltime,direct_data,yearly,70000.0,100000.0,EUR,False,director,,,,Renewable Energy Semiconductor Manufacturing,https://www.linkedin.com/company/regreentech,,,,,,,,,,,
linkedin,Senior Projektmanager (gn) Technische Großprojekte,Dock 22 GmbH,"Hamburg, Germany",2026-10-08,https://www.linkedin.com/jobs/view/4466072744 , ,li-4466072744,fulltime,direct_data,yearly,110000.0,130000.0,EUR,False,associate,,,,"Defense and Space Manufacturing, Shipbuilding, and Machinery Manufacturing",https://de.linkedin.com/company/dock-22-gmbh,,,,,,,,,,,
linkedin,Projektleiter (all gender) Sonderwerkzeuge und Prüfgeräte,ALTEN,"Kassel, Hesse, Germany",2026-10-08,https://www.linkedin.com/jobs/view/4477162379 , ,li-4477162379,fulltime,direct_data,yearly,58000.0,64000.0,EUR,False,associate,,,,Engineering Services,https://fr.linkedin.com/company/alten,,,,,,,,,,,
linkedin,Product Manager (m/w/d) im Bereich Aftermarket,Dana Incorporated,"Neu Ulm, Bavaria, Germany",2026-10-08,https://www.linkedin.com/jobs/view/4449631428 , ,li-4449631428,fulltime,,,,,,False,entry level,,,,Motor Vehicle Manufacturing,https://www.linkedin.com/company/dana-incorporated,,,,,,,,,,,
linkedin,Produktverantwortliche Person (m/w/d),WEBER GmbH,"Worms, Rhineland-Palatinate, Germany",2026-10-08,https://www.linkedin.com/jobs/view/4477153612 , ,li-4477153612,fulltime,,,,,,False,mid-senior level,,,bewerbung@webergmbh.de,Automation Machinery Manufacturing,https://de.linkedin.com/company/webergmbh,,,,,,,,,,,
linkedin,Product Manager – Partner Solutions (m/f/d),seca – precision for health,"Hamburg, Germany",2026-10-08,https://www.linkedin.com/jobs/view/4469846524 , ,li-4469846524,fulltime,,,,,,False,mid-senior level,,,,Medical Equipment Manufacturing and Software Development,https://de.linkedin.com/company/seca,,,,,,,,,,,
linkedin,Growth Product Manager,Mira,"Berlin, Berlin, Germany",2026-10-08,https://www.linkedin.com/jobs/view/4477433382 , ,li-4477433382,fulltime,,,,,,False,mid-senior level,,,,Wellness and Fitness Services and Medical Equipment Manufacturing,https://www.linkedin.com/company/miracare,,,,,,,,,,,
linkedin,Produktmanager:in Palettiertechnik (all genders),WEBER GmbH,"Worms, Rhineland-Palatinate, Germany",2026-10-08,https://www.linkedin.com/jobs/view/4477156546 , ,li-4477156546,fulltime,,,,,,False,mid-senior level,,,bewerbung@webergmbh.de,Automation Machinery Manufacturing,https://de.linkedin.com/company/webergmbh,,,,,,,,,,,
linkedin,"Market-Facing Product Manager, Software Licensing & Protection (f/m/d)",Thales,"Munich, Bavaria, Germany",2026-10-08,https://www.linkedin.com/jobs/view/4477415508 , ,li-4477415508,fulltime,,,,,,False,not applicable,,,,Aviation and Aerospace Component Manufacturing and Defense and Space Manufacturing,https://fr.linkedin.com/company/thales,,,,,,,,,,,
linkedin,Technical Project Manager,Nevis Security,"Berlin, Berlin, Germany",2026-10-08,https://www.linkedin.com/jobs/view/4475757840 , ,li-4475757840,fulltime,,,,,,False,associate,,,,Software Development,https://ch.linkedin.com/company/nevis-security-ag,,,,,,,,,,,
linkedin,Projektmanager Softwareentwicklung & KI (m/w/d),Petanux GmbH,"Bonn, North Rhine-Westphalia, Germany",2026-10-08,https://www.linkedin.com/jobs/view/4476591417 , ,li-4476591417,fulltime,,,,,,False,mid-senior level,,,,Information Technology & Services,https://de.linkedin.com/company/petanux,,,,,,,,,,,
linkedin,Projectmanager Industrial Projects (m/w/d),Elis Germany & Austria,"Dresden, Saxony, Germany",2026-10-08,https://www.linkedin.com/jobs/view/4476206476 , ,li-4476206476,fulltime,,,,,,False,mid-senior level,,,,Retail,https://de.linkedin.com/company/elis-deutschland-sterreich,,,,,,,,,,,
linkedin,Senior Project Manager,Haystack,Greater Munich Metropolitan Area,2026-10-08,https://www.linkedin.com/jobs/view/4475712607 , ,li-4475712607,fulltime,,,,,,False,mid-senior level,,,,"Technology, Information and Media",https://uk.linkedin.com/company/wearehaystack,,,,,,,,,,,
linkedin,Projektmanager (w/m/d) Hochbau,Drees & Sommer,"Berlin, Berlin, Germany",2026-10-08,https://www.linkedin.com/jobs/view/4477146044 , ,li-4477146044,fulltime,,,,,,False,associate,,,,Real Estate,https://de.linkedin.com/company/drees-&-sommer,,,,,,,,,,,
linkedin,Projektmanager (m/w/d),Neusehland Hartmann GmbH & Co. KG,"Giessen, Hesse, Germany",2026-10-08,https://www.linkedin.com/jobs/view/4474820691 , ,li-4474820691,fulltime,,,,,,False,associate,,,,Retail,https://de.linkedin.com/company/neusehland-hartmann-gmbh-co-kg,,,,,,,,,,,
linkedin,Technical Project Manager,Foreship Ltd.,"Hamburg, Hamburg, Germany",2026-10-08,https://www.linkedin.com/jobs/view/4475451294 , ,li-4475451294,fulltime,,,,,,False,associate,,,,"Mechanical Or Industrial Engineering, Environmental Services, and Information Technology & Services",https://fi.linkedin.com/company/foreship-by-rina,,,,,,,,,,,
linkedin,"Senior Technical Project Manager, E-commerce (Shopify)",Mira,"Berlin, Berlin, Germany",2026-10-08,https://www.linkedin.com/jobs/view/4477437098 , ,li-4477437098,fulltime,,,,,,False,mid-senior level,,,,Medical Equipment Manufacturing,https://www.linkedin.com/company/miracare,,,,,,,,,,,
linkedin,Projektleiter / Project Leader Unternehmensprojekte (m/w/d) Hamburg,Detlev Louis Motorrad-Vertriebsgesellschaft mbH,"Hamburg, Hamburg, Germany",2026-10-08,https://www.linkedin.com/jobs/view/4474320355 , ,li-4474320355,fulltime,,,,,,False,mid-senior level,,,,Retail,https://de.linkedin.com/company/detlev-louis-motorradvertriebs-gmbh,,,,,,,,,,,
linkedin,Project Manager Software & Cybersecurity (m/f/d),Nordex Group,"Hamburg, Germany",2026-10-08,https://www.linkedin.com/jobs/view/4477403725 , ,li-4477403725,fulltime,,,,,,False,entry level,,,,Renewable Energy Equipment Manufacturing,https://de.linkedin.com/company/nordex,,,,,,,,,,,
linkedin,Project Manager / Projektleiter Sprinkleranlagen (m/w/d) Sprinkleranlagen | Project Manager | Jockel-Bramax GmbH Zentrale | Gladbeck Bottrop | Bottrop - Jobbird.com,Jobster,"Gladbeck, North Rhine-Westphalia, Germany",2026-10-08,https://www.linkedin.com/jobs/view/4475900842 , ,li-4475900842,fulltime,,,,,,False,mid-senior level,,,,IT Services and IT Consulting,https://nl.linkedin.com/company/jobster-com,,,,,,,,,,,
linkedin,Technischer Projektleiter (m/w/d) Serviceprojekte,BEUMER Group,"Cottbus, Brandenburg, Germany",2026-10-08,https://www.linkedin.com/jobs/view/4440233362 , ,li-4440233362,fulltime,,,,,,False,associate,,,,Automation Machinery Manufacturing,https://de.linkedin.com/company/beumer-group-,,,,,,,,,,,
linkedin,Projektmanager:in,Hays,"Dresden, Saxony, Germany",2026-10-08,https://www.linkedin.com/jobs/view/4477183913 , ,li-4477183913,fulltime,direct_data,yearly,80000.0,100000.0,EUR,False,associate,,,,Shipbuilding and Construction,https://uk.linkedin.com/company/hays,,,,,,,,,,,
linkedin,Projektmanager (m/w/d),WERTGARANTIE Group,"Hannover, Lower Saxony, Germany",2026-10-08,https://www.linkedin.com/jobs/view/4457981443 , ,li-4457981443,fulltime,,,,,,False,mid-senior level,,,,Insurance,https://de.linkedin.com/company/wertgarantie-group,,,,,,,,,,,
linkedin,Project Manager,Haystack,Greater Munich Metropolitan Area,2026-10-08,https://www.linkedin.com/jobs/view/4475711624 , ,li-4475711624,fulltime,,,,,,False,mid-senior level,,,,"Technology, Information and Media",https://uk.linkedin.com/company/wearehaystack,,,,,,,,,,,
linkedin,Project Manager,Spencer Ogden,"Frankfurt am Main, Hesse, Germany",2026-10-08,https://www.linkedin.com/jobs/view/4477405204 , ,li-4477405204,fulltime,,,,,,False,mid-senior level,,,,IT Services and IT Consulting and Semiconductor Manufacturing,https://uk.linkedin.com/company/spencerogden,,,,,,,,,,,
linkedin,Senior Projektmanager (m/w/d) Hochbau,DIS AG,"Essen, North Rhine-Westphalia, Germany",2026-10-08,https://www.linkedin.com/jobs/view/4474820415 , ,li-4474820415,fulltime,,,,,,False,mid-senior level,,,,Construction,https://de.linkedin.com/company/dis-ag,,,,,,,,,,,
linkedin,Project Manager,Hyra,"Munich, Bavaria, Germany",2026-10-08,https://www.linkedin.com/jobs/view/4477114919 , ,li-4477114919,fulltime,,,,,,False,associate,,,,"Technology, Information and Media and Health and Human Services",https://www.linkedin.com/company/joinhyra,,,,,,,,,,,
linkedin,Senior Projektmanager (w/m/d) TGA,Assmann Beraten + Planen,"Hamburg, Germany",2026-10-08,https://www.linkedin.com/jobs/view/4467089171 , ,li-4467089171,fulltime,,,,,,False,associate,,,,Building Equipment Contractors and Engineering Services,https://de.linkedin.com/company/assmann-beraten-planen,,,,,,,,,,,
linkedin,Project Manager (m/f/d),Exyte,"Berlin, Berlin, Germany",2026-10-08,https://www.linkedin.com/jobs/view/4477155164 , ,li-4477155164,fulltime,,,,,,False,mid-senior level,,,vasiliki.mouli2@exyte.net,Civil Engineering,https://de.linkedin.com/company/exyte-group,,,,,,,,,,,
linkedin,Projektleitung (m/w/d) Gebäudeautomation / Sicherheitstechnik,PKE Deutschland GmbH,"Leipzig, Saxony, Germany",2026-10-08,https://www.linkedin.com/jobs/view/4209312259 , ,li-4209312259,fulltime,,,,,,False,mid-senior level,,,,Security Systems Services,https://de.linkedin.com/company/pke-deutschland-gmbh,,,,,,,,,,,
linkedin,Senior SAP Project Manager (m/f/d) - Tieto Tech Consulting,Tieto,"Berlin, Berlin, Germany",2026-10-08,https://www.linkedin.com/jobs/view/4430457768 , ,li-4430457768,fulltime,,,,,,False,mid-senior level,,,careers.austria@tieto.com,"Technology, Information and Internet",https://www.linkedin.com/company/tieto,,,,,,,,,,,
linkedin,Projektleiter Anlagenbau Umwelt- & Energietechnik (m/w/d),mamgo | Talente 🔗 Jobs,"Dresden, Saxony, Germany",2026-10-08,https://www.linkedin.com/jobs/view/4475908104 , ,li-4475908104,fulltime,,,,,,False,mid-senior level,,,,"Technology, Information and Internet",https://de.linkedin.com/company/mamgo-io,,,,,,,,,,,
linkedin,Senior Product Manager - AI Pathology (d/f/m),Aignostics,Germany,2026-10-07,https://www.linkedin.com/jobs/view/4418728953 , ,li-4418728953,fulltime,,,,,,False,mid-senior level,,,,Software Development,https://de.linkedin.com/company/aignostics,,,,,,,,,,,
linkedin,Innovation Project Manager (m/f/d),Dr. August Oetker NM KG,"Bielefeld, North Rhine-Westphalia, Germany",2026-10-07,https://www.linkedin.com/jobs/view/4475714986 , ,li-4475714986,fulltime,,,,,,False,mid-senior level,,,,Food and Beverage Manufacturing,,,,,,,,,,,,
linkedin,Senior Product Manager - PDF Expert,WhyBrilliant,"Berlin, Berlin, Germany",2026-10-07,https://www.linkedin.com/jobs/view/4465542167 , ,li-4465542167,fulltime,direct_data,yearly,100000.0,120000.0,EUR,False,mid-senior level,,,,Software Development,https://de.linkedin.com/company/whybrilliantcom,,,,,,,,,,,
linkedin,Produktentwickler (m/w/d),AVAT Automation GmbH,"Tübingen, Baden-Württemberg, Germany",2026-10-07,https://www.linkedin.com/jobs/view/4476523999 , ,li-4476523999,fulltime,,,,,,False,mid-senior level,,,jobs@avat.de,Renewables & Environment,https://de.linkedin.com/company/avat-automation-gmbh,,,,,,,,,,,
linkedin,Senior Produktmanager – Applikation zur Prüfung von Führungs- und Kommunikationssystemen (m/w/d),BWI GmbH,"Hamburg, Hamburg, Germany",2026-10-07,https://www.linkedin.com/jobs/view/4476537455 , ,li-4476537455,fulltime,,,,,,False,mid-senior level,,,,IT Services and IT Consulting,https://de.linkedin.com/company/bwi-gmbh,,,,,,,,,,,
linkedin,Senior Produktmanager – Applikation zur Prüfung von Führungs- und Kommunikationssystemen (m/w/d),BWI GmbH,"Berlin, Berlin, Germany",2026-10-07,https://www.linkedin.com/jobs/view/4476536493 , ,li-4476536493,fulltime,,,,,,False,mid-senior level,,,,IT Services and IT Consulting,https://de.linkedin.com/company/bwi-gmbh,,,,,,,,,,,
linkedin,Senior Projektleiter (m/w/d) Kältetechnik,Zimmer & Hälbig GmbH,"Bielefeld, North Rhine-Westphalia, Germany",2026-10-07,https://www.linkedin.com/jobs/view/4474466293 , ,li-4474466293,fulltime,,,,,,False,mid-senior level,,,,Construction,https://de.linkedin.com/company/zimmer-&-h%C3%A4lbig-gmbh,,,,,,,,,,,
linkedin,Leiter Projektmanagement (m/w/d),GBM Gleisbaumechanik Brandenburg/H. GmbH,"Brandenburg on the Havel, Brandenburg, Germany",2026-10-07,https://www.linkedin.com/jobs/view/4476713301 , ,li-4476713301,fulltime,,,,,,False,mid-senior level,,,,"Manufacturing, Repair and Maintenance, and Railroad Equipment Manufacturing",https://de.linkedin.com/company/gbm-gleisbaumechanik,,,,,,,,,,,
linkedin,SENIOR EVENT PROJEKTMANAGER/IN FÜR PHARMA EVENTS,egg,"Cologne, North Rhine-Westphalia, Germany",2026-10-07,https://www.linkedin.com/jobs/view/4475476605 , ,li-4475476605,fulltime,direct_data,yearly,55000.0,65000.0,EUR,False,mid-senior level,,,,Events Services,https://fr.linkedin.com/company/egg-events,,,,,,,,,,,
linkedin,Projektleiter Facility Management (m/w/d) - Berlin,Vonovia,"Berlin, Germany",2026-10-07,https://www.linkedin.com/jobs/view/4476554601 , ,li-4476554601,fulltime,,,,,,False,mid-senior level,,,,Real Estate,https://de.linkedin.com/company/vonovia,,,,,,,,,,,
linkedin,Projektmanager (m/w/d) im Bereich Elektronik & Embedded Systems,Bertrandt Group,"Hamburg, Hamburg, Germany",2026-10-07,https://www.linkedin.com/jobs/view/4475454040 , ,li-4475454040,fulltime,,,,,,False,mid-senior level,,,,Engineering Services,https://de.linkedin.com/company/bertrandt-ag,,,,,,,,,,,
linkedin,(Senior) Projektleiter Future Combat Air Programmes (m/w/d),IABG Industrieanlagen Betriebs-GmbH,"Berlin, Berlin, Germany",2026-10-07,https://www.linkedin.com/jobs/view/4476236377 , ,li-4476236377,fulltime,,,,,,False,mid-senior level,,,,IT Services and IT Consulting,,,,,,,,,,,,
linkedin,"Projektmanager*in Hochbau - Science, Industry & Technology (m/w/d)",Arup,"Frankfurt am Main, Hesse, Germany",2026-10-07,https://www.linkedin.com/jobs/view/4476767824 , ,li-4476767824,fulltime,,,,,,False,mid-senior level,,,,Design Services and Architecture and Planning,https://uk.linkedin.com/company/arup,,,,,,,,,,,
linkedin,Projektmanager Engineering Simulation (m/w/d),Rheinmetall,"Bremen, Bremen, Germany",2026-10-07,https://www.linkedin.com/jobs/view/4456949353 , ,li-4456949353,fulltime,,,,,,False,mid-senior level,,,,Defense and Space Manufacturing,https://de.linkedin.com/company/rheinmetall,,,,,,,,,,,
linkedin,Produktmanager (m/w/d) Industrielle Haftpflichtversicherung,W&W-Gruppe,"Kornwestheim, Baden-Württemberg, Germany",2026-10-07,https://www.linkedin.com/jobs/view/4470292486 , ,li-4470292486,fulltime,,,,,,False,mid-senior level,,,,Insurance,https://de.linkedin.com/company/wwgruppe,,,,,,,,,,,
linkedin,Senior Product Owner Plattform & Infrastructure (m/w/d),Arkwright Digital GmbH,Greater Hamburg Area,2026-10-07,https://www.linkedin.com/jobs/view/4476572585 , ,li-4476572585,fulltime,,,,,,False,associate,,,recruiting@arkwright.de,IT Services and IT Consulting,https://de.linkedin.com/company/arkwright-digital-gmbh,,,,,,,,,,,
linkedin,Technical Product Owner | Integrations (m/f/d),Superchat,"Berlin, Berlin, Germany",2026-10-07,https://www.linkedin.com/jobs/view/4476536963 , ,li-4476536963,fulltime,,,,,,False,mid-senior level,,,,IT Services and IT Consulting,https://de.linkedin.com/company/superchatcom,,,,,,,,,,,
linkedin,Product Manager Consumable Customization Services (F/M),Sartorius,"Göttingen, Lower Saxony, Germany",2026-10-07,https://www.linkedin.com/jobs/view/4450092930 , ,li-4450092930,fulltime,,,,,,False,mid-senior level,,,,Biotechnology Research,https://de.linkedin.com/company/sartorius,,,,,,,,,,,
linkedin,Product Manager (Hardware),AI Futures,"Munich, Bavaria, Germany",2026-10-07,https://www.linkedin.com/jobs/view/4476596440 , ,li-4476596440,fulltime,direct_data,yearly,100000.0,150000.0,EUR,False,mid-senior level,,,,Robotics Engineering and Industrial Machinery Manufacturing,https://uk.linkedin.com/company/aifuturesgroup,,,,,,,,,,,
linkedin,Product Manager,Turba Labs,"Baden-Württemberg, Germany",2026-10-07,https://www.linkedin.com/jobs/view/4451655899 , ,li-4451655899,fulltime,,,,,,False,mid-senior level,,,,Software Development,https://www.linkedin.com/company/turbalabs,,,,,,,,,,,
linkedin,(Senior) Produktmanager Biometrie (pAV/bAV) (m/w/d),AXA,"Cologne, North Rhine-Westphalia, Germany",2026-10-07,https://www.linkedin.com/jobs/view/4454563229 , ,li-4454563229,fulltime,,,,,,False,mid-senior level,,,recruiting@axa.de,Insurance,https://fr.linkedin.com/company/axa,,,,,,,,,,,
linkedin,Senior Product Manager Claims (w/m/d/x),EMIL Group,Germany,2026-10-07,https://www.linkedin.com/jobs/view/4456043908 , ,li-4456043908,fulltime,,,,,,False,mid-senior level,,,,Insurance and IT Services and IT Consulting,https://de.linkedin.com/company/emil-de,,,,,,,,,,,
linkedin,Senior Technical Product Manager – Core Asset Module (m/w/d),JobRad® | Deutschland,Germany,2026-10-07,https://www.linkedin.com/jobs/view/4466503106 , ,li-4466503106,fulltime,,,,,,False,mid-senior level,,,,Financial Services,https://de.linkedin.com/company/jobrad-gmbh,,,,,,,,,,,
linkedin,Staff Product Manager – German Speaking - Managed Detection and Incident Response (m/f/x),Eye Security,"Berlin, Berlin, Germany",2026-10-07,https://www.linkedin.com/jobs/view/4466882364 , ,li-4466882364,fulltime,,,,,,False,mid-senior level,,,,Computer and Network Security,https://nl.linkedin.com/company/eyesecurity,,,,,,,,,,,
linkedin,Senior IT-Projektleiter (m/w/d),BWI GmbH,"Munich, Bavaria, Germany",2026-10-07,https://www.linkedin.com/jobs/view/4476935172 , ,li-4476935172,fulltime,,,,,,False,mid-senior level,,,,IT Services and IT Consulting,https://de.linkedin.com/company/bwi-gmbh,,,,,,,,,,,
linkedin,Strategischer Produktmanager (m/w/d),Instaffo,"Herten, North Rhine-Westphalia, Germany",2026-10-07,https://www.linkedin.com/jobs/view/4467713484 , ,li-4467713484,fulltime,direct_data,yearly,66000.0,88000.0,EUR,False,mid-senior level,,,,Staffing and Recruiting,https://de.linkedin.com/company/instaffo-gmbh,,,,,,,,,,,
linkedin,"Senior Technical Product Manager, Rail Integrations (all genders)",Distribusion Technologies,"Berlin, Germany",2026-10-07,https://www.linkedin.com/jobs/view/4463489561 , ,li-4463489561,fulltime,,,,,,False,mid-senior level,,,talent@distribusion.com,IT Services and IT Consulting,https://de.linkedin.com/company/distribusion,,,,,,,,,,,
linkedin,Product Manager (f/m/d),MICRO-TECH Endoscopy EMEA,"Düsseldorf, North Rhine-Westphalia, Germany",2026-10-07,https://www.linkedin.com/jobs/view/4476587058 , ,li-4476587058,fulltime,,,,,,False,entry level,,,,Medical Equipment Manufacturing,https://www.linkedin.com/company/microtechemea,,,,,,,,,,,
linkedin,Senior IT-Projektleiter (m/w/d),BWI GmbH,"Meckenheim, North Rhine-Westphalia, Germany",2026-10-07,https://www.linkedin.com/jobs/view/4476919841 , ,li-4476919841,fulltime,,,,,,False,mid-senior level,,,,IT Services and IT Consulting,https://de.linkedin.com/company/bwi-gmbh,,,,,,,,,,,
linkedin,Projektleiter Konstruktiver Ingenieurbau (w/m/d),Arcadis,"Nuremberg, Bavaria, Germany",2026-10-07,https://www.linkedin.com/jobs/view/4465533814 , ,li-4465533814,fulltime,,,,,,False,not applicable,,,,Professional Services,https://nl.linkedin.com/company/arcadis,,,,,,,,,,,
linkedin,Architekt / Bauleiter mit Projektverantwortung (m/w/d),PolyTALENT JOBS,"Dortmund, North Rhine-Westphalia, Germany",2026-10-07,https://www.linkedin.com/jobs/view/4476576334 , ,li-4476576334,fulltime,,,,,,False,associate,,,,Staffing and Recruiting,https://de.linkedin.com/company/polytalent-jobs,,,,,,,,,,,
linkedin,Projektleiter Maler / Trockenbauer / Bodenleger (m/w/d),VLD Trade GmbH,"Bramsche, Lower Saxony, Germany",2026-10-07,https://www.linkedin.com/jobs/view/4476559501 , ,li-4476559501,fulltime,,,,,,False,mid-senior level,,,,Administrative and Support Services,https://de.linkedin.com/company/vld-trade-gmbh,,,,,,,,,,,
linkedin,Einsatzleiter / Projektleiter in der Kampfmittelbergung (m/w/d),SCHOLLENBERGER Kampfmittelbergung GmbH,"Westerstede, Lower Saxony, Germany",2026-10-07,https://www.linkedin.com/jobs/view/4467907587 , ,li-4467907587,fulltime,,,,,,False,mid-senior level,,,karriere@socotec.de,Environmental Services,https://de.linkedin.com/company/schollenberger-kampfmittelbergung-gmbh,,,,,,,,,,,
linkedin,Teamlead Technisches Projektmanagement Messstellenbetrieb (m/w/d),wattline GmbH,"Ruderting, Bavaria, Germany",2026-10-07,https://www.linkedin.com/jobs/view/4469120423 , ,li-4469120423,fulltime,,,,,,False,mid-senior level,,,bewerbung@wattline.com,Utilities,https://de.linkedin.com/company/wattline-gmbh,,,,,,,,,,,
linkedin,AI Solutions Manager (w/m/d),PharmaSGP Holding SE,"Gräfelfing, Bavaria, Germany",2026-10-07,https://www.linkedin.com/jobs/view/4476595747 , ,li-4476595747,fulltime,,,,,,False,associate,,,,Biotechnology Research,https://de.linkedin.com/company/pharmasgp,,,,,,,,,,,
linkedin,Associate Produktmanager Gebläsetechnik (m/w/d),KAESER KOMPRESSOREN,"Coburg, Bavaria, Germany",2026-10-07,https://www.linkedin.com/jobs/view/4476524977 , ,li-4476524977,fulltime,,,,,,False,entry level,,,,Machinery Manufacturing,https://de.linkedin.com/company/kaeser-kompressoren,,,,,,,,,,,
linkedin,"Team Lead Product Manager, Mobile Apps (m/f/d)",AutoScout24,"Munich, Bavaria, Germany",2026-10-07,https://www.linkedin.com/jobs/view/4466882064 , ,li-4466882064,fulltime,,,,,,False,mid-senior level,,,,Software Development,https://de.linkedin.com/company/autoscout24,,,,,,,,,,,
linkedin,Global Product Manager - Pressure Sensors (m/f/d) Remote EMEA,TE Connectivity,Germany,2026-10-07,https://www.linkedin.com/jobs/view/4465091419 , ,li-4465091419,fulltime,,,,,,True,mid-senior level,,,,"Appliances, Electrical, and Electronics Manufacturing",https://ie.linkedin.com/company/te-connectivity,,,,,,,,,,,
linkedin,(Senior) Product Manager (m/f/d),HELM AG,"Hamburg, Hamburg, Germany",2026-10-07,https://www.linkedin.com/jobs/view/4390716176 , ,li-4390716176,fulltime,,,,,,False,mid-senior level,,,,Chemical Manufacturing,https://de.linkedin.com/company/helmag,,,,,,,,,,,
linkedin,Senior Produktmanager – Applikation zur Prüfung von Führungs- und Kommunikationssystemen (m/w/d),BWI GmbH,"Munich, Bavaria, Germany",2026-10-07,https://www.linkedin.com/jobs/view/4476543142 , ,li-4476543142,fulltime,,,,,,False,mid-senior level,,,,IT Services and IT Consulting,https://de.linkedin.com/company/bwi-gmbh,,,,,,,,,,,
linkedin,Senior Produktmanager – Applikation zur Prüfung von Führungs- und Kommunikationssystemen (m/w/d),BWI GmbH,"Frankfurt am Main, Hesse, Germany",2026-10-07,https://www.linkedin.com/jobs/view/4476535536 , ,li-4476535536,fulltime,,,,,,False,mid-senior level,,,,IT Services and IT Consulting,https://de.linkedin.com/company/bwi-gmbh,,,,,,,,,,,
linkedin,Senior Produktmanager – Applikation zur Prüfung von Führungs- und Kommunikationssystemen (m/w/d),BWI GmbH,"Bonn, North Rhine-Westphalia, Germany",2026-10-07,https://www.linkedin.com/jobs/view/4476542248 , ,li-4476542248,fulltime,,,,,,False,mid-senior level,,,,IT Services and IT Consulting,https://de.linkedin.com/company/bwi-gmbh,,,,,,,,,,,
linkedin,Senior Produktmanager – Applikation zur Prüfung von Führungs- und Kommunikationssystemen (m/w/d),BWI GmbH,"Nuremberg, Bavaria, Germany",2026-10-07,https://www.linkedin.com/jobs/view/4476537454 , ,li-4476537454,fulltime,,,,,,False,mid-senior level,,,,IT Services and IT Consulting,https://de.linkedin.com/company/bwi-gmbh,,,,,,,,,,,
linkedin,Senior Produktmanager – Applikation zur Prüfung von Führungs- und Kommunikationssystemen (m/w/d),BWI GmbH,"Leipzig, Saxony, Germany",2026-10-07,https://www.linkedin.com/jobs/view/4476544096 , ,li-4476544096,fulltime,,,,,,False,mid-senior level,,,,IT Services and IT Consulting,https://de.linkedin.com/company/bwi-gmbh,,,,,,,,,,,
linkedin,Senior Produktmanager – Applikation zur Prüfung von Führungs- und Kommunikationssystemen (m/w/d),BWI GmbH,"Ulm, Baden-Württemberg, Germany",2026-10-07,https://www.linkedin.com/jobs/view/4476542249 , ,li-4476542249,fulltime,,,,,,False,mid-senior level,,,,IT Services and IT Consulting,https://de.linkedin.com/company/bwi-gmbh,,,,,,,,,,,
linkedin,"(Senior) Product Manager,Trust Platform – Modules (f/m/d)",IDnow,"Berlin, Berlin, Germany",2026-10-07,https://www.linkedin.com/jobs/view/4470298283 , ,li-4470298283,fulltime,,,,,,False,mid-senior level,,,,Software Development,https://de.linkedin.com/company/idnow,,,,,,,,,,,
linkedin,Product Manager B2B SaaS – EV Charging & Energy (all genders),reev,"Munich, Bavaria, Germany",2026-10-07,https://www.linkedin.com/jobs/view/4475195609 , ,li-4475195609,fulltime,,,,,,False,associate,,,,Software Development,https://de.linkedin.com/company/reevmobility,,,,,,,,,,,
linkedin,Product Manager - Energy Management (all genders),reev,"Munich, Bavaria, Germany",2026-10-07,https://www.linkedin.com/jobs/view/4475408138 , ,li-4475408138,fulltime,,,,,,False,associate,,,,Software Development and Energy Technology,https://de.linkedin.com/company/reevmobility,,,,,,,,,,,
linkedin,Produktmanager Versorgungsmanagement (m/w/d),BITMARCK,"Frankfurt, Hesse, Germany",2026-10-07,https://www.linkedin.com/jobs/view/4456486931 , ,li-4456486931,fulltime,,,,,,False,mid-senior level,,,,IT Services and IT Consulting,https://de.linkedin.com/company/bitmarck,,,,,,,,,,,
linkedin,Produktmanager Strommarkt & Sektorenkopplung (all genders),AVAT Automation GmbH,"Tübingen, Baden-Württemberg, Germany",2026-10-07,https://www.linkedin.com/jobs/view/4476529713 , ,li-4476529713,fulltime,,,,,,False,mid-senior level,,,jobs@avat.de,Renewables & Environment,https://de.linkedin.com/company/avat-automation-gmbh,,,,,,,,,,,
linkedin,Senior Product Manager (f/m/d),IDnow,"Munich, Bavaria, Germany",2026-10-07,https://www.linkedin.com/jobs/view/4399535961 , ,li-4399535961,fulltime,,,,,,False,mid-senior level,,,,Software Development,https://de.linkedin.com/company/idnow,,,,,,,,,,,
linkedin,Senior Product Manager (m/f/d),Orca Group,Greater Munich Metropolitan Area,2026-10-07,https://www.linkedin.com/jobs/view/4475412569 , ,li-4475412569,fulltime,,,,,,False,mid-senior level,,,,Software Development,https://de.linkedin.com/company/orca-group-gmbh,,,,,,,,,,,
linkedin,Senior Product Manager - Machine Learning (m/f/d),voize,"Berlin, Germany",2026-10-07,https://www.linkedin.com/jobs/view/4428843132 , ,li-4428843132,fulltime,,,,,,False,mid-senior level,,,,Software Development,https://de.linkedin.com/company/voize-ai,,,,,,,,,,,
linkedin,"Produktmanager Traumatologie, Medizintechnik (m/w/d)",aap Implantate AG,"Berlin, Germany",2026-10-07,https://www.linkedin.com/jobs/view/4476570240 , ,li-4476570240,fulltime,,,,,,False,entry level,,,,Medical Equipment Manufacturing,https://de.linkedin.com/company/aap-implantate-ag,,,,,,,,,,,
linkedin,Product Manager (all genders),UTA Edenred,"Kleinostheim, Bavaria, Germany",2026-10-07,https://www.linkedin.com/jobs/view/4476722119 , ,li-4476722119,fulltime,,,,,,False,mid-senior level,,,,IT Services and IT Consulting,https://de.linkedin.com/company/utaedenred,,,,,,,,,,,
linkedin,Projektleiter Konstruktiver Ingenieurbau (w/m/d),Arcadis,"Stuttgart, Baden-Württemberg, Germany",2026-10-07,https://www.linkedin.com/jobs/view/4465549749 , ,li-4465549749,fulltime,,,,,,False,not applicable,,,,Professional Services,https://nl.linkedin.com/company/arcadis,,,,,,,,,,,
linkedin,Projektleiter Elektrotechnik m/w/d,SPIE ICS – SPIE Information & Communication Services GmbH,"Rüsselsheim, Hesse, Germany",2026-10-07,https://www.linkedin.com/jobs/view/4476539412 , ,li-4476539412,fulltime,,,,,,False,mid-senior level,,,,IT Services and IT Consulting,https://de.linkedin.com/company/spie-ics-germany,,,,,,,,,,,
linkedin,Projektmanager/in Hochbau,Projektmanagement Pachner GmbH,"Fellbach, Baden-Württemberg, Germany",2026-10-07,https://www.linkedin.com/jobs/view/4476596399 , ,li-4476596399,fulltime,,,,,,False,entry level,,,,,,,,,,,,,,,,
linkedin,Projektleiter Konstruktiver Ingenieurbau (w/m/d),Arcadis,"Dresden, Saxony, Germany",2026-10-07,https://www.linkedin.com/jobs/view/4465548799 , ,li-4465548799,fulltime,,,,,,False,not applicable,,,,Professional Services,https://nl.linkedin.com/company/arcadis,,,,,,,,,,,
linkedin,Projektleiter (w/m/d) EPCM ‒ TGA Elektrotechnik,Drees & Sommer,"Stuttgart, Baden-Württemberg, Germany",2026-10-07,https://www.linkedin.com/jobs/view/4476585401 , ,li-4476585401,fulltime,,,,,,False,associate,,,,Real Estate,https://de.linkedin.com/company/drees-&-sommer,,,,,,,,,,,
linkedin,Projektleiter (m/w/d) Mittelspannungs- und Trafoanlagen,LIST Gruppe,"Leipzig, Saxony, Germany",2026-10-07,https://www.linkedin.com/jobs/view/4465717186 , ,li-4465717186,fulltime,,,,,,False,associate,,,,Construction and Real Estate,https://de.linkedin.com/company/list-gruppe,,,,,,,,,,,
linkedin,Senior IT-Projektleiter (m/w/d),BWI GmbH,"Frankfurt am Main, Hesse, Germany",2026-10-07,https://www.linkedin.com/jobs/view/4476925700 , ,li-4476925700,fulltime,,,,,,False,mid-senior level,,,,IT Services and IT Consulting,https://de.linkedin.com/company/bwi-gmbh,,,,,,,,,,,
linkedin,Projektleiter:in HLKS,Cobalt Deutschland GmbH,"Berlin, Germany",2026-10-07,https://www.linkedin.com/jobs/view/4476713291 , ,li-4476713291,fulltime,direct_data,yearly,70000.0,90000.0,EUR,False,associate,,,,Construction and Real Estate,https://de.linkedin.com/company/cobalt-deutschland,,,,,,,,,,,
linkedin,Project Manager BESS - German speaker (m/w/d),Second Foundation,"Berlin, Germany",2026-10-07,https://www.linkedin.com/jobs/view/4476519986 , ,li-4476519986,fulltime,,,,,,False,mid-senior level,,,,Services for Renewable Energy,https://cz.linkedin.com/company/secondfoundation,,,,,,,,,,,
linkedin,Projektleiter (m/w/d) Sonderwerkzeuge und Prüfgeräte,KNDS Deutschland,"Kassel, Hesse, Germany",2026-10-07,https://www.linkedin.com/jobs/view/4476742317 , ,li-4476742317,fulltime,,,,,,False,mid-senior level,,,,Defense and Space Manufacturing,https://de.linkedin.com/company/knds-deutschland,,,,,,,,,,,
linkedin,Projektmanager im Bauwesen (m/w/d),ELA Container,"Haren, Lower Saxony, Germany",2026-10-07,https://www.linkedin.com/jobs/view/4476567404 , ,li-4476567404,fulltime,,,,,,False,mid-senior level,,,,Building Construction,https://de.linkedin.com/company/ela-container,,,,,,,,,,,
linkedin,Projektleiter Großprojekte Industriebau (m/w/d),Hays,"Berlin, Berlin, Germany",2026-10-07,https://www.linkedin.com/jobs/view/4475406522 , ,li-4475406522,fulltime,direct_data,yearly,90000.0,140000.0,EUR,False,associate,,,,Construction,https://uk.linkedin.com/company/hays,,,,,,,,,,,
linkedin,Projektleiter m/w/d für Aufzugsneubau und Modernisierungen,KONE,"Berlin, Berlin, Germany",2026-10-07,https://www.linkedin.com/jobs/view/4468217158 , ,li-4468217158,fulltime,,,,,,False,associate,,,jobs.germany@kone.com,Industrial Machinery Manufacturing,https://fi.linkedin.com/company/kone,,,,,,,,,,,
linkedin,Projektleiter / Projektmanager (all genders) SAP Cloud ERP,valantic,"Cologne, North Rhine-Westphalia, Germany",2026-10-07,https://www.linkedin.com/jobs/view/4474459525 , ,li-4474459525,fulltime,,,,,,False,mid-senior level,,,,Business Consulting and Services,https://de.linkedin.com/company/valantic,,,,,,,,,,,
linkedin,Technischer Projektmanager - Batteriespeicher (m/w/d),encosa energy,"Munich, Bavaria, Germany",2026-10-07,https://www.linkedin.com/jobs/view/4476595349 , ,li-4476595349,fulltime,,,,,,False,mid-senior level,,,,Renewable Energy Semiconductor Manufacturing,https://de.linkedin.com/company/encosa-energy,,,,,,,,,,,
linkedin,Projektleiter Sondermaschinenbau (m/w/d),Akkodis,"Munich, Bavaria, Germany",2026-10-07,https://www.linkedin.com/jobs/view/4475425389 , ,li-4475425389,fulltime,,,,,,False,not applicable,,,,Commercial and Service Industry Machinery Manufacturing,https://www.linkedin.com/company/akkodis,,,,,,,,,,,
linkedin,Operational Project Manager (m/w/d),ELA Container,"Haren, Lower Saxony, Germany",2026-10-07,https://www.linkedin.com/jobs/view/4476575058 , ,li-4476575058,fulltime,,,,,,False,mid-senior level,,,,Building Construction,https://de.linkedin.com/company/ela-container,,,,,,,,,,,
linkedin,Projektmanager (m/w/d) im Gesundheitswesen,Kassenärztliche Vereinigung Westfalen-Lippe (KVWL),"Dortmund, North Rhine-Westphalia, Germany",2026-10-07,https://www.linkedin.com/jobs/view/4474447203 , ,li-4474447203,fulltime,,,,,,False,entry level,,,bewerbungsmanagement@kvwl.de,Hospitals and Health Care,https://de.linkedin.com/company/karriere-kvwl,,,,,,,,,,,
linkedin,Projektleiter (m/w/d) TGA,Zimmer & Hälbig GmbH,"Cologne, North Rhine-Westphalia, Germany",2026-10-07,https://www.linkedin.com/jobs/view/4474459597 , ,li-4474459597,fulltime,,,,,,False,mid-senior level,,,,Construction,https://de.linkedin.com/company/zimmer-&-h%C3%A4lbig-gmbh,,,,,,,,,,,
linkedin,Project Manager DACH,DiliTrust,"Munich, Bavaria, Germany",2026-10-07,https://www.linkedin.com/jobs/view/4458502828 , ,li-4458502828,fulltime,,,,,,False,mid-senior level,,,,Software Development,https://fr.linkedin.com/company/dilitrust,,,,,,,,,,,
linkedin,Projektleiter (m/w/d) TGA,Zimmer & Hälbig GmbH,"Hannover, Lower Saxony, Germany",2026-10-07,https://www.linkedin.com/jobs/view/4474466292 , ,li-4474466292,fulltime,,,,,,False,mid-senior level,,,,Construction,https://de.linkedin.com/company/zimmer-&-h%C3%A4lbig-gmbh,,,,,,,,,,,
linkedin,Senior Project Manager (m/w/d) Customer Projects,Körber Supply Chain,"Nuremberg, Bavaria, Germany",2026-10-07,https://www.linkedin.com/jobs/view/4409918223 , ,li-4409918223,fulltime,,,,,,False,mid-senior level,,,jobs@koerber.com,Machinery Manufacturing and Industrial Machinery Manufacturing,https://de.linkedin.com/company/koerber-supply-chain,,,,,,,,,,,
linkedin,Projektleiter Konstruktion (m/w/d),SIEGENIA GROUP,"Velbert, North Rhine-Westphalia, Germany",2026-10-07,https://www.linkedin.com/jobs/view/4474177859 , ,li-4474177859,fulltime,,,,,,False,mid-senior level,,,,Wholesale Building Materials,https://de.linkedin.com/company/siegenia-aubi-kg,,,,,,,,,,,
linkedin,Projektmanager U-Boot Simulation (m/w/d),Rheinmetall,"Bremen, Bremen, Germany",2026-10-07,https://www.linkedin.com/jobs/view/4475182273 , ,li-4475182273,fulltime,,,,,,False,mid-senior level,,,,Defense and Space Manufacturing,https://de.linkedin.com/company/rheinmetall,,,,,,,,,,,
linkedin,Senior IT-Projektleiter (m/w/d),BWI GmbH,"Bonn, North Rhine-Westphalia, Germany",2026-10-07,https://www.linkedin.com/jobs/view/4476934276 , ,li-4476934276,fulltime,,,,,,False,mid-senior level,,,,IT Services and IT Consulting,https://de.linkedin.com/company/bwi-gmbh,,,,,,,,,,,
linkedin,Projektleiter (m/w/d) – Brand- und Wasserschadensanierung,SANIERUNGSWERK GMBH,"Moers, North Rhine-Westphalia, Germany",2026-10-07,https://www.linkedin.com/jobs/view/4476555705 , ,li-4476555705,fulltime,,,,,,False,mid-senior level,,,,Construction,https://de.linkedin.com/company/sanierungswerk-gmbh,,,,,,,,,,,
linkedin,Technischer Projektleiter (m/w/d) - Elektrik & Elektronik ggf. in TZ,Bertrandt Group,"Mannheim, Baden-Württemberg, Germany",2026-10-07,https://www.linkedin.com/jobs/view/4475449216 , ,li-4475449216,fulltime,,,,,,False,mid-senior level,,,,Engineering Services,https://de.linkedin.com/company/bertrandt-ag,,,,,,,,,,,
linkedin,Technischer Projektleiter (m/w/d),KNDS Deutschland,"Kassel, Hesse, Germany",2026-10-07,https://www.linkedin.com/jobs/view/4476747073 , ,li-4476747073,fulltime,,,,,,False,mid-senior level,,,,Defense and Space Manufacturing,https://de.linkedin.com/company/knds-deutschland,,,,,,,,,,,
linkedin,Project Lead | Manager IT-Consulting (m/w/d),Instaffo,"Berlin, Berlin, Germany",2026-10-07,https://www.linkedin.com/jobs/view/4445294333 , ,li-4445294333,fulltime,direct_data,yearly,80000.0,100000.0,EUR,False,mid-senior level,,,,Staffing and Recruiting,https://de.linkedin.com/company/instaffo-gmbh,,,,,,,,,,,
linkedin,IT-Projektleiter & Teamleiter Product Team (m/w/d),Hans Segmüller Polstermöbelfabrik,"Friedberg, Bavaria, Germany",2026-10-07,https://www.linkedin.com/jobs/view/4474441770 , ,li-4474441770,fulltime,,,,,,False,mid-senior level,,,jobs@segmueller.de,Furniture and Home Furnishings Manufacturing,https://de.linkedin.com/company/hans-segm-ller-polsterm-belfabrik,,,,,,,,,,,
linkedin,Projektleiter (m/w/d) MSR,LIST Gruppe,"Bielefeld, North Rhine-Westphalia, Germany",2026-10-07,https://www.linkedin.com/jobs/view/4328052516 , ,li-4328052516,fulltime,,,,,,False,associate,,,,Construction and Real Estate,https://de.linkedin.com/company/list-gruppe,,,,,,,,,,,
linkedin,Projektleiter (m/w/d) MSR,LIST Gruppe,"Bietigheim-Bissingen, Baden-Württemberg, Germany",2026-10-07,https://www.linkedin.com/jobs/view/4328111227 , ,li-4328111227,fulltime,,,,,,False,associate,,,,Construction and Real Estate,https://de.linkedin.com/company/list-gruppe,,,,,,,,,,,
linkedin,Projektleiter Freileitungsbau (m/w/d),LEONHARD WEISS GmbH & Co. KG,"Bergkirchen, Bavaria, Germany",2026-10-07,https://www.linkedin.com/jobs/view/4317817878 , ,li-4317817878,fulltime,,,,,,False,associate,,,,Construction,https://de.linkedin.com/company/leonhard-weiss-gmbh-&-co-kg,,,,,,,,,,,
linkedin,Projektleiter Elektrotechnik & Erneuerbare Energien (m/w/d),Städtische Werke AG,"Kassel, Hesse, Germany",2026-10-07,https://www.linkedin.com/jobs/view/4475419230 , ,li-4475419230,fulltime,,,,,,False,mid-senior level,,,Stefan.Schreck@kvvks.de,Utilities,https://de.linkedin.com/company/swkassel,,,,,,,,,,,
linkedin,"Projektleiter (w/m/d) Bestandssanierung und Neubau, Schwerpunkt Bauen im Bestand",STADT UND LAND Wohnbauten-Gesellschaft mbH,"Berlin, Berlin, Germany",2026-10-07,https://www.linkedin.com/jobs/view/4470288178 , ,li-4470288178,fulltime,direct_data,yearly,65800.0,78000.0,EUR,False,associate,,,,Building Finishing Contractors and Residential Building Construction,https://de.linkedin.com/company/stadt-und-land-wohnbauten-gesellschaft-mbh,,,,,,,,,,,
linkedin,Projektleiter:in / Oberbauleiter:in im Straßen- und Tiefbau (m/w/d),STRABAG,"Viechtach, Bavaria, Germany",2026-10-07,https://www.linkedin.com/jobs/view/4476771373 , ,li-4476771373,fulltime,,,,,,False,mid-senior level,,,,Construction,https://at.linkedin.com/company/strabag,,,,,,,,,,,
linkedin,(Senior) Projektleitung Management Consulting (all genders),Rebuilders,"Cologne, North Rhine-Westphalia, Germany",2026-10-07,https://www.linkedin.com/jobs/view/4476591514 , ,li-4476591514,fulltime,,,,,,False,director,,,,Professional Services,https://de.linkedin.com/company/rebuildersgmbh,,,,,,,,,,,
linkedin,Projektleiter - Lüftungs- und Klimatechnik (m/w/d),bluu unit GmbH,"Melle, Lower Saxony, Germany",2026-10-07,https://www.linkedin.com/jobs/view/4476581422 , ,li-4476581422,fulltime,,,,,,False,mid-senior level,,,karriere@bluu-unit.de,Chemical Manufacturing,https://de.linkedin.com/company/bluu-unit,,,,,,,,,,,
linkedin,Projektleiter Elektrotechnik,Cobalt Deutschland GmbH,"Panketal, Brandenburg, Germany",2026-10-07,https://www.linkedin.com/jobs/view/4466084587 , ,li-4466084587,fulltime,,,,,,False,associate,,,,Construction and Real Estate,https://de.linkedin.com/company/cobalt-deutschland,,,,,,,,,,,
linkedin,Projektleiter Schadensanierung (m/w/d),svt Group of Companies,"Berlin, Berlin, Germany",2026-10-07,https://www.linkedin.com/jobs/view/4467981945 , ,li-4467981945,fulltime,,,,,,False,mid-senior level,,,,Construction,https://de.linkedin.com/company/svt-group-of-companies,,,,,,,,,,,
linkedin,(Specialist) Projektleiter:in Brandschutz Großprojekte Bahnhöfe & Verkehrsstationen,Deutsche Bahn,"Berlin, Berlin, Germany",2026-10-07,https://www.linkedin.com/jobs/view/4440375795 , ,li-4440375795,fulltime,,,,,,False,mid-senior level,,,,Truck Transportation,https://de.linkedin.com/company/deutschebahn,,,,,,,,,,,
linkedin,Senior IT-Projektleiter (m/w/d),BWI GmbH,"Berlin, Berlin, Germany",2026-10-07,https://www.linkedin.com/jobs/view/4476923731 , ,li-4476923731,fulltime,,,,,,False,mid-senior level,,,,IT Services and IT Consulting,https://de.linkedin.com/company/bwi-gmbh,,,,,,,,,,,
linkedin,Senior Projektleitung Klima / Lüftung,7time GmbH,"Hamburg, Germany",2026-10-07,https://www.linkedin.com/jobs/view/4475185638 , ,li-4475185638,fulltime,direct_data,yearly,75000.0,90000.0,EUR,False,associate,,,bewerbung@7time.gmbh,HVAC and Refrigeration Equipment Manufacturing and Climate Technology Product Manufacturing,https://de.linkedin.com/company/7time-gmbh,,,,,,,,,,,
linkedin,Projektleiter (m/w/d) Wohnungsbau,LIST Gruppe,"Berlin, Germany",2026-10-07,https://www.linkedin.com/jobs/view/4427717757 , ,li-4427717757,fulltime,,,,,,False,associate,,,,Construction and Real Estate,https://de.linkedin.com/company/list-gruppe,,,,,,,,,,,
linkedin,Projektleiter (m/w/d) Konstruktiver Ingenieurbau/ Bauwerkssanierung,REIF Bauunternehmung GmbH & Co. KG,"Ettlingen, Baden-Württemberg, Germany",2026-10-07,https://www.linkedin.com/jobs/view/4476588524 , ,li-4476588524,fulltime,,,,,,False,mid-senior level,,,,Civil Engineering,https://de.linkedin.com/company/reif-bauunternehmung-gmbh-&-co.-kg,,,,,,,,,,,
linkedin,Projektleiter:in Elektrotechnik (m/w/d),NAT Neuberger Anlagen-Technik AG,"Ingolstadt, Bavaria, Germany",2026-10-07,https://www.linkedin.com/jobs/view/4476787614 , ,li-4476787614,fulltime,,,,,,False,mid-senior level,,,,Construction,https://de.linkedin.com/company/nat-neuberger-anlagen-technik-ag,,,,,,,,,,,
linkedin,Projektleitung (w/m/d) Elektrotechnik,Siemens,"Frankfurt am Main, Hesse, Germany",2026-10-07,https://www.linkedin.com/jobs/view/4422012877 , ,li-4422012877,fulltime,,,,,,False,mid-senior level,,,,Automation Machinery Manufacturing,https://de.linkedin.com/company/siemens,,,,,,,,,,,
linkedin,Projektleiter Starkstrom / Elektrotechnik m/w/d,SPIE ICS – SPIE Information & Communication Services GmbH,"Heiligenroth, Rhineland-Palatinate, Germany",2026-10-07,https://www.linkedin.com/jobs/view/4476535407 , ,li-4476535407,fulltime,,,,,,False,mid-senior level,,,,IT Services and IT Consulting,https://de.linkedin.com/company/spie-ics-germany,,,,,,,,,,,
linkedin,Projektmanager (m/w/d) Bau & Immobilien,Jobbusters®,"Munich, Bavaria, Germany",2026-10-07,https://www.linkedin.com/jobs/view/4474465178 , ,li-4474465178,fulltime,direct_data,yearly,67000.0,85000.0,EUR,False,mid-senior level,,,,Professional Services,https://www.linkedin.com/company/jobbusters%C2%AE,,,,,,,,,,,
linkedin,Projektleiter (m/w/d) mechanische Verfahrenstechnik,Kaval GmbH,"Pfaffenhofen an der Ilm, Bavaria, Germany",2026-10-07,https://www.linkedin.com/jobs/view/4476582859 , ,li-4476582859,fulltime,direct_data,yearly,70000.0,90000.0,EUR,False,associate,,,,Human Resources Services and Machinery Manufacturing,https://de.linkedin.com/company/kaval-gmbh,,,,,,,,,,,
linkedin,Projektleiter Versorgungstechnik (m/w/d),head for work GmbH,"Düsseldorf, North Rhine-Westphalia, Germany",2026-10-07,https://www.linkedin.com/jobs/view/4475417757 , ,li-4475417757,fulltime,,,,,,False,not applicable,,,,Technical and Vocational Training,https://de.linkedin.com/company/head-for-work,,,,,,,,,,,
linkedin,Projektleiter (m/w/d),LUXHAUS Vertrieb,"Georgensgmünd, Bavaria, Germany",2026-10-07,https://www.linkedin.com/jobs/view/4475985725 , ,li-4475985725,fulltime,,,,,,False,mid-senior level,,,,Construction,,,,,,,,,,,,
linkedin,Project Manager,Robert Half,"Bonn, North Rhine-Westphalia, Germany",2026-10-07,https://www.linkedin.com/jobs/view/4476557617 , ,li-4476557617,fulltime,,,,,,False,associate,,,,"Transportation, Logistics, Supply Chain and Storage",https://www.linkedin.com/company/robert-half-international,,,,,,,,,,,
linkedin,Projektleiter Süddeutschland (m/w/d),Hagedorn Unternehmensgruppe,"Nuremberg, Bavaria, Germany",2026-10-07,https://www.linkedin.com/jobs/view/4476714453 , ,li-4476714453,fulltime,,,,,,False,entry level,,,,Civil Engineering,https://de.linkedin.com/company/hagedorn-unternehmensgruppe,,,,,,,,,,,
linkedin,"Projektleiter (m/w/d) Mess-, Steuerungs- und Regelungstechnik",Zimmer & Hälbig GmbH,"Cologne, North Rhine-Westphalia, Germany",2026-10-07,https://www.linkedin.com/jobs/view/4474471050 , ,li-4474471050,fulltime,,,,,,False,mid-senior level,,,,Construction,https://de.linkedin.com/company/zimmer-&-h%C3%A4lbig-gmbh,,,,,,,,,,,
linkedin,(Junior) Project Manager (m/w/d),PIA Automation,"Erfurt, Thuringia, Germany",2026-10-07,https://www.linkedin.com/jobs/view/4464490765 , ,li-4464490765,fulltime,,,,,,False,associate,,,,Automation Machinery Manufacturing and Manufacturing,https://de.linkedin.com/company/pia-automation,,,,,,,,,,,
linkedin,Projektleiter (m/w/d) TGA,Zimmer & Hälbig GmbH,"Bielefeld, North Rhine-Westphalia, Germany",2026-10-07,https://www.linkedin.com/jobs/view/4474454766 , ,li-4474454766,fulltime,,,,,,False,mid-senior level,,,,Construction,https://de.linkedin.com/company/zimmer-&-h%C3%A4lbig-gmbh,,,,,,,,,,,
linkedin,Projektleiter (m/w/d) TGA,Zimmer & Hälbig GmbH,"Osnabrück, Lower Saxony, Germany",2026-10-07,https://www.linkedin.com/jobs/view/4474467238 , ,li-4474467238,fulltime,,,,,,False,mid-senior level,,,,Construction,https://de.linkedin.com/company/zimmer-&-h%C3%A4lbig-gmbh,,,,,,,,,,,
linkedin,Projektmanager Technische Auftragsabwicklung (alle Geschlechter),HerkulesGroup Services GmbH,"Siegen, North Rhine-Westphalia, Germany",2026-10-07,https://www.linkedin.com/jobs/view/4475446228 , ,li-4475446228,fulltime,,,,,,False,not applicable,,,,Machinery Manufacturing,https://de.linkedin.com/company/herkulesgroup-services-gmbh,,,,,,,,,,,
linkedin,Projektleiter (m/w/d) Pharma- & Industriebau,PBM GR.UP,"Leipzig, Saxony, Germany",2026-10-07,https://www.linkedin.com/jobs/view/4476703262 , ,li-4476703262,fulltime,,,,,,False,associate,,,jobs@pbm-group.com,Architecture and Planning and Chemical Manufacturing,https://de.linkedin.com/company/pbmgroup,,,,,,,,,,,
linkedin,Projektleiter eMobility,SCHARR WÄRME GmbH & Co. KG,"Stuttgart, Baden-Württemberg, Germany",2026-10-07,https://www.linkedin.com/jobs/view/4476783646 , ,li-4476783646,fulltime,,,,,,False,mid-senior level,,,,Utilities,https://de.linkedin.com/company/scharr-w%C3%A4rme-gmbh-&-co-kg,,,,,,,,,,,
linkedin,Senior Project Manager (m/w/d) für die Wohngebäudesanierung,Aroundtown,"Hamburg, Hamburg, Germany",2026-10-07,https://www.linkedin.com/jobs/view/4391740744 , ,li-4391740744,fulltime,,,,,,False,mid-senior level,,,,Real Estate,https://de.linkedin.com/company/aroundtownsa,,,,,,,,,,,
linkedin,Projektleiter Produktentwicklung (m/w/d),Truma Geraetetechnik GmbH & Co. KG,"Putzbrunn, Bavaria, Germany",2026-10-07,https://www.linkedin.com/jobs/view/4476716532 , ,li-4476716532,fulltime,,,,,,False,not applicable,,,,Motor Vehicle Manufacturing,https://de.linkedin.com/company/truma-geraetetechnik-gmbh-&-co-kg,,,,,,,,,,,
linkedin,Projektmanager Logistik (m/w/d) – Implementierung & Operations,Maintrans,"Langenselbold, Hesse, Germany",2026-10-07,https://www.linkedin.com/jobs/view/4477154845 , ,li-4477154845,fulltime,direct_data,yearly,45000.0,55000.0,EUR,False,mid-senior level,,,karriere@maintrans-solutions.de,"Transportation, Logistics, Supply Chain and Storage",https://de.linkedin.com/company/maintrans-gruppe,,,,,,,,,,,
linkedin,Projektleiter - Lufthansa Technik AG  (m/w/d),SCOPE Engineering GmbH,"Hamburg, Hamburg, Germany",2026-10-06,https://www.linkedin.com/jobs/view/4474659806 , ,li-4474659806,fulltime,,,,,,False,entry level,,,temp@scope-engineering.de,Warehousing and Storage,https://de.linkedin.com/company/scope-engineering-gmbh,,,,,,,,,,,
linkedin,Project Manager,MAK-SYSTEM,"Frankfurt am Main, Hesse, Germany",2026-10-06,https://www.linkedin.com/jobs/view/4476316005 , ,li-4476316005,fulltime,,,,,,False,mid-senior level,,,,"Software Development, Information Technology & Services, and Medical Practices",https://mk.linkedin.com/company/mak-system,,,,,,,,,,,
linkedin,Projektleiter Elektrotechnik (m/w/d),ROCKSOLID Personalvermittlung GmbH,"Hamburg, Hamburg, Germany",2026-10-06,https://www.linkedin.com/jobs/view/4474040128 , ,li-4474040128,fulltime,direct_data,yearly,65000.0,80000.0,EUR,False,mid-senior level,,,,Staffing and Recruiting,https://de.linkedin.com/company/rocksolid-personalvermittlung,,,,,,,,,,,
linkedin,Projektleiter Tiefbau/Bahntechnik (m/w/d),LEONHARD WEISS GmbH & Co. KG,"Nuremberg, Bavaria, Germany",2026-10-06,https://www.linkedin.com/jobs/view/4305434518 , ,li-4305434518,fulltime,,,,,,False,associate,,,,Construction,https://de.linkedin.com/company/leonhard-weiss-gmbh-&-co-kg,,,,,,,,,,,
linkedin,Projekleiter (m/w/d) Leopard,KNDS Deutschland,"Munich, Bavaria, Germany",2026-10-06,https://www.linkedin.com/jobs/view/4476347882 , ,li-4476347882,fulltime,,,,,,False,entry level,,,,Defense and Space Manufacturing,https://de.linkedin.com/company/knds-deutschland,,,,,,,,,,,
linkedin,Projektmanager Nautik Simulation (m/w/d),Rheinmetall,"Bremen, Bremen, Germany",2026-10-06,https://www.linkedin.com/jobs/view/4474020811 , ,li-4474020811,fulltime,,,,,,False,mid-senior level,,,,Defense and Space Manufacturing,https://de.linkedin.com/company/rheinmetall,,,,,,,,,,,
linkedin,Senior Product Manager - Risk & Compliance,Qonto,"Berlin, Germany",2026-10-06,https://www.linkedin.com/jobs/view/4467238534 , ,li-4467238534,fulltime,,,,,,False,mid-senior level,,,support@qonto.com,Financial Services,https://fr.linkedin.com/company/qonto,,,,,,,,,,,
linkedin,Senior Projektmanager*in ACIS/FACTS (m/w/d),GE Vernova,"Dresden, Saxony, Germany",2026-10-06,https://www.linkedin.com/jobs/view/4458193485 , ,li-4458193485,fulltime,,,,,,False,mid-senior level,,,,Energy Technology,https://www.linkedin.com/company/gevernova,,,,,,,,,,,
linkedin,Electrical Project Manager,King & Moffatt Building Services,"Frankfurt am Main, Hesse, Germany",2026-10-06,https://www.linkedin.com/jobs/view/4476158876 , ,li-4476158876,fulltime,,,,,,False,mid-senior level,,,,Construction,https://ie.linkedin.com/company/king-and-moffatt-group,,,,,,,,,,,
linkedin,Projektleiter / GU-Projektleiter Innenausbau & TGA (m/w/d),Renz Solutions GmbH,"Aidlingen, Baden-Württemberg, Germany",2026-10-06,https://www.linkedin.com/jobs/view/4465802120 , ,li-4465802120,fulltime,,,,,,False,associate,,,thomas.bahlo@renz-systeme.de,"Construction, Building Construction, and Architecture and Planning",https://de.linkedin.com/company/renz-solutions-gmbh,,,,,,,,,,,
linkedin,Projektleitung HKLS (m/w/x),Sweco,"Hamburg, Hamburg, Germany",2026-10-06,https://www.linkedin.com/jobs/view/4379409226 , ,li-4379409226,fulltime,,,,,,False,director,,,,Professional Services,https://se.linkedin.com/company/sweco,,,,,,,,,,,
linkedin,Projektleiter (m/w/d) Operations,KNDS Deutschland,"Munich, Bavaria, Germany",2026-10-06,https://www.linkedin.com/jobs/view/4476171270 , ,li-4476171270,fulltime,,,,,,False,mid-senior level,,,,Defense and Space Manufacturing,https://de.linkedin.com/company/knds-deutschland,,,,,,,,,,,
linkedin,Projektleiter (m/w/d) – Hochbau / Wohnungsbau,weisenburger group,"Düsseldorf, North Rhine-Westphalia, Germany",2026-10-06,https://www.linkedin.com/jobs/view/4468718269 , ,li-4468718269,fulltime,,,,,,False,mid-senior level,,,,Construction,https://de.linkedin.com/company/weisenburger-gruppe,,,,,,,,,,,
linkedin,Projektleitung (w/m/d) Elektrotechnik,Actemium Deutschland,"Spremberg, Brandenburg, Germany",2026-10-06,https://www.linkedin.com/jobs/view/4474056671 , ,li-4474056671,fulltime,,,,,,False,executive,,,,"Appliances, Electrical, and Electronics Manufacturing",https://www.linkedin.com/company/actemium-deutschland,,,,,,,,,,,
linkedin,Technology Project Manager (m/f/d),ENERCON,"Tannenhausen, Lower Saxony, Germany",2026-10-06,https://www.linkedin.com/jobs/view/4474784145 , ,li-4474784145,fulltime,,,,,,False,mid-senior level,,,"Kathrin.Schreiber@enercon.de, paula.richardson@enercon.de",Renewable Energy Semiconductor Manufacturing,https://de.linkedin.com/company/enercon-gmbh,,,,,,,,,,,
linkedin,Projektmanager Digital Health (m/w/d),CompuGroup Medical SE & Co. KGaA,"Munich, Bavaria, Germany",2026-10-06,https://www.linkedin.com/jobs/view/4326286178 , ,li-4326286178,fulltime,,,,,,False,mid-senior level,,,,IT Services and IT Consulting,https://de.linkedin.com/company/compugroup-medical,,,,,,,,,,,
linkedin,Projektleiter/-in Elektrotechnik (m/w/d),ITA engineering GmbH,"Munich, Bavaria, Germany",2026-10-06,https://www.linkedin.com/jobs/view/4476307365 , ,li-4476307365,fulltime,,,,,,False,mid-senior level,,,,"Architecture and Planning, Civil Engineering, and Industrial Machinery Manufacturing",https://de.linkedin.com/company/ita-engineering-gmbh,,,,,,,,,,,
linkedin,Projektleiter:in TGA,Gottlob Rommel Gruppe,"Stuttgart, Baden-Württemberg, Germany",2026-10-06,https://www.linkedin.com/jobs/view/4453698856 , ,li-4453698856,fulltime,,,,,,False,associate,,,,Construction,https://de.linkedin.com/company/gottlob-rommel-gmbh-&-co-kg,,,,,,,,,,,
linkedin,Senior Data Product Manager- Marketing,Emma – The Sleep Company,"Frankfurt, Hesse, Germany",2026-10-06,https://www.linkedin.com/jobs/view/4474974527 , ,li-4474974527,fulltime,,,,,,False,not applicable,,,privacy@emma-sleep.com,Retail,https://de.linkedin.com/company/lifeatemma,,,,,,,,,,,
linkedin,Project Manager (m/w/d),OHB SE,"Bremen, Bremen, Germany",2026-10-06,https://www.linkedin.com/jobs/view/4476148370 , ,li-4476148370,fulltime,,,,,,False,not applicable,,,,Defense and Space Manufacturing,https://de.linkedin.com/company/ohb-se,,,,,,,,,,,
linkedin,Projektleiter Kältetechnik (m/w/d),ROCKSOLID Personalvermittlung GmbH,"Hamburg, Hamburg, Germany",2026-10-06,https://www.linkedin.com/jobs/view/4474041087 , ,li-4474041087,fulltime,direct_data,yearly,65000.0,80000.0,EUR,False,mid-senior level,,,,Staffing and Recruiting,https://de.linkedin.com/company/rocksolid-personalvermittlung,,,,,,,,,,,
linkedin,Senior IT Projektmanager:in (m/w/d),epco GmbH,"Monheim, North Rhine-Westphalia, Germany",2026-10-06,https://www.linkedin.com/jobs/view/4474680355 , ,li-4474680355,fulltime,,,,,,False,mid-senior level,,,,Software Development,https://de.linkedin.com/company/epco-gmbh,,,,,,,,,,,
linkedin,Projektleiter Elektrotechnik,Sauter Elektrotechnik GmbH u. Co. KG,"Neu-Isenburg, Hesse, Germany",2026-10-06,https://www.linkedin.com/jobs/view/4476306063 , ,li-4476306063,fulltime,,,,,,False,entry level,,,,Construction,https://de.linkedin.com/company/sauter-elektrotechnik-gmbh-u.-co.-kg,,,,,,,,,,,
linkedin,Projektleiter Konstruktiver Ingenieurbau (w/m/d),Arcadis,"Munich, Bavaria, Germany",2026-10-06,https://www.linkedin.com/jobs/view/4465551744 , ,li-4465551744,fulltime,,,,,,False,not applicable,,,,Professional Services,https://nl.linkedin.com/company/arcadis,,,,,,,,,,,
linkedin,IT-Projektmanager Cybersecurity (m/w/d),Nomios Group,"Frankfurt am Main, Hesse, Germany",2026-10-06,https://www.linkedin.com/jobs/view/4476367072 , ,li-4476367072,fulltime,,,,,,False,mid-senior level,,,,Computer and Network Security,https://fr.linkedin.com/company/nomiosgroup,,,,,,,,,,,
linkedin,Projektmanager/-in (m/w/d) - mit Autohauserfahrung,MSX International,"Munich, Bavaria, Germany",2026-10-06,https://www.linkedin.com/jobs/view/4458223856 , ,li-4458223856,fulltime,,,,,,False,mid-senior level,,,,Business Consulting and Services,https://www.linkedin.com/company/msx-international,,,,,,,,,,,
linkedin,Projektmanager TGA / Bau (m/w/d),CEV Handelsimmobilien GmbH,"Hamburg, Hamburg, Germany",2026-10-06,https://www.linkedin.com/jobs/view/4476155941 , ,li-4476155941,fulltime,,,,,,False,associate,,,,Real Estate,https://de.linkedin.com/company/cev-handelsimmobilien-gmbh,,,,,,,,,,,
linkedin,Project Manager for new Build Data Centers,NorthC Datacenters Deutschland,"Frankfurt, Hesse, Germany",2026-10-06,https://www.linkedin.com/jobs/view/4476164759 , ,li-4476164759,fulltime,,,,,,False,mid-senior level,,,,IT Services and IT Consulting,https://de.linkedin.com/company/northc-datacenters-deutschland,,,,,,,,,,,
linkedin,Product Manager*in (m/w/d),Loopario | vormals Logistikbude,"Dortmund, North Rhine-Westphalia, Germany",2026-10-06,https://www.linkedin.com/jobs/view/4474091038 , ,li-4474091038,fulltime,,,,,,False,entry level,,,,IT Services and IT Consulting,https://de.linkedin.com/company/loopario,,,,,,,,,,,
linkedin,(Senior) Product Manager (all genders),Shiftmove,"Berlin, Berlin, Germany",2026-10-06,https://www.linkedin.com/jobs/view/4439021660 , ,li-4439021660,fulltime,,,,,,False,mid-senior level,,,,IT Services and IT Consulting,https://de.linkedin.com/company/shiftmove,,,,,,,,,,,
linkedin,Senior Product Manager - Machine Learning (m/f/d),voize,"Berlin, Berlin, Germany",2026-10-06,https://www.linkedin.com/jobs/view/4476373445 , ,li-4476373445,fulltime,,,,,,False,mid-senior level,,,,Software Development,https://de.linkedin.com/company/voize-ai,,,,,,,,,,,
linkedin,SDV & AI Solutions Product Manager,HARMAN International,"Garching, Bavaria, Germany",2026-10-06,https://www.linkedin.com/jobs/view/4465542090 , ,li-4465542090,fulltime,,,,,,False,mid-senior level,,,harmancareers@harman.com,Computers and Electronics Manufacturing,https://www.linkedin.com/company/harman-international,,,,,,,,,,,
linkedin,Senior technische:r Produktmanager:in FRMCS Systemtechnik Cloud / virtualisierte Infrastruktur,Deutsche Bahn,"Frankfurt am Main, Hesse, Germany",2026-10-06,https://www.linkedin.com/jobs/view/4476137132 , ,li-4476137132,fulltime,,,,,,False,mid-senior level,,,,Truck Transportation,https://de.linkedin.com/company/deutschebahn,,,,,,,,,,,
linkedin,Projektleiter Hochbau (w/m/d),VIRES CONFERRE GmbH,Berlin Metropolitan Area,2026-10-06,https://www.linkedin.com/jobs/view/4476167112 , ,li-4476167112,fulltime,,,,,,False,associate,,,FelixKuehn-3@ViresConferre.com,Construction and Real Estate,https://de.linkedin.com/company/vires-conferre-gmbh,,,,,,,,,,,
linkedin,Senior Project Manager - Telematikinfrastruktur & Identitätslösungen (m/w/d),D-Trust,"Berlin, Germany",2026-10-06,https://www.linkedin.com/jobs/view/4439078578 , ,li-4439078578,fulltime,,,,,,False,mid-senior level,,,,IT Services and IT Consulting,https://www.linkedin.com/company/d-trust,,,,,,,,,,,
linkedin,Projektleiter (m/w/d) Boxer,KNDS Deutschland,"Munich, Bavaria, Germany",2026-10-06,https://www.linkedin.com/jobs/view/4476195783 , ,li-4476195783,fulltime,,,,,,False,mid-senior level,,,,Defense and Space Manufacturing,https://de.linkedin.com/company/knds-deutschland,,,,,,,,,,,
linkedin,Senior Technical Project Manager - IT Innovations (m/w/d),Bundesdruckerei-Gruppe,"Berlin, Germany",2026-10-06,https://www.linkedin.com/jobs/view/4398538110 , ,li-4398538110,fulltime,,,,,,False,mid-senior level,,,,IT Services and IT Consulting,https://de.linkedin.com/company/bundesdruckerei,,,,,,,,,,,
linkedin,Project Manager - Advanced Materials (all genders),AIXTRON SE,"Herzogenrath, North Rhine-Westphalia, Germany",2026-10-06,https://www.linkedin.com/jobs/view/4476184933 , ,li-4476184933,fulltime,,,,,,False,entry level,,,,Semiconductor Manufacturing,https://de.linkedin.com/company/aixtron-se,,,,,,,,,,,
linkedin,Technical Project Manager - Maritime,Elvis Eckardt Recruitment,"Barsbüttel, Schleswig-Holstein, Germany",2026-10-06,https://www.linkedin.com/jobs/view/4457319222 , ,li-4457319222,fulltime,,,,,,False,mid-senior level,,,,Maritime Transportation and Defense and Space Manufacturing,https://uk.linkedin.com/company/elvis-eckardt-recruitment-sales-solutions,,,,,,,,,,,
linkedin,Projektleiter Sprinkleranlagen / Brandschutztechnik (w/m/d),Brunel,"Essen, North Rhine-Westphalia, Germany",2026-10-06,https://www.linkedin.com/jobs/view/4474960075 , ,li-4474960075,fulltime,,,,,,False,not applicable,,,,Utility System Construction,https://nl.linkedin.com/company/brunel,,,,,,,,,,,
linkedin,Forward Deployed Product Manager,cargomotion,Berlin Metropolitan Area,2026-10-06,https://www.linkedin.com/jobs/view/4470139624 , ,li-4470139624,fulltime,,,,,,False,entry level,,,,Software Development,https://de.linkedin.com/company/cargomotion,,,,,,,,,,,
linkedin,Projektleiter (m/w/d) Hochbau,YER Deutschland,"Stuttgart, Baden-Württemberg, Germany",2026-10-06,https://www.linkedin.com/jobs/view/4474078030 , ,li-4474078030,fulltime,,,,,,False,entry level,,,,"Transportation, Logistics, Supply Chain and Storage",https://de.linkedin.com/company/yerdeutschland,,,,,,,,,,,
linkedin,Projektleiter Konstruktiver Ingenieurbau (w/m/d),Arcadis,"Berlin, Berlin, Germany",2026-10-06,https://www.linkedin.com/jobs/view/4465545776 , ,li-4465545776,fulltime,,,,,,False,not applicable,,,,Professional Services,https://nl.linkedin.com/company/arcadis,,,,,,,,,,,
linkedin,AI Product Manager (m/w/d),Simon-Kucher,"Bonn, North Rhine-Westphalia, Germany",2026-10-06,https://www.linkedin.com/jobs/view/4474401666 , ,li-4474401666,fulltime,,,,,,False,mid-senior level,,,,Business Consulting and Services,https://de.linkedin.com/company/simon-kucher,,,,,,,,,,,
linkedin,Koordinator / Projektleiter Gebäudetechnik (TGA) U5 (m/w/d),Hamburger Hochbahn AG,"Hamburg, Hamburg, Germany",2026-10-06,https://www.linkedin.com/jobs/view/4476388119 , ,li-4476388119,fulltime,,,,,,False,mid-senior level,,,,Urban Transit Services,https://de.linkedin.com/company/hamburger-hochbahn-ag,,,,,,,,,,,
linkedin,Projektleiter:in 1. S-Bahn-Stammstrecke,Deutsche Bahn,"Munich, Bavaria, Germany",2026-10-06,https://www.linkedin.com/jobs/view/4467443627 , ,li-4467443627,fulltime,,,,,,False,mid-senior level,,,,Truck Transportation,https://de.linkedin.com/company/deutschebahn,,,,,,,,,,,
linkedin,Senior Projektmanager:in (m/w/d),OHB SE,"Bremen, Bremen, Germany",2026-10-06,https://www.linkedin.com/jobs/view/4476319035 , ,li-4476319035,fulltime,,,,,,False,not applicable,,,,Defense and Space Manufacturing,https://de.linkedin.com/company/ohb-se,,,,,,,,,,,
linkedin,PMO Manager (m/w/d),Hach,"Berlin, Berlin, Germany",2026-10-06,https://www.linkedin.com/jobs/view/4476163910 , ,li-4476163910,fulltime,,,,,,False,mid-senior level,,,,Environmental Services,https://www.linkedin.com/company/hach,,,,,,,,,,,
linkedin,Project Manager (Senior or Experienced Level) (m/f/d),Boeing,"Hamburg, Hamburg, Germany",2026-10-06,https://www.linkedin.com/jobs/view/4474084061 , ,li-4474084061,fulltime,,,,,,False,not applicable,,,,"Airlines and Aviation, Aviation and Aerospace Component Manufacturing, and Defense and Space Manufacturing",https://www.linkedin.com/company/boeing,,,,,,,,,,,
linkedin,"Senior Projektmanager* (Directive PMO) *Geschlecht egal, Hauptsache gut",take-e-way GmbH,"Hamburg, Hamburg, Germany",2026-10-06,https://www.linkedin.com/jobs/view/4469832726 , ,li-4469832726,fulltime,,,,,,False,not applicable,,,,Environmental Services,https://de.linkedin.com/company/take-e-way-gmbh,,,,,,,,,,,
linkedin,Teilprojektleiter Automatisierung und Telekommunikation Offshore (m/w/d),Atlas Titan,"Lehrte, Lower Saxony, Germany",2026-10-06,https://www.linkedin.com/jobs/view/4474082450 , ,li-4474082450,fulltime,,,,,,False,associate,,,,Business Consulting and Services,https://de.linkedin.com/company/atlas-titan,,,,,,,,,,,
linkedin,Projektleiter Konstruktiver Ingenieurbau (w/m/d),Arcadis,"Hamburg, Hamburg, Germany",2026-10-06,https://www.linkedin.com/jobs/view/4465552696 , ,li-4465552696,fulltime,,,,,,False,not applicable,,,,Professional Services,https://nl.linkedin.com/company/arcadis,,,,,,,,,,,
linkedin,Projektleiter Konstruktiver Ingenieurbau (w/m/d),Arcadis,"Cologne, North Rhine-Westphalia, Germany",2026-10-06,https://www.linkedin.com/jobs/view/4465552697 , ,li-4465552697,fulltime,,,,,,False,not applicable,,,,Professional Services,https://nl.linkedin.com/company/arcadis,,,,,,,,,,,
linkedin,Projektleiter Konstruktiver Ingenieurbau (w/m/d),Arcadis,"Darmstadt, Hesse, Germany",2026-10-06,https://www.linkedin.com/jobs/view/4465530846 , ,li-4465530846,fulltime,,,,,,False,not applicable,,,,Professional Services,https://nl.linkedin.com/company/arcadis,,,,,,,,,,,
linkedin,Teamleitung naturnaher Wasserbau / Gewässerentwicklung (m/w/d),Stowasserplan | Stowasserservice - Wir machen Gewässer lebendig!,"Radebeul, Saxony, Germany",2026-10-06,https://www.linkedin.com/jobs/view/4476312135 , ,li-4476312135,fulltime,,,,,,False,mid-senior level,,,stowasser@stowasserplan.de,Architecture and Planning,https://de.linkedin.com/company/stowasserplan,,,,,,,,,,,
linkedin,PROJEKTLEITER (m/w/d) SCHLÜSSELFERTIGBAU,BREMER AG,"Paderborn, North Rhine-Westphalia, Germany",2026-10-06,https://www.linkedin.com/jobs/view/3962910999 , ,li-3962910999,fulltime,,,,,,False,mid-senior level,,,,Construction,https://de.linkedin.com/company/bremer-se,,,,,,,,,,,
linkedin,Projektleiter (w/m/d) EPCM ‒ TGA Elektrotechnik,Drees & Sommer,"Berlin, Berlin, Germany",2026-10-06,https://www.linkedin.com/jobs/view/4474050159 , ,li-4474050159,fulltime,,,,,,False,associate,,,,Real Estate,https://de.linkedin.com/company/drees-&-sommer,,,,,,,,,,,
linkedin,Projektleiter Konstruktiver Ingenieurbau (w/m/d),Arcadis,"Hannover, Lower Saxony, Germany",2026-10-06,https://www.linkedin.com/jobs/view/4465535845 , ,li-4465535845,fulltime,,,,,,False,not applicable,,,,Professional Services,https://nl.linkedin.com/company/arcadis,,,,,,,,,,,
linkedin,Projektleiter Gebäudetechnik Service & Wartung (m/w/d),ENGIE Deutschland,"Dresden, Saxony, Germany",2026-10-06,https://www.linkedin.com/jobs/view/4448187336 , ,li-4448187336,fulltime,,,,,,False,mid-senior level,,,,Utilities,https://de.linkedin.com/company/engie-deutschland,,,,,,,,,,,
linkedin,Projektleiter (m/w/d) Energie-Großprojekt,Atlas Titan,"Hannover, Lower Saxony, Germany",2026-10-06,https://www.linkedin.com/jobs/view/4465216877 , ,li-4465216877,fulltime,,,,,,False,mid-senior level,,,,Business Consulting and Services,https://de.linkedin.com/company/atlas-titan,,,,,,,,,,,
linkedin,Fachprojektleiter EMSR / Lead-Engineer EI&C (w/m/d),YNCORIS GmbH & Co. KG,"Hürth, North Rhine-Westphalia, Germany",2026-10-06,https://www.linkedin.com/jobs/view/4474034884 , ,li-4474034884,fulltime,direct_data,yearly,70000.0,95000.0,EUR,False,associate,,,,Oil and Gas,https://de.linkedin.com/company/yncoris-gmbh-co-kg,,,,,,,,,,,
linkedin,Projektleiter Bau (m/w/d),Heinrich Schmid,"Gersthofen, Bavaria, Germany",2026-10-06,https://www.linkedin.com/jobs/view/4474967740 , ,li-4474967740,fulltime,,,,,,False,entry level,,,,Retail,https://www.linkedin.com/company/heinrichschmid,,,,,,,,,,,
linkedin,Projektleiter Bau (m/w/d),Moers Frischeprodukte GmbH & Co. KG,"Moers, North Rhine-Westphalia, Germany",2026-10-06,https://www.linkedin.com/jobs/view/4474045815 , ,li-4474045815,fulltime,,,,,,False,associate,,,,Food and Beverage Manufacturing,https://de.linkedin.com/company/moers-frischeprodukte,,,,,,,,,,,
linkedin,Technical Product Manager (m/w/d) AI & Partnerintegrationen Mietwagen,CHECK24,"Augsburg, Bavaria, Germany",2026-10-06,https://www.linkedin.com/jobs/view/4476172092 , ,li-4476172092,fulltime,,,,,,False,entry level,,,,Software Development,https://de.linkedin.com/company/check24-vergleichsportal-gmbh,,,,,,,,,,,
linkedin,(Junior) Produktmanager (m/w/d) - ETF and Fintech,Michael Page,"Frankfurt am Main, Hesse, Germany",2026-10-06,https://www.linkedin.com/jobs/view/4476375675 , ,li-4476375675,fulltime,,,,,,False,mid-senior level,,,,"Events Services, Financial Services, and Facilities Services",https://uk.linkedin.com/company/michael-page,,,,,,,,,,,
linkedin,"Staff Product Manager, Deel IT",Deel,Germany,2026-10-06,https://www.linkedin.com/jobs/view/4455894555 , ,li-4455894555,fulltime,direct_data,yearly,100000.0,140000.0,USD,False,mid-senior level,,,recruiting@deel.com,Human Resources Services,https://www.linkedin.com/company/deel,,,,,,,,,,,
linkedin,Product Owner (m/w/d),CompuGroup Medical SE & Co. KGaA,"Sankt Wolfgang, Bavaria, Germany",2026-10-06,https://www.linkedin.com/jobs/view/4380443544 , ,li-4380443544,fulltime,,,,,,False,mid-senior level,,,,IT Services and IT Consulting,https://de.linkedin.com/company/compugroup-medical,,,,,,,,,,,
linkedin,Projektleiter (m/w/d) Modernisierung & Sanierung,Zakenfroukje,"Berlin, Berlin, Germany",2026-10-06,https://www.linkedin.com/jobs/view/4468716461 , ,li-4468716461,fulltime,,,,,,False,mid-senior level,,,,Construction,https://nl.linkedin.com/company/zakenfroukje,,,,,,,,,,,
linkedin,Projektleiter Schadensanierung (m/w/d),svt Group of Companies,"Großpösna, Saxony, Germany",2026-10-06,https://www.linkedin.com/jobs/view/4476339109 , ,li-4476339109,fulltime,,,,,,False,mid-senior level,,,,Construction,https://de.linkedin.com/company/svt-group-of-companies,,,,,,,,,,,
linkedin,AI Product Manager (m/w/d),Simon-Kucher,"Cologne, North Rhine-Westphalia, Germany",2026-10-06,https://www.linkedin.com/jobs/view/4474417063 , ,li-4474417063,fulltime,,,,,,False,mid-senior level,,,,Business Consulting and Services,https://de.linkedin.com/company/simon-kucher,,,,,,,,,,,
linkedin,Projektleiter Elektrotechnik (m/w/d),Albwerk,"Geislingen an der Steige, Baden-Württemberg, Germany",2026-10-06,https://www.linkedin.com/jobs/view/4476514119 , ,li-4476514119,fulltime,,,,,,False,mid-senior level,,,,Utilities,https://de.linkedin.com/company/albwerk,,,,,,,,,,,
linkedin,AI Product Manager (m/w/d),Simon-Kucher,"Frankfurt am Main, Hesse, Germany",2026-10-06,https://www.linkedin.com/jobs/view/4474411343 , ,li-4474411343,fulltime,,,,,,False,mid-senior level,,,,Business Consulting and Services,https://de.linkedin.com/company/simon-kucher,,,,,,,,,,,
linkedin,IT-Projektmanager (m/w/d) mit fachlicher Führungsverantwortung,LINOVAG LADENBAU GmbH,"Ottendorf-Okrilla, Saxony, Germany",2026-10-06,https://www.linkedin.com/jobs/view/4474040507 , ,li-4474040507,fulltime,,,,,,False,mid-senior level,,,,Furniture and Home Furnishings Manufacturing,https://www.linkedin.com/company/linovag-ladenbau-gmbh,,,,,,,,,,,
linkedin,Technical Project Manager (m/f/d),Trusted Shops,"Berlin, Berlin, Germany",2026-10-06,https://www.linkedin.com/jobs/view/4476165782 , ,li-4476165782,fulltime,,,,,,False,mid-senior level,,,,"Technology, Information and Internet",https://de.linkedin.com/company/trustedshops,,,,,,,,,,,
linkedin,Technischer Projektleiter - Missionssysteme für Gefechtsfahrzeuge (m/w/d),Rheinmetall,"Bremen, Bremen, Germany",2026-10-06,https://www.linkedin.com/jobs/view/4445866621 , ,li-4445866621,fulltime,,,,,,False,mid-senior level,,,,Defense and Space Manufacturing,https://de.linkedin.com/company/rheinmetall,,,,,,,,,,,
linkedin,Technische Projektleitung – Ferngesteuerte Waffenstationen (m/w/d),Rheinmetall,"Bremen, Bremen, Germany",2026-10-06,https://www.linkedin.com/jobs/view/4445881503 , ,li-4445881503,fulltime,,,,,,False,mid-senior level,,,,Defense and Space Manufacturing,https://de.linkedin.com/company/rheinmetall,,,,,,,,,,,
linkedin,Project Manager for innovative MEMS sensors (f/m/div.),Bosch Sensortec GmbH,"Munich, Bavaria, Germany",2026-10-06,https://www.linkedin.com/jobs/view/4474049956 , ,li-4474049956,fulltime,,,,,,False,associate,,,,Semiconductor Manufacturing and Computers and Electronics Manufacturing,https://de.linkedin.com/company/bosch-sensortec,,,,,,,,,,,
linkedin,Projektleiter Starkstrom / Elektrotechnik m/w/d,SPIE Lück GmbH,Greater Koblenz Area,2026-10-06,https://www.linkedin.com/jobs/view/4474094971 , ,li-4474094971,fulltime,,,,,,False,mid-senior level,,,,Construction,https://www.linkedin.com/company/spie-l%C3%BCck-gmbh,,,,,,,,,,,
linkedin,"Projektleiter Gebäudeschadstoffe, -rückbau und -sanierung (m/w/d) - Vollzeit 40 Stunden/Woche, unbefristete Anstellung",dibauco GmbH,"Eching, Bavaria, Germany",2026-10-06,https://www.linkedin.com/jobs/view/4476307520 , ,li-4476307520,fulltime,,,,,,False,mid-senior level,,,bewerbung@dibauco.de,Services for Renewable Energy,https://de.linkedin.com/company/dibaucogmbh,,,,,,,,,,,
linkedin,Leiter Elektrotechnik-Projekte (m/w/d),Albwerk,"Geislingen an der Steige, Baden-Württemberg, Germany",2026-10-06,https://www.linkedin.com/jobs/view/4476513132 , ,li-4476513132,fulltime,,,,,,False,mid-senior level,,,,Utilities,https://de.linkedin.com/company/albwerk,,,,,,,,,,,
linkedin,Projektleiter Maschinenbau,Collin Weber Personalberatung GmbH,"Baden-Württemberg, Germany",2026-10-06,https://www.linkedin.com/jobs/view/4474028873 , ,li-4474028873,fulltime,,,,,,False,associate,,,zeuss@packaging-partner.de,Machinery Manufacturing,https://de.linkedin.com/company/collin-weber-personalberatung-gmbh,,,,,,,,,,,
linkedin,Projektleiter Elektrotechnik (m/w/d),Volker Schulte Elektrotechnik GmbH,"Castrop-Rauxel, North Rhine-Westphalia, Germany",2026-10-06,https://www.linkedin.com/jobs/view/4474072061 , ,li-4474072061,fulltime,,,,,,False,entry level,,,,Construction,https://de.linkedin.com/company/schulte-nrw,,,,,,,,,,,
linkedin,Projektleiter (m/w/d) – Digitale B2B-Cloud-Services,Teoresi Group,Greater Munich Metropolitan Area,2026-10-06,https://www.linkedin.com/jobs/view/4474024801 , ,li-4474024801,fulltime,,,,,,False,associate,,,,Engineering Services,https://it.linkedin.com/company/teoresigroup,,,,,,,,,,,
linkedin,Senior Product Manager (Full Remote - Europe),EverAI,Germany,2026-10-06,https://www.linkedin.com/jobs/view/4466067241 , ,li-4466067241,fulltime,,,,,,True,mid-senior level,,,,"Technology, Information and Internet",https://www.linkedin.com/company/everai,,,,,,,,,,,
linkedin,(Senior) Product Manager (m/w/d),HELM AG,"Hamburg, Hamburg, Germany",2026-10-06,https://www.linkedin.com/jobs/view/4390730037 , ,li-4390730037,fulltime,,,,,,False,mid-senior level,,,,Chemical Manufacturing,https://de.linkedin.com/company/helmag,,,,,,,,,,,
linkedin,Product Manager – Regulatory Solutions (m/f/d),Infront,"Frankfurt am Main, Hesse, Germany",2026-10-06,https://www.linkedin.com/jobs/view/4474677571 , ,li-4474677571,fulltime,,,,,,False,entry level,,,,"Financial Services, Investment Banking, and IT Services and IT Consulting",https://no.linkedin.com/company/infront-as,,,,,,,,,,,
linkedin,"Strategic Product Manager (all genders, full-/part-time)",Merck Life Science,"Darmstadt, Hesse, Germany",2026-10-06,https://www.linkedin.com/jobs/view/4476186708 , ,li-4476186708,fulltime,,,,,,False,mid-senior level,,,,Biotechnology Research,https://de.linkedin.com/company/merck-life-science,,,,,,,,,,,
linkedin,Produktmanager Managed Services - Cloud & Infrastructure (m/w/d) - Remote,SITS Group,Germany,2026-10-06,https://www.linkedin.com/jobs/view/4465535126 , ,li-4465535126,fulltime,,,,,,True,mid-senior level,,,,Computer and Network Security,https://ch.linkedin.com/company/sits-group,,,,,,,,,,,
linkedin,AI Product Manager (m/w/d),Simon-Kucher,"Berlin, Berlin, Germany",2026-10-06,https://www.linkedin.com/jobs/view/4474409413 , ,li-4474409413,fulltime,,,,,,False,mid-senior level,,,,Business Consulting and Services,https://de.linkedin.com/company/simon-kucher,,,,,,,,,,,
linkedin,Product Manager - Child Safety (m/f/d),CYBEX,"Bayreuth, Bavaria, Germany",2026-10-06,https://www.linkedin.com/jobs/view/4457111551 , ,li-4457111551,fulltime,,,,,,False,mid-senior level,,,,Manufacturing,https://de.linkedin.com/company/cybex-gmbh,,,,,,,,,,,
linkedin,Technische:r Produktmanager:in FRMCS Systemtechnik IMS / MCx,Deutsche Bahn,"Frankfurt am Main, Hesse, Germany",2026-10-06,https://www.linkedin.com/jobs/view/4476133332 , ,li-4476133332,fulltime,,,,,,False,mid-senior level,,,,Truck Transportation,https://de.linkedin.com/company/deutschebahn,,,,,,,,,,,
linkedin,AI Product Manager (m/w/d),Simon-Kucher,"Munich, Bavaria, Germany",2026-10-06,https://www.linkedin.com/jobs/view/4474095938 , ,li-4474095938,fulltime,,,,,,False,mid-senior level,,,,Business Consulting and Services,https://de.linkedin.com/company/simon-kucher,,,,,,,,,,,
linkedin,AI Product Manager (m/w/d),Simon-Kucher,"Hamburg, Hamburg, Germany",2026-10-06,https://www.linkedin.com/jobs/view/4474099771 , ,li-4474099771,fulltime,,,,,,False,mid-senior level,,,,Business Consulting and Services,https://de.linkedin.com/company/simon-kucher,,,,,,,,,,,
linkedin,Produktverantwortlicher (m/w/d),HELU KABEL GmbH,"Hemmingen, Baden-Württemberg, Germany",2026-10-05,https://www.linkedin.com/jobs/view/4475571340 , ,li-4475571340,fulltime,,,,,,False,mid-senior level,,,,"Appliances, Electrical, and Electronics Manufacturing",https://www.linkedin.com/company/helu-kabel-gmbh,,,,,,,,,,,
linkedin,Produktmanager (m/w/d),osma,"Osnabrück, Lower Saxony, Germany",2026-10-05,https://www.linkedin.com/jobs/view/4474267638 , ,li-4474267638,fulltime,,,,,,False,associate,,,,Construction,https://de.linkedin.com/company/osma-wohnbau-aufzug,,,,,,,,,,,
linkedin,Product Manager / Requirements Engineer IT-Infrastruktur – Defence (all gender) 100,ALTEN,"Kiel, Schleswig-Holstein, Germany",2026-10-05,https://www.linkedin.com/jobs/view/4462299142 , ,li-4462299142,fulltime,,,,,,False,entry level,,,,Machinery Manufacturing and Aviation and Aerospace Component Manufacturing,https://fr.linkedin.com/company/alten,,,,,,,,,,,
linkedin,Produktmanager (m/w/d),Star Finanz,"Hamburg, Germany",2026-10-05,https://www.linkedin.com/jobs/view/4473650768 , ,li-4473650768,fulltime,,,,,,False,associate,,,,"Software Development, Banking, and IT Services and IT Consulting",https://de.linkedin.com/company/star-finanz,,,,,,,,,,,
linkedin,Senior Product Manager Purification,BUCHI Laboratory Equipment,"Frankfurt, Hesse, Germany",2026-10-05,https://www.linkedin.com/jobs/view/4475589865 , ,li-4475589865,fulltime,,,,,,False,mid-senior level,,,schwerdtfeger.n@buchi.com,Measuring and Control Instrument Manufacturing,https://ch.linkedin.com/company/b%C3%BCchi-labortechnik-ag,,,,,,,,,,,
linkedin,(Senior) Product Manager - Fiberglas (m/w/d),HELM AG,"Hamburg, Hamburg, Germany",2026-10-05,https://www.linkedin.com/jobs/view/4371169094 , ,li-4371169094,fulltime,,,,,,False,mid-senior level,,,,Chemical Manufacturing,https://de.linkedin.com/company/helmag,,,,,,,,,,,
linkedin,Senior Product Manager - B2B SaaS (m/f/x),osapiens,"Mannheim, Baden-Württemberg, Germany",2026-10-05,https://www.linkedin.com/jobs/view/4475816529 , ,li-4475816529,fulltime,,,,,,False,mid-senior level,,,,Software Development,https://de.linkedin.com/company/osapiens,,,,,,,,,,,
linkedin,IT Product Manager – Corporate Applications (all genders),BlackFin Capital Partners,"Düsseldorf, North Rhine-Westphalia, Germany",2026-10-05,https://www.linkedin.com/jobs/view/4475857647 , ,li-4475857647,fulltime,,,,,,False,mid-senior level,,,,Venture Capital and Private Equity Principals,https://fr.linkedin.com/company/blackfin-capital-partners,,,,,,,,,,,
linkedin,Produktmanager:in - Flensburg - Vollzeit,AccountOne GmbH,"Flensburg, Schleswig-Holstein, Germany",2026-10-05,https://www.linkedin.com/jobs/view/4473685548 , ,li-4473685548,fulltime,,,,,,False,entry level,,,,Accounting,https://de.linkedin.com/company/accountone-gmbh,,,,,,,,,,,
linkedin,Produktmanager:in,Drive Medical GmbH & Co. KG,"Mannheim, Baden-Württemberg, Germany",2026-10-05,https://www.linkedin.com/jobs/view/4475569108 , ,li-4475569108,fulltime,,,,,,False,associate,,,,Medical Equipment Manufacturing,,,,,,,,,,,,
linkedin,(Senior) Produktmanager:in,iMi foodservice personalberatung GmbH,Hannover-Braunschweig-Göttingen-Wolfsburg Region,2026-10-05,https://www.linkedin.com/jobs/view/4475560019 , ,li-4475560019,fulltime,,,,,,False,associate,,,,Food and Beverage Manufacturing and Food and Beverage Retail,https://de.linkedin.com/company/imi-foodservice-personalberatung-gmbh,,,,,,,,,,,
linkedin,Product Manager Accessory Solutions (CT product Accessories and Injectors) (f/m/d),Siemens Healthineers,"Forchheim, Bavaria, Germany",2026-10-05,https://www.linkedin.com/jobs/view/4473658444 , ,li-4473658444,fulltime,,,,,,False,mid-senior level,,,,Hospitals and Health Care,https://de.linkedin.com/company/siemens-healthineers,,,,,,,,,,,
linkedin,"Senior Product Manager, Technical (m/f/d)",Affinidi,"Berlin, Berlin, Germany",2026-10-05,https://www.linkedin.com/jobs/view/4474285446 , ,li-4474285446,fulltime,,,,,,False,mid-senior level,,,,Software Development,https://sg.linkedin.com/company/affinidi,,,,,,,,,,,
linkedin,Product Manager Automation (m/w/d),HELU KABEL GmbH,"Hemmingen, Baden-Württemberg, Germany",2026-10-05,https://www.linkedin.com/jobs/view/4475564553 , ,li-4475564553,fulltime,,,,,,False,mid-senior level,,,,"Appliances, Electrical, and Electronics Manufacturing",https://www.linkedin.com/company/helu-kabel-gmbh,,,,,,,,,,,
linkedin,"Senior Product Manager, Wealth & AI (f/m/d)",getquin,"Berlin, Berlin, Germany",2026-10-05,https://www.linkedin.com/jobs/view/4473677666 , ,li-4473677666,fulltime,,,,,,False,associate,,,,Software Development,https://de.linkedin.com/company/getquin,,,,,,,,,,,
linkedin,Product Manager (Frankfurt),Privatize,"Frankfurt, Hesse, Germany",2026-10-05,https://www.linkedin.com/jobs/view/4473685729 , ,li-4473685729,fulltime,,,,,,False,associate,,,,IT Services and IT Consulting,https://de.linkedin.com/company/privatizegroup,,,,,,,,,,,
linkedin,Senior Product Owner (m/f/d) - Team Search,Flix,"Berlin, Germany",2026-10-05,https://www.linkedin.com/jobs/view/4475575951 , ,li-4475575951,fulltime,,,,,,False,mid-senior level,,,,Software Development,https://de.linkedin.com/company/flixbus-flixtrain,,,,,,,,,,,
linkedin,Senior Product Manager Claims (w/m/d/x),EMIL Group,"Berlin, Berlin, Germany",2026-10-05,https://www.linkedin.com/jobs/view/4473600904 , ,li-4473600904,fulltime,,,,,,False,associate,,,,IT Services and IT Consulting,https://de.linkedin.com/company/emil-de,,,,,,,,,,,
linkedin,Product Manager (m/f/d),IntegrityNext,"Munich, Bavaria, Germany",2026-10-05,https://www.linkedin.com/jobs/view/4473645487 , ,li-4473645487,fulltime,,,,,,False,associate,,,,Software Development,https://de.linkedin.com/company/integritynext,,,,,,,,,,,
linkedin,Product Manager - Carbon Management (m/f/x),osapiens,"Munich, Bavaria, Germany",2026-10-05,https://www.linkedin.com/jobs/view/4475815597 , ,li-4475815597,fulltime,,,,,,False,mid-senior level,,,,Software Development,https://de.linkedin.com/company/osapiens,,,,,,,,,,,
linkedin,Senior Product Manager - B2B SaaS (m/f/x),osapiens,"Munich, Bavaria, Germany",2026-10-05,https://www.linkedin.com/jobs/view/4475812751 , ,li-4475812751,fulltime,,,,,,False,mid-senior level,,,,Software Development,https://de.linkedin.com/company/osapiens,,,,,,,,,,,
linkedin,Senior Product Manager | B2C,Kaufland e-commerce,"Berlin, Berlin, Germany",2026-10-05,https://www.linkedin.com/jobs/view/4471933319 , ,li-4471933319,fulltime,,,,,,False,mid-senior level,,,,Online and Mail Order Retail,https://de.linkedin.com/company/kauflandecommerce,,,,,,,,,,,
linkedin,Staff Product Manager,Databricks,"Berlin, Berlin, Germany",2026-10-05,https://www.linkedin.com/jobs/view/4297745071 , ,li-4297745071,fulltime,,,,,,False,mid-senior level,,,,Software Development,https://www.linkedin.com/company/databricks,,,,,,,,,,,
linkedin,Global Product Manager Digital Products – Connectivity & Ecosystem Interoperability (m/f/d),Fresenius Medical Care,"Berlin, Berlin, Germany",2026-10-05,https://www.linkedin.com/jobs/view/4419480774 , ,li-4419480774,fulltime,,,,,,False,mid-senior level,,,,Hospitals and Health Care,https://de.linkedin.com/company/freseniusmedicalcare,,,,,,,,,,,
linkedin,Technischer Projektleiter Elektrotechnik (all gender) 100,ALTEN,"Hannover, Lower Saxony, Germany",2026-10-05,https://www.linkedin.com/jobs/view/4463447369 , ,li-4463447369,fulltime,,,,,,False,associate,,,,Machinery Manufacturing and Aviation and Aerospace Component Manufacturing,https://fr.linkedin.com/company/alten,,,,,,,,,,,
linkedin,Projektleiter (m/w/d),KNDS Deutschland,"Kassel, Hesse, Germany",2026-10-05,https://www.linkedin.com/jobs/view/4475579842 , ,li-4475579842,fulltime,,,,,,False,mid-senior level,,,,Defense and Space Manufacturing,https://de.linkedin.com/company/knds-deutschland,,,,,,,,,,,
linkedin,Projektmanager - Startplattformen für Lenkflugkörper (m/w/d),Rheinmetall,"Bremen, Bremen, Germany",2026-10-05,https://www.linkedin.com/jobs/view/4445835685 , ,li-4445835685,fulltime,,,,,,False,mid-senior level,,,,Defense and Space Manufacturing,https://de.linkedin.com/company/rheinmetall,,,,,,,,,,,
linkedin,Projektmanager (m/w/d) Bauwesen,Carpus+Partner AG,"Cologne, North Rhine-Westphalia, Germany",2026-10-05,https://www.linkedin.com/jobs/view/4296420965 , ,li-4296420965,fulltime,,,,,,False,mid-senior level,,,karriere@carpus.de,Architecture and Planning,https://de.linkedin.com/company/carpus-partner-ag,,,,,,,,,,,
linkedin,Lead Consultant Dynamics 365,Tenth Revolution Group,"Düsseldorf, North Rhine-Westphalia, Germany",2026-10-05,https://www.linkedin.com/jobs/view/4473610959 , ,li-4473610959,fulltime,,,,,,False,mid-senior level,,,,IT Services and IT Consulting,https://uk.linkedin.com/company/tenthrevolution,,,,,,,,,,,
linkedin,Technischer Projektleiter TLB (m/w/d) Standort Wedel,STAR Specialists,"Schleswig-Holstein, Germany",2026-10-05,https://www.linkedin.com/jobs/view/4474604055 , ,li-4474604055,fulltime,,,,,,False,mid-senior level,,,,"Engineering Services, Construction, and Renewable Energy Power Generation",https://nl.linkedin.com/company/starspecialists,,,,,,,,,,,
linkedin,Meister / Techniker als Projektleiter Energieanlagentechnik (m/w/d),SPIE ICS – SPIE Information & Communication Services GmbH,"Waldbröl, North Rhine-Westphalia, Germany",2026-10-05,https://www.linkedin.com/jobs/view/4475588930 , ,li-4475588930,fulltime,,,,,,False,mid-senior level,,,,IT Services and IT Consulting,https://de.linkedin.com/company/spie-ics-germany,,,,,,,,,,,
linkedin,Technischer Projektleiter Produktentwicklung (all gender) 100,ALTEN,"Kiel, Schleswig-Holstein, Germany",2026-10-05,https://www.linkedin.com/jobs/view/4462284201 , ,li-4462284201,fulltime,,,,,,False,entry level,,,,Machinery Manufacturing and Aviation and Aerospace Component Manufacturing,https://fr.linkedin.com/company/alten,,,,,,,,,,,
linkedin,Gesamtprojektleiter:in Infrastruktur,Deutsche Bahn,"Leipzig, Saxony, Germany",2026-10-05,https://www.linkedin.com/jobs/view/4375107544 , ,li-4375107544,fulltime,,,,,,False,director,,,,Truck Transportation,https://de.linkedin.com/company/deutschebahn,,,,,,,,,,,
linkedin,JUNIOR PROJECT MANAGER:IN RAUSGEGANGEN EVENTS (m/w/d),Rausgegangen,"Cologne, North Rhine-Westphalia, Germany",2026-10-05,https://www.linkedin.com/jobs/view/4473622068 , ,li-4473622068,fulltime,,,,,,False,entry level,,,,Software Development,https://de.linkedin.com/company/rausgegangen,,,,,,,,,,,
linkedin,Senior Clinical Project Manager (m/w/d),GBG Forschungs GmbH,"Neu-Isenburg, Hesse, Germany",2026-10-05,https://www.linkedin.com/jobs/view/4476108078 , ,li-4476108078,fulltime,,,,,,False,mid-senior level,,,,Research Services,https://de.linkedin.com/company/gbg-forschungs-gmbh,,,,,,,,,,,
linkedin,Senior Large IT Project Manager (m/w/d),HEADMATCH,"Berlin, Germany",2026-10-05,https://www.linkedin.com/jobs/view/4474258426 , ,li-4474258426,fulltime,,,,,,False,associate,,,,IT System Custom Software Development and IT Services and IT Consulting,https://de.linkedin.com/company/headmatch,,,,,,,,,,,
linkedin,PROJEKTLEITER (m/w/d) SCHLÜSSELFERTIGBAU,BREMER AG,"Leipzig, Saxony, Germany",2026-10-05,https://www.linkedin.com/jobs/view/3794022386 , ,li-3794022386,fulltime,,,,,,False,mid-senior level,,,,Construction,https://de.linkedin.com/company/bremer-se,,,,,,,,,,,
linkedin,PROJEKTLEITER (m/w/d) SCHLÜSSELFERTIGBAU,BREMER AG,"Potsdam, Brandenburg, Germany",2026-10-05,https://www.linkedin.com/jobs/view/4263728037 , ,li-4263728037,fulltime,,,,,,False,mid-senior level,,,,Construction,https://de.linkedin.com/company/bremer-se,,,,,,,,,,,
linkedin,Projektleiter Elektro (m/w/d) – Photovoltaikanlagen,Photargo GmbH,"Karlsruhe, Baden-Württemberg, Germany",2026-10-05,https://www.linkedin.com/jobs/view/4475555230 , ,li-4475555230,fulltime,,,,,,False,mid-senior level,,,zink@photargo.de,Renewable Energy Semiconductor Manufacturing,https://de.linkedin.com/company/photargo,,,,,,,,,,,
linkedin,Project Manager (m/w/d),OMS Prüfservice GmbH,"Berlin, Berlin, Germany",2026-10-05,https://www.linkedin.com/jobs/view/4473688412 , ,li-4473688412,fulltime,,,,,,False,mid-senior level,,,,Public Safety,https://de.linkedin.com/company/oms-pruefservice-gmbh,,,,,,,,,,,
linkedin,Projektleiter (m/w/d) im Bereich Verkehrsanlagen (738),Vössing Ingenieurgesellschaft mbH,"Frankfurt am Main, Hesse, Germany",2026-10-05,https://www.linkedin.com/jobs/view/4475533674 , ,li-4475533674,fulltime,,,,,,False,associate,,,,Engineering Services,https://de.linkedin.com/company/voessing,,,,,,,,,,,
linkedin,Technischer Projektleiter (m/w/d) Elektrotechnik,Körber,"Nuremberg, Bavaria, Germany",2026-10-05,https://www.linkedin.com/jobs/view/4475836348 , ,li-4475836348,fulltime,,,,,,False,mid-senior level,,,jobs@koerber.com,Machinery Manufacturing and Industrial Machinery Manufacturing,https://de.linkedin.com/company/k%C3%B6rber,,,,,,,,,,,
linkedin,Projektleiter Schadensanierung (m/w/d),svt Group of Companies,"Kiel, Schleswig-Holstein, Germany",2026-10-05,https://www.linkedin.com/jobs/view/4420967823 , ,li-4420967823,fulltime,,,,,,False,mid-senior level,,,,Construction,https://de.linkedin.com/company/svt-group-of-companies,,,,,,,,,,,
linkedin,Teamleiter Technisches Projektmanagement (m/w/d),fair parken GmbH,"Düsseldorf, North Rhine-Westphalia, Germany",2026-10-05,https://www.linkedin.com/jobs/view/4473624570 , ,li-4473624570,fulltime,,,,,,False,mid-senior level,,,,IT Services and IT Consulting,https://de.linkedin.com/company/fairparken,,,,,,,,,,,
linkedin,Technischer Projektleiter (m/w/d) Elektrotechnik,Körber Supply Chain,"Nuremberg, Bavaria, Germany",2026-10-05,https://www.linkedin.com/jobs/view/4475826900 , ,li-4475826900,fulltime,,,,,,False,mid-senior level,,,jobs@koerber.com,Machinery Manufacturing and Industrial Machinery Manufacturing,https://de.linkedin.com/company/koerber-supply-chain,,,,,,,,,,,
linkedin,Projektleiter (m/w/d) Konstruktiver Ingenieurbau,SSF Ingenieure AG,"Hamburg, Hamburg, Germany",2026-10-05,https://www.linkedin.com/jobs/view/3985112832 , ,li-3985112832,fulltime,,,,,,False,associate,,,,"Engineering Services, Construction, and Highway, Street, and Bridge Construction",https://de.linkedin.com/company/ssf-ingenieure-ag,,,,,,,,,,,
linkedin,Technischer Projektleiter (m/w/d),ABB,"Ratingen, North Rhine-Westphalia, Germany",2026-10-05,https://www.linkedin.com/jobs/view/4467219573 , ,li-4467219573,fulltime,,,,,,False,not applicable,,,,"Appliances, Electrical, and Electronics Manufacturing",https://ch.linkedin.com/company/abb,,,,,,,,,,,
linkedin,Projektleitung Bau (w/m/d),Regierungspräsidium Freiburg Personal,"Freiburg, Baden-Württemberg, Germany",2026-10-05,https://www.linkedin.com/jobs/view/4476548372 , ,li-4476548372,fulltime,,,,,,False,director,,,,Government Administration,,,,,,,,,,,,
linkedin,Projektleiter (m/w/d) im Klärgasbereich,Se.mo Service+Montage GmbH,"Gelsenkirchen, North Rhine-Westphalia, Germany",2026-10-05,https://www.linkedin.com/jobs/view/4475431558 , ,li-4475431558,fulltime,,,,,,False,mid-senior level,,,info@se-mo.de,Construction,,,,,,,,,,,,
linkedin,Bau- und Projektleiter (m/w/d) Ostdeutschland,Dirk Rossmann GmbH,"Cottbus, Brandenburg, Germany",2026-10-05,https://www.linkedin.com/jobs/view/4467064060 , ,li-4467064060,fulltime,,,,,,False,mid-senior level,,,,Retail,https://de.linkedin.com/company/dirk-rossmann-gmbh,,,,,,,,,,,
linkedin,(Senior) Projektleiter (w/m/d) Realisierung Bahninfrastruktur,Drees & Sommer,"Hamburg, Hamburg, Germany",2026-10-05,https://www.linkedin.com/jobs/view/4473646952 , ,li-4473646952,fulltime,,,,,,False,associate,,,,Real Estate,https://de.linkedin.com/company/drees-&-sommer,,,,,,,,,,,
linkedin,Senior Data & AI Projektleitung - Schwerpunkt Defense (m/w/d),[at] Group,"Munich, Bavaria, Germany",2026-10-05,https://www.linkedin.com/jobs/view/4474271559 , ,li-4474271559,fulltime,,,,,,False,associate,,,,Software Development,https://de.linkedin.com/company/alexander-thamm-gmbh,,,,,,,,,,,
linkedin,(Senior) Projektleiter:in Hochbau Brandschutz,Deutsche Bahn,"Nuremberg, Bavaria, Germany",2026-10-05,https://www.linkedin.com/jobs/view/4363108562 , ,li-4363108562,fulltime,,,,,,False,mid-senior level,,,,Truck Transportation,https://de.linkedin.com/company/deutschebahn,,,,,,,,,,,
linkedin,Technischer Projektleiter Raketenartillerie (m/w/d),KNDS Deutschland,"Kassel, Hesse, Germany",2026-10-05,https://www.linkedin.com/jobs/view/4475581717 , ,li-4475581717,fulltime,,,,,,False,mid-senior level,,,,Defense and Space Manufacturing,https://de.linkedin.com/company/knds-deutschland,,,,,,,,,,,
linkedin,Technischer Projektleiter Software (m/w/d),KNDS Deutschland,"Constance, Baden-Württemberg, Germany",2026-10-05,https://www.linkedin.com/jobs/view/4475589301 , ,li-4475589301,fulltime,,,,,,False,mid-senior level,,,,Defense and Space Manufacturing,https://de.linkedin.com/company/knds-deutschland,,,,,,,,,,,
linkedin,Teamleiter*in Öffentliche Erschließung Schwerpunkt Planung (w/m/d),Berlin TXL Management GmbH,"Berlin, Berlin, Germany",2026-10-05,https://www.linkedin.com/jobs/view/4474292888 , ,li-4474292888,fulltime,direct_data,yearly,79785.0,92704.0,EUR,False,associate,,,,Real Estate and Equipment Rental Services,https://de.linkedin.com/company/berlin-txl-management-gmbh,,,,,,,,,,,
linkedin,IT-Projektleiter Klassisch / Agil (m/w/d),blu Professionals,"Munich, Bavaria, Germany",2026-10-05,https://www.linkedin.com/jobs/view/4475583155 , ,li-4475583155,fulltime,,,,,,False,mid-senior level,,,,Business Consulting and Services,https://de.linkedin.com/company/blu-professionals,,,,,,,,,,,
linkedin,Projektleitung (m/w/d) SAP Transformation,SIGNAL IDUNA Krankenversicherung a. G.,"Hamburg, Hamburg, Germany",2026-10-05,https://www.linkedin.com/jobs/view/4475150068 , ,li-4475150068,fulltime,,,,,,False,mid-senior level,,,aaron.luithle@signal-iduna.de,Insurance Carriers,,,,,,,,,,,,
linkedin,Projektleiter SPECTUS (w/m/d),HENSOLDT,"Wetzlar, Hesse, Germany",2026-10-05,https://www.linkedin.com/jobs/view/4472645774 , ,li-4472645774,fulltime,,,,,,False,mid-senior level,,,jobs@hensoldt.net,Defense and Space Manufacturing,https://de.linkedin.com/company/hensoldt,,,,,,,,,,,
linkedin,Projektleiter Elementbau/Holzbau (m/w/d),Knauf Deutschland,"Neuruppin, Brandenburg, Germany",2026-10-05,https://www.linkedin.com/jobs/view/4474288908 , ,li-4474288908,fulltime,,,,,,False,mid-senior level,,,,Building Materials and Construction,https://de.linkedin.com/company/knauf-deutschland,,,,,,,,,,,
linkedin,Project Manager (m/w/d) Manufacturing,Danfoss,"Frickenhausen, Baden-Württemberg, Germany",2026-10-05,https://www.linkedin.com/jobs/view/4467222204 , ,li-4467222204,fulltime,,,,,,False,entry level,,,,Industrial Machinery Manufacturing,https://dk.linkedin.com/company/danfoss,,,,,,,,,,,
linkedin,Project Manager for PLM & IoT System Solutions (m/f/d),CONTACT Software,"Karlsruhe, Baden-Württemberg, Germany",2026-10-05,https://www.linkedin.com/jobs/view/4360536646 , ,li-4360536646,fulltime,,,,,,False,mid-senior level,,,,Software Development,https://de.linkedin.com/company/contact-software,,,,,,,,,,,
linkedin,Projektleiter Wärmepumpen (m/w/d),SMARTANA GmbH,"Falkensee, Brandenburg, Germany",2026-10-05,https://www.linkedin.com/jobs/view/4473691583 , ,li-4473691583,fulltime,direct_data,yearly,60000.0,60000.0,EUR,False,associate,,,,Utilities,https://de.linkedin.com/company/smartana-gmbh,,,,,,,,,,,
linkedin,Projektleitung (m/w/d) Durchführung von schlüsselfertigen Bauprojekten,ZÜBLIN,"Frankfurt am Main, Hesse, Germany",2026-10-05,https://www.linkedin.com/jobs/view/4473684451 , ,li-4473684451,fulltime,,,,,,False,director,,,,Construction,https://de.linkedin.com/company/zueblin,,,,,,,,,,,
linkedin,Projektmanager:in,DLR Quantum Computing Initiative,"Ulm, Baden-Württemberg, Germany",2026-10-05,https://www.linkedin.com/jobs/view/4475558187 , ,li-4475558187,fulltime,,,,,,False,associate,,,,"Research Services, Space Research and Technology, and Technology, Information and Media",https://de.linkedin.com/company/dlr-qci,,,,,,,,,,,
linkedin,Project Manager,AKQA,"Berlin, Berlin, Germany",2026-10-05,https://www.linkedin.com/jobs/view/4448102667 , ,li-4448102667,fulltime,,,,,,False,mid-senior level,,,,Design Services,https://uk.linkedin.com/company/akqa,,,,,,,,,,,
linkedin,Technischer Projektmanager (m/w/d) für PV-Parks und BESS,Stern Energy,"Halle, Saxony-Anhalt, Germany",2026-10-05,https://www.linkedin.com/jobs/view/4464335824 , ,li-4464335824,fulltime,,,,,,False,associate,,,careers@stern-energy.com,Renewable Energy Semiconductor Manufacturing,https://it.linkedin.com/company/stern-energy,,,,,,,,,,,
linkedin,Projektsteuerer / Projektmanager (m/w/d) Infrastrukturprojekte,Vössing Ingenieurgesellschaft mbH,"Duisburg, North Rhine-Westphalia, Germany",2026-10-05,https://www.linkedin.com/jobs/view/4475597212 , ,li-4475597212,fulltime,,,,,,False,entry level,,,,Architecture and Planning,https://de.linkedin.com/company/voessing,,,,,,,,,,,
linkedin,Senior Project Manager Sales Operations CRM & CPQ (m/w/d),Rocken®,"Munich, Bavaria, Germany",2026-10-05,https://www.linkedin.com/jobs/view/4474601823 , ,li-4474601823,fulltime,direct_data,yearly,90000.0,95000.0,EUR,False,mid-senior level,,,,Internet Publishing,https://ch.linkedin.com/company/rockenjobs,,,,,,,,,,,
linkedin,"Projektmanager:in (m,w,d)",TEKsystems,"Erfurt, Thuringia, Germany",2026-10-05,https://www.linkedin.com/jobs/view/4475547529 , ,li-4475547529,fulltime,,,,,,False,associate,,,,Robotics Engineering and Automation Machinery Manufacturing,https://www.linkedin.com/company/teksystems,,,,,,,,,,,
linkedin,Projektleitung Logistik (w/m/d),HENSOLDT,"Cologne, North Rhine-Westphalia, Germany",2026-10-05,https://www.linkedin.com/jobs/view/4474559388 , ,li-4474559388,fulltime,,,,,,False,mid-senior level,,,jobs@hensoldt.net,Defense and Space Manufacturing,https://de.linkedin.com/company/hensoldt,,,,,,,,,,,
linkedin,Project Manager (Bilingual French and English),Gallup,"Berlin, Berlin, Germany",2026-10-05,https://www.linkedin.com/jobs/view/4435647816 , ,li-4435647816,fulltime,,,,,,False,not applicable,,,,Software Development,https://www.linkedin.com/company/gallup,,,,,,,,,,,
linkedin,Technischer Projektleiter AGM (m/w/d),KNDS Deutschland,"Kassel, Hesse, Germany",2026-10-05,https://www.linkedin.com/jobs/view/4475584597 , ,li-4475584597,fulltime,,,,,,False,mid-senior level,,,,Defense and Space Manufacturing,https://de.linkedin.com/company/knds-deutschland,,,,,,,,,,,
linkedin,Projektleiter/-in Versorgungstechnik (m/w/d),ITA engineering GmbH,"Munich, Bavaria, Germany",2026-10-05,https://www.linkedin.com/jobs/view/4475848904 , ,li-4475848904,fulltime,,,,,,False,mid-senior level,,,,"Architecture and Planning, Civil Engineering, and Industrial Machinery Manufacturing",https://de.linkedin.com/company/ita-engineering-gmbh,,,,,,,,,,,
linkedin,Projektleiter (m/w/d) für IT / Softwareprojekte,Artschwager & Kohl Software GmbH,"Herzogenaurach, Bavaria, Germany",2026-10-05,https://www.linkedin.com/jobs/view/4473628618 , ,li-4473628618,fulltime,,,,,,False,director,,,,Software Development,https://de.linkedin.com/company/artschwager-kohl,,,,,,,,,,,
linkedin,Projektmanager (m/w/d) für Bauprojekte in der Infrastruktur,KB,"Stuttgart, Baden-Württemberg, Germany",2026-10-05,https://www.linkedin.com/jobs/view/4473607795 , ,li-4473607795,fulltime,,,,,,False,associate,,,,Industrial Machinery Manufacturing,https://de.linkedin.com/company/konstruktionsgruppe-bauen-ag,,,,,,,,,,,
linkedin,Projektmanager Sonderaufgaben Wärmeversorgungslösungen (m/w/d),Energie und Wasser Potsdam GmbH,"Potsdam, Brandenburg, Germany",2026-10-05,https://www.linkedin.com/jobs/view/4473630243 , ,li-4473630243,fulltime,,,,,,False,mid-senior level,,,,Utilities,https://de.linkedin.com/company/energie-wasser-potsdam,,,,,,,,,,,
linkedin,Technischer Projektmanager,deutscher aufzugsdienst gmbh,"Schotten, Hesse, Germany",2026-10-05,https://www.linkedin.com/jobs/view/4475533510 , ,li-4475533510,fulltime,,,,,,False,mid-senior level,,,,,,,,,,,,,,,,
linkedin,Technical Project Manager - BESS (m/w/d),LVI Associates,"Munich, Bavaria, Germany",2026-10-05,https://www.linkedin.com/jobs/view/4475805710 , ,li-4475805710,fulltime,,,,,,False,not applicable,,,,Renewable Energy Power Generation,https://uk.linkedin.com/company/lviassociates,,,,,,,,,,,
linkedin,"Senior Project Manager, Professional Services (German Speaking)",Rubrik,"Munich, Bavaria, Germany",2026-10-05,https://www.linkedin.com/jobs/view/4475557744 , ,li-4475557744,fulltime,,,,,,False,mid-senior level,,,hr@rubrik.com,Software Development,https://www.linkedin.com/company/rubrik-inc,,,,,,,,,,,
linkedin,Projektsteuerer / Projektmanager (m/w/d) im Bereich Verkehrsinfrastruktur (711),Vössing Ingenieurgesellschaft mbH,"Duisburg, North Rhine-Westphalia, Germany",2026-10-05,https://www.linkedin.com/jobs/view/4475526926 , ,li-4475526926,fulltime,,,,,,False,associate,,,,Engineering Services,https://de.linkedin.com/company/voessing,,,,,,,,,,,
linkedin,Projektmanager:in AI/LLM (m/w/d),iOMEDICO,"Freiburg, Baden-Württemberg, Germany",2026-10-05,https://www.linkedin.com/jobs/view/4474178841 , ,li-4474178841,fulltime,,,,,,False,entry level,,,,Research Services,https://de.linkedin.com/company/iomedico,,,,,,,,,,,
linkedin,Senior Projektleiter (m/w/d) Infrastrukturprojekte,Stadtwerke Potsdam GmbH,"Potsdam, Brandenburg, Germany",2026-10-05,https://www.linkedin.com/jobs/view/4475552670 , ,li-4475552670,fulltime,direct_data,yearly,90000.0,100000.0,EUR,False,mid-senior level,,,,"Electric Power Transmission, Control, and Distribution",https://de.linkedin.com/company/stadtwerke-potsdam,,,,,,,,,,,
linkedin,Projektmanager:in,FidCap Gruppe München (est. 2012),"Munich, Bavaria, Germany",2026-10-05,https://www.linkedin.com/jobs/view/4473637664 , ,li-4473637664,fulltime,,,,,,False,mid-senior level,,,jobs@FidCap.com,"Construction, Real Estate and Equipment Rental Services, and Architecture and Planning",https://de.linkedin.com/company/fidcap,,,,,,,,,,,
linkedin,Bauleiter / Projektleiter (m/w/d) – Bausanierung & Modernisierung,SpreeHaus Bau GmbH,"Berlin, Berlin, Germany",2026-10-04,https://www.linkedin.com/jobs/view/4474687402 , ,li-4474687402,fulltime,,,,,,False,mid-senior level,,,bewerbung@spreehaus.com,Construction,,,,,,,,,,,,
linkedin,Projektleiter EMV (m/w/d) - „Geppetto“,DENPAFLUX,"Munich, Bavaria, Germany",2026-10-04,https://www.linkedin.com/jobs/view/4473462714 , ,li-4473462714,fulltime,,,,,,False,mid-senior level,,,,Software Development,https://de.linkedin.com/company/denpaflux,,,,,,,,,,,
linkedin,"Technische:r Projektleiter:in, Projektoberbauleiter:in Spezialtiefbau, Frankfurt (m/w/d)",Züblin Spezialtiefbau GmbH,"Frankfurt am Main, Hesse, Germany",2026-10-04,https://www.linkedin.com/jobs/view/4473602228 , ,li-4473602228,fulltime,,,,,,False,mid-senior level,,,,Construction,https://de.linkedin.com/company/z%C3%BCblin-spezialtiefbau-gmbh,,,,,,,,,,,
linkedin,Projektleiter (m/w/d) Gebäudeautomation,WISAG Job & Karriere GmbH & Co. KG,"Neuss, North Rhine-Westphalia, Germany",2026-10-04,https://www.linkedin.com/jobs/view/4474277643 , ,li-4474277643,fulltime,,,,,,False,mid-senior level,,,,Construction,,,,,,,,,,,,
linkedin,Projektleiter Gebäudeautomation (m/w/d) Service und Instandhaltung | HLK,WISAG Job & Karriere GmbH & Co. KG,"Bochum, North Rhine-Westphalia, Germany",2026-10-04,https://www.linkedin.com/jobs/view/4474266776 , ,li-4474266776,fulltime,,,,,,False,mid-senior level,,,,Retail,,,,,,,,,,,,
linkedin,PROJEKTLEITER (m/w/d) SCHLÜSSELFERTIGBAU,BREMER AG,"Erfurt, Thuringia, Germany",2026-10-04,https://www.linkedin.com/jobs/view/4263723831 , ,li-4263723831,fulltime,,,,,,False,mid-senior level,,,,Construction,https://de.linkedin.com/company/bremer-se,,,,,,,,,,,
linkedin,Projektleiter (m/w/d) Gebäudeautomation,WISAG Job & Karriere GmbH & Co. KG,"Mannheim, Baden-Württemberg, Germany",2026-10-04,https://www.linkedin.com/jobs/view/4474288149 , ,li-4474288149,fulltime,,,,,,False,mid-senior level,,,,Construction,,,,,,,,,,,,
linkedin,Senior Product Manager Subscription,Cleverbridge,"Cologne, North Rhine-Westphalia, Germany",2026-10-04,https://www.linkedin.com/jobs/view/4442910246 , ,li-4442910246,fulltime,,,,,,False,mid-senior level,,,,Software Development,https://de.linkedin.com/company/cleverbridge,,,,,,,,,,,
linkedin,Produktmanager Geräteanschlusstechnik (m/w/d),METZ CONNECT GmbH,"Blumberg, Baden-Württemberg, Germany",2026-10-04,https://www.linkedin.com/jobs/view/4463197591 , ,li-4463197591,fulltime,,,,,,False,mid-senior level,,,jobs@metz-connect.com,"Appliances, Electrical, and Electronics Manufacturing",https://de.linkedin.com/company/metz-connect,,,,,,,,,,,
linkedin,Product Lead - Portfolio Midcore Games,Voodoo,"Berlin, Berlin, Germany",2026-10-04,https://www.linkedin.com/jobs/view/4430906660 , ,li-4430906660,fulltime,,,,,,False,mid-senior level,,,,Entertainment Providers,https://fr.linkedin.com/company/voodoo.io,,,,,,,,,,,
linkedin,Projektmanager (m/w/d) - Elektrotechnik,TLD Planungsgruppe GmbH,"Taufkirchen, Bavaria, Germany",2026-10-04,https://www.linkedin.com/jobs/view/4473470692 , ,li-4473470692,fulltime,,,,,,False,director,,,,Architecture and Planning,https://de.linkedin.com/company/tld-planungsgruppe-gmbh,,,,,,,,,,,
linkedin,Product Manager (m/f/d),MAICO Diagnostics GmbH,"Berlin, Berlin, Germany",2026-10-04,https://www.linkedin.com/jobs/view/4473473768 , ,li-4473473768,fulltime,,,,,,False,entry level,,,,Medical Equipment Manufacturing,https://de.linkedin.com/company/maico-diagnostic-gmbh,,,,,,,,,,,
linkedin,Projektleiter / Programm Manager (m/w/d) für Flugzeugsitze / Kundenprojekte,RECARO Aircraft Seating,"Schwäbisch Hall, Baden-Württemberg, Germany",2026-10-04,https://www.linkedin.com/jobs/view/4106206423 , ,li-4106206423,fulltime,,,,,,False,associate,,,check-in@recaro-as.com,Aviation and Aerospace Component Manufacturing,https://de.linkedin.com/company/recaro-aircraft-seating,,,,,,,,,,,
linkedin,Projektleiter (m/w/d) Hochbau,Köster GmbH,"Berlin, Berlin, Germany",2026-10-04,https://www.linkedin.com/jobs/view/4473460974 , ,li-4473460974,fulltime,,,,,,False,mid-senior level,,,,Construction,https://de.linkedin.com/company/k-ster-gmbh,,,,,,,,,,,
linkedin,Senior MEP Projektmanager - Rechenzentren (w/m/d),Arcadis,"Darmstadt, Hesse, Germany",2026-10-04,https://www.linkedin.com/jobs/view/4464702277 , ,li-4464702277,fulltime,,,,,,False,mid-senior level,,,,Professional Services,https://nl.linkedin.com/company/arcadis,,,,,,,,,,,
linkedin,Senior SET-/Projektleiter Truck (m/w/d),CREAT GmbH,"Munich, Bavaria, Germany",2026-10-04,https://www.linkedin.com/jobs/view/4475364953 , ,li-4475364953,fulltime,,,,,,False,mid-senior level,,,,Automotive,https://de.linkedin.com/company/creat-gmbh,,,,,,,,,,,
linkedin,Projektleiter Technische Gebäudeausrüstung für die Gewerke HLSK,Ingenieurgesellschaft Holthoff mbH,"Berlin, Berlin, Germany",2026-10-04,https://www.linkedin.com/jobs/view/4474679610 , ,li-4474679610,fulltime,,,,,,False,mid-senior level,,,,Construction,,,,,,,,,,,,
linkedin,TGA Projektleiter für die Gewerke HLSK+E,Ingenieurgesellschaft Holthoff mbH,"Berlin, Berlin, Germany",2026-10-04,https://www.linkedin.com/jobs/view/4474935592 , ,li-4474935592,fulltime,,,,,,False,mid-senior level,,,,Construction,,,,,,,,,,,,
linkedin,Projektleiter (m/w/d) Hochbau Hamburg,Firmengruppe Max Bögl,"Hamburg, Hamburg, Germany",2026-10-04,https://www.linkedin.com/jobs/view/4377135580 , ,li-4377135580,fulltime,,,,,,False,associate,,,,Construction,https://de.linkedin.com/company/firmengruppe-max-b%C3%B6gl,,,,,,,,,,,
linkedin,Projektleiter Brandschutz (w/m/d) - München,KAEFER Deutschland Pro Services GmbH Standort Bremen,"Grasbrunn, Bavaria, Germany",2026-10-04,https://www.linkedin.com/jobs/view/4474982130 , ,li-4474982130,fulltime,,,,,,False,mid-senior level,,,,Construction,,,,,,,,,,,,
linkedin,Projektleiter (w/m/d) im technischen Facility Management,NEXOCRAFT,"Berlin, Berlin, Germany",2026-10-04,https://www.linkedin.com/jobs/view/4473465881 , ,li-4473465881,fulltime,,,,,,False,entry level,,,,Business Intelligence Platforms,https://de.linkedin.com/company/nexocraft,,,,,,,,,,,
linkedin,Project Manager for PLM & IoT System Solutions (m/f/d),CONTACT Software,"Kaiserslautern, Rhineland-Palatinate, Germany",2026-10-04,https://www.linkedin.com/jobs/view/4359846704 , ,li-4359846704,fulltime,,,,,,False,mid-senior level,,,,Software Development,https://de.linkedin.com/company/contact-software,,,,,,,,,,,
linkedin,Project Manager for PLM & IoT System Solutions (m/f/d),CONTACT Software,"Bad Vilbel, Hesse, Germany",2026-10-04,https://www.linkedin.com/jobs/view/4361058495 , ,li-4361058495,fulltime,,,,,,False,mid-senior level,,,,Software Development,https://de.linkedin.com/company/contact-software,,,,,,,,,,,
linkedin,Project Manager for PLM & IoT System Solutions (m/f/d),CONTACT Software,"Ingolstadt, Bavaria, Germany",2026-10-04,https://www.linkedin.com/jobs/view/4359886672 , ,li-4359886672,fulltime,,,,,,False,mid-senior level,,,,Software Development,https://de.linkedin.com/company/contact-software,,,,,,,,,,,
linkedin,Projektmanager Defence (m/w/d),FERCHAU,"Kiel, Schleswig-Holstein, Germany",2026-10-04,https://www.linkedin.com/jobs/view/4438588009 , ,li-4438588009,fulltime,direct_data,yearly,65000.0,90000.0,EUR,False,mid-senior level,,,john.kaehler@ferchau.com,Engineering Services,https://de.linkedin.com/company/ferchau,,,,,,,,,,,
linkedin,Projektmanager IT (m/w/d),FERCHAU,"Hamburg, Hamburg, Germany",2026-10-04,https://www.linkedin.com/jobs/view/4438565975 , ,li-4438565975,fulltime,direct_data,yearly,65000.0,85000.0,EUR,False,mid-senior level,,,ramona.pilgram@ferchau.com,Engineering Services,https://de.linkedin.com/company/ferchau,,,,,,,,,,,
linkedin,Projektmanager Großprojekte (m/w/d) Energie und Bau,FERCHAU,"Hannover, Lower Saxony, Germany",2026-10-04,https://www.linkedin.com/jobs/view/4438567947 , ,li-4438567947,fulltime,direct_data,yearly,60000.0,84000.0,EUR,False,mid-senior level,,,hannover@ferchau.com,Engineering Services,https://de.linkedin.com/company/ferchau,,,,,,,,,,,
linkedin,Projektleiter:in Erneuerung der Oberleitungsanlage (OLA),Deutsche Bahn,"Munich, Bavaria, Germany",2026-10-04,https://www.linkedin.com/jobs/view/4447244669 , ,li-4447244669,fulltime,,,,,,False,mid-senior level,,,,Truck Transportation,https://de.linkedin.com/company/deutschebahn,,,,,,,,,,,
linkedin,Teamleiter Projektentwicklung Wind (m/w/d),UKA – Der Energieparkentwickler,"Meißen, Saxony, Germany",2026-10-04,https://www.linkedin.com/jobs/view/4436605442 , ,li-4436605442,fulltime,,,,,,False,associate,,,,Services for Renewable Energy,https://de.linkedin.com/company/uka-umweltgerechte-kraftanlagen-gmbh-co-kg,,,,,,,,,,,
linkedin,Project Manager for PLM & IoT System Solutions (m/f/d),CONTACT Software,"Berlin, Berlin, Germany",2026-10-04,https://www.linkedin.com/jobs/view/4360575820 , ,li-4360575820,fulltime,,,,,,False,mid-senior level,,,,Software Development,https://de.linkedin.com/company/contact-software,,,,,,,,,,,
linkedin,Project Manager for PLM & IoT System Solutions (m/f/d),CONTACT Software,"Bremen, Bremen, Germany",2026-10-04,https://www.linkedin.com/jobs/view/4361023738 , ,li-4361023738,fulltime,,,,,,False,mid-senior level,,,,Software Development,https://de.linkedin.com/company/contact-software,,,,,,,,,,,
linkedin,"Product Lead, Platform & Enterprise -Sureel AI",Warner Music Group,"Munich, Bavaria, Germany",2026-10-03,https://www.linkedin.com/jobs/view/4457545619 , ,li-4457545619,fulltime,,,,,,False,mid-senior level,,,,Entertainment Providers,https://www.linkedin.com/company/warner-music-group,,,,,,,,,,,
linkedin,Senior Product Manager (m/f/d),Moss,"Berlin, Berlin, Germany",2026-10-03,https://www.linkedin.com/jobs/view/4445251098 , ,li-4445251098,fulltime,,,,,,False,mid-senior level,,,,Financial Services,https://de.linkedin.com/company/moss-finance,,,,,,,,,,,
linkedin,Senior Product Manager (m/f/d),Moss,"Munich, Bavaria, Germany",2026-10-03,https://www.linkedin.com/jobs/view/4445900301 , ,li-4445900301,fulltime,,,,,,False,mid-senior level,,,,Financial Services,https://de.linkedin.com/company/moss-finance,,,,,,,,,,,
linkedin,Product Manager - Lion Studios (f/m/d),Tripledot Studios,"Berlin, Germany",2026-10-03,https://www.linkedin.com/jobs/view/4457384956 , ,li-4457384956,fulltime,,,,,,False,mid-senior level,,,,Computer Games,https://uk.linkedin.com/company/tripledot-studios,,,,,,,,,,,
linkedin,Produktmanager Installations- und Spülsysteme (m/w/d),Geberit Deutschland,"Pfullendorf, Baden-Württemberg, Germany",2026-10-03,https://www.linkedin.com/jobs/view/4145676920 , ,li-4145676920,fulltime,,,,,,False,mid-senior level,,,,Building Materials,https://de.linkedin.com/company/geberit-deutschland,,,,,,,,,,,
linkedin,Senior Product Manager Apparel (m/w/d),JACK WOLFSKIN,"Eschborn, Hesse, Germany",2026-10-03,https://www.linkedin.com/jobs/view/4464899555 , ,li-4464899555,fulltime,,,,,,False,mid-senior level,,,,Retail Apparel and Fashion,https://de.linkedin.com/company/jack-wolfskin-gmbh-&-co-kgaa,,,,,,,,,,,
linkedin,Staff Product Manager [Accounting Europe] - German speaking 🇩🇪,Qonto,"Berlin, Germany",2026-10-03,https://www.linkedin.com/jobs/view/4430705695 , ,li-4430705695,fulltime,,,,,,False,mid-senior level,,,,Financial Services,https://fr.linkedin.com/company/qonto,,,,,,,,,,,
linkedin,"Senior Product Manager, Streaming Platform",Snowflake,"Berlin, Berlin, Germany",2026-10-03,https://www.linkedin.com/jobs/view/4419982608 , ,li-4419982608,fulltime,,,,,,False,mid-senior level,,,,Software Development,https://www.linkedin.com/company/snowflake-computing,,,,,,,,,,,
linkedin,Projektmanager (m/w/d) Marketing Technology,Dirk Rossmann GmbH,"Burgwedel, Lower Saxony, Germany",2026-10-03,https://www.linkedin.com/jobs/view/4447289029 , ,li-4447289029,fulltime,,,,,,False,mid-senior level,,,,Retail,https://de.linkedin.com/company/dirk-rossmann-gmbh,,,,,,,,,,,
linkedin,Technischer Project Manager (m/w/d),FERCHAU,"Berlin, Berlin, Germany",2026-10-03,https://www.linkedin.com/jobs/view/4438570825 , ,li-4438570825,fulltime,direct_data,yearly,50000.0,70000.0,EUR,False,mid-senior level,,,julia.foerster@ferchau.com,Engineering Services,https://de.linkedin.com/company/ferchau,,,,,,,,,,,
linkedin,EPC Project Manager (all genders) Power Conversion,GE Vernova,"Berlin, Berlin, Germany",2026-10-03,https://www.linkedin.com/jobs/view/4466359107 , ,li-4466359107,fulltime,,,,,,False,mid-senior level,,,,Energy Technology,https://www.linkedin.com/company/gevernova,,,,,,,,,,,
linkedin,Junior Projektmanager (m/w/d) Automotive,FERCHAU,"Karlsruhe, Baden-Württemberg, Germany",2026-10-03,https://www.linkedin.com/jobs/view/4438574718 , ,li-4438574718,fulltime,direct_data,yearly,48000.0,62000.0,EUR,False,entry level,,,karlsruhe-mobility@ferchau.com,Engineering Services,https://de.linkedin.com/company/ferchau,,,,,,,,,,,
linkedin,Senior Project Manager,Turner & Townsend,"Düsseldorf, North Rhine-Westphalia, Germany",2026-10-03,https://www.linkedin.com/jobs/view/4418579508 , ,li-4418579508,fulltime,,,,,,False,mid-senior level,,,,"Construction, Civil Engineering, and Business Consulting and Services",https://uk.linkedin.com/company/turner-&-townsend,,,,,,,,,,,
linkedin,Gesamtprojektleiter:in Infrastruktur,Deutsche Bahn,"Dresden, Saxony, Germany",2026-10-03,https://www.linkedin.com/jobs/view/4375120192 , ,li-4375120192,fulltime,,,,,,False,director,,,,Truck Transportation,https://de.linkedin.com/company/deutschebahn,,,,,,,,,,,
linkedin,Senior MEP Projektmanager - Rechenzentren (w/m/d),Arcadis,"Frankfurt am Main, Hesse, Germany",2026-10-03,https://www.linkedin.com/jobs/view/4464296332 , ,li-4464296332,fulltime,,,,,,False,mid-senior level,,,,Professional Services,https://nl.linkedin.com/company/arcadis,,,,,,,,,,,
linkedin,Senior Cyber Security Consultant - Technical Project Lead,GMV,"Gilching, Bavaria, Germany",2026-10-03,https://www.linkedin.com/jobs/view/4420286743 , ,li-4420286743,fulltime,,,,,,False,mid-senior level,,,privacy@gmv.com,"Software Development, Computer and Network Security, and IT Services and IT Consulting",https://es.linkedin.com/company/gmv,,,,,,,,,,,
linkedin,Projektleiter:in Höhenfördertechnik / Aufzüge / Fahrtreppen / Rolltreppen,Deutsche Bahn,"Frankfurt am Main, Hesse, Germany",2026-10-03,https://www.linkedin.com/jobs/view/4446533737 , ,li-4446533737,fulltime,,,,,,False,mid-senior level,,,,Truck Transportation,https://de.linkedin.com/company/deutschebahn,,,,,,,,,,,
linkedin,Project Lead (m/f/d) - Data Centres,Turner & Townsend,Berlin Metropolitan Area,2026-10-03,https://www.linkedin.com/jobs/view/4437973375 , ,li-4437973375,fulltime,,,,,,False,director,,,,"Construction, Civil Engineering, and Business Consulting and Services",https://uk.linkedin.com/company/turner-&-townsend,,,,,,,,,,,
linkedin,Projektleiter:in Spezialist:in Infrastrukturprojekte,Deutsche Bahn,"Hamburg, Hamburg, Germany",2026-10-03,https://www.linkedin.com/jobs/view/4430186054 , ,li-4430186054,fulltime,,,,,,False,mid-senior level,,,,Truck Transportation,https://de.linkedin.com/company/deutschebahn,,,,,,,,,,,
linkedin,Projektleiter:in Projektrealisierung LST,Deutsche Bahn,"Stuttgart, Baden-Württemberg, Germany",2026-10-03,https://www.linkedin.com/jobs/view/4475073849 , ,li-4475073849,fulltime,,,,,,False,mid-senior level,,,,Truck Transportation,https://de.linkedin.com/company/deutschebahn,,,,,,,,,,,
linkedin,Junior Project Manager - Retrofit (m/w/d),Instaffo,"Munich, Bavaria, Germany",2026-10-03,https://www.linkedin.com/jobs/view/4466305913 , ,li-4466305913,fulltime,direct_data,yearly,48000.0,53000.0,EUR,False,not applicable,,,,Staffing and Recruiting,https://de.linkedin.com/company/instaffo-gmbh,,,,,,,,,,,
linkedin,"Projektleiter für Sanitär-, Heizungs- und Klimatechnik (m/w/d) - Schwerpunkt Montage",Seco Kältetechnik GmbH,"Bochum, North Rhine-Westphalia, Germany",2026-10-03,https://www.linkedin.com/jobs/view/4473884140 , ,li-4473884140,fulltime,,,,,,False,mid-senior level,,,,Construction,https://de.linkedin.com/company/seco-k%C3%A4ltetechnik-gmbh,,,,,,,,,,,
linkedin,IT- Projekt Manager Softwareentwicklung für den Public Sector (m/w/d),CGI,"Berlin, Germany",2026-10-03,https://www.linkedin.com/jobs/view/4457507165 , ,li-4457507165,fulltime,,,,,,False,entry level,,,,IT Services and IT Consulting,https://ca.linkedin.com/company/cgi,,,,,,,,,,,
linkedin,Projektleiter:in und Teamkoordinator:in Großbrücken,Deutsche Bahn,"Hamburg, Hamburg, Germany",2026-10-03,https://www.linkedin.com/jobs/view/4411410670 , ,li-4411410670,fulltime,,,,,,False,mid-senior level,,,,Truck Transportation,https://de.linkedin.com/company/deutschebahn,,,,,,,,,,,
linkedin,Projektleiter HKLS (m/w/d),ROCKSOLID Personalvermittlung GmbH,"Bielefeld, North Rhine-Westphalia, Germany",2026-10-03,https://www.linkedin.com/jobs/view/4473424279 , ,li-4473424279,fulltime,direct_data,yearly,70000.0,85000.0,EUR,False,mid-senior level,,,,Staffing and Recruiting,https://de.linkedin.com/company/rocksolid-personalvermittlung,,,,,,,,,,,
linkedin,Technischer Projektleiter (m/w/d),Rheinmetall,"Bremen, Bremen, Germany",2026-10-03,https://www.linkedin.com/jobs/view/4464263621 , ,li-4464263621,fulltime,,,,,,False,mid-senior level,,,,Defense and Space Manufacturing,https://de.linkedin.com/company/rheinmetall,,,,,,,,,,,
linkedin,Projektleiter (m/w/d) Gefahrenmeldetechnik,KSK-Real Estate Management GmbH,"Sankt Augustin, North Rhine-Westphalia, Germany",2026-10-03,https://www.linkedin.com/jobs/view/4475313494 , ,li-4475313494,fulltime,,,,,,False,mid-senior level,,,bewerbung@ksk-rem.de,Real Estate,https://de.linkedin.com/company/ksk-real-estate-management-gmbh,,,,,,,,,,,
linkedin,Projektleiter (w/m/d) Bau- und Gebäudetechnik,NEXOCRAFT,"Berlin, Berlin, Germany",2026-10-02,https://www.linkedin.com/jobs/view/4473193091 , ,li-4473193091,fulltime,,,,,,False,mid-senior level,,,,Business Intelligence Platforms,https://de.linkedin.com/company/nexocraft,,,,,,,,,,,
linkedin,Projektleiter (w/m/d) Hochbau,DS-Bauconcept GmbH,"Hannover, Lower Saxony, Germany",2026-10-02,https://www.linkedin.com/jobs/view/4473178520 , ,li-4473178520,fulltime,,,,,,False,mid-senior level,,,,Real Estate,https://de.linkedin.com/company/ds-bauconcept-gmbh,,,,,,,,,,,
linkedin,Projektleiter (m/w/d) Wohnungsneubau,Michael Page,"Berlin, Berlin, Germany",2026-10-02,https://www.linkedin.com/jobs/view/4475040065 , ,li-4475040065,fulltime,,,,,,False,mid-senior level,,,,"Real Estate, Leasing Non-residential Real Estate, and Architecture and Planning",https://uk.linkedin.com/company/michael-page,,,,,,,,,,,
linkedin,Senior Product Manager - IoT Submetering & PropTech (m/w/x),metiundo GmbH,"Berlin, Germany",2026-10-02,https://www.linkedin.com/jobs/view/4462840666 , ,li-4462840666,fulltime,,,,,,False,associate,,,,"Energy Technology, Services for Renewable Energy, and Real Estate",https://de.linkedin.com/company/metiundo-gmbh,,,,,,,,,,,
