site,title,company,location,date_posted,job_url,job_url_direct,id,job_type,salary_source,interval,min_amount,max_amount,currency,is_remote,job_level,job_function,listing_type,emails,company_industry,company_url,company_url_direct,company_addresses,company_num_employees,company_revenue,company_description,skills,experience_range,company_rating,company_reviews_count,vacancy_count,work_from_home_type
linkedin,Projektleiter:in HLKS,Cobalt Deutschland GmbH,"Berlin, Germany",2026-10-07,https://www.linkedin.com/jobs/view/4476713291 , ,li-4476713291,fulltime,direct_data,yearly,70000.0,90000.0,EUR,False,associate,,,,Construction and Real Estate,https://de.linkedin.com/company/cobalt-deutschland,,,,,,,,,,,
linkedin,Senior Produktmanager – Applikation zur Prüfung von Führungs- und Kommunikationssystemen (m/w/d),BWI GmbH,"Hamburg, Hamburg, Germany",2026-10-07,https://www.linkedin.com/jobs/view/4476537455 , ,li-4476537455,fulltime,,,,,,False,mid-senior level,,,,IT Services and IT Consulting,https://de.linkedin.com/company/bwi-gmbh,,,,,,,,,,,
linkedin,Produktmanager dmBio (w/m/d),dm-drogerie markt Deutschland,Greater Karlsruhe Area,2026-10-07,https://www.linkedin.com/jobs/view/4475147972 , ,li-4475147972,fulltime,,,,,,False,mid-senior level,,,,Retail,https://de.linkedin.com/company/dm-drogerie-markt-deutschland,,,,,,,,,,,
linkedin,Produktmanager Oryza / reis-fit (m/w/d),Euryza GmbH,"Hamburg, Germany",2026-10-07,https://www.linkedin.com/jobs/view/4476553968 , ,li-4476553968,fulltime,,,,,,False,entry level,,,,Food and Beverage Manufacturing,https://de.linkedin.com/company/euryza-gmbh,,,,,,,,,,,
linkedin,(Senior) Product Manager (m/f/d),HELM AG,"Hamburg, Hamburg, Germany",2026-10-07,https://www.linkedin.com/jobs/view/4390716176 , ,li-4390716176,fulltime,,,,,,False,mid-senior level,,,,Chemical Manufacturing,https://de.linkedin.com/company/helmag,,,,,,,,,,,
linkedin,Produktmanager Finanzdienstleistungen & digitale Vermögensberatung / Allfinanzberatung (m/w/d),ATLAS Vertriebsservice,"Frankfurt am Main, Hesse, Germany",2026-10-07,https://www.linkedin.com/jobs/view/4442826861 , ,li-4442826861,fulltime,,,,,,False,associate,,,,Financial Services,https://de.linkedin.com/company/atlas-vertriebsservice,,,,,,,,,,,
linkedin,Product Manager - Engineering,Tripledot Studios,"Berlin, Germany",2026-10-07,https://www.linkedin.com/jobs/view/4458753563 , ,li-4458753563,fulltime,,,,,,False,mid-senior level,,,,Computer Games,https://uk.linkedin.com/company/tripledot-studios,,,,,,,,,,,
linkedin,Product Manager Consumable Customization Services (F/M),Sartorius,"Göttingen, Lower Saxony, Germany",2026-10-07,https://www.linkedin.com/jobs/view/4450092930 , ,li-4450092930,fulltime,,,,,,False,mid-senior level,,,,Biotechnology Research,https://de.linkedin.com/company/sartorius,,,,,,,,,,,
linkedin,Product Manager (Hardware),AI Futures,"Munich, Bavaria, Germany",2026-10-07,https://www.linkedin.com/jobs/view/4476596440 , ,li-4476596440,fulltime,direct_data,yearly,100000.0,150000.0,EUR,False,mid-senior level,,,,Robotics Engineering and Industrial Machinery Manufacturing,https://uk.linkedin.com/company/aifuturesgroup,,,,,,,,,,,
linkedin,Senior Product Manager (f/m/d),Zenjob,"Berlin, Germany",2026-10-07,https://www.linkedin.com/jobs/view/4474465942 , ,li-4474465942,fulltime,,,,,,False,mid-senior level,,,,"Staffing and Recruiting, Internet Marketplace Platforms, and Software Development",https://de.linkedin.com/company/zenjob,,,,,,,,,,,
linkedin,Product Manager,Turba Labs,"Baden-Württemberg, Germany",2026-10-07,https://www.linkedin.com/jobs/view/4451655899 , ,li-4451655899,fulltime,,,,,,False,mid-senior level,,,,Software Development,https://www.linkedin.com/company/turbalabs,,,,,,,,,,,
linkedin,(Senior) Produktmanager Biometrie (pAV/bAV) (m/w/d),AXA,"Cologne, North Rhine-Westphalia, Germany",2026-10-07,https://www.linkedin.com/jobs/view/4454563229 , ,li-4454563229,fulltime,,,,,,False,mid-senior level,,,recruiting@axa.de,Insurance,https://fr.linkedin.com/company/axa,,,,,,,,,,,
linkedin,Senior Technical Product Manager – Core Asset Module (m/w/d),JobRad® | Deutschland,Germany,2026-10-07,https://www.linkedin.com/jobs/view/4466503106 , ,li-4466503106,fulltime,,,,,,False,mid-senior level,,,,Financial Services,https://de.linkedin.com/company/jobrad-gmbh,,,,,,,,,,,
linkedin,Senior Produktmanager – Applikation zur Prüfung von Führungs- und Kommunikationssystemen (m/w/d),BWI GmbH,"Berlin, Berlin, Germany",2026-10-07,https://www.linkedin.com/jobs/view/4476536493 , ,li-4476536493,fulltime,,,,,,False,mid-senior level,,,,IT Services and IT Consulting,https://de.linkedin.com/company/bwi-gmbh,,,,,,,,,,,
linkedin,Produktentwickler (m/w/d),AVAT Automation GmbH,"Tübingen, Baden-Württemberg, Germany",2026-10-07,https://www.linkedin.com/jobs/view/4476523999 , ,li-4476523999,fulltime,,,,,,False,mid-senior level,,,jobs@avat.de,Renewables & Environment,https://de.linkedin.com/company/avat-automation-gmbh,,,,,,,,,,,
linkedin,Product Owner (m/w/d) Zendesk & Babelforce - Customer Service // remote möglich,Breuninger,"Stuttgart, Baden-Württemberg, Germany",2026-10-07,https://www.linkedin.com/jobs/view/4436173641 , ,li-4436173641,fulltime,,,,,,True,not applicable,,,,Software Development and IT Services and IT Consulting,https://de.linkedin.com/company/breuninger,,,,,,,,,,,
linkedin,Senior Product Manager - PDF Expert,WhyBrilliant,"Berlin, Berlin, Germany",2026-10-07,https://www.linkedin.com/jobs/view/4465542167 , ,li-4465542167,fulltime,direct_data,yearly,100000.0,120000.0,EUR,False,mid-senior level,,,,Software Development,https://de.linkedin.com/company/whybrilliantcom,,,,,,,,,,,
linkedin,Senior Product Manager - AI Pathology (d/f/m),Aignostics,Germany,2026-10-07,https://www.linkedin.com/jobs/view/4418728953 , ,li-4418728953,fulltime,,,,,,False,mid-senior level,,,,Software Development,https://de.linkedin.com/company/aignostics,,,,,,,,,,,
linkedin,Strategischer Produktmanager (m/w/d),Instaffo,"Herten, North Rhine-Westphalia, Germany",2026-10-07,https://www.linkedin.com/jobs/view/4467713484 , ,li-4467713484,fulltime,direct_data,yearly,66000.0,88000.0,EUR,False,mid-senior level,,,,Staffing and Recruiting,https://de.linkedin.com/company/instaffo-gmbh,,,,,,,,,,,
linkedin,Staff Product Manager – German Speaking - Managed Detection and Incident Response (m/f/x),Eye Security,"Berlin, Berlin, Germany",2026-10-07,https://www.linkedin.com/jobs/view/4466882364 , ,li-4466882364,fulltime,,,,,,False,mid-senior level,,,,Computer and Network Security,https://nl.linkedin.com/company/eyesecurity,,,,,,,,,,,
linkedin,Senior Product Manager (F/M/X),ablefy,"Berlin, Germany",2026-10-07,https://www.linkedin.com/jobs/view/4460474585 , ,li-4460474585,fulltime,,,,,,False,mid-senior level,,,,Software Development and IT Services and IT Consulting,https://de.linkedin.com/company/myablefy,,,,,,,,,,,
linkedin,"Produktmanager Traumatologie, Medizintechnik (m/w/d)",aap Implantate AG,"Berlin, Germany",2026-10-07,https://www.linkedin.com/jobs/view/4476570240 , ,li-4476570240,fulltime,,,,,,False,entry level,,,,Medical Equipment Manufacturing,https://de.linkedin.com/company/aap-implantate-ag,,,,,,,,,,,
linkedin,Senior Product Manager - Machine Learning (m/f/d),voize,"Berlin, Germany",2026-10-07,https://www.linkedin.com/jobs/view/4428843132 , ,li-4428843132,fulltime,,,,,,False,mid-senior level,,,,Software Development,https://de.linkedin.com/company/voize-ai,,,,,,,,,,,
linkedin,"Senior Technical Product Manager - (Logistics - Customer, Time & Tracking)",Delivery Hero,"Berlin, Berlin, Germany",2026-10-07,https://www.linkedin.com/jobs/view/4475438864 , ,li-4475438864,fulltime,,,,,,False,mid-senior level,,,inclusion@deliveryhero.com,Software Development and IT Services and IT Consulting,https://de.linkedin.com/company/delivery-hero-se,,,,,,,,,,,
linkedin,Senior Product Manager (m/f/d),Orca Group,Greater Munich Metropolitan Area,2026-10-07,https://www.linkedin.com/jobs/view/4475412569 , ,li-4475412569,fulltime,,,,,,False,mid-senior level,,,,Software Development,https://de.linkedin.com/company/orca-group-gmbh,,,,,,,,,,,
linkedin,Senior Product Manager - Data Lakehouse (f/m/d),Trusted Shops,"Cologne, North Rhine-Westphalia, Germany",2026-10-07,https://www.linkedin.com/jobs/view/4469111883 , ,li-4469111883,fulltime,,,,,,False,mid-senior level,,,,IT Services and IT Consulting,https://de.linkedin.com/company/trustedshops,,,,,,,,,,,
linkedin,Senior Product Manager (f/m/d),IDnow,"Munich, Bavaria, Germany",2026-10-07,https://www.linkedin.com/jobs/view/4399535961 , ,li-4399535961,fulltime,,,,,,False,mid-senior level,,,,Software Development,https://de.linkedin.com/company/idnow,,,,,,,,,,,
linkedin,Produktmanager Strommarkt & Sektorenkopplung (all genders),AVAT Automation GmbH,"Tübingen, Baden-Württemberg, Germany",2026-10-07,https://www.linkedin.com/jobs/view/4476529713 , ,li-4476529713,fulltime,,,,,,False,mid-senior level,,,jobs@avat.de,Renewables & Environment,https://de.linkedin.com/company/avat-automation-gmbh,,,,,,,,,,,
linkedin,Senior Product Manager Claims (w/m/d/x),EMIL Group,Germany,2026-10-07,https://www.linkedin.com/jobs/view/4456043908 , ,li-4456043908,fulltime,,,,,,False,mid-senior level,,,,Insurance and IT Services and IT Consulting,https://de.linkedin.com/company/emil-de,,,,,,,,,,,
linkedin,Product Manager (f/m/d),MICRO-TECH Endoscopy EMEA,"Düsseldorf, North Rhine-Westphalia, Germany",2026-10-07,https://www.linkedin.com/jobs/view/4476587058 , ,li-4476587058,fulltime,,,,,,False,entry level,,,,Medical Equipment Manufacturing,https://www.linkedin.com/company/microtechemea,,,,,,,,,,,
linkedin,Product Manager (all genders),UTA Edenred,"Kleinostheim, Bavaria, Germany",2026-10-07,https://www.linkedin.com/jobs/view/4476722119 , ,li-4476722119,fulltime,,,,,,False,mid-senior level,,,,IT Services and IT Consulting,https://de.linkedin.com/company/utaedenred,,,,,,,,,,,
linkedin,Technical Product Owner | Integrations (m/f/d),Superchat,"Berlin, Berlin, Germany",2026-10-07,https://www.linkedin.com/jobs/view/4476536963 , ,li-4476536963,fulltime,,,,,,False,mid-senior level,,,,IT Services and IT Consulting,https://de.linkedin.com/company/superchatcom,,,,,,,,,,,
linkedin,Produktkoordinator (m/w/d),KAESER KOMPRESSOREN,"Coburg, Bavaria, Germany",2026-10-07,https://www.linkedin.com/jobs/view/4476525911 , ,li-4476525911,fulltime,,,,,,False,entry level,,,,Machinery Manufacturing,https://de.linkedin.com/company/kaeser-kompressoren,,,,,,,,,,,
linkedin,Product Lead SAP Platform & Technology (w/m/d),Otto Group one.O,"Dresden, Saxony, Germany",2026-10-07,https://www.linkedin.com/jobs/view/4474484293 , ,li-4474484293,fulltime,,,,,,False,mid-senior level,,,,IT Services and IT Consulting,https://de.linkedin.com/company/ottogroup-one-o,,,,,,,,,,,
linkedin,Senior Projektleiter:in / Product Owner (w/m/d),kernpunkt Digital GmbH,"Cologne, North Rhine-Westphalia, Germany",2026-10-07,https://www.linkedin.com/jobs/view/4476748051 , ,li-4476748051,fulltime,,,,,,False,associate,,,,Business Consulting and Services and IT Services and IT Consulting,https://de.linkedin.com/company/kernpunkt,,,,,,,,,,,
linkedin,Lead Product Line Management CORE Footwear,PUMA Group,"Herzogenaurach, Bavaria, Germany",2026-10-07,https://www.linkedin.com/jobs/view/4466574330 , ,li-4466574330,fulltime,,,,,,False,mid-senior level,,,,"Sporting Goods Manufacturing, Retail, and Retail Apparel and Fashion",https://de.linkedin.com/company/puma,,,,,,,,,,,
linkedin,Produktmanager/in Gesundheitsprodukte m/w/d in Vollzeit oder freier Mitarbeit,db - die Beraterapotheke B.V.,"Rheine, North Rhine-Westphalia, Germany",2026-10-07,https://www.linkedin.com/jobs/view/4476703844 , ,li-4476703844,fulltime,,,,,,False,mid-senior level,,,,Hospitals and Health Care,https://nl.linkedin.com/company/dieberaterapotheke,,,,,,,,,,,
linkedin,Sr. Product Manager - Media Planner (all genders),F11,Germany,2026-10-07,https://www.linkedin.com/jobs/view/4476710477 , ,li-4476710477,fulltime,,,,,,False,associate,,,,"Advertising Services, Technology, Information and Media, and Software Development",https://de.linkedin.com/company/factoreleven,,,,,,,,,,,
linkedin,Produktmanager:in,Robert Half,"Düren, North Rhine-Westphalia, Germany",2026-10-07,https://www.linkedin.com/jobs/view/4476552683 , ,li-4476552683,fulltime,,,,,,False,associate,,,,Personal Care Product Manufacturing,https://www.linkedin.com/company/robert-half-international,,,,,,,,,,,
linkedin,Produktmanager Deployment und Reporting (m/w/d),Finanz Informatik,"Frankfurt, Hesse, Germany",2026-10-07,https://www.linkedin.com/jobs/view/4457477241 , ,li-4457477241,fulltime,,,,,,False,associate,,,,"IT Services and IT Consulting, Banking, and Financial Services",https://de.linkedin.com/company/finanz-informatik,,,,,,,,,,,
linkedin,Manager KI Products & Solutions (m/w/d),Messe Düsseldorf,"Düsseldorf, North Rhine-Westphalia, Germany",2026-10-07,https://www.linkedin.com/jobs/view/4475423132 , ,li-4475423132,fulltime,,,,,,False,entry level,,,,Events Services,https://de.linkedin.com/company/messe-duesseldorf,,,,,,,,,,,
linkedin,Senior Product Owner - BKYC,Solaris SE,"Berlin, Germany",2026-10-07,https://www.linkedin.com/jobs/view/4476554151 , ,li-4476554151,fulltime,,,,,,False,mid-senior level,,,,Financial Services,https://de.linkedin.com/company/solariscompany,,,,,,,,,,,
linkedin,Head of Product Management/ Senior Product Owner m/w/d),Instaffo,"Bonlanden, Baden-Württemberg, Germany",2026-10-07,https://www.linkedin.com/jobs/view/4465565294 , ,li-4465565294,fulltime,direct_data,yearly,75000.0,95000.0,EUR,False,mid-senior level,,,,Staffing and Recruiting,https://de.linkedin.com/company/instaffo-gmbh,,,,,,,,,,,
linkedin,(Junior) Produktmanager (m/w/d) In-App-Broker,C24 Bank GmbH,"Frankfurt am Main, Hesse, Germany",2026-10-07,https://www.linkedin.com/jobs/view/4474483357 , ,li-4474483357,fulltime,,,,,,False,entry level,,,,Financial Services,https://de.linkedin.com/company/c24-bank,,,,,,,,,,,
linkedin,"Junior Produktmanager (m/w/d) für KI, UX & Automatisierung, InsurTech",CHECK24,"Frankfurt, Hesse, Germany",2026-10-07,https://www.linkedin.com/jobs/view/4431710740 , ,li-4431710740,fulltime,,,,,,False,entry level,,,,Software Development,https://de.linkedin.com/company/check24-vergleichsportal-gmbh,,,,,,,,,,,
linkedin,AI Solutions Manager (w/m/d),PharmaSGP Holding SE,"Gräfelfing, Bavaria, Germany",2026-10-07,https://www.linkedin.com/jobs/view/4476595747 , ,li-4476595747,fulltime,,,,,,False,associate,,,,Biotechnology Research,https://de.linkedin.com/company/pharmasgp,,,,,,,,,,,
linkedin,Produktmanager (m/f/d),JustRelate,Germany,2026-10-07,https://www.linkedin.com/jobs/view/4475185871 , ,li-4475185871,fulltime,,,,,,False,associate,,,,Software Development,https://de.linkedin.com/company/justrelate-group,,,,,,,,,,,
linkedin,Associate Produktmanager Gebläsetechnik (m/w/d),KAESER KOMPRESSOREN,"Coburg, Bavaria, Germany",2026-10-07,https://www.linkedin.com/jobs/view/4476524977 , ,li-4476524977,fulltime,,,,,,False,entry level,,,,Machinery Manufacturing,https://de.linkedin.com/company/kaeser-kompressoren,,,,,,,,,,,
linkedin,"Team Lead Product Manager, Mobile Apps (m/f/d)",AutoScout24,"Munich, Bavaria, Germany",2026-10-07,https://www.linkedin.com/jobs/view/4466882064 , ,li-4466882064,fulltime,,,,,,False,mid-senior level,,,,Software Development,https://de.linkedin.com/company/autoscout24,,,,,,,,,,,
linkedin,Global Product Manager - Pressure Sensors (m/f/d) Remote EMEA,TE Connectivity,Germany,2026-10-07,https://www.linkedin.com/jobs/view/4465091419 , ,li-4465091419,fulltime,,,,,,True,mid-senior level,,,,"Appliances, Electrical, and Electronics Manufacturing",https://ie.linkedin.com/company/te-connectivity,,,,,,,,,,,
linkedin,Produktmanager (m/w/d) Industrielle Haftpflichtversicherung,W&W-Gruppe,"Kornwestheim, Baden-Württemberg, Germany",2026-10-07,https://www.linkedin.com/jobs/view/4470292486 , ,li-4470292486,fulltime,,,,,,False,mid-senior level,,,,Insurance,https://de.linkedin.com/company/wwgruppe,,,,,,,,,,,
linkedin,Senior Produktmanager – Applikation zur Prüfung von Führungs- und Kommunikationssystemen (m/w/d),BWI GmbH,"Munich, Bavaria, Germany",2026-10-07,https://www.linkedin.com/jobs/view/4476543142 , ,li-4476543142,fulltime,,,,,,False,mid-senior level,,,,IT Services and IT Consulting,https://de.linkedin.com/company/bwi-gmbh,,,,,,,,,,,
linkedin,Senior Produktmanager – Applikation zur Prüfung von Führungs- und Kommunikationssystemen (m/w/d),BWI GmbH,"Frankfurt am Main, Hesse, Germany",2026-10-07,https://www.linkedin.com/jobs/view/4476535536 , ,li-4476535536,fulltime,,,,,,False,mid-senior level,,,,IT Services and IT Consulting,https://de.linkedin.com/company/bwi-gmbh,,,,,,,,,,,
linkedin,Senior Produktmanager – Applikation zur Prüfung von Führungs- und Kommunikationssystemen (m/w/d),BWI GmbH,"Bonn, North Rhine-Westphalia, Germany",2026-10-07,https://www.linkedin.com/jobs/view/4476542248 , ,li-4476542248,fulltime,,,,,,False,mid-senior level,,,,IT Services and IT Consulting,https://de.linkedin.com/company/bwi-gmbh,,,,,,,,,,,
linkedin,Senior Produktmanager – Applikation zur Prüfung von Führungs- und Kommunikationssystemen (m/w/d),BWI GmbH,"Leipzig, Saxony, Germany",2026-10-07,https://www.linkedin.com/jobs/view/4476544096 , ,li-4476544096,fulltime,,,,,,False,mid-senior level,,,,IT Services and IT Consulting,https://de.linkedin.com/company/bwi-gmbh,,,,,,,,,,,
linkedin,Senior Produktmanager – Applikation zur Prüfung von Führungs- und Kommunikationssystemen (m/w/d),BWI GmbH,"Ulm, Baden-Württemberg, Germany",2026-10-07,https://www.linkedin.com/jobs/view/4476542249 , ,li-4476542249,fulltime,,,,,,False,mid-senior level,,,,IT Services and IT Consulting,https://de.linkedin.com/company/bwi-gmbh,,,,,,,,,,,
linkedin,Senior Product Owner Plattform & Infrastructure (m/w/d),Arkwright Digital GmbH,Greater Hamburg Area,2026-10-07,https://www.linkedin.com/jobs/view/4476572585 , ,li-4476572585,fulltime,,,,,,False,associate,,,recruiting@arkwright.de,IT Services and IT Consulting,https://de.linkedin.com/company/arkwright-digital-gmbh,,,,,,,,,,,
linkedin,Produktmanager Versorgungsmanagement (m/w/d),BITMARCK,"Frankfurt, Hesse, Germany",2026-10-07,https://www.linkedin.com/jobs/view/4456486931 , ,li-4456486931,fulltime,,,,,,False,mid-senior level,,,,IT Services and IT Consulting,https://de.linkedin.com/company/bitmarck,,,,,,,,,,,
linkedin,Product Manager - Energy Management (all genders),reev,"Munich, Bavaria, Germany",2026-10-07,https://www.linkedin.com/jobs/view/4475408138 , ,li-4475408138,fulltime,,,,,,False,associate,,,,Software Development and Energy Technology,https://de.linkedin.com/company/reevmobility,,,,,,,,,,,
linkedin,Product Manager B2B SaaS – EV Charging & Energy (all genders),reev,"Munich, Bavaria, Germany",2026-10-07,https://www.linkedin.com/jobs/view/4475195609 , ,li-4475195609,fulltime,,,,,,False,associate,,,,Software Development,https://de.linkedin.com/company/reevmobility,,,,,,,,,,,
linkedin,(Senior) Projektleitung Management Consulting (all genders),Rebuilders,"Cologne, North Rhine-Westphalia, Germany",2026-10-07,https://www.linkedin.com/jobs/view/4476591514 , ,li-4476591514,fulltime,,,,,,False,director,,,,Professional Services,https://de.linkedin.com/company/rebuildersgmbh,,,,,,,,,,,
linkedin,Projektleiter - Lüftungs- und Klimatechnik (m/w/d),bluu unit GmbH,"Melle, Lower Saxony, Germany",2026-10-07,https://www.linkedin.com/jobs/view/4476581422 , ,li-4476581422,fulltime,,,,,,False,mid-senior level,,,karriere@bluu-unit.de,Chemical Manufacturing,https://de.linkedin.com/company/bluu-unit,,,,,,,,,,,
linkedin,Projektleiter Elektrotechnik m/w/d,SPIE ICS – SPIE Information & Communication Services GmbH,"Rüsselsheim, Hesse, Germany",2026-10-07,https://www.linkedin.com/jobs/view/4476539412 , ,li-4476539412,fulltime,,,,,,False,mid-senior level,,,,IT Services and IT Consulting,https://de.linkedin.com/company/spie-ics-germany,,,,,,,,,,,
linkedin,Projektleiter Schadensanierung (m/w/d),svt Group of Companies,"Berlin, Berlin, Germany",2026-10-07,https://www.linkedin.com/jobs/view/4467981945 , ,li-4467981945,fulltime,,,,,,False,mid-senior level,,,,Construction,https://de.linkedin.com/company/svt-group-of-companies,,,,,,,,,,,
linkedin,(Specialist) Projektleiter:in Brandschutz Großprojekte Bahnhöfe & Verkehrsstationen,Deutsche Bahn,"Berlin, Berlin, Germany",2026-10-07,https://www.linkedin.com/jobs/view/4440375795 , ,li-4440375795,fulltime,,,,,,False,mid-senior level,,,,Truck Transportation,https://de.linkedin.com/company/deutschebahn,,,,,,,,,,,
linkedin,Technischer Projektleiter (m/w/d),Randstad Deutschland,"Bremen, Bremen, Germany",2026-10-07,https://www.linkedin.com/jobs/view/4475429826 , ,li-4475429826,fulltime,,,,,,False,mid-senior level,,,,Human Resources Services,https://de.linkedin.com/company/randstad-deutschland,,,,,,,,,,,
linkedin,Senior Projektleitung Klima / Lüftung,7time GmbH,"Hamburg, Germany",2026-10-07,https://www.linkedin.com/jobs/view/4475185638 , ,li-4475185638,fulltime,direct_data,yearly,75000.0,90000.0,EUR,False,associate,,,bewerbung@7time.gmbh,HVAC and Refrigeration Equipment Manufacturing and Climate Technology Product Manufacturing,https://de.linkedin.com/company/7time-gmbh,,,,,,,,,,,
linkedin,Projektleiter (m/w/d) Wohnungsbau,LIST Gruppe,"Berlin, Germany",2026-10-07,https://www.linkedin.com/jobs/view/4427717757 , ,li-4427717757,fulltime,,,,,,False,associate,,,,Construction and Real Estate,https://de.linkedin.com/company/list-gruppe,,,,,,,,,,,
linkedin,Projektleiter Süddeutschland (m/w/d),Hagedorn Unternehmensgruppe,"Nuremberg, Bavaria, Germany",2026-10-07,https://www.linkedin.com/jobs/view/4476714453 , ,li-4476714453,fulltime,,,,,,False,entry level,,,,Civil Engineering,https://de.linkedin.com/company/hagedorn-unternehmensgruppe,,,,,,,,,,,
linkedin,Projektleiter (m/w/d) Konstruktiver Ingenieurbau/ Bauwerkssanierung,REIF Bauunternehmung GmbH & Co. KG,"Ettlingen, Baden-Württemberg, Germany",2026-10-07,https://www.linkedin.com/jobs/view/4476588524 , ,li-4476588524,fulltime,,,,,,False,mid-senior level,,,,Civil Engineering,https://de.linkedin.com/company/reif-bauunternehmung-gmbh-&-co.-kg,,,,,,,,,,,
linkedin,Projektleiter:in Elektrotechnik (m/w/d),NAT Neuberger Anlagen-Technik AG,"Ingolstadt, Bavaria, Germany",2026-10-07,https://www.linkedin.com/jobs/view/4476787614 , ,li-4476787614,fulltime,,,,,,False,mid-senior level,,,,Construction,https://de.linkedin.com/company/nat-neuberger-anlagen-technik-ag,,,,,,,,,,,
linkedin,Projektleitung (w/m/d) Elektrotechnik,Siemens,"Frankfurt am Main, Hesse, Germany",2026-10-07,https://www.linkedin.com/jobs/view/4422012877 , ,li-4422012877,fulltime,,,,,,False,mid-senior level,,,,Automation Machinery Manufacturing,https://de.linkedin.com/company/siemens,,,,,,,,,,,
linkedin,Technischer Projektleiter (m/w/d) - Elektrik & Elektronik ggf. in TZ,Bertrandt Group,"Bad Saulgau, Baden-Württemberg, Germany",2026-10-07,https://www.linkedin.com/jobs/view/4475455043 , ,li-4475455043,fulltime,,,,,,False,mid-senior level,,,,Engineering Services,https://de.linkedin.com/company/bertrandt-ag,,,,,,,,,,,
linkedin,Projektleiter Starkstrom / Elektrotechnik m/w/d,SPIE ICS – SPIE Information & Communication Services GmbH,"Heiligenroth, Rhineland-Palatinate, Germany",2026-10-07,https://www.linkedin.com/jobs/view/4476535407 , ,li-4476535407,fulltime,,,,,,False,mid-senior level,,,,IT Services and IT Consulting,https://de.linkedin.com/company/spie-ics-germany,,,,,,,,,,,
linkedin,Technischer Projektleiter (m/w/d) - Elektrik & Elektronik ggf. in TZ,Bertrandt Group,"Mannheim, Baden-Württemberg, Germany",2026-10-07,https://www.linkedin.com/jobs/view/4475449216 , ,li-4475449216,fulltime,,,,,,False,mid-senior level,,,,Engineering Services,https://de.linkedin.com/company/bertrandt-ag,,,,,,,,,,,
linkedin,Projektleiter (m/w/d) – Brand- und Wasserschadensanierung,SANIERUNGSWERK GMBH,"Moers, North Rhine-Westphalia, Germany",2026-10-07,https://www.linkedin.com/jobs/view/4476555705 , ,li-4476555705,fulltime,,,,,,False,mid-senior level,,,,Construction,https://de.linkedin.com/company/sanierungswerk-gmbh,,,,,,,,,,,
linkedin,Projektleiter (m/w/d) Großprojekte im Schlüsselfertigbau,GOLDBECK,"Hamburg, Hamburg, Germany",2026-10-07,https://www.linkedin.com/jobs/view/4475440451 , ,li-4475440451,fulltime,,,,,,False,associate,,,,"Architecture and Planning, Real Estate, and Construction",https://de.linkedin.com/company/goldbeck,,,,,,,,,,,
linkedin,Projektleiter Konstruktiver Ingenieurbau (w/m/d),Arcadis,"Stuttgart, Baden-Württemberg, Germany",2026-10-07,https://www.linkedin.com/jobs/view/4465549749 , ,li-4465549749,fulltime,,,,,,False,not applicable,,,,Professional Services,https://nl.linkedin.com/company/arcadis,,,,,,,,,,,
linkedin,Projektleiter Konstruktiver Ingenieurbau (w/m/d),Arcadis,"Dresden, Saxony, Germany",2026-10-07,https://www.linkedin.com/jobs/view/4465548799 , ,li-4465548799,fulltime,,,,,,False,not applicable,,,,Professional Services,https://nl.linkedin.com/company/arcadis,,,,,,,,,,,
linkedin,Projektleiter Konstruktiver Ingenieurbau (w/m/d),Arcadis,"Nuremberg, Bavaria, Germany",2026-10-07,https://www.linkedin.com/jobs/view/4465533814 , ,li-4465533814,fulltime,,,,,,False,not applicable,,,,Professional Services,https://nl.linkedin.com/company/arcadis,,,,,,,,,,,
linkedin,Projektleiter (w/m/d) EPCM ‒ TGA Elektrotechnik,Drees & Sommer,"Stuttgart, Baden-Württemberg, Germany",2026-10-07,https://www.linkedin.com/jobs/view/4476585401 , ,li-4476585401,fulltime,,,,,,False,associate,,,,Real Estate,https://de.linkedin.com/company/drees-&-sommer,,,,,,,,,,,
linkedin,Projektleiter (m/w/d) Gebäudetechnik / TGA / Versorgungs- oder Elektrotechnik,GOLDBECK,"Frankfurt am Main, Hesse, Germany",2026-10-07,https://www.linkedin.com/jobs/view/4475185238 , ,li-4475185238,fulltime,,,,,,False,associate,,,,"Architecture and Planning, Real Estate, and Construction",https://de.linkedin.com/company/goldbeck,,,,,,,,,,,
linkedin,(Senior) Project Manager (m/w/d),Sokoni Kwetu,"Berlin, Berlin, Germany",2026-10-07,https://www.linkedin.com/jobs/view/4476920815 , ,li-4476920815,fulltime,,,,,,False,mid-senior level,,,,IT Services and IT Consulting,https://tz.linkedin.com/company/sokoni-kwetu,,,,,,,,,,,
linkedin,Senior IT-Projektleiter (m/w/d),BWI GmbH,"Bonn, North Rhine-Westphalia, Germany",2026-10-07,https://www.linkedin.com/jobs/view/4476934276 , ,li-4476934276,fulltime,,,,,,False,mid-senior level,,,,IT Services and IT Consulting,https://de.linkedin.com/company/bwi-gmbh,,,,,,,,,,,
linkedin,Projektleiter (m/w/d) - IGK München - Jobbird.com,Jobster,"Unterschleißheim, Bavaria, Germany",2026-10-07,https://www.linkedin.com/jobs/view/4475407922 , ,li-4475407922,fulltime,,,,,,False,mid-senior level,,,,Software Development,https://nl.linkedin.com/company/jobster-com,,,,,,,,,,,
linkedin,Projektleiter (m/w/d) Mittelspannungs- und Trafoanlagen,LIST Gruppe,"Leipzig, Saxony, Germany",2026-10-07,https://www.linkedin.com/jobs/view/4465717186 , ,li-4465717186,fulltime,,,,,,False,associate,,,,Construction and Real Estate,https://de.linkedin.com/company/list-gruppe,,,,,,,,,,,
linkedin,Technischer Projektleiter (m/w/d),KNDS Deutschland,"Kassel, Hesse, Germany",2026-10-07,https://www.linkedin.com/jobs/view/4476747073 , ,li-4476747073,fulltime,,,,,,False,mid-senior level,,,,Defense and Space Manufacturing,https://de.linkedin.com/company/knds-deutschland,,,,,,,,,,,
linkedin,Projektleiter:in / Oberbauleiter:in im Straßen- und Tiefbau (m/w/d),STRABAG,"Viechtach, Bavaria, Germany",2026-10-07,https://www.linkedin.com/jobs/view/4476771373 , ,li-4476771373,fulltime,,,,,,False,mid-senior level,,,,Construction,https://at.linkedin.com/company/strabag,,,,,,,,,,,
linkedin,"(Senior) Product Manager,Trust Platform – Modules (f/m/d)",IDnow,"Berlin, Berlin, Germany",2026-10-07,https://www.linkedin.com/jobs/view/4470298283 , ,li-4470298283,fulltime,,,,,,False,mid-senior level,,,,Software Development,https://de.linkedin.com/company/idnow,,,,,,,,,,,
linkedin,"Projektleiter (w/m/d) Bestandssanierung und Neubau, Schwerpunkt Bauen im Bestand",STADT UND LAND Wohnbauten-Gesellschaft mbH,"Berlin, Berlin, Germany",2026-10-07,https://www.linkedin.com/jobs/view/4470288178 , ,li-4470288178,fulltime,direct_data,yearly,65800.0,78000.0,EUR,False,associate,,,,Building Finishing Contractors and Residential Building Construction,https://de.linkedin.com/company/stadt-und-land-wohnbauten-gesellschaft-mbh,,,,,,,,,,,
linkedin,Senior IT-Projektleiter (m/w/d),BWI GmbH,"Meckenheim, North Rhine-Westphalia, Germany",2026-10-07,https://www.linkedin.com/jobs/view/4476919841 , ,li-4476919841,fulltime,,,,,,False,mid-senior level,,,,IT Services and IT Consulting,https://de.linkedin.com/company/bwi-gmbh,,,,,,,,,,,
linkedin,Senior IT-Projektleiter (m/w/d),BWI GmbH,"Frankfurt am Main, Hesse, Germany",2026-10-07,https://www.linkedin.com/jobs/view/4476925700 , ,li-4476925700,fulltime,,,,,,False,mid-senior level,,,,IT Services and IT Consulting,https://de.linkedin.com/company/bwi-gmbh,,,,,,,,,,,
linkedin,Projektleiter Elektrotechnik,Cobalt Deutschland GmbH,"Panketal, Brandenburg, Germany",2026-10-07,https://www.linkedin.com/jobs/view/4466084587 , ,li-4466084587,fulltime,,,,,,False,associate,,,,Construction and Real Estate,https://de.linkedin.com/company/cobalt-deutschland,,,,,,,,,,,
linkedin,Projektleiter Breitband / Glasfaser (m/w/d),Landratsamt Breisgau-Hochschwarzwald,"Freiburg, Baden-Württemberg, Germany",2026-10-07,https://www.linkedin.com/jobs/view/4475186436 , ,li-4475186436,fulltime,,,,,,False,mid-senior level,,,,Wholesale Building Materials,https://de.linkedin.com/company/landratsamt-breisgau-hochschwarzwald,,,,,,,,,,,
linkedin,Architekt / Bauleiter mit Projektverantwortung (m/w/d),PolyTALENT JOBS,"Dortmund, North Rhine-Westphalia, Germany",2026-10-07,https://www.linkedin.com/jobs/view/4476576334 , ,li-4476576334,fulltime,,,,,,False,associate,,,,Staffing and Recruiting,https://de.linkedin.com/company/polytalent-jobs,,,,,,,,,,,
linkedin,SW Maintenance Lead,PRIMUS Global Solutions (PRIMUS UK & Europe),"Munich, Bavaria, Germany",2026-10-07,https://www.linkedin.com/jobs/view/4476901624 , ,li-4476901624,fulltime,,,,,,False,mid-senior level,,,,"IT Services and IT Consulting, Technology, Information and Media, and Automation Machinery Manufacturing",https://uk.linkedin.com/company/primusglobal,,,,,,,,,,,
linkedin,Projektleiter Maler / Trockenbauer / Bodenleger (m/w/d),VLD Trade GmbH,"Bramsche, Lower Saxony, Germany",2026-10-07,https://www.linkedin.com/jobs/view/4476559501 , ,li-4476559501,fulltime,,,,,,False,mid-senior level,,,,Administrative and Support Services,https://de.linkedin.com/company/vld-trade-gmbh,,,,,,,,,,,
linkedin,Einsatzleiter / Projektleiter in der Kampfmittelbergung (m/w/d),SCHOLLENBERGER Kampfmittelbergung GmbH,"Westerstede, Lower Saxony, Germany",2026-10-07,https://www.linkedin.com/jobs/view/4467907587 , ,li-4467907587,fulltime,,,,,,False,mid-senior level,,,karriere@socotec.de,Environmental Services,https://de.linkedin.com/company/schollenberger-kampfmittelbergung-gmbh,,,,,,,,,,,
linkedin,Senior IT-Projektleiter (m/w/d),BWI GmbH,"Munich, Bavaria, Germany",2026-10-07,https://www.linkedin.com/jobs/view/4476935172 , ,li-4476935172,fulltime,,,,,,False,mid-senior level,,,,IT Services and IT Consulting,https://de.linkedin.com/company/bwi-gmbh,,,,,,,,,,,
linkedin,Projektleiter Testsysteme & Betriebsmittel (m/w/d) Luftfahrt,expertum Gruppe,"Hamburg, Hamburg, Germany",2026-10-07,https://www.linkedin.com/jobs/view/4475463159 , ,li-4475463159,fulltime,,,,,,False,mid-senior level,,,,Staffing and Recruiting,https://de.linkedin.com/company/expertumgruppe,,,,,,,,,,,
linkedin,Teamlead Technisches Projektmanagement Messstellenbetrieb (m/w/d),wattline GmbH,"Ruderting, Bavaria, Germany",2026-10-07,https://www.linkedin.com/jobs/view/4469120423 , ,li-4469120423,fulltime,,,,,,False,mid-senior level,,,bewerbung@wattline.com,Utilities,https://de.linkedin.com/company/wattline-gmbh,,,,,,,,,,,
linkedin,Projektmanager Softwareentwicklung & KI (m/w/d),Petanux GmbH,"Bonn, North Rhine-Westphalia, Germany",2026-10-07,https://www.linkedin.com/jobs/view/4476591417 , ,li-4476591417,fulltime,,,,,,False,mid-senior level,,,,Information Technology & Services,https://de.linkedin.com/company/petanux,,,,,,,,,,,
linkedin,Leiter Projektmanagement (m/w/d),GBM Gleisbaumechanik Brandenburg/H. GmbH,"Brandenburg on the Havel, Brandenburg, Germany",2026-10-07,https://www.linkedin.com/jobs/view/4476713301 , ,li-4476713301,fulltime,,,,,,False,mid-senior level,,,,"Manufacturing, Repair and Maintenance, and Railroad Equipment Manufacturing",https://de.linkedin.com/company/gbm-gleisbaumechanik,,,,,,,,,,,
linkedin,SENIOR EVENT PROJEKTMANAGER/IN FÜR PHARMA EVENTS,egg,"Cologne, North Rhine-Westphalia, Germany",2026-10-07,https://www.linkedin.com/jobs/view/4475476605 , ,li-4475476605,fulltime,direct_data,yearly,55000.0,65000.0,EUR,False,mid-senior level,,,,Events Services,https://fr.linkedin.com/company/egg-events,,,,,,,,,,,
linkedin,Projektleiter Facility Management (m/w/d) - Berlin,Vonovia,"Berlin, Germany",2026-10-07,https://www.linkedin.com/jobs/view/4476554601 , ,li-4476554601,fulltime,,,,,,False,mid-senior level,,,,Real Estate,https://de.linkedin.com/company/vonovia,,,,,,,,,,,
linkedin,Projektmanager (m/w/d) im Bereich Elektronik & Embedded Systems,Bertrandt Group,"Hamburg, Hamburg, Germany",2026-10-07,https://www.linkedin.com/jobs/view/4475454040 , ,li-4475454040,fulltime,,,,,,False,mid-senior level,,,,Engineering Services,https://de.linkedin.com/company/bertrandt-ag,,,,,,,,,,,
linkedin,Senior Projektleiter (m/w/d) Kältetechnik,Zimmer & Hälbig GmbH,"Bielefeld, North Rhine-Westphalia, Germany",2026-10-07,https://www.linkedin.com/jobs/view/4474466293 , ,li-4474466293,fulltime,,,,,,False,mid-senior level,,,,Construction,https://de.linkedin.com/company/zimmer-&-h%C3%A4lbig-gmbh,,,,,,,,,,,
linkedin,Senior Project Manager (m/f/d),Sennheiser,"Hamburg, Hamburg, Germany",2026-10-07,https://www.linkedin.com/jobs/view/4474215752 , ,li-4474215752,fulltime,,,,,,False,mid-senior level,,,jobs@sennheiser.com,"Appliances, Electrical, and Electronics Manufacturing",https://de.linkedin.com/company/sennheiser,,,,,,,,,,,
linkedin,Projektmanager Engineering Simulation (m/w/d),Rheinmetall,"Bremen, Bremen, Germany",2026-10-07,https://www.linkedin.com/jobs/view/4456949353 , ,li-4456949353,fulltime,,,,,,False,mid-senior level,,,,Defense and Space Manufacturing,https://de.linkedin.com/company/rheinmetall,,,,,,,,,,,
linkedin,Project Lead | Manager IT-Consulting (m/w/d),Instaffo,"Berlin, Berlin, Germany",2026-10-07,https://www.linkedin.com/jobs/view/4445294333 , ,li-4445294333,fulltime,direct_data,yearly,80000.0,100000.0,EUR,False,mid-senior level,,,,Staffing and Recruiting,https://de.linkedin.com/company/instaffo-gmbh,,,,,,,,,,,
linkedin,IT-Projektleiter & Teamleiter Product Team (m/w/d),Hans Segmüller Polstermöbelfabrik,"Friedberg, Bavaria, Germany",2026-10-07,https://www.linkedin.com/jobs/view/4474441770 , ,li-4474441770,fulltime,,,,,,False,mid-senior level,,,jobs@segmueller.de,Furniture and Home Furnishings Manufacturing,https://de.linkedin.com/company/hans-segm-ller-polsterm-belfabrik,,,,,,,,,,,
linkedin,Projektleiter (m/w/d) MSR,LIST Gruppe,"Bielefeld, North Rhine-Westphalia, Germany",2026-10-07,https://www.linkedin.com/jobs/view/4328052516 , ,li-4328052516,fulltime,,,,,,False,associate,,,,Construction and Real Estate,https://de.linkedin.com/company/list-gruppe,,,,,,,,,,,
linkedin,Projektleiter (m/w/d) MSR,LIST Gruppe,"Bietigheim-Bissingen, Baden-Württemberg, Germany",2026-10-07,https://www.linkedin.com/jobs/view/4328111227 , ,li-4328111227,fulltime,,,,,,False,associate,,,,Construction and Real Estate,https://de.linkedin.com/company/list-gruppe,,,,,,,,,,,
linkedin,Projektleiter Freileitungsbau (m/w/d),LEONHARD WEISS GmbH & Co. KG,"Bergkirchen, Bavaria, Germany",2026-10-07,https://www.linkedin.com/jobs/view/4317817878 , ,li-4317817878,fulltime,,,,,,False,associate,,,,Construction,https://de.linkedin.com/company/leonhard-weiss-gmbh-&-co-kg,,,,,,,,,,,
linkedin,Projektleiter Elektrotechnik & Erneuerbare Energien (m/w/d),Städtische Werke AG,"Kassel, Hesse, Germany",2026-10-07,https://www.linkedin.com/jobs/view/4475419230 , ,li-4475419230,fulltime,,,,,,False,mid-senior level,,,"Stefan.Schreck@kvvks.de, Stefan.Schreck@kvvks.de",Utilities,https://de.linkedin.com/company/swkassel,,,,,,,,,,,
linkedin,PRODUCT OWNER (m/w/d) - SCHWERPUNKT FINANZBUCHHALTUNG,Wilken Software Group,"Ulm, Baden-Württemberg, Germany",2026-10-07,https://www.linkedin.com/jobs/view/4476783805 , ,li-4476783805,fulltime,,,,,,False,mid-senior level,,,,Information Technology & Services,https://de.linkedin.com/company/wilken-software-group,,,,,,,,,,,
linkedin,Senior Produktmanager – Applikation zur Prüfung von Führungs- und Kommunikationssystemen (m/w/d),BWI GmbH,"Nuremberg, Bavaria, Germany",2026-10-07,https://www.linkedin.com/jobs/view/4476537454 , ,li-4476537454,fulltime,,,,,,False,mid-senior level,,,,IT Services and IT Consulting,https://de.linkedin.com/company/bwi-gmbh,,,,,,,,,,,
linkedin,Senior Professional Product Owner (m/w/d),R+V Versicherung,"Wiesbaden, Hesse, Germany",2026-10-07,https://www.linkedin.com/jobs/view/4475171023 , ,li-4475171023,fulltime,,,,,,False,mid-senior level,,,,Insurance,https://de.linkedin.com/company/r-v-versicherung,,,,,,,,,,,
linkedin,Projektleiter (m/w/d) Klimatechnik (DX-Systeme),Zimmer & Hälbig GmbH,"Osnabrück, Lower Saxony, Germany",2026-10-07,https://www.linkedin.com/jobs/view/4474457629 , ,li-4474457629,fulltime,,,,,,False,mid-senior level,,,,Construction,https://de.linkedin.com/company/zimmer-&-h%C3%A4lbig-gmbh,,,,,,,,,,,
linkedin,Projektmanager (m/w/d) Bau & Immobilien,Jobbusters®,"Munich, Bavaria, Germany",2026-10-07,https://www.linkedin.com/jobs/view/4474465178 , ,li-4474465178,fulltime,direct_data,yearly,67000.0,85000.0,EUR,False,mid-senior level,,,,Professional Services,https://www.linkedin.com/company/jobbusters%C2%AE,,,,,,,,,,,
linkedin,Project Manager,Haystack,Greater Munich Metropolitan Area,2026-10-07,https://www.linkedin.com/jobs/view/4475483589 , ,li-4475483589,fulltime,,,,,,False,mid-senior level,,,,"Technology, Information and Media",https://uk.linkedin.com/company/wearehaystack,,,,,,,,,,,
linkedin,Projektleiter Konstruktion (m/w/d),SIEGENIA GROUP,"Velbert, North Rhine-Westphalia, Germany",2026-10-07,https://www.linkedin.com/jobs/view/4474177859 , ,li-4474177859,fulltime,,,,,,False,mid-senior level,,,,Wholesale Building Materials,https://de.linkedin.com/company/siegenia-aubi-kg,,,,,,,,,,,
linkedin,Projektleiter (m/w/d) mechanische Verfahrenstechnik,Kaval GmbH,"Pfaffenhofen an der Ilm, Bavaria, Germany",2026-10-07,https://www.linkedin.com/jobs/view/4476582859 , ,li-4476582859,fulltime,direct_data,yearly,70000.0,90000.0,EUR,False,associate,,,,Human Resources Services and Machinery Manufacturing,https://de.linkedin.com/company/kaval-gmbh,,,,,,,,,,,
linkedin,Senior Project Manager (m/w/d) Customer Projects,Körber Supply Chain,"Nuremberg, Bavaria, Germany",2026-10-07,https://www.linkedin.com/jobs/view/4409918223 , ,li-4409918223,fulltime,,,,,,False,mid-senior level,,,jobs@koerber.com,Machinery Manufacturing and Industrial Machinery Manufacturing,https://de.linkedin.com/company/koerber-supply-chain,,,,,,,,,,,
linkedin,Projektleiter (m/w/d) TGA,Zimmer & Hälbig GmbH,"Hannover, Lower Saxony, Germany",2026-10-07,https://www.linkedin.com/jobs/view/4474466292 , ,li-4474466292,fulltime,,,,,,False,mid-senior level,,,,Construction,https://de.linkedin.com/company/zimmer-&-h%C3%A4lbig-gmbh,,,,,,,,,,,
linkedin,Projektmanager im Bereich Geotechnik (m/w/d),CDM Smith,"Hamburg, Hamburg, Germany",2026-10-07,https://www.linkedin.com/jobs/view/4474490007 , ,li-4474490007,fulltime,,,,,,False,mid-senior level,,,,Civil Engineering,https://www.linkedin.com/company/cdmsmith,,,,,,,,,,,
linkedin,Projektleiter / Projektmanager (all genders) SAP Cloud ERP,valantic,"Cologne, North Rhine-Westphalia, Germany",2026-10-07,https://www.linkedin.com/jobs/view/4474459525 , ,li-4474459525,fulltime,,,,,,False,mid-senior level,,,,Business Consulting and Services,https://de.linkedin.com/company/valantic,,,,,,,,,,,
linkedin,Operational Project Manager (m/w/d),ELA Container,"Haren, Lower Saxony, Germany",2026-10-07,https://www.linkedin.com/jobs/view/4476575058 , ,li-4476575058,fulltime,,,,,,False,mid-senior level,,,,Building Construction,https://de.linkedin.com/company/ela-container,,,,,,,,,,,
linkedin,Projektleiter (m/w/d) TGA,Zimmer & Hälbig GmbH,"Cologne, North Rhine-Westphalia, Germany",2026-10-07,https://www.linkedin.com/jobs/view/4474459597 , ,li-4474459597,fulltime,,,,,,False,mid-senior level,,,,Construction,https://de.linkedin.com/company/zimmer-&-h%C3%A4lbig-gmbh,,,,,,,,,,,
linkedin,Projektmanager (m/w/d) im Gesundheitswesen,Kassenärztliche Vereinigung Westfalen-Lippe (KVWL),"Dortmund, North Rhine-Westphalia, Germany",2026-10-07,https://www.linkedin.com/jobs/view/4474447203 , ,li-4474447203,fulltime,,,,,,False,entry level,,,bewerbungsmanagement@kvwl.de,Hospitals and Health Care,https://de.linkedin.com/company/karriere-kvwl,,,,,,,,,,,
linkedin,Projektleiter Sondermaschinenbau (m/w/d),Akkodis,"Munich, Bavaria, Germany",2026-10-07,https://www.linkedin.com/jobs/view/4475425389 , ,li-4475425389,fulltime,,,,,,False,not applicable,,,,Commercial and Service Industry Machinery Manufacturing,https://www.linkedin.com/company/akkodis,,,,,,,,,,,
linkedin,Projektleiter*in 110-kV-Kabel,SachsenEnergie AG,"Dresden, Saxony, Germany",2026-10-07,https://www.linkedin.com/jobs/view/4468214669 , ,li-4468214669,fulltime,,,,,,False,mid-senior level,,,,Utilities,https://de.linkedin.com/company/sachsenenergie,,,,,,,,,,,
linkedin,"Projektmanager*in Hochbau - Science, Industry & Technology (m/w/d)",Arup,"Frankfurt am Main, Hesse, Germany",2026-10-07,https://www.linkedin.com/jobs/view/4476767824 , ,li-4476767824,fulltime,,,,,,False,mid-senior level,,,,Design Services and Architecture and Planning,https://uk.linkedin.com/company/arup,,,,,,,,,,,
linkedin,Projektleiter Versorgungstechnik (m/w/d),head for work GmbH,"Düsseldorf, North Rhine-Westphalia, Germany",2026-10-07,https://www.linkedin.com/jobs/view/4475417757 , ,li-4475417757,fulltime,,,,,,False,not applicable,,,,Technical and Vocational Training,https://de.linkedin.com/company/head-for-work,,,,,,,,,,,
linkedin,Projektleiter (m/w/d),mamgo | Talente 🔗 Jobs,"Nuremberg, Bavaria, Germany",2026-10-07,https://www.linkedin.com/jobs/view/4476795093 , ,li-4476795093,fulltime,,,,,,False,mid-senior level,,,,"Technology, Information and Internet",https://de.linkedin.com/company/mamgo-io,,,,,,,,,,,
linkedin,Project Manager,Robert Half,"Bonn, North Rhine-Westphalia, Germany",2026-10-07,https://www.linkedin.com/jobs/view/4476557617 , ,li-4476557617,fulltime,,,,,,False,associate,,,,"Transportation, Logistics, Supply Chain and Storage",https://www.linkedin.com/company/robert-half-international,,,,,,,,,,,
linkedin,Projektleiter Filialbau (m/w/d),BLUME2000 SE,"Stuttgart, Baden-Württemberg, Germany",2026-10-07,https://www.linkedin.com/jobs/view/4474464110 , ,li-4474464110,fulltime,,,,,,False,executive,,,,Retail,https://de.linkedin.com/company/blume2000-se,,,,,,,,,,,
linkedin,Projektleiter Bauprojekte Energietechnik (w/m/d),Brunel,"Frankfurt am Main, Hesse, Germany",2026-10-07,https://www.linkedin.com/jobs/view/4476907240 , ,li-4476907240,fulltime,,,,,,False,mid-senior level,,,,Staffing and Recruiting,https://nl.linkedin.com/company/brunel,,,,,,,,,,,
linkedin,IT-Projektleitung für Web-based Application Framework (m/w/d),Finanz Informatik,"Frankfurt am Main, Hesse, Germany",2026-10-07,https://www.linkedin.com/jobs/view/4475416177 , ,li-4475416177,fulltime,direct_data,yearly,70000.0,73000.0,EUR,False,mid-senior level,,,karriere@f-i.de,IT Services and IT Consulting,https://de.linkedin.com/company/finanz-informatik,,,,,,,,,,,
linkedin,Projektleiter Produktentwicklung (m/w/d),Truma Geraetetechnik GmbH & Co. KG,"Putzbrunn, Bavaria, Germany",2026-10-07,https://www.linkedin.com/jobs/view/4476716532 , ,li-4476716532,fulltime,,,,,,False,not applicable,,,,Motor Vehicle Manufacturing,https://de.linkedin.com/company/truma-geraetetechnik-gmbh-&-co-kg,,,,,,,,,,,
linkedin,Senior Project Manager (m/w/d) für die Wohngebäudesanierung,Aroundtown,"Hamburg, Hamburg, Germany",2026-10-07,https://www.linkedin.com/jobs/view/4391740744 , ,li-4391740744,fulltime,,,,,,False,mid-senior level,,,,Real Estate,https://de.linkedin.com/company/aroundtownsa,,,,,,,,,,,
linkedin,Projektleiter eMobility,SCHARR WÄRME GmbH & Co. KG,"Stuttgart, Baden-Württemberg, Germany",2026-10-07,https://www.linkedin.com/jobs/view/4476783646 , ,li-4476783646,fulltime,,,,,,False,mid-senior level,,,,Utilities,https://de.linkedin.com/company/scharr-w%C3%A4rme-gmbh-&-co-kg,,,,,,,,,,,
linkedin,Projektleiter (m/w/d) Pharma- & Industriebau,PBM GR.UP,"Leipzig, Saxony, Germany",2026-10-07,https://www.linkedin.com/jobs/view/4476703262 , ,li-4476703262,fulltime,,,,,,False,associate,,,jobs@pbm-group.com,Architecture and Planning and Chemical Manufacturing,https://de.linkedin.com/company/pbmgroup,,,,,,,,,,,
linkedin,Projekleiter Objekteinrichtung  (m/w/d),GERSTENBERG living GmbH,"Bautzen, Saxony, Germany",2026-10-07,https://www.linkedin.com/jobs/view/4476598033 , ,li-4476598033,fulltime,,,,,,False,mid-senior level,,,,Design Services,https://de.linkedin.com/company/gerstenberg-living,,,,,,,,,,,
linkedin,Projektleiter (m/w/d) TGA,Zimmer & Hälbig GmbH,"Osnabrück, Lower Saxony, Germany",2026-10-07,https://www.linkedin.com/jobs/view/4474467238 , ,li-4474467238,fulltime,,,,,,False,mid-senior level,,,,Construction,https://de.linkedin.com/company/zimmer-&-h%C3%A4lbig-gmbh,,,,,,,,,,,
linkedin,Projektleiter (m/w/d) TGA,Zimmer & Hälbig GmbH,"Bielefeld, North Rhine-Westphalia, Germany",2026-10-07,https://www.linkedin.com/jobs/view/4474454766 , ,li-4474454766,fulltime,,,,,,False,mid-senior level,,,,Construction,https://de.linkedin.com/company/zimmer-&-h%C3%A4lbig-gmbh,,,,,,,,,,,
linkedin,Produktmanager/-in im Bereich Schwein (m/w/d),Raiffeisen Hohe Mark Hamaland eG,"Dorsten, North Rhine-Westphalia, Germany",2026-10-07,https://www.linkedin.com/jobs/view/4474447780 , ,li-4474447780,fulltime,,,,,,False,mid-senior level,,,,Wholesale Raw Farm Products,https://de.linkedin.com/company/raiffeisen-hohe-mark-hamaland-eg,,,,,,,,,,,
linkedin,"Projektleiter (m/w/d) Mess-, Steuerungs- und Regelungstechnik",Zimmer & Hälbig GmbH,"Cologne, North Rhine-Westphalia, Germany",2026-10-07,https://www.linkedin.com/jobs/view/4474471050 , ,li-4474471050,fulltime,,,,,,False,mid-senior level,,,,Construction,https://de.linkedin.com/company/zimmer-&-h%C3%A4lbig-gmbh,,,,,,,,,,,
linkedin,Projektmanager Technische Auftragsabwicklung (alle Geschlechter),HerkulesGroup Services GmbH,"Siegen, North Rhine-Westphalia, Germany",2026-10-07,https://www.linkedin.com/jobs/view/4475446228 , ,li-4475446228,fulltime,,,,,,False,not applicable,,,,Machinery Manufacturing,https://de.linkedin.com/company/herkulesgroup-services-gmbh,,,,,,,,,,,
linkedin,(Junior) Project Manager (m/w/d),PIA Automation,"Erfurt, Thuringia, Germany",2026-10-07,https://www.linkedin.com/jobs/view/4464490765 , ,li-4464490765,fulltime,,,,,,False,associate,,,,Automation Machinery Manufacturing and Manufacturing,https://de.linkedin.com/company/pia-automation,,,,,,,,,,,
linkedin,Technischer Projektmanager - Batteriespeicher (m/w/d),encosa energy,"Munich, Bavaria, Germany",2026-10-07,https://www.linkedin.com/jobs/view/4476595349 , ,li-4476595349,fulltime,,,,,,False,mid-senior level,,,,Renewable Energy Semiconductor Manufacturing,https://de.linkedin.com/company/encosa-energy,,,,,,,,,,,
linkedin,Project Manager DACH,DiliTrust,"Munich, Bavaria, Germany",2026-10-07,https://www.linkedin.com/jobs/view/4458502828 , ,li-4458502828,fulltime,,,,,,False,mid-senior level,,,,Software Development,https://fr.linkedin.com/company/dilitrust,,,,,,,,,,,
linkedin,Projektmanager U-Boot Simulation (m/w/d),Rheinmetall,"Bremen, Bremen, Germany",2026-10-07,https://www.linkedin.com/jobs/view/4475182273 , ,li-4475182273,fulltime,,,,,,False,mid-senior level,,,,Defense and Space Manufacturing,https://de.linkedin.com/company/rheinmetall,,,,,,,,,,,
linkedin,Projektmanager im Bauwesen (m/w/d),ELA Container,"Haren, Lower Saxony, Germany",2026-10-07,https://www.linkedin.com/jobs/view/4476567404 , ,li-4476567404,fulltime,,,,,,False,mid-senior level,,,,Building Construction,https://de.linkedin.com/company/ela-container,,,,,,,,,,,
linkedin,Produktmanager (m/w/d) Chemikalien,Amadeus Fire,"Hamburg, Hamburg, Germany",2026-10-07,https://www.linkedin.com/jobs/view/4475193937 , ,li-4475193937,fulltime,direct_data,yearly,60000.0,80000.0,EUR,False,associate,,,office.hamburg@amadeus-fire.de,Chemical Manufacturing,https://de.linkedin.com/company/amadeus-fire,,,,,,,,,,,
linkedin,Produktmanager Fashion / Apparel (m/w/d),RETERNITY,"Hamburg, Hamburg, Germany",2026-10-07,https://www.linkedin.com/jobs/view/4476702564 , ,li-4476702564,fulltime,,,,,,False,associate,,,,Retail Apparel and Fashion,https://de.linkedin.com/company/reternitybrand,,,,,,,,,,,
linkedin,Produktmanager Deployment und Reporting (m/w/d),Finanz Informatik,"Hannover, Lower Saxony, Germany",2026-10-07,https://www.linkedin.com/jobs/view/4457477242 , ,li-4457477242,fulltime,,,,,,False,associate,,,,"IT Services and IT Consulting, Banking, and Financial Services",https://de.linkedin.com/company/finanz-informatik,,,,,,,,,,,
linkedin,Senior Manager - Product Management (m/f/d) - Data Connectivity,TE Connectivity,"Bensheim, Hesse, Germany",2026-10-07,https://www.linkedin.com/jobs/view/4435163448 , ,li-4435163448,fulltime,,,,,,False,mid-senior level,,,,"Appliances, Electrical, and Electronics Manufacturing",https://ie.linkedin.com/company/te-connectivity,,,,,,,,,,,
linkedin,Technology & Product Portfolio Manager - Temperature Sensors (m/f/d) Remote,TE Connectivity,Germany,2026-10-07,https://www.linkedin.com/jobs/view/4466070402 , ,li-4466070402,fulltime,,,,,,True,mid-senior level,,,,"Appliances, Electrical, and Electronics Manufacturing",https://ie.linkedin.com/company/te-connectivity,,,,,,,,,,,
linkedin,Product Owner (m/w/d),CompuGroup Medical SE & Co. KGaA,"Sankt Wolfgang, Bavaria, Germany",2026-10-07,https://www.linkedin.com/jobs/view/4380437700 , ,li-4380437700,fulltime,,,,,,False,mid-senior level,,,,IT Services and IT Consulting,https://de.linkedin.com/company/compugroup-medical,,,,,,,,,,,
linkedin,IT Product Owner(German Speaking),DELTACLASS TECHNOLOGY SOLUTIONS LIMITED,"Frankfurt, Hesse, Germany",2026-10-07,https://www.linkedin.com/jobs/view/4474447470 , ,li-4474447470,fulltime,,,,,,False,mid-senior level,,,,Software Development,https://www.linkedin.com/company/deltaclass-technology-solutions-limited,,,,,,,,,,,
linkedin,Technology & Product Portfolio Manager - Position Sensors (m/f/d) EMEA Remote,TE Connectivity,Germany,2026-10-07,https://www.linkedin.com/jobs/view/4474342970 , ,li-4474342970,fulltime,,,,,,True,mid-senior level,,,,"Appliances, Electrical, and Electronics Manufacturing",https://ie.linkedin.com/company/te-connectivity,,,,,,,,,,,
linkedin,Projektleiter m/w/d für Aufzugsneubau und Modernisierungen,KONE,"Berlin, Berlin, Germany",2026-10-07,https://www.linkedin.com/jobs/view/4468217158 , ,li-4468217158,fulltime,,,,,,False,associate,,,jobs.germany@kone.com,Industrial Machinery Manufacturing,https://fi.linkedin.com/company/kone,,,,,,,,,,,
linkedin,Projektleiter Großprojekte Industriebau (m/w/d),Hays,"Berlin, Berlin, Germany",2026-10-07,https://www.linkedin.com/jobs/view/4475406522 , ,li-4475406522,fulltime,direct_data,yearly,90000.0,140000.0,EUR,False,associate,,,,Construction,https://uk.linkedin.com/company/hays,,,,,,,,,,,
linkedin,Projektleiter (m/w/d) Sonderwerkzeuge und Prüfgeräte,KNDS Deutschland,"Kassel, Hesse, Germany",2026-10-07,https://www.linkedin.com/jobs/view/4476742317 , ,li-4476742317,fulltime,,,,,,False,mid-senior level,,,,Defense and Space Manufacturing,https://de.linkedin.com/company/knds-deutschland,,,,,,,,,,,
linkedin,Projektleiter (m/w/d) Schlüsselfertigbau,PandoLogic,"Hamburg, Hamburg, Germany",2026-10-07,https://www.linkedin.com/jobs/view/4475145342 , ,li-4475145342,fulltime,,,,,,False,mid-senior level,,,,IT Services and IT Consulting,https://www.linkedin.com/company/pandologic,,,,,,,,,,,
linkedin,Technical Project Manager,Foreship Ltd.,"Hamburg, Hamburg, Germany",2026-10-07,https://www.linkedin.com/jobs/view/4475451294 , ,li-4475451294,fulltime,,,,,,False,associate,,,,"Mechanical Or Industrial Engineering, Environmental Services, and Information Technology & Services",https://fi.linkedin.com/company/foreship-by-rina,,,,,,,,,,,
linkedin,Project Manager BESS - German speaker (m/w/d),Second Foundation,"Berlin, Germany",2026-10-07,https://www.linkedin.com/jobs/view/4476519986 , ,li-4476519986,fulltime,,,,,,False,mid-senior level,,,,Services for Renewable Energy,https://cz.linkedin.com/company/secondfoundation,,,,,,,,,,,
linkedin,Projektleiter (m/w/d) - NL Dresden - Jobbird.com,Jobster,"Dresden, Saxony, Germany",2026-10-06,https://www.linkedin.com/jobs/view/4474933466 , ,li-4474933466,fulltime,,,,,,False,mid-senior level,,,,Software Development,https://nl.linkedin.com/company/jobster-com,,,,,,,,,,,
linkedin,Projektleiter (w/m/d) EPCM ‒ TGA Elektrotechnik,Drees & Sommer,"Berlin, Berlin, Germany",2026-10-06,https://www.linkedin.com/jobs/view/4474050159 , ,li-4474050159,fulltime,,,,,,False,associate,,,,Real Estate,https://de.linkedin.com/company/drees-&-sommer,,,,,,,,,,,
linkedin,Projektleiter (m/w/d) - NL Höxter - Jobbird.com,Jobster,"Höxter, North Rhine-Westphalia, Germany",2026-10-06,https://www.linkedin.com/jobs/view/4474947470 , ,li-4474947470,fulltime,,,,,,False,mid-senior level,,,,Software Development,https://nl.linkedin.com/company/jobster-com,,,,,,,,,,,
linkedin,Projektleiter Elektrotechnik (m/w/d) - Jobbird.com,Jobster,"Munich, Bavaria, Germany",2026-10-06,https://www.linkedin.com/jobs/view/4474942451 , ,li-4474942451,fulltime,,,,,,False,mid-senior level,,,,Software Development,https://nl.linkedin.com/company/jobster-com,,,,,,,,,,,
linkedin,Projektleiter HKLS (m/w/d) Heidelberg - Jobbird.com,Jobster,"Heidelberg, Baden-Württemberg, Germany",2026-10-06,https://www.linkedin.com/jobs/view/4474937922 , ,li-4474937922,fulltime,,,,,,False,mid-senior level,,,,Software Development,https://nl.linkedin.com/company/jobster-com,,,,,,,,,,,
linkedin,PROJEKTLEITER (m/w/d) SCHLÜSSELFERTIGBAU,BREMER AG,"Paderborn, North Rhine-Westphalia, Germany",2026-10-06,https://www.linkedin.com/jobs/view/3962910999 , ,li-3962910999,fulltime,,,,,,False,mid-senior level,,,,Construction,https://de.linkedin.com/company/bremer-se,,,,,,,,,,,
linkedin,Projektleiter Handwerkspartner Wärmepumpe (m/w/d) - Jobbird.com,Jobster,"Düsseldorf, North Rhine-Westphalia, Germany",2026-10-06,https://www.linkedin.com/jobs/view/4475132478 , ,li-4475132478,fulltime,,,,,,False,mid-senior level,,,,Software Development,https://nl.linkedin.com/company/jobster-com,,,,,,,,,,,
linkedin,Projektleiter (m/w/d) Energie-Großprojekt,Atlas Titan,"Hannover, Lower Saxony, Germany",2026-10-06,https://www.linkedin.com/jobs/view/4465216877 , ,li-4465216877,fulltime,,,,,,False,mid-senior level,,,,Business Consulting and Services,https://de.linkedin.com/company/atlas-titan,,,,,,,,,,,
linkedin,Projektleiter Konstruktiver Ingenieurbau (w/m/d),Arcadis,"Hannover, Lower Saxony, Germany",2026-10-06,https://www.linkedin.com/jobs/view/4465535845 , ,li-4465535845,fulltime,,,,,,False,not applicable,,,,Professional Services,https://nl.linkedin.com/company/arcadis,,,,,,,,,,,
linkedin,Projektleiter Elektrotechnik (m/w/d) Tuttlingen - Jobbird.com,Jobster,"Tuttlingen, Baden-Württemberg, Germany",2026-10-06,https://www.linkedin.com/jobs/view/4474924214 , ,li-4474924214,fulltime,,,,,,False,mid-senior level,,,,Software Development,https://nl.linkedin.com/company/jobster-com,,,,,,,,,,,
linkedin,Projektleiter (m/w/d) - NL Mönchengladbach - Jobbird.com,Jobster,"Mönchengladbach, North Rhine-Westphalia, Germany",2026-10-06,https://www.linkedin.com/jobs/view/4474917740 , ,li-4474917740,fulltime,,,,,,False,mid-senior level,,,,Software Development,https://nl.linkedin.com/company/jobster-com,,,,,,,,,,,
linkedin,Projektleiter Innenausbau (m/w/d),Renz Solutions GmbH,"Aidlingen, Baden-Württemberg, Germany",2026-10-06,https://www.linkedin.com/jobs/view/4476160456 , ,li-4476160456,fulltime,direct_data,monthly,4500.0,6000.0,EUR,False,associate,,,thomas.bahlo@renz-systeme.de,Architecture and Planning,https://de.linkedin.com/company/renz-solutions-gmbh,,,,,,,,,,,
linkedin,Product Owner,Haystack,Greater Koblenz Area,2026-10-06,https://www.linkedin.com/jobs/view/4474664257 , ,li-4474664257,fulltime,,,,,,False,mid-senior level,,,,"Technology, Information and Media",https://uk.linkedin.com/company/wearehaystack,,,,,,,,,,,
linkedin,Projektleiter Konstruktiver Ingenieurbau (w/m/d),Arcadis,"Munich, Bavaria, Germany",2026-10-06,https://www.linkedin.com/jobs/view/4465551744 , ,li-4465551744,fulltime,,,,,,False,not applicable,,,,Professional Services,https://nl.linkedin.com/company/arcadis,,,,,,,,,,,
linkedin,Projektleiter Elektrotechnik (m/w/d) - Jobbird.com,Jobster,"Bonn, North Rhine-Westphalia, Germany",2026-10-06,https://www.linkedin.com/jobs/view/4474950119 , ,li-4474950119,fulltime,,,,,,False,mid-senior level,,,,Software Development,https://nl.linkedin.com/company/jobster-com,,,,,,,,,,,
linkedin,Senior Projektleiter HKLS (m/w/d) Frankfurt am Main - Jobbird.com,Jobster,"Frankfurt am Main, Hesse, Germany",2026-10-06,https://www.linkedin.com/jobs/view/4474927580 , ,li-4474927580,fulltime,,,,,,False,mid-senior level,,,,Software Development,https://nl.linkedin.com/company/jobster-com,,,,,,,,,,,
linkedin,Projektleiter HKLS (m/w/d) - Jobbird.com,Jobster,"Neu Ulm, Bavaria, Germany",2026-10-06,https://www.linkedin.com/jobs/view/4474929849 , ,li-4474929849,fulltime,,,,,,False,mid-senior level,,,,Software Development,https://nl.linkedin.com/company/jobster-com,,,,,,,,,,,
linkedin,Projektleiter Elektrotechnik (m/w/d) Raum Karlsruhe - Jobbird.com,Jobster,"Karlsruhe, Baden-Württemberg, Germany",2026-10-06,https://www.linkedin.com/jobs/view/4474952354 , ,li-4474952354,fulltime,,,,,,False,mid-senior level,,,,Software Development,https://nl.linkedin.com/company/jobster-com,,,,,,,,,,,
linkedin,Projektleiter Konstruktiver Ingenieurbau (w/m/d),Arcadis,"Cologne, North Rhine-Westphalia, Germany",2026-10-06,https://www.linkedin.com/jobs/view/4465552697 , ,li-4465552697,fulltime,,,,,,False,not applicable,,,,Professional Services,https://nl.linkedin.com/company/arcadis,,,,,,,,,,,
linkedin,Senior Projektleiter Kältetechnik (m/w/d) Köln - Jobbird.com,Jobster,"Cologne, North Rhine-Westphalia, Germany",2026-10-06,https://www.linkedin.com/jobs/view/4474922452 , ,li-4474922452,fulltime,,,,,,False,mid-senior level,,,,Software Development,https://nl.linkedin.com/company/jobster-com,,,,,,,,,,,
linkedin,Projektleiter HKLS (m/w/d) - Jobbird.com,Jobster,"Düsseldorf, North Rhine-Westphalia, Germany",2026-10-06,https://www.linkedin.com/jobs/view/4474919699 , ,li-4474919699,fulltime,,,,,,False,mid-senior level,,,,Software Development,https://nl.linkedin.com/company/jobster-com,,,,,,,,,,,
linkedin,Projektleiter (m/w/d) - NL Potsdam - Jobbird.com,Jobster,"Potsdam, Brandenburg, Germany",2026-10-06,https://www.linkedin.com/jobs/view/4474926351 , ,li-4474926351,fulltime,,,,,,False,entry level,,,,Software Development,https://nl.linkedin.com/company/jobster-com,,,,,,,,,,,
linkedin,Projektleiter Konstruktiver Ingenieurbau (w/m/d),Arcadis,"Hamburg, Hamburg, Germany",2026-10-06,https://www.linkedin.com/jobs/view/4465552696 , ,li-4465552696,fulltime,,,,,,False,not applicable,,,,Professional Services,https://nl.linkedin.com/company/arcadis,,,,,,,,,,,
linkedin,Projektleiter Elektrotechnik (m/w/d) Oberhausen - Jobbird.com,Jobster,"Oberhausen, North Rhine-Westphalia, Germany",2026-10-06,https://www.linkedin.com/jobs/view/4474924482 , ,li-4474924482,fulltime,,,,,,False,mid-senior level,,,,Software Development,https://nl.linkedin.com/company/jobster-com,,,,,,,,,,,
linkedin,Projektleiter HKLS (m/w/d) - Jobbird.com,Jobster,"Freiburg, Baden-Württemberg, Germany",2026-10-06,https://www.linkedin.com/jobs/view/4474941199 , ,li-4474941199,fulltime,,,,,,False,mid-senior level,,,,Software Development,https://nl.linkedin.com/company/jobster-com,,,,,,,,,,,
linkedin,Projektleiter Versorgungstechnik (m/w/d) Würzburg - Jobbird.com,Jobster,"Würzburg, Bavaria, Germany",2026-10-06,https://www.linkedin.com/jobs/view/4474917665 , ,li-4474917665,fulltime,,,,,,False,mid-senior level,,,,Software Development,https://nl.linkedin.com/company/jobster-com,,,,,,,,,,,
linkedin,Projektleiter Schadensanierung (m/w/d),svt Group of Companies,"Großpösna, Saxony, Germany",2026-10-06,https://www.linkedin.com/jobs/view/4476339109 , ,li-4476339109,fulltime,,,,,,False,mid-senior level,,,,Construction,https://de.linkedin.com/company/svt-group-of-companies,,,,,,,,,,,
linkedin,Projektleiter Elektrotechnik (m/w/d),Albwerk,"Geislingen an der Steige, Baden-Württemberg, Germany",2026-10-06,https://www.linkedin.com/jobs/view/4476514119 , ,li-4476514119,fulltime,,,,,,False,mid-senior level,,,,Utilities,https://de.linkedin.com/company/albwerk,,,,,,,,,,,
linkedin,Projektleiter Maschinenbau,Collin Weber Personalberatung GmbH,"Baden-Württemberg, Germany",2026-10-06,https://www.linkedin.com/jobs/view/4474028873 , ,li-4474028873,fulltime,,,,,,False,associate,,,zeuss@packaging-partner.de,Machinery Manufacturing,https://de.linkedin.com/company/collin-weber-personalberatung-gmbh,,,,,,,,,,,
linkedin,Leiter Elektrotechnik-Projekte (m/w/d),Albwerk,"Geislingen an der Steige, Baden-Württemberg, Germany",2026-10-06,https://www.linkedin.com/jobs/view/4476513132 , ,li-4476513132,fulltime,,,,,,False,mid-senior level,,,,Utilities,https://de.linkedin.com/company/albwerk,,,,,,,,,,,
linkedin,Projektleiter Konstruktiver Ingenieurbau (w/m/d),Arcadis,"Darmstadt, Hesse, Germany",2026-10-06,https://www.linkedin.com/jobs/view/4465530846 , ,li-4465530846,fulltime,,,,,,False,not applicable,,,,Professional Services,https://nl.linkedin.com/company/arcadis,,,,,,,,,,,
linkedin,Projektleiter HKLS - Schwerpunkt Kältetechnik (m/w/d) - Jobbird.com,Jobster,"Cologne, North Rhine-Westphalia, Germany",2026-10-06,https://www.linkedin.com/jobs/view/4474925102 , ,li-4474925102,fulltime,,,,,,False,mid-senior level,,,,Software Development,https://nl.linkedin.com/company/jobster-com,,,,,,,,,,,
linkedin,Projektleiter Konstruktiver Ingenieurbau (w/m/d),Arcadis,"Berlin, Berlin, Germany",2026-10-06,https://www.linkedin.com/jobs/view/4465545776 , ,li-4465545776,fulltime,,,,,,False,not applicable,,,,Professional Services,https://nl.linkedin.com/company/arcadis,,,,,,,,,,,
linkedin,Projektleiter Elektrotechnik (m/w/d) - Jobbird.com,Jobster,"Berlin, Berlin, Germany",2026-10-06,https://www.linkedin.com/jobs/view/4474933435 , ,li-4474933435,fulltime,,,,,,False,mid-senior level,,,,Software Development,https://nl.linkedin.com/company/jobster-com,,,,,,,,,,,
linkedin,Product owner – Software Company - Stuttgart (3-days home office per week),Lawrence Harvey,"Stuttgart, Baden-Württemberg, Germany",2026-10-06,https://www.linkedin.com/jobs/view/4474914027 , ,li-4474914027,fulltime,,,,,,False,mid-senior level,,,,IT System Custom Software Development,https://uk.linkedin.com/company/lawrence-harvey,,,,,,,,,,,
linkedin,Projektleiter:in 1. S-Bahn-Stammstrecke,Deutsche Bahn,"Munich, Bavaria, Germany",2026-10-06,https://www.linkedin.com/jobs/view/4467443627 , ,li-4467443627,fulltime,,,,,,False,mid-senior level,,,,Truck Transportation,https://de.linkedin.com/company/deutschebahn,,,,,,,,,,,
linkedin,Project Manager (Senior or Experienced Level) (m/f/d),Boeing,"Hamburg, Hamburg, Germany",2026-10-06,https://www.linkedin.com/jobs/view/4474084061 , ,li-4474084061,fulltime,,,,,,False,not applicable,,,,"Airlines and Aviation, Aviation and Aerospace Component Manufacturing, and Defense and Space Manufacturing",https://www.linkedin.com/company/boeing,,,,,,,,,,,
linkedin,Produktmanager:in,Robert Half,"Cologne, North Rhine-Westphalia, Germany",2026-10-06,https://www.linkedin.com/jobs/view/4476158545 , ,li-4476158545,fulltime,,,,,,False,associate,,,,Personal Care Product Manufacturing,https://www.linkedin.com/company/robert-half-international,,,,,,,,,,,
linkedin,AI Product Manager (m/w/d),Simon-Kucher,"Berlin, Berlin, Germany",2026-10-06,https://www.linkedin.com/jobs/view/4474409413 , ,li-4474409413,fulltime,,,,,,False,mid-senior level,,,,Business Consulting and Services,https://de.linkedin.com/company/simon-kucher,,,,,,,,,,,
linkedin,AI Product Manager (m/w/d),Simon-Kucher,"Frankfurt am Main, Hesse, Germany",2026-10-06,https://www.linkedin.com/jobs/view/4474411343 , ,li-4474411343,fulltime,,,,,,False,mid-senior level,,,,Business Consulting and Services,https://de.linkedin.com/company/simon-kucher,,,,,,,,,,,
linkedin,AI Product Manager (m/w/d),Simon-Kucher,"Cologne, North Rhine-Westphalia, Germany",2026-10-06,https://www.linkedin.com/jobs/view/4474417063 , ,li-4474417063,fulltime,,,,,,False,mid-senior level,,,,Business Consulting and Services,https://de.linkedin.com/company/simon-kucher,,,,,,,,,,,
linkedin,AI Product Manager (m/w/d),Simon-Kucher,"Bonn, North Rhine-Westphalia, Germany",2026-10-06,https://www.linkedin.com/jobs/view/4474401666 , ,li-4474401666,fulltime,,,,,,False,mid-senior level,,,,Business Consulting and Services,https://de.linkedin.com/company/simon-kucher,,,,,,,,,,,
linkedin,Technical Product Manager (m/w/d) AI & Partnerintegrationen Mietwagen,CHECK24,"Augsburg, Bavaria, Germany",2026-10-06,https://www.linkedin.com/jobs/view/4476172092 , ,li-4476172092,fulltime,,,,,,False,entry level,,,,Software Development,https://de.linkedin.com/company/check24-vergleichsportal-gmbh,,,,,,,,,,,
linkedin,(Junior) Produktmanager (m/w/d) - ETF and Fintech,Michael Page,"Frankfurt am Main, Hesse, Germany",2026-10-06,https://www.linkedin.com/jobs/view/4476375675 , ,li-4476375675,fulltime,,,,,,False,mid-senior level,,,,"Events Services, Financial Services, and Facilities Services",https://uk.linkedin.com/company/michael-page,,,,,,,,,,,
linkedin,"Staff Product Manager, Deel IT",Deel,Germany,2026-10-06,https://www.linkedin.com/jobs/view/4455894555 , ,li-4455894555,fulltime,direct_data,yearly,100000.0,140000.0,USD,False,mid-senior level,,,recruiting@deel.com,Human Resources Services,https://www.linkedin.com/company/deel,,,,,,,,,,,
linkedin,Growth Product Owner (DE),Nodes & Links,"Berlin, Berlin, Germany",2026-10-06,https://www.linkedin.com/jobs/view/4474916930 , ,li-4474916930,fulltime,,,,,,False,associate,,,,Construction,https://uk.linkedin.com/company/nodeslinks,,,,,,,,,,,
linkedin,PMO Manager (m/w/d),Hach,"Berlin, Berlin, Germany",2026-10-06,https://www.linkedin.com/jobs/view/4476163910 , ,li-4476163910,fulltime,,,,,,False,mid-senior level,,,,Environmental Services,https://www.linkedin.com/company/hach,,,,,,,,,,,
linkedin,Global Product Owner Trailer Business (m/w/d),Knorr-Bremse AG,"Munich, Bavaria, Germany",2026-10-06,https://www.linkedin.com/jobs/view/4455883595 , ,li-4455883595,fulltime,,,,,,False,mid-senior level,,,,Motor Vehicle Manufacturing,https://de.linkedin.com/company/knorr-bremse,,,,,,,,,,,
linkedin,Technical Product Owner Realtime & Videokonferenzen (m/w/d),BWI GmbH,"Hamburg, Hamburg, Germany",2026-10-06,https://www.linkedin.com/jobs/view/4460366476 , ,li-4460366476,fulltime,,,,,,False,mid-senior level,,,,IT Services and IT Consulting,https://de.linkedin.com/company/bwi-gmbh,,,,,,,,,,,
linkedin,Technical Product Owner Realtime & Videokonferenzen (m/w/d),BWI GmbH,"Nuremberg, Bavaria, Germany",2026-10-06,https://www.linkedin.com/jobs/view/4460364569 , ,li-4460364569,fulltime,,,,,,False,mid-senior level,,,,IT Services and IT Consulting,https://de.linkedin.com/company/bwi-gmbh,,,,,,,,,,,
linkedin,Product Owner - Customer Experience,knuspr.de,"Berlin, Berlin, Germany",2026-10-06,https://www.linkedin.com/jobs/view/4476352810 , ,li-4476352810,fulltime,,,,,,False,mid-senior level,,,,Food and Beverage Services,https://de.linkedin.com/company/knuspr,,,,,,,,,,,
linkedin,Product Portfolio Manager – Consumer Products (m/f/d),melu kids GmbH,"Berlin, Germany",2026-10-06,https://www.linkedin.com/jobs/view/4476303533 , ,li-4476303533,fulltime,,,,,,False,entry level,,,,Online and Mail Order Retail,https://de.linkedin.com/company/melu-kids,,,,,,,,,,,
linkedin,Technical Product Owner - Central Services (w/m/d),Munich Airport,Greater Munich Metropolitan Area,2026-10-06,https://www.linkedin.com/jobs/view/4474353142 , ,li-4474353142,fulltime,,,,,,False,associate,,,,Airlines and Aviation,https://de.linkedin.com/company/munich-airport,,,,,,,,,,,
linkedin,Product Feature Owner - Parking,Wayve,"Leonberg, Baden-Württemberg, Germany",2026-10-06,https://www.linkedin.com/jobs/view/4474400160 , ,li-4474400160,fulltime,,,,,,False,mid-senior level,,,,Software Development,https://uk.linkedin.com/company/wayve-technologies,,,,,,,,,,,
linkedin,Product Manager – Regulatory Solutions (m/f/d),Infront,"Frankfurt am Main, Hesse, Germany",2026-10-06,https://www.linkedin.com/jobs/view/4474677571 , ,li-4474677571,fulltime,,,,,,False,entry level,,,,"Financial Services, Investment Banking, and IT Services and IT Consulting",https://no.linkedin.com/company/infront-as,,,,,,,,,,,
linkedin,"Strategic Product Manager (all genders, full-/part-time)",Merck Life Science,"Darmstadt, Hesse, Germany",2026-10-06,https://www.linkedin.com/jobs/view/4476186708 , ,li-4476186708,fulltime,,,,,,False,mid-senior level,,,,Biotechnology Research,https://de.linkedin.com/company/merck-life-science,,,,,,,,,,,
linkedin,Produktmanager Managed Services - Cloud & Infrastructure (m/w/d) - Remote,SITS Group,Germany,2026-10-06,https://www.linkedin.com/jobs/view/4465535126 , ,li-4465535126,fulltime,,,,,,True,mid-senior level,,,,Computer and Network Security,https://ch.linkedin.com/company/sits-group,,,,,,,,,,,
linkedin,Senior Product Manager (Full Remote - Europe),EverAI,Germany,2026-10-06,https://www.linkedin.com/jobs/view/4466067241 , ,li-4466067241,fulltime,,,,,,True,mid-senior level,,,,"Technology, Information and Internet",https://www.linkedin.com/company/everai,,,,,,,,,,,
linkedin,Product Manager*in (m/w/d),Loopario | vormals Logistikbude,"Dortmund, North Rhine-Westphalia, Germany",2026-10-06,https://www.linkedin.com/jobs/view/4474091038 , ,li-4474091038,fulltime,,,,,,False,entry level,,,,IT Services and IT Consulting,https://de.linkedin.com/company/loopario,,,,,,,,,,,
linkedin,(Senior) Product Manager (all genders),Shiftmove,"Berlin, Berlin, Germany",2026-10-06,https://www.linkedin.com/jobs/view/4439021660 , ,li-4439021660,fulltime,,,,,,False,mid-senior level,,,,IT Services and IT Consulting,https://de.linkedin.com/company/shiftmove,,,,,,,,,,,
linkedin,Senior Product Manager - Machine Learning (m/f/d),voize,"Berlin, Berlin, Germany",2026-10-06,https://www.linkedin.com/jobs/view/4476373445 , ,li-4476373445,fulltime,,,,,,False,mid-senior level,,,,Software Development,https://de.linkedin.com/company/voize-ai,,,,,,,,,,,
linkedin,SDV & AI Solutions Product Manager,HARMAN International,"Garching, Bavaria, Germany",2026-10-06,https://www.linkedin.com/jobs/view/4465542090 , ,li-4465542090,fulltime,,,,,,False,mid-senior level,,,harmancareers@harman.com,Computers and Electronics Manufacturing,https://www.linkedin.com/company/harman-international,,,,,,,,,,,
linkedin,Senior technische:r Produktmanager:in FRMCS Systemtechnik Cloud / virtualisierte Infrastruktur,Deutsche Bahn,"Frankfurt am Main, Hesse, Germany",2026-10-06,https://www.linkedin.com/jobs/view/4476137132 , ,li-4476137132,fulltime,,,,,,False,mid-senior level,,,,Truck Transportation,https://de.linkedin.com/company/deutschebahn,,,,,,,,,,,
linkedin,Senior Product Manager - Risk & Compliance,Qonto,"Berlin, Germany",2026-10-06,https://www.linkedin.com/jobs/view/4467238534 , ,li-4467238534,fulltime,,,,,,False,mid-senior level,,,support@qonto.com,Financial Services,https://fr.linkedin.com/company/qonto,,,,,,,,,,,
linkedin,Senior Data Product Manager- Marketing,Emma – The Sleep Company,"Frankfurt, Hesse, Germany",2026-10-06,https://www.linkedin.com/jobs/view/4474974527 , ,li-4474974527,fulltime,,,,,,False,not applicable,,,privacy@emma-sleep.com,Retail,https://de.linkedin.com/company/lifeatemma,,,,,,,,,,,
linkedin,Forward Deployed Product Manager,cargomotion,Berlin Metropolitan Area,2026-10-06,https://www.linkedin.com/jobs/view/4470139624 , ,li-4470139624,fulltime,,,,,,False,entry level,,,,Software Development,https://de.linkedin.com/company/cargomotion,,,,,,,,,,,
linkedin,(Senior) Product Manager (m/w/d),HELM AG,"Hamburg, Hamburg, Germany",2026-10-06,https://www.linkedin.com/jobs/view/4390730037 , ,li-4390730037,fulltime,,,,,,False,mid-senior level,,,,Chemical Manufacturing,https://de.linkedin.com/company/helmag,,,,,,,,,,,
linkedin,AI Product Manager (m/w/d),Simon-Kucher,"Hamburg, Hamburg, Germany",2026-10-06,https://www.linkedin.com/jobs/view/4474099771 , ,li-4474099771,fulltime,,,,,,False,mid-senior level,,,,Business Consulting and Services,https://de.linkedin.com/company/simon-kucher,,,,,,,,,,,
linkedin,AI Product Manager (m/w/d),Simon-Kucher,"Munich, Bavaria, Germany",2026-10-06,https://www.linkedin.com/jobs/view/4474095938 , ,li-4474095938,fulltime,,,,,,False,mid-senior level,,,,Business Consulting and Services,https://de.linkedin.com/company/simon-kucher,,,,,,,,,,,
linkedin,Technische:r Produktmanager:in FRMCS Systemtechnik IMS / MCx,Deutsche Bahn,"Frankfurt am Main, Hesse, Germany",2026-10-06,https://www.linkedin.com/jobs/view/4476133332 , ,li-4476133332,fulltime,,,,,,False,mid-senior level,,,,Truck Transportation,https://de.linkedin.com/company/deutschebahn,,,,,,,,,,,
linkedin,Product Manager - Child Safety (m/f/d),CYBEX,"Bayreuth, Bavaria, Germany",2026-10-06,https://www.linkedin.com/jobs/view/4457111551 , ,li-4457111551,fulltime,,,,,,False,mid-senior level,,,,Manufacturing,https://de.linkedin.com/company/cybex-gmbh,,,,,,,,,,,
linkedin,Projektleiter (m/w/d) Tiefbau,TSG Deutschland GmbH & Co. KG,"Halle, Saxony-Anhalt, Germany",2026-10-06,https://www.linkedin.com/jobs/view/4476331754 , ,li-4476331754,fulltime,,,,,,False,mid-senior level,,,,Facilities Services,https://de.linkedin.com/company/tsg-deutschland,,,,,,,,,,,
linkedin,Produktmanager Mivolis (w/m/d),dm-drogerie markt Deutschland,Greater Karlsruhe Area,2026-10-06,https://www.linkedin.com/jobs/view/4474113431 , ,li-4474113431,fulltime,,,,,,False,entry level,,,,Retail,https://de.linkedin.com/company/dm-drogerie-markt-deutschland,,,,,,,,,,,
linkedin,Product Owner – mit Aussicht auf Head of Product (all genders) - 100% Home Office,fino,Germany,2026-10-06,https://www.linkedin.com/jobs/view/4474057187 , ,li-4474057187,fulltime,,,,,,False,associate,,,,Software Development,https://de.linkedin.com/company/fino-ai,,,,,,,,,,,
linkedin,Product Feature Owner ADAS,Wayve,"Leonberg, Baden-Württemberg, Germany",2026-10-06,https://www.linkedin.com/jobs/view/4474081944 , ,li-4474081944,fulltime,,,,,,False,mid-senior level,,,,Software Development,https://uk.linkedin.com/company/wayve-technologies,,,,,,,,,,,
linkedin,Produktmanager Deployment und Reporting (m/w/d),Finanz Informatik,"Münster, North Rhine-Westphalia, Germany",2026-10-06,https://www.linkedin.com/jobs/view/4457471285 , ,li-4457471285,fulltime,,,,,,False,associate,,,,"IT Services and IT Consulting, Banking, and Financial Services",https://de.linkedin.com/company/finanz-informatik,,,,,,,,,,,
linkedin,Fachprojektleiter EMSR / Lead-Engineer EI&C (w/m/d),YNCORIS GmbH & Co. KG,"Hürth, North Rhine-Westphalia, Germany",2026-10-06,https://www.linkedin.com/jobs/view/4474034884 , ,li-4474034884,fulltime,direct_data,yearly,70000.0,95000.0,EUR,False,associate,,,,Oil and Gas,https://de.linkedin.com/company/yncoris-gmbh-co-kg,,,,,,,,,,,
linkedin,Senior Product Owner m/w/d,DEPT®,"Hamburg, Hamburg, Germany",2026-10-06,https://www.linkedin.com/jobs/view/4448307916 , ,li-4448307916,fulltime,,,,,,False,mid-senior level,,,,Advertising Services,https://nl.linkedin.com/company/deptglobal,,,,,,,,,,,
linkedin,Product Owner,Haystack,"North Rhine-Westphalia, Germany",2026-10-06,https://www.linkedin.com/jobs/view/4474668040 , ,li-4474668040,fulltime,,,,,,False,mid-senior level,,,,"Technology, Information and Media",https://uk.linkedin.com/company/wearehaystack,,,,,,,,,,,
linkedin,Technical Product Owner Realtime & Videokonferenzen (m/w/d),BWI GmbH,"Berlin, Berlin, Germany",2026-10-06,https://www.linkedin.com/jobs/view/4460364568 , ,li-4460364568,fulltime,,,,,,False,mid-senior level,,,,IT Services and IT Consulting,https://de.linkedin.com/company/bwi-gmbh,,,,,,,,,,,
linkedin,Technical Product Owner Realtime & Videokonferenzen (m/w/d),BWI GmbH,"Munich, Bavaria, Germany",2026-10-06,https://www.linkedin.com/jobs/view/4460366472 , ,li-4460366472,fulltime,,,,,,False,mid-senior level,,,,IT Services and IT Consulting,https://de.linkedin.com/company/bwi-gmbh,,,,,,,,,,,
linkedin,Technical Product Owner Realtime & Videokonferenzen (m/w/d),BWI GmbH,"Leipzig, Saxony, Germany",2026-10-06,https://www.linkedin.com/jobs/view/4460348949 , ,li-4460348949,fulltime,,,,,,False,mid-senior level,,,,IT Services and IT Consulting,https://de.linkedin.com/company/bwi-gmbh,,,,,,,,,,,
linkedin,Technical Product Owner Realtime & Videokonferenzen (m/w/d),BWI GmbH,"Ulm, Baden-Württemberg, Germany",2026-10-06,https://www.linkedin.com/jobs/view/4460351753 , ,li-4460351753,fulltime,,,,,,False,mid-senior level,,,,IT Services and IT Consulting,https://de.linkedin.com/company/bwi-gmbh,,,,,,,,,,,
linkedin,Technical Product Owner Realtime & Videokonferenzen (m/w/d),BWI GmbH,"Bonn, North Rhine-Westphalia, Germany",2026-10-06,https://www.linkedin.com/jobs/view/4460360569 , ,li-4460360569,fulltime,,,,,,False,mid-senior level,,,,IT Services and IT Consulting,https://de.linkedin.com/company/bwi-gmbh,,,,,,,,,,,
linkedin,Technical Product Owner Realtime & Videokonferenzen (m/w/d),BWI GmbH,"Frankfurt am Main, Hesse, Germany",2026-10-06,https://www.linkedin.com/jobs/view/4460370399 , ,li-4460370399,fulltime,,,,,,False,mid-senior level,,,,IT Services and IT Consulting,https://de.linkedin.com/company/bwi-gmbh,,,,,,,,,,,
linkedin,Product Owner (m/w/d) - Jobbird.com,Jobster,"Sankt Wolfgang, Bavaria, Germany",2026-10-06,https://www.linkedin.com/jobs/view/4474932072 , ,li-4474932072,fulltime,,,,,,False,mid-senior level,,,,Internet Publishing,https://nl.linkedin.com/company/jobster-com,,,,,,,,,,,
linkedin,Product Owner (m/w/d) Central Development Systems - Jobbird.com,Jobster,"Coblenz, Rhineland-Palatinate, Germany",2026-10-06,https://www.linkedin.com/jobs/view/4474913390 , ,li-4474913390,fulltime,,,,,,False,mid-senior level,,,,Internet Publishing,https://nl.linkedin.com/company/jobster-com,,,,,,,,,,,
linkedin,Produktmanager / Strategischer Einkäufer (m/w/d) Gabelstaplerersatzteile,TREX.PARTS GmbH & Co. KG,"Sittensen, Lower Saxony, Germany",2026-10-06,https://www.linkedin.com/jobs/view/4476178851 , ,li-4476178851,fulltime,,,,,,False,mid-senior level,,,,Wholesale,https://de.linkedin.com/company/trex-parts,,,,,,,,,,,
linkedin,Projektleiter (m/w/d) Modernisierung & Sanierung,Zakenfroukje,"Berlin, Berlin, Germany",2026-10-06,https://www.linkedin.com/jobs/view/4468716461 , ,li-4468716461,fulltime,,,,,,False,mid-senior level,,,,Construction,https://nl.linkedin.com/company/zakenfroukje,,,,,,,,,,,
linkedin,Koordinator / Projektleiter Gebäudetechnik (TGA) U5 (m/w/d),Hamburger Hochbahn AG,"Hamburg, Hamburg, Germany",2026-10-06,https://www.linkedin.com/jobs/view/4476388119 , ,li-4476388119,fulltime,,,,,,False,mid-senior level,,,,Urban Transit Services,https://de.linkedin.com/company/hamburger-hochbahn-ag,,,,,,,,,,,
linkedin,Projektleiter Gebäudetechnik Service & Wartung (m/w/d),ENGIE Deutschland,"Dresden, Saxony, Germany",2026-10-06,https://www.linkedin.com/jobs/view/4448187336 , ,li-4448187336,fulltime,,,,,,False,mid-senior level,,,,Utilities,https://de.linkedin.com/company/engie-deutschland,,,,,,,,,,,
linkedin,Senior Projektmanager:in (m/w/d),OHB SE,"Bremen, Bremen, Germany",2026-10-06,https://www.linkedin.com/jobs/view/4476319035 , ,li-4476319035,fulltime,,,,,,False,not applicable,,,,Defense and Space Manufacturing,https://de.linkedin.com/company/ohb-se,,,,,,,,,,,
linkedin,AI Team Lead (m/w/d),SymBio.,Frankfurt Rhine-Main Metropolitan Area,2026-10-06,https://www.linkedin.com/jobs/view/4474959631 , ,li-4474959631,fulltime,direct_data,yearly,90000.0,120000.0,EUR,False,associate,,,,Banking,https://de.linkedin.com/company/symbio-recruitment-gmbh,,,,,,,,,,,
linkedin,Teilprojektleiter Automatisierung und Telekommunikation Offshore (m/w/d),Atlas Titan,"Lehrte, Lower Saxony, Germany",2026-10-06,https://www.linkedin.com/jobs/view/4474082450 , ,li-4474082450,fulltime,,,,,,False,associate,,,,Business Consulting and Services,https://de.linkedin.com/company/atlas-titan,,,,,,,,,,,
linkedin,Product Owner mit KI Fokus (m/w/d) | 40.000 € - 60.000 € Jahresgehalt,Ines Scholz Steuerberatungsgesellschaft mbH,"Zwickau, Saxony, Germany",2026-10-06,https://www.linkedin.com/jobs/view/4474037375 , ,li-4474037375,fulltime,direct_data,yearly,40000.0,60000.0,EUR,False,mid-senior level,,,,Business Consulting and Services,https://de.linkedin.com/company/ines-scholz,,,,,,,,,,,
linkedin,IT-Projektmanager (m/w/d) mit fachlicher Führungsverantwortung,LINOVAG LADENBAU GmbH,"Ottendorf-Okrilla, Saxony, Germany",2026-10-06,https://www.linkedin.com/jobs/view/4474040507 , ,li-4474040507,fulltime,,,,,,False,mid-senior level,,,,Furniture and Home Furnishings Manufacturing,https://www.linkedin.com/company/linovag-ladenbau-gmbh,,,,,,,,,,,
linkedin,Referent Payment Solutions (m/w/d),Evangelische Bank,"Kassel, Hesse, Germany",2026-10-06,https://www.linkedin.com/jobs/view/4474695970 , ,li-4474695970,fulltime,,,,,,False,associate,,,,Banking,https://de.linkedin.com/company/evangelische-bank,,,,,,,,,,,
linkedin,Leitung Produktmanagement Haftpflicht / Unfall / Sach Privat,HDI Group,"Hannover, Lower Saxony, Germany",2026-10-06,https://www.linkedin.com/jobs/view/4467226246 , ,li-4467226246,fulltime,,,,,,False,mid-senior level,,,,Insurance,https://de.linkedin.com/company/hdigroup,,,,,,,,,,,
linkedin,Produktmanager / Technischer Einkäufer (m/w/d) Gabelstaplerersatzteile,TREX.PARTS GmbH & Co. KG,"Sittensen, Lower Saxony, Germany",2026-10-06,https://www.linkedin.com/jobs/view/4476186417 , ,li-4476186417,fulltime,,,,,,False,mid-senior level,,,,Wholesale,https://de.linkedin.com/company/trex-parts,,,,,,,,,,,
linkedin,Product Owner-DMS,Buzzworks Business Services Pvt. Ltd.,Germany,2026-10-06,https://www.linkedin.com/jobs/view/4474076534 , ,li-4474076534,contract,,,,,,False,associate,,,,IT Services and IT Consulting,https://in.linkedin.com/company/buzzworks-business-services,,,,,,,,,,,
linkedin,Product Owner - Customer Experience,knuspr.de,"Munich, Bavaria, Germany",2026-10-06,https://www.linkedin.com/jobs/view/4476352815 , ,li-4476352815,fulltime,,,,,,False,mid-senior level,,,,Food and Beverage Services,https://de.linkedin.com/company/knuspr,,,,,,,,,,,
linkedin,Product Manager,Ontex,"Coblenz, Rhineland-Palatinate, Germany",2026-10-06,https://www.linkedin.com/jobs/view/4458231919 , ,li-4458231919,fulltime,,,,,,False,mid-senior level,,,Manuela.Gorka@ontexglobal.com,Consumer Goods,https://be.linkedin.com/company/ontex,,,,,,,,,,,
linkedin,Technical Product Owner (m/f/d) Lifecycle Services Digital Solutions,Danfoss,"Offenbach, Hesse, Germany",2026-10-06,https://www.linkedin.com/jobs/view/4476325505 , ,li-4476325505,fulltime,,,,,,False,mid-senior level,,,,Industrial Machinery Manufacturing,https://dk.linkedin.com/company/danfoss,,,,,,,,,,,
linkedin,Product Lead Graph Intelligence Engine (m/w/d),Palturai,"Hofheim am Taunus, Hesse, Germany",2026-10-06,https://www.linkedin.com/jobs/view/4474048354 , ,li-4474048354,fulltime,,,,,,False,associate,,,,IT Services and IT Consulting,https://de.linkedin.com/company/kantwert-gmbh,,,,,,,,,,,
linkedin,Product Lead (m/w/d),JUNGLÜCK,"Oberhaching, Bavaria, Germany",2026-10-06,https://www.linkedin.com/jobs/view/4474052734 , ,li-4474052734,fulltime,,,,,,False,associate,,,,Personal Care Product Manufacturing,https://de.linkedin.com/company/junglueck,,,,,,,,,,,
linkedin,Product Owner (m/w/d) Netzanschlüsse,SVO-Gruppe,"Celle, Lower Saxony, Germany",2026-10-06,https://www.linkedin.com/jobs/view/4474037728 , ,li-4474037728,fulltime,,,,,,False,associate,,,,"Services for Renewable Energy, Utilities, and Electric Power Transmission, Control, and Distribution",https://de.linkedin.com/company/svo-gruppe,,,,,,,,,,,
linkedin,Product Manager - QA & Release Coordination (AI x Greentech) (m/f/d),Reonic,"Augsburg, Bavaria, Germany",2026-10-06,https://www.linkedin.com/jobs/view/4476181541 , ,li-4476181541,fulltime,,,,,,False,associate,,,,Software Development and Services for Renewable Energy,https://de.linkedin.com/company/reonic,,,,,,,,,,,
linkedin,Product Owner (m/w/d),Crewmeister,"Munich, Bavaria, Germany",2026-10-06,https://www.linkedin.com/jobs/view/4466194910 , ,li-4466194910,fulltime,,,,,,False,mid-senior level,,,people@crewmeister.com,"Technology, Information and Internet",https://de.linkedin.com/company/crewmeister,,,,,,,,,,,
linkedin,Projektleiter Gebäudeautomation (m/w/d) - Jobbird.com,Jobster,"Munich, Bavaria, Germany",2026-10-06,https://www.linkedin.com/jobs/view/4474908449 , ,li-4474908449,fulltime,,,,,,False,mid-senior level,,,,Software Development,https://nl.linkedin.com/company/jobster-com,,,,,,,,,,,
linkedin,Projektleiter (m/w/d) - NL Coburg - Jobbird.com,Jobster,"Ebersdorf, Bavaria, Germany",2026-10-06,https://www.linkedin.com/jobs/view/4474928047 , ,li-4474928047,fulltime,,,,,,False,mid-senior level,,,,Software Development,https://nl.linkedin.com/company/jobster-com,,,,,,,,,,,
linkedin,Teamleitung naturnaher Wasserbau / Gewässerentwicklung (m/w/d),Stowasserplan | Stowasserservice - Wir machen Gewässer lebendig!,"Radebeul, Saxony, Germany",2026-10-06,https://www.linkedin.com/jobs/view/4476312135 , ,li-4476312135,fulltime,,,,,,False,mid-senior level,,,stowasser@stowasserplan.de,Architecture and Planning,https://de.linkedin.com/company/stowasserplan,,,,,,,,,,,
linkedin,"Projektleiter Gebäudeschadstoffe, -rückbau und -sanierung (m/w/d) - Vollzeit 40 Stunden/Woche, unbefristete Anstellung",dibauco GmbH,"Eching, Bavaria, Germany",2026-10-06,https://www.linkedin.com/jobs/view/4476307520 , ,li-4476307520,fulltime,,,,,,False,mid-senior level,,,bewerbung@dibauco.de,Services for Renewable Energy,https://de.linkedin.com/company/dibaucogmbh,,,,,,,,,,,
linkedin,"Senior Projektmanager* (Directive PMO) *Geschlecht egal, Hauptsache gut",take-e-way GmbH,"Hamburg, Hamburg, Germany",2026-10-06,https://www.linkedin.com/jobs/view/4469832726 , ,li-4469832726,fulltime,,,,,,False,not applicable,,,,Environmental Services,https://de.linkedin.com/company/take-e-way-gmbh,,,,,,,,,,,
linkedin,Projektleiter TGA - Schwerpunkt MSR/Gebäudeautomation (m/w/d),Rocken®,"Winnenden, Baden-Württemberg, Germany",2026-10-06,https://www.linkedin.com/jobs/view/4474996243 , ,li-4474996243,fulltime,direct_data,yearly,70000.0,80000.0,EUR,False,mid-senior level,,,,Construction,https://ch.linkedin.com/company/rockenjobs,,,,,,,,,,,
linkedin,Projektmanager Digital Health (m/w/d) - Jobbird.com,Jobster,"Munich, Bavaria, Germany",2026-10-06,https://www.linkedin.com/jobs/view/4474699820 , ,li-4474699820,fulltime,,,,,,False,mid-senior level,,,,Software Development,https://nl.linkedin.com/company/jobster-com,,,,,,,,,,,
linkedin,Projektmanager Nautik Simulation (m/w/d),Rheinmetall,"Bremen, Bremen, Germany",2026-10-06,https://www.linkedin.com/jobs/view/4474020811 , ,li-4474020811,fulltime,,,,,,False,mid-senior level,,,,Defense and Space Manufacturing,https://de.linkedin.com/company/rheinmetall,,,,,,,,,,,
linkedin,Projekleiter (m/w/d) Leopard,KNDS Deutschland,"Munich, Bavaria, Germany",2026-10-06,https://www.linkedin.com/jobs/view/4476347882 , ,li-4476347882,fulltime,,,,,,False,entry level,,,,Defense and Space Manufacturing,https://de.linkedin.com/company/knds-deutschland,,,,,,,,,,,
linkedin,Senior Project Manager,Haystack,Greater Munich Metropolitan Area,2026-10-06,https://www.linkedin.com/jobs/view/4474643889 , ,li-4474643889,fulltime,,,,,,False,mid-senior level,,,,"Technology, Information and Media",https://uk.linkedin.com/company/wearehaystack,,,,,,,,,,,
linkedin,Projektleiter Elektrotechnik (m/w/d),ROCKSOLID Personalvermittlung GmbH,"Hamburg, Hamburg, Germany",2026-10-06,https://www.linkedin.com/jobs/view/4474040128 , ,li-4474040128,fulltime,direct_data,yearly,65000.0,80000.0,EUR,False,mid-senior level,,,,Staffing and Recruiting,https://de.linkedin.com/company/rocksolid-personalvermittlung,,,,,,,,,,,
linkedin,Project Manager,MAK-SYSTEM,"Frankfurt am Main, Hesse, Germany",2026-10-06,https://www.linkedin.com/jobs/view/4476316005 , ,li-4476316005,fulltime,,,,,,False,mid-senior level,,,,"Software Development, Information Technology & Services, and Medical Practices",https://mk.linkedin.com/company/mak-system,,,,,,,,,,,
linkedin,Project Manager (m/w/d),OHB SE,"Bremen, Bremen, Germany",2026-10-06,https://www.linkedin.com/jobs/view/4476148370 , ,li-4476148370,fulltime,,,,,,False,not applicable,,,,Defense and Space Manufacturing,https://de.linkedin.com/company/ohb-se,,,,,,,,,,,
linkedin,Projektmanager Digital Health (m/w/d),CompuGroup Medical SE & Co. KGaA,"Munich, Bavaria, Germany",2026-10-06,https://www.linkedin.com/jobs/view/4326286178 , ,li-4326286178,fulltime,,,,,,False,mid-senior level,,,,IT Services and IT Consulting,https://de.linkedin.com/company/compugroup-medical,,,,,,,,,,,
linkedin,Senior IT Projektmanager:in (m/w/d),epco GmbH,"Monheim, North Rhine-Westphalia, Germany",2026-10-06,https://www.linkedin.com/jobs/view/4474680355 , ,li-4474680355,fulltime,,,,,,False,mid-senior level,,,,Software Development,https://de.linkedin.com/company/epco-gmbh,,,,,,,,,,,
linkedin,Projektleiter Elektrotechnik,Sauter Elektrotechnik GmbH u. Co. KG,"Neu-Isenburg, Hesse, Germany",2026-10-06,https://www.linkedin.com/jobs/view/4476306063 , ,li-4476306063,fulltime,,,,,,False,entry level,,,,Construction,https://de.linkedin.com/company/sauter-elektrotechnik-gmbh-u.-co.-kg,,,,,,,,,,,
linkedin,Project Manager / Projektleiter Sprinkleranlagen (m/w/d) Sprinkleranlagen | Project Manager | Jockel-Bramax GmbH Zentrale | Gladbeck Bottrop | Bottrop - Jobbird.com,Jobster,"Gladbeck, North Rhine-Westphalia, Germany",2026-10-06,https://www.linkedin.com/jobs/view/4474902907 , ,li-4474902907,fulltime,,,,,,False,mid-senior level,,,,IT Services and IT Consulting,https://nl.linkedin.com/company/jobster-com,,,,,,,,,,,
linkedin,Projektleiter Sprinkleranlagen / Brandschutztechnik (w/m/d),Brunel,"Essen, North Rhine-Westphalia, Germany",2026-10-06,https://www.linkedin.com/jobs/view/4474960075 , ,li-4474960075,fulltime,,,,,,False,not applicable,,,,Utility System Construction,https://nl.linkedin.com/company/brunel,,,,,,,,,,,
linkedin,Technical Project Manager - Maritime,Elvis Eckardt Recruitment,"Barsbüttel, Schleswig-Holstein, Germany",2026-10-06,https://www.linkedin.com/jobs/view/4457319222 , ,li-4457319222,fulltime,,,,,,False,mid-senior level,,,,Maritime Transportation and Defense and Space Manufacturing,https://uk.linkedin.com/company/elvis-eckardt-recruitment-sales-solutions,,,,,,,,,,,
linkedin,Project Manager - Advanced Materials (all genders),AIXTRON SE,"Herzogenrath, North Rhine-Westphalia, Germany",2026-10-06,https://www.linkedin.com/jobs/view/4476184933 , ,li-4476184933,fulltime,,,,,,False,entry level,,,,Semiconductor Manufacturing,https://de.linkedin.com/company/aixtron-se,,,,,,,,,,,
linkedin,Project Manager Software & Cybersecurity (m/f/d),Nordex Group,"Hamburg, Germany",2026-10-06,https://www.linkedin.com/jobs/view/4476388145 , ,li-4476388145,fulltime,,,,,,False,entry level,,,,Renewable Energy Equipment Manufacturing,https://de.linkedin.com/company/nordex,,,,,,,,,,,
linkedin,Projektleiter HKLS (m/w/d) Frankfurt am Main - Jobbird.com,Jobster,"Frankfurt am Main, Hesse, Germany",2026-10-06,https://www.linkedin.com/jobs/view/4474920584 , ,li-4474920584,fulltime,,,,,,False,mid-senior level,,,,Software Development,https://nl.linkedin.com/company/jobster-com,,,,,,,,,,,
linkedin,Senior Technical Project Manager - IT Innovations (m/w/d),Bundesdruckerei-Gruppe,"Berlin, Germany",2026-10-06,https://www.linkedin.com/jobs/view/4398538110 , ,li-4398538110,fulltime,,,,,,False,mid-senior level,,,,IT Services and IT Consulting,https://de.linkedin.com/company/bundesdruckerei,,,,,,,,,,,
linkedin,Projektleiter Kältetechnik (m/w/d),ROCKSOLID Personalvermittlung GmbH,"Hamburg, Hamburg, Germany",2026-10-06,https://www.linkedin.com/jobs/view/4474041087 , ,li-4474041087,fulltime,direct_data,yearly,65000.0,80000.0,EUR,False,mid-senior level,,,,Staffing and Recruiting,https://de.linkedin.com/company/rocksolid-personalvermittlung,,,,,,,,,,,
linkedin,Projektleiter (m/w/d) Boxer,KNDS Deutschland,"Munich, Bavaria, Germany",2026-10-06,https://www.linkedin.com/jobs/view/4476195783 , ,li-4476195783,fulltime,,,,,,False,mid-senior level,,,,Defense and Space Manufacturing,https://de.linkedin.com/company/knds-deutschland,,,,,,,,,,,
linkedin,Projektleiter Hochbau (w/m/d),VIRES CONFERRE GmbH,Berlin Metropolitan Area,2026-10-06,https://www.linkedin.com/jobs/view/4476167112 , ,li-4476167112,fulltime,,,,,,False,associate,,,FelixKuehn-3@ViresConferre.com,Construction and Real Estate,https://de.linkedin.com/company/vires-conferre-gmbh,,,,,,,,,,,
linkedin,Project Manager for new Build Data Centers,NorthC Datacenters Deutschland,"Frankfurt, Hesse, Germany",2026-10-06,https://www.linkedin.com/jobs/view/4476164759 , ,li-4476164759,fulltime,,,,,,False,mid-senior level,,,,IT Services and IT Consulting,https://de.linkedin.com/company/northc-datacenters-deutschland,,,,,,,,,,,
linkedin,Projektmanager TGA / Bau (m/w/d),CEV Handelsimmobilien GmbH,"Hamburg, Hamburg, Germany",2026-10-06,https://www.linkedin.com/jobs/view/4476155941 , ,li-4476155941,fulltime,,,,,,False,associate,,,,Real Estate,https://de.linkedin.com/company/cev-handelsimmobilien-gmbh,,,,,,,,,,,
linkedin,Projektleiter Tiefbau/Bahntechnik (m/w/d),LEONHARD WEISS GmbH & Co. KG,"Nuremberg, Bavaria, Germany",2026-10-06,https://www.linkedin.com/jobs/view/4305434518 , ,li-4305434518,fulltime,,,,,,False,associate,,,,Construction,https://de.linkedin.com/company/leonhard-weiss-gmbh-&-co-kg,,,,,,,,,,,
linkedin,Projektleiter HKLS (m/w/d) Raum Reutlingen - Jobbird.com,Jobster,"Reutlingen, Baden-Württemberg, Germany",2026-10-06,https://www.linkedin.com/jobs/view/4474933333 , ,li-4474933333,fulltime,,,,,,False,mid-senior level,,,,Software Development,https://nl.linkedin.com/company/jobster-com,,,,,,,,,,,
linkedin,IT-Projektmanager Cybersecurity (m/w/d),Nomios Group,"Frankfurt am Main, Hesse, Germany",2026-10-06,https://www.linkedin.com/jobs/view/4476367072 , ,li-4476367072,fulltime,,,,,,False,mid-senior level,,,,Computer and Network Security,https://fr.linkedin.com/company/nomiosgroup,,,,,,,,,,,
linkedin,Senior Projektmanager*in ACIS/FACTS (m/w/d),GE Vernova,"Dresden, Saxony, Germany",2026-10-06,https://www.linkedin.com/jobs/view/4458193485 , ,li-4458193485,fulltime,,,,,,False,mid-senior level,,,,Energy Technology,https://www.linkedin.com/company/gevernova,,,,,,,,,,,
linkedin,Projektleiter (m/w/d) Großprojekte im Schlüsselfertigbau,GOLDBECK,"Bielefeld, North Rhine-Westphalia, Germany",2026-10-06,https://www.linkedin.com/jobs/view/4474957787 , ,li-4474957787,fulltime,,,,,,False,associate,,,,"Architecture and Planning, Real Estate, and Construction",https://de.linkedin.com/company/goldbeck,,,,,,,,,,,
linkedin,Projektleiter (m/w/d) – Hochbau / Wohnungsbau,weisenburger group,"Düsseldorf, North Rhine-Westphalia, Germany",2026-10-06,https://www.linkedin.com/jobs/view/4468718269 , ,li-4468718269,fulltime,,,,,,False,mid-senior level,,,,Construction,https://de.linkedin.com/company/weisenburger-gruppe,,,,,,,,,,,
linkedin,Technical Project Manager (m/f/d),Trusted Shops,"Berlin, Berlin, Germany",2026-10-06,https://www.linkedin.com/jobs/view/4476165782 , ,li-4476165782,fulltime,,,,,,False,mid-senior level,,,,"Technology, Information and Internet",https://de.linkedin.com/company/trustedshops,,,,,,,,,,,
linkedin,Projektleiter HKLS (w/m/d) - Jobbird.com,Jobster,"Nuremberg, Bavaria, Germany",2026-10-06,https://www.linkedin.com/jobs/view/4474917707 , ,li-4474917707,fulltime,,,,,,False,mid-senior level,,,,Software Development,https://nl.linkedin.com/company/jobster-com,,,,,,,,,,,
linkedin,Projektleiter (m/w/d) Operations,KNDS Deutschland,"Munich, Bavaria, Germany",2026-10-06,https://www.linkedin.com/jobs/view/4476171270 , ,li-4476171270,fulltime,,,,,,False,mid-senior level,,,,Defense and Space Manufacturing,https://de.linkedin.com/company/knds-deutschland,,,,,,,,,,,
linkedin,Projektleiter MSR (m/w/d) Stuttgart - Jobbird.com,Jobster,"Stuttgart, Baden-Württemberg, Germany",2026-10-06,https://www.linkedin.com/jobs/view/4474910698 , ,li-4474910698,fulltime,,,,,,False,mid-senior level,,,,Software Development,https://nl.linkedin.com/company/jobster-com,,,,,,,,,,,
linkedin,Projektleiter HKLS (m/w/d) - Jobbird.com,Jobster,"Stuttgart, Baden-Württemberg, Germany",2026-10-06,https://www.linkedin.com/jobs/view/4474937506 , ,li-4474937506,fulltime,,,,,,False,mid-senior level,,,,Software Development,https://nl.linkedin.com/company/jobster-com,,,,,,,,,,,
linkedin,Projektleiter HKLS (m/w/d) - Jobbird.com,Jobster,"Munich, Bavaria, Germany",2026-10-06,https://www.linkedin.com/jobs/view/4474942260 , ,li-4474942260,fulltime,,,,,,False,mid-senior level,,,,Software Development,https://nl.linkedin.com/company/jobster-com,,,,,,,,,,,
linkedin,Projektleitung (w/m/d) Elektrotechnik,Actemium Deutschland,"Spremberg, Brandenburg, Germany",2026-10-06,https://www.linkedin.com/jobs/view/4474056671 , ,li-4474056671,fulltime,,,,,,False,executive,,,,"Appliances, Electrical, and Electronics Manufacturing",https://www.linkedin.com/company/actemium-deutschland,,,,,,,,,,,
linkedin,Senior IT-Projektleiter (m/w/d),BWI GmbH,"Berlin, Berlin, Germany",2026-10-06,https://www.linkedin.com/jobs/view/4476389091 , ,li-4476389091,fulltime,,,,,,False,mid-senior level,,,,IT Services and IT Consulting,https://de.linkedin.com/company/bwi-gmbh,,,,,,,,,,,
linkedin,Project Manager for innovative MEMS sensors (f/m/div.),Bosch Sensortec GmbH,"Munich, Bavaria, Germany",2026-10-06,https://www.linkedin.com/jobs/view/4474049956 , ,li-4474049956,fulltime,,,,,,False,associate,,,,Semiconductor Manufacturing and Computers and Electronics Manufacturing,https://de.linkedin.com/company/bosch-sensortec,,,,,,,,,,,
linkedin,Projektleiter / GU-Projektleiter Innenausbau & TGA (m/w/d),Renz Solutions GmbH,"Aidlingen, Baden-Württemberg, Germany",2026-10-06,https://www.linkedin.com/jobs/view/4465802120 , ,li-4465802120,fulltime,,,,,,False,associate,,,thomas.bahlo@renz-systeme.de,"Construction, Building Construction, and Architecture and Planning",https://de.linkedin.com/company/renz-solutions-gmbh,,,,,,,,,,,
linkedin,Projektleiter/-in Elektrotechnik (m/w/d),ITA engineering GmbH,"Munich, Bavaria, Germany",2026-10-06,https://www.linkedin.com/jobs/view/4476307365 , ,li-4476307365,fulltime,,,,,,False,mid-senior level,,,,"Architecture and Planning, Civil Engineering, and Industrial Machinery Manufacturing",https://de.linkedin.com/company/ita-engineering-gmbh,,,,,,,,,,,
linkedin,Projektleiter:in TGA,Gottlob Rommel Gruppe,"Stuttgart, Baden-Württemberg, Germany",2026-10-06,https://www.linkedin.com/jobs/view/4453698856 , ,li-4453698856,fulltime,,,,,,False,associate,,,,Construction,https://de.linkedin.com/company/gottlob-rommel-gmbh-&-co-kg,,,,,,,,,,,
linkedin,Projektleiter (m/w/d) - unbemannte Landsysteme,KNDS Deutschland,"Munich, Bavaria, Germany",2026-10-06,https://www.linkedin.com/jobs/view/4475591248 , ,li-4475591248,fulltime,,,,,,False,mid-senior level,,,,Defense and Space Manufacturing,https://de.linkedin.com/company/knds-deutschland,,,,,,,,,,,
linkedin,Project Manager (m/w/d),shyftplan,"Berlin, Berlin, Germany",2026-10-06,https://www.linkedin.com/jobs/view/4474038534 , ,li-4474038534,fulltime,,,,,,False,associate,,,,Software Development,https://de.linkedin.com/company/shyftplan,,,,,,,,,,,
linkedin,Projektleiter (m/w/d) Filialbau,BLUME2000 SE,"Stuttgart, Baden-Württemberg, Germany",2026-10-06,https://www.linkedin.com/jobs/view/4447131841 , ,li-4447131841,fulltime,,,,,,False,entry level,,,,Retail,https://de.linkedin.com/company/blume2000-se,,,,,,,,,,,
linkedin,Projektleiter (m/w/d) Hochbau,YER Deutschland,"Stuttgart, Baden-Württemberg, Germany",2026-10-06,https://www.linkedin.com/jobs/view/4474078030 , ,li-4474078030,fulltime,,,,,,False,entry level,,,,"Transportation, Logistics, Supply Chain and Storage",https://de.linkedin.com/company/yerdeutschland,,,,,,,,,,,
linkedin,Projektleiter (m/w/d) – Digitale B2B-Cloud-Services,Teoresi Group,Greater Munich Metropolitan Area,2026-10-06,https://www.linkedin.com/jobs/view/4474024801 , ,li-4474024801,fulltime,,,,,,False,associate,,,,Engineering Services,https://it.linkedin.com/company/teoresigroup,,,,,,,,,,,
linkedin,Projektleiter - Lufthansa Technik AG  (m/w/d),SCOPE Engineering GmbH,"Hamburg, Hamburg, Germany",2026-10-06,https://www.linkedin.com/jobs/view/4474659806 , ,li-4474659806,fulltime,,,,,,False,entry level,,,temp@scope-engineering.de,Warehousing and Storage,https://de.linkedin.com/company/scope-engineering-gmbh,,,,,,,,,,,
linkedin,Electrical Project Manager,King & Moffatt Building Services,"Frankfurt am Main, Hesse, Germany",2026-10-06,https://www.linkedin.com/jobs/view/4476158876 , ,li-4476158876,fulltime,,,,,,False,mid-senior level,,,,Construction,https://ie.linkedin.com/company/king-and-moffatt-group,,,,,,,,,,,
linkedin,Projektmanager/-in (m/w/d) - mit Autohauserfahrung,MSX International,"Munich, Bavaria, Germany",2026-10-06,https://www.linkedin.com/jobs/view/4458223856 , ,li-4458223856,fulltime,,,,,,False,mid-senior level,,,,Business Consulting and Services,https://www.linkedin.com/company/msx-international,,,,,,,,,,,
linkedin,Senior Project Manager - Telematikinfrastruktur & Identitätslösungen (m/w/d),D-Trust,"Berlin, Germany",2026-10-06,https://www.linkedin.com/jobs/view/4439078578 , ,li-4439078578,fulltime,,,,,,False,mid-senior level,,,,IT Services and IT Consulting,https://www.linkedin.com/company/d-trust,,,,,,,,,,,
linkedin,Projektleitung HKLS (m/w/x),Sweco,"Hamburg, Hamburg, Germany",2026-10-06,https://www.linkedin.com/jobs/view/4379409226 , ,li-4379409226,fulltime,,,,,,False,director,,,,Professional Services,https://se.linkedin.com/company/sweco,,,,,,,,,,,
linkedin,Projektleiter Elektrotechnik (m/w/d) München - Jobbird.com,Jobster,"Munich, Bavaria, Germany",2026-10-06,https://www.linkedin.com/jobs/view/4474919737 , ,li-4474919737,fulltime,,,,,,False,mid-senior level,,,,Software Development,https://nl.linkedin.com/company/jobster-com,,,,,,,,,,,
linkedin,Project Manager (m/w/d) - Jobbird.com,Jobster,"Berlin, Berlin, Germany",2026-10-06,https://www.linkedin.com/jobs/view/4474948073 , ,li-4474948073,fulltime,,,,,,False,mid-senior level,,,,IT Services and IT Consulting,https://nl.linkedin.com/company/jobster-com,,,,,,,,,,,
linkedin,Projektleiter Starkstrom / Elektrotechnik m/w/d,SPIE Lück GmbH,Greater Koblenz Area,2026-10-06,https://www.linkedin.com/jobs/view/4474094971 , ,li-4474094971,fulltime,,,,,,False,mid-senior level,,,,Construction,https://www.linkedin.com/company/spie-l%C3%BCck-gmbh,,,,,,,,,,,
linkedin,Projektleiter Lüftung (m/w/d) Essen - Jobbird.com,Jobster,"Essen, North Rhine-Westphalia, Germany",2026-10-06,https://www.linkedin.com/jobs/view/4474925393 , ,li-4474925393,fulltime,,,,,,False,mid-senior level,,,,Software Development,https://nl.linkedin.com/company/jobster-com,,,,,,,,,,,
linkedin,Projektleiter Elektrotechnik (m/w/d),Volker Schulte Elektrotechnik GmbH,"Castrop-Rauxel, North Rhine-Westphalia, Germany",2026-10-06,https://www.linkedin.com/jobs/view/4474072061 , ,li-4474072061,fulltime,,,,,,False,entry level,,,,Construction,https://de.linkedin.com/company/schulte-nrw,,,,,,,,,,,
linkedin,Projektleiter Gebäudeautomation München (m/w/d) - Jobbird.com,Jobster,"Munich, Bavaria, Germany",2026-10-06,https://www.linkedin.com/jobs/view/4474943058 , ,li-4474943058,fulltime,,,,,,False,mid-senior level,,,,Software Development,https://nl.linkedin.com/company/jobster-com,,,,,,,,,,,
linkedin,Projektleiter Versorgungstechnik (m/w/d) - Jobbird.com,Jobster,"Duisburg, North Rhine-Westphalia, Germany",2026-10-06,https://www.linkedin.com/jobs/view/4474923412 , ,li-4474923412,fulltime,,,,,,False,mid-senior level,,,,Software Development,https://nl.linkedin.com/company/jobster-com,,,,,,,,,,,
linkedin,Projektleiter Elektrotechnik (m/w/d) - Jobbird.com,Jobster,"Stuttgart, Baden-Württemberg, Germany",2026-10-06,https://www.linkedin.com/jobs/view/4474936325 , ,li-4474936325,fulltime,,,,,,False,mid-senior level,,,,Software Development,https://nl.linkedin.com/company/jobster-com,,,,,,,,,,,
linkedin,Projektleiter TGA Berlin (m/w/d) - Jobbird.com,Jobster,"Berlin, Berlin, Germany",2026-10-06,https://www.linkedin.com/jobs/view/4474917421 , ,li-4474917421,fulltime,,,,,,False,mid-senior level,,,,Software Development,https://nl.linkedin.com/company/jobster-com,,,,,,,,,,,
linkedin,Projektleiter Elektrotechnik (m/w/d) - Jobbird.com,Jobster,"Göppingen, Baden-Württemberg, Germany",2026-10-06,https://www.linkedin.com/jobs/view/4474921877 , ,li-4474921877,fulltime,,,,,,False,mid-senior level,,,,Software Development,https://nl.linkedin.com/company/jobster-com,,,,,,,,,,,
linkedin,Technische Projektleitung – Ferngesteuerte Waffenstationen (m/w/d),Rheinmetall,"Bremen, Bremen, Germany",2026-10-06,https://www.linkedin.com/jobs/view/4445881503 , ,li-4445881503,fulltime,,,,,,False,mid-senior level,,,,Defense and Space Manufacturing,https://de.linkedin.com/company/rheinmetall,,,,,,,,,,,
linkedin,Technischer Projektleiter - Missionssysteme für Gefechtsfahrzeuge (m/w/d),Rheinmetall,"Bremen, Bremen, Germany",2026-10-06,https://www.linkedin.com/jobs/view/4445866621 , ,li-4445866621,fulltime,,,,,,False,mid-senior level,,,,Defense and Space Manufacturing,https://de.linkedin.com/company/rheinmetall,,,,,,,,,,,
linkedin,Projektleiter Sprinkler- und Brandschutztechnik (m/w/d) Essen - Jobbird.com,Jobster,"Essen, North Rhine-Westphalia, Germany",2026-10-06,https://www.linkedin.com/jobs/view/4474939132 , ,li-4474939132,fulltime,,,,,,False,entry level,,,,Software Development,https://nl.linkedin.com/company/jobster-com,,,,,,,,,,,
linkedin,Projektleiter (w/m/d) Brandschutztechnik in Berlin - Jobbird.com,Jobster,"Berlin, Berlin, Germany",2026-10-06,https://www.linkedin.com/jobs/view/4474925352 , ,li-4474925352,fulltime,,,,,,False,mid-senior level,,,,Software Development,https://nl.linkedin.com/company/jobster-com,,,,,,,,,,,
linkedin,Projektmanager - Baumanagement (m/w/d),Apleona Wolfferts GmbH,"Berlin, Berlin, Germany",2026-10-05,https://www.linkedin.com/jobs/view/4476168129 , ,li-4476168129,fulltime,direct_data,yearly,69780.0,85286.0,EUR,False,mid-senior level,,,,Mechanical Or Industrial Engineering,https://de.linkedin.com/company/apleona-wolfferts-gmbh,,,,,,,,,,,
linkedin,Projektmanager - Startplattformen für Lenkflugkörper (m/w/d),Rheinmetall,"Bremen, Bremen, Germany",2026-10-05,https://www.linkedin.com/jobs/view/4445835685 , ,li-4445835685,fulltime,,,,,,False,mid-senior level,,,,Defense and Space Manufacturing,https://de.linkedin.com/company/rheinmetall,,,,,,,,,,,
linkedin,Projektmanager (m/w/d) Bauwesen,Carpus+Partner AG,"Cologne, North Rhine-Westphalia, Germany",2026-10-05,https://www.linkedin.com/jobs/view/4296420965 , ,li-4296420965,fulltime,,,,,,False,mid-senior level,,,karriere@carpus.de,Architecture and Planning,https://de.linkedin.com/company/carpus-partner-ag,,,,,,,,,,,
linkedin,"Senior Project Manager, Professional Services (German Speaking)",Rubrik,"Munich, Bavaria, Germany",2026-10-05,https://www.linkedin.com/jobs/view/4475557744 , ,li-4475557744,fulltime,,,,,,False,mid-senior level,,,hr@rubrik.com,Software Development,https://www.linkedin.com/company/rubrik-inc,,,,,,,,,,,
linkedin,Projektsteuerer / Projektmanager (m/w/d) im Bereich Verkehrsinfrastruktur (711),Vössing Ingenieurgesellschaft mbH,"Duisburg, North Rhine-Westphalia, Germany",2026-10-05,https://www.linkedin.com/jobs/view/4475526926 , ,li-4475526926,fulltime,,,,,,False,associate,,,,Engineering Services,https://de.linkedin.com/company/voessing,,,,,,,,,,,
linkedin,Technischer Projektleiter Software (m/w/d),KNDS Deutschland,"Constance, Baden-Württemberg, Germany",2026-10-05,https://www.linkedin.com/jobs/view/4475589301 , ,li-4475589301,fulltime,,,,,,False,mid-senior level,,,,Defense and Space Manufacturing,https://de.linkedin.com/company/knds-deutschland,,,,,,,,,,,
linkedin,Projektmanager:in,FidCap Gruppe München (est. 2012),"Munich, Bavaria, Germany",2026-10-05,https://www.linkedin.com/jobs/view/4473637664 , ,li-4473637664,fulltime,,,,,,False,mid-senior level,,,jobs@FidCap.com,"Construction, Real Estate and Equipment Rental Services, and Architecture and Planning",https://de.linkedin.com/company/fidcap,,,,,,,,,,,
linkedin,Gesamtprojektleiter:in Infrastruktur,Deutsche Bahn,"Leipzig, Saxony, Germany",2026-10-05,https://www.linkedin.com/jobs/view/4375107544 , ,li-4375107544,fulltime,,,,,,False,director,,,,Truck Transportation,https://de.linkedin.com/company/deutschebahn,,,,,,,,,,,
linkedin,JUNIOR PROJECT MANAGER:IN RAUSGEGANGEN EVENTS (m/w/d),Rausgegangen,"Cologne, North Rhine-Westphalia, Germany",2026-10-05,https://www.linkedin.com/jobs/view/4473622068 , ,li-4473622068,fulltime,,,,,,False,entry level,,,,Software Development,https://de.linkedin.com/company/rausgegangen,,,,,,,,,,,
linkedin,Senior Clinical Project Manager (m/w/d),GBG Forschungs GmbH,"Neu-Isenburg, Hesse, Germany",2026-10-05,https://www.linkedin.com/jobs/view/4476108078 , ,li-4476108078,fulltime,,,,,,False,mid-senior level,,,,Research Services,https://de.linkedin.com/company/gbg-forschungs-gmbh,,,,,,,,,,,
linkedin,Senior Large IT Project Manager (m/w/d),HEADMATCH,"Berlin, Germany",2026-10-05,https://www.linkedin.com/jobs/view/4474258426 , ,li-4474258426,fulltime,,,,,,False,associate,,,,IT System Custom Software Development and IT Services and IT Consulting,https://de.linkedin.com/company/headmatch,,,,,,,,,,,
linkedin,Senior Project Manager Sales Operations CRM & CPQ (m/w/d),Rocken®,"Munich, Bavaria, Germany",2026-10-05,https://www.linkedin.com/jobs/view/4474601823 , ,li-4474601823,fulltime,direct_data,yearly,90000.0,95000.0,EUR,False,mid-senior level,,,,Internet Publishing,https://ch.linkedin.com/company/rockenjobs,,,,,,,,,,,
linkedin,Projektleitung (m/w/d) technischer Brandschutz,WAGNER Group GmbH,"Mülheim an der Ruhr, North Rhine-Westphalia, Germany",2026-10-05,https://www.linkedin.com/jobs/view/4473622476 , ,li-4473622476,fulltime,,,,,,False,mid-senior level,,,,Public Safety,https://de.linkedin.com/company/wagner-group-gmbh,,,,,,,,,,,
linkedin,Technischer Projektleiter Raketenartillerie (m/w/d),KNDS Deutschland,"Kassel, Hesse, Germany",2026-10-05,https://www.linkedin.com/jobs/view/4475581717 , ,li-4475581717,fulltime,,,,,,False,mid-senior level,,,,Defense and Space Manufacturing,https://de.linkedin.com/company/knds-deutschland,,,,,,,,,,,
linkedin,"Product Owner für Workflowmanagement (all genders) Düsseldorf, Hamburg, Kiel",Provinzial Konzern,"Kiel, Schleswig-Holstein, Germany",2026-10-05,https://www.linkedin.com/jobs/view/4475854095 , ,li-4475854095,fulltime,,,,,,False,entry level,,,karriere@provinzial.com,Insurance,https://de.linkedin.com/company/provinzial-konzern,,,,,,,,,,,
linkedin,Product Owner (m/w/d),Actaport,"Leipzig, Saxony, Germany",2026-10-05,https://www.linkedin.com/jobs/view/4473605688 , ,li-4473605688,fulltime,,,,,,False,entry level,,,,Software Development,https://de.linkedin.com/company/actaport,,,,,,,,,,,
linkedin,Projektmanager:in AI/LLM (m/w/d),iOMEDICO,"Freiburg, Baden-Württemberg, Germany",2026-10-05,https://www.linkedin.com/jobs/view/4474178841 , ,li-4474178841,fulltime,,,,,,False,entry level,,,,Research Services,https://de.linkedin.com/company/iomedico,,,,,,,,,,,
linkedin,Technical Project Manager - BESS (m/w/d),LVI Associates,"Munich, Bavaria, Germany",2026-10-05,https://www.linkedin.com/jobs/view/4475805710 , ,li-4475805710,fulltime,,,,,,False,not applicable,,,,Renewable Energy Power Generation,https://uk.linkedin.com/company/lviassociates,,,,,,,,,,,
linkedin,Business Manager - Product & Commercial,Jobgether,Germany,2026-10-05,https://www.linkedin.com/jobs/view/4474216962 , ,li-4474216962,fulltime,,,,,,False,mid-senior level,,,,Internet Marketplace Platforms,https://be.linkedin.com/company/jobgether,,,,,,,,,,,
linkedin,Projektmanager In Vivo im Großraum Berlin (w/m/d),Siemens Healthineers,"Berlin, Berlin, Germany",2026-10-05,https://www.linkedin.com/jobs/view/4473655634 , ,li-4473655634,fulltime,,,,,,False,mid-senior level,,,,Hospitals and Health Care,https://de.linkedin.com/company/siemens-healthineers,,,,,,,,,,,
linkedin,"Projektmanager:in (m,w,d)",TEKsystems,"Erfurt, Thuringia, Germany",2026-10-05,https://www.linkedin.com/jobs/view/4475547529 , ,li-4475547529,fulltime,,,,,,False,associate,,,,Robotics Engineering and Automation Machinery Manufacturing,https://www.linkedin.com/company/teksystems,,,,,,,,,,,
linkedin,Senior Data & AI Projektleitung - Schwerpunkt Defense (m/w/d),[at] Group,"Munich, Bavaria, Germany",2026-10-05,https://www.linkedin.com/jobs/view/4474271559 , ,li-4474271559,fulltime,,,,,,False,associate,,,,Software Development,https://de.linkedin.com/company/alexander-thamm-gmbh,,,,,,,,,,,
linkedin,R&D Project Manager (m/w/d),Vantive,"Hechingen, Baden-Württemberg, Germany",2026-10-05,https://www.linkedin.com/jobs/view/4474648323 , ,li-4474648323,fulltime,,,,,,False,mid-senior level,,,,Medical Equipment Manufacturing,https://www.linkedin.com/company/vantivehealth,,,,,,,,,,,
linkedin,IT-Projektleiter Klassisch / Agil (m/w/d),blu Professionals,"Munich, Bavaria, Germany",2026-10-05,https://www.linkedin.com/jobs/view/4475583155 , ,li-4475583155,fulltime,,,,,,False,mid-senior level,,,,Business Consulting and Services,https://de.linkedin.com/company/blu-professionals,,,,,,,,,,,
linkedin,Teamleiter*in Öffentliche Erschließung Schwerpunkt Planung (w/m/d),Berlin TXL Management GmbH,"Berlin, Berlin, Germany",2026-10-05,https://www.linkedin.com/jobs/view/4474292888 , ,li-4474292888,fulltime,direct_data,yearly,79785.0,92704.0,EUR,False,associate,,,,Real Estate and Equipment Rental Services,https://de.linkedin.com/company/berlin-txl-management-gmbh,,,,,,,,,,,
linkedin,Lead Consultant Dynamics 365,Tenth Revolution Group,"Düsseldorf, North Rhine-Westphalia, Germany",2026-10-05,https://www.linkedin.com/jobs/view/4473610959 , ,li-4473610959,fulltime,,,,,,False,mid-senior level,,,,IT Services and IT Consulting,https://uk.linkedin.com/company/tenthrevolution,,,,,,,,,,,
linkedin,Technischer Projektleiter TLB (m/w/d) Standort Wedel,STAR Specialists,"Schleswig-Holstein, Germany",2026-10-05,https://www.linkedin.com/jobs/view/4474604055 , ,li-4474604055,fulltime,,,,,,False,mid-senior level,,,,"Engineering Services, Construction, and Renewable Energy Power Generation",https://nl.linkedin.com/company/starspecialists,,,,,,,,,,,
linkedin,Meister / Techniker als Projektleiter Energieanlagentechnik (m/w/d),SPIE ICS – SPIE Information & Communication Services GmbH,"Waldbröl, North Rhine-Westphalia, Germany",2026-10-05,https://www.linkedin.com/jobs/view/4475588930 , ,li-4475588930,fulltime,,,,,,False,mid-senior level,,,,IT Services and IT Consulting,https://de.linkedin.com/company/spie-ics-germany,,,,,,,,,,,
linkedin,Projektleiter (m/w/d) Schlüsselfertigbau,GOLDBECK,"Freiburg, Baden-Württemberg, Germany",2026-10-05,https://www.linkedin.com/jobs/view/4474601043 , ,li-4474601043,fulltime,,,,,,False,associate,,,,"Architecture and Planning, Real Estate, and Construction",https://de.linkedin.com/company/goldbeck,,,,,,,,,,,
linkedin,Projektleitung Logistik (w/m/d),HENSOLDT,"Cologne, North Rhine-Westphalia, Germany",2026-10-05,https://www.linkedin.com/jobs/view/4474559388 , ,li-4474559388,fulltime,,,,,,False,mid-senior level,,,jobs@hensoldt.net,Defense and Space Manufacturing,https://de.linkedin.com/company/hensoldt,,,,,,,,,,,
linkedin,Project Manager (Bilingual French and English),Gallup,"Berlin, Berlin, Germany",2026-10-05,https://www.linkedin.com/jobs/view/4435647816 , ,li-4435647816,fulltime,,,,,,False,not applicable,,,,Software Development,https://www.linkedin.com/company/gallup,,,,,,,,,,,
linkedin,Senior Projektleiter (m/w/d) Infrastrukturprojekte,Stadtwerke Potsdam GmbH,"Potsdam, Brandenburg, Germany",2026-10-05,https://www.linkedin.com/jobs/view/4475552670 , ,li-4475552670,fulltime,direct_data,yearly,90000.0,100000.0,EUR,False,mid-senior level,,,,"Electric Power Transmission, Control, and Distribution",https://de.linkedin.com/company/stadtwerke-potsdam,,,,,,,,,,,
linkedin,Projektleiter (m/w/d) für IT / Softwareprojekte,Artschwager & Kohl Software GmbH,"Herzogenaurach, Bavaria, Germany",2026-10-05,https://www.linkedin.com/jobs/view/4473628618 , ,li-4473628618,fulltime,,,,,,False,director,,,,Software Development,https://de.linkedin.com/company/artschwager-kohl,,,,,,,,,,,
linkedin,Projektleiter/-in Versorgungstechnik (m/w/d),ITA engineering GmbH,"Munich, Bavaria, Germany",2026-10-05,https://www.linkedin.com/jobs/view/4475848904 , ,li-4475848904,fulltime,,,,,,False,mid-senior level,,,,"Architecture and Planning, Civil Engineering, and Industrial Machinery Manufacturing",https://de.linkedin.com/company/ita-engineering-gmbh,,,,,,,,,,,
linkedin,Projektleiter (m/w/d),KNDS Deutschland,"Kassel, Hesse, Germany",2026-10-05,https://www.linkedin.com/jobs/view/4475579842 , ,li-4475579842,fulltime,,,,,,False,mid-senior level,,,,Defense and Space Manufacturing,https://de.linkedin.com/company/knds-deutschland,,,,,,,,,,,
linkedin,Senior Project Manager (m/f/d),Franka Robotics,"Munich, Bavaria, Germany",2026-10-05,https://www.linkedin.com/jobs/view/4475815058 , ,li-4475815058,fulltime,,,,,,False,associate,,,,Robotics Engineering and Robot Manufacturing,https://de.linkedin.com/company/frankarobotics,,,,,,,,,,,
linkedin,Technischer Projektmanager (m/w/d) für PV-Parks und BESS,Stern Energy,"Halle, Saxony-Anhalt, Germany",2026-10-05,https://www.linkedin.com/jobs/view/4464335824 , ,li-4464335824,fulltime,,,,,,False,associate,,,careers@stern-energy.com,Renewable Energy Semiconductor Manufacturing,https://it.linkedin.com/company/stern-energy,,,,,,,,,,,
linkedin,Projektleiter SPECTUS (w/m/d),HENSOLDT,"Wetzlar, Hesse, Germany",2026-10-05,https://www.linkedin.com/jobs/view/4472645774 , ,li-4472645774,fulltime,,,,,,False,mid-senior level,,,jobs@hensoldt.net,Defense and Space Manufacturing,https://de.linkedin.com/company/hensoldt,,,,,,,,,,,
linkedin,Project Manager,AKQA,"Berlin, Berlin, Germany",2026-10-05,https://www.linkedin.com/jobs/view/4448102667 , ,li-4448102667,fulltime,,,,,,False,mid-senior level,,,,Design Services,https://uk.linkedin.com/company/akqa,,,,,,,,,,,
linkedin,Projektmanager:in,DLR Quantum Computing Initiative,"Ulm, Baden-Württemberg, Germany",2026-10-05,https://www.linkedin.com/jobs/view/4475558187 , ,li-4475558187,fulltime,,,,,,False,associate,,,,"Research Services, Space Research and Technology, and Technology, Information and Media",https://de.linkedin.com/company/dlr-qci,,,,,,,,,,,
linkedin,Projektleitung (m/w/d) Durchführung von schlüsselfertigen Bauprojekten,ZÜBLIN,"Frankfurt am Main, Hesse, Germany",2026-10-05,https://www.linkedin.com/jobs/view/4473684451 , ,li-4473684451,fulltime,,,,,,False,director,,,,Construction,https://de.linkedin.com/company/zueblin,,,,,,,,,,,
linkedin,Projektleiter Wärmepumpen (m/w/d),SMARTANA GmbH,"Falkensee, Brandenburg, Germany",2026-10-05,https://www.linkedin.com/jobs/view/4473691583 , ,li-4473691583,fulltime,direct_data,yearly,60000.0,60000.0,EUR,False,associate,,,,Utilities,https://de.linkedin.com/company/smartana-gmbh,,,,,,,,,,,
linkedin,Project Manager (m/w/d) Manufacturing,Danfoss,"Frickenhausen, Baden-Württemberg, Germany",2026-10-05,https://www.linkedin.com/jobs/view/4467222204 , ,li-4467222204,fulltime,,,,,,False,entry level,,,,Industrial Machinery Manufacturing,https://dk.linkedin.com/company/danfoss,,,,,,,,,,,
linkedin,Projektleiter Elementbau/Holzbau (m/w/d),Knauf Deutschland,"Neuruppin, Brandenburg, Germany",2026-10-05,https://www.linkedin.com/jobs/view/4474288908 , ,li-4474288908,fulltime,,,,,,False,mid-senior level,,,,Building Materials and Construction,https://de.linkedin.com/company/knauf-deutschland,,,,,,,,,,,
linkedin,Projektmanager (m/w/d) für Bauprojekte in der Infrastruktur,KB,"Stuttgart, Baden-Württemberg, Germany",2026-10-05,https://www.linkedin.com/jobs/view/4473607795 , ,li-4473607795,fulltime,,,,,,False,associate,,,,Industrial Machinery Manufacturing,https://de.linkedin.com/company/konstruktionsgruppe-bauen-ag,,,,,,,,,,,
linkedin,Project Manager for PLM & IoT System Solutions (m/f/d),CONTACT Software,"Karlsruhe, Baden-Württemberg, Germany",2026-10-05,https://www.linkedin.com/jobs/view/4360536646 , ,li-4360536646,fulltime,,,,,,False,mid-senior level,,,,Software Development,https://de.linkedin.com/company/contact-software,,,,,,,,,,,
linkedin,"Ingenieur, Techniker - Projektleiter (m/w/d)",Apleona Wolfferts GmbH,"Bremen, Bremen, Germany",2026-10-05,https://www.linkedin.com/jobs/view/4475537922 , ,li-4475537922,fulltime,direct_data,yearly,63053.0,77064.0,EUR,False,mid-senior level,,,,Electrical Equipment Manufacturing,https://de.linkedin.com/company/apleona-wolfferts-gmbh,,,,,,,,,,,
linkedin,Projektmanager Sonderaufgaben Wärmeversorgungslösungen (m/w/d),Energie und Wasser Potsdam GmbH,"Potsdam, Brandenburg, Germany",2026-10-05,https://www.linkedin.com/jobs/view/4473630243 , ,li-4473630243,fulltime,,,,,,False,mid-senior level,,,,Utilities,https://de.linkedin.com/company/energie-wasser-potsdam,,,,,,,,,,,
linkedin,Projektsteuerer / Projektmanager (m/w/d) Infrastrukturprojekte,Vössing Ingenieurgesellschaft mbH,"Duisburg, North Rhine-Westphalia, Germany",2026-10-05,https://www.linkedin.com/jobs/view/4475597212 , ,li-4475597212,fulltime,,,,,,False,entry level,,,,Architecture and Planning,https://de.linkedin.com/company/voessing,,,,,,,,,,,
linkedin,Senior Product Owner (gn) - Production Logistics,The Quality Group,"Hamburg, Germany",2026-10-05,https://www.linkedin.com/jobs/view/4422915752 , ,li-4422915752,fulltime,,,,,,False,associate,,,,Wellness and Fitness Services,https://de.linkedin.com/company/thequalitygroup,,,,,,,,,,,
linkedin,"Technical Product Owner – Projects (m/w/d), Remote (DE)",TEVEO,Germany,2026-10-05,https://www.linkedin.com/jobs/view/4475587543 , ,li-4475587543,fulltime,,,,,,True,associate,,,,Textile Manufacturing,https://de.linkedin.com/company/teveocom,,,,,,,,,,,
linkedin,Head of Cementitious Product (m/f/d),Co-reactive,"Erkrath, North Rhine-Westphalia, Germany",2026-10-05,https://www.linkedin.com/jobs/view/4473678107 , ,li-4473678107,fulltime,direct_data,yearly,70000.0,80000.0,EUR,False,mid-senior level,,,,Chemical Manufacturing,https://de.linkedin.com/company/co-reactive,,,,,,,,,,,
linkedin,"Senior Product Manager, Wealth & AI (f/m/d)",getquin,"Berlin, Berlin, Germany",2026-10-05,https://www.linkedin.com/jobs/view/4473677666 , ,li-4473677666,fulltime,,,,,,False,associate,,,,Software Development,https://de.linkedin.com/company/getquin,,,,,,,,,,,
linkedin,AI PRODUCT OWNER (M/W/D),STRAUSS,"Biebergemünd, Hesse, Germany",2026-10-05,https://www.linkedin.com/jobs/view/4389737525 , ,li-4389737525,fulltime,,,,,,False,mid-senior level,,,hr@strauss.de,Retail Apparel and Fashion,https://de.linkedin.com/company/strauss-works,,,,,,,,,,,
linkedin,Principal Product Manager - Data & AI Products,McKinsey & Company,"Düsseldorf, North Rhine-Westphalia, Germany",2026-10-05,https://www.linkedin.com/jobs/view/4475827629 , ,li-4475827629,fulltime,,,,,,False,associate,,,,IT Services and IT Consulting and Business Consulting and Services,https://www.linkedin.com/company/mckinsey,,,,,,,,,,,
linkedin,(Senior) Brand / Product Manager,Kijimea (SYNformulas GmbH),"Munich, Bavaria, Germany",2026-10-05,https://www.linkedin.com/jobs/view/4473643847 , ,li-4473643847,fulltime,,,,,,False,not applicable,,,jobs@futrue.com,Pharmaceutical Manufacturing,https://de.linkedin.com/company/synformulas,,,,,,,,,,,
linkedin,(Junior) Produktmanager (m/w/d) Cards & Payments,C24 Bank GmbH,"Frankfurt am Main, Hesse, Germany",2026-10-05,https://www.linkedin.com/jobs/view/4473675871 , ,li-4473675871,fulltime,,,,,,False,entry level,,,,Financial Services,https://de.linkedin.com/company/c24-bank,,,,,,,,,,,
linkedin,Produktmanager (m/w/d),osma,"Osnabrück, Lower Saxony, Germany",2026-10-05,https://www.linkedin.com/jobs/view/4474267638 , ,li-4474267638,fulltime,,,,,,False,associate,,,,Construction,https://de.linkedin.com/company/osma-wohnbau-aufzug,,,,,,,,,,,
linkedin,Product Manager / Requirements Engineer IT-Infrastruktur – Defence (all gender) 100,ALTEN,"Kiel, Schleswig-Holstein, Germany",2026-10-05,https://www.linkedin.com/jobs/view/4462299142 , ,li-4462299142,fulltime,,,,,,False,entry level,,,,Machinery Manufacturing and Aviation and Aerospace Component Manufacturing,https://fr.linkedin.com/company/alten,,,,,,,,,,,
linkedin,Senior Product Manager Purification,BUCHI Laboratory Equipment,"Frankfurt, Hesse, Germany",2026-10-05,https://www.linkedin.com/jobs/view/4475589865 , ,li-4475589865,fulltime,,,,,,False,mid-senior level,,,schwerdtfeger.n@buchi.com,Measuring and Control Instrument Manufacturing,https://ch.linkedin.com/company/b%C3%BCchi-labortechnik-ag,,,,,,,,,,,
linkedin,Produktmanager (m/w/d),Star Finanz,"Hamburg, Germany",2026-10-05,https://www.linkedin.com/jobs/view/4473650768 , ,li-4473650768,fulltime,,,,,,False,associate,,,,"Software Development, Banking, and IT Services and IT Consulting",https://de.linkedin.com/company/star-finanz,,,,,,,,,,,
linkedin,(Senior) Product Manager - Fiberglas (m/w/d),HELM AG,"Hamburg, Hamburg, Germany",2026-10-05,https://www.linkedin.com/jobs/view/4371169094 , ,li-4371169094,fulltime,,,,,,False,mid-senior level,,,,Chemical Manufacturing,https://de.linkedin.com/company/helmag,,,,,,,,,,,
linkedin,Senior Product Manager - B2B SaaS (m/f/x),osapiens,"Mannheim, Baden-Württemberg, Germany",2026-10-05,https://www.linkedin.com/jobs/view/4475816529 , ,li-4475816529,fulltime,,,,,,False,mid-senior level,,,,Software Development,https://de.linkedin.com/company/osapiens,,,,,,,,,,,
linkedin,IT Product Manager – Corporate Applications (all genders),BlackFin Capital Partners,"Düsseldorf, North Rhine-Westphalia, Germany",2026-10-05,https://www.linkedin.com/jobs/view/4475857647 , ,li-4475857647,fulltime,,,,,,False,mid-senior level,,,,Venture Capital and Private Equity Principals,https://fr.linkedin.com/company/blackfin-capital-partners,,,,,,,,,,,
linkedin,Produktmanager:in - Flensburg - Vollzeit,AccountOne GmbH,"Flensburg, Schleswig-Holstein, Germany",2026-10-05,https://www.linkedin.com/jobs/view/4473685548 , ,li-4473685548,fulltime,,,,,,False,entry level,,,,Accounting,https://de.linkedin.com/company/accountone-gmbh,,,,,,,,,,,
linkedin,(Senior) Produktmanager:in,iMi foodservice personalberatung GmbH,Hannover-Braunschweig-Göttingen-Wolfsburg Region,2026-10-05,https://www.linkedin.com/jobs/view/4475560019 , ,li-4475560019,fulltime,,,,,,False,associate,,,,Food and Beverage Manufacturing and Food and Beverage Retail,https://de.linkedin.com/company/imi-foodservice-personalberatung-gmbh,,,,,,,,,,,
linkedin,Produktverantwortlicher (m/w/d),HELU KABEL GmbH,"Hemmingen, Baden-Württemberg, Germany",2026-10-05,https://www.linkedin.com/jobs/view/4475571340 , ,li-4475571340,fulltime,,,,,,False,mid-senior level,,,,"Appliances, Electrical, and Electronics Manufacturing",https://www.linkedin.com/company/helu-kabel-gmbh,,,,,,,,,,,
linkedin,Product Manager Accessory Solutions (CT product Accessories and Injectors) (f/m/d),Siemens Healthineers,"Forchheim, Bavaria, Germany",2026-10-05,https://www.linkedin.com/jobs/view/4473658444 , ,li-4473658444,fulltime,,,,,,False,mid-senior level,,,,Hospitals and Health Care,https://de.linkedin.com/company/siemens-healthineers,,,,,,,,,,,
linkedin,Product Owner Traffic Domain (m/f/d),SWARCO ITS,"Berlin, Berlin, Germany",2026-10-05,https://www.linkedin.com/jobs/view/4390752063 , ,li-4390752063,fulltime,,,,,,False,mid-senior level,,,,"Paint, Coating, and Adhesive Manufacturing",https://at.linkedin.com/company/swarco-its,,,,,,,,,,,
linkedin,Produktmanager im Einkauf (m/w/d) Bereich Medical,igefa,"Ahrensfelde, Brandenburg, Germany",2026-10-05,https://www.linkedin.com/jobs/view/4475860961 , ,li-4475860961,fulltime,,,,,,False,mid-senior level,,,,Wholesale,https://de.linkedin.com/company/igefa-official,,,,,,,,,,,
linkedin,Produktmanager (m/w/d),Soldan Holding + Bonbonspezialitäten GmbH,"Adelsdorf, Bavaria, Germany",2026-10-05,https://www.linkedin.com/jobs/view/4474278519 , ,li-4474278519,fulltime,,,,,,False,mid-senior level,,,,Food and Beverage Manufacturing,https://de.linkedin.com/company/soldan-holding-bonbonspezialit%C3%A4ten-gmbh,,,,,,,,,,,
linkedin,Lead Expert (m/w/d) KI-Applikationen und Services,DIN Media GmbH,"Berlin, Berlin, Germany",2026-10-05,https://www.linkedin.com/jobs/view/4474255708 , ,li-4474255708,fulltime,,,,,,False,associate,,,,"Book and Periodical Publishing, Software Development, and Technology, Information and Media",https://de.linkedin.com/company/din-media-gmbh,,,,,,,,,,,
linkedin,Bau- und Projektleiter (m/w/d) Ostdeutschland,Dirk Rossmann GmbH,"Cottbus, Brandenburg, Germany",2026-10-05,https://www.linkedin.com/jobs/view/4467064060 , ,li-4467064060,fulltime,,,,,,False,mid-senior level,,,,Retail,https://de.linkedin.com/company/dirk-rossmann-gmbh,,,,,,,,,,,
linkedin,(Senior) Projektleiter:in Hochbau Brandschutz,Deutsche Bahn,"Nuremberg, Bavaria, Germany",2026-10-05,https://www.linkedin.com/jobs/view/4363108562 , ,li-4363108562,fulltime,,,,,,False,mid-senior level,,,,Truck Transportation,https://de.linkedin.com/company/deutschebahn,,,,,,,,,,,
linkedin,Senior Product Line Manager Sportstyle Apparel,PUMA Group,"Herzogenaurach, Bavaria, Germany",2026-10-05,https://www.linkedin.com/jobs/view/4475846526 , ,li-4475846526,fulltime,,,,,,False,mid-senior level,,,,"Sporting Goods Manufacturing, Retail, and Retail Apparel and Fashion",https://de.linkedin.com/company/puma,,,,,,,,,,,
linkedin,Product Manager (m/w/d) – tierliebhaber.de,Tierliebhaber,Germany,2026-10-05,https://www.linkedin.com/jobs/view/4473652039 , ,li-4473652039,fulltime,,,,,,False,associate,,,,Food and Beverage Services,https://de.linkedin.com/company/animagus-gmbh,,,,,,,,,,,
linkedin,Product Lead SAP Platform & Technology (w/m/d),Otto Group one.O,"Hamburg, Hamburg, Germany",2026-10-05,https://www.linkedin.com/jobs/view/4474622675 , ,li-4474622675,fulltime,,,,,,False,mid-senior level,,,jobs@og1o.de,IT Services and IT Consulting,https://de.linkedin.com/company/ottogroup-one-o,,,,,,,,,,,
linkedin,Applied AI Engineer,Revolut,"Berlin, Germany",2026-10-05,https://www.linkedin.com/jobs/view/4474604819 , ,li-4474604819,fulltime,,,,,,False,mid-senior level,,,,Financial Services,https://uk.linkedin.com/company/revolut,,,,,,,,,,,
linkedin,Product Owner (f/m/x) – Digital HR Processes & Document Services,Deutsche Bank,"Frankfurt, Hesse, Germany",2026-10-05,https://www.linkedin.com/jobs/view/4475847123 , ,li-4475847123,fulltime,,,,,,False,not applicable,,,,Financial Services,https://de.linkedin.com/company/deutsche-bank,,,,,,,,,,,
linkedin,Product Owner - Data Capture Products,NEURA Robotics,"Riederich, Baden-Württemberg, Germany",2026-10-05,https://www.linkedin.com/jobs/view/4467092761 , ,li-4467092761,fulltime,,,,,,False,director,,,,Automation Machinery Manufacturing,https://de.linkedin.com/company/neura-robotics,,,,,,,,,,,
linkedin,Senior Salesforce Product Owner,Lucanet,"Berlin, Germany",2026-10-05,https://www.linkedin.com/jobs/view/4475582284 , ,li-4475582284,fulltime,,,,,,False,mid-senior level,,,,Software Development,https://de.linkedin.com/company/lucanet-ag,,,,,,,,,,,
linkedin,Product Owner (all genders welcome) - AI-Driven Reservoir Simulation & Optimization,Rosenxt Group,"Lohne, Lower Saxony, Germany",2026-10-05,https://www.linkedin.com/jobs/view/4469489228 , ,li-4469489228,fulltime,,,,,,False,mid-senior level,,,,Engineering Services,https://ch.linkedin.com/company/rosenxt,,,,,,,,,,,
linkedin,Produktmanager IT – Client Systeme (w/m/d),Dataport AöR,Greater Hamburg Area,2026-10-05,https://www.linkedin.com/jobs/view/4473630253 , ,li-4473630253,fulltime,direct_data,monthly,4576.29,6699.97,EUR,False,associate,,,karriere@dataport.de,IT Services and IT Consulting,https://de.linkedin.com/company/dataport-a%C3%B6r,,,,,,,,,,,
linkedin,Product Lead (m/f/d),IntegrityNext,"Munich, Bavaria, Germany",2026-10-05,https://www.linkedin.com/jobs/view/4473653077 , ,li-4473653077,fulltime,,,,,,False,associate,,,,Software Development,https://de.linkedin.com/company/integritynext,,,,,,,,,,,
linkedin,Junior Product Manager - Child Safety (m/f/d),CYBEX,"Bayreuth, Bavaria, Germany",2026-10-05,https://www.linkedin.com/jobs/view/4456884253 , ,li-4456884253,fulltime,,,,,,False,entry level,,,,Manufacturing,https://de.linkedin.com/company/cybex-gmbh,,,,,,,,,,,
linkedin,Product Owner (w/m/d) Schwerpunkt Produktmanagement Depotangebot & Kundenlösungen,DekaBank,"Frankfurt am Main, Hesse, Germany",2026-10-05,https://www.linkedin.com/jobs/view/4475599965 , ,li-4475599965,fulltime,,,,,,False,mid-senior level,,,recruiting@deka.de,Banking,https://de.linkedin.com/company/dekabank,,,,,,,,,,,
linkedin,Product Manager Automation (m/w/d),HELU KABEL GmbH,"Hemmingen, Baden-Württemberg, Germany",2026-10-05,https://www.linkedin.com/jobs/view/4475564553 , ,li-4475564553,fulltime,,,,,,False,mid-senior level,,,,"Appliances, Electrical, and Electronics Manufacturing",https://www.linkedin.com/company/helu-kabel-gmbh,,,,,,,,,,,
linkedin,Product Manager (Frankfurt),Privatize,"Frankfurt, Hesse, Germany",2026-10-05,https://www.linkedin.com/jobs/view/4473685729 , ,li-4473685729,fulltime,,,,,,False,associate,,,,IT Services and IT Consulting,https://de.linkedin.com/company/privatizegroup,,,,,,,,,,,
linkedin,Produktmanager (m/w/d) im Vertrieb,WvM Immobilien + Projektentwicklung GmbH,Berlin Metropolitan Area,2026-10-05,https://www.linkedin.com/jobs/view/4475542210 , ,li-4475542210,fulltime,,,,,,False,associate,,,,Real Estate,https://de.linkedin.com/company/wvm-immobilien,,,,,,,,,,,
linkedin,Technischer Projektleiter (m/w/d),ABB,"Ratingen, North Rhine-Westphalia, Germany",2026-10-05,https://www.linkedin.com/jobs/view/4467219573 , ,li-4467219573,fulltime,,,,,,False,not applicable,,,,"Appliances, Electrical, and Electronics Manufacturing",https://ch.linkedin.com/company/abb,,,,,,,,,,,
linkedin,Product Owner - Email Security,Hornetsecurity,"Hannover, Lower Saxony, Germany",2026-10-05,https://www.linkedin.com/jobs/view/4475557731 , ,li-4475557731,fulltime,,,,,,False,associate,,,,"IT Services and IT Consulting, Computer and Network Security, and Software Development",https://de.linkedin.com/company/hornetsecurity,,,,,,,,,,,
linkedin,Projektleiter Elektro (m/w/d) – Photovoltaikanlagen,Photargo GmbH,"Karlsruhe, Baden-Württemberg, Germany",2026-10-05,https://www.linkedin.com/jobs/view/4475555230 , ,li-4475555230,fulltime,,,,,,False,mid-senior level,,,zink@photargo.de,Renewable Energy Semiconductor Manufacturing,https://de.linkedin.com/company/photargo,,,,,,,,,,,
linkedin,Project Manager (m/w/d),OMS Prüfservice GmbH,"Berlin, Berlin, Germany",2026-10-05,https://www.linkedin.com/jobs/view/4473688412 , ,li-4473688412,fulltime,,,,,,False,mid-senior level,,,,Public Safety,https://de.linkedin.com/company/oms-pruefservice-gmbh,,,,,,,,,,,
linkedin,Technischer Projektleiter (m/w/d) Elektrotechnik,Körber,"Nuremberg, Bavaria, Germany",2026-10-05,https://www.linkedin.com/jobs/view/4475836348 , ,li-4475836348,fulltime,,,,,,False,mid-senior level,,,jobs@koerber.com,Machinery Manufacturing and Industrial Machinery Manufacturing,https://de.linkedin.com/company/k%C3%B6rber,,,,,,,,,,,
linkedin,Projektleiter Schadensanierung (m/w/d),svt Group of Companies,"Kiel, Schleswig-Holstein, Germany",2026-10-05,https://www.linkedin.com/jobs/view/4420967823 , ,li-4420967823,fulltime,,,,,,False,mid-senior level,,,,Construction,https://de.linkedin.com/company/svt-group-of-companies,,,,,,,,,,,
linkedin,Teamleiter Technisches Projektmanagement (m/w/d),fair parken GmbH,"Düsseldorf, North Rhine-Westphalia, Germany",2026-10-05,https://www.linkedin.com/jobs/view/4473624570 , ,li-4473624570,fulltime,,,,,,False,mid-senior level,,,,IT Services and IT Consulting,https://de.linkedin.com/company/fairparken,,,,,,,,,,,
linkedin,Projektleiter (m/w/d) im Bereich Verkehrsanlagen (738),Vössing Ingenieurgesellschaft mbH,"Frankfurt am Main, Hesse, Germany",2026-10-05,https://www.linkedin.com/jobs/view/4475533674 , ,li-4475533674,fulltime,,,,,,False,associate,,,,Engineering Services,https://de.linkedin.com/company/voessing,,,,,,,,,,,
linkedin,PROJEKTLEITER (m/w/d) SCHLÜSSELFERTIGBAU,BREMER AG,"Potsdam, Brandenburg, Germany",2026-10-05,https://www.linkedin.com/jobs/view/4263728037 , ,li-4263728037,fulltime,,,,,,False,mid-senior level,,,,Construction,https://de.linkedin.com/company/bremer-se,,,,,,,,,,,
linkedin,Product Manager (m/f/d),IntegrityNext,"Munich, Bavaria, Germany",2026-10-05,https://www.linkedin.com/jobs/view/4473645487 , ,li-4473645487,fulltime,,,,,,False,associate,,,,Software Development,https://de.linkedin.com/company/integritynext,,,,,,,,,,,
linkedin,Technischer Projektleiter (m/w/d) Elektrotechnik,Körber Supply Chain,"Nuremberg, Bavaria, Germany",2026-10-05,https://www.linkedin.com/jobs/view/4475826900 , ,li-4475826900,fulltime,,,,,,False,mid-senior level,,,jobs@koerber.com,Machinery Manufacturing and Industrial Machinery Manufacturing,https://de.linkedin.com/company/koerber-supply-chain,,,,,,,,,,,
linkedin,Projektleiter (m/w/d) Konstruktiver Ingenieurbau,SSF Ingenieure AG,"Hamburg, Hamburg, Germany",2026-10-05,https://www.linkedin.com/jobs/view/3985112832 , ,li-3985112832,fulltime,,,,,,False,associate,,,,"Engineering Services, Construction, and Highway, Street, and Bridge Construction",https://de.linkedin.com/company/ssf-ingenieure-ag,,,,,,,,,,,
linkedin,Projektleiter (m/w/d) Hochbau,GOLDBECK,"Brunswick, Lower Saxony, Germany",2026-10-05,https://www.linkedin.com/jobs/view/4474601021 , ,li-4474601021,fulltime,,,,,,False,associate,,,,"Architecture and Planning, Real Estate, and Construction",https://de.linkedin.com/company/goldbeck,,,,,,,,,,,
linkedin,PROJEKTLEITER (m/w/d) SCHLÜSSELFERTIGBAU,BREMER AG,"Leipzig, Saxony, Germany",2026-10-05,https://www.linkedin.com/jobs/view/3794022386 , ,li-3794022386,fulltime,,,,,,False,mid-senior level,,,,Construction,https://de.linkedin.com/company/bremer-se,,,,,,,,,,,
linkedin,Technischer Projektleiter Produktentwicklung (all gender) 100,ALTEN,"Kiel, Schleswig-Holstein, Germany",2026-10-05,https://www.linkedin.com/jobs/view/4462284201 , ,li-4462284201,fulltime,,,,,,False,entry level,,,,Machinery Manufacturing and Aviation and Aerospace Component Manufacturing,https://fr.linkedin.com/company/alten,,,,,,,,,,,
linkedin,Technischer Projektleiter Elektrotechnik (all gender) 100,ALTEN,"Hannover, Lower Saxony, Germany",2026-10-05,https://www.linkedin.com/jobs/view/4463447369 , ,li-4463447369,fulltime,,,,,,False,associate,,,,Machinery Manufacturing and Aviation and Aerospace Component Manufacturing,https://fr.linkedin.com/company/alten,,,,,,,,,,,
linkedin,Technischer Projektleiter AGM (m/w/d),KNDS Deutschland,"Kassel, Hesse, Germany",2026-10-05,https://www.linkedin.com/jobs/view/4475584597 , ,li-4475584597,fulltime,,,,,,False,mid-senior level,,,,Defense and Space Manufacturing,https://de.linkedin.com/company/knds-deutschland,,,,,,,,,,,
linkedin,"Senior Product Manager, Technical (m/f/d)",Affinidi,"Berlin, Berlin, Germany",2026-10-05,https://www.linkedin.com/jobs/view/4474285446 , ,li-4474285446,fulltime,,,,,,False,mid-senior level,,,,Software Development,https://sg.linkedin.com/company/affinidi,,,,,,,,,,,
linkedin,Senior Technical Product Manager,Trade Republic,"Berlin, Germany",2026-10-05,https://www.linkedin.com/jobs/view/4474607451 , ,li-4474607451,fulltime,,,,,,False,mid-senior level,,,,"Technology, Information and Internet",https://de.linkedin.com/company/trade-republic,,,,,,,,,,,
linkedin,Global Product Manager Digital Products – Connectivity & Ecosystem Interoperability (m/f/d),Fresenius Medical Care,"Berlin, Berlin, Germany",2026-10-05,https://www.linkedin.com/jobs/view/4419480774 , ,li-4419480774,fulltime,,,,,,False,mid-senior level,,,,Hospitals and Health Care,https://de.linkedin.com/company/freseniusmedicalcare,,,,,,,,,,,
linkedin,Product Manager - Carbon Management (m/f/x),osapiens,"Munich, Bavaria, Germany",2026-10-05,https://www.linkedin.com/jobs/view/4475815597 , ,li-4475815597,fulltime,,,,,,False,mid-senior level,,,,Software Development,https://de.linkedin.com/company/osapiens,,,,,,,,,,,
linkedin,(Senior) Projektleiter (w/m/d) Realisierung Bahninfrastruktur,Drees & Sommer,"Hamburg, Hamburg, Germany",2026-10-05,https://www.linkedin.com/jobs/view/4473646952 , ,li-4473646952,fulltime,,,,,,False,associate,,,,Real Estate,https://de.linkedin.com/company/drees-&-sommer,,,,,,,,,,,
linkedin,Staff Product Manager,Databricks,"Berlin, Berlin, Germany",2026-10-05,https://www.linkedin.com/jobs/view/4297745071 , ,li-4297745071,fulltime,,,,,,False,mid-senior level,,,,Software Development,https://www.linkedin.com/company/databricks,,,,,,,,,,,
linkedin,Senior Product Manager - B2B SaaS (m/f/x),osapiens,"Munich, Bavaria, Germany",2026-10-05,https://www.linkedin.com/jobs/view/4475812751 , ,li-4475812751,fulltime,,,,,,False,mid-senior level,,,,Software Development,https://de.linkedin.com/company/osapiens,,,,,,,,,,,
linkedin,Senior Product Manager | B2C,Kaufland e-commerce,"Berlin, Berlin, Germany",2026-10-05,https://www.linkedin.com/jobs/view/4471933319 , ,li-4471933319,fulltime,,,,,,False,mid-senior level,,,,Online and Mail Order Retail,https://de.linkedin.com/company/kauflandecommerce,,,,,,,,,,,
linkedin,Projektleiter (m/w/d) Hochbau Hamburg,Firmengruppe Max Bögl,"Hamburg, Hamburg, Germany",2026-10-04,https://www.linkedin.com/jobs/view/4377135580 , ,li-4377135580,fulltime,,,,,,False,associate,,,,Construction,https://de.linkedin.com/company/firmengruppe-max-b%C3%B6gl,,,,,,,,,,,
linkedin,Projektleiter (w/m/d) im technischen Facility Management,NEXOCRAFT,"Berlin, Berlin, Germany",2026-10-04,https://www.linkedin.com/jobs/view/4473465881 , ,li-4473465881,fulltime,,,,,,False,entry level,,,,Business Intelligence Platforms,https://de.linkedin.com/company/nexocraft,,,,,,,,,,,
linkedin,Projektleiter (m/w/d) Hochbau,Köster GmbH,"Berlin, Berlin, Germany",2026-10-04,https://www.linkedin.com/jobs/view/4473460974 , ,li-4473460974,fulltime,,,,,,False,mid-senior level,,,,Construction,https://de.linkedin.com/company/k-ster-gmbh,,,,,,,,,,,
linkedin,Projektmanager Defence (m/w/d),FERCHAU,"Kiel, Schleswig-Holstein, Germany",2026-10-04,https://www.linkedin.com/jobs/view/4438588009 , ,li-4438588009,fulltime,direct_data,yearly,65000.0,90000.0,EUR,False,mid-senior level,,,john.kaehler@ferchau.com,Engineering Services,https://de.linkedin.com/company/ferchau,,,,,,,,,,,
linkedin,Project Manager for PLM & IoT System Solutions (m/f/d),CONTACT Software,"Kaiserslautern, Rhineland-Palatinate, Germany",2026-10-04,https://www.linkedin.com/jobs/view/4359846704 , ,li-4359846704,fulltime,,,,,,False,mid-senior level,,,,Software Development,https://de.linkedin.com/company/contact-software,,,,,,,,,,,
linkedin,Project Manager for PLM & IoT System Solutions (m/f/d),CONTACT Software,"Bad Vilbel, Hesse, Germany",2026-10-04,https://www.linkedin.com/jobs/view/4361058495 , ,li-4361058495,fulltime,,,,,,False,mid-senior level,,,,Software Development,https://de.linkedin.com/company/contact-software,,,,,,,,,,,
linkedin,Project Manager for PLM & IoT System Solutions (m/f/d),CONTACT Software,"Ingolstadt, Bavaria, Germany",2026-10-04,https://www.linkedin.com/jobs/view/4359886672 , ,li-4359886672,fulltime,,,,,,False,mid-senior level,,,,Software Development,https://de.linkedin.com/company/contact-software,,,,,,,,,,,
linkedin,Projektmanager IT (m/w/d),FERCHAU,"Hamburg, Hamburg, Germany",2026-10-04,https://www.linkedin.com/jobs/view/4438565975 , ,li-4438565975,fulltime,direct_data,yearly,65000.0,85000.0,EUR,False,mid-senior level,,,ramona.pilgram@ferchau.com,Engineering Services,https://de.linkedin.com/company/ferchau,,,,,,,,,,,
linkedin,Senior SET-/Projektleiter Truck (m/w/d),CREAT GmbH,"Munich, Bavaria, Germany",2026-10-04,https://www.linkedin.com/jobs/view/4475364953 , ,li-4475364953,fulltime,,,,,,False,mid-senior level,,,,Automotive,https://de.linkedin.com/company/creat-gmbh,,,,,,,,,,,
linkedin,Projektmanager (m/w/d) - Elektrotechnik,TLD Planungsgruppe GmbH,"Taufkirchen, Bavaria, Germany",2026-10-04,https://www.linkedin.com/jobs/view/4473470692 , ,li-4473470692,fulltime,,,,,,False,director,,,,Architecture and Planning,https://de.linkedin.com/company/tld-planungsgruppe-gmbh,,,,,,,,,,,
linkedin,Product Leader - Data,Veeva Systems,Germany,2026-10-04,https://www.linkedin.com/jobs/view/4447471608 , ,li-4447471608,fulltime,,,,,,False,mid-senior level,,,_accommodations@veeva.com,"Software Development, IT Services and IT Consulting, and Pharmaceutical Manufacturing",https://www.linkedin.com/company/veeva-systems,,,,,,,,,,,
linkedin,Project Manager for PLM & IoT System Solutions (m/f/d),CONTACT Software,"Berlin, Berlin, Germany",2026-10-04,https://www.linkedin.com/jobs/view/4360575820 , ,li-4360575820,fulltime,,,,,,False,mid-senior level,,,,Software Development,https://de.linkedin.com/company/contact-software,,,,,,,,,,,
linkedin,Project Manager for PLM & IoT System Solutions (m/f/d),CONTACT Software,"Bremen, Bremen, Germany",2026-10-04,https://www.linkedin.com/jobs/view/4361023738 , ,li-4361023738,fulltime,,,,,,False,mid-senior level,,,,Software Development,https://de.linkedin.com/company/contact-software,,,,,,,,,,,
linkedin,"Product Owner Data, Analytics & AI - Tieto Indtech  (m/f/d)",Tieto,"Regensburg, Bavaria, Germany",2026-10-04,https://www.linkedin.com/jobs/view/4430479031 , ,li-4430479031,fulltime,,,,,,False,entry level,,,,"Technology, Information and Internet",https://www.linkedin.com/company/tieto,,,,,,,,,,,
linkedin,Product Lead - Platform (m/w/d),MYNE,"Berlin, Berlin, Germany",2026-10-04,https://www.linkedin.com/jobs/view/4447076515 , ,li-4447076515,fulltime,,,,,,False,mid-senior level,,,,Real Estate,https://de.linkedin.com/company/mynehomes,,,,,,,,,,,
linkedin,Senior Product Manager - Human AI Collaboration (all genders),wingmaite,Germany,2026-10-04,https://www.linkedin.com/jobs/view/4473485398 , ,li-4473485398,fulltime,,,,,,False,associate,,,,Software Development,https://de.linkedin.com/company/wingmaite,,,,,,,,,,,
linkedin,Product Owner AVEVA Platform (m/w/d),Aurubis,"Hamburg, Hamburg, Germany",2026-10-04,https://www.linkedin.com/jobs/view/4447528475 , ,li-4447528475,fulltime,,,,,,False,mid-senior level,,,,Primary Metal Manufacturing,https://de.linkedin.com/company/aurubis,,,,,,,,,,,
linkedin,Product Manager (m/f/d),MAICO Diagnostics GmbH,"Berlin, Berlin, Germany",2026-10-04,https://www.linkedin.com/jobs/view/4473473768 , ,li-4473473768,fulltime,,,,,,False,entry level,,,,Medical Equipment Manufacturing,https://de.linkedin.com/company/maico-diagnostic-gmbh,,,,,,,,,,,
linkedin,Product Lead - Portfolio Midcore Games,Voodoo,"Berlin, Berlin, Germany",2026-10-04,https://www.linkedin.com/jobs/view/4430906660 , ,li-4430906660,fulltime,,,,,,False,mid-senior level,,,,Entertainment Providers,https://fr.linkedin.com/company/voodoo.io,,,,,,,,,,,
linkedin,Produktmanager Geräteanschlusstechnik (m/w/d),METZ CONNECT GmbH,"Blumberg, Baden-Württemberg, Germany",2026-10-04,https://www.linkedin.com/jobs/view/4463197591 , ,li-4463197591,fulltime,,,,,,False,mid-senior level,,,jobs@metz-connect.com,"Appliances, Electrical, and Electronics Manufacturing",https://de.linkedin.com/company/metz-connect,,,,,,,,,,,
linkedin,Senior Product Manager Subscription,Cleverbridge,"Cologne, North Rhine-Westphalia, Germany",2026-10-04,https://www.linkedin.com/jobs/view/4442910246 , ,li-4442910246,fulltime,,,,,,False,mid-senior level,,,,Software Development,https://de.linkedin.com/company/cleverbridge,,,,,,,,,,,
linkedin,Projektleiter:in Erneuerung der Oberleitungsanlage (OLA),Deutsche Bahn,"Munich, Bavaria, Germany",2026-10-04,https://www.linkedin.com/jobs/view/4447244669 , ,li-4447244669,fulltime,,,,,,False,mid-senior level,,,,Truck Transportation,https://de.linkedin.com/company/deutschebahn,,,,,,,,,,,
linkedin,Projektmanager Großprojekte (m/w/d) Energie und Bau,FERCHAU,"Hannover, Lower Saxony, Germany",2026-10-04,https://www.linkedin.com/jobs/view/4438567947 , ,li-4438567947,fulltime,direct_data,yearly,60000.0,84000.0,EUR,False,mid-senior level,,,hannover@ferchau.com,Engineering Services,https://de.linkedin.com/company/ferchau,,,,,,,,,,,
linkedin,CSA Project Manager,Mercury,"Frankfurt, Hesse, Germany",2026-10-04,https://www.linkedin.com/jobs/view/4317972080 , ,li-4317972080,fulltime,,,,,,False,mid-senior level,,,,Construction,https://ie.linkedin.com/company/mercury-engineering,,,,,,,,,,,
linkedin,Projektleitung in der Straßen- und Radwegeplanung (m/w/d),Wald und Holz NRW,"Bielefeld, North Rhine-Westphalia, Germany",2026-10-04,https://www.linkedin.com/jobs/view/4475507899 , ,li-4475507899,fulltime,,,,,,False,mid-senior level,,,,Government Administration,https://de.linkedin.com/company/wald-und-holz-nrw,,,,,,,,,,,
linkedin,PROJEKTLEITER (m/w/d) SCHLÜSSELFERTIGBAU,BREMER AG,"Erfurt, Thuringia, Germany",2026-10-04,https://www.linkedin.com/jobs/view/4263723831 , ,li-4263723831,fulltime,,,,,,False,mid-senior level,,,,Construction,https://de.linkedin.com/company/bremer-se,,,,,,,,,,,
linkedin,Projektleiter EMV (m/w/d) - „Geppetto“,DENPAFLUX,"Munich, Bavaria, Germany",2026-10-04,https://www.linkedin.com/jobs/view/4473462714 , ,li-4473462714,fulltime,,,,,,False,mid-senior level,,,,Software Development,https://de.linkedin.com/company/denpaflux,,,,,,,,,,,
linkedin,"Technische:r Projektleiter:in, Projektoberbauleiter:in Spezialtiefbau, Frankfurt (m/w/d)",Züblin Spezialtiefbau GmbH,"Frankfurt am Main, Hesse, Germany",2026-10-04,https://www.linkedin.com/jobs/view/4473602228 , ,li-4473602228,fulltime,,,,,,False,mid-senior level,,,,Construction,https://de.linkedin.com/company/z%C3%BCblin-spezialtiefbau-gmbh,,,,,,,,,,,
linkedin,Projektleiter / Programm Manager (m/w/d) für Flugzeugsitze / Kundenprojekte,RECARO Aircraft Seating,"Schwäbisch Hall, Baden-Württemberg, Germany",2026-10-04,https://www.linkedin.com/jobs/view/4106206423 , ,li-4106206423,fulltime,,,,,,False,associate,,,check-in@recaro-as.com,Aviation and Aerospace Component Manufacturing,https://de.linkedin.com/company/recaro-aircraft-seating,,,,,,,,,,,
linkedin,Teamleiter Projektentwicklung Wind (m/w/d),UKA – Der Energieparkentwickler,"Meißen, Saxony, Germany",2026-10-04,https://www.linkedin.com/jobs/view/4436605442 , ,li-4436605442,fulltime,,,,,,False,associate,,,,Services for Renewable Energy,https://de.linkedin.com/company/uka-umweltgerechte-kraftanlagen-gmbh-co-kg,,,,,,,,,,,
linkedin,IT- Projekt Manager Softwareentwicklung für den Public Sector (m/w/d),CGI,"Berlin, Germany",2026-10-03,https://www.linkedin.com/jobs/view/4457507165 , ,li-4457507165,fulltime,,,,,,False,entry level,,,,IT Services and IT Consulting,https://ca.linkedin.com/company/cgi,,,,,,,,,,,
linkedin,Junior Projektmanager (m/w/d) Automotive,FERCHAU,"Karlsruhe, Baden-Württemberg, Germany",2026-10-03,https://www.linkedin.com/jobs/view/4438574718 , ,li-4438574718,fulltime,direct_data,yearly,48000.0,62000.0,EUR,False,entry level,,,karlsruhe-mobility@ferchau.com,Engineering Services,https://de.linkedin.com/company/ferchau,,,,,,,,,,,
linkedin,Projektleiter:in Projektrealisierung LST,Deutsche Bahn,"Stuttgart, Baden-Württemberg, Germany",2026-10-03,https://www.linkedin.com/jobs/view/4475073849 , ,li-4475073849,fulltime,,,,,,False,mid-senior level,,,,Truck Transportation,https://de.linkedin.com/company/deutschebahn,,,,,,,,,,,
linkedin,Junior Project Manager - Retrofit (m/w/d),Instaffo,"Munich, Bavaria, Germany",2026-10-03,https://www.linkedin.com/jobs/view/4466305913 , ,li-4466305913,fulltime,direct_data,yearly,48000.0,53000.0,EUR,False,not applicable,,,,Staffing and Recruiting,https://de.linkedin.com/company/instaffo-gmbh,,,,,,,,,,,
linkedin,Projektleiter:in und Teamkoordinator:in Großbrücken,Deutsche Bahn,"Hamburg, Hamburg, Germany",2026-10-03,https://www.linkedin.com/jobs/view/4411410670 , ,li-4411410670,fulltime,,,,,,False,mid-senior level,,,,Truck Transportation,https://de.linkedin.com/company/deutschebahn,,,,,,,,,,,
linkedin,Technischer Projektleiter (m/w/d),Rheinmetall,"Bremen, Bremen, Germany",2026-10-03,https://www.linkedin.com/jobs/view/4464263621 , ,li-4464263621,fulltime,,,,,,False,mid-senior level,,,,Defense and Space Manufacturing,https://de.linkedin.com/company/rheinmetall,,,,,,,,,,,
linkedin,Projektleiter HKLS (m/w/d),ROCKSOLID Personalvermittlung GmbH,"Bielefeld, North Rhine-Westphalia, Germany",2026-10-03,https://www.linkedin.com/jobs/view/4473424279 , ,li-4473424279,fulltime,direct_data,yearly,70000.0,85000.0,EUR,False,mid-senior level,,,,Staffing and Recruiting,https://de.linkedin.com/company/rocksolid-personalvermittlung,,,,,,,,,,,
linkedin,IT-Projektmanager (m/w/d),FERCHAU,"Bielefeld, North Rhine-Westphalia, Germany",2026-10-03,https://www.linkedin.com/jobs/view/4438587079 , ,li-4438587079,fulltime,direct_data,yearly,65000.0,75000.0,EUR,False,mid-senior level,,,bielefeld@ferchau.com,Engineering Services,https://de.linkedin.com/company/ferchau,,,,,,,,,,,
linkedin,Senior Project Manager,Turner & Townsend,"Düsseldorf, North Rhine-Westphalia, Germany",2026-10-03,https://www.linkedin.com/jobs/view/4418579508 , ,li-4418579508,fulltime,,,,,,False,mid-senior level,,,,"Construction, Civil Engineering, and Business Consulting and Services",https://uk.linkedin.com/company/turner-&-townsend,,,,,,,,,,,
linkedin,Projektmanager (m/w/d) Marketing Technology,Dirk Rossmann GmbH,"Burgwedel, Lower Saxony, Germany",2026-10-03,https://www.linkedin.com/jobs/view/4447289029 , ,li-4447289029,fulltime,,,,,,False,mid-senior level,,,,Retail,https://de.linkedin.com/company/dirk-rossmann-gmbh,,,,,,,,,,,
linkedin,Gesamtprojektleiter:in Infrastruktur,Deutsche Bahn,"Dresden, Saxony, Germany",2026-10-03,https://www.linkedin.com/jobs/view/4375120192 , ,li-4375120192,fulltime,,,,,,False,director,,,,Truck Transportation,https://de.linkedin.com/company/deutschebahn,,,,,,,,,,,
linkedin,Senior MEP Projektmanager - Rechenzentren (w/m/d),Arcadis,"Frankfurt am Main, Hesse, Germany",2026-10-03,https://www.linkedin.com/jobs/view/4464296332 , ,li-4464296332,fulltime,,,,,,False,mid-senior level,,,,Professional Services,https://nl.linkedin.com/company/arcadis,,,,,,,,,,,
linkedin,"Projektleiter für Sanitär-, Heizungs- und Klimatechnik (m/w/d) - Schwerpunkt Montage",Seco Kältetechnik GmbH,"Bochum, North Rhine-Westphalia, Germany",2026-10-03,https://www.linkedin.com/jobs/view/4473884140 , ,li-4473884140,fulltime,,,,,,False,mid-senior level,,,,Construction,https://de.linkedin.com/company/seco-k%C3%A4ltetechnik-gmbh,,,,,,,,,,,
linkedin,Senior Cyber Security Consultant - Technical Project Lead,GMV,"Gilching, Bavaria, Germany",2026-10-03,https://www.linkedin.com/jobs/view/4420286743 , ,li-4420286743,fulltime,,,,,,False,mid-senior level,,,privacy@gmv.com,"Software Development, Computer and Network Security, and IT Services and IT Consulting",https://es.linkedin.com/company/gmv,,,,,,,,,,,
linkedin,Technischer Project Manager (m/w/d),FERCHAU,"Berlin, Berlin, Germany",2026-10-03,https://www.linkedin.com/jobs/view/4438570825 , ,li-4438570825,fulltime,direct_data,yearly,50000.0,70000.0,EUR,False,mid-senior level,,,julia.foerster@ferchau.com,Engineering Services,https://de.linkedin.com/company/ferchau,,,,,,,,,,,
linkedin,Technical Project Manager (JetBrains Cloud Platform),JetBrains,"Munich, Bavaria, Germany",2026-10-03,https://www.linkedin.com/jobs/view/4427367038 , ,li-4427367038,fulltime,,,,,,False,mid-senior level,,,,Software Development,https://nl.linkedin.com/company/jetbrains,,,,,,,,,,,
linkedin,Projektleiter (m/w/d) Gefahrenmeldetechnik,KSK-Real Estate Management GmbH,"Sankt Augustin, North Rhine-Westphalia, Germany",2026-10-03,https://www.linkedin.com/jobs/view/4475313494 , ,li-4475313494,fulltime,,,,,,False,mid-senior level,,,bewerbung@ksk-rem.de,Real Estate,https://de.linkedin.com/company/ksk-real-estate-management-gmbh,,,,,,,,,,,
linkedin,Project Lead (m/f/d) - Data Centres,Turner & Townsend,Berlin Metropolitan Area,2026-10-03,https://www.linkedin.com/jobs/view/4437973375 , ,li-4437973375,fulltime,,,,,,False,director,,,,"Construction, Civil Engineering, and Business Consulting and Services",https://uk.linkedin.com/company/turner-&-townsend,,,,,,,,,,,
linkedin,Projektleiter:in Spezialist:in Infrastrukturprojekte,Deutsche Bahn,"Hamburg, Hamburg, Germany",2026-10-03,https://www.linkedin.com/jobs/view/4430186054 , ,li-4430186054,fulltime,,,,,,False,mid-senior level,,,,Truck Transportation,https://de.linkedin.com/company/deutschebahn,,,,,,,,,,,
linkedin,"Senior Product Manager, Streaming Platform",Snowflake,"Berlin, Berlin, Germany",2026-10-03,https://www.linkedin.com/jobs/view/4419982608 , ,li-4419982608,fulltime,,,,,,False,mid-senior level,,,,Software Development,https://www.linkedin.com/company/snowflake-computing,,,,,,,,,,,
linkedin,Senior Product Owner - Credit Risk,Solaris SE,"Berlin, Germany",2026-10-03,https://www.linkedin.com/jobs/view/4473444859 , ,li-4473444859,fulltime,,,,,,False,mid-senior level,,,,Financial Services,https://de.linkedin.com/company/solariscompany,,,,,,,,,,,
linkedin,Product Owner - HR Applications (w/m/d),Fielmann Group,"Hamburg, Hamburg, Germany",2026-10-03,https://www.linkedin.com/jobs/view/4464237325 , ,li-4464237325,fulltime,,,,,,False,mid-senior level,,,,Retail,https://de.linkedin.com/company/fielmann-group-ag,,,,,,,,,,,
linkedin,Product Manager / Railway Systems Engineer Monitoring (m/w/d),Breuer Nachrichtentechnik GmbH,"Bonn, North Rhine-Westphalia, Germany",2026-10-03,https://www.linkedin.com/jobs/view/4466642765 , ,li-4466642765,fulltime,,,,,,False,associate,,,jobs@breuer-gmbh.de,Software Development,https://de.linkedin.com/company/breuer-nachrichtentechnik-gmbh,,,,,,,,,,,
linkedin,B2B Product Lead — Joybuy Business EU,Joybuy,"Berlin, Germany",2026-10-03,https://www.linkedin.com/jobs/view/4473853594 , ,li-4473853594,fulltime,,,,,,False,mid-senior level,,,,Retail and Internet Marketplace Platforms,https://www.linkedin.com/company/joybuy-retail,,,,,,,,,,,
linkedin,"Senior Product Manager - Parental Leave Cover (Fixed-Term, 12 Months)",Staffbase,"Berlin, Berlin, Germany",2026-10-03,https://www.linkedin.com/jobs/view/4466398211 , ,li-4466398211,contract,,,,,,False,mid-senior level,,,,"Technology, Information and Internet",https://de.linkedin.com/company/staffbase,,,,,,,,,,,
linkedin,Produktmanager Daily Underwear (m/w/d),FALKE KGaA,"Düsseldorf, North Rhine-Westphalia, Germany",2026-10-03,https://www.linkedin.com/jobs/view/4413612645 , ,li-4413612645,fulltime,,,,,,False,mid-senior level,,,,Textile Manufacturing,https://de.linkedin.com/company/falke-group,,,,,,,,,,,
linkedin,Technical Product Owner - Cloud Infrastructure (d/m/w),Haufe X360 Cloud-ERP,"Freiburg, Baden-Württemberg, Germany",2026-10-03,https://www.linkedin.com/jobs/view/4466375133 , ,li-4466375133,fulltime,,,,,,False,mid-senior level,,,,Software Development,https://de.linkedin.com/showcase/haufe-x360/,,,,,,,,,,,
linkedin,Produktmanager Mivolis (w/m/d),Studydrive,"Karlsruhe, Baden-Württemberg, Germany",2026-10-03,https://www.linkedin.com/jobs/view/4473837320 , ,li-4473837320,fulltime,,,,,,False,entry level,,,,E-Learning Providers,https://de.linkedin.com/company/studydrive,,,,,,,,,,,
linkedin,Senior Product Manager Apparel (m/w/d),JACK WOLFSKIN,"Eschborn, Hesse, Germany",2026-10-03,https://www.linkedin.com/jobs/view/4464899555 , ,li-4464899555,fulltime,,,,,,False,mid-senior level,,,,Retail Apparel and Fashion,https://de.linkedin.com/company/jack-wolfskin-gmbh-&-co-kgaa,,,,,,,,,,,
linkedin,Produktmanager Installations- und Spülsysteme (m/w/d),Geberit Deutschland,"Pfullendorf, Baden-Württemberg, Germany",2026-10-03,https://www.linkedin.com/jobs/view/4145676920 , ,li-4145676920,fulltime,,,,,,False,mid-senior level,,,,Building Materials,https://de.linkedin.com/company/geberit-deutschland,,,,,,,,,,,
linkedin,Product Manager - Lion Studios (f/m/d),Tripledot Studios,"Berlin, Germany",2026-10-03,https://www.linkedin.com/jobs/view/4457384956 , ,li-4457384956,fulltime,,,,,,False,mid-senior level,,,,Computer Games,https://uk.linkedin.com/company/tripledot-studios,,,,,,,,,,,
linkedin,Staff Product Manager [Accounting expertise] - German speaking 🇩🇪,Qonto,"Berlin, Germany",2026-10-03,https://www.linkedin.com/jobs/view/4430705695 , ,li-4430705695,fulltime,,,,,,False,mid-senior level,,,,Financial Services,https://fr.linkedin.com/company/qonto,,,,,,,,,,,
linkedin,Senior Product Manager (m/f/d),Moss,"Munich, Bavaria, Germany",2026-10-03,https://www.linkedin.com/jobs/view/4445900301 , ,li-4445900301,fulltime,,,,,,False,mid-senior level,,,,Financial Services,https://de.linkedin.com/company/moss-finance,,,,,,,,,,,
linkedin,Senior Product Manager (m/f/d),Moss,"Berlin, Berlin, Germany",2026-10-03,https://www.linkedin.com/jobs/view/4445251098 , ,li-4445251098,fulltime,,,,,,False,mid-senior level,,,,Financial Services,https://de.linkedin.com/company/moss-finance,,,,,,,,,,,
linkedin,"Product Lead, Platform & Enterprise -Sureel AI",Warner Music Group,"Munich, Bavaria, Germany",2026-10-03,https://www.linkedin.com/jobs/view/4457545619 , ,li-4457545619,fulltime,,,,,,False,mid-senior level,,,,Entertainment Providers,https://www.linkedin.com/company/warner-music-group,,,,,,,,,,,
linkedin,Senior Software Product Manager - Embedded & Real-Time Systems (Automotive),NXP Semiconductors,"Munich, Bavaria, Germany",2026-10-03,https://www.linkedin.com/jobs/view/4439085565 , ,li-4439085565,fulltime,,,,,,False,mid-senior level,,,,"Semiconductor Manufacturing, Computers and Electronics Manufacturing, and Software Development",https://nl.linkedin.com/company/nxp-semiconductors,,,,,,,,,,,
linkedin,Senior Product Manager,Adobe,"Hamburg, Hamburg, Germany",2026-10-03,https://www.linkedin.com/jobs/view/4456009559 , ,li-4456009559,fulltime,,,,,,False,mid-senior level,,,accommodations@adobe.com,Software Development,https://www.linkedin.com/company/adobe,,,,,,,,,,,
linkedin,EPC Project Manager (all genders) Power Conversion,GE Vernova,"Berlin, Berlin, Germany",2026-10-03,https://www.linkedin.com/jobs/view/4466359107 , ,li-4466359107,fulltime,,,,,,False,mid-senior level,,,,Energy Technology,https://www.linkedin.com/company/gevernova,,,,,,,,,,,
linkedin,Senior Group Product Manager,Just Eat Takeaway.com,"Berlin, Berlin, Germany",2026-10-03,https://www.linkedin.com/jobs/view/4473188865 , ,li-4473188865,fulltime,,,,,,False,not applicable,,,,Software Development,https://nl.linkedin.com/company/just-eat-takeaway-com,,,,,,,,,,,
linkedin,Projektleiter (w/m/d) Bau- und Gebäudetechnik,NEXOCRAFT,"Berlin, Berlin, Germany",2026-10-02,https://www.linkedin.com/jobs/view/4473193091 , ,li-4473193091,fulltime,,,,,,False,mid-senior level,,,,Business Intelligence Platforms,https://de.linkedin.com/company/nexocraft,,,,,,,,,,,
linkedin,"Senior Product Manager, Pricing & Revenue",Jobgether,Germany,2026-10-02,https://www.linkedin.com/jobs/view/4472853941 , ,li-4472853941,fulltime,,,,,,False,mid-senior level,,,,Internet Marketplace Platforms,https://be.linkedin.com/company/jobgether,,,,,,,,,,,
linkedin,(Senior) Product Manager (w/m/d) Public Cloud,IONOS,"Berlin, Germany",2026-10-02,https://www.linkedin.com/jobs/view/4473104770 , ,li-4473104770,fulltime,,,,,,False,mid-senior level,,,,IT Services and IT Consulting,https://de.linkedin.com/company/ionos,,,,,,,,,,,
linkedin,"Senior Product Manager, Germany",Revolution Medicines,"Munich, Bavaria, Germany",2026-10-02,https://www.linkedin.com/jobs/view/4455628259 , ,li-4455628259,fulltime,,,,,,False,mid-senior level,,,"privacy@revmed.com, careers@revmed.com",Biotechnology Research,https://www.linkedin.com/company/revolution-medicines,,,,,,,,,,,
linkedin,Produktmanager Produktentwicklung Rechtsschutzversicherung (m/w/d),ARAG,"Düsseldorf, North Rhine-Westphalia, Germany",2026-10-02,https://www.linkedin.com/jobs/view/4451676142 , ,li-4451676142,fulltime,,,,,,False,mid-senior level,,,,Insurance,https://de.linkedin.com/company/arag,,,,,,,,,,,
linkedin,Product Manager Digital Solutions (m/w/d),Deutsche Apotheker- und Ärztebank - apoBank,"Düsseldorf, North Rhine-Westphalia, Germany",2026-10-02,https://www.linkedin.com/jobs/view/4474738282 , ,li-4474738282,fulltime,,,,,,False,mid-senior level,,,,Banking,https://de.linkedin.com/company/apobank,,,,,,,,,,,
linkedin,Product Manager (m/w/d),raidboxes®,Germany,2026-10-02,https://www.linkedin.com/jobs/view/4473351395 , ,li-4473351395,fulltime,,,,,,False,associate,,,,Software Development and IT Services and IT Consulting,https://de.linkedin.com/company/raidboxes,,,,,,,,,,,
linkedin,(Junior) Product Manager (m/w/d) AI & Digital Innovation,CHECK24,"Dortmund, North Rhine-Westphalia, Germany",2026-10-02,https://www.linkedin.com/jobs/view/4465813558 , ,li-4465813558,fulltime,,,,,,False,entry level,,,,Software Development,https://de.linkedin.com/company/check24-vergleichsportal-gmbh,,,,,,,,,,,
linkedin,Product Manager - Wheeled Goods (m/f/d),CYBEX,"Bayreuth, Bavaria, Germany",2026-10-02,https://www.linkedin.com/jobs/view/4464571145 , ,li-4464571145,fulltime,,,,,,False,mid-senior level,,,,Manufacturing,https://de.linkedin.com/company/cybex-gmbh,,,,,,,,,,,
linkedin,Growth Product Manager,DistroKid,Germany,2026-10-02,https://www.linkedin.com/jobs/view/4474762944 , ,li-4474762944,fulltime,,,,,,False,mid-senior level,,,,Musicians,https://www.linkedin.com/company/distrokid,,,,,,,,,,,
linkedin,Transformation Lead (all genders) Food & Beverages / Process Industry,valantic,"Cologne, North Rhine-Westphalia, Germany",2026-10-02,https://www.linkedin.com/jobs/view/4434564420 , ,li-4434564420,fulltime,,,,,,False,mid-senior level,,,,Business Consulting and Services,https://de.linkedin.com/company/valantic,,,,,,,,,,,
linkedin,Project Manager - MEP,DPR Construction,"Frankfurt am Main, Hesse, Germany",2026-10-02,https://www.linkedin.com/jobs/view/4473333581 , ,li-4473333581,fulltime,,,,,,False,not applicable,,,,Construction,https://www.linkedin.com/company/dpr-construction-inc,,,,,,,,,,,
linkedin,Produktmanagerin für Energie und Innovation (m/w/d),energie schwaben gmbh,"Augsburg, Bavaria, Germany",2026-10-02,https://www.linkedin.com/jobs/view/4473125836 , ,li-4473125836,fulltime,,,,,,False,mid-senior level,,,,Oil and Gas,https://de.linkedin.com/company/energie-schwaben-gmbh,,,,,,,,,,,
linkedin,Project Lead Strategy Consulting (m/w/d),BASF,"Monheim, North Rhine-Westphalia, Germany",2026-10-02,https://www.linkedin.com/jobs/view/4473144193 , ,li-4473144193,fulltime,,,,,,False,not applicable,,,jennifer.weiz@basf.com,Chemical Manufacturing and Plastics Manufacturing,https://de.linkedin.com/company/basf,,,,,,,,,,,
linkedin,Projektleiter Infrastrukturprojekte für Q1/Q2 2027 (m/w/d),prettyTELCO,"Düsseldorf, North Rhine-Westphalia, Germany",2026-10-02,https://www.linkedin.com/jobs/view/4473100850 , ,li-4473100850,fulltime,direct_data,yearly,60000.0,90000.0,EUR,False,mid-senior level,,,,Staffing and Recruiting,https://de.linkedin.com/company/prettytelco,,,,,,,,,,,
linkedin,Project Lead Strategy Consulting (m/f/d),BASF,"Monheim, North Rhine-Westphalia, Germany",2026-10-02,https://www.linkedin.com/jobs/view/4473137440 , ,li-4473137440,fulltime,,,,,,False,not applicable,,,jennifer.weiz@basf.com,Chemical Manufacturing and Plastics Manufacturing,https://de.linkedin.com/company/basf,,,,,,,,,,,
linkedin,Projektleiter Bau (m/w/d),Heinrich Schmid,"Albstadt, Baden-Württemberg, Germany",2026-10-02,https://www.linkedin.com/jobs/view/4473338946 , ,li-4473338946,fulltime,,,,,,False,entry level,,,,Retail,https://www.linkedin.com/company/heinrichschmid,,,,,,,,,,,
linkedin,Senior Project Lead Strategy Consulting (m/f/d),BASF,"Monheim, North Rhine-Westphalia, Germany",2026-10-02,https://www.linkedin.com/jobs/view/4473133649 , ,li-4473133649,fulltime,,,,,,False,not applicable,,,jennifer.weiz@basf.com,Chemical Manufacturing and Plastics Manufacturing,https://de.linkedin.com/company/basf,,,,,,,,,,,
linkedin,Projektleiter Anlagenbau (m/w/d),SÜLZLE Gruppe,"Bergfelden, Baden-Württemberg, Germany",2026-10-02,https://www.linkedin.com/jobs/view/4474744205 , ,li-4474744205,fulltime,,,,,,False,mid-senior level,,,,Construction,https://de.linkedin.com/company/s%C3%BClzle-gruppe,,,,,,,,,,,
linkedin,Technische Projektleitung (m/w/d) im Bauträger,Gundlach Bau und Immobilien GmbH & Co. KG,"Hannover, Lower Saxony, Germany",2026-10-02,https://www.linkedin.com/jobs/view/4473191086 , ,li-4473191086,fulltime,,,,,,False,mid-senior level,,,,Real Estate,https://de.linkedin.com/company/gundlach-bau,,,,,,,,,,,
linkedin,Produktmanager (w/m/d) Public Cloud,IONOS,"Berlin, Germany",2026-10-02,https://www.linkedin.com/jobs/view/4474711611 , ,li-4474711611,fulltime,,,,,,False,mid-senior level,,,,IT Services and IT Consulting,https://de.linkedin.com/company/ionos,,,,,,,,,,,
linkedin,Produktmanager (w/m/d) Public Cloud,IONOS,"Berlin, Berlin, Germany",2026-10-02,https://www.linkedin.com/jobs/view/4473111528 , ,li-4473111528,fulltime,,,,,,False,mid-senior level,,,,IT Services and IT Consulting,https://de.linkedin.com/company/ionos,,,,,,,,,,,
linkedin,Product Owner (m/w/d) für digitale Workflow-Solution ELEX,VNR Group,"Bonn, North Rhine-Westphalia, Germany",2026-10-02,https://www.linkedin.com/jobs/view/4474735195 , ,li-4474735195,fulltime,,,,,,False,associate,,,,"Book and Periodical Publishing, Marketing Services, and Advertising Services",https://de.linkedin.com/company/vnr,,,,,,,,,,,
linkedin,Produktmanager (m/w/d),MAXIM Markenprodukte GmbH & Co. KG,"Pulheim, North Rhine-Westphalia, Germany",2026-10-02,https://www.linkedin.com/jobs/view/4407596586 , ,li-4407596586,fulltime,,,,,,False,mid-senior level,,,,Personal Care Product Manufacturing,https://de.linkedin.com/company/maxim-markenprodukte,,,,,,,,,,,
linkedin,Produktmanager (m/w/d) Strom / Gas,Stadtwerke Energie Jena-Pößneck GmbH,"Jena, Thuringia, Germany",2026-10-02,https://www.linkedin.com/jobs/view/4473171824 , ,li-4473171824,fulltime,,,,,,False,mid-senior level,,,,Utilities,https://www.linkedin.com/company/stadtwerke-energie-jena-p%C3%B6%C3%9Fneck-gmbh,,,,,,,,,,,
linkedin,Experienced Assurance Associate (m/w/d) - Product Owner Digital Solutions,Siemens,"Erlangen, Bavaria, Germany",2026-10-02,https://www.linkedin.com/jobs/view/4464572275 , ,li-4464572275,fulltime,,,,,,False,mid-senior level,,,,Automation Machinery Manufacturing,https://de.linkedin.com/company/siemens,,,,,,,,,,,
linkedin,Experienced Assurance Associate (m/w/d) - Product Owner Digital Solutions,Siemens,"Munich, Bavaria, Germany",2026-10-02,https://www.linkedin.com/jobs/view/4464567321 , ,li-4464567321,fulltime,,,,,,False,mid-senior level,,,,Automation Machinery Manufacturing,https://de.linkedin.com/company/siemens,,,,,,,,,,,
linkedin,Product Manager (m/w/d) Functional Carbohydrates,BENEO,Rhein-Neckar Metropolitan Region,2026-10-02,https://www.linkedin.com/jobs/view/4473332772 , ,li-4473332772,fulltime,,,,,,False,mid-senior level,,,,Food and Beverage Manufacturing,https://de.linkedin.com/company/beneo,,,,,,,,,,,
linkedin,SAP S/4HANA Product Manager (m/f/d) – Mandarin Speaking,J&T Express Germany GmbH,"Nieder Olm, Rhineland-Palatinate, Germany",2026-10-02,https://www.linkedin.com/jobs/view/4474770910 , ,li-4474770910,fulltime,,,,,,False,associate,,,rafael.siarlidis@jtexpress.de,"Transportation, Logistics, Supply Chain and Storage",https://de.linkedin.com/company/j-t-express-germany-gmbh,,,,,,,,,,,
linkedin,Product Manager - UX/UI Focus (AI x Greentech) (m/f/d),Reonic,"Augsburg, Bavaria, Germany",2026-10-02,https://www.linkedin.com/jobs/view/4475001155 , ,li-4475001155,fulltime,,,,,,False,entry level,,,,Software Development,https://de.linkedin.com/company/reonic,,,,,,,,,,,
linkedin,Project Manager (all genders) - Retail- und Fensterkampagnen,LIGANOVA,"Stuttgart, Baden-Württemberg, Germany",2026-10-02,https://www.linkedin.com/jobs/view/4473103594 , ,li-4473103594,fulltime,,,,,,False,associate,,,,Advertising Services,https://de.linkedin.com/company/liganova,,,,,,,,,,,
linkedin,"Product Manager, New Grad (2026) - Berlin",Databricks,"Berlin, Berlin, Germany",2026-10-02,https://www.linkedin.com/jobs/view/4473171577 , ,li-4473171577,fulltime,,,,,,False,entry level,,,,Software Development,https://www.linkedin.com/company/databricks,,,,,,,,,,,
linkedin,Produktmanager:in/Underwriter:in Real Estate,HDI Group,"Hannover, Lower Saxony, Germany",2026-10-02,https://www.linkedin.com/jobs/view/4465824340 , ,li-4465824340,fulltime,,,,,,False,mid-senior level,,,,Insurance,https://de.linkedin.com/company/hdigroup,,,,,,,,,,,
linkedin,Junior Produktmanager (m/w/d),IPPEN.MEDIA,"Grünwald, Bavaria, Germany",2026-10-02,https://www.linkedin.com/jobs/view/4474744954 , ,li-4474744954,fulltime,direct_data,yearly,36000.0,65000.0,EUR,False,entry level,,,tiffany.mall@ippen-digital.de,"Technology, Information and Internet",https://de.linkedin.com/company/ippenmedia,,,,,,,,,,,
linkedin,(Junior) Product Manager (m/w/d),laverana GmbH & Co. KG,"Hannover, Lower Saxony, Germany",2026-10-02,https://www.linkedin.com/jobs/view/4473154136 , ,li-4473154136,fulltime,,,,,,False,mid-senior level,,,,Personal Care Product Manufacturing,https://de.linkedin.com/company/laverana-gmbh-&-co.-kg,,,,,,,,,,,
linkedin,Senior Product Manager - Client Communication,Qonto,"Berlin, Germany",2026-10-02,https://www.linkedin.com/jobs/view/4475004542 , ,li-4475004542,fulltime,,,,,,False,mid-senior level,,,support@qonto.com,Financial Services,https://fr.linkedin.com/company/qonto,,,,,,,,,,,
linkedin,Senior Product Manager (all genders),PŸUR Business,"Leipzig, Saxony, Germany",2026-10-02,https://www.linkedin.com/jobs/view/4437028884 , ,li-4437028884,fulltime,,,,,,False,associate,,,,Telecommunications,https://de.linkedin.com/company/pyurbusiness,,,,,,,,,,,
linkedin,Senior Product Owner - Agentic AI,Capgemini,"Frankfurt am Main, Hesse, Germany",2026-10-02,https://www.linkedin.com/jobs/view/4467099837 , ,li-4467099837,fulltime,,,,,,False,mid-senior level,,,,IT Services and IT Consulting,https://fr.linkedin.com/company/capgemini,,,,,,,,,,,
linkedin,"Lead Product Manager, Landing Pages",GetYourGuide,"Berlin, Germany",2026-10-02,https://www.linkedin.com/jobs/view/4466046666 , ,li-4466046666,fulltime,,,,,,False,mid-senior level,,,jobs@getyourguide.com,"Technology, Information and Internet and Travel Arrangements",https://de.linkedin.com/company/getyourguide-ag,,,,,,,,,,,
linkedin,Technical Product Owner - AI Platform (m|w|d),idealo internet GmbH,"Berlin, Berlin, Germany",2026-10-02,https://www.linkedin.com/jobs/view/4473333692 , ,li-4473333692,fulltime,,,,,,False,mid-senior level,,,,Software Development,https://de.linkedin.com/company/idealo-internet-gmbh,,,,,,,,,,,
linkedin,Product Owner - Database as a Service / DBaaS - STACKIT (m/f/d),STACKIT,"Bad Friedrichshall, Baden-Württemberg, Germany",2026-10-02,https://www.linkedin.com/jobs/view/4469155661 , ,li-4469155661,fulltime,,,,,,False,mid-senior level,,,,IT Services and IT Consulting,https://de.linkedin.com/company/stackit-cloud-colocation,,,,,,,,,,,
linkedin,Technischer Projektleiter (m/w/d),FERCHAU,"Oberkochen, Baden-Württemberg, Germany",2026-10-02,https://www.linkedin.com/jobs/view/4438564980 , ,li-4438564980,fulltime,direct_data,yearly,65000.0,77000.0,EUR,False,mid-senior level,,,heidenheim@ferchau.com,Engineering Services,https://de.linkedin.com/company/ferchau,,,,,,,,,,,
linkedin,Senior-Projektleiter (w/m/d) Hochbau,hpm Henkel Projektmanagement GmbH,"Dresden, Saxony, Germany",2026-10-02,https://www.linkedin.com/jobs/view/4440023696 , ,li-4440023696,fulltime,,,,,,False,associate,,,,Architecture and Planning,https://de.linkedin.com/company/hpm-henkel-projektmanagement-gmbh,,,,,,,,,,,
linkedin,Technical Product Owner – C++ SDK & ImFusion Suite,ImFusion,"Munich, Bavaria, Germany",2026-10-02,https://www.linkedin.com/jobs/view/4466044802 , ,li-4466044802,fulltime,direct_data,yearly,90000.0,105000.0,EUR,False,mid-senior level,,,,Medical Equipment Manufacturing and Software Development,https://de.linkedin.com/company/imfusion,,,,,,,,,,,
linkedin,Produktmanager (m/w/d) für industrielle Antriebslösungen,VULKAN Italia,"Herne, North Rhine-Westphalia, Germany",2026-10-02,https://www.linkedin.com/jobs/view/4474590708 , ,li-4474590708,fulltime,,,,,,False,mid-senior level,,,,Industrial Machinery Manufacturing,https://it.linkedin.com/company/vulkan-italia,,,,,,,,,,,
linkedin,Product Manager Security & Industry (m/w/d),CHERRY,"Auerbach, Bavaria, Germany",2026-10-02,https://www.linkedin.com/jobs/view/4469324071 , ,li-4469324071,fulltime,,,,,,False,associate,,,,Computer Hardware Manufacturing,https://de.linkedin.com/company/cherry-,,,,,,,,,,,
linkedin,Produktmanager Ersatzteile / Aftermarket (m/w/d),Wilhelm Schäfer GmbH,"Heppenheim an der Bergstraße, Hesse, Germany",2026-10-02,https://www.linkedin.com/jobs/view/4464868667 , ,li-4464868667,fulltime,,,,,,False,associate,,,,Wholesale Machinery,https://de.linkedin.com/company/wilhelm-sch%C3%A4fer-gmbh,,,,,,,,,,,
linkedin,Senior Product Manager - IoT Submetering & PropTech (m/w/x),metiundo GmbH,"Berlin, Germany",2026-10-02,https://www.linkedin.com/jobs/view/4462840666 , ,li-4462840666,fulltime,,,,,,False,associate,,,,"Energy Technology, Services for Renewable Energy, and Real Estate",https://de.linkedin.com/company/metiundo-gmbh,,,,,,,,,,,
linkedin,Technical Product Manager (m/w/d) Interface Technology,Pepperl+Fuchs Group,"Mannheim, Baden-Württemberg, Germany",2026-10-02,https://www.linkedin.com/jobs/view/4448151812 , ,li-4448151812,fulltime,,,,,,False,mid-senior level,,,karriere@pepperl-fuchs.com,Automation Machinery Manufacturing,https://de.linkedin.com/company/pepperl-fuchs-group,,,,,,,,,,,
linkedin,EMEA Product Manager - Drywall Exteriors Systems (m/f/d),Knauf Deutschland,"Iphofen, Bavaria, Germany",2026-10-02,https://www.linkedin.com/jobs/view/4429250481 , ,li-4429250481,fulltime,,,,,,False,mid-senior level,,,,Building Materials and Construction,https://de.linkedin.com/company/knauf-deutschland,,,,,,,,,,,
linkedin,Senior Technical Product Manager II - Europe,Storyblok,Germany,2026-10-02,https://www.linkedin.com/jobs/view/4465889884 , ,li-4465889884,fulltime,,,,,,False,mid-senior level,,,talent.acquisition@storyblok.com,Software Development,https://at.linkedin.com/company/storyblok,,,,,,,,,,,
linkedin,Produktmanager (m/w/d) Technische Systeme & Anlagen,endigo GmbH,"Mannheim, Baden-Württemberg, Germany",2026-10-02,https://www.linkedin.com/jobs/view/4472865628 , ,li-4472865628,fulltime,,,,,,False,mid-senior level,,,,Food and Beverage Services,https://de.linkedin.com/company/endigo-gmbh,,,,,,,,,,,
linkedin,"Senior Product Manager, Supply Incentives",Bolt,"Berlin, Berlin, Germany",2026-10-02,https://www.linkedin.com/jobs/view/4436598829 , ,li-4436598829,fulltime,,,,,,False,mid-senior level,,,,Software Development,https://ee.linkedin.com/company/bolt-eu,,,,,,,,,,,
linkedin,Senior Product Manager - Finance Automation (f/m/d),ZEAL Network SE,"Hamburg, Hamburg, Germany",2026-10-02,https://www.linkedin.com/jobs/view/4446769374 , ,li-4446769374,fulltime,,,,,,False,mid-senior level,,,,Software Development,https://de.linkedin.com/company/zealnetwork,,,,,,,,,,,
linkedin,Projektleiter Produktqualifizierung & Prototypenbau (all gender),ALTEN,"Berlin, Germany",2026-10-02,https://www.linkedin.com/jobs/view/4465993739 , ,li-4465993739,fulltime,,,,,,False,associate,,,,Engineering Services,https://fr.linkedin.com/company/alten,,,,,,,,,,,
linkedin,(Senior) Product Manager Search & Recommendation (m/w/d),Lekkerland SE,"Frechen, North Rhine-Westphalia, Germany",2026-10-02,https://www.linkedin.com/jobs/view/4474755524 , ,li-4474755524,fulltime,,,,,,False,mid-senior level,,,,Wholesale,https://de.linkedin.com/company/lekkerland,,,,,,,,,,,
linkedin,Senior Product Manager (f/m/x),exmox,"Hamburg, Germany",2026-10-02,https://www.linkedin.com/jobs/view/4465671290 , ,li-4465671290,fulltime,,,,,,False,mid-senior level,,,,Advertising Services,https://de.linkedin.com/company/exmox,,,,,,,,,,,
linkedin,"Senior Product Manager, Payments",Navan,"Berlin, Berlin, Germany",2026-10-02,https://www.linkedin.com/jobs/view/4474789688 , ,li-4474789688,fulltime,,,,,,False,mid-senior level,,,,Artificial Intelligence,https://www.linkedin.com/company/navan,,,,,,,,,,,
linkedin,(Senior) Product Manager (all genders),Lime Connect (formerly Userlike),Cologne Bonn Region,2026-10-02,https://www.linkedin.com/jobs/view/4474748063 , ,li-4474748063,fulltime,,,,,,False,associate,,,,Software Development,https://de.linkedin.com/company/userlike,,,,,,,,,,,
linkedin,"Senior Product Manager, Routing & Live Traffic",Bolt,"Berlin, Berlin, Germany",2026-10-02,https://www.linkedin.com/jobs/view/4436854379 , ,li-4436854379,fulltime,,,,,,False,mid-senior level,,,,Software Development,https://ee.linkedin.com/company/bolt-eu,,,,,,,,,,,
linkedin,(Senior) Product Manager (f/m/d) Public Cloud,IONOS,"Berlin, Germany",2026-10-02,https://www.linkedin.com/jobs/view/4474723068 , ,li-4474723068,fulltime,,,,,,False,mid-senior level,,,,IT Services and IT Consulting,https://de.linkedin.com/company/ionos,,,,,,,,,,,
linkedin,Projektleiter (m/w/d) Wohnungsneubau,Michael Page,"Berlin, Berlin, Germany",2026-10-02,https://www.linkedin.com/jobs/view/4475040065 , ,li-4475040065,fulltime,,,,,,False,mid-senior level,,,,"Real Estate, Leasing Non-residential Real Estate, and Architecture and Planning",https://uk.linkedin.com/company/michael-page,,,,,,,,,,,
linkedin,Projektmanager (m/w/d) IT-Infrastruktur und Rechenzentrumsprojekte,NT Neue Technologie AG,"Erfurt, Thuringia, Germany",2026-10-02,https://www.linkedin.com/jobs/view/4473158261 , ,li-4473158261,fulltime,,,,,,False,mid-senior level,,,,IT Services and IT Consulting,https://www.linkedin.com/company/nt-neue-technologie-ag,,,,,,,,,,,
linkedin,Produkt-Manager (m/w/d) – Hamburg,everii Group,"Hamburg, Hamburg, Germany",2026-10-02,https://www.linkedin.com/jobs/view/4447061096 , ,li-4447061096,fulltime,,,,,,False,mid-senior level,,,,Software Development,https://de.linkedin.com/company/everii-group,,,,,,,,,,,
linkedin,Projektmanagerin für Freileitungen und Kabelanlagen (a*),Hamburger Energienetze GmbH,"Hamburg, Hamburg, Germany",2026-10-02,https://www.linkedin.com/jobs/view/4474770368 , ,li-4474770368,fulltime,,,,,,False,mid-senior level,,,,Utilities,https://www.linkedin.com/company/hamburgerenergienetze,,,,,,,,,,,
linkedin,Projektleiter (w/m/d) Hochbau,DS-Bauconcept GmbH,"Hannover, Lower Saxony, Germany",2026-10-02,https://www.linkedin.com/jobs/view/4473178520 , ,li-4473178520,fulltime,,,,,,False,mid-senior level,,,,Real Estate,https://de.linkedin.com/company/ds-bauconcept-gmbh,,,,,,,,,,,
linkedin,IT-Projektleitung (m/w/d),Finanz Informatik,"Hannover, Lower Saxony, Germany",2026-10-02,https://www.linkedin.com/jobs/view/4473325920 , ,li-4473325920,fulltime,,,,,,False,associate,,,,"IT Services and IT Consulting, Banking, and Financial Services",https://de.linkedin.com/company/finanz-informatik,,,,,,,,,,,
linkedin,Projektleiter (m/w/d) im Bereich Umweltplanung (770),Vössing Ingenieurgesellschaft mbH,"Cologne, North Rhine-Westphalia, Germany",2026-10-02,https://www.linkedin.com/jobs/view/4474723853 , ,li-4474723853,fulltime,,,,,,False,associate,,,,Engineering Services,https://de.linkedin.com/company/voessing,,,,,,,,,,,
linkedin,Projektleitung Wohnungsbau,Betreutes Wohnen Für Senioren,"Hamburg, Hamburg, Germany",2026-10-02,https://www.linkedin.com/jobs/view/4473175718 , ,li-4473175718,fulltime,,,,,,False,director,,,,Individual and Family Services,https://de.linkedin.com/company/betreutes-wohnen-f%C3%BCr-senioren,,,,,,,,,,,
linkedin,Technischer Projektleiter Schiffsführungssimulation (m/w/d),Rheinmetall,"Bremen, Bremen, Germany",2026-10-02,https://www.linkedin.com/jobs/view/4473112302 , ,li-4473112302,fulltime,,,,,,False,mid-senior level,,,,Defense and Space Manufacturing,https://de.linkedin.com/company/rheinmetall,,,,,,,,,,,
linkedin,Projektleiter (m/w/d) im Bereich Konstruktiver Ingenieurbau  (Objekt- und Tragwerksplanung) (578),Vössing Ingenieurgesellschaft mbH,"Munich, Bavaria, Germany",2026-10-02,https://www.linkedin.com/jobs/view/4474727672 , ,li-4474727672,fulltime,,,,,,False,associate,,,,Engineering Services,https://de.linkedin.com/company/voessing,,,,,,,,,,,
linkedin,Projektleiter:in Leit- und Sicherungstechnik Bahninfrastruktur,Deutsche Bahn,"Frankfurt am Main, Hesse, Germany",2026-10-02,https://www.linkedin.com/jobs/view/4474704961 , ,li-4474704961,fulltime,,,,,,False,mid-senior level,,,,Truck Transportation,https://de.linkedin.com/company/deutschebahn,,,,,,,,,,,
linkedin,Projektleiter (w/m/d) Healthcare Objektüberwachung,DS-Bauconcept GmbH,"Stuttgart, Baden-Württemberg, Germany",2026-10-02,https://www.linkedin.com/jobs/view/4473184385 , ,li-4473184385,fulltime,,,,,,False,mid-senior level,,,,Real Estate,https://de.linkedin.com/company/ds-bauconcept-gmbh,,,,,,,,,,,
linkedin,Projektleiter (m/w/d) Umweltfachliche Bauüberwachung (766),Vössing Ingenieurgesellschaft mbH,"Frankfurt am Main, Hesse, Germany",2026-10-02,https://www.linkedin.com/jobs/view/4474737315 , ,li-4474737315,fulltime,,,,,,False,associate,,,,Engineering Services,https://de.linkedin.com/company/voessing,,,,,,,,,,,
linkedin,Projektleiter Neubau-Realisierung (m/w/d),GSW - Gemeinnütziges Siedlungswerk GmbH Frankfurt,"Frankfurt, Hesse, Germany",2026-10-02,https://www.linkedin.com/jobs/view/4474581283 , ,li-4474581283,fulltime,,,,,,False,mid-senior level,,,bewerbung@gsw-ffm.de,Real Estate,https://de.linkedin.com/company/gemeinn%C3%BCtziges-siedlungswerk-gmbh,,,,,,,,,,,
linkedin,PROJEKTLEITER (m/w/d) - Bauingenieur Konstruktiver Ingenieurbau,RECK+GASS Ingenieurgesellschaft für Bauwesen mbH + Co. KG,"Horb am Neckar, Baden-Württemberg, Germany",2026-10-02,https://www.linkedin.com/jobs/view/4473340816 , ,li-4473340816,fulltime,,,,,,False,mid-senior level,,,bewerbung@reck-gass.de,Architecture and Planning,https://de.linkedin.com/company/reck-gass-ingenieurgesellschaft-f%C3%BCr-bauwesen-mbh-&-co-kg,,,,,,,,,,,
linkedin,Project Lead DXP I Composable DXP,TOWA. the digital growth company,"Düsseldorf, North Rhine-Westphalia, Germany",2026-10-02,https://www.linkedin.com/jobs/view/4473115803 , ,li-4473115803,fulltime,,,,,,False,associate,,,,Software Development,https://at.linkedin.com/company/towa-gmbh,,,,,,,,,,,
linkedin,Project Lead DXP I Composable DXP,TOWA. the digital growth company,"Munich, Bavaria, Germany",2026-10-02,https://www.linkedin.com/jobs/view/4473133084 , ,li-4473133084,fulltime,,,,,,False,associate,,,,Software Development,https://at.linkedin.com/company/towa-gmbh,,,,,,,,,,,
linkedin,Projektleiter (w/m/d) Brandschutztechnik in Berlin,NEXOCRAFT,"Berlin, Berlin, Germany",2026-10-02,https://www.linkedin.com/jobs/view/4473183397 , ,li-4473183397,fulltime,,,,,,False,mid-senior level,,,,Business Intelligence Platforms,https://de.linkedin.com/company/nexocraft,,,,,,,,,,,
linkedin,Projektmanager Anlagenbau (m/w/d),FERCHAU,"Wuppertal, North Rhine-Westphalia, Germany",2026-10-02,https://www.linkedin.com/jobs/view/4438566949 , ,li-4438566949,fulltime,direct_data,yearly,70000.0,80000.0,EUR,False,mid-senior level,,,wuppertal@ferchau.com,Engineering Services,https://de.linkedin.com/company/ferchau,,,,,,,,,,,
linkedin,IT-Projektmanager (m/w/d),RSM Ebner Stolz,"Stuttgart, Baden-Württemberg, Germany",2026-10-02,https://www.linkedin.com/jobs/view/4473115267 , ,li-4473115267,fulltime,,,,,,False,mid-senior level,,,,Professional Services,https://de.linkedin.com/company/rsm-ebner-stolz,,,,,,,,,,,
linkedin,Project Manager (m/f/d) - Data Centres,Turner & Townsend,"Düsseldorf, North Rhine-Westphalia, Germany",2026-10-02,https://www.linkedin.com/jobs/view/4473345082 , ,li-4473345082,fulltime,,,,,,False,internship,,,,"Construction, Civil Engineering, and Business Consulting and Services",https://uk.linkedin.com/company/turner-&-townsend,,,,,,,,,,,
linkedin,Projektleitung (m/w/d) Schadtstoffsanierung im Hochbau,Wirtschaftsbetriebe Duisburg - AöR,"Duisburg, North Rhine-Westphalia, Germany",2026-10-02,https://www.linkedin.com/jobs/view/4473118999 , ,li-4473118999,fulltime,,,,,,False,mid-senior level,,,,Government Administration,https://de.linkedin.com/company/wirtschaftsbetriebe-duisburg,,,,,,,,,,,
linkedin,CSA Project Manager,Mercury,"Düsseldorf, North Rhine-Westphalia, Germany",2026-10-02,https://www.linkedin.com/jobs/view/4445794129 , ,li-4445794129,fulltime,,,,,,False,mid-senior level,,,,Construction,https://ie.linkedin.com/company/mercury-engineering,,,,,,,,,,,
linkedin,Technical Product Owner (m/w/d),ENERTRAG,"Berlin, Berlin, Germany",2026-10-02,https://www.linkedin.com/jobs/view/4473800463 , ,li-4473800463,fulltime,,,,,,False,mid-senior level,,,,Utilities,https://de.linkedin.com/company/enertrag,,,,,,,,,,,
linkedin,Product Owner* - Medical Devices #11239,Cegeka,Ruhr Region,2026-10-02,https://www.linkedin.com/jobs/view/4453418796 , ,li-4453418796,fulltime,,,,,,False,mid-senior level,,,susanne.karopka@cegeka.com,IT Services and IT Consulting,https://be.linkedin.com/company/cegeka,,,,,,,,,,,
linkedin,Chief Digital Product Owner Kundenservice und Abrechnung,Dortmunder Netz GmbH (DONETZ),"Dortmund, North Rhine-Westphalia, Germany",2026-10-02,https://www.linkedin.com/jobs/view/4472879392 , ,li-4472879392,fulltime,,,,,,False,mid-senior level,,,,Utilities,https://www.linkedin.com/company/dortmunder-netz-gmbh-donetz,,,,,,,,,,,
linkedin,Projektleiter Bau (m/w/d),Heinrich Schmid,"Biberach an der Riß, Baden-Württemberg, Germany",2026-10-02,https://www.linkedin.com/jobs/view/4473343726 , ,li-4473343726,fulltime,,,,,,False,entry level,,,,Retail,https://www.linkedin.com/company/heinrichschmid,,,,,,,,,,,
linkedin,"Fachspezialist I2D Lead - Planung, Risikomanagement und S/4-HANA (w/m/d)",HENSOLDT,"Oberkochen, Baden-Württemberg, Germany",2026-10-02,https://www.linkedin.com/jobs/view/4473043664 , ,li-4473043664,fulltime,,,,,,False,mid-senior level,,,jobs@hensoldt.net,Defense and Space Manufacturing,https://de.linkedin.com/company/hensoldt,,,,,,,,,,,
linkedin,Teamleitung Consulting (m/w/d) – Neukundenprojekte CS 2.0/3.0,Schleupen SE,"Moers, North Rhine-Westphalia, Germany",2026-10-02,https://www.linkedin.com/jobs/view/4469789517 , ,li-4469789517,fulltime,,,,,,False,mid-senior level,,,,Internet Publishing,https://de.linkedin.com/company/schleupen-se,,,,,,,,,,,
linkedin,IT-Projektleitung (m/w/d),Finanz Informatik,"Münster, North Rhine-Westphalia, Germany",2026-10-02,https://www.linkedin.com/jobs/view/4473342220 , ,li-4473342220,fulltime,,,,,,False,associate,,,,"IT Services and IT Consulting, Banking, and Financial Services",https://de.linkedin.com/company/finanz-informatik,,,,,,,,,,,
linkedin,Project Manager,Atlas NextWave,Greater Leipzig Area,2026-10-02,https://www.linkedin.com/jobs/view/4474714315 , ,li-4474714315,fulltime,,,,,,False,mid-senior level,,,,"Maritime Transportation, Engineering Services, and Oil and Gas",https://nl.linkedin.com/company/atlasnextwave,,,,,,,,,,,
linkedin,IT Project Manager (m/w/d),Biotest GmbH & Co. KGaA,"Dreieich, Hesse, Germany",2026-10-02,https://www.linkedin.com/jobs/view/4465697496 , ,li-4465697496,fulltime,,,,,,False,associate,,,,Information Technology & Services,https://de.linkedin.com/company/biotest-group,,,,,,,,,,,
linkedin,IT-Projektmanager (m/w/d),RSM Ebner Stolz,"Berlin, Germany",2026-10-02,https://www.linkedin.com/jobs/view/4473111434 , ,li-4473111434,fulltime,,,,,,False,mid-senior level,,,,Professional Services,https://de.linkedin.com/company/rsm-ebner-stolz,,,,,,,,,,,
linkedin,Projektleiter (m/w/d) im Bereich komplexer Infrastrukturprojekte Hochbau und Schiene (787),Vössing Ingenieurgesellschaft mbH,Greater Leipzig Area,2026-10-02,https://www.linkedin.com/jobs/view/4474721896 , ,li-4474721896,fulltime,,,,,,False,associate,,,,Engineering Services,https://de.linkedin.com/company/voessing,,,,,,,,,,,
linkedin,Projektmanager Anlagentechnik (m/w/d) Mechanik,Holcim Germany,"Beckum, North Rhine-Westphalia, Germany",2026-10-02,https://www.linkedin.com/jobs/view/4466075765 , ,li-4466075765,fulltime,,,,,,False,mid-senior level,,,recruiting-deu@holcim.com,Construction,https://de.linkedin.com/company/holcim-germany,,,,,,,,,,,
linkedin,Product Owner SaaS (m/w/d),HOCHTIEF,"Essen, North Rhine-Westphalia, Germany",2026-10-02,https://www.linkedin.com/jobs/view/4475047501 , ,li-4475047501,fulltime,,,,,,False,entry level,,,,Construction,https://de.linkedin.com/company/hochtief,,,,,,,,,,,
linkedin,Projektleiter Freileitungsbau (m/w/d),Atlas Titan,"Hamburg, Hamburg, Germany",2026-10-02,https://www.linkedin.com/jobs/view/4463983313 , ,li-4463983313,fulltime,,,,,,False,mid-senior level,,,,Business Consulting and Services,https://de.linkedin.com/company/atlas-titan,,,,,,,,,,,
linkedin,Projektleiter - Breitband / FTTx (m/w/d),prettyTELCO,"Ehingen, Baden-Württemberg, Germany",2026-10-02,https://www.linkedin.com/jobs/view/4473106581 , ,li-4473106581,fulltime,,,,,,False,mid-senior level,,,,Staffing and Recruiting,https://de.linkedin.com/company/prettytelco,,,,,,,,,,,
linkedin,Projektmanager Operations/Logistik-Strategie (m/w/d),momox,"Berlin, Germany",2026-10-02,https://www.linkedin.com/jobs/view/4474751996 , ,li-4474751996,fulltime,,,,,,False,mid-senior level,,,recruitment@momox.biz,Retail,https://de.linkedin.com/company/momox,,,,,,,,,,,
linkedin,Projektmanager m/w/d E-Commerce,FLYERALARM,"Würzburg, Bavaria, Germany",2026-10-02,https://www.linkedin.com/jobs/view/4473111962 , ,li-4473111962,fulltime,,,,,,False,entry level,,,,Marketing Services,https://de.linkedin.com/company/flyeralarm,,,,,,,,,,,
linkedin,Lead Project Manager Digital Workplace (all genders),HIRSCHTEC,Greater Dusseldorf Area,2026-10-02,https://www.linkedin.com/jobs/view/4472882421 , ,li-4472882421,fulltime,,,,,,False,mid-senior level,,,,Business Consulting and Services and IT Services and IT Consulting,https://de.linkedin.com/company/hirschtec,,,,,,,,,,,
linkedin,Projektleiter Netzinfrastruktur mit unternehmerischer Perspektive (m/w/d),LEONHARD WEISS GmbH & Co. KG,"Weiterstadt, Hesse, Germany",2026-10-02,https://www.linkedin.com/jobs/view/4474747159 , ,li-4474747159,fulltime,,,,,,False,mid-senior level,,,,Construction,https://de.linkedin.com/company/leonhard-weiss-gmbh-&-co-kg,,,,,,,,,,,
linkedin,IT-Projektleiter (m/w/d),amexus Informationstechnik GmbH & Co. KG,"Ahaus, North Rhine-Westphalia, Germany",2026-10-02,https://www.linkedin.com/jobs/view/4473145003 , ,li-4473145003,fulltime,,,,,,False,mid-senior level,,,,Business Consulting and Services,https://de.linkedin.com/company/amexus,,,,,,,,,,,
linkedin,Senior Project Manager,Mercury,"Düsseldorf, North Rhine-Westphalia, Germany",2026-10-02,https://www.linkedin.com/jobs/view/4446409381 , ,li-4446409381,fulltime,,,,,,False,mid-senior level,,,,Construction,https://ie.linkedin.com/company/mercury-engineering,,,,,,,,,,,
linkedin,Bauleiter Freileitungsbau (m/w/d),Atlas Titan,"Hamburg, Hamburg, Germany",2026-10-02,https://www.linkedin.com/jobs/view/4463972483 , ,li-4463972483,fulltime,,,,,,False,mid-senior level,,,,Business Consulting and Services,https://de.linkedin.com/company/atlas-titan,,,,,,,,,,,
linkedin,"Team Lead, Power Systems Engineering",Ramboll,"Berlin, Berlin, Germany",2026-10-02,https://www.linkedin.com/jobs/view/4473547180 , ,li-4473547180,fulltime,,,,,,False,mid-senior level,,,job.advert.accessibility@ramboll.com,Engineering Services,https://dk.linkedin.com/company/ramboll,,,,,,,,,,,
linkedin,"Team Lead, Power Systems Engineering",Ramboll,"Hamburg, Hamburg, Germany",2026-10-02,https://www.linkedin.com/jobs/view/4473526725 , ,li-4473526725,fulltime,,,,,,False,mid-senior level,,,job.advert.accessibility@ramboll.com,Engineering Services,https://dk.linkedin.com/company/ramboll,,,,,,,,,,,
linkedin,Technical Project Manager (all genders) - Retail and window campaigns,LIGANOVA,"Stuttgart, Baden-Württemberg, Germany",2026-10-02,https://www.linkedin.com/jobs/view/4473150287 , ,li-4473150287,fulltime,,,,,,False,associate,,,,Advertising Services,https://de.linkedin.com/company/liganova,,,,,,,,,,,
linkedin,Project Lead / Project Manager - Softwareprojekte (m/w/d),SPECTRUM AG,"Kiel, Schleswig-Holstein, Germany",2026-10-02,https://www.linkedin.com/jobs/view/4472998944 , ,li-4472998944,fulltime,,,,,,False,mid-senior level,,,,IT Services and IT Consulting,https://de.linkedin.com/company/spectrum-ag,,,,,,,,,,,
linkedin,Technical Project Manager (JetBrains Cloud Platform),JetBrains,"Berlin, Berlin, Germany",2026-10-02,https://www.linkedin.com/jobs/view/4427359545 , ,li-4427359545,fulltime,,,,,,False,mid-senior level,,,,Software Development,https://nl.linkedin.com/company/jetbrains,,,,,,,,,,,
linkedin,Projektleiter Immobilien,DIS AG,"Hamburg, Hamburg, Germany",2026-10-02,https://www.linkedin.com/jobs/view/4466073838 , ,li-4466073838,fulltime,,,,,,False,mid-senior level,,,,Construction,https://de.linkedin.com/company/dis-ag,,,,,,,,,,,
linkedin,Projektmanager (w/m/d) für Leistungstransformatoren,Siemens Energy,"Dresden, Saxony, Germany",2026-10-02,https://www.linkedin.com/jobs/view/4455650093 , ,li-4455650093,fulltime,,,,,,False,mid-senior level,,,,"Appliances, Electrical, and Electronics Manufacturing",https://www.linkedin.com/company/siemens-energy,,,,,,,,,,,
linkedin,Project Manager (m/f/d),Exyte,"Stuttgart, Baden-Württemberg, Germany",2026-10-02,https://www.linkedin.com/jobs/view/4377939017 , ,li-4377939017,fulltime,,,,,,False,mid-senior level,,,lisamarie.kussmaul@exyte.net,Civil Engineering,https://de.linkedin.com/company/exyte-group,,,,,,,,,,,
linkedin,IT-Projektleitung (m/w/d),Finanz Informatik,"Frankfurt, Hesse, Germany",2026-10-02,https://www.linkedin.com/jobs/view/4473335455 , ,li-4473335455,fulltime,,,,,,False,associate,,,,"IT Services and IT Consulting, Banking, and Financial Services",https://de.linkedin.com/company/finanz-informatik,,,,,,,,,,,
linkedin,Projektleitung (w/m/d) für Anlagen der Energieübertragung und -verteilung,Siemens,"Berlin, Berlin, Germany",2026-10-02,https://www.linkedin.com/jobs/view/4473362381 , ,li-4473362381,fulltime,,,,,,False,mid-senior level,,,,Automation Machinery Manufacturing,https://de.linkedin.com/company/siemens,,,,,,,,,,,
linkedin,IT Projektmanager (m/w/d),MEGABAD GmbH,"Kerpen, North Rhine-Westphalia, Germany",2026-10-02,https://www.linkedin.com/jobs/view/4474768422 , ,li-4474768422,fulltime,,,,,,False,mid-senior level,,,,Online and Mail Order Retail,https://de.linkedin.com/company/megabad,,,,,,,,,,,
linkedin,Team Lead SAP Retail Fuel & Network Operations (RFNO) (m/w/d),Implico Group,"Hamburg, Hamburg, Germany",2026-10-02,https://www.linkedin.com/jobs/view/4473351330 , ,li-4473351330,fulltime,,,,,,False,mid-senior level,,,,Software Development,https://de.linkedin.com/company/implicogroup,,,,,,,,,,,
linkedin,Projektleiter (Senior)- Breitband / FTTx (m/w/d),prettyTELCO,"Ulm, Baden-Württemberg, Germany",2026-10-02,https://www.linkedin.com/jobs/view/4473117114 , ,li-4473117114,fulltime,,,,,,False,mid-senior level,,,,Staffing and Recruiting,https://de.linkedin.com/company/prettytelco,,,,,,,,,,,
linkedin,IT-Projektmanager (m/w/d),RSM Ebner Stolz,"Hamburg, Hamburg, Germany",2026-10-02,https://www.linkedin.com/jobs/view/4472998938 , ,li-4472998938,fulltime,,,,,,False,mid-senior level,,,,Professional Services,https://de.linkedin.com/company/rsm-ebner-stolz,,,,,,,,,,,
linkedin,Projektleiter:in,KÖTTER Services,"Dortmund, North Rhine-Westphalia, Germany",2026-10-02,https://www.linkedin.com/jobs/view/4474723670 , ,li-4474723670,fulltime,,,,,,False,associate,,,,"Facilities Services, Construction, and Building Construction",https://de.linkedin.com/company/koetterservices,,,,,,,,,,,
linkedin,Senior Project Lead Strategy Consulting (m/w/d),BASF,"Monheim, North Rhine-Westphalia, Germany",2026-10-02,https://www.linkedin.com/jobs/view/4473141264 , ,li-4473141264,fulltime,,,,,,False,not applicable,,,jennifer.weiz@basf.com,Chemical Manufacturing and Plastics Manufacturing,https://de.linkedin.com/company/basf,,,,,,,,,,,
linkedin,Teamleitung Consulting (m/w/d) – Kompaktaufträge,Schleupen SE,"Moers, North Rhine-Westphalia, Germany",2026-10-02,https://www.linkedin.com/jobs/view/4473172350 , ,li-4473172350,fulltime,,,,,,False,mid-senior level,,,,Internet Publishing,https://de.linkedin.com/company/schleupen-se,,,,,,,,,,,
linkedin,Job Captain,Handwerkskammer Ostmecklenburg-Vorpommern,"Rostock, Mecklenburg-West Pomerania, Germany",2026-10-02,https://www.linkedin.com/jobs/view/4473113826 , ,li-4473113826,fulltime,,,,,,False,mid-senior level,,,,Civic and Social Organizations,https://www.linkedin.com/company/handwerkskammer-ostmecklenburg-vorpommern,,,,,,,,,,,
linkedin,Projektleiter Produktentwicklungsprojekte (m/w/d),PFISTERER,"Winterbach, Baden-Württemberg, Germany",2026-10-02,https://www.linkedin.com/jobs/view/4439036569 , ,li-4439036569,fulltime,,,,,,False,associate,,,,Oil and Gas,https://de.linkedin.com/company/pfisterer,,,,,,,,,,,
linkedin,Projektleiter Anlagenbau (m/w/d),Sülzle Kopf GmbH,"Bergfelden, Baden-Württemberg, Germany",2026-10-02,https://www.linkedin.com/jobs/view/4473338392 , ,li-4473338392,fulltime,,,,,,False,associate,,,,"Construction and Water, Waste, Steam, and Air Conditioning Services",https://de.linkedin.com/company/s%C3%BClzle-kopf-gmbh,,,,,,,,,,,
linkedin,Projektmanager (m/w/d),MERKUR GROUP,"Lübbecke, North Rhine-Westphalia, Germany",2026-10-02,https://www.linkedin.com/jobs/view/4473125893 , ,li-4473125893,fulltime,,,,,,False,mid-senior level,,,,Entertainment Providers,https://de.linkedin.com/company/merkur-group,,,,,,,,,,,
linkedin,Projektleiter (w/m/d) Hochbau Schlüsselfertigbau,HOCHTIEF,"Hannover, Lower Saxony, Germany",2026-10-02,https://www.linkedin.com/jobs/view/4473167976 , ,li-4473167976,fulltime,,,,,,False,mid-senior level,,,,Construction,https://de.linkedin.com/company/hochtief,,,,,,,,,,,
linkedin,Senior Project Manager Real Estate d/f/m,RWE,"Essen, North Rhine-Westphalia, Germany",2026-10-02,https://www.linkedin.com/jobs/view/4474760862 , ,li-4474760862,fulltime,,,,,,False,mid-senior level,,,,Utilities,https://de.linkedin.com/company/rwe-,,,,,,,,,,,
linkedin,(Senior) Business Owner Search & Recommendation (m/w/d),Lekkerland SE,"Frechen, North Rhine-Westphalia, Germany",2026-10-02,https://www.linkedin.com/jobs/view/4474757472 , ,li-4474757472,fulltime,,,,,,False,mid-senior level,,,,Wholesale,https://de.linkedin.com/company/lekkerland,,,,,,,,,,,
linkedin,Product Manager Digitales Lernprodukt mit Schwerpunkt Finance (m/w/d),OneCareer GmbH,Germany,2026-10-02,https://www.linkedin.com/jobs/view/4426832149 , ,li-4426832149,fulltime,,,,,,False,associate,,,,Education,https://de.linkedin.com/school/onecareer-gmbh/,,,,,,,,,,,
linkedin,Chief* Digital Product Owner Planung Projektierung Bau,Dortmunder Netz GmbH (DONETZ),"Dortmund, North Rhine-Westphalia, Germany",2026-10-02,https://www.linkedin.com/jobs/view/4472863971 , ,li-4472863971,fulltime,,,,,,False,mid-senior level,,,,Utilities,https://www.linkedin.com/company/dortmunder-netz-gmbh-donetz,,,,,,,,,,,
linkedin,Projektmanager (m/w/d) im Bereich Verkehrsinfrastruktur (501),Vössing Ingenieurgesellschaft mbH,"Frankfurt, Hesse, Germany",2026-10-02,https://www.linkedin.com/jobs/view/4474728577 , ,li-4474728577,fulltime,,,,,,False,associate,,,,Engineering Services,https://de.linkedin.com/company/voessing,,,,,,,,,,,
linkedin,"Product Manager, Publisher Payments (f/m/d)",Awin Global,"Berlin, Berlin, Germany",2026-10-02,https://www.linkedin.com/jobs/view/4441038935 , ,li-4441038935,fulltime,,,,,,False,mid-senior level,,,,Advertising Services,https://de.linkedin.com/company/awin-global,,,,,,,,,,,
linkedin,Technischer Project Manager (all genders) - Retail- und Fensterkampagnen,LIGANOVA,"Stuttgart, Baden-Württemberg, Germany",2026-10-02,https://www.linkedin.com/jobs/view/4473134850 , ,li-4473134850,fulltime,,,,,,False,associate,,,,Advertising Services,https://de.linkedin.com/company/liganova,,,,,,,,,,,
linkedin,Projektmanager Luftfahrt (m/w/d),FERCHAU,"Hamburg, Hamburg, Germany",2026-10-02,https://www.linkedin.com/jobs/view/4438582370 , ,li-4438582370,fulltime,direct_data,yearly,55000.0,70000.0,EUR,False,mid-senior level,,,hamburg-city@ferchau.com,Engineering Services,https://de.linkedin.com/company/ferchau,,,,,,,,,,,
linkedin,Projektmanager:in,Tintschl Unternehmensgruppe,"Bremen, Germany",2026-10-02,https://www.linkedin.com/jobs/view/4474730854 , ,li-4474730854,fulltime,,,,,,False,associate,,,,IT Services and IT Consulting and Defense and Space Manufacturing,https://de.linkedin.com/company/tintschlunternehmensgruppe,,,,,,,,,,,
linkedin,Projektleiter (m/w/d) – Logistik & Qualitätsmanagement nach 88079 Kressbronn,Dippel Personalmanagement GmbH,"Kressbronn am Bodensee, Baden-Württemberg, Germany",2026-10-02,https://www.linkedin.com/jobs/view/4474734701 , ,li-4474734701,fulltime,,,,,,False,mid-senior level,,,ravensburg@dippel.de,IT Services and IT Consulting,https://www.linkedin.com/company/dippel-personalmanagement-gmbh,,,,,,,,,,,
linkedin,Senior Projektmanager (m/w/d) Gebäudemodernisierung,GWH Wohnungsgesellschaft mbH Hessen,"Frankfurt am Main, Hesse, Germany",2026-10-02,https://www.linkedin.com/jobs/view/4472870628 , ,li-4472870628,fulltime,,,,,,False,associate,,,uwaseli@gwh.de,Real Estate,https://de.linkedin.com/company/gwh-wohnungsgesellschaft-mbh-hessen,,,,,,,,,,,
linkedin,Projektmanager Baufinanzierung (m/w/d),Santander Deutschland,"Mönchengladbach, North Rhine-Westphalia, Germany",2026-10-02,https://www.linkedin.com/jobs/view/4446827991 , ,li-4446827991,fulltime,,,,,,False,mid-senior level,,,,Financial Services,https://de.linkedin.com/company/openbankdeutschland,,,,,,,,,,,
linkedin,Projektleiter (m/w/d),Röchling Industrial,"Haren, Lower Saxony, Germany",2026-10-02,https://www.linkedin.com/jobs/view/4473130961 , ,li-4473130961,fulltime,,,,,,False,mid-senior level,,,,Plastics Manufacturing,https://de.linkedin.com/company/roechling-industrial,,,,,,,,,,,
linkedin,Mechanical Project Manager,Mercury,"Düsseldorf, North Rhine-Westphalia, Germany",2026-10-02,https://www.linkedin.com/jobs/view/4445778320 , ,li-4445778320,fulltime,,,,,,False,mid-senior level,,,,Construction,https://ie.linkedin.com/company/mercury-engineering,,,,,,,,,,,
linkedin,Senior Project Manager Real Estate d/w/m,RWE,"Essen, North Rhine-Westphalia, Germany",2026-10-02,https://www.linkedin.com/jobs/view/4474767612 , ,li-4474767612,fulltime,,,,,,False,mid-senior level,,,,Utilities,https://de.linkedin.com/company/rwe-,,,,,,,,,,,
linkedin,"Projektleiter Leitungskoordination, Leitungsplanung und Leitungsbau U5 (m/w/d)",Hamburger Hochbahn AG,"Hamburg, Hamburg, Germany",2026-10-02,https://www.linkedin.com/jobs/view/4474311865 , ,li-4474311865,fulltime,,,,,,False,mid-senior level,,,,Urban Transit Services,https://de.linkedin.com/company/hamburger-hochbahn-ag,,,,,,,,,,,
linkedin,Projektleiter:in von Instandhaltungsmaßnahmen im Bauprojektmanagement,Deutsche Bahn,"Stuttgart, Baden-Württemberg, Germany",2026-10-02,https://www.linkedin.com/jobs/view/4456446771 , ,li-4456446771,fulltime,,,,,,False,mid-senior level,,,,Truck Transportation,https://de.linkedin.com/company/deutschebahn,,,,,,,,,,,
linkedin,Project Manager & Planning (m/f/d),Alpitronic,"Nuremberg, Bavaria, Germany",2026-10-02,https://www.linkedin.com/jobs/view/4385741399 , ,li-4385741399,fulltime,,,,,,False,associate,,,,"Appliances, Electrical, and Electronics Manufacturing",https://it.linkedin.com/company/alpitronic-srl,,,,,,,,,,,
linkedin,Projektleiter m/w/d,Phoenix Contact,"Lüdenscheid, North Rhine-Westphalia, Germany",2026-10-02,https://www.linkedin.com/jobs/view/4474795123 , ,li-4474795123,fulltime,,,,,,False,entry level,,,,Automation Machinery Manufacturing,https://de.linkedin.com/company/phoenix-contact,,,,,,,,,,,
linkedin,Product Line Manager,ABB,"Ort, Bavaria, Germany",2026-10-02,https://www.linkedin.com/jobs/view/4473365897 , ,li-4473365897,fulltime,,,,,,False,mid-senior level,,,,Automation Machinery Manufacturing,https://ch.linkedin.com/company/abb,,,,,,,,,,,
linkedin,TGA-Projektleiter (m/w/d),Ingenieurbüro KEM GmbH,"Berlin, Berlin, Germany",2026-10-02,https://www.linkedin.com/jobs/view/4473134852 , ,li-4473134852,fulltime,direct_data,yearly,70000.0,85000.0,EUR,False,director,,,,Architecture and Planning,https://de.linkedin.com/company/ib-kem,,,,,,,,,,,
linkedin,Senior Projektleiter (w/m/d) Projektmanagement Hochbau,Assmann Beraten + Planen,"Brunswick, Lower Saxony, Germany",2026-10-02,https://www.linkedin.com/jobs/view/4250242352 , ,li-4250242352,fulltime,,,,,,False,associate,,,,Architecture and Planning and Engineering Services,https://de.linkedin.com/company/assmann-beraten-planen,,,,,,,,,,,
linkedin,Senior Product Owner (m/w/d),Pflegia,"Berlin, Berlin, Germany",2026-10-01,https://www.linkedin.com/jobs/view/4472501607 , ,li-4472501607,fulltime,direct_data,yearly,45000.0,85000.0,EUR,False,director,,,,Staffing and Recruiting,https://de.linkedin.com/company/pflegia-ag,,,,,,,,,,,
linkedin,Lead Product Manager (m/w/d),TE Connectivity,"Bensheim, Hesse, Germany",2026-10-01,https://www.linkedin.com/jobs/view/4435149734 , ,li-4435149734,fulltime,,,,,,False,mid-senior level,,,,"Appliances, Electrical, and Electronics Manufacturing",https://ie.linkedin.com/company/te-connectivity,,,,,,,,,,,
linkedin,Senior Product Owner - Data & Analytics (m/f/d),Yepoda,"Berlin, Berlin, Germany",2026-10-01,https://www.linkedin.com/jobs/view/4474501913 , ,li-4474501913,fulltime,,,,,,False,mid-senior level,,,,Cosmetics,https://de.linkedin.com/company/yepoda,,,,,,,,,,,
linkedin,Global Technology & Product Portfolio Manager - Pressure Sensors (m/f/d) Remote,TE Connectivity,"Berlin, Berlin, Germany",2026-10-01,https://www.linkedin.com/jobs/view/4447057277 , ,li-4447057277,fulltime,,,,,,True,mid-senior level,,,,"Appliances, Electrical, and Electronics Manufacturing",https://ie.linkedin.com/company/te-connectivity,,,,,,,,,,,
linkedin,Produktmanager:in Breitband,ReSus Consult GmbH,"Cologne, North Rhine-Westphalia, Germany",2026-10-01,https://www.linkedin.com/jobs/view/4472546802 , ,li-4472546802,fulltime,,,,,,False,associate,,,bewerbung@resus-consult.de,Telecommunications and Civil Engineering,https://de.linkedin.com/company/rsc-personalberatung,,,,,,,,,,,
linkedin,Technical Product Manager Hardware / IoT (m/w/d),MAKE WORK FLOW,"Hamburg, Germany",2026-10-01,https://www.linkedin.com/jobs/view/4474137979 , ,li-4474137979,fulltime,,,,,,False,entry level,,,markus.bosse@makeworkflow.de,IT System Operations and Maintenance,https://de.linkedin.com/company/makeworkflowgmbh,,,,,,,,,,,
linkedin,Produktmanager (m/w/d) bei GRÜNSPECHT Naturprodukte,GRÜNSPECHT Naturprodukte GmbH,"Karlskron, Bavaria, Germany",2026-10-01,https://www.linkedin.com/jobs/view/4472918485 , ,li-4472918485,fulltime,,,,,,False,associate,,,,Retail,https://de.linkedin.com/company/gr%C3%BCnspecht-naturprodukt-gmbh,,,,,,,,,,,
linkedin,IT Project Manager / Product Owner Filialapplikationen (m/w/d),Schwarz Digits,"Bad Friedrichshall, Baden-Württemberg, Germany",2026-10-01,https://www.linkedin.com/jobs/view/4472803650 , ,li-4472803650,fulltime,,,,,,False,mid-senior level,,,,IT Services and IT Consulting,https://de.linkedin.com/company/schwarz-digits,,,,,,,,,,,
linkedin,Product Owner (Matchmaking&Relationship),Jobgether,Germany,2026-10-01,https://www.linkedin.com/jobs/view/4472547032 , ,li-4472547032,fulltime,,,,,,False,mid-senior level,,,,Internet Marketplace Platforms,https://be.linkedin.com/company/jobgether,,,,,,,,,,,
linkedin,Produktmanager:in befristet 2 Jahre (m/w/d),JobRad® | Deutschland,"Freiburg, Baden-Württemberg, Germany",2026-10-01,https://www.linkedin.com/jobs/view/4474182421 , ,li-4474182421,fulltime,,,,,,False,mid-senior level,,,,Financial Services,https://de.linkedin.com/company/jobrad-gmbh,,,,,,,,,,,
linkedin,(Junior) Technical Product Owner (f/m/d) – Virtual Appliance & Container Platform,Zertificon Solutions GmbH,"Neukölln, Berlin, Germany",2026-10-01,https://www.linkedin.com/jobs/view/4472530682 , ,li-4472530682,fulltime,,,,,,False,associate,,,jobs@zertificon.com,Software Development,https://de.linkedin.com/company/zertificon-solutions-gmbh,,,,,,,,,,,
linkedin,Product Owner Marketing Automation (x|f|m),Sartorius,"Göttingen, Lower Saxony, Germany",2026-10-01,https://www.linkedin.com/jobs/view/4474141920 , ,li-4474141920,fulltime,,,,,,False,mid-senior level,,,,Biotechnology Research,https://de.linkedin.com/company/sartorius,,,,,,,,,,,
linkedin,Produktmanager Software (m/w/d),Reiser Simulation and Training GmbH,"Berg, Bavaria, Germany",2026-10-01,https://www.linkedin.com/jobs/view/4474553185 , ,li-4474553185,fulltime,,,,,,False,entry level,,,"career@reiser-st.com, career@reiser-st.com",Aviation and Aerospace Component Manufacturing,https://de.linkedin.com/company/reiser-simulation-and-training,,,,,,,,,,,
linkedin,Product Owner Locker.OS,GLS/NXT,"Berlin, Berlin, Germany",2026-10-01,https://www.linkedin.com/jobs/view/4472937021 , ,li-4472937021,fulltime,,,,,,False,director,,,,Software Development,https://de.linkedin.com/company/gls-nxt,,,,,,,,,,,
linkedin,Produktmanager*in – für generative KI (all genders),Fraunhofer IIS,"Erlangen, Bavaria, Germany",2026-10-01,https://www.linkedin.com/jobs/view/4474175802 , ,li-4474175802,fulltime,,,,,,False,mid-senior level,,,recruiting@iis.fraunhofer.de,Research Services,https://de.linkedin.com/company/fraunhofer-iis,,,,,,,,,,,
linkedin,(Senior) Product Owner - STACKIT Cloud Support Pläne (m/w/d),STACKIT,"Bad Friedrichshall, Baden-Württemberg, Germany",2026-10-01,https://www.linkedin.com/jobs/view/4453108245 , ,li-4453108245,fulltime,,,,,,False,mid-senior level,,,,IT Services and IT Consulting,https://de.linkedin.com/company/stackit-cloud-colocation,,,,,,,,,,,
linkedin,Senior Product Manager (ISR) Defence & Intelligence (f/m/x),LiveEO,"Berlin, Berlin, Germany",2026-10-01,https://www.linkedin.com/jobs/view/4463842106 , ,li-4463842106,fulltime,,,,,,False,mid-senior level,,,,Software Development,https://de.linkedin.com/company/liveeo,,,,,,,,,,,
linkedin,Senior Product Manager (VCS Ecosystem),JetBrains,"Berlin, Berlin, Germany",2026-10-01,https://www.linkedin.com/jobs/view/4445487164 , ,li-4445487164,fulltime,,,,,,False,mid-senior level,,,,Software Development,https://nl.linkedin.com/company/jetbrains,,,,,,,,,,,
linkedin,Senior Product Manager - Charging & Tax,Kraken,Berlin Metropolitan Area,2026-10-01,https://www.linkedin.com/jobs/view/4463886498 , ,li-4463886498,fulltime,,,,,,False,mid-senior level,,,inclusion@kraken.tech,"Technology, Information and Internet",https://uk.linkedin.com/company/krakentech,,,,,,,,,,,
linkedin,Senior Product Owner – Xsolla Money Account,Xsolla,"Berlin, Berlin, Germany",2026-10-01,https://www.linkedin.com/jobs/view/4407249754 , ,li-4407249754,fulltime,,,,,,False,mid-senior level,,,,Computer Games,https://www.linkedin.com/company/xsolla,,,,,,,,,,,
linkedin,Product Manager - Local Payments,PPRO,"Berlin, Berlin, Germany",2026-10-01,https://www.linkedin.com/jobs/view/4472181685 , ,li-4472181685,fulltime,,,,,,False,mid-senior level,,,,Financial Services,https://uk.linkedin.com/company/ppro,,,,,,,,,,,
linkedin,Product Manager (m/f/d),Heyflow,"Berlin, Germany",2026-10-01,https://www.linkedin.com/jobs/view/4472173543 , ,li-4472173543,fulltime,,,,,,False,mid-senior level,,,,Software Development and Marketing Services,https://de.linkedin.com/company/heyflowcom,,,,,,,,,,,
linkedin,Product Manager:in E-Bikes (m/w/d),SMARTVÉLO,"Cologne, North Rhine-Westphalia, Germany",2026-10-01,https://www.linkedin.com/jobs/view/4472971781 , ,li-4472971781,fulltime,,,,,,False,associate,,,,Freight and Package Transportation,https://de.linkedin.com/company/smartvelo-mobility,,,,,,,,,,,
linkedin,"Tech Principal Product Manager (Live TV), Fire TV Experience",Amazon,"Berlin, Germany",2026-10-01,https://www.linkedin.com/jobs/view/4455909655 , ,li-4455909655,fulltime,,,,,,False,mid-senior level,,,,Software Development,https://www.linkedin.com/company/amazon,,,,,,,,,,,
linkedin,Produktmanager (m/w/d),SONOTEC GmbH,"Halle, Saxony-Anhalt, Germany",2026-10-01,https://www.linkedin.com/jobs/view/4472541431 , ,li-4472541431,fulltime,,,,,,False,entry level,,,,"Appliances, Electrical, and Electronics Manufacturing",https://de.linkedin.com/company/sonotec-gmbh,,,,,,,,,,,
linkedin,Product Manager (m/w/d),raidboxes®,"Münster, North Rhine-Westphalia, Germany",2026-10-01,https://www.linkedin.com/jobs/view/4474540027 , ,li-4474540027,fulltime,,,,,,False,mid-senior level,,,,Internet Publishing,https://de.linkedin.com/company/raidboxes,,,,,,,,,,,
linkedin,"Lead Product Manager, Discovery",GetYourGuide,"Berlin, Germany",2026-10-01,https://www.linkedin.com/jobs/view/4444562027 , ,li-4444562027,fulltime,,,,,,False,mid-senior level,,,jobs@getyourguide.com,"Technology, Information and Internet and Travel Arrangements",https://de.linkedin.com/company/getyourguide-ag,,,,,,,,,,,
linkedin,Senior Product Manager – German Speaking - Managed Detection and Incident Response (m/f/x),Eye Security,"Berlin, Berlin, Germany",2026-10-01,https://www.linkedin.com/jobs/view/4456022102 , ,li-4456022102,fulltime,,,,,,False,mid-senior level,,,,Computer and Network Security,https://nl.linkedin.com/company/eyesecurity,,,,,,,,,,,
linkedin,Founding Product Manager,Circonomit,"Berlin, Berlin, Germany",2026-10-01,https://www.linkedin.com/jobs/view/4474362104 , ,li-4474362104,fulltime,,,,,,False,mid-senior level,,,,IT Services and IT Consulting,https://de.linkedin.com/company/circonomit,,,,,,,,,,,
linkedin,Senior PM- life science products,Qualifyze,"Hesse, Germany",2026-10-01,https://www.linkedin.com/jobs/view/4472530419 , ,li-4472530419,fulltime,direct_data,yearly,75000.0,85000.0,EUR,False,mid-senior level,,,,Software Development,https://de.linkedin.com/company/qualifyze,,,,,,,,,,,
linkedin,Technical Product & Portfolio Manager (m/f/d),Danfoss,"Hamburg, Hamburg, Germany",2026-10-01,https://www.linkedin.com/jobs/view/4465803461 , ,li-4465803461,fulltime,,,,,,False,mid-senior level,,,,Industrial Machinery Manufacturing,https://dk.linkedin.com/company/danfoss,,,,,,,,,,,
linkedin,Produktmanager für C-Bögen in der kardiovaskulären Applikation (m/w/d),Ziehm Imaging,"Nuremberg, Bavaria, Germany",2026-10-01,https://www.linkedin.com/jobs/view/4472530326 , ,li-4472530326,fulltime,direct_data,yearly,50000.0,80000.0,EUR,False,not applicable,,,karriere@ziehm.com,Medical Equipment Manufacturing,https://de.linkedin.com/company/ziehm-imaging,,,,,,,,,,,
linkedin,Produktmanager Finanzsoftware (w/m/d),Axians,"Ulm, Baden-Württemberg, Germany",2026-10-01,https://www.linkedin.com/jobs/view/4472930320 , ,li-4472930320,fulltime,,,,,,False,associate,,,michele.wagner@axians-infoma.de,IT Services and IT Consulting,https://fr.linkedin.com/company/axians,,,,,,,,,,,
linkedin,Technical Product Manager - Agentic AI Platform (f/m/d) Remote Europe,Otera,"Berlin, Berlin, Germany",2026-10-01,https://www.linkedin.com/jobs/view/4472551878 , ,li-4472551878,fulltime,,,,,,True,mid-senior level,,,,IT Services and IT Consulting,https://at.linkedin.com/company/we-are-otera,,,,,,,,,,,
linkedin,Product Manager - Quest Platform,Xsolla,"Berlin, Berlin, Germany",2026-10-01,https://www.linkedin.com/jobs/view/4359872115 , ,li-4359872115,fulltime,,,,,,False,mid-senior level,,,,Computer Games,https://www.linkedin.com/company/xsolla,,,,,,,,,,,
linkedin,Founding Product Manager,Circonomit,"Cologne, North Rhine-Westphalia, Germany",2026-10-01,https://www.linkedin.com/jobs/view/4474345930 , ,li-4474345930,fulltime,,,,,,False,mid-senior level,,,,IT Services and IT Consulting,https://de.linkedin.com/company/circonomit,,,,,,,,,,,
linkedin,Teamleiter Projektentwicklung Wind (m/w/d),UKA – Der Energieparkentwickler,"Magdeburg, Saxony-Anhalt, Germany",2026-10-01,https://www.linkedin.com/jobs/view/4474186883 , ,li-4474186883,fulltime,,,,,,False,associate,,,,Services for Renewable Energy,https://de.linkedin.com/company/uka-umweltgerechte-kraftanlagen-gmbh-co-kg,,,,,,,,,,,
linkedin,Projektleiter (m/w/d) für stationäre Spanntechnik und Automatisierung von CNC-Anlagen,HAINBUCH GMBH SPANNENDE TECHNIK,"Achberg, Baden-Württemberg, Germany",2026-10-01,https://www.linkedin.com/jobs/view/4474152265 , ,li-4474152265,fulltime,,,,,,False,entry level,,,,Machinery Manufacturing,https://de.linkedin.com/company/hainbuch,,,,,,,,,,,
linkedin,Technischer Projektmanager (m/w/d) Hochbau Berlin,Firmengruppe Max Bögl,"Berlin, Berlin, Germany",2026-10-01,https://www.linkedin.com/jobs/view/4472161857 , ,li-4472161857,fulltime,,,,,,False,associate,,,,Construction,https://de.linkedin.com/company/firmengruppe-max-b%C3%B6gl,,,,,,,,,,,
linkedin,Projektsteuerer (m/w/d)  im Bereich Hochbau,HWP Planung,"Stuttgart, Baden-Württemberg, Germany",2026-10-01,https://www.linkedin.com/jobs/view/4472919988 , ,li-4472919988,fulltime,,,,,,False,associate,,,,Industrial Machinery Manufacturing,https://de.linkedin.com/company/hwpplanung,,,,,,,,,,,
linkedin,Project Manager (m/w/x),Doctorflix,"Berlin, Berlin, Germany",2026-10-01,https://www.linkedin.com/jobs/view/4472944435 , ,li-4472944435,fulltime,,,,,,False,entry level,,,,Software Development,https://de.linkedin.com/company/doctorflix,,,,,,,,,,,
linkedin,Projektmanager (w/m/d) Hochbau,Drees & Sommer,"Nuremberg, Bavaria, Germany",2026-10-01,https://www.linkedin.com/jobs/view/4448097567 , ,li-4448097567,fulltime,,,,,,False,associate,,,,Real Estate,https://de.linkedin.com/company/drees-&-sommer,,,,,,,,,,,
linkedin,IT Projektmanager (m/w/d),Michael Page,"Hamburg, Hamburg, Germany",2026-10-01,https://www.linkedin.com/jobs/view/4474522564 , ,li-4474522564,fulltime,,,,,,False,mid-senior level,,,,"Telecommunications, Biotechnology Research, and IT Services and IT Consulting",https://uk.linkedin.com/company/michael-page,,,,,,,,,,,
linkedin,Projektmanager in der Kampfmittelsondierung (m/w/d) gesucht,KMBS Kampfmittelbeseitigung & Service GmbH,"Cologne, North Rhine-Westphalia, Germany",2026-10-01,https://www.linkedin.com/jobs/view/4472912425 , ,li-4472912425,fulltime,direct_data,monthly,4900.0,6000.0,EUR,False,entry level,,,,Civil Engineering,https://de.linkedin.com/company/kmbs-kampfmittelbeseitigung-service-gmbh,,,,,,,,,,,
linkedin,Project Manager (m/w/d) Entwicklung Drehgeber und Längenmessgeräte,HEIDENHAIN,"Traunreut, Bavaria, Germany",2026-10-01,https://www.linkedin.com/jobs/view/4474138595 , ,li-4474138595,fulltime,,,,,,False,entry level,,,,Automation Machinery Manufacturing and Measuring and Control Instrument Manufacturing,https://de.linkedin.com/company/heidenhain,,,,,,,,,,,
linkedin,Projektleiter (m/w/d) im Bereich Projektsteuerung,HWP Planung,"Stuttgart, Baden-Württemberg, Germany",2026-10-01,https://www.linkedin.com/jobs/view/4472928673 , ,li-4472928673,fulltime,,,,,,False,associate,,,,Industrial Machinery Manufacturing,https://de.linkedin.com/company/hwpplanung,,,,,,,,,,,
linkedin,Project Manager (m/w/d),OMS Prüfservice GmbH,"Dresden, Saxony, Germany",2026-10-01,https://www.linkedin.com/jobs/view/4472568565 , ,li-4472568565,fulltime,direct_data,yearly,44000.0,53000.0,EUR,False,associate,,,,Public Safety and Services for Renewable Energy,https://de.linkedin.com/company/oms-pruefservice-gmbh,,,,,,,,,,,
linkedin,Projektleiter IT für Energiemanagement (m/w/d),Vonovia,"Berlin, Germany",2026-10-01,https://www.linkedin.com/jobs/view/4474369514 , ,li-4474369514,fulltime,,,,,,False,mid-senior level,,,,Real Estate,https://de.linkedin.com/company/vonovia,,,,,,,,,,,
linkedin,Senior Science Program Manager (m/f/d),CHEPLAPHARM,"Berlin, Berlin, Germany",2026-10-01,https://www.linkedin.com/jobs/view/4469787050 , ,li-4469787050,fulltime,,,,,,False,mid-senior level,,,,Pharmaceutical Manufacturing,https://de.linkedin.com/company/cheplapharm-arzneimittel-gmbh,,,,,,,,,,,
linkedin,Projektleiter - Baulogistik (m/w/d) für das Rhein-Main-Gebiet,SiteLog GmbH,"Frankfurt am Main, Hesse, Germany",2026-10-01,https://www.linkedin.com/jobs/view/4472900551 , ,li-4472900551,fulltime,,,,,,False,mid-senior level,,,info@site-log.com,"Transportation, Logistics, Supply Chain and Storage",https://de.linkedin.com/company/site-log,,,,,,,,,,,
linkedin,Projektleiter im Spezialtiefbau (m/w/d),BEMO Tunnelling,"Hamburg, Hamburg, Germany",2026-10-01,https://www.linkedin.com/jobs/view/4463463209 , ,li-4463463209,fulltime,,,,,,False,mid-senior level,,,,Construction,https://at.linkedin.com/company/bemo-tunnelling,,,,,,,,,,,
linkedin,Projektmanager (w/m/d) Hochbau,Drees & Sommer,"Düsseldorf, North Rhine-Westphalia, Germany",2026-10-01,https://www.linkedin.com/jobs/view/4415290054 , ,li-4415290054,fulltime,,,,,,False,associate,,,,Real Estate,https://de.linkedin.com/company/drees-&-sommer,,,,,,,,,,,
linkedin,Projektmanager (w/m/d) Hochbau,Drees & Sommer,"Leipzig, Saxony, Germany",2026-10-01,https://www.linkedin.com/jobs/view/4415291082 , ,li-4415291082,fulltime,,,,,,False,associate,,,,Real Estate,https://de.linkedin.com/company/drees-&-sommer,,,,,,,,,,,
linkedin,Project Manager for PLM & IoT System Solutions (m/f/d),CONTACT Software,"Cologne, North Rhine-Westphalia, Germany",2026-10-01,https://www.linkedin.com/jobs/view/4359826655 , ,li-4359826655,fulltime,,,,,,False,mid-senior level,,,,Software Development,https://de.linkedin.com/company/contact-software,,,,,,,,,,,
linkedin,Projektleiter (w/m/d) Objektüberwachung TGA HLSK,Drees & Sommer,"Leipzig, Saxony, Germany",2026-10-01,https://www.linkedin.com/jobs/view/4457271083 , ,li-4457271083,fulltime,,,,,,False,associate,,,,Real Estate,https://de.linkedin.com/company/drees-&-sommer,,,,,,,,,,,
linkedin,Technischer Projektmanager (m/w/d) Hochbau Köln oder Liebenau,Firmengruppe Max Bögl,"Cologne, North Rhine-Westphalia, Germany",2026-10-01,https://www.linkedin.com/jobs/view/4472165704 , ,li-4472165704,fulltime,,,,,,False,associate,,,,Construction,https://de.linkedin.com/company/firmengruppe-max-b%C3%B6gl,,,,,,,,,,,
linkedin,Bauingenieur / Architekt als Projektleiter im Schlüsselfertigbau (m/w/d),Dreßler Bau GmbH,"Darmstadt, Hesse, Germany",2026-10-01,https://www.linkedin.com/jobs/view/3851534407 , ,li-3851534407,fulltime,,,,,,False,mid-senior level,,,,Construction,https://de.linkedin.com/company/dre%C3%9Fler-bau-gmbh,,,,,,,,,,,
linkedin,Projektleiter:in – Krankenhausbau / Gesundheitsbauten,HPP Architekten GmbH,"Düsseldorf, North Rhine-Westphalia, Germany",2026-10-01,https://www.linkedin.com/jobs/view/4472516746 , ,li-4472516746,fulltime,,,,,,False,associate,,,,Construction and Architecture and Planning,https://de.linkedin.com/company/hpparchitekten,,,,,,,,,,,
linkedin,Senior QA Project Lead (all genders),Expleo Group,"Cologne, North Rhine-Westphalia, Germany",2026-10-01,https://www.linkedin.com/jobs/view/4437806025 , ,li-4437806025,fulltime,,,,,,False,mid-senior level,,,,IT Services and IT Consulting,https://fr.linkedin.com/company/expleo-group,,,,,,,,,,,
linkedin,Manager Leitungsrecht (f/m/d) - IE2S GmbH,MHP – A Porsche Company,"Nuremberg, Bavaria, Germany",2026-10-01,https://www.linkedin.com/jobs/view/4370990910 , ,li-4370990910,fulltime,,,,,,False,mid-senior level,,,,Business Consulting and Services,https://de.linkedin.com/company/mhp-a-porsche-company,,,,,,,,,,,
linkedin,Technischer Projektverantwortlicher Hochbau / Wohnungswirtschaft,conceptGT GmbH & Co. KG,"Gütersloh, North Rhine-Westphalia, Germany",2026-10-01,https://www.linkedin.com/jobs/view/4471424343 , ,li-4471424343,fulltime,,,,,,False,entry level,,,c.linzel@conceptgt.de,Executive Offices,https://de.linkedin.com/company/conceptgt-gmbh,,,,,,,,,,,
linkedin,Manager Leitungsrecht (f/m/d) - IE2S GmbH,MHP – A Porsche Company,"Munich, Bavaria, Germany",2026-10-01,https://www.linkedin.com/jobs/view/4371001809 , ,li-4371001809,fulltime,,,,,,False,mid-senior level,,,,Business Consulting and Services,https://de.linkedin.com/company/mhp-a-porsche-company,,,,,,,,,,,
linkedin,Manager Leitungsrecht (f/m/d) - IE2S GmbH,MHP – A Porsche Company,"Düsseldorf, North Rhine-Westphalia, Germany",2026-10-01,https://www.linkedin.com/jobs/view/4370997783 , ,li-4370997783,fulltime,,,,,,False,mid-senior level,,,,Business Consulting and Services,https://de.linkedin.com/company/mhp-a-porsche-company,,,,,,,,,,,
linkedin,Manager Leitungsrecht (f/m/d) - IE2S GmbH,MHP – A Porsche Company,"Frankfurt am Main, Hesse, Germany",2026-10-01,https://www.linkedin.com/jobs/view/4371002774 , ,li-4371002774,fulltime,,,,,,False,mid-senior level,,,,Business Consulting and Services,https://de.linkedin.com/company/mhp-a-porsche-company,,,,,,,,,,,
linkedin,Manager Bau- und Infrastrukturprojekte (f/m/d) - IE2S GmbH,MHP – A Porsche Company,"Wolfsburg, Lower Saxony, Germany",2026-10-01,https://www.linkedin.com/jobs/view/4464043141 , ,li-4464043141,fulltime,,,,,,False,mid-senior level,,,,Business Consulting and Services,https://de.linkedin.com/company/mhp-a-porsche-company,,,,,,,,,,,
linkedin,Manager Leitungsrecht (f/m/d) - IE2S GmbH,MHP – A Porsche Company,"Ludwigsburg, Baden-Württemberg, Germany",2026-10-01,https://www.linkedin.com/jobs/view/4371008762 , ,li-4371008762,fulltime,,,,,,False,mid-senior level,,,,Business Consulting and Services,https://de.linkedin.com/company/mhp-a-porsche-company,,,,,,,,,,,
linkedin,Manager Tiefbau und Kabel (f/m/d) - IE2S GmbH,MHP – A Porsche Company,"Dresden, Saxony, Germany",2026-10-01,https://www.linkedin.com/jobs/view/4370990915 , ,li-4370990915,fulltime,,,,,,False,mid-senior level,,,,Business Consulting and Services,https://de.linkedin.com/company/mhp-a-porsche-company,,,,,,,,,,,
linkedin,Manager Leitungsrecht (f/m/d) - IE2S GmbH,MHP – A Porsche Company,"Dresden, Saxony, Germany",2026-10-01,https://www.linkedin.com/jobs/view/4370998861 , ,li-4370998861,fulltime,,,,,,False,mid-senior level,,,,Business Consulting and Services,https://de.linkedin.com/company/mhp-a-porsche-company,,,,,,,,,,,
linkedin,Manager Bau- und Infrastrukturprojekte (f/m/d) - IE2S GmbH,MHP – A Porsche Company,"Ludwigsburg, Baden-Württemberg, Germany",2026-10-01,https://www.linkedin.com/jobs/view/4464046133 , ,li-4464046133,fulltime,,,,,,False,mid-senior level,,,,Business Consulting and Services,https://de.linkedin.com/company/mhp-a-porsche-company,,,,,,,,,,,
linkedin,Projektleiter Entwicklung Medizintechnik (m/w/d),Real,"Villingen-Schwenningen, Baden-Württemberg, Germany",2026-10-01,https://www.linkedin.com/jobs/view/4474177995 , ,li-4474177995,fulltime,direct_data,yearly,50000.0,58000.0,EUR,False,not applicable,,,,Medical Equipment Manufacturing,https://uk.linkedin.com/company/real-staffing-group,,,,,,,,,,,
linkedin,Projektleiter TGA / HKLS (w/m/d) im Facility Management,Apleona Group,"Manching, Bavaria, Germany",2026-10-01,https://www.linkedin.com/jobs/view/4472563068 , ,li-4472563068,fulltime,,,,,,False,associate,,,thorsten.roessle@apleona.com,Facilities Services,https://de.linkedin.com/company/apleonagroup,,,,,,,,,,,
linkedin,Manager Bau- und Infrastrukturprojekte (f/m/d) - IE2S GmbH,MHP – A Porsche Company,"Düsseldorf, North Rhine-Westphalia, Germany",2026-10-01,https://www.linkedin.com/jobs/view/4464061020 , ,li-4464061020,fulltime,,,,,,False,mid-senior level,,,,Business Consulting and Services,https://de.linkedin.com/company/mhp-a-porsche-company,,,,,,,,,,,
linkedin,Manager Bau- und Infrastrukturprojekte (f/m/d) - IE2S GmbH,MHP – A Porsche Company,"Frankfurt am Main, Hesse, Germany",2026-10-01,https://www.linkedin.com/jobs/view/4464042180 , ,li-4464042180,fulltime,,,,,,False,mid-senior level,,,,Business Consulting and Services,https://de.linkedin.com/company/mhp-a-porsche-company,,,,,,,,,,,
linkedin,Technischer Projektleiter (m/w/d) Satelliten- & Raumfahrt-Kryptosysteme,techculture GmbH,"Bremen, Bremen, Germany",2026-10-01,https://www.linkedin.com/jobs/view/4474304749 , ,li-4474304749,fulltime,,,,,,False,associate,,,,Aviation and Aerospace Component Manufacturing,https://de.linkedin.com/company/techculture-recruiting,,,,,,,,,,,
linkedin,Teamleiter Projektentwicklung Wind (m/w/d),UKA – Der Energieparkentwickler,"Dresden, Saxony, Germany",2026-10-01,https://www.linkedin.com/jobs/view/4474192741 , ,li-4474192741,fulltime,,,,,,False,associate,,,,Services for Renewable Energy,https://de.linkedin.com/company/uka-umweltgerechte-kraftanlagen-gmbh-co-kg,,,,,,,,,,,
linkedin,Projektleiter / Project Leader Unternehmensprojekte (m/w/d) Hamburg,Detlev Louis Motorrad-Vertriebsgesellschaft mbH,"Hamburg, Hamburg, Germany",2026-10-01,https://www.linkedin.com/jobs/view/4474320355 , ,li-4474320355,fulltime,,,,,,False,mid-senior level,,,,Retail,https://de.linkedin.com/company/detlev-louis-motorradvertriebs-gmbh,,,,,,,,,,,
linkedin,Projektleiter für das Bauprojektmanagement Modernisierung - Berlin/Brandenburg (m/w/d),Vonovia,"Berlin, Berlin, Germany",2026-10-01,https://www.linkedin.com/jobs/view/4472964729 , ,li-4472964729,fulltime,,,,,,False,mid-senior level,,,,Real Estate,https://de.linkedin.com/company/vonovia,,,,,,,,,,,
linkedin,Projektleiter (m/w/d) Klima- und Lüftungstechnik bis zu 60.000 € Jahresbrutto,IMPACT business GmbH,"Schwalbach, Hesse, Germany",2026-10-01,https://www.linkedin.com/jobs/view/4472641898 , ,li-4472641898,fulltime,,,,,,False,mid-senior level,,,Darmstadt@IMPACT-Group.de,Software Development,https://www.linkedin.com/company/impact-business-gmbh,,,,,,,,,,,
linkedin,Projektleiter (w/m/d) Objektüberwachung TGA HLSK,Drees & Sommer,"Penzberg, Bavaria, Germany",2026-10-01,https://www.linkedin.com/jobs/view/4446214604 , ,li-4446214604,fulltime,,,,,,False,associate,,,,Real Estate,https://de.linkedin.com/company/drees-&-sommer,,,,,,,,,,,
linkedin,Projektleiter Landschaftsarchitektur (m/w/d),SIG-Hessen.com,"Immenhausen, Hesse, Germany",2026-10-01,https://www.linkedin.com/jobs/view/4472983416 , ,li-4472983416,fulltime,,,,,,False,entry level,,,,Architecture and Planning,https://www.linkedin.com/company/sig-hessen.com,,,,,,,,,,,
linkedin,Manager Leitungsrecht (f/m/d) - IE2S GmbH,MHP – A Porsche Company,"Berlin, Berlin, Germany",2026-10-01,https://www.linkedin.com/jobs/view/4371012272 , ,li-4371012272,fulltime,,,,,,False,mid-senior level,,,,Business Consulting and Services,https://de.linkedin.com/company/mhp-a-porsche-company,,,,,,,,,,,
linkedin,Manager Bau- und Infrastrukturprojekte (f/m/d) - IE2S GmbH,MHP – A Porsche Company,"Nuremberg, Bavaria, Germany",2026-10-01,https://www.linkedin.com/jobs/view/4464045131 , ,li-4464045131,fulltime,,,,,,False,mid-senior level,,,,Business Consulting and Services,https://de.linkedin.com/company/mhp-a-porsche-company,,,,,,,,,,,
linkedin,Projektmanager (m/w/d) Logistikberatung,ELSEN Unternehmensgruppe,"Mülheim, Rhineland-Palatinate, Germany",2026-10-01,https://www.linkedin.com/jobs/view/4474305616 , ,li-4474305616,fulltime,,,,,,False,entry level,,,,"Transportation, Logistics, Supply Chain and Storage",https://de.linkedin.com/company/elsen-unternehmensgruppe,,,,,,,,,,,
linkedin,Projektleiter*in Elektrotechnik/Elektrohandwerk (m/w/d),Klippel & Wolf GmbH Elektromontage,"Saarbrücken, Saarland, Germany",2026-10-01,https://www.linkedin.com/jobs/view/4472923782 , ,li-4472923782,fulltime,,,,,,False,associate,,,,Manufacturing,https://de.linkedin.com/company/klippel-&-wolf-gmbh-elektromontage,,,,,,,,,,,
linkedin,"Team Lead Hardware Engineering, R&D / Project Manager (m/f/d)",Esko,"Itzehoe, Schleswig-Holstein, Germany",2026-10-01,https://www.linkedin.com/jobs/view/4474549155 , ,li-4474549155,fulltime,,,,,,False,mid-senior level,,,,Software Development,https://be.linkedin.com/company/esko,,,,,,,,,,,
linkedin,Project & Contract Manager (f/m/d),GE Vernova,"Berlin, Berlin, Germany",2026-10-01,https://www.linkedin.com/jobs/view/4474365070 , ,li-4474365070,fulltime,,,,,,False,mid-senior level,,,,Energy Technology,https://www.linkedin.com/company/gevernova,,,,,,,,,,,
linkedin,Projektleiter TGA für Energiemanagement (m/w/d),Vonovia,"Berlin, Germany",2026-10-01,https://www.linkedin.com/jobs/view/4474370482 , ,li-4474370482,fulltime,,,,,,False,mid-senior level,,,,Real Estate,https://de.linkedin.com/company/vonovia,,,,,,,,,,,
linkedin,Electrical Project Manager - Dresden - 145178,Jones Engineering,"Dresden, Saxony, Germany",2026-10-01,https://www.linkedin.com/jobs/view/4474565107 , ,li-4474565107,fulltime,,,,,,False,mid-senior level,,,,Construction,https://ie.linkedin.com/company/jonesengineering,,,,,,,,,,,
linkedin,Projektmanager für SAP S4HANA & Cloud Projekte (m/w/d) - 100% Home Office Regelung möglich,Thomas Biber Deutschland GmbH,"Mannheim, Baden-Württemberg, Germany",2026-10-01,https://www.linkedin.com/jobs/view/4472531542 , ,li-4472531542,fulltime,,,,,,False,mid-senior level,,,,Staffing and Recruiting,https://de.linkedin.com/company/biber-and-associates,,,,,,,,,,,
linkedin,Projektleiter (w/m/d) EPCM ‒ TGA HLSK,Drees & Sommer,"Stuttgart, Baden-Württemberg, Germany",2026-10-01,https://www.linkedin.com/jobs/view/4465210461 , ,li-4465210461,fulltime,,,,,,False,associate,,,,Real Estate,https://de.linkedin.com/company/drees-&-sommer,,,,,,,,,,,
linkedin,Projektmanager Produktentwicklung (m/w/d),Dr. Ausbüttel GmbH & Co. KG,"Dortmund, North Rhine-Westphalia, Germany",2026-10-01,https://www.linkedin.com/jobs/view/4340265095 , ,li-4340265095,fulltime,,,,,,False,mid-senior level,,,,Medical Equipment Manufacturing,https://de.linkedin.com/company/dr--ausb%C3%BCttel-&-co--gmbh,,,,,,,,,,,
linkedin,Midweight / Senior Project Manager (m/f/d),Edenspiekermann,"Berlin, Berlin, Germany",2026-10-01,https://www.linkedin.com/jobs/view/4472598984 , ,li-4472598984,fulltime,,,,,,False,mid-senior level,,,,Design Services,https://de.linkedin.com/company/edenspiekermann,,,,,,,,,,,
linkedin,Manager Bau- und Infrastrukturprojekte (f/m/d) - IE2S GmbH,MHP – A Porsche Company,"Dresden, Saxony, Germany",2026-10-01,https://www.linkedin.com/jobs/view/4464046134 , ,li-4464046134,fulltime,,,,,,False,mid-senior level,,,,Business Consulting and Services,https://de.linkedin.com/company/mhp-a-porsche-company,,,,,,,,,,,
linkedin,Technischer Projektmanager (m/w/d) Hochbau Leipzig,Firmengruppe Max Bögl,"Leipzig, Saxony, Germany",2026-10-01,https://www.linkedin.com/jobs/view/4472172367 , ,li-4472172367,fulltime,,,,,,False,associate,,,,Construction,https://de.linkedin.com/company/firmengruppe-max-b%C3%B6gl,,,,,,,,,,,
linkedin,Projektmanager/Projektleiter Technische Gebäudeausrüstung (TGA/HKLS) (d/m/w),Henkel,"Düsseldorf, North Rhine-Westphalia, Germany",2026-10-01,https://www.linkedin.com/jobs/view/4465093030 , ,li-4465093030,fulltime,,,,,,False,mid-senior level,,,,Chemical Manufacturing and Manufacturing,https://de.linkedin.com/company/henkel,,,,,,,,,,,
linkedin,Projektleiter Elektrotechnik (m/w/d),GA-tec Gebäude- und Anlagentechnik GmbH,"Fellbach, Baden-Württemberg, Germany",2026-10-01,https://www.linkedin.com/jobs/view/4460450305 , ,li-4460450305,fulltime,,,,,,False,associate,,,ga-tec.bewerbung@sodexo.com,Construction,https://de.linkedin.com/company/ga-tec,,,,,,,,,,,
linkedin,Projektleiter Anlagenbau (m/w/d),REEL GmbH,"Veitshöchheim, Bavaria, Germany",2026-10-01,https://www.linkedin.com/jobs/view/4472694898 , ,li-4472694898,fulltime,,,,,,False,associate,,,,Machinery Manufacturing,https://www.linkedin.com/company/nkm-noell-special-cranes,,,,,,,,,,,
linkedin,Projektleiter (m/w/d),LUXHAUS,"Georgensgmünd, Bavaria, Germany",2026-10-01,https://www.linkedin.com/jobs/view/4474172959 , ,li-4474172959,fulltime,,,,,,False,mid-senior level,,,,Construction,https://de.linkedin.com/company/luxhaus-official,,,,,,,,,,,
linkedin,Projektleiter energetische Modernisierung und Instandhaltung (m/w/d),VBW Bauen und Wohnen GmbH,"Bochum, North Rhine-Westphalia, Germany",2026-10-01,https://www.linkedin.com/jobs/view/4472522548 , ,li-4472522548,fulltime,,,,,,False,associate,,,,Real Estate,https://www.linkedin.com/company/vbw-bochum,,,,,,,,,,,
linkedin,Projektleiter (w/m/d) Baumanagement – Bauproduktionsplanung EPCM Projekte,Drees & Sommer,"Berlin, Berlin, Germany",2026-10-01,https://www.linkedin.com/jobs/view/4416819622 , ,li-4416819622,fulltime,,,,,,False,associate,,,,Real Estate,https://de.linkedin.com/company/drees-&-sommer,,,,,,,,,,,
linkedin,Projektleiter (w/m/d) Objektüberwachung,Drees & Sommer,"Stuttgart, Baden-Württemberg, Germany",2026-10-01,https://www.linkedin.com/jobs/view/4451242747 , ,li-4451242747,fulltime,,,,,,False,executive,,,,Real Estate,https://de.linkedin.com/company/drees-&-sommer,,,,,,,,,,,
linkedin,Projektleiter / Teamleiter MSR-Technik / Gebäudeautomation,WBE fm GmbH,"Ismaning, Bavaria, Germany",2026-10-01,https://www.linkedin.com/jobs/view/4472583890 , ,li-4472583890,fulltime,,,,,,False,mid-senior level,,,jobs@wbe-fm.de,Real Estate,https://de.linkedin.com/company/wbe-fm-gmbh,,,,,,,,,,,
linkedin,Projektleitung (m/w/d) Int. Projekte/ Erasmus+,dreieins Innovative Pädagogik,"Berlin, Germany",2026-10-01,https://www.linkedin.com/jobs/view/4452493066 , ,li-4452493066,fulltime,,,,,,False,mid-senior level,,,"karriere@dreieins.org, karriere@dreieins.org",Education,https://de.linkedin.com/company/dreieins-innovative-p%C3%A4dagogik,,,,,,,,,,,
linkedin,Projektleiter Naval Communication Systems (w/m/d),Brunel,"Kiel, Schleswig-Holstein, Germany",2026-10-01,https://www.linkedin.com/jobs/view/4472528215 , ,li-4472528215,fulltime,,,,,,False,not applicable,,,,Shipbuilding,https://nl.linkedin.com/company/brunel,,,,,,,,,,,
linkedin,Projektleiter (m/w/d) Wohnungsbau | Hamburg,ADVERGY GmbH,"Hamburg, Germany",2026-10-01,https://www.linkedin.com/jobs/view/4462789755 , ,li-4462789755,fulltime,,,,,,False,associate,,,,Construction,https://de.linkedin.com/company/advergy-gmbh,,,,,,,,,,,
linkedin,PROJEKTLEITER (m/w/d) SCHLÜSSELFERTIGBAU,BREMER AG,"Hannover, Lower Saxony, Germany",2026-10-01,https://www.linkedin.com/jobs/view/4369102975 , ,li-4369102975,fulltime,,,,,,False,mid-senior level,,,,Construction,https://de.linkedin.com/company/bremer-se,,,,,,,,,,,
linkedin,PROJEKTLEITER (m/w/d) SCHLÜSSELFERTIGBAU,BREMER AG,"Bremen, Bremen, Germany",2026-10-01,https://www.linkedin.com/jobs/view/3999688932 , ,li-3999688932,fulltime,,,,,,False,mid-senior level,,,,Construction,https://de.linkedin.com/company/bremer-se,,,,,,,,,,,
linkedin,Manager Bau- und Infrastrukturprojekte (f/m/d) - IE2S GmbH,MHP – A Porsche Company,"Munich, Bavaria, Germany",2026-10-01,https://www.linkedin.com/jobs/view/4464058091 , ,li-4464058091,fulltime,,,,,,False,mid-senior level,,,,Business Consulting and Services,https://de.linkedin.com/company/mhp-a-porsche-company,,,,,,,,,,,
linkedin,Manager Bau- und Infrastrukturprojekte (f/m/d) - IE2S GmbH,MHP – A Porsche Company,"Berlin, Berlin, Germany",2026-10-01,https://www.linkedin.com/jobs/view/4464056083 , ,li-4464056083,fulltime,,,,,,False,mid-senior level,,,,Business Consulting and Services,https://de.linkedin.com/company/mhp-a-porsche-company,,,,,,,,,,,
linkedin,Projektleiter Holz- und Innenausbau (m/w/d),ep group,"Wangen im Allgäu, Baden-Württemberg, Germany",2026-10-01,https://www.linkedin.com/jobs/view/4465369533 , ,li-4465369533,fulltime,,,,,,False,mid-senior level,,,,Alternative Dispute Resolution and Alternative Medicine,https://de.linkedin.com/company/ep-group-gmbh,,,,,,,,,,,
linkedin,Projektleiter (m/w/d) Testsystem-Entwicklung,Actana Consulting Services GmbH,"Ulm, Baden-Württemberg, Germany",2026-10-01,https://www.linkedin.com/jobs/view/4472905154 , ,li-4472905154,fulltime,,,,,,False,mid-senior level,,,,Professional Services,https://de.linkedin.com/company/actana-gmbh,,,,,,,,,,,
linkedin,Senior Projektleiter:in (m/w/d),OHB SE,"Bremen, Bremen, Germany",2026-10-01,https://www.linkedin.com/jobs/view/4474149765 , ,li-4474149765,fulltime,,,,,,False,not applicable,,,,Defense and Space Manufacturing,https://de.linkedin.com/company/ohb-se,,,,,,,,,,,
linkedin,Senior Projektleiter (w/m/d) Bau- und Objektüberwachung,Drees & Sommer,"Leipzig, Saxony, Germany",2026-10-01,https://www.linkedin.com/jobs/view/4416816635 , ,li-4416816635,fulltime,,,,,,False,associate,,,,Real Estate,https://de.linkedin.com/company/drees-&-sommer,,,,,,,,,,,
linkedin,Projektleiter Elektrotechnik (m/w/d),ELMATIC GmbH,"Hamburg, Hamburg, Germany",2026-10-01,https://www.linkedin.com/jobs/view/4473906518 , ,li-4473906518,fulltime,,,,,,False,mid-senior level,,,,Facilities Services,https://de.linkedin.com/company/elmatic-gmbh,,,,,,,,,,,
linkedin,Projektleiter (m/w/d) Schalung und Gerüst,PERI,"Munich, Bavaria, Germany",2026-10-01,https://www.linkedin.com/jobs/view/4467240157 , ,li-4467240157,fulltime,,,,,,False,mid-senior level,,,,Construction,https://de.linkedin.com/company/peri,,,,,,,,,,,
linkedin,Bau- und Projektleiter (m/w/d) für Logistik- und Verwaltungsbauten,Dirk Rossmann GmbH,"Burgwedel, Lower Saxony, Germany",2026-10-01,https://www.linkedin.com/jobs/view/4429941935 , ,li-4429941935,fulltime,,,,,,False,mid-senior level,,,,Retail,https://de.linkedin.com/company/dirk-rossmann-gmbh,,,,,,,,,,,
linkedin,Projektleitung (m/w/d),ARTUS Bautrocknung- und Sanierungsgruppe,"Ahrensburg, Schleswig-Holstein, Germany",2026-10-01,https://www.linkedin.com/jobs/view/4472901512 , ,li-4472901512,fulltime,,,,,,False,mid-senior level,,,bewerbung@artus-sanierung.de,Construction,https://de.linkedin.com/company/artus-bsg,,,,,,,,,,,
linkedin,Projektleiter / Einsatzleiter Industrieservice,BUCHEN,"Hamburg, Germany",2026-10-01,https://www.linkedin.com/jobs/view/4436578684 , ,li-4436578684,fulltime,,,,,,False,associate,,,domenik.opitz@remondis.de,Environmental Services,https://de.linkedin.com/company/buchen-umweltservice-gmbh,,,,,,,,,,,
linkedin,(Senior-) Projektleiter/Experte (w/m/d) Onshore-Leitungs- und Trassenbau (Gas / Wasserstoff / Strom) Großprojekte Energieinfrastruktur,Drees & Sommer,"Stuttgart, Baden-Württemberg, Germany",2026-10-01,https://www.linkedin.com/jobs/view/4435658384 , ,li-4435658384,fulltime,,,,,,False,entry level,,,,Real Estate,https://de.linkedin.com/company/drees-&-sommer,,,,,,,,,,,
linkedin,Projektleiter (w/m/d) TGA Elektrotechnik,Drees & Sommer,"Stuttgart, Baden-Württemberg, Germany",2026-10-01,https://www.linkedin.com/jobs/view/4450171028 , ,li-4450171028,fulltime,,,,,,False,associate,,,,Real Estate,https://de.linkedin.com/company/drees-&-sommer,,,,,,,,,,,
linkedin,Projektleiter (w/m/d) Bauüberwachung,Drees & Sommer,"Cologne, North Rhine-Westphalia, Germany",2026-10-01,https://www.linkedin.com/jobs/view/4416809687 , ,li-4416809687,fulltime,,,,,,False,associate,,,,Real Estate,https://de.linkedin.com/company/drees-&-sommer,,,,,,,,,,,
linkedin,Projektleiter Elektrotechnik (m/w/d),GA-tec Gebäude- und Anlagentechnik GmbH,"Cologne, North Rhine-Westphalia, Germany",2026-10-01,https://www.linkedin.com/jobs/view/4472693235 , ,li-4472693235,fulltime,,,,,,False,associate,,,ga-tec.bewerbung@sodexo.com,Construction,https://de.linkedin.com/company/ga-tec,,,,,,,,,,,
linkedin,Bau-/Projektleiter (m/w/d) – Schlüsselfertiger Holz- und Hybridbau | Oberhausen,Kai Laumann Holzbau,"Oberhausen, North Rhine-Westphalia, Germany",2026-10-01,https://www.linkedin.com/jobs/view/4474133620 , ,li-4474133620,fulltime,,,,,,False,entry level,,,,Construction,https://de.linkedin.com/company/kai-laumann-zimmerei-u-bedachungs-gmbh,,,,,,,,,,,
linkedin,Produktmanager (mwd) elektrische Energieversorgung,Michael Page,"Düsseldorf, North Rhine-Westphalia, Germany",2026-09-30,https://www.linkedin.com/jobs/view/4473949801 , ,li-4473949801,fulltime,,,,,,False,mid-senior level,,,,"Industrial Machinery Manufacturing and Appliances, Electrical, and Electronics Manufacturing",https://uk.linkedin.com/company/michael-page,,,,,,,,,,,
linkedin,Technischer Projektleiter (m/w/d),Bundesdruckerei-Gruppe,"Hamburg, Hamburg, Germany",2026-09-30,https://www.linkedin.com/jobs/view/4473978638 , ,li-4473978638,fulltime,,,,,,False,entry level,,,,IT Services and IT Consulting,https://de.linkedin.com/company/bundesdruckerei,,,,,,,,,,,
linkedin,Projektleitung Bauherrenvertretung (m/w/d),RAG Aktiengesellschaft,"Herne, North Rhine-Westphalia, Germany",2026-09-30,https://www.linkedin.com/jobs/view/4472652075 , ,li-4472652075,fulltime,,,,,,False,mid-senior level,,,,Construction,https://de.linkedin.com/company/ragaktiengesellschaft,,,,,,,,,,,
linkedin,Projektleiter SHK (m/w/d) Region Groß-Gerau,Herbert Gruppe,"Nauheim, Hesse, Germany",2026-09-30,https://www.linkedin.com/jobs/view/4472354523 , ,li-4472354523,fulltime,,,,,,False,mid-senior level,,,,Retail,https://de.linkedin.com/company/herbertgruppe,,,,,,,,,,,
linkedin,Lead Cyber Security Manager – SIEM Anbindung (m/w/d),BWI GmbH,"Berlin, Berlin, Germany",2026-09-30,https://www.linkedin.com/jobs/view/4473951983 , ,li-4473951983,fulltime,,,,,,False,mid-senior level,,,,IT Services and IT Consulting,https://de.linkedin.com/company/bwi-gmbh,,,,,,,,,,,
linkedin,Lead Cyber Security Manager – SIEM Anbindung (m/w/d),BWI GmbH,"Munich, Bavaria, Germany",2026-09-30,https://www.linkedin.com/jobs/view/4473965223 , ,li-4473965223,fulltime,,,,,,False,mid-senior level,,,,IT Services and IT Consulting,https://de.linkedin.com/company/bwi-gmbh,,,,,,,,,,,
linkedin,Lead Cyber Security Manager – SIEM Anbindung (m/w/d),BWI GmbH,"Hamburg, Hamburg, Germany",2026-09-30,https://www.linkedin.com/jobs/view/4473957841 , ,li-4473957841,fulltime,,,,,,False,mid-senior level,,,,IT Services and IT Consulting,https://de.linkedin.com/company/bwi-gmbh,,,,,,,,,,,
linkedin,Software Projektleiter:in (m/w/d),OHB SE,"Bremen, Bremen, Germany",2026-09-30,https://www.linkedin.com/jobs/view/4473982027 , ,li-4473982027,fulltime,,,,,,False,mid-senior level,,,,Defense and Space Manufacturing,https://de.linkedin.com/company/ohb-se,,,,,,,,,,,
linkedin,"Senior Product Manager, Mobile",Mozilla,Germany,2026-09-30,https://www.linkedin.com/jobs/view/4472368640 , ,li-4472368640,fulltime,,,,,,False,associate,,,hiringaccommodation@mozilla.com,Software Development,https://www.linkedin.com/company/mozilla-corporation,,,,,,,,,,,
