site,title,company,location,date_posted,job_url,job_url_direct,id,job_type,salary_source,interval,min_amount,max_amount,currency,is_remote,job_level,job_function,listing_type,emails,company_industry,company_url,company_url_direct,company_addresses,company_num_employees,company_revenue,company_description,skills,experience_range,company_rating,company_reviews_count,vacancy_count,work_from_home_type
linkedin,Projectmanager Industrial Projects (m/w/d),Elis Germany & Austria,"Dresden, Saxony, Germany",2026-09-24,https://www.linkedin.com/jobs/view/4470002333 , ,li-4470002333,fulltime,,,,,,False,mid-senior level,Management,,,Retail,https://de.linkedin.com/company/elis-deutschland-sterreich,,,,,,,,,,,
linkedin,Projektleiter Bau (m/w/d),REWE,"Memmingen, Bavaria, Germany",2026-09-24,https://www.linkedin.com/jobs/view/4471636245 , ,li-4471636245,fulltime,,,,,,False,mid-senior level,"Design, Art/Creative, and Information Technology",,,Retail,https://de.linkedin.com/company/rewe,,,,,,,,,,,
linkedin,Projektleiter (m/w/d) Drohnenabwehr,Diehl Defence,"Röthenbach an der Pegnitz, Bavaria, Germany",2026-09-24,https://www.linkedin.com/jobs/view/4471191899 , ,li-4471191899,fulltime,,,,,,False,mid-senior level,"Design, Art/Creative, and Information Technology",,,Defense and Space Manufacturing,https://de.linkedin.com/company/diehl-defence,,,,,,,,,,,
linkedin,Projektleiter Elektrotechnik / TGA (w/m/d),ROM Facility Solutions,"Hamburg, Hamburg, Germany",2026-09-24,https://www.linkedin.com/jobs/view/4469728221 , ,li-4469728221,fulltime,,,,,,False,mid-senior level,Project Management,,,Facilities Services,https://de.linkedin.com/company/rom-fs,,,,,,,,,,,
linkedin,Senior Project Manager (all genders),LIGANOVA,"Stuttgart, Baden-Württemberg, Germany",2026-09-24,https://www.linkedin.com/jobs/view/4463849074 , ,li-4463849074,fulltime,,,,,,False,associate,Project Management,,,Advertising Services,https://de.linkedin.com/company/liganova,,,,,,,,,,,
linkedin,Projektleiter (m/w/d) Verfahrenstechnik,Kraftanlagen Energies & Services,"Burghausen, Bavaria, Germany",2026-09-24,https://www.linkedin.com/jobs/view/4469735837 , ,li-4469735837,fulltime,,,,,,False,executive,Project Management,,Muhammed.Turgunjan@kraftanlagen.com,Industrial Machinery Manufacturing,https://de.linkedin.com/company/kraftanlagengruppe,,,,,,,,,,,
linkedin,Projektleiter (m/w/d) Gebäudeautomation,Kieback&Peter,"Riegelsberg, Saarland, Germany",2026-09-24,https://www.linkedin.com/jobs/view/4469683968 , ,li-4469683968,fulltime,,,,,,False,mid-senior level,"Design, Art/Creative, and Information Technology",,,Automation Machinery Manufacturing,https://de.linkedin.com/company/kieback&peter,,,,,,,,,,,
linkedin,Senior Projektleiter (m/w/d) Wohnungsbau,Michael Page,"Berlin, Berlin, Germany",2026-09-24,https://www.linkedin.com/jobs/view/4471489661 , ,li-4471489661,fulltime,,,,,,False,mid-senior level,Manufacturing and Engineering,,,"Real Estate, Leasing Non-residential Real Estate, and Architecture and Planning",https://uk.linkedin.com/company/michael-page,,,,,,,,,,,
linkedin,Projektleiter Schlüsselfertigbau (m/w/d),LEONHARD WEISS GmbH & Co. KG,"Dortmund, North Rhine-Westphalia, Germany",2026-09-24,https://www.linkedin.com/jobs/view/4471467482 , ,li-4471467482,fulltime,,,,,,False,mid-senior level,"Engineering, Project Management, and Other",,,Construction,https://de.linkedin.com/company/leonhard-weiss-gmbh-&-co-kg,,,,,,,,,,,
linkedin,Projektleiter:in - ID: 4440SE006714,Senator Executive Search Partners,"Lower Bavaria, Bavaria, Germany",2026-09-24,https://www.linkedin.com/jobs/view/4471402633 , ,li-4471402633,fulltime,,,,,,False,associate,,,,Construction,https://de.linkedin.com/company/senator-executive-search-partners,,,,,,,,,,,
linkedin,SAP Projektleiter:in SuccessFactors / HCM (m/f/d),Inoltra,"Stuttgart, Baden-Württemberg, Germany",2026-09-24,https://www.linkedin.com/jobs/view/4471457577 , ,li-4471457577,fulltime,,,,,,False,mid-senior level,Information Technology,,franzi@inoltra.co,Staffing and Recruiting,https://uk.linkedin.com/company/inoltra,,,,,,,,,,,
linkedin,Senior Projektleiter / Elektrotechniker (m/w/d) Smart Grid Software | Remote innerhalb DE/AT,Venios GmbH,"Berlin, Berlin, Germany",2026-09-24,https://www.linkedin.com/jobs/view/4469734318 , ,li-4469734318,fulltime,,,,,,True,mid-senior level,Project Management,,,Software Development,https://de.linkedin.com/company/venios-gmbh,,,,,,,,,,,
linkedin,Product Owner AI Software Factory (w/m/d),1&1,"Karlsruhe, Baden-Württemberg, Germany",2026-09-24,https://www.linkedin.com/jobs/view/4469671871 , ,li-4469671871,fulltime,,,,,,False,mid-senior level,Information Technology and Other,,,"Software Development, IT Services and IT Consulting, and Telecommunications",https://de.linkedin.com/company/1und1de,,,,,,,,,,,
linkedin,Product Manager (m/f/d) Cycle Development 2.5D / 3X / 5X,OPEN MIND Technologies AG,"Wessling, Bavaria, Germany",2026-09-24,https://www.linkedin.com/jobs/view/4469397245 , ,li-4469397245,fulltime,,,,,,False,associate,Marketing,,,IT Services and IT Consulting,https://de.linkedin.com/company/open-mind-technologies-ag,,,,,,,,,,,
linkedin,Produktmanager/in (m/w/d) Karten & Payment,Sparkasse Fürth,"Fürth, Bavaria, Germany",2026-09-24,https://www.linkedin.com/jobs/view/4471475100 , ,li-4471475100,fulltime,,,,,,False,mid-senior level,Other,,,Banking,https://www.linkedin.com/company/sparkasse-fuerth,,,,,,,,,,,
linkedin,"Product Manager, Engagement (m/f/d)",AutoScout24,"Munich, Bavaria, Germany",2026-09-24,https://www.linkedin.com/jobs/view/4461618757 , ,li-4461618757,fulltime,,,,,,False,mid-senior level,Product Management and Marketing,,,Software Development,https://de.linkedin.com/company/autoscout24,,,,,,,,,,,
linkedin,Projektleiter Elektrotechnik / Sicherheitstechnik (w/m/d),ROM Technik,"Neu-Isenburg, Hesse, Germany",2026-09-24,https://www.linkedin.com/jobs/view/4469754195 , ,li-4469754195,fulltime,,,,,,False,mid-senior level,Engineering,,,Construction,https://de.linkedin.com/company/romtechnik,,,,,,,,,,,
linkedin,Principal Project Manager Semiconductor IC Development (f/m/d),Renesas Electronics,"Dresden, Saxony, Germany",2026-09-24,https://www.linkedin.com/jobs/view/4367163991 , ,li-4367163991,fulltime,,,,,,True,mid-senior level,Manufacturing,,,Semiconductors,https://jp.linkedin.com/company/renesas,,,,,,,,,,,
linkedin,(Senior) Product Manager (m/w/d),secunet Security Networks AG,"Munich, Bavaria, Germany",2026-09-24,https://www.linkedin.com/jobs/view/4469377244 , ,li-4469377244,fulltime,,,,,,True,mid-senior level,Product Management and Marketing,,,Computer and Network Security,https://de.linkedin.com/company/secunet-security-networks-ag,,,,,,,,,,,
linkedin,Senior Project Manager (d/f/m),DEPT®,"Berlin, Germany",2026-09-24,https://www.linkedin.com/jobs/view/4443509744 , ,li-4443509744,fulltime,,,,,,False,mid-senior level,"Project Management, Consulting, and Product Management",,,Advertising Services,https://nl.linkedin.com/company/deptglobal,,,,,,,,,,,
linkedin,#BN2602 | Projektmanager*in (m/w/d) in Bahn-Großprojekten,THOST Projektmanagement GmbH,"Karlsruhe, Baden-Württemberg, Germany",2026-09-24,https://www.linkedin.com/jobs/view/4243616462 , ,li-4243616462,fulltime,,,,,,False,mid-senior level,Project Management and Information Technology,,karriere@thost.de,Engineering Services,https://de.linkedin.com/company/thost-projektmanagement-gmbh,,,,,,,,,,,
linkedin,Principal Project Manager Semiconductor IC Development (f/m/d),Renesas Electronics,"Munich, Bavaria, Germany",2026-09-24,https://www.linkedin.com/jobs/view/4367170599 , ,li-4367170599,fulltime,,,,,,True,mid-senior level,Manufacturing,,,Semiconductors,https://jp.linkedin.com/company/renesas,,,,,,,,,,,
linkedin,Product Lead,Attio,,2026-09-24,https://www.linkedin.com/jobs/view/4425684341 , ,li-4425684341,fulltime,,,,,,False,mid-senior level,Product Management and Marketing,,,Software Development,https://uk.linkedin.com/company/attio,,,,,,,,,,,
linkedin,Business Architect Lageführungssysteme (m/w/d),BWI GmbH,"Berlin, Berlin, Germany",2026-09-24,https://www.linkedin.com/jobs/view/4425641007 , ,li-4425641007,fulltime,,,,,,False,mid-senior level,Business Development and Sales,,,IT Services and IT Consulting,https://de.linkedin.com/company/bwi-gmbh,,,,,,,,,,,
linkedin,Head of Digital Product Operations & Business Development (gn) full-time / part-time (hybrid),DKV Mobility,"Ratingen, North Rhine-Westphalia, Germany",2026-09-24,https://www.linkedin.com/jobs/view/4469729823 , ,li-4469729823,fulltime,,,,,,False,director,Business Development and Sales,,,"Transportation, Logistics, Supply Chain and Storage",https://de.linkedin.com/company/dkv-mobility,,,,,,,,,,,
linkedin,Project Manager CRM & Lifecycle Marketing,Fabletics,"Berlin, Germany",2026-09-24,https://www.linkedin.com/jobs/view/4462446223 , ,li-4462446223,fulltime,,,,,,True,mid-senior level,Project Management and Information Technology,,,Retail Apparel and Fashion,https://www.linkedin.com/company/fabletics,,,,,,,,,,,
linkedin,Projektleitung Umspannwerksbau Großprojekte (w/m/d),50Hertz Transmission GmbH,"Berlin, Berlin, Germany",2026-09-24,https://www.linkedin.com/jobs/view/4415659492 , ,li-4415659492,fulltime,,,,,,False,mid-senior level,Engineering and Project Management,,,"Electric Power Transmission, Control, and Distribution",https://de.linkedin.com/company/50hertz-transmission-gmbh,,,,,,,,,,,
linkedin,Senior Projektleiter:in / Bauherrenvertreter:in für Bahnhofsprojekte,Deutsche Bahn,"Munich, Bavaria, Germany",2026-09-24,https://www.linkedin.com/jobs/view/4338965795 , ,li-4338965795,fulltime,,,,,,False,mid-senior level,Information Technology,,,Truck Transportation,https://de.linkedin.com/company/deutschebahn,,,,,,,,,,,
linkedin,Projektleiter:in Kommunikationstechnik,Deutsche Bahn,"Frankfurt am Main, Hesse, Germany",2026-09-24,https://www.linkedin.com/jobs/view/4426707650 , ,li-4426707650,fulltime,,,,,,False,mid-senior level,Information Technology,,,Truck Transportation,https://de.linkedin.com/company/deutschebahn,,,,,,,,,,,
linkedin,CSA Project Manager,Mercury,"Düsseldorf, North Rhine-Westphalia, Germany",2026-09-24,https://www.linkedin.com/jobs/view/4415748368 , ,li-4415748368,fulltime,,,,,,False,mid-senior level,Other,,,Construction,https://ie.linkedin.com/company/mercury-engineering,,,,,,,,,,,
linkedin,Project Manager – IT Infrastructure Projects,NAXCON GROUP,"Bonn, North Rhine-Westphalia, Germany",2026-09-24,https://www.linkedin.com/jobs/view/4469667991 , ,li-4469667991,fulltime,,,,,,False,mid-senior level,,,,Defense and Space Manufacturing,https://de.linkedin.com/company/naxcon,,,,,,,,,,,
linkedin,"Product Manager, Axonics EMEA",Boston Scientific,"Düsseldorf, North Rhine-Westphalia, Germany",2026-09-24,https://www.linkedin.com/jobs/view/4471454831 , ,li-4471454831,fulltime,,,,,,False,not applicable,Other,,,Medical Equipment Manufacturing,https://www.linkedin.com/company/boston-scientific,,,,,,,,,,,
linkedin,Senior Application Product Manager - Supply Chain - Procurement,Celonis,"Munich, Bavaria, Germany",2026-09-24,https://www.linkedin.com/jobs/view/4459979250 , ,li-4459979250,fulltime,,,,,,True,not applicable,Product Management and Marketing,,,Software Development,https://www.linkedin.com/company/celonis,,,,,,,,,,,
linkedin,Product Manager - AI Finance,BJAK,,2026-09-24,https://www.linkedin.com/jobs/view/4469694229 , ,li-4469694229,fulltime,,,,,,True,mid-senior level,Product Management and Marketing,,,Software Development,https://my.linkedin.com/company/bjak,,,,,,,,,,,
linkedin,Product Manager (all genders) - IoT Platform,Wemolo,"Munich, Bavaria, Germany",2026-09-24,https://www.linkedin.com/jobs/view/4471486524 , ,li-4471486524,fulltime,,,,,,True,mid-senior level,Product Management and Marketing,,huelya.bayram@wemolo.com,Information Technology & Services,https://de.linkedin.com/company/wemolo,,,,,,,,,,,
linkedin,Projektleiter Freileitungsbau (m/w/d),Atlas Titan,"Hamburg, Hamburg, Germany",2026-09-24,https://www.linkedin.com/jobs/view/4469724789 , ,li-4469724789,fulltime,,,,,,False,mid-senior level,"Design, Art/Creative, and Information Technology",,,Business Consulting and Services,https://de.linkedin.com/company/atlas-titan,,,,,,,,,,,
linkedin,(Senior) Product Manager – Player Account Management (f/m/d),ZEAL Network SE,"Hamburg, Hamburg, Germany",2026-09-24,https://www.linkedin.com/jobs/view/4452395367 , ,li-4452395367,fulltime,,,,,,False,mid-senior level,Product Management and Marketing,,,Software Development,https://de.linkedin.com/company/zealnetwork,,,,,,,,,,,
linkedin,Senior Projektmanager Online-Marketing Agentur (m/w/d) (Teamlead),Agentur Kühnen,"Treves, Rhineland-Palatinate, Germany",2026-09-24,https://www.linkedin.com/jobs/view/4469713108 , ,li-4469713108,fulltime,,,,,,False,mid-senior level,Management,,,Advertising Services,https://de.linkedin.com/company/agenturkuehnen,,,,,,,,,,,
linkedin,Projektmanager (m/w/d) TGA HKLS,DIS AG,"Düsseldorf, North Rhine-Westphalia, Germany",2026-09-24,https://www.linkedin.com/jobs/view/4459960225 , ,li-4459960225,fulltime,,,,,,False,mid-senior level,Management and Manufacturing,,,Construction,https://de.linkedin.com/company/dis-ag,,,,,,,,,,,
linkedin,Project Manager (gn),Instaffo,"Dresden, Saxony, Germany",2026-09-24,https://www.linkedin.com/jobs/view/4471604176 , ,li-4471604176,fulltime,,,,,,False,mid-senior level,Project Management and Management,,,Staffing and Recruiting,https://de.linkedin.com/company/instaffo-gmbh,,,,,,,,,,,
linkedin,IT Project Manager (w/m/d),1&1,"Frankfurt, Hesse, Germany",2026-09-24,https://www.linkedin.com/jobs/view/4469682521 , ,li-4469682521,fulltime,,,,,,False,mid-senior level,Information Technology and Project Management,,,Telecommunications,https://de.linkedin.com/company/1und1de,,,,,,,,,,,
linkedin,Projektleiter (m/w/d) Rohbau | Schlüsselfertigbau | Holzhybridbau,OTTO WULFF,"Hamburg, Hamburg, Germany",2026-09-24,https://www.linkedin.com/jobs/view/4469672347 , ,li-4469672347,fulltime,,,,,,False,associate,Management,,,Construction,https://de.linkedin.com/company/otto_wulff,,,,,,,,,,,
linkedin,Projektmanager (m/w/d) für KI-Softwareprojekte in der Industrie,Synergeticon GmbH,"Hamburg, Hamburg, Germany",2026-09-24,https://www.linkedin.com/jobs/view/4469669819 , ,li-4469669819,fulltime,,,,,,False,mid-senior level,Project Management,,,IT Services and IT Consulting,https://de.linkedin.com/company/synergeticon,,,,,,,,,,,
linkedin,Projektleiter CSA & TGA – Fabrikneubau (m/w/d),cigus,"Erfurt, Thuringia, Germany",2026-09-24,https://www.linkedin.com/jobs/view/4471438484 , ,li-4471438484,fulltime,,,,,,False,not applicable,Engineering,,,Engineering Services,https://de.linkedin.com/company/cigus-technology,,,,,,,,,,,
linkedin,Projektleiter TGA ELT/HLS (m/w/d),PORR Deutschland,"Hamburg, Hamburg, Germany",2026-09-24,https://www.linkedin.com/jobs/view/4471604807 , ,li-4471604807,fulltime,,,,,,False,mid-senior level,Engineering and Information Technology,,,Construction,https://de.linkedin.com/company/porr-deutschland,,,,,,,,,,,
linkedin,Projektmanager:in,Ingenieurbüro Heimann,,2026-09-24,https://www.linkedin.com/jobs/view/4469725780 , ,li-4469725780,fulltime,,,,,,False,associate,,,,Aviation and Aerospace Component Manufacturing,https://de.linkedin.com/company/ingenieurb%C3%BCro-heimann,,,,,,,,,,,
linkedin,Junior Project Manager - Retrofit (m/w/d),Peter Park,"Munich, Bavaria, Germany",2026-09-24,https://www.linkedin.com/jobs/view/4466091477 , ,li-4466091477,fulltime,,,,,,True,entry level,Project Management and Information Technology,,,Information Technology & Services,https://de.linkedin.com/company/peterpark,,,,,,,,,,,
linkedin,Projektleiter Breitband / Glasfaser (m/w/d),Landkreis Breisgau-Hochschwarzwald,"Freiburg, Baden-Württemberg, Germany",2026-09-24,https://www.linkedin.com/jobs/view/4471441493 , ,li-4471441493,fulltime,,,,,,False,associate,Engineering,,,Architecture and Planning,https://www.linkedin.com/company/landkreis-breisgau-hochschwarzwald,,,,,,,,,,,
linkedin,(Senior) Product Manager - Energy (m/f/d),1KOMMA5°,"Berlin, Berlin, Germany",2026-09-24,https://www.linkedin.com/jobs/view/4471445335 , ,li-4471445335,fulltime,,,,,,False,associate,Information Technology,,,Software Development,https://de.linkedin.com/company/1komma5grad,,,,,,,,,,,
linkedin,Projektleiter / Projektsteuerer Industriebau (m/w/d),Dr. Schönheit + Partner,"Cologne, North Rhine-Westphalia, Germany",2026-09-24,https://www.linkedin.com/jobs/view/4471488043 , ,li-4471488043,fulltime,,,,,,False,associate,Project Management,,,Business Consulting and Services,https://www.linkedin.com/company/dr-schoenheit-partner,,,,,,,,,,,
linkedin,Technischer Projektleiter / Entwicklungsprojektleiter (all gender) 100,ALTEN,"Kiel, Schleswig-Holstein, Germany",2026-09-24,https://www.linkedin.com/jobs/view/4469711865 , ,li-4469711865,fulltime,,,,,,False,associate,Engineering,,,Machinery Manufacturing and Aviation and Aerospace Component Manufacturing,https://fr.linkedin.com/company/alten,,,,,,,,,,,
linkedin,Senior Product Manager - Paper.io 2,Voodoo,"Berlin, Berlin, Germany",2026-09-24,https://www.linkedin.com/jobs/view/4462769627 , ,li-4462769627,fulltime,,,,,,False,mid-senior level,Product Management and Marketing,,,Entertainment Providers,https://fr.linkedin.com/company/voodoo.io,,,,,,,,,,,
linkedin,"Senior Product Manager, Technical (m/f/d)",Affinidi,"Berlin, Berlin, Germany",2026-09-24,https://www.linkedin.com/jobs/view/4469647087 , ,li-4469647087,fulltime,,,,,,False,mid-senior level,Product Management and Marketing,,,Software Development,https://sg.linkedin.com/company/affinidi,,,,,,,,,,,
linkedin,"Senior Product Manager,Trust Platform – Modules (f/m/d)",IDnow,"Berlin, Berlin, Germany",2026-09-24,https://www.linkedin.com/jobs/view/4470298283 , ,li-4470298283,fulltime,,,,,,True,mid-senior level,Product Management and Marketing,,,Software Development,https://de.linkedin.com/company/idnow,,,,,,,,,,,
linkedin,Projektmanager Baulogistik (m/w/d),Zeppelin Rental GmbH,"Unterschleißheim, Bavaria, Germany",2026-09-24,https://www.linkedin.com/jobs/view/4206220459 , ,li-4206220459,fulltime,,,,,,False,mid-senior level,Project Management and Information Technology,,,Construction,https://de.linkedin.com/company/zeppelinrental,,,,,,,,,,,
linkedin,Projektleiter Elektrotechnik Stark- und Schwachstrom (w/m/d),ROM Technik,"Walldorf, Baden-Württemberg, Germany",2026-09-24,https://www.linkedin.com/jobs/view/4469753356 , ,li-4469753356,fulltime,,,,,,False,mid-senior level,Project Management,,,"Appliances, Electrical, and Electronics Manufacturing",https://de.linkedin.com/company/romtechnik,,,,,,,,,,,
linkedin,Techniker/Meister als Projektleiter SHK (m/w/d),Herbert Gruppe,"Bensheim, Hesse, Germany",2026-09-24,https://www.linkedin.com/jobs/view/4470009509 , ,li-4470009509,fulltime,,,,,,False,mid-senior level,Other,,,Retail,https://de.linkedin.com/company/herbertgruppe,,,,,,,,,,,
linkedin,Teamleiter Gebäudeautomation (m/w/d),Johnson Controls,"Cologne, North Rhine-Westphalia, Germany",2026-09-24,https://www.linkedin.com/jobs/view/4405184308 , ,li-4405184308,fulltime,,,,,,False,mid-senior level,Information Technology,,,Industrial Machinery Manufacturing,https://ie.linkedin.com/company/johnson-controls,,,,,,,,,,,
linkedin,Software Projektleiter:in (m/w/d),OHB Space UK,"Bremen, Bremen, Germany",2026-09-24,https://www.linkedin.com/jobs/view/4469697365 , ,li-4469697365,fulltime,,,,,,False,entry level,Project Management and Information Technology,,,Defense and Space Manufacturing,https://uk.linkedin.com/company/ohb-space-uk,,,,,,,,,,,
linkedin,Technischer Projektleiter im Produktbereich – Startplattformen für Lenkflugkörper (m/w/d),Rheinmetall,"Bremen, Bremen, Germany",2026-09-24,https://www.linkedin.com/jobs/view/4434960285 , ,li-4434960285,fulltime,,,,,,False,mid-senior level,Project Management and Information Technology,,,Defense and Space Manufacturing,https://de.linkedin.com/company/rheinmetall,,,,,,,,,,,
linkedin,Projektleiter / Teamleiter Technische Dokumentation (all gender) 999,ALTEN,"Kassel, Hesse, Germany",2026-09-24,https://www.linkedin.com/jobs/view/4469752293 , ,li-4469752293,fulltime,,,,,,False,associate,Engineering,,,Machinery Manufacturing and Aviation and Aerospace Component Manufacturing,https://fr.linkedin.com/company/alten,,,,,,,,,,,
linkedin,Teamleiter (m/w/d) Wohnungsbau,weisenburger group,"Karlsruhe, Baden-Württemberg, Germany",2026-09-24,https://www.linkedin.com/jobs/view/4463868517 , ,li-4463868517,fulltime,,,,,,False,not applicable,Information Technology,,,Construction,https://de.linkedin.com/company/weisenburger-gruppe,,,,,,,,,,,
linkedin,Senior Projektmanager:in,SMV Bauprojektsteuerung,"Munich, Bavaria, Germany",2026-09-23,https://www.linkedin.com/jobs/view/4470913810 , ,li-4470913810,fulltime,,,,,,False,mid-senior level,Project Management and Information Technology,,,Real Estate,https://de.linkedin.com/company/smv-bauprojektsteuerung,,,,,,,,,,,
linkedin,Projektmanager U-Boot Simulation (m/w/d),Rheinmetall,"Bremen, Bremen, Germany",2026-09-23,https://www.linkedin.com/jobs/view/4459509678 , ,li-4459509678,fulltime,,,,,,False,mid-senior level,Project Management and Information Technology,,,Defense and Space Manufacturing,https://de.linkedin.com/company/rheinmetall,,,,,,,,,,,
linkedin,Project Manager - Energy Materials (m/f/d) (Croatian speaking),HELM AG,"Hamburg, Hamburg, Germany",2026-09-23,https://www.linkedin.com/jobs/view/4469474500 , ,li-4469474500,fulltime,,,,,,False,mid-senior level,Project Management and Information Technology,,,Chemical Manufacturing,https://de.linkedin.com/company/helmag,,,,,,,,,,,
linkedin,Senior Project Manager (m/w/d) für komplexe Software- & Digitalisierungsprojekte,Bundesdruckerei-Gruppe,"Berlin, Germany",2026-09-23,https://www.linkedin.com/jobs/view/4471116178 , ,li-4471116178,fulltime,,,,,,False,mid-senior level,Project Management and Information Technology,,,IT Services and IT Consulting,https://de.linkedin.com/company/bundesdruckerei,,,,,,,,,,,
linkedin,Projektleiter Hochbau (m/w/d),Michael Page,"Frankfurt am Main, Hesse, Germany",2026-09-23,https://www.linkedin.com/jobs/view/4470951870 , ,li-4470951870,fulltime,,,,,,False,mid-senior level,Purchasing and General Business,,,"Real Estate, Leasing Non-residential Real Estate, and Architecture and Planning",https://uk.linkedin.com/company/michael-page,,,,,,,,,,,
linkedin,Projektleiter Gebäudeautomation (w/m/d),Siemens,"Hamburg, Hamburg, Germany",2026-09-23,https://www.linkedin.com/jobs/view/4451918080 , ,li-4451918080,fulltime,,,,,,False,mid-senior level,Project Management,,,Automation Machinery Manufacturing,https://de.linkedin.com/company/siemens,,,,,,,,,,,
linkedin,Projektleiter (m/w/d) Erd und Grundbau,Michael Page,"Berlin, Berlin, Germany",2026-09-23,https://www.linkedin.com/jobs/view/4471130280 , ,li-4471130280,fulltime,,,,,,False,mid-senior level,Purchasing and General Business,,,"Real Estate, Leasing Non-residential Real Estate, and Architecture and Planning",https://uk.linkedin.com/company/michael-page,,,,,,,,,,,
linkedin,Senior Projektleitung Technische Ausrüstung (m/w/d),Assmann Beraten + Planen,"Berlin, Germany",2026-09-23,https://www.linkedin.com/jobs/view/4426794254 , ,li-4426794254,fulltime,,,,,,False,associate,Engineering,,,Architecture and Planning,https://de.linkedin.com/company/assmann-beraten-planen,,,,,,,,,,,
linkedin,Projektleiter Gebäudeautomation (w/m/d),Siemens,"Kiel, Schleswig-Holstein, Germany",2026-09-23,https://www.linkedin.com/jobs/view/4451902837 , ,li-4451902837,fulltime,,,,,,False,mid-senior level,Project Management,,,Automation Machinery Manufacturing,https://de.linkedin.com/company/siemens,,,,,,,,,,,
linkedin,"PMO Lead, Life Science Transformation",Schülke & Mayr,"Norderstedt, Schleswig-Holstein, Germany",2026-09-23,https://www.linkedin.com/jobs/view/4470672991 , ,li-4470672991,fulltime,,,,,,False,associate,,,,Chemical Manufacturing and Pharmaceutical Manufacturing,https://de.linkedin.com/company/schulke-&-mayr,,,,,,,,,,,
linkedin,Projektleiter Immobilienbau (m/w/d),WITRON Group,"Parkstein, Bavaria, Germany",2026-09-23,https://www.linkedin.com/jobs/view/4412847377 , ,li-4412847377,fulltime,,,,,,False,not applicable,"Design, Art/Creative, and Information Technology",,,"Automation Machinery Manufacturing, Transportation, Logistics, Supply Chain and Storage, and Industrial Machinery Manufacturing",https://de.linkedin.com/company/witron,,,,,,,,,,,
linkedin,Technical Program Manager,Peratera,"Munich, Bavaria, Germany",2026-09-23,https://www.linkedin.com/jobs/view/4468989636 , ,li-4468989636,fulltime,,,,,,True,mid-senior level,Project Management and Information Technology,,,Financial Services,https://uk.linkedin.com/company/peratera,,,,,,,,,,,
linkedin,Projektmanager im Bereich HDD-Bau (m/w/d),Michels Corporation,"Wiesbaden, Hesse, Germany",2026-09-23,https://www.linkedin.com/jobs/view/4469371184 , ,li-4469371184,fulltime,,,,,,False,mid-senior level,Management and Manufacturing,,,Construction,https://www.linkedin.com/company/michels-corporation,,,,,,,,,,,
linkedin,Montageleiter (m/w/d),Neumayr,"Eggenfelden, Bavaria, Germany",2026-09-23,https://www.linkedin.com/jobs/view/4468992474 , ,li-4468992474,fulltime,,,,,,False,entry level,Manufacturing,,,Construction,https://de.linkedin.com/company/neumayr-fassaden,,,,,,,,,,,
linkedin,Manager Tiefbau und Kabel (f/m/d) - IE2S GmbH,MHP – A Porsche Company,"Nuremberg, Bavaria, Germany",2026-09-23,https://www.linkedin.com/jobs/view/4371005749 , ,li-4371005749,fulltime,,,,,,False,mid-senior level,Engineering and Information Technology,,,Business Consulting and Services,https://de.linkedin.com/company/mhp-a-porsche-company,,,,,,,,,,,
linkedin,Consultant / Projektleiter Network Solutions (m/w/d),IABG,"Ottobrunn, Bavaria, Germany",2026-09-23,https://www.linkedin.com/jobs/view/4328068969 , ,li-4328068969,fulltime,,,,,,False,mid-senior level,"Design, Art/Creative, and Information Technology",,,"IT Services and IT Consulting, Defense and Space Manufacturing, and Motor Vehicle Manufacturing",https://de.linkedin.com/company/iabg,,,,,,,,,,,
linkedin,Projektleiter Elektrotechnik (m/w/d),Assmann Beraten + Planen,,2026-09-23,https://www.linkedin.com/jobs/view/4389077309 , ,li-4389077309,fulltime,,,,,,False,associate,Engineering,,,Architecture and Planning,https://de.linkedin.com/company/assmann-beraten-planen,,,,,,,,,,,
linkedin,Fachteamleiter (m/w/d) Business Applications,Diehl Defence,"Nonnweiler, Saarland, Germany",2026-09-23,https://www.linkedin.com/jobs/view/4469423599 , ,li-4469423599,fulltime,,,,,,False,mid-senior level,Engineering and Information Technology,,,Defense and Space Manufacturing,https://de.linkedin.com/company/diehl-defence,,,,,,,,,,,
linkedin,Projektleiter (m/w/d) Produktentstehung,Diehl Aviation,"Nuremberg, Bavaria, Germany",2026-09-23,https://www.linkedin.com/jobs/view/4469420643 , ,li-4469420643,fulltime,,,,,,False,mid-senior level,"Design, Art/Creative, and Information Technology",,,Aviation and Aerospace Component Manufacturing,https://de.linkedin.com/company/diehl-aviation,,,,,,,,,,,
linkedin,Technischer Projektleiter (m/w/d) für Sicherheitstechnik,Wellmann Sicherheitstechnik GmbH,"Hamminkeln, North Rhine-Westphalia, Germany",2026-09-23,https://www.linkedin.com/jobs/view/4470699141 , ,li-4470699141,fulltime,,,,,,False,mid-senior level,Project Management and Information Technology,,,Construction,https://de.linkedin.com/company/wellmann-sicherheitstechnik,,,,,,,,,,,
linkedin,Technical Product Manager – Biomanufacturing Software,workfully,,2026-09-23,https://www.linkedin.com/jobs/view/4471110941 , ,li-4471110941,fulltime,,,,,,False,entry level,Product Management and Marketing,,,"Technology, Information and Internet",https://es.linkedin.com/company/workfully,,,,,,,,,,,
linkedin,Technical Product Manager - Platform & Integration,Retarus,"Munich, Bavaria, Germany",2026-09-23,https://www.linkedin.com/jobs/view/4470976182 , ,li-4470976182,fulltime,,,,,,True,director,Strategy/Planning and Product Management,,Felix.Gansmeier@retarus.de,Software Development,https://de.linkedin.com/company/retarus,,,,,,,,,,,
linkedin,Projektleiter (m/w/d) TGA,Carpus+Partner AG,"Aachen, North Rhine-Westphalia, Germany",2026-09-23,https://www.linkedin.com/jobs/view/4416258031 , ,li-4416258031,fulltime,,,,,,False,mid-senior level,"Design, Art/Creative, and Information Technology",,karriere@carpus.de,Architecture and Planning,https://de.linkedin.com/company/carpus-partner-ag,,,,,,,,,,,
linkedin,Projektleiter HKLS (w/m/d),Recruiting Energy - powered by Advergy,,2026-09-23,https://www.linkedin.com/jobs/view/4459671348 , ,li-4459671348,fulltime,,,,,,False,associate,Project Management,,,Construction,https://de.linkedin.com/company/recruiting-energy-powered-by-advergy,,,,,,,,,,,
linkedin,NPI - Product Technical Expert (m/f/d) - for semiconductor industry,Applied Materials Europe,"Heimstetten, Bavaria, Germany",2026-09-23,https://www.linkedin.com/jobs/view/4458044023 , ,li-4458044023,fulltime,,,,,,False,not applicable,Sales and Business Development,,,"Appliances, Electrical, and Electronics Manufacturing, Nanotechnology Research, and Semiconductor Manufacturing",https://nl.linkedin.com/company/applied-materials-europe,,,,,,,,,,,
linkedin,Produktmanagement Zahntechnik (m/w/d) - Freelancer,DELABO.GROUP GmbH,"Düsseldorf, North Rhine-Westphalia, Germany",2026-09-23,https://www.linkedin.com/jobs/view/4468994765 , ,li-4468994765,contract,,,,,,False,associate,Other,,,Hospitals and Health Care,https://de.linkedin.com/company/delabo-group,,,,,,,,,,,
linkedin,"IT Projektmanager/Product Owner - Vorerfahrung Industrie-, Anlagenbau- oder Bausektor (m/w/d)",Randstad Deutschland,"Stuttgart, Baden-Württemberg, Germany",2026-09-23,https://www.linkedin.com/jobs/view/4470945687 , ,li-4470945687,parttime,,,,,,True,mid-senior level,Project Management and Information Technology,,,Human Resources Services,https://de.linkedin.com/company/randstad-deutschland,,,,,,,,,,,
linkedin,(Senior) Business Transformation Manager - Venture Clienting (m/f/d).,HELM AG,"Hamburg, Hamburg, Germany",2026-09-23,https://www.linkedin.com/jobs/view/4442085830 , ,li-4442085830,fulltime,,,,,,False,mid-senior level,Business Development and Sales,,,Chemical Manufacturing,https://de.linkedin.com/company/helmag,,,,,,,,,,,
linkedin,Projektmanager Halbleiterreinigungstools (m/f/d) befristet für 24 Monate,SUSS,"Pforzheim, Baden-Württemberg, Germany",2026-09-23,https://www.linkedin.com/jobs/view/4470955094 , ,li-4470955094,fulltime,,,,,,False,mid-senior level,Project Management and Information Technology,,,Semiconductor Manufacturing,https://de.linkedin.com/company/suss-microtec,,,,,,,,,,,
linkedin,"Product Marketing Manager, Media Infrastructure (m/f/x)",Lawo,"Rastatt, Baden-Württemberg, Germany",2026-09-23,https://www.linkedin.com/jobs/view/4470693375 , ,li-4470693375,fulltime,,,,,,False,associate,Marketing and Sales,,,Broadcast Media Production and Distribution,https://de.linkedin.com/company/lawo,,,,,,,,,,,
linkedin,(Senior) Business Transformation Manager - Venture Clienting (m/f/d),HELM AG,"Hamburg, Hamburg, Germany",2026-09-23,https://www.linkedin.com/jobs/view/4442093537 , ,li-4442093537,fulltime,,,,,,False,mid-senior level,Business Development and Sales,,,Chemical Manufacturing,https://de.linkedin.com/company/helmag,,,,,,,,,,,
linkedin,Product Manager E-Invoicing (m/w/d),DocuWare,"Germering, Bavaria, Germany",2026-09-23,https://www.linkedin.com/jobs/view/4452608014 , ,li-4452608014,fulltime,,,,,,False,mid-senior level,Product Management and Marketing,,,Software Development,https://de.linkedin.com/company/docuware-corporation,,,,,,,,,,,
linkedin,Senior IT Project Manager for IT Security Projects / Programs (m/w/x),ZEISS Group,"Munich, Bavaria, Germany",2026-09-23,https://www.linkedin.com/jobs/view/4468994506 , ,li-4468994506,fulltime,,,,,,False,mid-senior level,Project Management and Information Technology,,,Machinery Manufacturing,https://de.linkedin.com/company/zeiss,,,,,,,,,,,
linkedin,"Projektmanager*in Hochbau - Science, Industry & Technology (m/w/d)",Arup,"Frankfurt am Main, Hesse, Germany",2026-09-23,https://www.linkedin.com/jobs/view/4462147697 , ,li-4462147697,fulltime,,,,,,False,mid-senior level,"Project Management, Design, and Consulting",,,Design Services and Architecture and Planning,https://uk.linkedin.com/company/arup,,,,,,,,,,,
linkedin,Projektleiterin Großprojekte (w/m/d),GASAG Gruppe,"Berlin, Berlin, Germany",2026-09-23,https://www.linkedin.com/jobs/view/4431900928 , ,li-4431900928,fulltime,,,,,,False,mid-senior level,Project Management and Information Technology,,,Utilities,https://de.linkedin.com/company/gasag-gruppe,,,,,,,,,,,
linkedin,Projektleiter Hochbau (w/m/d),VIRES CONFERRE GmbH,,2026-09-23,https://www.linkedin.com/jobs/view/4470932145 , ,li-4470932145,fulltime,,,,,,False,associate,,,-3@ViresConferre.com,Construction and Real Estate,https://de.linkedin.com/company/vires-conferre-gmbh,,,,,,,,,,,
linkedin,Projektmanager*in (w/m/d),LIDROTEC,"Bochum, North Rhine-Westphalia, Germany",2026-09-23,https://www.linkedin.com/jobs/view/4470698759 , ,li-4470698759,fulltime,,,,,,False,not applicable,Project Management and Information Technology,,,Industrial Machinery Manufacturing,https://de.linkedin.com/company/lidrotec,,,,,,,,,,,
linkedin,Projekt Manager Industriebau (m/w/d),persona service,"Düsseldorf, North Rhine-Westphalia, Germany",2026-09-23,https://www.linkedin.com/jobs/view/4439861970 , ,li-4439861970,fulltime,,,,,,False,mid-senior level,Project Management and Information Technology,,,Staffing and Recruiting,https://de.linkedin.com/company/persona-service,,,,,,,,,,,
linkedin,Projektleiter (m/w/d) Unbemannte Systeme,Diehl Group,"Röthenbach an der Pegnitz, Bavaria, Germany",2026-09-23,https://www.linkedin.com/jobs/view/4469420732 , ,li-4469420732,fulltime,,,,,,False,mid-senior level,"Design, Art/Creative, and Information Technology",,,"Appliances, Electrical, and Electronics Manufacturing",https://de.linkedin.com/company/diehl-group,,,,,,,,,,,
linkedin,Projektleitung (w/m/d) Versorgungstechnik,Assmann Beraten + Planen,"Magdeburg, Saxony-Anhalt, Germany",2026-09-23,https://www.linkedin.com/jobs/view/4426785886 , ,li-4426785886,fulltime,,,,,,False,associate,Engineering,,,Architecture and Planning,https://de.linkedin.com/company/assmann-beraten-planen,,,,,,,,,,,
linkedin,"Projektleiter | Audio-, Video- und Konferenztechnik m/w/d",SPIE ICS – SPIE Information & Communication Services GmbH,"Hamburg, Hamburg, Germany",2026-09-23,https://www.linkedin.com/jobs/view/4470665721 , ,li-4470665721,fulltime,,,,,,False,mid-senior level,"Design, Art/Creative, and Information Technology",,,IT Services and IT Consulting,https://de.linkedin.com/company/spie-ics-germany,,,,,,,,,,,
linkedin,Produktmanager (m/w/d) Innovation & Architektur,Ammerländer Versicherung VVaG,"Westerstede, Lower Saxony, Germany",2026-09-23,https://www.linkedin.com/jobs/view/4470923005 , ,li-4470923005,fulltime,,,,,,False,entry level,,,,Insurance,https://de.linkedin.com/company/ammerl%C3%A4nder-versicherung-vvag,,,,,,,,,,,
linkedin,Product Manager Security & Industry (m/w/d),CHERRY,"Auerbach, Bavaria, Germany",2026-09-23,https://www.linkedin.com/jobs/view/4469324071 , ,li-4469324071,fulltime,,,,,,False,associate,Product Management,,,Computer Hardware Manufacturing,https://de.linkedin.com/company/cherry-,,,,,,,,,,,
linkedin,Produktverantwortliche Person (m/w/d),WEBER GmbH,"Worms, Rhineland-Palatinate, Germany",2026-09-23,https://www.linkedin.com/jobs/view/4470924537 , ,li-4470924537,fulltime,,,,,,False,mid-senior level,Product Management,,bewerbung@webergmbh.de,Automation Machinery Manufacturing,https://de.linkedin.com/company/webergmbh,,,,,,,,,,,
linkedin,"Senior Product Manager - (Core Data, Tech Foundations)",Delivery Hero,"Berlin, Berlin, Germany",2026-09-23,https://www.linkedin.com/jobs/view/4469435547 , ,li-4469435547,fulltime,,,,,,False,mid-senior level,Marketing and Product Management,,inclusion@deliveryhero.com,Software Development and IT Services and IT Consulting,https://de.linkedin.com/company/delivery-hero-se,,,,,,,,,,,
linkedin,Senior Product Manager,Cleverbridge,,2026-09-23,https://www.linkedin.com/jobs/view/4470695792 , ,li-4470695792,fulltime,,,,,,False,mid-senior level,Product Management,,,Software Development,https://de.linkedin.com/company/cleverbridge,,,,,,,,,,,
linkedin,Produktmanager:in Palettiertechnik (all genders),WEBER GmbH,"Worms, Rhineland-Palatinate, Germany",2026-09-23,https://www.linkedin.com/jobs/view/4470915895 , ,li-4470915895,fulltime,,,,,,False,mid-senior level,Product Management,,bewerbung@webergmbh.de,Automation Machinery Manufacturing,https://de.linkedin.com/company/webergmbh,,,,,,,,,,,
linkedin,Product Manager - Pro Tools (m/w/d),immowelt,"Berlin, Germany",2026-09-23,https://www.linkedin.com/jobs/view/4469340103 , ,li-4469340103,fulltime,,,,,,False,mid-senior level,Product Management and Marketing,,,"Technology, Information and Internet",https://de.linkedin.com/company/immowelt,,,,,,,,,,,
linkedin,(Senior-) Product Owner:in (d/m/w) - Payments & Kassenökosystem,Lexware,"Freiburg, Baden-Württemberg, Germany",2026-09-23,https://www.linkedin.com/jobs/view/4471103752 , ,li-4471103752,fulltime,,,,,,False,entry level,Product Management and Marketing,,,Software Development,https://de.linkedin.com/company/lexware,,,,,,,,,,,
linkedin,Product Lead (all genders) - Industrielogistik,INFORM GmbH - Optimization Software,"Aachen, North Rhine-Westphalia, Germany",2026-09-23,https://www.linkedin.com/jobs/view/4470945006 , ,li-4470945006,fulltime,,,,,,False,associate,,,,Software Development,https://de.linkedin.com/company/inform,,,,,,,,,,,
linkedin,Associate Product Manager - Life Sciences,Azenta Life Sciences,"Griesheim, Hesse, Germany",2026-09-23,https://www.linkedin.com/jobs/view/4469335288 , ,li-4469335288,temporary,,,,,,False,associate,,,,"Medical Equipment Manufacturing, Pharmaceutical Manufacturing, and Manufacturing",https://www.linkedin.com/company/azenta-life-sciences,,,,,,,,,,,
linkedin,Product Owner (all genders welcome) - AI-Driven Reservoir Simulation & Optimization,Rosenxt Group,"Lohne, Lower Saxony, Germany",2026-09-23,https://www.linkedin.com/jobs/view/4469489228 , ,li-4469489228,fulltime,,,,,,True,mid-senior level,Product Management and Marketing,,,Engineering Services,https://ch.linkedin.com/company/rosenxt,,,,,,,,,,,
linkedin,Produktmanager Schmierstoffe (m/w/d),H&R Group,"Hamburg, Hamburg, Germany",2026-09-23,https://www.linkedin.com/jobs/view/4462293336 , ,li-4462293336,fulltime,,,,,,False,associate,Other,,,Chemical Manufacturing,https://de.linkedin.com/company/h-r-gruppe,,,,,,,,,,,
linkedin,Product Generalist,Rex.zone,,2026-09-23,https://www.linkedin.com/jobs/view/4470698289 , ,li-4470698289,fulltime,,,,,,True,mid-senior level,Human Resources,,,"Technology, Information and Internet",https://www.linkedin.com/company/rex-zone,,,,,,,,,,,
linkedin,Teamleitung Consulting (m/w/d) – Rollout CS 3.0,Schleupen SE,"Moers, North Rhine-Westphalia, Germany",2026-09-23,https://www.linkedin.com/jobs/view/4456991008 , ,li-4456991008,fulltime,,,,,,False,mid-senior level,Information Technology,,,Internet Publishing,https://de.linkedin.com/company/schleupen-se,,,,,,,,,,,
linkedin,Senior Technischer Product Manager - AI & Robotics Foundation Model (Mensch),NEURA Robotics,"Riederich, Baden-Württemberg, Germany",2026-09-22,https://www.linkedin.com/jobs/view/4457349621 , ,li-4457349621,fulltime,,,,,,False,mid-senior level,Product Management and Marketing,,,Automation Machinery Manufacturing,https://de.linkedin.com/company/neura-robotics,,,,,,,,,,,
linkedin,"Produktmanager (m/w/d) - Schwerpunkt Forderungsmanagement, Buchhaltung und Risikomanagement",Instaffo,"Hildesheim, Lower Saxony, Germany",2026-09-22,https://www.linkedin.com/jobs/view/4468550414 , ,li-4468550414,fulltime,,,,,,False,mid-senior level,Product Management and Management,,,Staffing and Recruiting,https://de.linkedin.com/company/instaffo-gmbh,,,,,,,,,,,
linkedin,Produktmanager:in,Robert Half,"Cologne, North Rhine-Westphalia, Germany",2026-09-22,https://www.linkedin.com/jobs/view/4470261987 , ,li-4470261987,fulltime,,,,,,False,associate,Marketing and Product Management,,,Personal Care Product Manufacturing,https://www.linkedin.com/company/robert-half-international,,,,,,,,,,,
linkedin,Product Manager Private Label (all genders),BABOR BEAUTY GROUP,"Aachen, North Rhine-Westphalia, Germany",2026-09-22,https://www.linkedin.com/jobs/view/4468599060 , ,li-4468599060,fulltime,,,,,,False,entry level,Product Management and Marketing,,,"Personal Care Product Manufacturing, Advertising Services, and Wellness and Fitness Services",https://de.linkedin.com/company/babor-beauty-group,,,,,,,,,,,
linkedin,Projektleiter (m/w/d) Isoliertechnik,Bohle-Gruppe,"Hamburg, Hamburg, Germany",2026-09-22,https://www.linkedin.com/jobs/view/4471841264 , ,li-4471841264,fulltime,,,,,,False,mid-senior level,"Design, Art/Creative, and Information Technology",,,Construction,https://de.linkedin.com/company/bohle-gruppe,,,,,,,,,,,
linkedin,Product Line Manager CORE Apparel,PUMA Group,"Herzogenaurach, Bavaria, Germany",2026-09-22,https://www.linkedin.com/jobs/view/4461250905 , ,li-4461250905,fulltime,,,,,,False,associate,Product Management and Product Management,,,"Sporting Goods Manufacturing, Retail, and Retail Apparel and Fashion",https://de.linkedin.com/company/puma,,,,,,,,,,,
linkedin,Geschäftsentwickler (m/w/d),FEP Fahrzeugelektrik Pirna GmbH & Co. KG,"Pirna, Saxony, Germany",2026-09-22,https://www.linkedin.com/jobs/view/4470245233 , ,li-4470245233,fulltime,,,,,,False,mid-senior level,Strategy/Planning,,jobs@fepz.de,Automotive,https://de.linkedin.com/company/fep-fahrzeugelektrik-gmbh-co-kg,,,,,,,,,,,
linkedin,Manager (m/w/d) Digital Development & Applications (R&D),DöhlerGroup,"Darmstadt, Hesse, Germany",2026-09-22,https://www.linkedin.com/jobs/view/4452576522 , ,li-4452576522,fulltime,,,,,,False,mid-senior level,Information Technology,,,Food and Beverage Manufacturing,https://de.linkedin.com/company/doehler,,,,,,,,,,,
linkedin,"Senior Product Manager, Wealth & AI (f/m/d)",getquin,"Berlin, Berlin, Germany",2026-09-22,https://www.linkedin.com/jobs/view/4468591635 , ,li-4468591635,fulltime,,,,,,False,associate,Marketing and Product Management,,,Software Development,https://de.linkedin.com/company/getquin,,,,,,,,,,,
linkedin,Product Manager (f/m/d),Siemens,"Hannover, Lower Saxony, Germany",2026-09-22,https://www.linkedin.com/jobs/view/4404722439 , ,li-4404722439,fulltime,,,,,,False,mid-senior level,Engineering,,,Automation Machinery Manufacturing,https://de.linkedin.com/company/siemens,,,,,,,,,,,
linkedin,Teamlead Data Operations  (Mensch),NEURA Robotics,"Riederich, Baden-Württemberg, Germany",2026-09-22,https://www.linkedin.com/jobs/view/4457332672 , ,li-4457332672,fulltime,,,,,,False,mid-senior level,Management and Manufacturing,,,Automation Machinery Manufacturing,https://de.linkedin.com/company/neura-robotics,,,,,,,,,,,
linkedin,Robotics Product Manager (human),NEURA Robotics,"Riederich, Baden-Württemberg, Germany",2026-09-22,https://www.linkedin.com/jobs/view/4422958397 , ,li-4422958397,fulltime,,,,,,False,mid-senior level,Product Management and Marketing,,,Automation Machinery Manufacturing,https://de.linkedin.com/company/neura-robotics,,,,,,,,,,,
linkedin,Senior Cloud Product Manager (all genders)(EN),Contabo,,2026-09-22,https://www.linkedin.com/jobs/view/4463276820 , ,li-4463276820,fulltime,,,,,,True,mid-senior level,Product Management and Marketing,,maximilian.kasemir@contabo.de,Software Development,https://de.linkedin.com/company/contabo-gmbh,,,,,,,,,,,
linkedin,Projektleiter Oberleitung Fernbahn (m/w/d),SPITZKE SE,,2026-09-22,https://www.linkedin.com/jobs/view/4388113927 , ,li-4388113927,fulltime,,,,,,False,associate,"Design, Art/Creative, and Information Technology",,,Construction,https://de.linkedin.com/company/spitzke-se,,,,,,,,,,,
linkedin,(Senior) Product Manager (m/w/d),encosa energy,"Munich, Bavaria, Germany",2026-09-22,https://www.linkedin.com/jobs/view/4468574790 , ,li-4468574790,fulltime,,,,,,False,mid-senior level,Product Management,,,Renewable Energy Semiconductor Manufacturing,https://de.linkedin.com/company/encosa-energy,,,,,,,,,,,
linkedin,Projektleitung Objektplanung (w/m/d) Schwerpunkt Verwaltungsbau,Arnold und Gladisch Objektplanung Generalplanung GmbH,"Berlin, Germany",2026-09-22,https://www.linkedin.com/jobs/view/4427549172 , ,li-4427549172,fulltime,,,,,,False,associate,Design and Engineering,,,Architecture and Planning,https://de.linkedin.com/company/arnold-und-gladisch,,,,,,,,,,,
linkedin,PROJEKTLEITER (m/w/d) FERTIGTEILE,BREMER AG,"Stuttgart, Baden-Württemberg, Germany",2026-09-22,https://www.linkedin.com/jobs/view/3927678908 , ,li-3927678908,fulltime,,,,,,False,mid-senior level,"Design, Art/Creative, and Information Technology",,,Construction,https://de.linkedin.com/company/bremer-se,,,,,,,,,,,
linkedin,Manager Leitungsrecht (f/m/d) - IE2S GmbH,MHP – A Porsche Company,"Berlin, Berlin, Germany",2026-09-22,https://www.linkedin.com/jobs/view/4371012272 , ,li-4371012272,fulltime,,,,,,False,mid-senior level,Other,,,Business Consulting and Services,https://de.linkedin.com/company/mhp-a-porsche-company,,,,,,,,,,,
linkedin,(Senior) Projektleiter*in / Ingenieur*in - Schwachstrom (m/w/d),Arup,"Frankfurt am Main, Hesse, Germany",2026-09-22,https://www.linkedin.com/jobs/view/4470465457 , ,li-4470465457,fulltime,,,,,,False,mid-senior level,"Design, Consulting, and Engineering",,,"Appliances, Electrical, and Electronics Manufacturing, Architecture and Planning, and Civil Engineering",https://uk.linkedin.com/company/arup,,,,,,,,,,,
linkedin,Senior IT-Projektleiter (m/w/d),Allgeier Public,"Bonn, North Rhine-Westphalia, Germany",2026-09-22,https://www.linkedin.com/jobs/view/4470493280 , ,li-4470493280,fulltime,,,,,,True,mid-senior level,Information Technology,,,IT Services and IT Consulting,https://de.linkedin.com/company/allgeier-public,,,,,,,,,,,
linkedin,Manager Trassierung und Planung (f/m/d) - IE2S GmbH,MHP – A Porsche Company,"Munich, Bavaria, Germany",2026-09-22,https://www.linkedin.com/jobs/view/4370999814 , ,li-4370999814,fulltime,,,,,,False,mid-senior level,Other,,,Business Consulting and Services,https://de.linkedin.com/company/mhp-a-porsche-company,,,,,,,,,,,
linkedin,Technischer Projektleiter (w/m/d),HENSOLDT,"Kiel, Schleswig-Holstein, Germany",2026-09-22,https://www.linkedin.com/jobs/view/4468921915 , ,li-4468921915,fulltime,,,,,,False,mid-senior level,Information Technology,,,Defense and Space Manufacturing,https://de.linkedin.com/company/hensoldt,,,,,,,,,,,
linkedin,Senior Product Manager,GoodHabitz,"Berlin, Berlin, Germany",2026-09-22,https://www.linkedin.com/jobs/view/4470909366 , ,li-4470909366,fulltime,,,,,,False,mid-senior level,Product Management,,recruitment@goodhabitz.com,IT Services and IT Consulting,https://nl.linkedin.com/company/goodhabitz,,,,,,,,,,,
linkedin,Senior Product Manager (Business Applications Development),JetBrains,"Munich, Bavaria, Germany",2026-09-22,https://www.linkedin.com/jobs/view/4450163435 , ,li-4450163435,fulltime,,,,,,True,mid-senior level,Product Management and Marketing,,,Software Development,https://nl.linkedin.com/company/jetbrains,,,,,,,,,,,
linkedin,Senior Product Manager (Business Applications Development),JetBrains,"Berlin, Berlin, Germany",2026-09-22,https://www.linkedin.com/jobs/view/4450165403 , ,li-4450165403,fulltime,,,,,,True,mid-senior level,Product Management and Marketing,,,Software Development,https://nl.linkedin.com/company/jetbrains,,,,,,,,,,,
linkedin,Senior Product Manager Cloud Services & SaaS (m/w/d),WIBU-SYSTEMS,"Karlsruhe, Baden-Württemberg, Germany",2026-09-22,https://www.linkedin.com/jobs/view/4470261352 , ,li-4470261352,fulltime,,,,,,False,associate,Product Management and Strategy/Planning,,,"IT Services and IT Consulting, Software Development, and IT System Data Services",https://de.linkedin.com/company/wibu-systems-ag,,,,,,,,,,,
linkedin,Product Marketing & Campaign Manager (m/f/d),Smoobu - The Vacation Rental Software,"Berlin, Germany",2026-09-22,https://www.linkedin.com/jobs/view/4456543031 , ,li-4456543031,fulltime,,,,,,True,mid-senior level,Marketing and Sales,,,Software Development,https://de.linkedin.com/company/smoobu,,,,,,,,,,,
linkedin,Teamlead Projektmanagement Real Estate Metering (m/w/d),wattline GmbH,"Ruderting, Bavaria, Germany",2026-09-22,https://www.linkedin.com/jobs/view/4470274548 , ,li-4470274548,fulltime,,,,,,False,mid-senior level,Project Management,,bewerbung@wattline.com,Utilities and Services for Renewable Energy,https://de.linkedin.com/company/wattline-gmbh,,,,,,,,,,,
linkedin,Projektleitung (m/w/d) Int. Projekte/ Erasmus+,dreieins Innovative Pädagogik,"Berlin, Germany",2026-09-22,https://www.linkedin.com/jobs/view/4452493066 , ,li-4452493066,fulltime,,,,,,False,mid-senior level,Project Management and Information Technology,,"karriere@dreieins.org, karriere@dreieins.org",Education,https://de.linkedin.com/company/dreieins-innovative-p%C3%A4dagogik,,,,,,,,,,,
linkedin,Senior Projektmanager Elektrotechnik - Rechenzentren (w/m/d),Arcadis,"Frankfurt am Main, Hesse, Germany",2026-09-22,https://www.linkedin.com/jobs/view/4459511962 , ,li-4459511962,fulltime,,,,,,False,mid-senior level,Other,,,Professional Services,https://nl.linkedin.com/company/arcadis,,,,,,,,,,,
linkedin,R&D Project Manager for the Service Line Challenging Solutions (all genders welcome),ROSEN,"Lingen, Lower Saxony, Germany",2026-09-22,https://www.linkedin.com/jobs/view/4469023110 , ,li-4469023110,fulltime,,,,,,False,mid-senior level,Product Management,,,Industrial Machinery Manufacturing and Oil and Gas,https://ch.linkedin.com/company/rosen,,,,,,,,,,,
linkedin,(Senior) Projektmanager (m/w/d) Operations,Elis Germany & Austria,"Hamburg, Hamburg, Germany",2026-09-22,https://www.linkedin.com/jobs/view/4470464558 , ,li-4470464558,fulltime,,,,,,False,not applicable,"Engineering, Management, and Project Management",,,Consumer Services,https://de.linkedin.com/company/elis-deutschland-sterreich,,,,,,,,,,,
linkedin,Projektleiter (w/m/d) Objektüberwachung TGA HLSK,Drees & Sommer,"Penzberg, Bavaria, Germany",2026-09-22,https://www.linkedin.com/jobs/view/4446214604 , ,li-4446214604,fulltime,,,,,,False,associate,Engineering and Project Management,,,Real Estate,https://de.linkedin.com/company/drees-&-sommer,,,,,,,,,,,
linkedin,Projektleiter (m/w/d) Automatisierungstechnik,LogoTek GmbH,"Duisburg, North Rhine-Westphalia, Germany",2026-09-22,https://www.linkedin.com/jobs/view/4468941163 , ,li-4468941163,fulltime,,,,,,False,associate,Engineering,,,IT Services and IT Consulting,https://de.linkedin.com/company/logotek-gmbh,,,,,,,,,,,
linkedin,Projektsteuerer für Bauvorhaben und Liegenschaftsbetrieb (m/w/d),BWI GmbH,"Cologne, North Rhine-Westphalia, Germany",2026-09-22,https://www.linkedin.com/jobs/view/4470454569 , ,li-4470454569,fulltime,,,,,,False,mid-senior level,Project Management and Information Technology,,,IT Services and IT Consulting,https://de.linkedin.com/company/bwi-gmbh,,,,,,,,,,,
linkedin,"Projektleiter (m/w/d) HKLS, Schwerpunkt Sanitärtechnik",ATP architects engineers,"Frankfurt am Main, Hesse, Germany",2026-09-22,https://www.linkedin.com/jobs/view/4383909308 , ,li-4383909308,fulltime,,,,,,False,mid-senior level,Management and Manufacturing,,,Architecture and Planning,https://at.linkedin.com/company/atp-architekten-ingenieure,,,,,,,,,,,
linkedin,Projektsteuerer für Bauvorhaben und Liegenschaftsbetrieb (m/w/d),BWI GmbH,"Munich, Bavaria, Germany",2026-09-22,https://www.linkedin.com/jobs/view/4470454570 , ,li-4470454570,fulltime,,,,,,False,mid-senior level,Project Management and Information Technology,,,IT Services and IT Consulting,https://de.linkedin.com/company/bwi-gmbh,,,,,,,,,,,
linkedin,PROJEKTLEITER:IN MÖBEL & EINRICHTUNGSKONZEPTE (m/w/d),SCHLEGEL,"Bietigheim, Baden-Württemberg, Germany",2026-09-22,https://www.linkedin.com/jobs/view/4470279850 , ,li-4470279850,fulltime,,,,,,False,mid-senior level,"Design, Art/Creative, and Information Technology",,,Construction,https://de.linkedin.com/company/schlegel,,,,,,,,,,,
linkedin,Technischer Projektleiter (m/w/d),Raumtechnik Messebau & Event Services GmbH,"Ruit, Baden-Württemberg, Germany",2026-09-22,https://www.linkedin.com/jobs/view/4468793566 , ,li-4468793566,fulltime,,,,,,False,entry level,Information Technology,,personal@raumtechnik.com,Advertising Services,https://de.linkedin.com/company/raumtechnik-messebau,,,,,,,,,,,
linkedin,Projektleiter:in Hochbau,HOCHTIEF,"Hannover, Lower Saxony, Germany",2026-09-22,https://www.linkedin.com/jobs/view/4470427470 , ,li-4470427470,fulltime,,,,,,False,associate,,,,"Construction, Architecture and Planning, and Accessible Architecture and Design",https://de.linkedin.com/company/hochtief,,,,,,,,,,,
linkedin,R&D Project Manager for the Service Line Robotics (all genders welcome),ROSEN,"Lingen, Lower Saxony, Germany",2026-09-22,https://www.linkedin.com/jobs/view/4469009898 , ,li-4469009898,fulltime,,,,,,False,mid-senior level,Product Management,,,Industrial Machinery Manufacturing and Oil and Gas,https://ch.linkedin.com/company/rosen,,,,,,,,,,,
linkedin,Projektleiter (w/m/d) Objektüberwachung,Drees & Sommer,"Stuttgart, Baden-Württemberg, Germany",2026-09-22,https://www.linkedin.com/jobs/view/4451242747 , ,li-4451242747,fulltime,,,,,,False,executive,Engineering and Project Management,,,Real Estate,https://de.linkedin.com/company/drees-&-sommer,,,,,,,,,,,
linkedin,Projektleiter (m/w/d) Schlüsselfertigbau,LIST Gruppe,"Leipzig, Saxony, Germany",2026-09-22,https://www.linkedin.com/jobs/view/4283361250 , ,li-4283361250,fulltime,,,,,,False,associate,Engineering,,,Construction and Real Estate,https://de.linkedin.com/company/list-gruppe,,,,,,,,,,,
linkedin,"Projektmanager Directive PMO *Geschlecht egal, Hauptsache gut",take-e-way GmbH,"Hamburg, Hamburg, Germany",2026-09-22,https://www.linkedin.com/jobs/view/4464094065 , ,li-4464094065,fulltime,,,,,,False,not applicable,Project Management and Information Technology,,,Environmental Services,https://de.linkedin.com/company/take-e-way-gmbh,,,,,,,,,,,
linkedin,Projektleiter / Project Leader Strategische Unternehmensprojekte (m/w/d) Hamburg,Detlev Louis Motorrad-Vertriebsgesellschaft mbH,"Hamburg, Hamburg, Germany",2026-09-22,https://www.linkedin.com/jobs/view/4470602878 , ,li-4470602878,fulltime,,,,,,False,mid-senior level,Project Management and Information Technology,,,Retail,https://de.linkedin.com/company/detlev-louis-motorradvertriebs-gmbh,,,,,,,,,,,
linkedin,Project Lead / Project Manager (m/w/x),K-tronik GmbH,"Kiel, Schleswig-Holstein, Germany",2026-09-22,https://www.linkedin.com/jobs/view/4468910407 , ,li-4468910407,fulltime,,,,,,False,associate,Management,,,IT Services and IT Consulting,https://de.linkedin.com/company/k-tronik-gmbh,,,,,,,,,,,
linkedin,Hauptprojektleiter (m/w/d),ERGO,"Düsseldorf, North Rhine-Westphalia, Germany",2026-09-22,https://www.linkedin.com/jobs/view/4460503959 , ,li-4460503959,fulltime,,,,,,False,mid-senior level,Project Management and Information Technology,,,Insurance,https://de.linkedin.com/company/ergo-group-ag,,,,,,,,,,,
linkedin,Senior Project Manager (Mensch),NEURA Robotics,"Riederich, Baden-Württemberg, Germany",2026-09-22,https://www.linkedin.com/jobs/view/4422951558 , ,li-4422951558,fulltime,,,,,,False,mid-senior level,Project Management and Information Technology,,,Automation Machinery Manufacturing,https://de.linkedin.com/company/neura-robotics,,,,,,,,,,,
linkedin,Technischer Projektleiter (m/w/d),alstria,"Stuttgart, Baden-Württemberg, Germany",2026-09-22,https://www.linkedin.com/jobs/view/4461043894 , ,li-4461043894,fulltime,,,,,,False,associate,Product Management,,,Real Estate,https://de.linkedin.com/company/alstria,,,,,,,,,,,
linkedin,Senior IT Projektmanager:in (m/w/d),epco GmbH,"Monheim, North Rhine-Westphalia, Germany",2026-09-22,https://www.linkedin.com/jobs/view/4468771873 , ,li-4468771873,fulltime,,,,,,False,mid-senior level,Information Technology,,,Software Development,https://de.linkedin.com/company/epco-gmbh,,,,,,,,,,,
linkedin,Projektleiter (w/m/d) Objektüberwachung TGA HLSK,Drees & Sommer,"Leipzig, Saxony, Germany",2026-09-22,https://www.linkedin.com/jobs/view/4457271083 , ,li-4457271083,fulltime,,,,,,False,associate,Engineering and Project Management,,,Real Estate,https://de.linkedin.com/company/drees-&-sommer,,,,,,,,,,,
linkedin,Projektleiter NNbS Mittelbereichsradar (w/m/d),HENSOLDT,"Ulm, Baden-Württemberg, Germany",2026-09-22,https://www.linkedin.com/jobs/view/4468868042 , ,li-4468868042,fulltime,,,,,,False,mid-senior level,"Design, Art/Creative, and Information Technology",,jobs@hensoldt.net,Defense and Space Manufacturing,https://de.linkedin.com/company/hensoldt,,,,,,,,,,,
linkedin,Projektmanager für Softwareprodukte im ÖPNV (m/w/d) in Darmstadt,vedisys AG - Software für ÖPNV und Kommunen,"Griesheim, Hesse, Germany",2026-09-22,https://www.linkedin.com/jobs/view/4468530738 , ,li-4468530738,fulltime,,,,,,False,associate,Project Management,,,IT Services and IT Consulting,https://de.linkedin.com/company/vedisys-ag,,,,,,,,,,,
linkedin,Projektleiter (m/w/d) Hochbau,HOCHTIEF,"Hannover, Lower Saxony, Germany",2026-09-22,https://www.linkedin.com/jobs/view/4470642343 , ,li-4470642343,fulltime,,,,,,False,mid-senior level,"Design, Art/Creative, and Information Technology",,,Construction,https://de.linkedin.com/company/hochtief,,,,,,,,,,,
linkedin,Projektleiter Fördertechnik (m/w/d),AFT Förderanlagen Bautzen GmbH & Co. KG,"Bautzen, Saxony, Germany",2026-09-21,https://www.linkedin.com/jobs/view/4467394662 , ,li-4467394662,fulltime,,,,,,False,associate,Engineering,,,Industrial Machinery Manufacturing,https://de.linkedin.com/company/aft-f-rderanlagen-bautzen-gmbh-co-kg,,,,,,,,,,,
linkedin,Technischer Projektleiter Marinesimulation (m/w/d),Rheinmetall,"Bremen, Bremen, Germany",2026-09-21,https://www.linkedin.com/jobs/view/4439299532 , ,li-4439299532,fulltime,,,,,,False,mid-senior level,Project Management and Information Technology,,,Defense and Space Manufacturing,https://de.linkedin.com/company/rheinmetall,,,,,,,,,,,
linkedin,Senior ERP Project Manager (m/f/d),Redcare Pharmacy,"Cologne, North Rhine-Westphalia, Germany",2026-09-21,https://www.linkedin.com/jobs/view/4467388228 , ,li-4467388228,fulltime,,,,,,True,mid-senior level,Analyst,,,Software Development and IT Services and IT Consulting,https://nl.linkedin.com/company/redcare-pharmacy-com,,,,,,,,,,,
linkedin,Projektleiter (m/w/d/kA) Rückbau/Erdbau,Stricker-Gruppe,"Dortmund, North Rhine-Westphalia, Germany",2026-09-21,https://www.linkedin.com/jobs/view/4435538489 , ,li-4435538489,fulltime,,,,,,False,mid-senior level,Project Management,,,Construction,https://de.linkedin.com/company/stricker-gruppe,,,,,,,,,,,
linkedin,Projektleiter (m/w/d) Roh- und Schlüsselfertigbau,Peter Gross Bau,"Berlin, Germany",2026-09-21,https://www.linkedin.com/jobs/view/4438211657 , ,li-4438211657,fulltime,,,,,,False,mid-senior level,"Design, Art/Creative, and Information Technology",,,Construction,https://www.linkedin.com/company/petergrossbau,,,,,,,,,,,
linkedin,Projektleiter/-in Versorgungstechnik (m/w/d),ITA engineering GmbH,"Munich, Bavaria, Germany",2026-09-21,https://www.linkedin.com/jobs/view/4382834998 , ,li-4382834998,fulltime,,,,,,False,mid-senior level,"Design, Art/Creative, and Information Technology",,,Architecture and Planning,https://de.linkedin.com/company/ita-engineering-gmbh,,,,,,,,,,,
linkedin,Projektmanager w/m/d Sondermaschinenbau,XENON Automation,"Dresden, Saxony, Germany",2026-09-21,https://www.linkedin.com/jobs/view/4469864861 , ,li-4469864861,fulltime,,,,,,False,associate,Project Management,,,Automation Machinery Manufacturing and Machinery Manufacturing,https://de.linkedin.com/company/xenon-automation,,,,,,,,,,,
linkedin,"Project Manager E-Commerce Agentur (m/w/d), Vollzeit",AthariCommerce,"Cologne, North Rhine-Westphalia, Germany",2026-09-21,https://www.linkedin.com/jobs/view/4467609832 , ,li-4467609832,fulltime,,,,,,False,mid-senior level,Project Management,,,IT Services and IT Consulting,https://de.linkedin.com/company/atharicommerce,,,,,,,,,,,
linkedin,Projektleiter / Project Manager Clinical Trials,VERTANICAL,"Munich, Bavaria, Germany",2026-09-21,https://www.linkedin.com/jobs/view/4462224514 , ,li-4462224514,fulltime,,,,,,False,not applicable,Project Management and Information Technology,,jobs@futrue.com,Pharmaceutical Manufacturing,https://de.linkedin.com/company/vertanical-gmbh,,,,,,,,,,,
linkedin,Projektmanager:in Shopify Agentur - Vollzeit (m/w/d),apoio,"Hamburg, Hamburg, Germany",2026-09-21,https://www.linkedin.com/jobs/view/4467610866 , ,li-4467610866,fulltime,,,,,,False,associate,Project Management,,,IT Services and IT Consulting,https://de.linkedin.com/company/apoio-digital,,,,,,,,,,,
linkedin,Projektleiter (m/w/d) – Hochbau / Wohnungsbau,weisenburger group,"Düsseldorf, North Rhine-Westphalia, Germany",2026-09-21,https://www.linkedin.com/jobs/view/4468718269 , ,li-4468718269,fulltime,,,,,,False,mid-senior level,"Design, Art/Creative, and Information Technology",,,Construction,https://de.linkedin.com/company/weisenburger-gruppe,,,,,,,,,,,
linkedin,Projektmanager Bodenplatte & Keller (m/w/d),ELK,"Aalen, Baden-Württemberg, Germany",2026-09-21,https://www.linkedin.com/jobs/view/4468705696 , ,li-4468705696,fulltime,,,,,,False,associate,"Project Management, Sales, and Quality Assurance",,,Construction and Architecture and Planning,https://at.linkedin.com/company/elk-fertighaus-gmbh,,,,,,,,,,,
linkedin,Projektmanager - Engineering & Process Technology (m/w/d),Analytik NEWS,"Gendorf, Bavaria, Germany",2026-09-21,https://www.linkedin.com/jobs/view/4467371791 , ,li-4467371791,fulltime,,,,,,False,mid-senior level,Project Management and Information Technology,,,"Technology, Information and Internet",https://de.linkedin.com/company/analytik-news,,,,,,,,,,,
linkedin,Projektleiter Elektrotechnik (m/w/d),UNDKRAUSS,"Berlin, Berlin, Germany",2026-09-21,https://www.linkedin.com/jobs/view/4467351458 , ,li-4467351458,fulltime,,,,,,False,mid-senior level,Manufacturing,,karriere@undkrauss.com,Construction,https://de.linkedin.com/company/undkrauss,,,,,,,,,,,
linkedin,Projektleiter:in mit fachlicher Teamleitungsfunktion für Brücken- / Bahnübergangsbeseitigung,Deutsche Bahn,"Frankfurt am Main, Hesse, Germany",2026-09-21,https://www.linkedin.com/jobs/view/4406828421 , ,li-4406828421,fulltime,,,,,,False,mid-senior level,"Design, Art/Creative, and Information Technology",,,Truck Transportation,https://de.linkedin.com/company/deutschebahn,,,,,,,,,,,
linkedin,Technical Project Manager (m/f/d) Aerospace Composites,Blackwave,"Taufkirchen, Bavaria, Germany",2026-09-21,https://www.linkedin.com/jobs/view/4460017776 , ,li-4460017776,fulltime,,,,,,True,mid-senior level,Project Management and Information Technology,,,Aviation and Aerospace Component Manufacturing,https://de.linkedin.com/company/blackwave-gmbh,,,,,,,,,,,
linkedin,Product Manager – Partner Solutions (m/f/d),seca – precision for health,"Hamburg, Germany",2026-09-21,https://www.linkedin.com/jobs/view/4469846524 , ,li-4469846524,fulltime,,,,,,False,mid-senior level,,,,Medical Equipment Manufacturing and Software Development,https://de.linkedin.com/company/seca,,,,,,,,,,,
linkedin,Product Manager – Platform Experience & Cloud Administration (m/f/d),Jedox,"Freiburg, Baden-Württemberg, Germany",2026-09-21,https://www.linkedin.com/jobs/view/4469960307 , ,li-4469960307,fulltime,,,,,,False,associate,Marketing and Product Management,,,Software Development,https://de.linkedin.com/company/jedox,,,,,,,,,,,
linkedin,Module Owner – Mechatronics (f/m/x),ZEISS Group,"Jena, Thuringia, Germany",2026-09-21,https://www.linkedin.com/jobs/view/4469868011 , ,li-4469868011,fulltime,,,,,,False,mid-senior level,"Engineering, Information Technology, and Business Development",,,"Manufacturing and Appliances, Electrical, and Electronics Manufacturing",https://de.linkedin.com/company/zeiss,,,,,,,,,,,
linkedin,Verantwortlicher für die Projektsteuerung,viscon GmbH,"Aachen, North Rhine-Westphalia, Germany",2026-09-21,https://www.linkedin.com/jobs/view/4444520764 , ,li-4444520764,fulltime,,,,,,False,associate,"Engineering, Project Management, and Other",,,Architecture and Planning,https://www.linkedin.com/company/viscongmbh,,,,,,,,,,,
linkedin,Projektleiter TGA,Theod. Mahr Söhne GmbH,"Aachen, North Rhine-Westphalia, Germany",2026-09-21,https://www.linkedin.com/jobs/view/4467539525 , ,li-4467539525,fulltime,,,,,,False,associate,Project Management,,,Construction,https://de.linkedin.com/company/theod.-mahr-s%C3%B6hne-gmbh,,,,,,,,,,,
linkedin,Product Owner (m/f/d),Simon-Kucher,"Berlin, Berlin, Germany",2026-09-21,https://www.linkedin.com/jobs/view/4458889467 , ,li-4458889467,fulltime,,,,,,False,entry level,Product Management and Marketing,,,Business Consulting and Services,https://de.linkedin.com/company/simon-kucher,,,,,,,,,,,
linkedin,Produktmanager (gn),Broeder Ruckh Consulting GmbH,"Tuttlingen, Baden-Württemberg, Germany",2026-09-21,https://www.linkedin.com/jobs/view/4469875607 , ,li-4469875607,fulltime,,,,,,False,associate,,,,Industrial Machinery Manufacturing,https://de.linkedin.com/company/broeder-ruckh,,,,,,,,,,,
linkedin,Product Manager - Doctor Partnerships (m/w/d),TeleClinic,,2026-09-21,https://www.linkedin.com/jobs/view/4414742499 , ,li-4414742499,fulltime,,,,,,False,associate,Product Management and Marketing,,,Wellness and Fitness Services,https://de.linkedin.com/company/teleclinic,,,,,,,,,,,
linkedin,Senior Project Manager,The Resolute Group Ltd,,2026-09-21,https://www.linkedin.com/jobs/view/4469900723 , ,li-4469900723,fulltime,,,,,,False,mid-senior level,Project Management,,,Construction and Engineering Services,https://uk.linkedin.com/company/resolute-grp,,,,,,,,,,,
linkedin,Projektleiter | SF-Hochbau (m/w/d),Schrobsdorff,"Berlin, Germany",2026-09-21,https://www.linkedin.com/jobs/view/4271455795 , ,li-4271455795,fulltime,,,,,,False,mid-senior level,"Design, Art/Creative, and Information Technology",,,Construction,https://de.linkedin.com/company/schrobsdorff-gruppe,,,,,,,,,,,
linkedin,Malermeister oder erfahrener Bauhandwerker (m/w/d) als Projektleiter,MBS Maier Brand & Wasser Schadenmanagement GmbH,"Ronnenberg, Lower Saxony, Germany",2026-09-21,https://www.linkedin.com/jobs/view/4467398188 , ,li-4467398188,fulltime,,,,,,False,mid-senior level,Manufacturing,,,Administrative and Support Services,https://www.linkedin.com/company/mbs-maier-brand-&-wasser-schadenmanagement-gmbh,,,,,,,,,,,
linkedin,Projektleitung für Prüfstandsprojekte (m/w/d),prognum Automotive GmbH,"Stuttgart, Baden-Württemberg, Germany",2026-09-21,https://www.linkedin.com/jobs/view/4469846876 , ,li-4469846876,fulltime,,,,,,False,not applicable,Project Management and Information Technology,,,Engineering Services,https://de.linkedin.com/company/prognum-automotive,,,,,,,,,,,
linkedin,Project Manager (m/w/x),Doctorflix,"Berlin, Berlin, Germany",2026-09-21,https://www.linkedin.com/jobs/view/4467360731 , ,li-4467360731,fulltime,,,,,,False,entry level,Project Management,,,Software Development,https://de.linkedin.com/company/doctorflix,,,,,,,,,,,
linkedin,Projektleiter MSR (m/w/d),ENGIE Deutschland,"Cologne, North Rhine-Westphalia, Germany",2026-09-21,https://www.linkedin.com/jobs/view/4373599340 , ,li-4373599340,fulltime,,,,,,False,mid-senior level,"Design, Art/Creative, and Information Technology",,,Utilities,https://de.linkedin.com/company/engie-deutschland,,,,,,,,,,,
linkedin,Senior Projektsteuerer Bahn (m/w/d),GTU Mobility GmbH & Co. KG,"Frankfurt, Hesse, Germany",2026-09-21,https://www.linkedin.com/jobs/view/4268614106 , ,li-4268614106,fulltime,,,,,,False,mid-senior level,Project Management and Information Technology,,,Construction,https://de.linkedin.com/company/gtu-mobility-gmbh-&-co.-kg,,,,,,,,,,,
linkedin,Project Manager (m/w/d) Construction Management,DACHSER,"Kempten, Bavaria, Germany",2026-09-21,https://www.linkedin.com/jobs/view/4436088322 , ,li-4436088322,fulltime,,,,,,False,mid-senior level,Project Management and Information Technology,,,"Truck Transportation, Freight and Package Transportation, and Transportation, Logistics, Supply Chain and Storage",https://de.linkedin.com/company/dachser,,,,,,,,,,,
linkedin,Strategic Project Manager - QA&RA / R&D,Kijimea (SYNformulas GmbH),"Munich, Bavaria, Germany",2026-09-21,https://www.linkedin.com/jobs/view/4456842857 , ,li-4456842857,fulltime,,,,,,False,mid-senior level,Quality Assurance,,jobs@futrue.com,Pharmaceutical Manufacturing,https://de.linkedin.com/company/synformulas,,,,,,,,,,,
linkedin,Projektleiter SHK (m/w/d),Ullrich Gebäudetechnik GmbH,"Dresden, Saxony, Germany",2026-09-21,https://www.linkedin.com/jobs/view/4467375415 , ,li-4467375415,fulltime,,,,,,False,mid-senior level,"Design, Art/Creative, and Information Technology",,,Repair and Maintenance,https://de.linkedin.com/company/ullrich-geb%C3%A4udetechnik-gmbh,,,,,,,,,,,
linkedin,"Projektleiter Entwicklungsprojekte, all genders",SALT AND PEPPER Group,"Bremen, Bremen, Germany",2026-09-20,https://www.linkedin.com/jobs/view/3983902128 , ,li-3983902128,fulltime,,,,,,False,mid-senior level,"Design, Art/Creative, and Information Technology",,,Engineering Services,https://de.linkedin.com/company/salt-and-pepper,,,,,,,,,,,
linkedin,Projektmanager (m/w/d),hansetherm,"Hamburg, Hamburg, Germany",2026-09-20,https://www.linkedin.com/jobs/view/4467339247 , ,li-4467339247,fulltime,,,,,,True,entry level,Project Management,,,Oil and Gas,https://de.linkedin.com/company/hansetherm,,,,,,,,,,,
linkedin,Project Manager Business Solutions | SAP SD (w/m/d),Right Search,"Berlin, Berlin, Germany",2026-09-20,https://www.linkedin.com/jobs/view/4467329831 , ,li-4467329831,fulltime,,,,,,True,associate,Information Technology,,,Staffing and Recruiting,https://de.linkedin.com/company/right-search-germany,,,,,,,,,,,
linkedin,Senior Project Manager,Mercury,"Düsseldorf, North Rhine-Westphalia, Germany",2026-09-20,https://www.linkedin.com/jobs/view/4424355661 , ,li-4424355661,fulltime,,,,,,False,mid-senior level,Project Management and Information Technology,,,Construction,https://ie.linkedin.com/company/mercury-engineering,,,,,,,,,,,
linkedin,Project Implementation,JD.COM,"Oberhausen, North Rhine-Westphalia, Germany",2026-09-20,https://www.linkedin.com/jobs/view/4414691322 , ,li-4414691322,fulltime,,,,,,False,director,Project Management and Information Technology,,,Software Development,https://cn.linkedin.com/company/jd.com,,,,,,,,,,,
linkedin,Projektleiter Geotechnik (m/w/d),GTU Mobility GmbH & Co. KG,"Frankfurt, Hesse, Germany",2026-09-20,https://www.linkedin.com/jobs/view/4268608500 , ,li-4268608500,fulltime,,,,,,False,mid-senior level,"Design, Art/Creative, and Information Technology",,,Construction,https://de.linkedin.com/company/gtu-mobility-gmbh-&-co.-kg,,,,,,,,,,,
linkedin,SAP VIM Manager (m/w/d),Deloitte,"Stuttgart, Baden-Württemberg, Germany",2026-09-20,https://www.linkedin.com/jobs/view/4243058995 , ,li-4243058995,fulltime,,,,,,True,mid-senior level,Consulting and Information Technology,,career@deloitte.de,Business Consulting and Services,https://www.linkedin.com/company/deloitte,,,,,,,,,,,
linkedin,Projektleiter:in Ausbau und Elektrifizierung Niddertalbahn,Deutsche Bahn,"Frankfurt am Main, Hesse, Germany",2026-09-20,https://www.linkedin.com/jobs/view/4401584419 , ,li-4401584419,fulltime,,,,,,False,mid-senior level,Other,,,Truck Transportation,https://de.linkedin.com/company/deutschebahn,,,,,,,,,,,
linkedin,Projektleiter (m/w/d) Infrastrukturbau - konstruktiver Ingenieurbau in Hamburg,OTTO WULFF,"Hamburg, Hamburg, Germany",2026-09-20,https://www.linkedin.com/jobs/view/4467328671 , ,li-4467328671,fulltime,,,,,,False,mid-senior level,Engineering and Information Technology,,,Real Estate,https://de.linkedin.com/company/otto_wulff,,,,,,,,,,,
linkedin,(Junior) Product Manager Wheeled Goods (m/f/d),CYBEX,"Bayreuth, Bavaria, Germany",2026-09-20,https://www.linkedin.com/jobs/view/3618237685 , ,li-3618237685,fulltime,,,,,,False,mid-senior level,Product Management and Marketing,,,Manufacturing,https://de.linkedin.com/company/cybex-gmbh,,,,,,,,,,,
linkedin,Technischer Produktmanager für Android-Ökosystem Anwendungen (m/w/d/x),Deutsche Telekom,"Berlin, Germany",2026-09-20,https://www.linkedin.com/jobs/view/4456390809 , ,li-4456390809,fulltime,,,,,,False,mid-senior level,Product Management and Marketing,,,Telecommunications,https://de.linkedin.com/company/telekom,,,,,,,,,,,
linkedin,Technical Product Manager (m/w/d/x) für AI Analytics & Personalisierung im TV & Streaming Bereich,Deutsche Telekom,"Bonn, North Rhine-Westphalia, Germany",2026-09-20,https://www.linkedin.com/jobs/view/4455717490 , ,li-4455717490,fulltime,,,,,,False,mid-senior level,Product Management and Marketing,,,Telecommunications,https://de.linkedin.com/company/telekom,,,,,,,,,,,
linkedin,Technischer Produktmanager für Epics Discovery & Engagement (m/w/d/x),Deutsche Telekom,"Darmstadt, Hesse, Germany",2026-09-20,https://www.linkedin.com/jobs/view/4455703640 , ,li-4455703640,fulltime,,,,,,False,mid-senior level,Product Management and Marketing,,,Telecommunications,https://de.linkedin.com/company/telekom,,,,,,,,,,,
linkedin,Projektleiter Objektüberwachung (m/w/d) Hochbau,ATP architects engineers,"Frankfurt am Main, Hesse, Germany",2026-09-20,https://www.linkedin.com/jobs/view/4373005888 , ,li-4373005888,fulltime,,,,,,False,mid-senior level,"Design, Art/Creative, and Information Technology",,,Architecture and Planning,https://at.linkedin.com/company/atp-architekten-ingenieure,,,,,,,,,,,
linkedin,"Projektleiter Rohbau Großprojekt (m/w/d) München (München, DE, 80687)",Implenia,"Munich, Bavaria, Germany",2026-09-20,https://www.linkedin.com/jobs/view/4431834968 , ,li-4431834968,fulltime,,,,,,False,mid-senior level,"Design, Art/Creative, and Information Technology",,morten.schmalz@implenia.com,Construction,https://ch.linkedin.com/company/implenia,,,,,,,,,,,
linkedin,Projektleiter Gebäudeautomation (w/m/d),Johnson Controls,"Leipzig, Saxony, Germany",2026-09-20,https://www.linkedin.com/jobs/view/4397155938 , ,li-4397155938,fulltime,,,,,,False,mid-senior level,"Design, Art/Creative, and Information Technology",,,Industrial Machinery Manufacturing,https://ie.linkedin.com/company/johnson-controls,,,,,,,,,,,
linkedin,SAP VIM Manager (m/w/d) in Düsseldorf,Deloitte,"Düsseldorf, North Rhine-Westphalia, Germany",2026-09-20,https://www.linkedin.com/jobs/view/4268625020 , ,li-4268625020,fulltime,,,,,,True,mid-senior level,Consulting and Information Technology,,career@deloitte.de,Business Consulting and Services,https://www.linkedin.com/company/deloitte,,,,,,,,,,,
linkedin,Produktmanager Automation (m/w/d),METZ CONNECT GmbH,"Blumberg, Baden-Württemberg, Germany",2026-09-19,https://www.linkedin.com/jobs/view/4463184806 , ,li-4463184806,fulltime,,,,,,False,mid-senior level,Product Management,,,"Appliances, Electrical, and Electronics Manufacturing",https://de.linkedin.com/company/metz-connect,,,,,,,,,,,
linkedin,"Senior Product Manager, Marketplace Balancing",Bolt,"Berlin, Berlin, Germany",2026-09-19,https://www.linkedin.com/jobs/view/4458961972 , ,li-4458961972,fulltime,,,,,,False,mid-senior level,Product Management and Marketing,,,Software Development,https://ee.linkedin.com/company/bolt-eu,,,,,,,,,,,
linkedin,Product Manager (f/m/d) - FinTech for Social Care,Parto,"Hamburg, Hamburg, Germany",2026-09-19,https://www.linkedin.com/jobs/view/4461972913 , ,li-4461972913,fulltime,,,,,,True,associate,Product Management,,,Software Development,https://de.linkedin.com/company/goparto,,,,,,,,,,,
linkedin,Global Product Manager m/w/d – Parental Leave Cover (12+ Months),BizLink Group,"Hannover, Lower Saxony, Germany",2026-09-19,https://www.linkedin.com/jobs/view/4412915055 , ,li-4412915055,fulltime,,,,,,False,mid-senior level,Product Management and Marketing,,,"Appliances, Electrical, and Electronics Manufacturing",https://www.linkedin.com/company/bizlink-technology-inc-,,,,,,,,,,,
linkedin,Commercial Manager Mining Application (m/w/d),Liebherr Group,"Biberach an der Riß, Baden-Württemberg, Germany",2026-09-19,https://www.linkedin.com/jobs/view/4432625458 , ,li-4432625458,fulltime,,,,,,False,mid-senior level,Sales and Business Development,,,Industrial Machinery Manufacturing,https://de.linkedin.com/company/liebherr,,,,,,,,,,,
linkedin,Product Owner Agentic Development Platform,HDI Group,"Hilden, North Rhine-Westphalia, Germany",2026-09-19,https://www.linkedin.com/jobs/view/4441220611 , ,li-4441220611,fulltime,,,,,,True,mid-senior level,Product Management and Marketing,,,Insurance,https://de.linkedin.com/company/hdigroup,,,,,,,,,,,
linkedin,Produktmanager Geräteanschlusstechnik (m/w/d),METZ CONNECT GmbH,"Blumberg, Baden-Württemberg, Germany",2026-09-19,https://www.linkedin.com/jobs/view/4463197591 , ,li-4463197591,fulltime,,,,,,False,mid-senior level,Product Management,,,"Appliances, Electrical, and Electronics Manufacturing",https://de.linkedin.com/company/metz-connect,,,,,,,,,,,
linkedin,Projektleitung (m/w/d),Bundesdruckerei-Gruppe,"Berlin, Germany",2026-09-19,https://www.linkedin.com/jobs/view/4469285525 , ,li-4469285525,fulltime,,,,,,False,director,Project Management and Information Technology,,,IT Services and IT Consulting,https://de.linkedin.com/company/bundesdruckerei,,,,,,,,,,,
linkedin,Projektleiter/in TGA (m/w/d),Hellmich + Partner Gruppe,"Siegen, North Rhine-Westphalia, Germany",2026-09-19,https://www.linkedin.com/jobs/view/4466932985 , ,li-4466932985,fulltime,,,,,,False,mid-senior level,Other,,,Construction,https://de.linkedin.com/company/hellmich-partner-gruppe,,,,,,,,,,,
linkedin,Projektleiter:in im Portfolio,Deutsche Bahn,"Berlin, Berlin, Germany",2026-09-19,https://www.linkedin.com/jobs/view/4469508103 , ,li-4469508103,fulltime,,,,,,False,mid-senior level,Other,,,Truck Transportation,https://de.linkedin.com/company/deutschebahn,,,,,,,,,,,
linkedin,Teamleiter:in Planung elektrischer Energieversorgungsanlagen,Deutsche Bahn,"Berlin, Berlin, Germany",2026-09-19,https://www.linkedin.com/jobs/view/4447737643 , ,li-4447737643,fulltime,,,,,,False,mid-senior level,Information Technology,,,Truck Transportation,https://de.linkedin.com/company/deutschebahn,,,,,,,,,,,
linkedin,Projektleitung (all genders),adesso SE,"Munich, Bavaria, Germany",2026-09-19,https://www.linkedin.com/jobs/view/3925557579 , ,li-3925557579,fulltime,,,,,,False,director,Project Management and Information Technology,,,IT Services and IT Consulting,https://de.linkedin.com/company/adesso-se,,,,,,,,,,,
linkedin,SHK Projektleiter (m/w/d),Aira,"Glauchau, Saxony, Germany",2026-09-19,https://www.linkedin.com/jobs/view/4319550343 , ,li-4319550343,fulltime,,,,,,False,mid-senior level,"Design, Art/Creative, and Information Technology",,,Services for Renewable Energy,https://se.linkedin.com/company/airahome,,,,,,,,,,,
linkedin,"Projektleiter Kältetechnik (m/w/d), Großraum Bayern",Kaufland,"Munich, Bavaria, Germany",2026-09-19,https://www.linkedin.com/jobs/view/4446675844 , ,li-4446675844,fulltime,,,,,,True,entry level,"Project Management, Administrative, and Engineering",,,Retail,https://de.linkedin.com/company/kaufland-deutschland,,,,,,,,,,,
linkedin,Senior Projektleitung (m/w/d),Bundesdruckerei-Gruppe,"Berlin, Germany",2026-09-19,https://www.linkedin.com/jobs/view/4469284720 , ,li-4469284720,fulltime,,,,,,False,mid-senior level,Business Development and Sales,,,IT Services and IT Consulting,https://de.linkedin.com/company/bundesdruckerei,,,,,,,,,,,
linkedin,Bau- und Projektleiter (m/w/d) für Hamburg,Dirk Rossmann GmbH,"Hamburg, Germany",2026-09-19,https://www.linkedin.com/jobs/view/4441950524 , ,li-4441950524,fulltime,,,,,,False,associate,Project Management and Information Technology,,,Retail and Construction,https://de.linkedin.com/company/dirk-rossmann-gmbh,,,,,,,,,,,
linkedin,Projektleiter Bau (m/w/d) - München,Reneo,"Munich, Bavaria, Germany",2026-09-19,https://www.linkedin.com/jobs/view/4403958950 , ,li-4403958950,fulltime,,,,,,False,mid-senior level,"Design, Art/Creative, and Information Technology",,,Real Estate,https://de.linkedin.com/company/reneo-group-gmbh,,,,,,,,,,,
linkedin,"Projektleiter für Sanitär-, Heizungs- und Klimatechnik (m/w/d) - Schwerpunkt Montage",Seco Kältetechnik GmbH,"Bochum, North Rhine-Westphalia, Germany",2026-09-19,https://www.linkedin.com/jobs/view/4468093483 , ,li-4468093483,fulltime,,,,,,False,mid-senior level,Other,,,Construction,https://de.linkedin.com/company/seco-k%C3%A4ltetechnik-gmbh,,,,,,,,,,,
linkedin,Projektleitung (all genders),adesso SE,"Walldorf, Baden-Württemberg, Germany",2026-09-19,https://www.linkedin.com/jobs/view/3733041460 , ,li-3733041460,fulltime,,,,,,False,director,Project Management and Information Technology,,,IT Services and IT Consulting,https://de.linkedin.com/company/adesso-se,,,,,,,,,,,
linkedin,Technischer Projektleiter für Automotive Data Connector (m/w/d),Rosenberger Group,"Fridolfing, Bavaria, Germany",2026-09-19,https://www.linkedin.com/jobs/view/4338869624 , ,li-4338869624,fulltime,,,,,,False,entry level,"Project Management, Product Management, and Engineering",,,"Appliances, Electrical, and Electronics Manufacturing, Motor Vehicle Manufacturing, and Telecommunications",https://de.linkedin.com/company/rosenberger-group,,,,,,,,,,,
linkedin,Project Manager / Engineering Manager im Anlagenbau (m/w/d),planting,"Gelsenkirchen, North Rhine-Westphalia, Germany",2026-09-19,https://www.linkedin.com/jobs/view/4329950367 , ,li-4329950367,fulltime,,,,,,False,not applicable,Engineering and Information Technology,,,Engineering Services,https://de.linkedin.com/company/planting-gmbh,,,,,,,,,,,
linkedin,Senior Project Manager (MCF/ Data Centres),Haskoning,"Frankfurt am Main, Hesse, Germany",2026-09-19,https://www.linkedin.com/jobs/view/4458431227 , ,li-4458431227,fulltime,,,,,,False,mid-senior level,Project Management and Information Technology,,christian.de.visser@haskoning.com,Civil Engineering,https://nl.linkedin.com/company/haskoning,,,,,,,,,,,
linkedin,Projektleiter (m/w/d) Gefahrenmeldetechnik,KSK-Real Estate Management GmbH,"Sankt Augustin, North Rhine-Westphalia, Germany",2026-09-18,https://www.linkedin.com/jobs/view/4469276057 , ,li-4469276057,fulltime,,,,,,False,mid-senior level,Engineering,,,Real Estate,https://de.linkedin.com/company/ksk-real-estate-management-gmbh,,,,,,,,,,,
linkedin,Product Owner Data Analytics & Data Product (m/w/d),YER Deutschland,"Stuttgart, Baden-Württemberg, Germany",2026-09-18,https://www.linkedin.com/jobs/view/4466921451 , ,li-4466921451,fulltime,,,,,,False,mid-senior level,Sales,,,Motor Vehicle Manufacturing,https://de.linkedin.com/company/yerdeutschland,,,,,,,,,,,
linkedin,Projektleiter HLS (m/w/d),HWP Handwerkspartner GmbH,"Berlin, Berlin, Germany",,https://www.linkedin.com/jobs/view/4470129428 , ,li-4470129428,fulltime,,,,,,False,associate,Production and Other,,,Business Consulting and Services,https://de.linkedin.com/company/hwp-handwerkspartner,,,,,,,,,,,
linkedin,Agile Projektmanager Softwareentwicklung (m/w/d) in Leipzig,Deloitte,"Leipzig, Saxony, Germany",,https://www.linkedin.com/jobs/view/4407860718 , ,li-4407860718,fulltime,,,,,,True,associate,Consulting and Information Technology,,career@deloitte.de,Business Consulting and Services,https://www.linkedin.com/company/deloitte,,,,,,,,,,,
linkedin,Project Manager,Guldberg GmbH,"Bremen, Germany",,https://www.linkedin.com/jobs/view/4470171638 , ,li-4470171638,fulltime,,,,,,False,mid-senior level,Project Management and Information Technology,,,Space Research and Technology,https://de.linkedin.com/company/guldberggmbh,,,,,,,,,,,
linkedin,Projektleiter HKLS (m/w/d) Frankfurt am Main - Jobbird.com,Jobster,"Frankfurt am Main, Hesse, Germany",,https://www.linkedin.com/jobs/view/4470339747 , ,li-4470339747,fulltime,,,,,,False,mid-senior level,"Design, Art/Creative, and Information Technology",,,Software Development,https://nl.linkedin.com/company/jobster-com,,,,,,,,,,,
linkedin,Projektmanager  Elektrotechnik (m/w/d) Home-Office möglich,Lumosa GmbH,"Voerde, North Rhine-Westphalia, Germany",,https://www.linkedin.com/jobs/view/4470138537 , ,li-4470138537,fulltime,,,,,,False,mid-senior level,Manufacturing,,,Manufacturing,https://de.linkedin.com/company/lumosa-gmbh,,,,,,,,,,,
linkedin,Projektleiter HKLS (m/w/d) Raum Reutlingen - Jobbird.com,Jobster,"Reutlingen, Baden-Württemberg, Germany",,https://www.linkedin.com/jobs/view/4470341954 , ,li-4470341954,fulltime,,,,,,False,mid-senior level,"Design, Art/Creative, and Information Technology",,,Software Development,https://nl.linkedin.com/company/jobster-com,,,,,,,,,,,
linkedin,IT Projektmanager (m/w/d),Diehl Defence,"Lübben, Brandenburg, Germany",,https://www.linkedin.com/jobs/view/4469676611 , ,li-4469676611,fulltime,,,,,,False,mid-senior level,Project Management and Information Technology,,,Defense and Space Manufacturing,https://de.linkedin.com/company/diehl-defence,,,,,,,,,,,
linkedin,Projektleiter (w/m/d) Öffentliche Hand Landes- und Bundesbau,Drees & Sommer,"Stuttgart, Baden-Württemberg, Germany",,https://www.linkedin.com/jobs/view/4470151198 , ,li-4470151198,fulltime,,,,,,False,associate,Project Management and Engineering,,,Real Estate,https://de.linkedin.com/company/drees-&-sommer,,,,,,,,,,,
linkedin,Projektmanager (m/w/d) Wohnungsbau,weisenburger group,"Karlsruhe, Baden-Württemberg, Germany",,https://www.linkedin.com/jobs/view/4470311711 , ,li-4470311711,fulltime,,,,,,False,mid-senior level,Project Management and Information Technology,,,Construction,https://de.linkedin.com/company/weisenburger-gruppe,,,,,,,,,,,
linkedin,Projektleiter HKLS (m/w/d) - Jobbird.com,Jobster,"Stuttgart, Baden-Württemberg, Germany",,https://www.linkedin.com/jobs/view/4470355405 , ,li-4470355405,fulltime,,,,,,False,mid-senior level,"Design, Art/Creative, and Information Technology",,,Software Development,https://nl.linkedin.com/company/jobster-com,,,,,,,,,,,
linkedin,Projektleiter Produktqualifizierung & Prototypenbau (all gender),ALTEN,"Berlin, Germany",,https://www.linkedin.com/jobs/view/4465993739 , ,li-4465993739,fulltime,,,,,,False,associate,Engineering,,,Engineering Services,https://fr.linkedin.com/company/alten,,,,,,,,,,,
linkedin,#HM2602 | Erfahrene*r Projektleiter*in (m/w/d) im Projektmanagement von Bau- / Immobilienprojekten,THOST Projektmanagement GmbH,"Stuttgart, Baden-Württemberg, Germany",,https://www.linkedin.com/jobs/view/4074556176 , ,li-4074556176,fulltime,,,,,,False,mid-senior level,Project Management and Information Technology,,karriere@thost.de,Engineering Services,https://de.linkedin.com/company/thost-projektmanagement-gmbh,,,,,,,,,,,
linkedin,Projektleiter (m/w/d) Heizung und Sanitär,MONTANA,"Oberhaching, Bavaria, Germany",,https://www.linkedin.com/jobs/view/4470156458 , ,li-4470156458,fulltime,,,,,,False,associate,Production and Other,,,Oil and Gas,https://de.linkedin.com/company/montana-group-gmbh,,,,,,,,,,,
linkedin,Projektleiter (w/m/d) Öffentliche Hand Landes- und Bundesbau,Drees & Sommer,"Freiburg, Baden-Württemberg, Germany",,https://www.linkedin.com/jobs/view/4470145414 , ,li-4470145414,fulltime,,,,,,False,associate,Project Management and Engineering,,,Real Estate,https://de.linkedin.com/company/drees-&-sommer,,,,,,,,,,,
linkedin,Projektleiter MSR (m/w/d) Stuttgart - Jobbird.com,Jobster,"Stuttgart, Baden-Württemberg, Germany",,https://www.linkedin.com/jobs/view/4470346983 , ,li-4470346983,fulltime,,,,,,False,mid-senior level,"Design, Art/Creative, and Information Technology",,,Software Development,https://nl.linkedin.com/company/jobster-com,,,,,,,,,,,
linkedin,Projektleiter Elektrotechnik (m/w/d) München - Jobbird.com,Jobster,"Munich, Bavaria, Germany",,https://www.linkedin.com/jobs/view/4470355218 , ,li-4470355218,fulltime,,,,,,False,mid-senior level,Engineering and Information Technology,,,Software Development,https://nl.linkedin.com/company/jobster-com,,,,,,,,,,,
linkedin,Projektleiter Lüftung (m/w/d) Essen - Jobbird.com,Jobster,"Essen, North Rhine-Westphalia, Germany",,https://www.linkedin.com/jobs/view/4470339909 , ,li-4470339909,fulltime,,,,,,False,mid-senior level,"Design, Art/Creative, and Information Technology",,,Software Development,https://nl.linkedin.com/company/jobster-com,,,,,,,,,,,
linkedin,Projektleiter Versorgungstechnik (m/w/d) - Jobbird.com,Jobster,"Duisburg, North Rhine-Westphalia, Germany",,https://www.linkedin.com/jobs/view/4470340569 , ,li-4470340569,fulltime,,,,,,False,mid-senior level,"Design, Art/Creative, and Information Technology",,,Software Development,https://nl.linkedin.com/company/jobster-com,,,,,,,,,,,
linkedin,Projektsteuerer / Projektmanager (m/w/d) Infrastrukturprojekte,Vössing Ingenieurgesellschaft mbH,"Duisburg, North Rhine-Westphalia, Germany",,https://www.linkedin.com/jobs/view/4471886985 , ,li-4471886985,fulltime,,,,,,False,associate,Engineering,,,Engineering Services,https://de.linkedin.com/company/voessing,,,,,,,,,,,
linkedin,Projektleiter (m/w/d) Baugewerbe – Betoninstandsetzung & Korrosionsschutz,HWP Handwerkspartner GmbH,"Moritzburg, Saxony, Germany",,https://www.linkedin.com/jobs/view/4470128543 , ,li-4470128543,fulltime,,,,,,False,associate,Production and Other,,,Business Consulting and Services,https://de.linkedin.com/company/hwp-handwerkspartner,,,,,,,,,,,
linkedin,Senior Projektleiter HKLS (m/w/d) Frankfurt am Main - Jobbird.com,Jobster,"Frankfurt am Main, Hesse, Germany",,https://www.linkedin.com/jobs/view/4470354375 , ,li-4470354375,fulltime,,,,,,False,mid-senior level,Information Technology,,,Software Development,https://nl.linkedin.com/company/jobster-com,,,,,,,,,,,
linkedin,Projektleiter HKLS - Schwerpunkt Kältetechnik (m/w/d) - Jobbird.com,Jobster,"Cologne, North Rhine-Westphalia, Germany",,https://www.linkedin.com/jobs/view/4470342321 , ,li-4470342321,fulltime,,,,,,False,mid-senior level,"Design, Art/Creative, and Information Technology",,,Software Development,https://nl.linkedin.com/company/jobster-com,,,,,,,,,,,
linkedin,Projektleiter Elektrotechnik (m/w/d) - Jobbird.com,Jobster,"Berlin, Berlin, Germany",,https://www.linkedin.com/jobs/view/4470342388 , ,li-4470342388,fulltime,,,,,,False,mid-senior level,Engineering and Information Technology,,,Software Development,https://nl.linkedin.com/company/jobster-com,,,,,,,,,,,
linkedin,Projektleiter Elektrotechnik (m/w/d) - Jobbird.com,Jobster,"Stuttgart, Baden-Württemberg, Germany",,https://www.linkedin.com/jobs/view/4470344758 , ,li-4470344758,fulltime,,,,,,False,mid-senior level,Engineering and Information Technology,,,Software Development,https://nl.linkedin.com/company/jobster-com,,,,,,,,,,,
linkedin,Projektleiter für Klima- und Lüftungstechnik (m/w/d),KLT Klima- und Lüftungstechnik GmbH,"Hamburg, Hamburg, Germany",,https://www.linkedin.com/jobs/view/4470128533 , ,li-4470128533,fulltime,,,,,,False,associate,Engineering,,,Manufacturing,https://de.linkedin.com/company/klt-klima-und-l%C3%BCftungstechnik-gmbh,,,,,,,,,,,
linkedin,Senior IT Project Manager (m/w/d),Actaport,"Leipzig, Saxony, Germany",,https://www.linkedin.com/jobs/view/4470148403 , ,li-4470148403,fulltime,,,,,,False,mid-senior level,Information Technology,,,Software Development,https://de.linkedin.com/company/actaport,,,,,,,,,,,
linkedin,Projektmanager (d/m/w) in der Softwareentwicklung,Rentenbank,"Frankfurt am Main, Hesse, Germany",,https://www.linkedin.com/jobs/view/4470173278 , ,li-4470173278,fulltime,,,,,,False,mid-senior level,Project Management and Information Technology,,,Banking,https://de.linkedin.com/company/landwirtschaftliche-rentenbank,,,,,,,,,,,
linkedin,Senior Projektleiter (m/w/d),Elbit Systems Deutschland,"Ulm, Baden-Württemberg, Germany",,https://www.linkedin.com/jobs/view/4471851858 , ,li-4471851858,fulltime,,,,,,False,mid-senior level,Information Technology,,,Internet Publishing,https://de.linkedin.com/company/elbit-systems-deutschland,,,,,,,,,,,
linkedin,Senior Project Manager,Darwin Recruitment,"Berlin, Berlin, Germany",,https://www.linkedin.com/jobs/view/4470310063 , ,li-4470310063,fulltime,,,,,,False,not applicable,Engineering,,,Services for Renewable Energy,https://uk.linkedin.com/company/darwin-recruitment-3,,,,,,,,,,,
linkedin,(Senior) Projektleiter Verkehrsanlagen Infrastruktur (w/m/d),Arcadis,"Karlsruhe, Baden-Württemberg, Germany",,https://www.linkedin.com/jobs/view/4461170204 , ,li-4461170204,fulltime,,,,,,False,mid-senior level,Other,,,Professional Services,https://nl.linkedin.com/company/arcadis,,,,,,,,,,,
linkedin,Projektleiter (w/m/d) Öffentliche Hand Landes- und Bundesbau,Drees & Sommer,"Karlsruhe, Baden-Württemberg, Germany",,https://www.linkedin.com/jobs/view/4470141492 , ,li-4470141492,fulltime,,,,,,False,associate,Project Management and Engineering,,,Real Estate,https://de.linkedin.com/company/drees-&-sommer,,,,,,,,,,,
linkedin,CSA Project Manager,Mercury,"Frankfurt, Hesse, Germany",,https://www.linkedin.com/jobs/view/4452990810 , ,li-4452990810,fulltime,,,,,,False,mid-senior level,Other,,,Construction,https://ie.linkedin.com/company/mercury-engineering,,,,,,,,,,,
linkedin,Projektleiter Wasserschadensanierung (m/w/d),Heinrich Schmid,"Freiburg, Baden-Württemberg, Germany",,https://www.linkedin.com/jobs/view/4470074411 , ,li-4470074411,fulltime,,,,,,False,entry level,Other,,,Construction,https://www.linkedin.com/company/heinrichschmid,,,,,,,,,,,
linkedin,Senior Project Manager,Mercury,"Frankfurt, Hesse, Germany",,https://www.linkedin.com/jobs/view/4452714516 , ,li-4452714516,fulltime,,,,,,False,mid-senior level,Project Management and Information Technology,,,Construction,https://ie.linkedin.com/company/mercury-engineering,,,,,,,,,,,
linkedin,Projektleitung Architektur (m/w/d),ATP architects engineers,"Aachen, North Rhine-Westphalia, Germany",,https://www.linkedin.com/jobs/view/4368028765 , ,li-4368028765,fulltime,,,,,,False,mid-senior level,Project Management and Information Technology,,,Architecture and Planning,https://at.linkedin.com/company/atp-architekten-ingenieure,,,,,,,,,,,
linkedin,IT-Projektmanager (m/w/d),MESKRU GmbH,"Essen, North Rhine-Westphalia, Germany",,https://www.linkedin.com/jobs/view/4469788423 , ,li-4469788423,fulltime,,,,,,False,associate,Project Management,,,Professional Services,https://de.linkedin.com/company/meskru,,,,,,,,,,,
linkedin,Projektleiter Umspannwerke 110 kV (m/w/d),LEONHARD WEISS GmbH & Co. KG,"Göppingen, Baden-Württemberg, Germany",,https://www.linkedin.com/jobs/view/4472001332 , ,li-4472001332,fulltime,,,,,,False,mid-senior level,"Engineering, Project Management, and Other",,,Construction,https://de.linkedin.com/company/leonhard-weiss-gmbh-&-co-kg,,,,,,,,,,,
linkedin,(Senior) - IT-Project Manager Energy Sector (m/f/d),CGI,"Berlin, Berlin, Germany",,https://www.linkedin.com/jobs/view/4344843180 , ,li-4344843180,fulltime,,,,,,False,entry level,Project Management,,,IT Services and IT Consulting,https://ca.linkedin.com/company/cgi,,,,,,,,,,,
linkedin,Projektleiter / Manager Steuerberatung (m/w/d),CURACON GmbH,"Stuttgart, Baden-Württemberg, Germany",,https://www.linkedin.com/jobs/view/4470305487 , ,li-4470305487,fulltime,,,,,,False,associate,"Administrative, Accounting/Auditing, and General Business",,,Financial Services and Hospitals and Health Care,https://de.linkedin.com/company/curacon,,,,,,,,,,,
linkedin,Technische:r Projektleiter:in,Tintschl Unternehmensgruppe,,,https://www.linkedin.com/jobs/view/4471858633 , ,li-4471858633,fulltime,,,,,,False,associate,Information Technology,,,Staffing and Recruiting,https://de.linkedin.com/company/tintschlunternehmensgruppe,,,,,,,,,,,
linkedin,IT Project Manager (f/m/d) Mergers & Acquisitions,Klüber Lubrication,"Munich, Bavaria, Germany",,https://www.linkedin.com/jobs/view/4426392281 , ,li-4426392281,fulltime,,,,,,False,mid-senior level,Information Technology,,,Motor Vehicle Manufacturing,https://de.linkedin.com/company/klueberlubrication,,,,,,,,,,,
linkedin,Site Project Manager (all gender),ALTEN,"Erlangen, Bavaria, Germany",,https://www.linkedin.com/jobs/view/4444117918 , ,li-4444117918,fulltime,,,,,,False,associate,Engineering,,,Engineering Services,https://fr.linkedin.com/company/alten,,,,,,,,,,,
linkedin,Projektleiter Elektrotechnik (m/w/d) - Jobbird.com,Jobster,"Göppingen, Baden-Württemberg, Germany",,https://www.linkedin.com/jobs/view/4470344697 , ,li-4470344697,fulltime,,,,,,False,mid-senior level,Engineering and Information Technology,,,Software Development,https://nl.linkedin.com/company/jobster-com,,,,,,,,,,,
linkedin,Senior Project Manager (m/w/div.),ALD Vacuum Technologies GmbH,"Hanau am Main, Hesse, Germany",,https://www.linkedin.com/jobs/view/4470097385 , ,li-4470097385,fulltime,,,,,,False,mid-senior level,Project Management and Information Technology,,,Machinery Manufacturing,https://de.linkedin.com/company/ald-vacuum-technologies-gmbh,,,,,,,,,,,
linkedin,Projektleiter TGA Technische Gebäudeausrüstung (m/w/d),Herbert Gruppe,"Bensheim, Hesse, Germany",,https://www.linkedin.com/jobs/view/4469790871 , ,li-4469790871,fulltime,,,,,,False,mid-senior level,Other,,,Retail,https://de.linkedin.com/company/herbertgruppe,,,,,,,,,,,
linkedin,Fachbauleiter TGA (m/w/d),LIST Gruppe,"Frechen, North Rhine-Westphalia, Germany",,https://www.linkedin.com/jobs/view/4470150083 , ,li-4470150083,fulltime,,,,,,False,executive,Engineering,,,Civil Engineering,https://de.linkedin.com/company/list-gruppe,,,,,,,,,,,
linkedin,Product Manager Sovereign Cloud (m/f/d),Thales,"Berlin, Berlin, Germany",,https://www.linkedin.com/jobs/view/4471888490 , ,li-4471888490,fulltime,,,,,,False,not applicable,Product Management and Marketing,,,Aviation and Aerospace Component Manufacturing and Defense and Space Manufacturing,https://fr.linkedin.com/company/thales,,,,,,,,,,,
linkedin,Senior Product Manager - Data Lakehouse (f/m/d),Trusted Shops,"Cologne, North Rhine-Westphalia, Germany",,https://www.linkedin.com/jobs/view/4469111883 , ,li-4469111883,fulltime,,,,,,True,mid-senior level,Information Technology,,,IT Services and IT Consulting,https://de.linkedin.com/company/trustedshops,,,,,,,,,,,
linkedin,Produktmanagerin / Produktmanager (m/w/d) Systemlösungen Fokus Hardware,Scheidt & Bachmann,"Mönchengladbach, North Rhine-Westphalia, Germany",,https://www.linkedin.com/jobs/view/4434518696 , ,li-4434518696,fulltime,,,,,,False,mid-senior level,Product Management and Marketing,,,IT Services and IT Consulting,https://de.linkedin.com/company/scheidt-&-bachmann,,,,,,,,,,,
linkedin,(Senior) AI Product Manager (f/m/d),Predium,"Munich, Bavaria, Germany",,https://www.linkedin.com/jobs/view/4434805043 , ,li-4434805043,fulltime,,,,,,False,mid-senior level,Product Management and Marketing,,,Software Development,https://de.linkedin.com/company/predium-technology,,,,,,,,,,,
linkedin,Senior Data Product Manager (m/f/d),Redcare Pharmacy,"Cologne, North Rhine-Westphalia, Germany",,https://www.linkedin.com/jobs/view/4454639594 , ,li-4454639594,fulltime,,,,,,True,mid-senior level,Analyst,,,Software Development and IT Services and IT Consulting,https://nl.linkedin.com/company/redcare-pharmacy-com,,,,,,,,,,,
linkedin,(Senior) Product Manager (m/w/d),secunet Security Networks AG,"Bonn, North Rhine-Westphalia, Germany",,https://www.linkedin.com/jobs/view/4469786479 , ,li-4469786479,fulltime,,,,,,True,mid-senior level,Product Management and Marketing,,,Computer and Network Security,https://de.linkedin.com/company/secunet-security-networks-ag,,,,,,,,,,,
linkedin,Senior Product Manager - AI/ML,ClickHouse,,,https://www.linkedin.com/jobs/view/4472046283 , ,li-4472046283,fulltime,,,,,,True,mid-senior level,Product Management and Marketing,,,Software Development,https://www.linkedin.com/company/clickhouseinc,,,,,,,,,,,
linkedin,Sr. Product Manager (Remote - Germany),Tealium,,,https://www.linkedin.com/jobs/view/4426377939 , ,li-4426377939,fulltime,,,,,,True,mid-senior level,Product Management and Marketing,,,Software Development,https://www.linkedin.com/company/tealium,,,,,,,,,,,
linkedin,Product Manager,Almedia,"Berlin, Germany",,https://www.linkedin.com/jobs/view/4471890856 , ,li-4471890856,fulltime,,,,,,False,entry level,Product Management and Marketing,,,Advertising Services,https://de.linkedin.com/company/almediaco,,,,,,,,,,,
linkedin,Senior Product Manager 🇫🇷,Pennylane,,,https://www.linkedin.com/jobs/view/4417071890 , ,li-4417071890,contract,,,,,,True,mid-senior level,Product Management and Marketing,,"dpo@pennylane.com, dpo@pennylane.com, dpo@pennylane.com, dpo@pennylane.com",Accounting,https://fr.linkedin.com/company/pennylaneaccounting,,,,,,,,,,,
linkedin,Produktmanager (m/w/d),Rausch GmbH & Co. KG,"Hergensweiler, Bavaria, Germany",,https://www.linkedin.com/jobs/view/4470133580 , ,li-4470133580,fulltime,,,,,,False,associate,Sales,,,"Appliances, Electrical, and Electronics Manufacturing",https://de.linkedin.com/company/rausch-international,,,,,,,,,,,
linkedin,Product Lead - Adtech,Almedia,"Berlin, Germany",,https://www.linkedin.com/jobs/view/4471886996 , ,li-4471886996,fulltime,,,,,,False,mid-senior level,Product Management and Marketing,,,Advertising Services,https://de.linkedin.com/company/almediaco,,,,,,,,,,,
linkedin,(Junior) Product Manager (w/m/d) Business Analytics,1&1,"Karlsruhe, Baden-Württemberg, Germany",,https://www.linkedin.com/jobs/view/4470316403 , ,li-4470316403,fulltime,,,,,,False,entry level,Analyst and Product Management,,,"Information Services, Technology, Information and Internet, and Telecommunications",https://de.linkedin.com/company/1und1de,,,,,,,,,,,
linkedin,Product Engineer (Adjacent Markets) (f/m/d),Versigent,"Neumarkt in der Oberpfalz, Bavaria, Germany",,https://www.linkedin.com/jobs/view/4416248054 , ,li-4416248054,fulltime,,,,,,False,mid-senior level,Engineering and Information Technology,,,Manufacturing,https://www.linkedin.com/company/versigent,,,,,,,,,,,
linkedin,Product Manager Dental – Homebased / Germany,Advanced Medical Solutions,,,https://www.linkedin.com/jobs/view/4454044273 , ,li-4454044273,fulltime,,,,,,False,mid-senior level,Product Management and Marketing,,,Medical Equipment Manufacturing,https://uk.linkedin.com/company/advanced-medical-solutions,,,,,,,,,,,
linkedin,(Junior) Produktmanager (m/w/d) - Sensorik,KEYENCE CORPORATION,"Frankfurt am Main, Hesse, Germany",,https://www.linkedin.com/jobs/view/4468755830 , ,li-4468755830,fulltime,,,,,,False,entry level,Engineering and Product Management,,,Automation Machinery Manufacturing,https://jp.linkedin.com/company/keyence,,,,,,,,,,,
