site,title,company,location,date_posted,job_url,job_url_direct,id,job_type,salary_source,interval,min_amount,max_amount,currency,is_remote,job_level,job_function,listing_type,emails,company_industry,company_url,company_url_direct,company_addresses,company_num_employees,company_revenue,company_description,skills,experience_range,company_rating,company_reviews_count,vacancy_count,work_from_home_type
linkedin,Projekt Manager Industriebau (m/w/d),persona service,"Düsseldorf, North Rhine-Westphalia, Germany",2026-09-23,https://www.linkedin.com/jobs/view/4439861970 , ,li-4439861970,fulltime,,,,,,False,mid-senior level,Project Management and Information Technology,,,Staffing and Recruiting,https://de.linkedin.com/company/persona-service,,,,,,,,,,,
linkedin,Projektleiterin Großprojekte (w/m/d),GASAG Gruppe,"Berlin, Berlin, Germany",2026-09-23,https://www.linkedin.com/jobs/view/4431900928 , ,li-4431900928,fulltime,,,,,,False,mid-senior level,Project Management and Information Technology,,,Utilities,https://de.linkedin.com/company/gasag-gruppe,,,,,,,,,,,
linkedin,"Senior Product Manager - Licensed Apparel - A Clubs, Arsenal (m/f/d)",adidas,"Herzogenaurach, Bavaria, Germany",2026-09-23,https://www.linkedin.com/jobs/view/4468982238 , ,li-4468982238,fulltime,,,,,,False,not applicable,Product Management and Marketing,,,"Manufacturing, Retail, and Sporting Goods Manufacturing",https://de.linkedin.com/company/adidas,,,,,,,,,,,
linkedin,Produktmanager Dosiertechnik (Dosierpumpen) (m/w/d),ProMinent Group,"Heidelberg, Baden-Württemberg, Germany",2026-09-23,https://www.linkedin.com/jobs/view/4337159316 , ,li-4337159316,fulltime,,,,,,False,mid-senior level,Product Management and Marketing,,Bewerbungen@prominent.com,Industrial Machinery Manufacturing,https://de.linkedin.com/company/prominentgroup,,,,,,,,,,,
linkedin,Product Manager Security & Industry (m/w/d),CHERRY,"Auerbach, Bavaria, Germany",2026-09-23,https://www.linkedin.com/jobs/view/4469324071 , ,li-4469324071,fulltime,,,,,,False,associate,Product Management,,,Computer Hardware Manufacturing,https://de.linkedin.com/company/cherry-,,,,,,,,,,,
linkedin,Technical Product Manager,AI Futures,"Munich, Bavaria, Germany",2026-09-23,https://www.linkedin.com/jobs/view/4469315676 , ,li-4469315676,fulltime,,,,,,False,mid-senior level,,,,"Technology, Information and Media",https://uk.linkedin.com/company/aifuturesgroup,,,,,,,,,,,
linkedin,Produktverantwortliche Person (m/w/d),WEBER GmbH,"Worms, Rhineland-Palatinate, Germany",2026-09-23,https://www.linkedin.com/jobs/view/4470924537 , ,li-4470924537,fulltime,,,,,,False,mid-senior level,Product Management,,bewerbung@webergmbh.de,Automation Machinery Manufacturing,https://de.linkedin.com/company/webergmbh,,,,,,,,,,,
linkedin,Product Manager - Pro Tools (m/w/d),immowelt,"Berlin, Germany",2026-09-23,https://www.linkedin.com/jobs/view/4469340103 , ,li-4469340103,fulltime,,,,,,False,mid-senior level,Product Management and Marketing,,,"Technology, Information and Internet",https://de.linkedin.com/company/immowelt,,,,,,,,,,,
linkedin,Produktmanager:in Palettiertechnik (all genders),WEBER GmbH,"Worms, Rhineland-Palatinate, Germany",2026-09-23,https://www.linkedin.com/jobs/view/4470915895 , ,li-4470915895,fulltime,,,,,,False,mid-senior level,Product Management,,bewerbung@webergmbh.de,Automation Machinery Manufacturing,https://de.linkedin.com/company/webergmbh,,,,,,,,,,,
linkedin,Product Manager E-Invoicing (m/w/d),DocuWare,"Germering, Bavaria, Germany",2026-09-23,https://www.linkedin.com/jobs/view/4452608014 , ,li-4452608014,fulltime,,,,,,False,mid-senior level,Product Management and Marketing,,,Software Development,https://de.linkedin.com/company/docuware-corporation,,,,,,,,,,,
linkedin,Projektleiter (m/w/d) Produktentstehung,Diehl Aviation,"Nuremberg, Bavaria, Germany",2026-09-23,https://www.linkedin.com/jobs/view/4469420643 , ,li-4469420643,fulltime,,,,,,False,mid-senior level,"Design, Art/Creative, and Information Technology",,,Aviation and Aerospace Component Manufacturing,https://de.linkedin.com/company/diehl-aviation,,,,,,,,,,,
linkedin,Projektleiter (m/w/d) TGA,Carpus+Partner AG,"Aachen, North Rhine-Westphalia, Germany",2026-09-23,https://www.linkedin.com/jobs/view/4416258031 , ,li-4416258031,fulltime,,,,,,False,mid-senior level,"Design, Art/Creative, and Information Technology",,karriere@carpus.de,Architecture and Planning,https://de.linkedin.com/company/carpus-partner-ag,,,,,,,,,,,
linkedin,Projektleiter HKLS (w/m/d),Recruiting Energy - powered by Advergy,,2026-09-23,https://www.linkedin.com/jobs/view/4459671348 , ,li-4459671348,fulltime,,,,,,False,associate,Project Management,,,Construction,https://de.linkedin.com/company/recruiting-energy-powered-by-advergy,,,,,,,,,,,
linkedin,Finance / Accounting Project Manager (m/f/d) – Invoice Management,SIXT,"Berlin, Berlin, Germany",2026-09-23,https://www.linkedin.com/jobs/view/4441449853 , ,li-4441449853,fulltime,,,,,,False,mid-senior level,Accounting/Auditing and Finance,,,Travel Arrangements,https://de.linkedin.com/company/sixt,,,,,,,,,,,
linkedin,Product Owner Digitale After-Sales-Services (m/w/d),SATA,"Kornwestheim, Baden-Württemberg, Germany",2026-09-23,https://www.linkedin.com/jobs/view/4464465152 , ,li-4464465152,fulltime,,,,,,False,mid-senior level,Business Development and Strategy/Planning,,,Machinery Manufacturing and Industrial Machinery Manufacturing,https://de.linkedin.com/company/sata-gmbh-co-kg,,,,,,,,,,,
linkedin,Innovation Project Manager (m/f/d),RIMOWA,"Cologne, North Rhine-Westphalia, Germany",2026-09-23,https://www.linkedin.com/jobs/view/4452443499 , ,li-4452443499,fulltime,,,,,,False,mid-senior level,Project Management and Information Technology,,,Retail Luxury Goods and Jewelry,https://de.linkedin.com/company/rimowa,,,,,,,,,,,
linkedin,Projektleiter (m/w/d) Luftwaffensysteme IRIS-T SLM,Diehl Defence,"Überlingen, Baden-Württemberg, Germany",2026-09-23,https://www.linkedin.com/jobs/view/4469421569 , ,li-4469421569,fulltime,,,,,,False,mid-senior level,"Design, Art/Creative, and Information Technology",,,Defense and Space Manufacturing,https://de.linkedin.com/company/diehl-defence,,,,,,,,,,,
linkedin,SAP Programm- und Projektleiter Business Transformation - Technology Consulting (w/m/d),EY,"Berlin, Berlin, Germany",2026-09-23,https://www.linkedin.com/jobs/view/4450124539 , ,li-4450124539,fulltime,,,,,,False,mid-senior level,Engineering and Information Technology,,,Professional Services,https://uk.linkedin.com/company/ernstandyoung,,,,,,,,,,,
linkedin,Manager Leitungsrecht (f/m/d) - IE2S GmbH,MHP – A Porsche Company,"Frankfurt am Main, Hesse, Germany",2026-09-23,https://www.linkedin.com/jobs/view/4371002774 , ,li-4371002774,fulltime,,,,,,False,mid-senior level,Other,,,Business Consulting and Services,https://de.linkedin.com/company/mhp-a-porsche-company,,,,,,,,,,,
linkedin,Manager Leitungsrecht (f/m/d) - IE2S GmbH,MHP – A Porsche Company,"Munich, Bavaria, Germany",2026-09-23,https://www.linkedin.com/jobs/view/4371001809 , ,li-4371001809,fulltime,,,,,,False,mid-senior level,Other,,,Business Consulting and Services,https://de.linkedin.com/company/mhp-a-porsche-company,,,,,,,,,,,
linkedin,Manager Leitungsrecht (f/m/d) - IE2S GmbH,MHP – A Porsche Company,"Dresden, Saxony, Germany",2026-09-23,https://www.linkedin.com/jobs/view/4370998861 , ,li-4370998861,fulltime,,,,,,False,mid-senior level,Other,,,Business Consulting and Services,https://de.linkedin.com/company/mhp-a-porsche-company,,,,,,,,,,,
linkedin,Technischer Projektleiter (m/w/d),ABB,"Ratingen, North Rhine-Westphalia, Germany",2026-09-23,https://www.linkedin.com/jobs/view/4465789979 , ,li-4465789979,fulltime,,,,,,False,mid-senior level,Information Technology,,,Automation Machinery Manufacturing,https://ch.linkedin.com/company/abb,,,,,,,,,,,
linkedin,Fachteamleiter (m/w/d) Business Applications,Diehl Defence,"Röthenbach an der Pegnitz, Bavaria, Germany",2026-09-23,https://www.linkedin.com/jobs/view/4469424463 , ,li-4469424463,fulltime,,,,,,False,mid-senior level,Engineering and Information Technology,,,Defense and Space Manufacturing,https://de.linkedin.com/company/diehl-defence,,,,,,,,,,,
linkedin,Projektleiter (m/w/d) Unbemannte Systeme,Diehl Group,"Röthenbach an der Pegnitz, Bavaria, Germany",2026-09-23,https://www.linkedin.com/jobs/view/4469420732 , ,li-4469420732,fulltime,,,,,,False,mid-senior level,"Design, Art/Creative, and Information Technology",,,"Appliances, Electrical, and Electronics Manufacturing",https://de.linkedin.com/company/diehl-group,,,,,,,,,,,
linkedin,Projektleiter Gebäudeautomation (w/m/d),Siemens,"Hamburg, Hamburg, Germany",2026-09-23,https://www.linkedin.com/jobs/view/4451918080 , ,li-4451918080,fulltime,,,,,,False,mid-senior level,Project Management,,,Automation Machinery Manufacturing,https://de.linkedin.com/company/siemens,,,,,,,,,,,
linkedin,Projektmanager*in (w/m/d),LIDROTEC,"Bochum, North Rhine-Westphalia, Germany",2026-09-23,https://www.linkedin.com/jobs/view/4470698759 , ,li-4470698759,fulltime,,,,,,False,not applicable,Project Management and Information Technology,,,Industrial Machinery Manufacturing,https://de.linkedin.com/company/lidrotec,,,,,,,,,,,
linkedin,Customer Journey Manager (m/w/d),Flix,"Berlin, Germany",2026-09-23,https://www.linkedin.com/jobs/view/4456195896 , ,li-4456195896,fulltime,,,,,,False,mid-senior level,Management and Manufacturing,,,Software Development,https://de.linkedin.com/company/flixbus-flixtrain,,,,,,,,,,,
linkedin,Technischer Product Owner digitale Verkaufs- und Retourenprozesse (m/w/d),Bergzeit,"Otterfing, Bavaria, Germany",2026-09-23,https://www.linkedin.com/jobs/view/4460950632 , ,li-4460950632,fulltime,,,,,,False,mid-senior level,Product Management and Marketing,,,Retail,https://de.linkedin.com/company/bergzeit,,,,,,,,,,,
linkedin,Projektleiter Schlüsselfertigbau (m/w/d) - wachsender Mittelstand,HAPEKO Deutschland,"Düsseldorf, North Rhine-Westphalia, Germany",2026-09-23,https://www.linkedin.com/jobs/view/4469305306 , ,li-4469305306,fulltime,,,,,,False,mid-senior level,"Design, Art/Creative, and Information Technology",,,Staffing and Recruiting,https://de.linkedin.com/company/hapeko-hanseatisches-personalkontor,,,,,,,,,,,
linkedin,Projektleiter baulicher Brandschutz (m/w/d),svt Group of Companies,"Berlin, Berlin, Germany",2026-09-23,https://www.linkedin.com/jobs/view/4443512332 , ,li-4443512332,fulltime,,,,,,False,entry level,"Design, Art/Creative, and Information Technology",,,Construction,https://de.linkedin.com/company/svt-group-of-companies,,,,,,,,,,,
linkedin,Project Manager - Energy Materials (m/f/d) (Croatian speaking),HELM AG,"Hamburg, Hamburg, Germany",2026-09-23,https://www.linkedin.com/jobs/view/4469474500 , ,li-4469474500,fulltime,,,,,,False,mid-senior level,Project Management and Information Technology,,,Chemical Manufacturing,https://de.linkedin.com/company/helmag,,,,,,,,,,,
linkedin,Projektleiter Hochbau (w/m/d),VIRES CONFERRE GmbH,,2026-09-23,https://www.linkedin.com/jobs/view/4470932145 , ,li-4470932145,fulltime,,,,,,False,associate,,,-3@ViresConferre.com,Construction and Real Estate,https://de.linkedin.com/company/vires-conferre-gmbh,,,,,,,,,,,
linkedin,Technical CRM Project Manager (French Speaking),Huble,,2026-09-23,https://www.linkedin.com/jobs/view/4469446585 , ,li-4469446585,fulltime,,,,,,True,mid-senior level,Project Management,,,"Technology, Information and Internet",https://uk.linkedin.com/company/hubledigital,,,,,,,,,,,
linkedin,Projektmanager - Startplattformen für Lenkflugkörper im Flugabwehrbereich (m/w/d),Rheinmetall,"Bremen, Bremen, Germany",2026-09-23,https://www.linkedin.com/jobs/view/4434961260 , ,li-4434961260,fulltime,,,,,,False,mid-senior level,Project Management and Information Technology,,,Defense and Space Manufacturing,https://de.linkedin.com/company/rheinmetall,,,,,,,,,,,
linkedin,Projektleiter (m/w/d) Technische Projekte & Auftragssteuerung,CHEFS CULINAR,"Essen, North Rhine-Westphalia, Germany",2026-09-23,https://www.linkedin.com/jobs/view/4469439746 , ,li-4469439746,fulltime,,,,,,False,mid-senior level,"Design, Art/Creative, and Information Technology",,,Wholesale,https://de.linkedin.com/company/chefsculinar,,,,,,,,,,,
linkedin,Projektleiter TGA (m/w/d),Michael Page,"Frankfurt am Main, Hesse, Germany",2026-09-23,https://www.linkedin.com/jobs/view/4470947935 , ,li-4470947935,fulltime,,,,,,False,mid-senior level,Manufacturing and Engineering,,,"Real Estate, Leasing Non-residential Real Estate, and Architecture and Planning",https://uk.linkedin.com/company/michael-page,,,,,,,,,,,
linkedin,Projektleiter Hochbau (m/w/d),Michael Page,"Frankfurt am Main, Hesse, Germany",2026-09-23,https://www.linkedin.com/jobs/view/4470951870 , ,li-4470951870,fulltime,,,,,,False,mid-senior level,Purchasing and General Business,,,"Real Estate, Leasing Non-residential Real Estate, and Architecture and Planning",https://uk.linkedin.com/company/michael-page,,,,,,,,,,,
linkedin,Projektleiter (m/w/d) Umspanntechnik / Energietechnik,Köster GmbH,"Osnabrück, Lower Saxony, Germany",2026-09-23,https://www.linkedin.com/jobs/view/4470922166 , ,li-4470922166,fulltime,,,,,,False,mid-senior level,"Design, Art/Creative, and Information Technology",,,Construction,https://de.linkedin.com/company/k-ster-gmbh,,,,,,,,,,,
linkedin,Projektleiter Elektrotechnik (m/w/d),ROCKSOLID Personalvermittlung GmbH,"Kassel, Hesse, Germany",2026-09-23,https://www.linkedin.com/jobs/view/4468991215 , ,li-4468991215,fulltime,,,,,,False,entry level,Engineering and Information Technology,,,Staffing and Recruiting,https://de.linkedin.com/company/rocksolid-personalvermittlung,,,,,,,,,,,
linkedin,Project Manager – Strategic Projects & Cross-Functional Initiatives (m/f/d),L1VE,"Berlin, Berlin, Germany",2026-09-23,https://www.linkedin.com/jobs/view/4468994674 , ,li-4468994674,fulltime,,,,,,False,associate,Project Management,,jobs@l1ve.com,Business Consulting and Services,https://www.linkedin.com/company/l1ve,,,,,,,,,,,
linkedin,Senior Projektleitung Klima / Lüftung,7time GmbH,"Hamburg, Germany",2026-09-23,https://www.linkedin.com/jobs/view/4470982286 , ,li-4470982286,fulltime,,,,,,False,associate,,,bewerbung@7time.gmbh,HVAC and Refrigeration Equipment Manufacturing and Climate Technology Product Manufacturing,https://de.linkedin.com/company/7time-gmbh,,,,,,,,,,,
linkedin,Project Manager Compliance & Integrity,Boehringer Ingelheim,"Ingelheim am Rhein, Rhineland-Palatinate, Germany",2026-09-23,https://www.linkedin.com/jobs/view/4470969898 , ,li-4470969898,fulltime,,,,,,False,mid-senior level,Legal,,,Pharmaceutical Manufacturing,https://de.linkedin.com/company/boehringer-ingelheim,,,,,,,,,,,
linkedin,Bauingenieur als Projektleiter (m/w/d) Hochbau,Köster GmbH,"Chemnitz, Saxony, Germany",2026-09-23,https://www.linkedin.com/jobs/view/4470917360 , ,li-4470917360,fulltime,,,,,,False,mid-senior level,Engineering and Information Technology,,,Construction,https://de.linkedin.com/company/k-ster-gmbh,,,,,,,,,,,
linkedin,Senior Project Manager - SAP S/4HANA Projects (m/f/d),Syntax,"Weinheim, Baden-Württemberg, Germany",2026-09-23,https://www.linkedin.com/jobs/view/4385146658 , ,li-4385146658,fulltime,,,,,,True,mid-senior level,Project Management and Information Technology,,,IT Services and IT Consulting,https://ca.linkedin.com/company/syntax_57010,,,,,,,,,,,
linkedin,Projektleiter Infrastrukturbau (m/w/d),persona service,"Uedem, North Rhine-Westphalia, Germany",2026-09-23,https://www.linkedin.com/jobs/view/4445169130 , ,li-4445169130,fulltime,,,,,,False,mid-senior level,"Design, Art/Creative, and Information Technology",,,Staffing and Recruiting,https://de.linkedin.com/company/persona-service,,,,,,,,,,,
linkedin,Senior Projektleiter Entwicklung (m/w/d),Diehl Aviation,"Kressbronn am Bodensee, Baden-Württemberg, Germany",2026-09-23,https://www.linkedin.com/jobs/view/4469426433 , ,li-4469426433,fulltime,,,,,,False,mid-senior level,Information Technology,,,Aviation and Aerospace Component Manufacturing,https://de.linkedin.com/company/diehl-aviation,,,,,,,,,,,
linkedin,Senior IT Project Manager for IT Security Projects / Programs (m/w/x),ZEISS Group,"Munich, Bavaria, Germany",2026-09-23,https://www.linkedin.com/jobs/view/4468994506 , ,li-4468994506,fulltime,,,,,,False,mid-senior level,Project Management and Information Technology,,,Machinery Manufacturing,https://de.linkedin.com/company/zeiss,,,,,,,,,,,
linkedin,PROJEKTLEITER (M/W/D) KUNDENDIENST SHK,Käuffer & Co. GmbH,"Krefeld, North Rhine-Westphalia, Germany",2026-09-23,https://www.linkedin.com/jobs/view/4469432647 , ,li-4469432647,fulltime,,,,,,False,mid-senior level,"Design, Art/Creative, and Information Technology",,,Facilities Services,https://de.linkedin.com/company/kaeuffer,,,,,,,,,,,
linkedin,Electrical Project Manager,Mane Contract Services,"Frankfurt, Hesse, Germany",2026-09-23,https://www.linkedin.com/jobs/view/4457239441 , ,li-4457239441,fulltime,,,,,,False,not applicable,Project Management,,,Engineering Services,https://uk.linkedin.com/company/mane-contract-services,,,,,,,,,,,
linkedin,Senior Projektleitung Technische Ausrüstung (m/w/d),Assmann Beraten + Planen,"Berlin, Germany",2026-09-23,https://www.linkedin.com/jobs/view/4426794254 , ,li-4426794254,fulltime,,,,,,False,associate,Engineering,,,Architecture and Planning,https://de.linkedin.com/company/assmann-beraten-planen,,,,,,,,,,,
linkedin,Projektleiter HKLS (m/w/d) - Jobbird.com,Jobster,"Stuttgart, Baden-Württemberg, Germany",2026-09-22,https://www.linkedin.com/jobs/view/4470408802 , ,li-4470408802,fulltime,,,,,,False,mid-senior level,"Design, Art/Creative, and Information Technology",,,Software Development,https://nl.linkedin.com/company/jobster-com,,,,,,,,,,,
linkedin,Senior Projektleiter Brand-/ Wasserschadensanierung,Rautenberg Associates,"Hamburg, Germany",2026-09-22,https://www.linkedin.com/jobs/view/4470288664 , ,li-4470288664,fulltime,,,,,,False,associate,,,,Construction,https://de.linkedin.com/company/rautenberg-associates,,,,,,,,,,,
linkedin,Projektleiter Elektrotechnik (m/w/d) - Jobbird.com,Jobster,"Munich, Bavaria, Germany",2026-09-22,https://www.linkedin.com/jobs/view/4470416439 , ,li-4470416439,fulltime,,,,,,False,mid-senior level,Engineering and Information Technology,,,Software Development,https://nl.linkedin.com/company/jobster-com,,,,,,,,,,,
linkedin,Senior Projektleiter HKLS (m/w/d) Frankfurt am Main - Jobbird.com,Jobster,"Frankfurt am Main, Hesse, Germany",2026-09-22,https://www.linkedin.com/jobs/view/4470406774 , ,li-4470406774,fulltime,,,,,,False,mid-senior level,Information Technology,,,Software Development,https://nl.linkedin.com/company/jobster-com,,,,,,,,,,,
linkedin,R&D Project Manager for the Service Line Robotics (all genders welcome),ROSEN,"Lingen, Lower Saxony, Germany",2026-09-22,https://www.linkedin.com/jobs/view/4469009898 , ,li-4469009898,fulltime,,,,,,False,mid-senior level,Product Management,,,Industrial Machinery Manufacturing and Oil and Gas,https://ch.linkedin.com/company/rosen,,,,,,,,,,,
linkedin,"Projektmanager Directive PMO *Geschlecht egal, Hauptsache gut",take-e-way GmbH,"Hamburg, Hamburg, Germany",2026-09-22,https://www.linkedin.com/jobs/view/4464094065 , ,li-4464094065,fulltime,,,,,,False,not applicable,Project Management and Information Technology,,,Environmental Services,https://de.linkedin.com/company/take-e-way-gmbh,,,,,,,,,,,
linkedin,Project Manager (w/m/d),JENOPTIK,"Wedel, Schleswig-Holstein, Germany",2026-09-22,https://www.linkedin.com/jobs/view/4470286620 , ,li-4470286620,fulltime,,,,,,False,mid-senior level,Project Management and Information Technology,,,Motor Vehicle Manufacturing,https://de.linkedin.com/company/jenoptik,,,,,,,,,,,
linkedin,IT/OT Technical Delivery Manager (m/f/d),Giesecke+Devrient,"Munich, Bavaria, Germany",2026-09-22,https://www.linkedin.com/jobs/view/4468791557 , ,li-4468791557,fulltime,,,,,,True,associate,Project Management and Information Technology,,,IT Services and IT Consulting,https://de.linkedin.com/company/giesecke-devrient,,,,,,,,,,,
linkedin,Projektleiter (w/m/d) Objektüberwachung TGA HLSK,Drees & Sommer,"Penzberg, Bavaria, Germany",2026-09-22,https://www.linkedin.com/jobs/view/4446214604 , ,li-4446214604,fulltime,,,,,,False,associate,Engineering and Project Management,,,Real Estate,https://de.linkedin.com/company/drees-&-sommer,,,,,,,,,,,
linkedin,Projektleiter (m/w/d) im Freileitungsbau,EQOS,"Bersteland, Brandenburg, Germany",2026-09-22,https://www.linkedin.com/jobs/view/4464310187 , ,li-4464310187,fulltime,,,,,,False,mid-senior level,Project Management and Engineering,,,Telecommunications Carriers and Services for Renewable Energy,https://de.linkedin.com/company/eqos-gruppe,,,,,,,,,,,
linkedin,Senior IT Projektmanager:in (m/w/d),epco GmbH,"Monheim, North Rhine-Westphalia, Germany",2026-09-22,https://www.linkedin.com/jobs/view/4468771873 , ,li-4468771873,fulltime,,,,,,False,mid-senior level,Information Technology,,,Software Development,https://de.linkedin.com/company/epco-gmbh,,,,,,,,,,,
linkedin,Projektleiter TGA Berlin (m/w/d) - Jobbird.com,Jobster,"Berlin, Berlin, Germany",2026-09-22,https://www.linkedin.com/jobs/view/4470407722 , ,li-4470407722,fulltime,,,,,,False,mid-senior level,"Design, Art/Creative, and Information Technology",,,Software Development,https://nl.linkedin.com/company/jobster-com,,,,,,,,,,,
linkedin,Regional Portfolio Owner (m/w/d) Produktstrategie & Kommerzialisierung,Vaillant Deutschland,"Remscheid, North Rhine-Westphalia, Germany",2026-09-22,https://www.linkedin.com/jobs/view/4469151170 , ,li-4469151170,fulltime,,,,,,False,mid-senior level,Product Management and Marketing,,,Renewable Energy Semiconductor Manufacturing,https://www.linkedin.com/company/vaillantdeutschland,,,,,,,,,,,
linkedin,Service Product Manager (f/m/d) for Digital & Automation (D&A),Siemens Healthineers,"Erlangen, Bavaria, Germany",2026-09-22,https://www.linkedin.com/jobs/view/4468185615 , ,li-4468185615,fulltime,,,,,,False,mid-senior level,Product Management and Marketing,,,"Medical Equipment Manufacturing, Hospitals and Health Care, and Biotechnology Research",https://de.linkedin.com/company/siemens-healthineers,,,,,,,,,,,
linkedin,Product Owner Depotplattform Retail (w/m/d) - Wertpapierprozesse & regulatorische Anforderungen,DekaBank,"Frankfurt am Main, Hesse, Germany",2026-09-22,https://www.linkedin.com/jobs/view/4406678423 , ,li-4406678423,fulltime,,,,,,False,mid-senior level,Product Management and Marketing,,recruiting@deka.de,Banking,https://de.linkedin.com/company/dekabank,,,,,,,,,,,
linkedin,Robotics Product Manager (Mensch),NEURA Robotics,"Riederich, Baden-Württemberg, Germany",2026-09-22,https://www.linkedin.com/jobs/view/4422954491 , ,li-4422954491,fulltime,,,,,,False,entry level,Product Management and Marketing,,,Automation Machinery Manufacturing,https://de.linkedin.com/company/neura-robotics,,,,,,,,,,,
linkedin,Robotics Product Manager (human),NEURA Robotics,"Riederich, Baden-Württemberg, Germany",2026-09-22,https://www.linkedin.com/jobs/view/4422958397 , ,li-4422958397,fulltime,,,,,,False,mid-senior level,Product Management and Marketing,,,Automation Machinery Manufacturing,https://de.linkedin.com/company/neura-robotics,,,,,,,,,,,
linkedin,Product Manager Energiespeicher (m/w/d),Michael Page,"Frankfurt am Main, Hesse, Germany",2026-09-22,https://www.linkedin.com/jobs/view/4470456304 , ,li-4470456304,fulltime,,,,,,False,mid-senior level,Manufacturing and Engineering,,,"Industrial Machinery Manufacturing and Appliances, Electrical, and Electronics Manufacturing",https://uk.linkedin.com/company/michael-page,,,,,,,,,,,
linkedin,Senior Cloud Product Manager (all genders)(EN),Contabo,,2026-09-22,https://www.linkedin.com/jobs/view/4463276820 , ,li-4463276820,fulltime,,,,,,True,mid-senior level,Product Management and Marketing,,maximilian.kasemir@contabo.de,Software Development,https://de.linkedin.com/company/contabo-gmbh,,,,,,,,,,,
linkedin,Senior Product Manager | B2C,Kaufland e-commerce,"Berlin, Berlin, Germany",2026-09-22,https://www.linkedin.com/jobs/view/4469027445 , ,li-4469027445,fulltime,,,,,,True,mid-senior level,Product Management and Marketing,,,Online and Mail Order Retail,https://de.linkedin.com/company/kauflandecommerce,,,,,,,,,,,
linkedin,Senior Product Manager - Ad Creator (all genders),F11,"Munich, Bavaria, Germany",2026-09-22,https://www.linkedin.com/jobs/view/4468554998 , ,li-4468554998,fulltime,,,,,,False,mid-senior level,Product Management and Marketing,,,Advertising Services,https://de.linkedin.com/company/factoreleven,,,,,,,,,,,
linkedin,Senior Product Manager Cloud Services & SaaS (m/w/d),WIBU-SYSTEMS,"Karlsruhe, Baden-Württemberg, Germany",2026-09-22,https://www.linkedin.com/jobs/view/4470261352 , ,li-4470261352,fulltime,,,,,,False,associate,Product Management and Strategy/Planning,,,"IT Services and IT Consulting, Software Development, and IT System Data Services",https://de.linkedin.com/company/wibu-systems-ag,,,,,,,,,,,
linkedin,Senior Product Manager (Business Applications Development),JetBrains,"Munich, Bavaria, Germany",2026-09-22,https://www.linkedin.com/jobs/view/4450163435 , ,li-4450163435,fulltime,,,,,,True,mid-senior level,Product Management and Marketing,,,Software Development,https://nl.linkedin.com/company/jetbrains,,,,,,,,,,,
linkedin,Senior Product Manager (Business Applications Development),JetBrains,"Berlin, Berlin, Germany",2026-09-22,https://www.linkedin.com/jobs/view/4450165403 , ,li-4450165403,fulltime,,,,,,True,mid-senior level,Product Management and Marketing,,,Software Development,https://nl.linkedin.com/company/jetbrains,,,,,,,,,,,
linkedin,Projektleiter Elektrotechnik (m/w/d) - Jobbird.com,Jobster,"Stuttgart, Baden-Württemberg, Germany",2026-09-22,https://www.linkedin.com/jobs/view/4470403936 , ,li-4470403936,fulltime,,,,,,False,mid-senior level,Engineering and Information Technology,,,Software Development,https://nl.linkedin.com/company/jobster-com,,,,,,,,,,,
linkedin,Projektleiter Elektrotechnik (m/w/d) München - Jobbird.com,Jobster,"Munich, Bavaria, Germany",2026-09-22,https://www.linkedin.com/jobs/view/4470420252 , ,li-4470420252,fulltime,,,,,,False,mid-senior level,Engineering and Information Technology,,,Software Development,https://nl.linkedin.com/company/jobster-com,,,,,,,,,,,
linkedin,(Senior) Projektleiter*in / Ingenieur*in - Schwachstrom (m/w/d),Arup,"Berlin, Berlin, Germany",2026-09-22,https://www.linkedin.com/jobs/view/4470461583 , ,li-4470461583,fulltime,,,,,,False,mid-senior level,"Design, Consulting, and Engineering",,,"Appliances, Electrical, and Electronics Manufacturing, Architecture and Planning, and Civil Engineering",https://uk.linkedin.com/company/arup,,,,,,,,,,,
linkedin,Projektleiter Lüftung (m/w/d) Essen - Jobbird.com,Jobster,"Essen, North Rhine-Westphalia, Germany",2026-09-22,https://www.linkedin.com/jobs/view/4470417359 , ,li-4470417359,fulltime,,,,,,False,mid-senior level,"Design, Art/Creative, and Information Technology",,,Software Development,https://nl.linkedin.com/company/jobster-com,,,,,,,,,,,
linkedin,Projektleitung Objektplanung (w/m/d) Schwerpunkt Wohnungsbau,Arnold und Gladisch Objektplanung Generalplanung GmbH,"Berlin, Germany",2026-09-22,https://www.linkedin.com/jobs/view/4450237551 , ,li-4450237551,fulltime,,,,,,False,associate,Design and Engineering,,,Architecture and Planning,https://de.linkedin.com/company/arnold-und-gladisch,,,,,,,,,,,
linkedin,Projektleiter (m/w/d) Automatisierungstechnik,LogoTek GmbH,"Duisburg, North Rhine-Westphalia, Germany",2026-09-22,https://www.linkedin.com/jobs/view/4468941163 , ,li-4468941163,fulltime,,,,,,False,associate,Engineering,,,IT Services and IT Consulting,https://de.linkedin.com/company/logotek-gmbh,,,,,,,,,,,
linkedin,Senior Projektmanager Elektrotechnik - Rechenzentren (w/m/d),Arcadis,"Frankfurt am Main, Hesse, Germany",2026-09-22,https://www.linkedin.com/jobs/view/4459511962 , ,li-4459511962,fulltime,,,,,,False,mid-senior level,Other,,,Professional Services,https://nl.linkedin.com/company/arcadis,,,,,,,,,,,
linkedin,Projektleiter Gebäudeautomation München (m/w/d) - Jobbird.com,Jobster,"Munich, Bavaria, Germany",2026-09-22,https://www.linkedin.com/jobs/view/4470402958 , ,li-4470402958,fulltime,,,,,,False,mid-senior level,"Design, Art/Creative, and Information Technology",,,Software Development,https://nl.linkedin.com/company/jobster-com,,,,,,,,,,,
linkedin,Project Manager,Haystack,,2026-09-22,https://www.linkedin.com/jobs/view/4470240729 , ,li-4470240729,fulltime,,,,,,True,mid-senior level,Project Management,,,"Technology, Information and Media",https://uk.linkedin.com/company/wearehaystack,,,,,,,,,,,
linkedin,Teamlead Projektmanagement Real Estate Metering (m/w/d),wattline GmbH,"Ruderting, Bavaria, Germany",2026-09-22,https://www.linkedin.com/jobs/view/4470274548 , ,li-4470274548,fulltime,,,,,,False,mid-senior level,Project Management,,bewerbung@wattline.com,Utilities and Services for Renewable Energy,https://de.linkedin.com/company/wattline-gmbh,,,,,,,,,,,
linkedin,Retail Project Manager (m/w/d),"Cosmo Beauty Brand House GmbH (NEONAIL, NEO MAKE UP, MYLAQ, STAYLAC)","Berlin, Berlin, Germany",2026-09-22,https://www.linkedin.com/jobs/view/4468537856 , ,li-4468537856,fulltime,,,,,,False,associate,Sales,,,Administrative and Support Services,https://de.linkedin.com/company/cosmo-beauty-brand-house-gmbh,,,,,,,,,,,
linkedin,Bauherrenvertreter / Projektleiter (m/w/d),LBBW Immobilien,"Stuttgart, Baden-Württemberg, Germany",2026-09-22,https://www.linkedin.com/jobs/view/4464095546 , ,li-4464095546,fulltime,,,,,,False,mid-senior level,Engineering,,,Real Estate,https://de.linkedin.com/company/lbbw-immobilien,,,,,,,,,,,
linkedin,"Architect, Civil Engineer as Project Manager – NeuraGym Global Rollout (Human)",NEURA Robotics,"Riederich, Baden-Württemberg, Germany",2026-09-22,https://www.linkedin.com/jobs/view/4422954492 , ,li-4422954492,fulltime,,,,,,False,mid-senior level,Engineering and Information Technology,,,Automation Machinery Manufacturing,https://de.linkedin.com/company/neura-robotics,,,,,,,,,,,
linkedin,Projektleiter Elektrotechnik (m/w/d) - Jobbird.com,Jobster,"Bonn, North Rhine-Westphalia, Germany",2026-09-22,https://www.linkedin.com/jobs/view/4470420271 , ,li-4470420271,fulltime,,,,,,False,mid-senior level,Engineering and Information Technology,,,Software Development,https://nl.linkedin.com/company/jobster-com,,,,,,,,,,,
linkedin,Senior Technical Project Manager - AI & Robotics Foundation Models (human),NEURA Robotics,"Riederich, Baden-Württemberg, Germany",2026-09-22,https://www.linkedin.com/jobs/view/4457339705 , ,li-4457339705,fulltime,,,,,,False,mid-senior level,Project Management and Information Technology,,,Automation Machinery Manufacturing,https://de.linkedin.com/company/neura-robotics,,,,,,,,,,,
linkedin,Projektleiter HKLS (m/w/d) - Jobbird.com,Jobster,"Freiburg, Baden-Württemberg, Germany",2026-09-22,https://www.linkedin.com/jobs/view/4470403849 , ,li-4470403849,fulltime,,,,,,False,mid-senior level,"Design, Art/Creative, and Information Technology",,,Software Development,https://nl.linkedin.com/company/jobster-com,,,,,,,,,,,
linkedin,Projektleiter / Bauleiter (m/w/d) Versorgungstechnik - HKLS & Brandschutz,encoviva,"Frankfurt, Hesse, Germany",2026-09-22,https://www.linkedin.com/jobs/view/4470272809 , ,li-4470272809,fulltime,,,,,,False,associate,Engineering,,recruiting@encoviva.de,Software Development,https://de.linkedin.com/company/encoviva,,,,,,,,,,,
linkedin,Technischer Projektleiter (m/w/d),alstria,"Stuttgart, Baden-Württemberg, Germany",2026-09-22,https://www.linkedin.com/jobs/view/4461043894 , ,li-4461043894,fulltime,,,,,,False,associate,Product Management,,,Real Estate,https://de.linkedin.com/company/alstria,,,,,,,,,,,
linkedin,PROJEKTLEITER (m/w/d) FERTIGTEILE,BREMER AG,"Stuttgart, Baden-Württemberg, Germany",2026-09-22,https://www.linkedin.com/jobs/view/3927678908 , ,li-3927678908,fulltime,,,,,,False,mid-senior level,"Design, Art/Creative, and Information Technology",,,Construction,https://de.linkedin.com/company/bremer-se,,,,,,,,,,,
linkedin,PROJEKTMANAGER:IN IM BAUWESEN IN MÜNCHEN,SMV Bauprojektsteuerung,"Munich, Bavaria, Germany",2026-09-22,https://www.linkedin.com/jobs/view/4470288975 , ,li-4470288975,fulltime,,,,,,False,associate,Engineering,,,Industrial Machinery Manufacturing,https://de.linkedin.com/company/smv-bauprojektsteuerung,,,,,,,,,,,
linkedin,Projektleiter/in (m/w/d),Instaffo,"Trarbach, Rhineland-Palatinate, Germany",2026-09-22,https://www.linkedin.com/jobs/view/4395389993 , ,li-4395389993,fulltime,,,,,,False,not applicable,Project Management and Management,,,Staffing and Recruiting,https://de.linkedin.com/company/instaffo-gmbh,,,,,,,,,,,
linkedin,Senior Projektmanager Elektrotechnik - Rechenzentren (w/m/d),Arcadis,"Darmstadt, Hesse, Germany",2026-09-22,https://www.linkedin.com/jobs/view/4459519767 , ,li-4459519767,fulltime,,,,,,False,mid-senior level,Other,,,Professional Services,https://nl.linkedin.com/company/arcadis,,,,,,,,,,,
linkedin,Projektleitung Bau Einzelhandel (m/w/d),EDEKA Minden-Hannover,"Minden, North Rhine-Westphalia, Germany",2026-09-22,https://www.linkedin.com/jobs/view/4470279783 , ,li-4470279783,fulltime,,,,,,False,associate,,,,Real Estate,https://de.linkedin.com/company/edeka-minden-hannover,,,,,,,,,,,
linkedin,Projektleiter Elektrotechnik (m/w/d) Oberhausen - Jobbird.com,Jobster,"Oberhausen, North Rhine-Westphalia, Germany",2026-09-22,https://www.linkedin.com/jobs/view/4470411580 , ,li-4470411580,fulltime,,,,,,False,mid-senior level,Engineering and Information Technology,,,Software Development,https://nl.linkedin.com/company/jobster-com,,,,,,,,,,,
linkedin,Projektleiter / Bauleiter (m/w/d) Ladenbau – Schwerpunkt Tankstellen & Convenience,umdasch The Store Makers,"Duisburg, North Rhine-Westphalia, Germany",2026-09-22,https://www.linkedin.com/jobs/view/4468525941 , ,li-4468525941,fulltime,,,,,,True,associate,Information Technology,,,IT Services and IT Consulting,https://at.linkedin.com/company/umdasch-the-store-makers,,,,,,,,,,,
linkedin,Hauptprojektleiter (m/w/d),ERGO,"Düsseldorf, North Rhine-Westphalia, Germany",2026-09-22,https://www.linkedin.com/jobs/view/4460503959 , ,li-4460503959,fulltime,,,,,,False,mid-senior level,Project Management and Information Technology,,,Insurance,https://de.linkedin.com/company/ergo-group-ag,,,,,,,,,,,
linkedin,Projektleiter (m/w/d) Schlüsselfertigbau,LIST Gruppe,"Leipzig, Saxony, Germany",2026-09-22,https://www.linkedin.com/jobs/view/4283361250 , ,li-4283361250,fulltime,,,,,,False,associate,Engineering,,,Construction and Real Estate,https://de.linkedin.com/company/list-gruppe,,,,,,,,,,,
linkedin,Projektleiter HKLS (m/w/d) Frankfurt am Main - Jobbird.com,Jobster,"Frankfurt am Main, Hesse, Germany",2026-09-22,https://www.linkedin.com/jobs/view/4470406750 , ,li-4470406750,fulltime,,,,,,False,mid-senior level,"Design, Art/Creative, and Information Technology",,,Software Development,https://nl.linkedin.com/company/jobster-com,,,,,,,,,,,
linkedin,Projektleiter / Project Leader Strategische Unternehmensprojekte (m/w/d) Hamburg,Detlev Louis Motorrad-Vertriebsgesellschaft mbH,"Hamburg, Hamburg, Germany",2026-09-22,https://www.linkedin.com/jobs/view/4470602878 , ,li-4470602878,fulltime,,,,,,False,mid-senior level,Project Management and Information Technology,,,Retail,https://de.linkedin.com/company/detlev-louis-motorradvertriebs-gmbh,,,,,,,,,,,
linkedin,Projektleiter Heizungstechnik (m/w/d) - Jobbird.com,Jobster,"Berlin, Berlin, Germany",2026-09-22,https://www.linkedin.com/jobs/view/4470418379 , ,li-4470418379,fulltime,,,,,,False,mid-senior level,"Design, Art/Creative, and Information Technology",,,Software Development,https://nl.linkedin.com/company/jobster-com,,,,,,,,,,,
linkedin,Projektleiter:in Zugnummernmeldeanlagen,Deutsche Bahn,"Leipzig, Saxony, Germany",2026-09-22,https://www.linkedin.com/jobs/view/4395246380 , ,li-4395246380,fulltime,,,,,,False,mid-senior level,"Design, Art/Creative, and Information Technology",,,Truck Transportation,https://de.linkedin.com/company/deutschebahn,,,,,,,,,,,
linkedin,Projektleiter HKLS (m/w/d) - Jobbird.com,Jobster,"Neu Ulm, Bavaria, Germany",2026-09-22,https://www.linkedin.com/jobs/view/4470420209 , ,li-4470420209,fulltime,,,,,,False,mid-senior level,"Design, Art/Creative, and Information Technology",,,Software Development,https://nl.linkedin.com/company/jobster-com,,,,,,,,,,,
linkedin,"Projektleiter (w/m/d) Bestandssanierung und Neubau, Schwerpunkt Bauen im Bestand",STADT UND LAND Wohnbauten-Gesellschaft mbH,"Berlin, Berlin, Germany",2026-09-22,https://www.linkedin.com/jobs/view/4470288178 , ,li-4470288178,fulltime,,,,,,False,associate,Engineering,,,Building Finishing Contractors and Residential Building Construction,https://de.linkedin.com/company/stadt-und-land-wohnbauten-gesellschaft-mbh,,,,,,,,,,,
linkedin,Senior Project Manager (Mensch),NEURA Robotics,"Riederich, Baden-Württemberg, Germany",2026-09-22,https://www.linkedin.com/jobs/view/4422951558 , ,li-4422951558,fulltime,,,,,,False,mid-senior level,Project Management and Information Technology,,,Automation Machinery Manufacturing,https://de.linkedin.com/company/neura-robotics,,,,,,,,,,,
linkedin,Projektleiter HKLS (m/w/d) Heidelberg - Jobbird.com,Jobster,"Heidelberg, Baden-Württemberg, Germany",2026-09-22,https://www.linkedin.com/jobs/view/4470413679 , ,li-4470413679,fulltime,,,,,,False,mid-senior level,"Design, Art/Creative, and Information Technology",,,Software Development,https://nl.linkedin.com/company/jobster-com,,,,,,,,,,,
linkedin,Projektleitung (m/w/d) Int. Projekte/ Erasmus+,dreieins Innovative Pädagogik,"Berlin, Germany",2026-09-22,https://www.linkedin.com/jobs/view/4452493066 , ,li-4452493066,fulltime,,,,,,False,mid-senior level,Project Management and Information Technology,,"karriere@dreieins.org, karriere@dreieins.org",Education,https://de.linkedin.com/company/dreieins-innovative-p%C3%A4dagogik,,,,,,,,,,,
linkedin,Technischer Projektleiter / System-Projektmanager (m/w/d),Randstad Deutschland,"Bremen, Bremen, Germany",2026-09-22,https://www.linkedin.com/jobs/view/4469015320 , ,li-4469015320,fulltime,,,,,,False,mid-senior level,Project Management and Information Technology,,,Human Resources Services,https://de.linkedin.com/company/randstad-deutschland,,,,,,,,,,,
linkedin,Senior Product Manager | B2B,Kaufland e-commerce,"Berlin, Berlin, Germany",2026-09-21,https://www.linkedin.com/jobs/view/4469939160 , ,li-4469939160,fulltime,,,,,,True,mid-senior level,Product Management and Marketing,,,Online and Mail Order Retail,https://de.linkedin.com/company/kauflandecommerce,,,,,,,,,,,
linkedin,Projektleiter (w/m/d) Öffentliche Hand Landes- und Bundesbau,Drees & Sommer,"Stuttgart, Baden-Württemberg, Germany",2026-09-21,https://www.linkedin.com/jobs/view/4467613338 , ,li-4467613338,fulltime,,,,,,False,associate,Project Management and Engineering,,,Real Estate,https://de.linkedin.com/company/drees-&-sommer,,,,,,,,,,,
linkedin,Projektmanager:in Shopify Agentur - Vollzeit (m/w/d),apoio,"Hamburg, Hamburg, Germany",2026-09-21,https://www.linkedin.com/jobs/view/4467610866 , ,li-4467610866,fulltime,,,,,,False,associate,Project Management,,,IT Services and IT Consulting,https://de.linkedin.com/company/apoio-digital,,,,,,,,,,,
linkedin,Project Manager (m/w/x),Doctorflix,"Berlin, Berlin, Germany",2026-09-21,https://www.linkedin.com/jobs/view/4467360731 , ,li-4467360731,fulltime,,,,,,False,entry level,Project Management,,,Software Development,https://de.linkedin.com/company/doctorflix,,,,,,,,,,,
linkedin,"Projektleiter SHK (m,w,d)",Kargl Haustechnik GmbH,"Holzkirchen, Bavaria, Germany",2026-09-21,https://www.linkedin.com/jobs/view/4467346441 , ,li-4467346441,fulltime,,,,,,False,associate,Manufacturing,,,Construction,https://de.linkedin.com/company/g%C3%BCnther-kargl-haustechnik-gmbh,,,,,,,,,,,
linkedin,Projektleiter Technisches Facility Management (m/w/d),ELMATIC GmbH,"Berlin, Germany",2026-09-21,https://www.linkedin.com/jobs/view/4469912524 , ,li-4469912524,fulltime,,,,,,False,mid-senior level,"Design, Art/Creative, and Information Technology",,,Facilities Services,https://de.linkedin.com/company/elmatic-gmbh,,,,,,,,,,,
linkedin,Projektleiter Fördertechnik (m/w/d),AFT Förderanlagen Bautzen GmbH & Co. KG,"Bautzen, Saxony, Germany",2026-09-21,https://www.linkedin.com/jobs/view/4467394662 , ,li-4467394662,fulltime,,,,,,False,associate,Engineering,,,Industrial Machinery Manufacturing,https://de.linkedin.com/company/aft-f-rderanlagen-bautzen-gmbh-co-kg,,,,,,,,,,,
linkedin,Projektleiter (m/w/d/kA) Rückbau/Erdbau,Stricker-Gruppe,"Dortmund, North Rhine-Westphalia, Germany",2026-09-21,https://www.linkedin.com/jobs/view/4435538489 , ,li-4435538489,fulltime,,,,,,False,mid-senior level,Project Management,,,Construction,https://de.linkedin.com/company/stricker-gruppe,,,,,,,,,,,
linkedin,Medizintechniker / Medizintechnikleiter (m/w/d) als Projektleiter für den Raum Köln,Dräger,"Cologne, North Rhine-Westphalia, Germany",2026-09-21,https://www.linkedin.com/jobs/view/4448447304 , ,li-4448447304,fulltime,,,,,,False,mid-senior level,"Research, Analyst, and Information Technology",,muriel.koeller@draeger.com,Manufacturing,https://de.linkedin.com/company/draeger,,,,,,,,,,,
linkedin,Verantwortlicher für die Projektsteuerung,viscon GmbH,"Aachen, North Rhine-Westphalia, Germany",2026-09-21,https://www.linkedin.com/jobs/view/4444520764 , ,li-4444520764,fulltime,,,,,,False,associate,"Engineering, Project Management, and Other",,,Architecture and Planning,https://www.linkedin.com/company/viscongmbh,,,,,,,,,,,
linkedin,"Project Manager E-Commerce Agentur (m/w/d), Vollzeit",AthariCommerce,"Cologne, North Rhine-Westphalia, Germany",2026-09-21,https://www.linkedin.com/jobs/view/4467609832 , ,li-4467609832,fulltime,,,,,,False,mid-senior level,Project Management,,,IT Services and IT Consulting,https://de.linkedin.com/company/atharicommerce,,,,,,,,,,,
linkedin,Technische:r Projektleiter:in,Tintschl Unternehmensgruppe,,2026-09-21,https://www.linkedin.com/jobs/view/4469869812 , ,li-4469869812,fulltime,,,,,,False,associate,Information Technology,,,Staffing and Recruiting,https://de.linkedin.com/company/tintschlunternehmensgruppe,,,,,,,,,,,
linkedin,Projektleiter:in mit fachlicher Teamleitungsfunktion für Brücken- / Bahnübergangsbeseitigung,Deutsche Bahn,"Frankfurt am Main, Hesse, Germany",2026-09-21,https://www.linkedin.com/jobs/view/4406828421 , ,li-4406828421,fulltime,,,,,,False,mid-senior level,"Design, Art/Creative, and Information Technology",,,Truck Transportation,https://de.linkedin.com/company/deutschebahn,,,,,,,,,,,
linkedin,Projektmanager Bahninfrastruktur Projekte (m/w/d),Etteplan,"Hamburg, Hamburg, Germany",2026-09-21,https://www.linkedin.com/jobs/view/4461241414 , ,li-4461241414,fulltime,,,,,,False,mid-senior level,Project Management,,,"Technology, Information and Media, Manufacturing, and Utilities",https://fi.linkedin.com/company/etteplan-group,,,,,,,,,,,
linkedin,Technical Project Manager (m/f/d) Aerospace Composites,Blackwave,"Taufkirchen, Bavaria, Germany",2026-09-21,https://www.linkedin.com/jobs/view/4460017776 , ,li-4460017776,fulltime,,,,,,True,mid-senior level,Project Management and Information Technology,,,Aviation and Aerospace Component Manufacturing,https://de.linkedin.com/company/blackwave-gmbh,,,,,,,,,,,
linkedin,Projektmanager Digitalisierung & KI (m/w/d),TSI Consumer Goods GmbH,"Berlin, Germany",2026-09-21,https://www.linkedin.com/jobs/view/4417655033 , ,li-4417655033,fulltime,,,,,,False,associate,Project Management,,jobs@tsi.de,Consumer Goods,https://de.linkedin.com/company/tsi-gmbh-&-co-kg,,,,,,,,,,,
linkedin,Projektleiter (m/w/d) – Hochbau / Wohnungsbau,weisenburger group,"Düsseldorf, North Rhine-Westphalia, Germany",2026-09-21,https://www.linkedin.com/jobs/view/4468718269 , ,li-4468718269,fulltime,,,,,,False,mid-senior level,"Design, Art/Creative, and Information Technology",,,Construction,https://de.linkedin.com/company/weisenburger-gruppe,,,,,,,,,,,
linkedin,Projektmanager Bahninfrastruktur Projekte (m/w/d),Etteplan,"Munich, Bavaria, Germany",2026-09-21,https://www.linkedin.com/jobs/view/4461256201 , ,li-4461256201,fulltime,,,,,,False,mid-senior level,Project Management,,,"Technology, Information and Media, Manufacturing, and Utilities",https://fi.linkedin.com/company/etteplan-group,,,,,,,,,,,
linkedin,Project Manager (m/w/d) Energiesysteme,DACHSER,"Kempten, Bavaria, Germany",2026-09-21,https://www.linkedin.com/jobs/view/4464860304 , ,li-4464860304,fulltime,,,,,,False,mid-senior level,Project Management and Information Technology,,,"Truck Transportation, Freight and Package Transportation, and Transportation, Logistics, Supply Chain and Storage",https://de.linkedin.com/company/dachser,,,,,,,,,,,
linkedin,Projektleiter / Project Manager Clinical Trials,VERTANICAL,"Munich, Bavaria, Germany",2026-09-21,https://www.linkedin.com/jobs/view/4462224514 , ,li-4462224514,fulltime,,,,,,False,not applicable,Project Management and Information Technology,,jobs@futrue.com,Pharmaceutical Manufacturing,https://de.linkedin.com/company/vertanical-gmbh,,,,,,,,,,,
linkedin,Projektmanager w/m/d Sondermaschinenbau,XENON Automation,"Dresden, Saxony, Germany",2026-09-21,https://www.linkedin.com/jobs/view/4469864861 , ,li-4469864861,fulltime,,,,,,False,associate,Project Management,,,Automation Machinery Manufacturing and Machinery Manufacturing,https://de.linkedin.com/company/xenon-automation,,,,,,,,,,,
linkedin,Product Manager – Platform Experience & Cloud Administration (m/f/d),Jedox,"Freiburg, Baden-Württemberg, Germany",2026-09-21,https://www.linkedin.com/jobs/view/4469960307 , ,li-4469960307,fulltime,,,,,,False,associate,Marketing and Product Management,,,Software Development,https://de.linkedin.com/company/jedox,,,,,,,,,,,
linkedin,Group Product Manager [Klaxoon],Wrike,"Berlin, Berlin, Germany",2026-09-21,https://www.linkedin.com/jobs/view/4451361366 , ,li-4451361366,fulltime,,,,,,True,not applicable,Engineering,,,"Food and Beverage Services, Manufacturing, and Food and Beverage Manufacturing",https://www.linkedin.com/company/wrike,,,,,,,,,,,
linkedin,Product Manager - Energy Market,Tibber,"Berlin, Berlin, Germany",2026-09-21,https://www.linkedin.com/jobs/view/4421131909 , ,li-4421131909,fulltime,,,,,,False,mid-senior level,Product Management and Marketing,,,Services for Renewable Energy,https://no.linkedin.com/company/tibber,,,,,,,,,,,
linkedin,"Product Manager, Courier Delivery Experience",Wolt,"Berlin, Berlin, Germany",2026-09-21,https://www.linkedin.com/jobs/view/4383263025 , ,li-4383263025,fulltime,,,,,,False,mid-senior level,Project Management and Information Technology,,,Software Development,https://fi.linkedin.com/company/wolt-oy,,,,,,,,,,,
linkedin,German Speaking Technical Health Product Manager (Remote),Ignite,"Hamburg, Hamburg, Germany",2026-09-21,https://www.linkedin.com/jobs/view/4468487836 , ,li-4468487836,fulltime,,,,,,True,not applicable,Product Management and Marketing,,,"Technology, Information and Internet",https://www.linkedin.com/company/ignite.11,,,,,,,,,,,
linkedin,Product Manager L-PBF (m/f/d),Nikon SLM Solutions,"Lübeck, Schleswig-Holstein, Germany",2026-09-21,https://www.linkedin.com/jobs/view/4468706996 , ,li-4468706996,fulltime,,,,,,False,mid-senior level,Product Management,,,Industrial Machinery Manufacturing,https://de.linkedin.com/company/nikonslmsolutions,,,,,,,,,,,
linkedin,Product Manager – Partner Solutions (m/f/d),seca – precision for health,"Hamburg, Germany",2026-09-21,https://www.linkedin.com/jobs/view/4469846524 , ,li-4469846524,fulltime,,,,,,False,mid-senior level,,,,Medical Equipment Manufacturing and Software Development,https://de.linkedin.com/company/seca,,,,,,,,,,,
linkedin,Senior Produktmanager Digital Sales (w/m/d),ING Deutschland,"Frankfurt am Main, Hesse, Germany",2026-09-21,https://www.linkedin.com/jobs/view/4467395056 , ,li-4467395056,fulltime,,,,,,False,associate,,,,Financial Services,https://de.linkedin.com/company/ing-de,,,,,,,,,,,
linkedin,Product Manager - Doctor Partnerships (m/w/d),TeleClinic,,2026-09-21,https://www.linkedin.com/jobs/view/4414742499 , ,li-4414742499,fulltime,,,,,,False,associate,Product Management and Marketing,,,Wellness and Fitness Services,https://de.linkedin.com/company/teleclinic,,,,,,,,,,,
linkedin,German Speaking Technical Health Product Manager (Remote),Ignite,"Cologne, North Rhine-Westphalia, Germany",2026-09-21,https://www.linkedin.com/jobs/view/4468481935 , ,li-4468481935,fulltime,,,,,,True,not applicable,Product Management and Marketing,,,"Technology, Information and Internet",https://www.linkedin.com/company/ignite.11,,,,,,,,,,,
linkedin,German Speaking Fintech Product Manager (Remote),Ignite,"Hamburg, Hamburg, Germany",2026-09-21,https://www.linkedin.com/jobs/view/4468482956 , ,li-4468482956,fulltime,,,,,,True,not applicable,Product Management and Marketing,,,"Technology, Information and Internet",https://www.linkedin.com/company/ignite.11,,,,,,,,,,,
linkedin,Projektleiter (m/w/d) im Bereich Elektrotechnik mit Fokus Umspannwerke,Tintschl Unternehmensgruppe,"Bayreuth, Bavaria, Germany",2026-09-21,https://www.linkedin.com/jobs/view/4469870783 , ,li-4469870783,fulltime,,,,,,False,associate,Engineering and Project Management,,,"Electric Power Transmission, Control, and Distribution",https://de.linkedin.com/company/tintschlunternehmensgruppe,,,,,,,,,,,
linkedin,German Speaking Technical Health Product Manager (Remote),Ignite,"Berlin, Berlin, Germany",2026-09-21,https://www.linkedin.com/jobs/view/4468482958 , ,li-4468482958,fulltime,,,,,,True,not applicable,Product Management and Marketing,,,"Technology, Information and Internet",https://www.linkedin.com/company/ignite.11,,,,,,,,,,,
linkedin,"Junior Product Manager (m,w,d)",NeuroNation - Mind & Brain Health Technology,"Berlin, Germany",2026-09-21,https://www.linkedin.com/jobs/view/4469955316 , ,li-4469955316,fulltime,,,,,,True,entry level,Product Management and Marketing,,,Health and Human Services,https://de.linkedin.com/company/neuronation,,,,,,,,,,,
linkedin,Senior Product Manager,Toptal,,2026-09-21,https://www.linkedin.com/jobs/view/4461723060 , ,li-4461723060,fulltime,,,,,,True,not applicable,Product Management,,,"Software Development, IT Services and IT Consulting, and Professional Services",https://www.linkedin.com/company/toptal,,,,,,,,,,,
linkedin,"Senior Staff Product Manager, Browser Control Platform",Mozilla,,2026-09-21,https://www.linkedin.com/jobs/view/4460635272 , ,li-4460635272,fulltime,,,,,,True,mid-senior level,Product Management and Marketing,,hiringaccommodation@mozilla.com,Software Development,https://www.linkedin.com/company/mozilla-corporation,,,,,,,,,,,
linkedin,Produktmanager Industrie- und Anlagenbau TGA (m/w/d),Würth Deutschland,"Künzelsau, Baden-Württemberg, Germany",2026-09-21,https://www.linkedin.com/jobs/view/4468156864 , ,li-4468156864,fulltime,,,,,,False,mid-senior level,Product Management and Marketing,,,Wholesale,https://de.linkedin.com/company/wuerth-germany,,,,,,,,,,,
linkedin,Product Owner (m/w/d) - Jobbird.com,Jobster,"Sankt Wolfgang, Bavaria, Germany",2026-09-21,https://www.linkedin.com/jobs/view/4468741331 , ,li-4468741331,fulltime,,,,,,True,mid-senior level,Product Management and Marketing,,,Internet Publishing,https://nl.linkedin.com/company/jobster-com,,,,,,,,,,,
linkedin,Product Owner – SDV Data Products (f/m/d),Adsquare,"Berlin, Germany",2026-09-21,https://www.linkedin.com/jobs/view/4456505043 , ,li-4456505043,fulltime,,,,,,False,mid-senior level,Product Management,,,Advertising Services,https://de.linkedin.com/company/adsquare-gmbh,,,,,,,,,,,
linkedin,Projektleiter Websites (m/w/d),vioma GmbH,"Offenburg, Baden-Württemberg, Germany",2026-09-21,https://www.linkedin.com/jobs/view/4469915208 , ,li-4469915208,fulltime,,,,,,True,associate,Project Management,,,Software Development,https://www.linkedin.com/company/vioma-gmbh,,,,,,,,,,,
linkedin,Projektleiter (w/m/d) Öffentliche Hand Landes- und Bundesbau,Drees & Sommer,"Freiburg, Baden-Württemberg, Germany",2026-09-21,https://www.linkedin.com/jobs/view/4467623168 , ,li-4467623168,fulltime,,,,,,False,associate,Project Management and Engineering,,,Real Estate,https://de.linkedin.com/company/drees-&-sommer,,,,,,,,,,,
linkedin,Teamlead IT Projects & Strategy (m/w/d),Rodday Family GmbH,"Eichstetten, Baden-Württemberg, Germany",2026-09-21,https://www.linkedin.com/jobs/view/4469896553 , ,li-4469896553,fulltime,,,,,,False,mid-senior level,Information Technology,,,Health and Human Services,https://de.linkedin.com/company/rodday-family-gmbh,,,,,,,,,,,
linkedin,Projektmanager Bahninfrastruktur Projekte (m/w/d),Etteplan,"Stuttgart, Baden-Württemberg, Germany",2026-09-21,https://www.linkedin.com/jobs/view/4461251271 , ,li-4461251271,fulltime,,,,,,False,mid-senior level,Project Management,,,"Technology, Information and Media, Manufacturing, and Utilities",https://fi.linkedin.com/company/etteplan-group,,,,,,,,,,,
linkedin,Defense Innovation Manager – Project Management (m/w/d),HAT.tec,"Neubiberg, Bavaria, Germany",2026-09-21,https://www.linkedin.com/jobs/view/4467610092 , ,li-4467610092,fulltime,,,,,,False,director,Project Management and Information Technology,,,Software Development,https://de.linkedin.com/company/hattec,,,,,,,,,,,
linkedin,Senior-Projektsteuerer (m/w/d),GTU Mobility GmbH & Co. KG,"Hamburg, Hamburg, Germany",2026-09-21,https://www.linkedin.com/jobs/view/4268608479 , ,li-4268608479,fulltime,,,,,,False,mid-senior level,Project Management and Information Technology,,,Construction,https://de.linkedin.com/company/gtu-mobility-gmbh-&-co.-kg,,,,,,,,,,,
linkedin,Projektmanager Bahninfrastruktur Projekte (m/w/d),Etteplan,"Oberhausen, North Rhine-Westphalia, Germany",2026-09-21,https://www.linkedin.com/jobs/view/4461250264 , ,li-4461250264,fulltime,,,,,,False,mid-senior level,Project Management,,,"Technology, Information and Media, Manufacturing, and Utilities",https://fi.linkedin.com/company/etteplan-group,,,,,,,,,,,
linkedin,Director Construction Management (m/f/d),Exyte,"Dresden, Saxony, Germany",2026-09-21,https://www.linkedin.com/jobs/view/4392440620 , ,li-4392440620,fulltime,,,,,,False,mid-senior level,Management and Manufacturing,,sophie.engert@exyte.net,Civil Engineering,https://de.linkedin.com/company/exyte-group,,,,,,,,,,,
linkedin,Projektleiter (m/w/d) Roh- und Schlüsselfertigbau,Peter Gross Bau,"Berlin, Germany",2026-09-21,https://www.linkedin.com/jobs/view/4438211657 , ,li-4438211657,fulltime,,,,,,False,mid-senior level,"Design, Art/Creative, and Information Technology",,,Construction,https://www.linkedin.com/company/petergrossbau,,,,,,,,,,,
linkedin,(Senior) Project Manager (m/w/d),Neofonie GmbH,"Berlin, Berlin, Germany",2026-09-21,https://www.linkedin.com/jobs/view/4467361248 , ,li-4467361248,fulltime,,,,,,False,associate,Project Management and Information Technology,,,Software Development,https://de.linkedin.com/company/neofonie,,,,,,,,,,,
linkedin,Projektleitung für Prüfstandsprojekte (m/w/d),prognum Automotive GmbH,"Stuttgart, Baden-Württemberg, Germany",2026-09-21,https://www.linkedin.com/jobs/view/4469846876 , ,li-4469846876,fulltime,,,,,,False,not applicable,Project Management and Information Technology,,,Engineering Services,https://de.linkedin.com/company/prognum-automotive,,,,,,,,,,,
linkedin,Technischer Projektleiter Marinesimulation (m/w/d),Rheinmetall,"Bremen, Bremen, Germany",2026-09-21,https://www.linkedin.com/jobs/view/4439299532 , ,li-4439299532,fulltime,,,,,,False,mid-senior level,Project Management and Information Technology,,,Defense and Space Manufacturing,https://de.linkedin.com/company/rheinmetall,,,,,,,,,,,
linkedin,Projektleiter (w/m/d) Brandschutztechnik in Berlin - Jobbird.com,Jobster,"Berlin, Berlin, Germany",2026-09-21,https://www.linkedin.com/jobs/view/4468740143 , ,li-4468740143,fulltime,,,,,,False,mid-senior level,"Design, Art/Creative, and Information Technology",,,Software Development,https://nl.linkedin.com/company/jobster-com,,,,,,,,,,,
linkedin,Projektleiter:in Elektrotechnik,HYDE Executives GmbH,,2026-09-21,https://www.linkedin.com/jobs/view/4407198739 , ,li-4407198739,fulltime,,,,,,False,associate,"Project Management, Manufacturing, and Analyst",,,"Climate Technology Product Manufacturing, Electrical Equipment Manufacturing, and Computers and Electronics Manufacturing",https://de.linkedin.com/company/hyde-executives-gmbh,,,,,,,,,,,
linkedin,Projektleiter (m/w/d) Konstruktiver Ingenieurbau,SSF Ingenieure AG,"Hamburg, Hamburg, Germany",2026-09-21,https://www.linkedin.com/jobs/view/3985112832 , ,li-3985112832,fulltime,,,,,,False,associate,"Design, Strategy/Planning, and Engineering",,,"Engineering Services, Construction, and Highway, Street, and Bridge Construction",https://de.linkedin.com/company/ssf-ingenieure-ag,,,,,,,,,,,
linkedin,Projektleiter | SF-Hochbau (m/w/d),Schrobsdorff,"Berlin, Germany",2026-09-21,https://www.linkedin.com/jobs/view/4271455795 , ,li-4271455795,fulltime,,,,,,False,mid-senior level,"Design, Art/Creative, and Information Technology",,,Construction,https://de.linkedin.com/company/schrobsdorff-gruppe,,,,,,,,,,,
linkedin,Projektleiter (w/m/d) Öffentliche Hand Landes- und Bundesbau,Drees & Sommer,"Ulm, Baden-Württemberg, Germany",2026-09-21,https://www.linkedin.com/jobs/view/4467604972 , ,li-4467604972,fulltime,,,,,,False,associate,Project Management and Engineering,,,Real Estate,https://de.linkedin.com/company/drees-&-sommer,,,,,,,,,,,
linkedin,PROJEKTLEITER (m/w/d) SCHLÜSSELFERTIGBAU,BREMER AG,"Magdeburg, Saxony-Anhalt, Germany",2026-09-21,https://www.linkedin.com/jobs/view/4037548449 , ,li-4037548449,fulltime,,,,,,False,mid-senior level,"Design, Art/Creative, and Information Technology",,,Construction,https://de.linkedin.com/company/bremer-se,,,,,,,,,,,
linkedin,Projektleiter Veranstaltungstechnik,Verantec WSYE GmbH,,2026-09-21,https://www.linkedin.com/jobs/view/4469845906 , ,li-4469845906,fulltime,,,,,,False,mid-senior level,"Design, Art/Creative, and Information Technology",,,Events Services,https://de.linkedin.com/company/verantec-wsye,,,,,,,,,,,
linkedin,(Senior) BI Projektmanager SAP (m/w/d),Manaia Consulting GmbH,"Berlin, Germany",2026-09-21,https://www.linkedin.com/jobs/view/4467375666 , ,li-4467375666,fulltime,,,,,,False,mid-senior level,Project Management and Information Technology,,,IT Services and IT Consulting,https://de.linkedin.com/company/manaia-consulting-gmbh,,,,,,,,,,,
linkedin,Projektleiter MSR (m/w/d),ENGIE Deutschland,"Cologne, North Rhine-Westphalia, Germany",2026-09-21,https://www.linkedin.com/jobs/view/4373599340 , ,li-4373599340,fulltime,,,,,,False,mid-senior level,"Design, Art/Creative, and Information Technology",,,Utilities,https://de.linkedin.com/company/engie-deutschland,,,,,,,,,,,
linkedin,Senior ERP Project Manager (m/f/d),Redcare Pharmacy,"Cologne, North Rhine-Westphalia, Germany",2026-09-21,https://www.linkedin.com/jobs/view/4467388228 , ,li-4467388228,fulltime,,,,,,True,mid-senior level,Analyst,,,Software Development and IT Services and IT Consulting,https://nl.linkedin.com/company/redcare-pharmacy-com,,,,,,,,,,,
linkedin,Projektleiter/-in Versorgungstechnik (m/w/d),ITA engineering GmbH,"Munich, Bavaria, Germany",2026-09-21,https://www.linkedin.com/jobs/view/4382834998 , ,li-4382834998,fulltime,,,,,,False,mid-senior level,"Design, Art/Creative, and Information Technology",,,Architecture and Planning,https://de.linkedin.com/company/ita-engineering-gmbh,,,,,,,,,,,
linkedin,Technischer Produktmanager für HTML5 TV Anwendungen (m/w/d/x),Deutsche Telekom,"Berlin, Germany",2026-09-20,https://www.linkedin.com/jobs/view/4455713542 , ,li-4455713542,fulltime,,,,,,False,mid-senior level,Product Management and Marketing,,,Telecommunications,https://de.linkedin.com/company/telekom,,,,,,,,,,,
linkedin,Technischer Produktmanager für HTML5 TV Anwendungen (m/w/d/x),Deutsche Telekom,"Darmstadt, Hesse, Germany",2026-09-20,https://www.linkedin.com/jobs/view/4455711554 , ,li-4455711554,fulltime,,,,,,False,mid-senior level,Product Management and Marketing,,,Telecommunications,https://de.linkedin.com/company/telekom,,,,,,,,,,,
linkedin,Technischer Produktmanager für Core TV Features (m/w/d/x),Deutsche Telekom,"Bonn, North Rhine-Westphalia, Germany",2026-09-20,https://www.linkedin.com/jobs/view/4455719458 , ,li-4455719458,fulltime,,,,,,False,mid-senior level,Product Management and Marketing,,,Telecommunications,https://de.linkedin.com/company/telekom,,,,,,,,,,,
linkedin,Project Implementation,JD.COM,"Oberhausen, North Rhine-Westphalia, Germany",2026-09-20,https://www.linkedin.com/jobs/view/4414691322 , ,li-4414691322,fulltime,,,,,,False,director,Project Management and Information Technology,,,Software Development,https://cn.linkedin.com/company/jd.com,,,,,,,,,,,
linkedin,Technischer Produktmanager für Android-Ökosystem Anwendungen (m/w/d/x),Deutsche Telekom,"Darmstadt, Hesse, Germany",2026-09-20,https://www.linkedin.com/jobs/view/4456386817 , ,li-4456386817,fulltime,,,,,,False,mid-senior level,Product Management and Marketing,,,Telecommunications,https://de.linkedin.com/company/telekom,,,,,,,,,,,
linkedin,Senior Technical Product Manager (IntelliJ Kotlin Plugin),JetBrains,"Munich, Bavaria, Germany",2026-09-20,https://www.linkedin.com/jobs/view/4413591653 , ,li-4413591653,fulltime,,,,,,True,mid-senior level,Product Management and Marketing,,,Software Development,https://nl.linkedin.com/company/jetbrains,,,,,,,,,,,
linkedin,Technischer Produktmanager für Core TV Features (m/w/d/x),Deutsche Telekom,"Darmstadt, Hesse, Germany",2026-09-20,https://www.linkedin.com/jobs/view/4455710558 , ,li-4455710558,fulltime,,,,,,False,mid-senior level,Product Management and Marketing,,,Telecommunications,https://de.linkedin.com/company/telekom,,,,,,,,,,,
linkedin,Technischer Produktmanager für Epics Discovery & Engagement (m/w/d/x),Deutsche Telekom,"Darmstadt, Hesse, Germany",2026-09-20,https://www.linkedin.com/jobs/view/4455703640 , ,li-4455703640,fulltime,,,,,,False,mid-senior level,Product Management and Marketing,,,Telecommunications,https://de.linkedin.com/company/telekom,,,,,,,,,,,
linkedin,Technischer Produktmanager für Core TV Features (m/w/d/x),Deutsche Telekom,"Berlin, Germany",2026-09-20,https://www.linkedin.com/jobs/view/4455708584 , ,li-4455708584,fulltime,,,,,,False,mid-senior level,Product Management and Marketing,,,Telecommunications,https://de.linkedin.com/company/telekom,,,,,,,,,,,
linkedin,Projektmanager mit Schwerpunkt Implementierung von innovativen Einsatzkonzepten in den Rettungsdienst (w/m/d),ADAC Luftrettung,"Wessling, Bavaria, Germany",2026-09-20,https://www.linkedin.com/jobs/view/4392928491 , ,li-4392928491,fulltime,,,,,,False,mid-senior level,Project Management and Information Technology,,,Non-profit Organizations,https://de.linkedin.com/company/adacluftrettung,,,,,,,,,,,
linkedin,Projektleiter für das technische Projektmanagement (m/w/d),Dyckerhoff,"Wiesbaden, Hesse, Germany",2026-09-20,https://www.linkedin.com/jobs/view/4421160162 , ,li-4421160162,fulltime,,,,,,False,mid-senior level,"Design, Art/Creative, and Information Technology",,,Wholesale Building Materials,https://de.linkedin.com/company/dyckerhoff-gmbh,,,,,,,,,,,
linkedin,Technischer Produktmanager für Epics Discovery & Engagement (m/w/d/x),Deutsche Telekom,"Berlin, Germany",2026-09-20,https://www.linkedin.com/jobs/view/4455704619 , ,li-4455704619,fulltime,,,,,,False,mid-senior level,Product Management and Marketing,,,Telecommunications,https://de.linkedin.com/company/telekom,,,,,,,,,,,
linkedin,Projektleiter Geotechnik (m/w/d),GTU Mobility GmbH & Co. KG,"Frankfurt, Hesse, Germany",2026-09-20,https://www.linkedin.com/jobs/view/4268608500 , ,li-4268608500,fulltime,,,,,,False,mid-senior level,"Design, Art/Creative, and Information Technology",,,Construction,https://de.linkedin.com/company/gtu-mobility-gmbh-&-co.-kg,,,,,,,,,,,
linkedin,Technischer Produktmanager für HTML5 TV Anwendungen (m/w/d/x),Deutsche Telekom,"Bonn, North Rhine-Westphalia, Germany",2026-09-20,https://www.linkedin.com/jobs/view/4455703639 , ,li-4455703639,fulltime,,,,,,False,mid-senior level,Product Management and Marketing,,,Telecommunications,https://de.linkedin.com/company/telekom,,,,,,,,,,,
linkedin,Projektleiter Objektüberwachung (m/w/d) Hochbau,ATP architects engineers,"Frankfurt am Main, Hesse, Germany",2026-09-20,https://www.linkedin.com/jobs/view/4373005888 , ,li-4373005888,fulltime,,,,,,False,mid-senior level,"Design, Art/Creative, and Information Technology",,,Architecture and Planning,https://at.linkedin.com/company/atp-architekten-ingenieure,,,,,,,,,,,
linkedin,"Projektleiter Entwicklungsprojekte, all genders",SALT AND PEPPER Group,"Bremen, Bremen, Germany",2026-09-20,https://www.linkedin.com/jobs/view/3983902128 , ,li-3983902128,fulltime,,,,,,False,mid-senior level,"Design, Art/Creative, and Information Technology",,,Engineering Services,https://de.linkedin.com/company/salt-and-pepper,,,,,,,,,,,
linkedin,Projektleiter Hochbau (m/w/d),P&P Group,"Nuremberg, Bavaria, Germany",2026-09-20,https://www.linkedin.com/jobs/view/4467330916 , ,li-4467330916,fulltime,,,,,,False,mid-senior level,Engineering,,,Real Estate,https://de.linkedin.com/company/p&p-gruppe,,,,,,,,,,,
linkedin,Project Leader,Forward Strategy,"Berlin, Berlin, Germany",2026-09-20,https://www.linkedin.com/jobs/view/4467300404 , ,li-4467300404,fulltime,,,,,,True,director,Management,,,Professional Services,https://de.linkedin.com/company/forward-strategy-consulting,,,,,,,,,,,
linkedin,SAP VIM Manager (m/w/d),Deloitte,"Stuttgart, Baden-Württemberg, Germany",2026-09-20,https://www.linkedin.com/jobs/view/4243058995 , ,li-4243058995,fulltime,,,,,,True,mid-senior level,Consulting and Information Technology,,career@deloitte.de,Business Consulting and Services,https://www.linkedin.com/company/deloitte,,,,,,,,,,,
linkedin,"Projektleiter Entwicklungsprojekte, all genders",SALT AND PEPPER Group,"Kassel, Hesse, Germany",2026-09-20,https://www.linkedin.com/jobs/view/4432653472 , ,li-4432653472,fulltime,,,,,,False,mid-senior level,"Design, Art/Creative, and Information Technology",,,Engineering Services,https://de.linkedin.com/company/salt-and-pepper,,,,,,,,,,,
linkedin,Technischer Produktmanager für Epics Discovery & Engagement (m/w/d/x),Deutsche Telekom,"Bonn, North Rhine-Westphalia, Germany",2026-09-20,https://www.linkedin.com/jobs/view/4455716557 , ,li-4455716557,fulltime,,,,,,False,mid-senior level,Product Management and Marketing,,,Telecommunications,https://de.linkedin.com/company/telekom,,,,,,,,,,,
linkedin,Projektleitung (m/w/d),Bundesdruckerei-Gruppe,"Berlin, Germany",2026-09-19,https://www.linkedin.com/jobs/view/4469285525 , ,li-4469285525,fulltime,,,,,,False,director,Project Management and Information Technology,,,IT Services and IT Consulting,https://de.linkedin.com/company/bundesdruckerei,,,,,,,,,,,
linkedin,Projektleiter m/w/x,SYSTAG GmbH,"Metzingen, Baden-Württemberg, Germany",2026-09-19,https://www.linkedin.com/jobs/view/4466973777 , ,li-4466973777,fulltime,,,,,,False,mid-senior level,Information Technology,,,IT Services and IT Consulting,https://de.linkedin.com/company/systag-gmbh,,,,,,,,,,,
linkedin,"Projektleiter Fassadentechnik (m/w/d) - Göttingen (Göttingen, DE, 37079)",Implenia,"Göttingen, Lower Saxony, Germany",2026-09-19,https://www.linkedin.com/jobs/view/4191886057 , ,li-4191886057,fulltime,,,,,,False,mid-senior level,"Design, Art/Creative, and Information Technology",,roza.soeylemez@implenia.com,Construction,https://ch.linkedin.com/company/implenia,,,,,,,,,,,
linkedin,"Projektleiter (m/w/d) im Spezialtiefbau (Raunheim, DE, 65479)",Implenia,"Raunheim, Hesse, Germany",2026-09-19,https://www.linkedin.com/jobs/view/4392850435 , ,li-4392850435,fulltime,,,,,,False,mid-senior level,"Design, Art/Creative, and Information Technology",,julia.ernst@implenia.com,Construction,https://ch.linkedin.com/company/implenia,,,,,,,,,,,
linkedin,Bau- und Projektleiter (m/w/d) für Hamburg,Dirk Rossmann GmbH,"Hamburg, Germany",2026-09-19,https://www.linkedin.com/jobs/view/4441950524 , ,li-4441950524,fulltime,,,,,,False,associate,Project Management and Information Technology,,,Retail and Construction,https://de.linkedin.com/company/dirk-rossmann-gmbh,,,,,,,,,,,
linkedin,Projektleitung (all genders),adesso SE,"Coblenz, Rhineland-Palatinate, Germany",2026-09-19,https://www.linkedin.com/jobs/view/3773541797 , ,li-3773541797,fulltime,,,,,,False,director,Project Management and Information Technology,,,IT Services and IT Consulting,https://de.linkedin.com/company/adesso-se,,,,,,,,,,,
linkedin,Product Manager (f/m/d) - FinTech for Social Care,Parto,"Hamburg, Hamburg, Germany",2026-09-19,https://www.linkedin.com/jobs/view/4461972913 , ,li-4461972913,fulltime,,,,,,True,associate,Product Management,,,Software Development,https://de.linkedin.com/company/goparto,,,,,,,,,,,
linkedin,Projektleiter:in im Portfolio,Deutsche Bahn,"Berlin, Berlin, Germany",2026-09-19,https://www.linkedin.com/jobs/view/4469508103 , ,li-4469508103,fulltime,,,,,,False,mid-senior level,Other,,,Truck Transportation,https://de.linkedin.com/company/deutschebahn,,,,,,,,,,,
linkedin,SHK Projektleiter (m/w/d),Aira,"Glauchau, Saxony, Germany",2026-09-19,https://www.linkedin.com/jobs/view/4319550343 , ,li-4319550343,fulltime,,,,,,False,mid-senior level,"Design, Art/Creative, and Information Technology",,,Services for Renewable Energy,https://se.linkedin.com/company/airahome,,,,,,,,,,,
linkedin,Projektmanager Transformation & Industrialisierung (m/w/d),Airbus Aircraft,"Nordenham, Lower Saxony, Germany",2026-09-19,https://www.linkedin.com/jobs/view/4466947089 , ,li-4466947089,fulltime,,,,,,False,mid-senior level,Project Management and Information Technology,,emsom@airbus.com,Aviation and Aerospace Component Manufacturing,https://fr.linkedin.com/company/airbus,,,,,,,,,,,
linkedin,Senior Technical Product Manager (IntelliJ Kotlin Plugin),JetBrains,"Berlin, Berlin, Germany",2026-09-19,https://www.linkedin.com/jobs/view/4413584887 , ,li-4413584887,fulltime,,,,,,True,mid-senior level,Product Management and Marketing,,,Software Development,https://nl.linkedin.com/company/jetbrains,,,,,,,,,,,
linkedin,SAP VIM Manager (m/w/d) in Hamburg,Deloitte,"Hamburg, Hamburg, Germany",2026-09-19,https://www.linkedin.com/jobs/view/4268622617 , ,li-4268622617,fulltime,,,,,,True,mid-senior level,Consulting and Information Technology,,career@deloitte.de,Business Consulting and Services,https://www.linkedin.com/company/deloitte,,,,,,,,,,,
linkedin,Senior Product Manager (f/m/x),Alago,"Munich, Bavaria, Germany",2026-09-19,https://www.linkedin.com/jobs/view/4466981221 , ,li-4466981221,fulltime,,,,,,False,director,Product Management,,,Software Development,https://de.linkedin.com/company/alago-ai,,,,,,,,,,,
linkedin,Global Product Manager (m/w/d) für Service und Digital Solutions,Syntegon,"Fellbach, Baden-Württemberg, Germany",2026-09-19,https://www.linkedin.com/jobs/view/4440256030 , ,li-4440256030,fulltime,,,,,,False,associate,Product Management and Marketing,,,Automation Machinery Manufacturing,https://de.linkedin.com/company/syntegon,,,,,,,,,,,
linkedin,Produkt Manager (m/w/d) Vollzeit / unbefristet,Verbatim EMEA,"Eschborn, Hesse, Germany",2026-09-19,https://www.linkedin.com/jobs/view/4450230743 , ,li-4450230743,fulltime,,,,,,False,mid-senior level,Product Management and Marketing,,,Computer Hardware Manufacturing,https://de.linkedin.com/company/verbatim-emea,,,,,,,,,,,
linkedin,"Senior Product Manager, Marketplace Balancing",Bolt,"Berlin, Berlin, Germany",2026-09-19,https://www.linkedin.com/jobs/view/4458961972 , ,li-4458961972,fulltime,,,,,,False,mid-senior level,Product Management and Marketing,,,Software Development,https://ee.linkedin.com/company/bolt-eu,,,,,,,,,,,
linkedin,Projektmanager Immobilien (w/m/d),ADAC,"Bremen, Bremen, Germany",2026-09-19,https://www.linkedin.com/jobs/view/4441482803 , ,li-4441482803,fulltime,,,,,,False,mid-senior level,Project Management and Information Technology,,,Consumer Services,https://de.linkedin.com/company/adac,,,,,,,,,,,
linkedin,Projektleiter (m/w/d) Technische Gebäudeausrüstung,Riedel Bau Firmengruppe,"Erfurt, Thuringia, Germany",2026-09-19,https://www.linkedin.com/jobs/view/4466997033 , ,li-4466997033,fulltime,,,,,,False,associate,Project Management,,,Business Consulting and Services,https://de.linkedin.com/company/riedelbau,,,,,,,,,,,
linkedin,Senior Project Manager (MCF/ Data Centres),Haskoning,"Frankfurt am Main, Hesse, Germany",2026-09-19,https://www.linkedin.com/jobs/view/4458431227 , ,li-4458431227,fulltime,,,,,,False,mid-senior level,Project Management and Information Technology,,christian.de.visser@haskoning.com,Civil Engineering,https://nl.linkedin.com/company/haskoning,,,,,,,,,,,
linkedin,Projektleiter Bau (m/w/d) - München,Reneo,"Munich, Bavaria, Germany",2026-09-19,https://www.linkedin.com/jobs/view/4403958950 , ,li-4403958950,fulltime,,,,,,False,mid-senior level,"Design, Art/Creative, and Information Technology",,,Real Estate,https://de.linkedin.com/company/reneo-group-gmbh,,,,,,,,,,,
linkedin,Technischer Projektleiter für Automotive Data Connector (m/w/d),Rosenberger Group,"Fridolfing, Bavaria, Germany",2026-09-19,https://www.linkedin.com/jobs/view/4338869624 , ,li-4338869624,fulltime,,,,,,False,entry level,"Project Management, Product Management, and Engineering",,,"Appliances, Electrical, and Electronics Manufacturing, Motor Vehicle Manufacturing, and Telecommunications",https://de.linkedin.com/company/rosenberger-group,,,,,,,,,,,
linkedin,"Projektleiter Kältetechnik (m/w/d), Großraum Bayern",Kaufland,"Munich, Bavaria, Germany",2026-09-19,https://www.linkedin.com/jobs/view/4446675844 , ,li-4446675844,fulltime,,,,,,True,entry level,"Project Management, Administrative, and Engineering",,,Retail,https://de.linkedin.com/company/kaufland-deutschland,,,,,,,,,,,
linkedin,Projektleitung (x) Owner Energieprojekte,Greenflash,"Essen, North Rhine-Westphalia, Germany",2026-09-19,https://www.linkedin.com/jobs/view/4321830331 , ,li-4321830331,fulltime,,,,,,False,mid-senior level,Project Management and Information Technology,,,Services for Renewable Energy,https://de.linkedin.com/company/greenflash-gmbh,,,,,,,,,,,
linkedin,(Senior) Digital Produktmanager (m/w/d) TaxTech,CHECK24,"Dortmund, North Rhine-Westphalia, Germany",2026-09-18,https://www.linkedin.com/jobs/view/4422342699 , ,li-4422342699,fulltime,,,,,,False,mid-senior level,Product Management and Marketing,,,Software Development,https://de.linkedin.com/company/check24-vergleichsportal-gmbh,,,,,,,,,,,
linkedin,Product Manager Large Scale Electrolyzer (f/m/d),Quest One,"Augsburg, Bavaria, Germany",2026-09-18,https://www.linkedin.com/jobs/view/4422827589 , ,li-4422827589,fulltime,,,,,,False,mid-senior level,Product Management and Marketing,,,Renewable Energy Equipment Manufacturing,https://de.linkedin.com/company/questone1,,,,,,,,,,,
linkedin,Product Manager Surgical Meshes (m/w/d),pfm medical,"Cologne, North Rhine-Westphalia, Germany",2026-09-18,https://www.linkedin.com/jobs/view/4467828934 , ,li-4467828934,fulltime,,,,,,False,mid-senior level,Sales,,,Retail,https://de.linkedin.com/company/pfmmedical,,,,,,,,,,,
linkedin,Senior Global Product Manager,Wavin,,2026-09-18,https://www.linkedin.com/jobs/view/4469142292 , ,li-4469142292,fulltime,,,,,,False,mid-senior level,"Product Management, Project Management, and Strategy/Planning",,,Manufacturing and Plastics Manufacturing,https://nl.linkedin.com/company/wavin,,,,,,,,,,,
linkedin,Produktmanager*in (m/w/d),ENQT,"Hamburg, Hamburg, Germany",2026-09-18,https://www.linkedin.com/jobs/view/4467871400 , ,li-4467871400,fulltime,,,,,,False,mid-senior level,Management,,,Telecommunications,https://de.linkedin.com/company/enqt-gmbh,,,,,,,,,,,
linkedin,Technical Product Lead - AI Finance App,Doit,,2026-09-18,https://www.linkedin.com/jobs/view/4466657541 , ,li-4466657541,fulltime,,,,,,True,entry level,,,,Software Development,https://my.linkedin.com/company/doit-official,,,,,,,,,,,
linkedin,Technical Product Lead - AI Neobank App,Doit,,2026-09-18,https://www.linkedin.com/jobs/view/4466644907 , ,li-4466644907,fulltime,,,,,,True,entry level,,,,Software Development,https://my.linkedin.com/company/doit-official,,,,,,,,,,,
linkedin,Projektleiter (m/w/d) Systembau Nord,Firmengruppe Max Bögl,"Liebenau, Lower Saxony, Germany",2026-09-18,https://www.linkedin.com/jobs/view/4444956106 , ,li-4444956106,fulltime,,,,,,False,associate,Project Management and Engineering,,,Construction,https://de.linkedin.com/company/firmengruppe-max-b%C3%B6gl,,,,,,,,,,,
linkedin,IT Projektleiter (m/w/d),Dirk Rossmann GmbH,"Burgwedel, Lower Saxony, Germany",2026-09-18,https://www.linkedin.com/jobs/view/4460316396 , ,li-4460316396,fulltime,,,,,,False,mid-senior level,Information Technology,,,Retail,https://de.linkedin.com/company/dirk-rossmann-gmbh,,,,,,,,,,,
linkedin,Projektmanager (w/m/d) Air-Insulated Switchgear (AIS) / Transformatoren,Siemens Energy,"Berlin, Berlin, Germany",2026-09-18,https://www.linkedin.com/jobs/view/4467873947 , ,li-4467873947,fulltime,,,,,,True,mid-senior level,Project Management,,,"Appliances, Electrical, and Electronics Manufacturing",https://www.linkedin.com/company/siemens-energy,,,,,,,,,,,
linkedin,Projektleiter (m/w/d) im Bereich komplexer Infrastrukturprojekte Hochbau und Schiene (787),Vössing Ingenieurgesellschaft mbH,,2026-09-18,https://www.linkedin.com/jobs/view/4469120879 , ,li-4469120879,fulltime,,,,,,False,associate,Engineering and Project Management,,,Engineering Services,https://de.linkedin.com/company/voessing,,,,,,,,,,,
linkedin,(Junior) Projektleiter (m/w/d)* Schlüsselfertigbau,Cobalt Deutschland GmbH,"Mülheim an der Ruhr, North Rhine-Westphalia, Germany",2026-09-18,https://www.linkedin.com/jobs/view/4469185273 , ,li-4469185273,fulltime,,,,,,False,associate,Engineering,,,Construction,https://de.linkedin.com/company/cobalt-deutschland,,,,,,,,,,,
linkedin,Projektmanager (w/m/d) Air-Insulated Switchgear (AIS) / Transformatoren,Siemens Energy,"Erlangen, Bavaria, Germany",2026-09-18,https://www.linkedin.com/jobs/view/4467894017 , ,li-4467894017,fulltime,,,,,,True,mid-senior level,Project Management,,,"Appliances, Electrical, and Electronics Manufacturing",https://www.linkedin.com/company/siemens-energy,,,,,,,,,,,
linkedin,Projektmanager (m/w/d) im Bereich Verkehrsinfrastruktur (501),Vössing Ingenieurgesellschaft mbH,"Frankfurt, Hesse, Germany",2026-09-18,https://www.linkedin.com/jobs/view/4469133612 , ,li-4469133612,fulltime,,,,,,False,associate,Engineering and Project Management,,,Engineering Services,https://de.linkedin.com/company/voessing,,,,,,,,,,,
linkedin,Senior Project Manager (m/f/d) - Data Centre Construction,Linesight,"Frankfurt am Main, Hesse, Germany",2026-09-18,https://www.linkedin.com/jobs/view/4413577550 , ,li-4413577550,fulltime,,,,,,False,mid-senior level,Consulting,,,Construction,https://ie.linkedin.com/company/linesight,,,,,,,,,,,
linkedin,Projektleiter (m/w/d) im Bereich Gebäudetechnik,Stingl GmbH,"Munich, Bavaria, Germany",2026-09-18,https://www.linkedin.com/jobs/view/4469142611 , ,li-4469142611,fulltime,,,,,,False,not applicable,"Design, Art/Creative, and Information Technology",,,Construction,https://de.linkedin.com/company/stingl-online,,,,,,,,,,,
linkedin,Projektleiter im Bereich Heiztechnik für das Bauprojektmanagement - München (m/w/d),Vonovia,"Munich, Bavaria, Germany",2026-09-18,https://www.linkedin.com/jobs/view/4469215058 , ,li-4469215058,fulltime,,,,,,False,mid-senior level,"Design, Art/Creative, and Information Technology",,,Real Estate,https://de.linkedin.com/company/vonovia,,,,,,,,,,,
linkedin,Projektleiter HKLS Berlin (m/w/d),ROCKSOLID Personalvermittlung GmbH,"Berlin, Berlin, Germany",2026-09-18,https://www.linkedin.com/jobs/view/4466657860 , ,li-4466657860,fulltime,,,,,,False,mid-senior level,"Design, Art/Creative, and Information Technology",,,Staffing and Recruiting,https://de.linkedin.com/company/rocksolid-personalvermittlung,,,,,,,,,,,
linkedin,Rockwell PharmaSuite MES Project Manager (all genders),Accenture DACH,"Kronberg, Hesse, Germany",2026-09-18,https://www.linkedin.com/jobs/view/4328019685 , ,li-4328019685,fulltime,,,,,,False,mid-senior level,Project Management and Information Technology,,asg.recruiting.sx@accenture.com,IT Services and IT Consulting,https://de.linkedin.com/company/accenture-dach,,,,,,,,,,,
linkedin,Projektleiter (Senior) Breitband / FTTx (m/w/d),prettyTELCO,"Ulm, Baden-Württemberg, Germany",2026-09-18,https://www.linkedin.com/jobs/view/4466686321 , ,li-4466686321,fulltime,,,,,,False,mid-senior level,Manufacturing,,,Staffing and Recruiting,https://de.linkedin.com/company/prettytelco,,,,,,,,,,,
linkedin,#KRA2607 | Ingenieur*in / Architekt*in (m/w/d) im Bauprojektmanagement,THOST Projektmanagement GmbH,"Munich, Bavaria, Germany",2026-09-18,https://www.linkedin.com/jobs/view/3955553881 , ,li-3955553881,fulltime,,,,,,False,mid-senior level,"Design, Art/Creative, and Information Technology",,karriere@thost.de,Engineering Services,https://de.linkedin.com/company/thost-projektmanagement-gmbh,,,,,,,,,,,
linkedin,Project Manager,Mercury,"Frankfurt, Hesse, Germany",2026-09-18,https://www.linkedin.com/jobs/view/4319882513 , ,li-4319882513,fulltime,,,,,,False,mid-senior level,Project Management and Information Technology,,,Construction,https://ie.linkedin.com/company/mercury-engineering,,,,,,,,,,,
linkedin,Projektsteuerer / Projektmanager (m/w/d) Infrastrukturprojekte,Vössing Ingenieurgesellschaft mbH,"Duisburg, North Rhine-Westphalia, Germany",2026-09-18,https://www.linkedin.com/jobs/view/4469137680 , ,li-4469137680,fulltime,,,,,,False,associate,Engineering,,,Engineering Services,https://de.linkedin.com/company/voessing,,,,,,,,,,,
linkedin,IPT Manager (m/w/d) Projektmanager Schiffbau,Atlas Titan,"Kiel, Schleswig-Holstein, Germany",2026-09-18,https://www.linkedin.com/jobs/view/4457793951 , ,li-4457793951,fulltime,,,,,,False,mid-senior level,Project Management and Information Technology,,,Business Consulting and Services,https://de.linkedin.com/company/atlas-titan,,,,,,,,,,,
linkedin,Senior Engineering Project Manager (m/w/d),Idealworks,"Munich, Bavaria, Germany",2026-09-18,https://www.linkedin.com/jobs/view/4466667887 , ,li-4466667887,fulltime,,,,,,False,associate,Project Management,,,Telecommunications,https://de.linkedin.com/company/idealworks-gmbh,,,,,,,,,,,
linkedin,Mechanical Project Manager,Mercury,"Munich, Bavaria, Germany",2026-09-18,https://www.linkedin.com/jobs/view/4424254771 , ,li-4424254771,fulltime,,,,,,False,mid-senior level,Project Management and Information Technology,,,Construction,https://ie.linkedin.com/company/mercury-engineering,,,,,,,,,,,
linkedin,Projektleiter für das Bauprojektmanagement Modernisierung - München (m/w/d),Vonovia,"Munich, Bavaria, Germany",2026-09-18,https://www.linkedin.com/jobs/view/4469154252 , ,li-4469154252,fulltime,,,,,,False,mid-senior level,"Design, Art/Creative, and Information Technology",,,Real Estate,https://de.linkedin.com/company/vonovia,,,,,,,,,,,
linkedin,Projektleitung Industrialisierung (m/w/d),Mubea,"Schwerin, Mecklenburg-West Pomerania, Germany",2026-09-18,https://www.linkedin.com/jobs/view/4448740842 , ,li-4448740842,fulltime,,,,,,False,associate,Project Management and Information Technology,,,Motor Vehicle Manufacturing,https://de.linkedin.com/company/mubea,,,,,,,,,,,
linkedin,"Projektleiter HLS (m/w/d) Leipzig (Leipzig, DE)",Implenia,"Leipzig, Saxony, Germany",2026-09-18,https://www.linkedin.com/jobs/view/4431844850 , ,li-4431844850,fulltime,,,,,,False,mid-senior level,"Design, Art/Creative, and Information Technology",,morten.schmalz@implenia.com,Construction,https://ch.linkedin.com/company/implenia,,,,,,,,,,,
linkedin,Teamleiter:in IT,onOffice GmbH,"Aachen, North Rhine-Westphalia, Germany",2026-09-18,https://www.linkedin.com/jobs/view/4466690440 , ,li-4466690440,fulltime,,,,,,False,associate,Strategy/Planning and Information Technology,,,"IT Services and IT Consulting, Software Development, and IT System Data Services",https://de.linkedin.com/company/onoffice-software-gmbh,,,,,,,,,,,
linkedin,Projektsteuerer / Projektmanager (m/w/d) im Bereich Verkehrsinfrastruktur (711),Vössing Ingenieurgesellschaft mbH,"Duisburg, North Rhine-Westphalia, Germany",2026-09-18,https://www.linkedin.com/jobs/view/4469126827 , ,li-4469126827,fulltime,,,,,,False,associate,Engineering and Project Management,,,Engineering Services,https://de.linkedin.com/company/voessing,,,,,,,,,,,
linkedin,Senior Project Manager,Mace,"Frankfurt, Hesse, Germany",2026-09-18,https://www.linkedin.com/jobs/view/4435811910 , ,li-4435811910,fulltime,,,,,,False,not applicable,Project Management and Information Technology,,,"Construction, Civil Engineering, and Architecture and Planning",https://uk.linkedin.com/company/mace-group,,,,,,,,,,,
linkedin,Projektleitung (all genders),adesso SE,"Nuremberg, Bavaria, Germany",2026-09-18,https://www.linkedin.com/jobs/view/3961460991 , ,li-3961460991,fulltime,,,,,,False,director,Project Management and Information Technology,,,IT Services and IT Consulting,https://de.linkedin.com/company/adesso-se,,,,,,,,,,,
linkedin,Projektleiter Bau (m/w/d),Heinrich Schmid,"Ulm, Baden-Württemberg, Germany",2026-09-18,https://www.linkedin.com/jobs/view/4467840522 , ,li-4467840522,fulltime,,,,,,False,entry level,Other,,,Retail,https://www.linkedin.com/company/heinrichschmid,,,,,,,,,,,
linkedin,Projektleiter Trockenbau (m/w/d),svt Group of Companies,"Dinslaken, North Rhine-Westphalia, Germany",2026-09-18,https://www.linkedin.com/jobs/view/4441966431 , ,li-4441966431,fulltime,,,,,,False,mid-senior level,Management and Manufacturing,,,Construction,https://de.linkedin.com/company/svt-group-of-companies,,,,,,,,,,,
linkedin,Senior Project Manager,PM Group,"Frankfurt, Hesse, Germany",2026-09-18,https://www.linkedin.com/jobs/view/4148961441 , ,li-4148961441,fulltime,,,,,,False,not applicable,"Design, Consulting, and Engineering",,,"Design Services, Construction, and Business Consulting and Services",https://ie.linkedin.com/company/pm-group_165501,,,,,,,,,,,
linkedin,Projektleiter:in für die Reaktivierung der Horlofftalbahn,Deutsche Bahn,"Frankfurt am Main, Hesse, Germany",2026-09-18,https://www.linkedin.com/jobs/view/4460177429 , ,li-4460177429,fulltime,,,,,,False,mid-senior level,"Design, Art/Creative, and Information Technology",,,Truck Transportation,https://de.linkedin.com/company/deutschebahn,,,,,,,,,,,
linkedin,Projektleitung (all genders),adesso SE,"Berlin, Berlin, Germany",2026-09-18,https://www.linkedin.com/jobs/view/3925555607 , ,li-3925555607,fulltime,,,,,,False,director,Project Management and Information Technology,,,IT Services and IT Consulting,https://de.linkedin.com/company/adesso-se,,,,,,,,,,,
linkedin,Projektleiter (m/w/d) Gefahrenmeldetechnik,KSK-Real Estate Management GmbH,"Sankt Augustin, North Rhine-Westphalia, Germany",2026-09-18,https://www.linkedin.com/jobs/view/4469276057 , ,li-4469276057,fulltime,,,,,,False,mid-senior level,Engineering,,,Real Estate,https://de.linkedin.com/company/ksk-real-estate-management-gmbh,,,,,,,,,,,
linkedin,Marketing Projektleitung (gn),Remmers Gruppe,"Löningen, Lower Saxony, Germany",2026-09-18,https://www.linkedin.com/jobs/view/4469243181 , ,li-4469243181,fulltime,,,,,,False,mid-senior level,Project Management and Information Technology,,,Building Materials,https://de.linkedin.com/company/remmers-gruppe,,,,,,,,,,,
linkedin,Technical Product Owner (f/m/d) – Software & Full Stack Applications,smartclip,"Berlin, Germany",2026-09-18,https://www.linkedin.com/jobs/view/4460352017 , ,li-4460352017,fulltime,,,,,,True,mid-senior level,Information Technology,,,"Technology, Information and Internet, IT Services and IT Consulting, and Technology, Information and Media",https://de.linkedin.com/company/smartclip,,,,,,,,,,,
linkedin,Projektleiter Bau- und Infrastrukturprojekte (all gender),ALTEN,"Erlangen, Bavaria, Germany",2026-09-18,https://www.linkedin.com/jobs/view/4438082756 , ,li-4438082756,fulltime,,,,,,False,associate,Engineering,,,Engineering Services,https://fr.linkedin.com/company/alten,,,,,,,,,,,
linkedin,Senior Projektmanager (m/w/d/x) SAP HCM Transformation,T-Systems International,"Aachen, North Rhine-Westphalia, Germany",2026-09-18,https://www.linkedin.com/jobs/view/4453144975 , ,li-4453144975,fulltime,,,,,,False,mid-senior level,Project Management and Information Technology,,,Telecommunications,https://de.linkedin.com/company/t-systems,,,,,,,,,,,
linkedin,Senior Projektmanager (m/w/d/x) SAP HCM Transformation,T-Systems International,"Frankfurt am Main, Hesse, Germany",2026-09-18,https://www.linkedin.com/jobs/view/4453165008 , ,li-4453165008,fulltime,,,,,,False,mid-senior level,Project Management and Information Technology,,,Telecommunications,https://de.linkedin.com/company/t-systems,,,,,,,,,,,
linkedin,Projektleiter Bau (m/w/d),Heinrich Schmid,"Biberach an der Riß, Baden-Württemberg, Germany",2026-09-18,https://www.linkedin.com/jobs/view/4467853230 , ,li-4467853230,fulltime,,,,,,False,entry level,Other,,,Retail,https://www.linkedin.com/company/heinrichschmid,,,,,,,,,,,
linkedin,Projektmanager im Pharmaumfeld m/w/d,Rommelag,"Abtsgmünd, Baden-Württemberg, Germany",2026-09-18,https://www.linkedin.com/jobs/view/4469104449 , ,li-4469104449,fulltime,,,,,,False,associate,Engineering,,,Biotechnology Research,https://de.linkedin.com/company/rommelag,,,,,,,,,,,
linkedin,Senior Projektmanager (m/w/d/x) SAP HCM Transformation,T-Systems International,"Hamburg, Hamburg, Germany",2026-09-18,https://www.linkedin.com/jobs/view/4453141987 , ,li-4453141987,fulltime,,,,,,False,mid-senior level,Project Management and Information Technology,,,Telecommunications,https://de.linkedin.com/company/t-systems,,,,,,,,,,,
linkedin,Projektleitung (all genders),adesso SE,"Düsseldorf, North Rhine-Westphalia, Germany",2026-09-18,https://www.linkedin.com/jobs/view/3925554661 , ,li-3925554661,fulltime,,,,,,False,director,Project Management and Information Technology,,,IT Services and IT Consulting,https://de.linkedin.com/company/adesso-se,,,,,,,,,,,
linkedin,Projektleitung (all genders),adesso SE,"Karlsruhe, Baden-Württemberg, Germany",2026-09-18,https://www.linkedin.com/jobs/view/3733039799 , ,li-3733039799,fulltime,,,,,,False,director,Project Management and Information Technology,,,IT Services and IT Consulting,https://de.linkedin.com/company/adesso-se,,,,,,,,,,,
linkedin,Senior Projektmanager PMO - Indirekter Einkauf Würth-Gruppe (m/w/d),Würth Deutschland,"Künzelsau, Baden-Württemberg, Germany",2026-09-17,https://www.linkedin.com/jobs/view/4458389014 , ,li-4458389014,fulltime,,,,,,False,mid-senior level,Project Management and Information Technology,,,Wholesale,https://de.linkedin.com/company/wuerth-germany,,,,,,,,,,,
linkedin,Projektleiter (m/w/d) mit Qualitätsplanungskenntnissen,metz group,"Kümmersbruck, Bavaria, Germany",2026-09-17,https://www.linkedin.com/jobs/view/4466637113 , ,li-4466637113,fulltime,,,,,,False,mid-senior level,"Design, Art/Creative, and Information Technology",,,Machinery Manufacturing,https://de.linkedin.com/company/metz-group-gmbh,,,,,,,,,,,
linkedin,Projektleitung für Elektrotechnik (m/w/d),Johannes Merz GmbH,"Spires, Rhineland-Palatinate, Germany",2026-09-17,https://www.linkedin.com/jobs/view/4466613999 , ,li-4466613999,fulltime,,,,,,False,associate,Engineering,,,IT Services and IT Consulting,https://www.linkedin.com/company/johannes-merz-gmbh,,,,,,,,,,,
linkedin,EM Project Leader,Corning Incorporated,"Hagen, North Rhine-Westphalia, Germany",2026-09-17,https://www.linkedin.com/jobs/view/4466621371 , ,li-4466621371,fulltime,,,,,,True,mid-senior level,Project Management and Information Technology,,accommodations@corning.com,"Glass, Ceramics and Concrete Manufacturing",https://www.linkedin.com/company/corning-incorporated,,,,,,,,,,,
linkedin,Projectmanager Industrial Projects (m/w/d),Elis Germany & Austria,"Dresden, Saxony, Germany",,https://www.linkedin.com/jobs/view/4470002333 , ,li-4470002333,fulltime,,,,,,False,mid-senior level,Management,,,Retail,https://de.linkedin.com/company/elis-deutschland-sterreich,,,,,,,,,,,
linkedin,Projektmanager Baulogistik (m/w/d),Zeppelin Rental GmbH,"Unterschleißheim, Bavaria, Germany",,https://www.linkedin.com/jobs/view/4206220459 , ,li-4206220459,fulltime,,,,,,False,mid-senior level,Project Management and Information Technology,,,Construction,https://de.linkedin.com/company/zeppelinrental,,,,,,,,,,,
linkedin,Projektmanager (m/w/d) TGA HKLS,DIS AG,"Düsseldorf, North Rhine-Westphalia, Germany",,https://www.linkedin.com/jobs/view/4459960225 , ,li-4459960225,fulltime,,,,,,False,mid-senior level,Management and Manufacturing,,,Construction,https://de.linkedin.com/company/dis-ag,,,,,,,,,,,
linkedin,Project Manager (gn),Instaffo,"Dresden, Saxony, Germany",,https://www.linkedin.com/jobs/view/4471604176 , ,li-4471604176,fulltime,,,,,,False,mid-senior level,Project Management and Management,,,Staffing and Recruiting,https://de.linkedin.com/company/instaffo-gmbh,,,,,,,,,,,
linkedin,Senior Project Manager (m/w/d) für komplexe Software- & Digitalisierungsprojekte,Bundesdruckerei-Gruppe,"Berlin, Germany",,https://www.linkedin.com/jobs/view/4471116178 , ,li-4471116178,fulltime,,,,,,False,mid-senior level,Project Management and Information Technology,,,IT Services and IT Consulting,https://de.linkedin.com/company/bundesdruckerei,,,,,,,,,,,
linkedin,IT Project Manager (w/m/d),1&1,"Frankfurt, Hesse, Germany",,https://www.linkedin.com/jobs/view/4469682521 , ,li-4469682521,fulltime,,,,,,False,mid-senior level,Information Technology and Project Management,,,Telecommunications,https://de.linkedin.com/company/1und1de,,,,,,,,,,,
linkedin,Projektleiter (m/w/d) Rohbau | Schlüsselfertigbau | Holzhybridbau,OTTO WULFF,"Hamburg, Hamburg, Germany",,https://www.linkedin.com/jobs/view/4469672347 , ,li-4469672347,fulltime,,,,,,False,associate,Management,,,Construction,https://de.linkedin.com/company/otto_wulff,,,,,,,,,,,
linkedin,#BN2602 | Projektmanager*in (m/w/d) in Bahn-Großprojekten,THOST Projektmanagement GmbH,"Karlsruhe, Baden-Württemberg, Germany",,https://www.linkedin.com/jobs/view/4243616462 , ,li-4243616462,fulltime,,,,,,False,mid-senior level,Project Management and Information Technology,,karriere@thost.de,Engineering Services,https://de.linkedin.com/company/thost-projektmanagement-gmbh,,,,,,,,,,,
linkedin,Projektmanager (m/w/d),Guldberg GmbH,"Bremen, Germany",,https://www.linkedin.com/jobs/view/4469728397 , ,li-4469728397,fulltime,,,,,,False,associate,,,,IT Services and IT Consulting,https://de.linkedin.com/company/guldberggmbh,,,,,,,,,,,
linkedin,"Technischer Projektmanager Innendienst - Wärmepumpen (m/w/d), auch Quereinsteiger",Galvanek Energiesysteme,"Nuremberg, Bavaria, Germany",,https://www.linkedin.com/jobs/view/4471407271 , ,li-4471407271,fulltime,,,,,,False,associate,Engineering,,,Utilities,https://de.linkedin.com/company/galvanek-bau-gmbh,,,,,,,,,,,
linkedin,Projektmanager - Dezentrale Energieversorgung (w/m/d),VREY,"Berlin, Germany",,https://www.linkedin.com/jobs/view/4403313636 , ,li-4403313636,fulltime,,,,,,False,entry level,"Project Management, Product Management, and Consulting",,,"Services for Renewable Energy, Energy Technology, and Business Consulting and Services",https://de.linkedin.com/company/vrey-energie,,,,,,,,,,,
linkedin,Projektleiter / Projektmanager für Business- und IT-Transformationen (m/w/d),Bertelsmann Accounting Services,"Rheda-Wiedenbrück, North Rhine-Westphalia, Germany",,https://www.linkedin.com/jobs/view/4463863465 , ,li-4463863465,fulltime,,,,,,False,associate,Project Management,,,Financial Services,https://de.linkedin.com/company/bertelsmann-accounting-services,,,,,,,,,,,
linkedin,Projektleiter FTTH Nachverdichtung,fiberground GmbH,"Borken, North Rhine-Westphalia, Germany",,https://www.linkedin.com/jobs/view/4450635158 , ,li-4450635158,fulltime,,,,,,False,mid-senior level,"Design, Art/Creative, and Information Technology",,,Construction,https://de.linkedin.com/company/fibergound,,,,,,,,,,,
linkedin,Projektleiter in der Kabelkonfektion (m/w/d),PSZ electronic GmbH,"Vohenstrauß, Bavaria, Germany",,https://www.linkedin.com/jobs/view/4470684659 , ,li-4470684659,fulltime,,,,,,False,mid-senior level,"Design, Art/Creative, and Information Technology",,,"Appliances, Electrical, and Electronics Manufacturing",https://de.linkedin.com/company/psz-electronic-gmbh,,,,,,,,,,,
linkedin,"Technischer Projektleiter (m/w/d) - Batteriespeicher, Netzanschluss, Industrie",FION Energy,"Berlin, Berlin, Germany",,https://www.linkedin.com/jobs/view/4464105076 , ,li-4464105076,fulltime,,,,,,False,mid-senior level,Engineering,,,Renewable Energy Semiconductor Manufacturing,https://de.linkedin.com/company/fion-energy,,,,,,,,,,,
linkedin,Projektsteuerer Großprojekt VDE 8.1 und Netz Würzburg (w/m/d),Deutsche Bahn,"Nuremberg, Bavaria, Germany",,https://www.linkedin.com/jobs/view/4453654114 , ,li-4453654114,fulltime,,,,,,False,mid-senior level,Project Management and Information Technology,,,Truck Transportation,https://de.linkedin.com/company/deutschebahn,,,,,,,,,,,
linkedin,Projektleiter (m/w/d) Luftwaffensysteme,Diehl Defence,"Röthenbach an der Pegnitz, Bavaria, Germany",,https://www.linkedin.com/jobs/view/4471400762 , ,li-4471400762,fulltime,,,,,,False,mid-senior level,"Design, Art/Creative, and Information Technology",,,Defense and Space Manufacturing,https://de.linkedin.com/company/diehl-defence,,,,,,,,,,,
linkedin,Projektleiter Freileitungsbau (m/w/d),Atlas Titan,"Hamburg, Hamburg, Germany",,https://www.linkedin.com/jobs/view/4469724789 , ,li-4469724789,fulltime,,,,,,False,mid-senior level,"Design, Art/Creative, and Information Technology",,,Business Consulting and Services,https://de.linkedin.com/company/atlas-titan,,,,,,,,,,,
linkedin,SAP Projektleiter:in SuccessFactors / HCM (m/f/d),Inoltra,"Stuttgart, Baden-Württemberg, Germany",,https://www.linkedin.com/jobs/view/4471457577 , ,li-4471457577,fulltime,,,,,,False,mid-senior level,Information Technology,,franzi@inoltra.co,Staffing and Recruiting,https://uk.linkedin.com/company/inoltra,,,,,,,,,,,
linkedin,Projektleiter Schlüsselfertigbau (m/w/d),LEONHARD WEISS GmbH & Co. KG,"Dortmund, North Rhine-Westphalia, Germany",,https://www.linkedin.com/jobs/view/4471467482 , ,li-4471467482,fulltime,,,,,,False,mid-senior level,"Engineering, Project Management, and Other",,,Construction,https://de.linkedin.com/company/leonhard-weiss-gmbh-&-co-kg,,,,,,,,,,,
linkedin,Projektleiter (m/w/d) Verfahrenstechnik,Kraftanlagen Energies & Services,"Burghausen, Bavaria, Germany",,https://www.linkedin.com/jobs/view/4469735837 , ,li-4469735837,fulltime,,,,,,False,executive,Project Management,,Muhammed.Turgunjan@kraftanlagen.com,Industrial Machinery Manufacturing,https://de.linkedin.com/company/kraftanlagengruppe,,,,,,,,,,,
linkedin,Projektleiter (m/w/d),Lennartz Wallraff Architekten,"Aachen, North Rhine-Westphalia, Germany",,https://www.linkedin.com/jobs/view/4471450426 , ,li-4471450426,fulltime,,,,,,False,mid-senior level,"Design, Art/Creative, and Information Technology",,bewerbung@lwarchitekten.de,Architecture and Planning,https://de.linkedin.com/company/lennartz-architekten,,,,,,,,,,,
linkedin,Senior Project Manager (all genders),LIGANOVA,"Stuttgart, Baden-Württemberg, Germany",,https://www.linkedin.com/jobs/view/4463849074 , ,li-4463849074,fulltime,,,,,,False,associate,Project Management,,,Advertising Services,https://de.linkedin.com/company/liganova,,,,,,,,,,,
linkedin,Projektleiter:in Spezialist:in Infrastruktur,Deutsche Bahn,"Munich, Bavaria, Germany",,https://www.linkedin.com/jobs/view/4314883947 , ,li-4314883947,fulltime,,,,,,False,mid-senior level,Project Management and Information Technology,,,Truck Transportation,https://de.linkedin.com/company/deutschebahn,,,,,,,,,,,
linkedin,Projektleiter (mwd) Versorgungstechnik,Personalrezepte GbR,"Landshut, Bavaria, Germany",,https://www.linkedin.com/jobs/view/4434703643 , ,li-4434703643,fulltime,,,,,,False,associate,Project Management and Engineering,,,Utilities and Construction,https://de.linkedin.com/company/personalrezepte,,,,,,,,,,,
linkedin,Projektleiter:in für Verkehrsanlagen,Deutsche Bahn,"Leipzig, Saxony, Germany",,https://www.linkedin.com/jobs/view/4436167409 , ,li-4436167409,fulltime,,,,,,False,mid-senior level,"Design, Art/Creative, and Information Technology",,,Truck Transportation,https://de.linkedin.com/company/deutschebahn,,,,,,,,,,,
linkedin,Technical Manager (m/w/d) - Systems Engineering & Projektmanagement,Akkodis,"Bremen, Germany",,https://www.linkedin.com/jobs/view/4469735561 , ,li-4469735561,fulltime,,,,,,True,associate,,,,Defense and Space Manufacturing,https://www.linkedin.com/company/akkodis,,,,,,,,,,,
linkedin,Senior Project Manager (d/f/m),DEPT®,"Berlin, Germany",,https://www.linkedin.com/jobs/view/4443509744 , ,li-4443509744,fulltime,,,,,,False,mid-senior level,"Project Management, Consulting, and Product Management",,,Advertising Services,https://nl.linkedin.com/company/deptglobal,,,,,,,,,,,
linkedin,Lead Strategic Projects (all genders),Zalando,"Berlin, Berlin, Germany",,https://www.linkedin.com/jobs/view/4460713820 , ,li-4460713820,fulltime,,,,,,False,mid-senior level,Project Management and Information Technology,,,Retail,https://de.linkedin.com/company/zalando,,,,,,,,,,,
linkedin,Principal Project Manager Semiconductor IC Development (f/m/d),Renesas Electronics,"Dresden, Saxony, Germany",,https://www.linkedin.com/jobs/view/4367163991 , ,li-4367163991,fulltime,,,,,,True,mid-senior level,Manufacturing,,,Semiconductors,https://jp.linkedin.com/company/renesas,,,,,,,,,,,
linkedin,Principal Project Manager Semiconductor IC Development (f/m/d),Renesas Electronics,"Munich, Bavaria, Germany",,https://www.linkedin.com/jobs/view/4367170599 , ,li-4367170599,fulltime,,,,,,True,mid-senior level,Manufacturing,,,Semiconductors,https://jp.linkedin.com/company/renesas,,,,,,,,,,,
linkedin,Senior Projektleiter (m/w/d) Wohnungsbau,Michael Page,"Berlin, Berlin, Germany",,https://www.linkedin.com/jobs/view/4471489661 , ,li-4471489661,fulltime,,,,,,False,mid-senior level,Manufacturing and Engineering,,,"Real Estate, Leasing Non-residential Real Estate, and Architecture and Planning",https://uk.linkedin.com/company/michael-page,,,,,,,,,,,
linkedin,Project Director / Senior Projektleiter (w/m/d) EPCM Industry – Semiconductor Manufacturing und Data Center Hyperscaler,DS-Bauconcept GmbH,"Frankfurt, Hesse, Germany",,https://www.linkedin.com/jobs/view/4469355744 , ,li-4469355744,fulltime,,,,,,False,mid-senior level,Information Technology,,,Real Estate,https://de.linkedin.com/company/ds-bauconcept-gmbh,,,,,,,,,,,
linkedin,Projektleiter (m/w/d),CPM GmbH - Gesellschaft für Projektmanagement,"Stuttgart, Baden-Württemberg, Germany",,https://www.linkedin.com/jobs/view/4471626668 , ,li-4471626668,fulltime,,,,,,False,mid-senior level,"Design, Art/Creative, and Information Technology",,,Construction,https://de.linkedin.com/company/cpm-gmbh,,,,,,,,,,,
linkedin,Projektleiter (m/w/d) für Entwicklungsprojekte,Diehl Aviation,"Gilching, Bavaria, Germany",,https://www.linkedin.com/jobs/view/4471410104 , ,li-4471410104,fulltime,,,,,,False,mid-senior level,"Design, Art/Creative, and Information Technology",,,Aviation and Aerospace Component Manufacturing,https://de.linkedin.com/company/diehl-aviation,,,,,,,,,,,
linkedin,Senior Projektleiter / Elektrotechniker (m/w/d) Smart Grid Software | Remote innerhalb DE/AT,Venios GmbH,"Berlin, Berlin, Germany",,https://www.linkedin.com/jobs/view/4469734318 , ,li-4469734318,fulltime,,,,,,True,mid-senior level,Project Management,,,Software Development,https://de.linkedin.com/company/venios-gmbh,,,,,,,,,,,
linkedin,Projektleiter (m/w/d) Erd und Grundbau,Michael Page,"Berlin, Berlin, Germany",,https://www.linkedin.com/jobs/view/4471130280 , ,li-4471130280,fulltime,,,,,,False,mid-senior level,Purchasing and General Business,,,"Real Estate, Leasing Non-residential Real Estate, and Architecture and Planning",https://uk.linkedin.com/company/michael-page,,,,,,,,,,,
linkedin,Projektleiter Planung (m/w/d),Richard Ditting GmbH & Co. KG,"Hamburg, Hamburg, Germany",,https://www.linkedin.com/jobs/view/4400862609 , ,li-4400862609,fulltime,,,,,,False,mid-senior level,Project Management,,,Construction,https://de.linkedin.com/company/richard-ditting-gmbh-&-co-kg,,,,,,,,,,,
linkedin,Projektleiter:in Kommunikationstechnik,Deutsche Bahn,"Frankfurt am Main, Hesse, Germany",,https://www.linkedin.com/jobs/view/4426707650 , ,li-4426707650,fulltime,,,,,,False,mid-senior level,Information Technology,,,Truck Transportation,https://de.linkedin.com/company/deutschebahn,,,,,,,,,,,
linkedin,Projektmanager Bau (all genders),MTU Aero Engines,"Munich, Bavaria, Germany",,https://www.linkedin.com/jobs/view/4471633117 , ,li-4471633117,fulltime,,,,,,False,mid-senior level,Management and Manufacturing,,,Aviation and Aerospace Component Manufacturing,https://de.linkedin.com/company/mtu-aero-engines,,,,,,,,,,,
linkedin,Senior Project Manager Building & Infrastructure (m/f/d) / Engineering,Fresenius Group,"Bad Homburg, Hesse, Germany",,https://www.linkedin.com/jobs/view/4442687258 , ,li-4442687258,fulltime,,,,,,False,mid-senior level,Project Management and Information Technology,,,Hospitals and Health Care,https://de.linkedin.com/company/fresenius-se,,,,,,,,,,,
linkedin,Projektleitung Part 21 Engineering Dienstleistungen (m/w/d),HTM Helicopter Travel Munich GmbH,"Taufkirchen, Bavaria, Germany",,https://www.linkedin.com/jobs/view/4471642340 , ,li-4471642340,fulltime,,,,,,False,mid-senior level,Project Management and Information Technology,,,Airlines and Aviation,https://de.linkedin.com/company/htm-helicopter-travel-munich-gmbh,,,,,,,,,,,
linkedin,Projektleiter Elektrotechnik Stark- und Schwachstrom (w/m/d),ROM Technik,"Walldorf, Baden-Württemberg, Germany",,https://www.linkedin.com/jobs/view/4469753356 , ,li-4469753356,fulltime,,,,,,False,mid-senior level,Project Management,,,"Appliances, Electrical, and Electronics Manufacturing",https://de.linkedin.com/company/romtechnik,,,,,,,,,,,
linkedin,Technischer Projektleiter / Entwicklungsprojektleiter (all gender )100,ALTEN,"Kiel, Schleswig-Holstein, Germany",,https://www.linkedin.com/jobs/view/4469715598 , ,li-4469715598,fulltime,,,,,,False,associate,Engineering,,,Machinery Manufacturing and Aviation and Aerospace Component Manufacturing,https://fr.linkedin.com/company/alten,,,,,,,,,,,
linkedin,Teamleiter Gebäudeautomation (m/w/d),Johnson Controls,"Cologne, North Rhine-Westphalia, Germany",,https://www.linkedin.com/jobs/view/4405184308 , ,li-4405184308,fulltime,,,,,,False,mid-senior level,Information Technology,,,Industrial Machinery Manufacturing,https://ie.linkedin.com/company/johnson-controls,,,,,,,,,,,
linkedin,Senior Technischer Projektleiter / Technical Lead (all gender) 999,ALTEN,"Bremen, Germany",,https://www.linkedin.com/jobs/view/4469736901 , ,li-4469736901,fulltime,,,,,,False,associate,Engineering,,,"Machinery Manufacturing, Energy Technology, and Staffing and Recruiting",https://fr.linkedin.com/company/alten,,,,,,,,,,,
linkedin,Project Lead / Projektleiter / Lieferantenmanager (w/m/d),HENSOLDT,"Fürstenfeldbruck, Bavaria, Germany",,https://www.linkedin.com/jobs/view/4470222278 , ,li-4470222278,fulltime,,,,,,False,mid-senior level,Management and Manufacturing,,jobs@hensoldt.net,Defense and Space Manufacturing,https://de.linkedin.com/company/hensoldt,,,,,,,,,,,
linkedin,"Senior Product Manager, Technical (m/f/d)",Affinidi,"Berlin, Berlin, Germany",,https://www.linkedin.com/jobs/view/4469647087 , ,li-4469647087,fulltime,,,,,,False,mid-senior level,Product Management and Marketing,,,Software Development,https://sg.linkedin.com/company/affinidi,,,,,,,,,,,
linkedin,"Senior Product Manager,Trust Platform – Modules (f/m/d)",IDnow,"Munich, Bavaria, Germany",,https://www.linkedin.com/jobs/view/4470298283 , ,li-4470298283,fulltime,,,,,,True,mid-senior level,Product Management and Marketing,,,Software Development,https://de.linkedin.com/company/idnow,,,,,,,,,,,
linkedin,"(Senior) Product Manager, Trust Platform- Core (f/m/d)",IDnow,"Munich, Bavaria, Germany",,https://www.linkedin.com/jobs/view/4470286939 , ,li-4470286939,fulltime,,,,,,True,mid-senior level,Product Management and Marketing,,,Software Development,https://de.linkedin.com/company/idnow,,,,,,,,,,,
linkedin,(Senior) Product Manager - Energy (m/f/d),1KOMMA5°,"Berlin, Berlin, Germany",,https://www.linkedin.com/jobs/view/4471445335 , ,li-4471445335,fulltime,,,,,,False,associate,Information Technology,,,Software Development,https://de.linkedin.com/company/1komma5grad,,,,,,,,,,,
linkedin,Product Manager (m/w/d) eHealth,Epikur Software GmbH & Co. KG,"Berlin, Germany",,https://www.linkedin.com/jobs/view/4471197790 , ,li-4471197790,fulltime,,,,,,False,associate,Product Management,,,Software Development,https://de.linkedin.com/company/epikur-software-gmbh-co-kg,,,,,,,,,,,
linkedin,Product Manager (m/f/d) - Augsburg,IGEL Technology,"Augsburg, Bavaria, Germany",,https://www.linkedin.com/jobs/view/4471402572 , ,li-4471402572,fulltime,,,,,,False,not applicable,Product Management,,,Software Development,https://de.linkedin.com/company/igel-technology,,,,,,,,,,,
linkedin,(Senior) Product Manager – Player Account Management (f/m/d),ZEAL Network SE,"Hamburg, Hamburg, Germany",,https://www.linkedin.com/jobs/view/4452395367 , ,li-4452395367,fulltime,,,,,,False,mid-senior level,Product Management and Marketing,,,Software Development,https://de.linkedin.com/company/zealnetwork,,,,,,,,,,,
linkedin,Senior Product Manager - Software Solutions,ProGlove,"Munich, Bavaria, Germany",,https://www.linkedin.com/jobs/view/4459955290 , ,li-4459955290,fulltime,,,,,,False,mid-senior level,Product Management and Marketing,,,Automation Machinery Manufacturing,https://de.linkedin.com/company/proglove,,,,,,,,,,,
linkedin,Product Manager - Carbon Management (m/f/x),osapiens,"Mannheim, Baden-Württemberg, Germany",,https://www.linkedin.com/jobs/view/4435184041 , ,li-4435184041,fulltime,,,,,,True,mid-senior level,Product Management and Marketing,,,Software Development,https://de.linkedin.com/company/osapiens,,,,,,,,,,,
linkedin,Produktmanager/in (m/w/d) Karten & Payment,Sparkasse Fürth,"Fürth, Bavaria, Germany",,https://www.linkedin.com/jobs/view/4471475100 , ,li-4471475100,fulltime,,,,,,False,mid-senior level,Other,,,Banking,https://www.linkedin.com/company/sparkasse-fuerth,,,,,,,,,,,
linkedin,Product Manager,CesiumAstro,"Munich, Bavaria, Germany",,https://www.linkedin.com/jobs/view/4366964867 , ,li-4366964867,fulltime,,,,,,False,mid-senior level,Product Management and Marketing,,,Defense and Space Manufacturing,https://www.linkedin.com/company/cesiumastro,,,,,,,,,,,
linkedin,Senior Product Manager (JetBrains Context),JetBrains,"Berlin, Berlin, Germany",,https://www.linkedin.com/jobs/view/4469773203 , ,li-4469773203,fulltime,,,,,,True,mid-senior level,Product Management and Marketing,,,Software Development,https://nl.linkedin.com/company/jetbrains,,,,,,,,,,,
linkedin,Senior Product Manager (JetBrains Context),JetBrains,"Munich, Bavaria, Germany",,https://www.linkedin.com/jobs/view/4469768308 , ,li-4469768308,fulltime,,,,,,True,mid-senior level,Product Management and Marketing,,,Software Development,https://nl.linkedin.com/company/jetbrains,,,,,,,,,,,
linkedin,SAP S/4 HANA Produktmanager,J&T Express Germany GmbH,"Nieder Olm, Rhineland-Palatinate, Germany",,https://www.linkedin.com/jobs/view/4471451742 , ,li-4471451742,fulltime,,,,,,False,associate,,,,"Transportation, Logistics, Supply Chain and Storage",https://www.linkedin.com/company/j-t-express-germany-gmbh,,,,,,,,,,,
linkedin,Category Manager / Produktmanager (m/w/d),Cyberport SE,"Bad Homburg, Hesse, Germany",,https://www.linkedin.com/jobs/view/4402443340 , ,li-4402443340,fulltime,,,,,,False,mid-senior level,Marketing and Sales,,,Computers and Electronics Manufacturing,https://de.linkedin.com/company/cyberport,,,,,,,,,,,
linkedin,Senior (Agile) Project Manager / Product Owner (m/w/d),CGI,"Eschborn, Hesse, Germany",,https://www.linkedin.com/jobs/view/4339200615 , ,li-4339200615,fulltime,,,,,,False,entry level,Project Management and Information Technology,,,IT Services and IT Consulting,https://ca.linkedin.com/company/cgi,,,,,,,,,,,
