site,title,company,location,date_posted,job_url,job_url_direct,id,job_type,salary_source,interval,min_amount,max_amount,currency,is_remote,job_level,job_function,listing_type,emails,company_industry,company_url,company_url_direct,company_addresses,company_num_employees,company_revenue,company_description,skills,experience_range,company_rating,company_reviews_count,vacancy_count,work_from_home_type
linkedin,Global Workplace Project Manager (m/f/x),JetBrains,"Berlin, Berlin, Germany",2026-07-16,https://www.linkedin.com/jobs/view/4427374486 , ,li-4427374486,fulltime,,,,,,True,entry level,Project Management and Information Technology,,,Software Development,https://nl.linkedin.com/company/jetbrains,,,,,,,,,,,
linkedin,Customer Engagement Lead (Regulated Manufacturing) (m/f/d),SAP,"Garching, Bavaria, Germany",2026-07-16,https://www.linkedin.com/jobs/view/4440768238 , ,li-4440768238,fulltime,,,,,,False,not applicable,Customer Service,,Careers@sap.com,"Software Development, IT Services and IT Consulting, and Business Consulting and Services",https://de.linkedin.com/company/sap,,,,,,,,,,,
linkedin,Product-Owner (m/w/d),grey engineering GmbH,"Berlin, Berlin, Germany",2026-07-16,https://www.linkedin.com/jobs/view/4440603412 , ,li-4440603412,fulltime,,,,,,False,entry level,Engineering,,,Oil and Gas,https://de.linkedin.com/company/grey-engineering-gmbh,,,,,,,,,,,
linkedin,Lead Product Manager,Forto,"Berlin, Germany",2026-07-16,https://www.linkedin.com/jobs/view/4441476705 , ,li-4441476705,fulltime,,,,,,False,mid-senior level,Product Management and Marketing,,,"Transportation, Logistics, Supply Chain and Storage",https://de.linkedin.com/company/fortocompany,,,,,,,,,,,
linkedin,"Senior Product Manager, CodeAI Foundations",Google,"Munich, Bavaria, Germany",2026-07-16,https://www.linkedin.com/jobs/view/4431846263 , ,li-4431846263,fulltime,,,,,,False,mid-senior level,Product Management and Engineering,,,"Information Services and Technology, Information and Internet",https://www.linkedin.com/company/google,,,,,,,,,,,
linkedin,Product Owner - Tracking & Analytics - Storefront (all genders),ABOUT YOU,"Hamburg, Hamburg, Germany",2026-07-16,https://www.linkedin.com/jobs/view/4440775121 , ,li-4440775121,fulltime,,,,,,False,mid-senior level,Analyst,,,"Technology, Information and Internet",https://de.linkedin.com/company/about-you,,,,,,,,,,,
linkedin,Produktmanager “Junge Kunden”  (m/w/d),LVM Versicherung,"Münster, North Rhine-Westphalia, Germany",2026-07-16,https://www.linkedin.com/jobs/view/4441455930 , ,li-4441455930,fulltime,,,,,,False,mid-senior level,Product Management and Marketing,,,Insurance,https://de.linkedin.com/company/lvmversicherung,,,,,,,,,,,
linkedin,KI-Manager (w/m/d),AggerEnergie GmbH,"Gummersbach, North Rhine-Westphalia, Germany",2026-07-16,https://www.linkedin.com/jobs/view/4440650650 , ,li-4440650650,fulltime,,,,,,False,mid-senior level,,,bewerbung@aggerenergie.de,Utilities,https://de.linkedin.com/company/aggerenergie-gmbh,,,,,,,,,,,
linkedin,Projektleiter (m/w/d) Operations,KNDS Deutschland,"Munich, Bavaria, Germany",2026-07-16,https://www.linkedin.com/jobs/view/4441609157 , ,li-4441609157,fulltime,,,,,,False,mid-senior level,Project Management and Information Technology,,,Defense and Space Manufacturing,https://de.linkedin.com/company/knds-deutschland,,,,,,,,,,,
linkedin,(Senior) Consultant (m/w/d) – Fabrikplanung & Produktionsstrategie,DRIVE Consulting,"Munich, Bavaria, Germany",2026-07-16,https://www.linkedin.com/jobs/view/4427363466 , ,li-4427363466,fulltime,,,,,,False,mid-senior level,"Consulting, Information Technology, and Sales",,,Business Consulting and Services,https://de.linkedin.com/company/drive-consulting-de,,,,,,,,,,,
linkedin,Produktmanager (m/w/d) Kleb- und Dichtstoffe,LEASOTEC GmbH,"Ismaning, Bavaria, Germany",2026-07-16,https://www.linkedin.com/jobs/view/4440600829 , ,li-4440600829,fulltime,,,,,,False,entry level,Engineering,,,Warehousing and Storage,https://de.linkedin.com/company/leasotec-gmbh,,,,,,,,,,,
linkedin,Manager Data Management Strategy (m/w/d) in Hamburg,Deloitte,"Hamburg, Hamburg, Germany",2026-07-16,https://www.linkedin.com/jobs/view/4243062677 , ,li-4243062677,fulltime,,,,,,True,mid-senior level,Consulting and Information Technology,,career@deloitte.de,Business Consulting and Services,https://www.linkedin.com/company/deloitte,,,,,,,,,,,
linkedin,Senior Manager Softwareentwicklung Java (all genders),adesso SE,"Düsseldorf, North Rhine-Westphalia, Germany",2026-07-16,https://www.linkedin.com/jobs/view/4382411830 , ,li-4382411830,fulltime,,,,,,False,mid-senior level,Engineering and Information Technology,,,IT Services and IT Consulting,https://de.linkedin.com/company/adesso-se,,,,,,,,,,,
linkedin,Senior Project Manager (f/m/d) Installation Of Overhead Catenary Systems,Siemens,"Brunswick, Lower Saxony, Germany",2026-07-16,https://www.linkedin.com/jobs/view/4413556910 , ,li-4413556910,fulltime,,,,,,False,mid-senior level,Engineering,,,Automation Machinery Manufacturing,https://de.linkedin.com/company/siemens,,,,,,,,,,,
linkedin,Technischer Projektmanager im MarTech-Umfeld  (w/m/d),BRANDAD Group AG,"Fürth, Bavaria, Germany",2026-07-16,https://www.linkedin.com/jobs/view/4438738069 , ,li-4438738069,fulltime,,,,,,False,mid-senior level,Project Management,,,Software Development,https://de.linkedin.com/company/brandad-de,,,,,,,,,,,
linkedin,Project Developer - Co Team Lead: Biogas/ Biochar/ Clean Energy/ Climate Solutions/ Clean Tech,Brightsmith,"Berlin, Germany",2026-07-16,https://www.linkedin.com/jobs/view/4440653738 , ,li-4440653738,fulltime,,,,,,False,mid-senior level,Business Development,,,Environmental Services,https://uk.linkedin.com/company/brightsmith-search,,,,,,,,,,,
linkedin,Project Lead Workspaces (m/w/d),Coolblue,"Düsseldorf, North Rhine-Westphalia, Germany",2026-07-16,https://www.linkedin.com/jobs/view/4438480585 , ,li-4438480585,fulltime,,,,,,False,mid-senior level,Project Management and Information Technology,,,Computers and Electronics Manufacturing,https://nl.linkedin.com/company/coolblue,,,,,,,,,,,
linkedin,Global Product Manager m/w/d – Parental Leave Cover (12+ Months),BizLink Group,"Hannover, Lower Saxony, Germany",2026-07-16,https://www.linkedin.com/jobs/view/4412915055 , ,li-4412915055,fulltime,,,,,,False,mid-senior level,Product Management and Marketing,,,"Appliances, Electrical, and Electronics Manufacturing",https://www.linkedin.com/company/bizlink-technology-inc-,,,,,,,,,,,
linkedin,Product Manager – Platform Team (m/f/d),DocuWare,"Saarbrücken, Saarland, Germany",2026-07-16,https://www.linkedin.com/jobs/view/4433067625 , ,li-4433067625,fulltime,,,,,,False,mid-senior level,Product Management and Marketing,,,Software Development,https://de.linkedin.com/company/docuware-corporation,,,,,,,,,,,
linkedin,Product,Augustus,"Berlin, Berlin, Germany",2026-07-16,https://www.linkedin.com/jobs/view/4441478910 , ,li-4441478910,fulltime,,,,,,False,mid-senior level,Sales and Business Development,,,Financial Services,https://www.linkedin.com/company/augustusbank,,,,,,,,,,,
linkedin,Product Manager App & Digital Experience,Lovehoney Group,"Berlin, Germany",2026-07-16,https://www.linkedin.com/jobs/view/4438457308 , ,li-4438457308,fulltime,,,,,,True,mid-senior level,Product Management and Marketing,,,Wellness and Fitness Services,https://de.linkedin.com/company/lovehoneygroup,,,,,,,,,,,
linkedin,Product Manager (m/w/d),eRecht24,"Berlin, Berlin, Germany",2026-07-16,https://www.linkedin.com/jobs/view/4438714715 , ,li-4438714715,fulltime,,,,,,False,mid-senior level,Other,,,Software Development,https://de.linkedin.com/company/erecht24,,,,,,,,,,,
linkedin,Project Manager (m/w/d),IndustrieAlpine GmbH & Co. KG,"Berlin, Berlin, Germany",2026-07-16,https://www.linkedin.com/jobs/view/4440611401 , ,li-4440611401,,,,,,,False,,,,,,https://de.linkedin.com/company/industriealpine-gmbh-&-co-kg,,,,,,,,,,,
linkedin,Project Procurement Lead EMEA (m/f/d),IPS-Integrated Project Services,"Frankfurt, Hesse, Germany",2026-07-16,https://www.linkedin.com/jobs/view/4441486529 , ,li-4441486529,fulltime,,,,,,False,not applicable,Purchasing and Supply Chain,,,Pharmaceutical Manufacturing,https://www.linkedin.com/company/ips,,,,,,,,,,,
linkedin,Senior Project Manager (f/m/d),eleQtron,"Siegen, North Rhine-Westphalia, Germany",2026-07-16,https://www.linkedin.com/jobs/view/4388337449 , ,li-4388337449,fulltime,,,,,,False,not applicable,Project Management and Information Technology,,,Business Consulting and Services,https://de.linkedin.com/company/eleqtron-qc,,,,,,,,,,,
linkedin,Projektleiter,XPILE GmbH & Co. KG,"Frankfurt am Main, Hesse, Germany",2026-07-16,https://www.linkedin.com/jobs/view/4441459331 , ,li-4441459331,fulltime,,,,,,False,mid-senior level,Project Management and Information Technology,,,Design Services,https://de.linkedin.com/company/xpile-gmbh-co-kg,,,,,,,,,,,
linkedin,Project Manager (Software Engineering Research),JetBrains,"Berlin, Berlin, Germany",2026-07-16,https://www.linkedin.com/jobs/view/4429870777 , ,li-4429870777,fulltime,,,,,,True,entry level,Engineering and Information Technology,,,Software Development,https://nl.linkedin.com/company/jetbrains,,,,,,,,,,,
linkedin,Projektleitung (all genders),adesso SE,"Kiel, Schleswig-Holstein, Germany",2026-07-16,https://www.linkedin.com/jobs/view/3925561134 , ,li-3925561134,fulltime,,,,,,False,director,Project Management and Information Technology,,,IT Services and IT Consulting,https://de.linkedin.com/company/adesso-se,,,,,,,,,,,
linkedin,CSA Construction Manager,Mercury,"Frankfurt, Hesse, Germany",2026-07-16,https://www.linkedin.com/jobs/view/4431800240 , ,li-4431800240,fulltime,,,,,,False,mid-senior level,Other,,,Construction,https://ie.linkedin.com/company/mercury-engineering,,,,,,,,,,,
linkedin,BESS Fulfillment & Service Graduate Program,LONGi Solar,,2026-07-16,https://www.linkedin.com/jobs/view/4440771170 , ,li-4440771170,fulltime,,,,,,False,entry level,Project Management and Product Management,,,Energy Technology and Services for Renewable Energy,https://cn.linkedin.com/company/longi-solar,,,,,,,,,,,
linkedin,Projektmanagement (m/w/d),assemblean,"Paderborn, North Rhine-Westphalia, Germany",2026-07-16,https://www.linkedin.com/jobs/view/4438496034 , ,li-4438496034,fulltime,,,,,,False,entry level,Engineering,,,IT Services and IT Consulting,https://de.linkedin.com/company/assemblean,,,,,,,,,,,
linkedin,Graphic Designer,Nityo Infotech,,2026-07-16,https://www.linkedin.com/jobs/view/4440752333 , ,li-4440752333,contract,,,,,,False,associate,"Design, Information Technology, and Marketing",,,"IT Services and IT Consulting, Graphic Design, and IT System Custom Software Development",https://www.linkedin.com/company/nityo-infotech,,,,,,,,,,,
linkedin,Projectmanager Industrial Projects (m/w/d),Elis Germany & Austria,"Dresden, Saxony, Germany",2026-07-16,https://www.linkedin.com/jobs/view/4440605448 , ,li-4440605448,fulltime,,,,,,False,mid-senior level,Management,,,Retail,https://de.linkedin.com/company/elis-deutschland-sterreich,,,,,,,,,,,
linkedin,Project Manager,Haystack,,2026-07-16,https://www.linkedin.com/jobs/view/4440673120 , ,li-4440673120,fulltime,,,,,,False,mid-senior level,Information Technology,,,"Technology, Information and Internet",https://uk.linkedin.com/company/wearehaystack,,,,,,,,,,,
linkedin,Senior Quality Manager,Mercury,"Frankfurt, Hesse, Germany",2026-07-16,https://www.linkedin.com/jobs/view/4431866252 , ,li-4431866252,fulltime,,,,,,False,mid-senior level,Quality Assurance,,,Construction,https://ie.linkedin.com/company/mercury-engineering,,,,,,,,,,,
linkedin,Nature Principal Consultant,Anthesis Group,"Munich, Bavaria, Germany",2026-07-16,https://www.linkedin.com/jobs/view/4440669266 , ,li-4440669266,fulltime,,,,,,False,mid-senior level,"Consulting, Information Technology, and Sales",,,Environmental Services,https://uk.linkedin.com/company/anthesis-consulting-group,,,,,,,,,,,
linkedin,Senior Sales Manager (m/w/d) – PV-Projektentwicklung,feld.energy,"Munich, Bavaria, Germany",2026-07-16,https://www.linkedin.com/jobs/view/4438462906 , ,li-4438462906,fulltime,,,,,,True,associate,Sales,,,Utilities,https://de.linkedin.com/company/feld-energy,,,,,,,,,,,
linkedin,Senior Product Manager Resale (m/w/d),CTS EVENTIM AG & Co. KGaA,"Bremen, Bremen, Germany",2026-07-16,https://www.linkedin.com/jobs/view/4441485006 , ,li-4441485006,fulltime,,,,,,False,mid-senior level,Product Management and Marketing,,,Events Services,https://de.linkedin.com/company/cts-eventim-ag,,,,,,,,,,,
linkedin,Projektleiter (m/w/d),HPM DIE HANDWERKSGRUPPE,"Duisburg, North Rhine-Westphalia, Germany",2026-07-16,https://www.linkedin.com/jobs/view/4441434133 , ,li-4441434133,fulltime,,,,,,False,mid-senior level,"Design, Art/Creative, and Information Technology",,,Construction,https://de.linkedin.com/company/handwerksgruppe,,,,,,,,,,,
linkedin,Projektmanager Operational Excellence (m/w/d),GEWO Feinmechanik GmbH,"Hörlkofen, Bavaria, Germany",2026-07-16,https://www.linkedin.com/jobs/view/4440635474 , ,li-4440635474,fulltime,,,,,,False,mid-senior level,Project Management and Information Technology,,,Fabricated Metal Products,https://de.linkedin.com/company/gewo-feinmechanik-gmbh,,,,,,,,,,,
linkedin,Project Manager (m/f/x),Grob Aircraft,"Tussenhausen, Bavaria, Germany",2026-07-16,https://www.linkedin.com/jobs/view/4411461348 , ,li-4411461348,fulltime,,,,,,False,mid-senior level,Project Management and Information Technology,,,Aviation and Aerospace Component Manufacturing,https://de.linkedin.com/company/grobaircraft,,,,,,,,,,,
linkedin,Senior PMO* #11219,Cegeka,"Regensburg, Bavaria, Germany",2026-07-16,https://www.linkedin.com/jobs/view/4438495508 , ,li-4438495508,fulltime,,,,,,False,mid-senior level,Other,,Kimberly.Turner@cegeka.com,IT Services and IT Consulting,https://be.linkedin.com/company/cegeka,,,,,,,,,,,
linkedin,Global Workplace Project Manager (m/f/x),JetBrains,"Munich, Bavaria, Germany",2026-07-16,https://www.linkedin.com/jobs/view/4427373525 , ,li-4427373525,fulltime,,,,,,True,entry level,Project Management and Information Technology,,,Software Development,https://nl.linkedin.com/company/jetbrains,,,,,,,,,,,
linkedin,Projektmanager Unternehmensentwicklung (m/w/d),HELU KABEL GmbH,"Windsbach, Bavaria, Germany",2026-07-16,https://www.linkedin.com/jobs/view/4441461506 , ,li-4441461506,fulltime,,,,,,False,mid-senior level,Information Technology,,,"Appliances, Electrical, and Electronics Manufacturing",https://www.linkedin.com/company/helu-kabel-gmbh,,,,,,,,,,,
linkedin,Project Manager (m/w/d),shyftplan,"Berlin, Berlin, Germany",2026-07-16,https://www.linkedin.com/jobs/view/4438713349 , ,li-4438713349,fulltime,,,,,,False,associate,Project Management and Information Technology,,,Software Development,https://de.linkedin.com/company/shyftplan,,,,,,,,,,,
linkedin,Mechanical Project Manager,Mercury,"Munich, Bavaria, Germany",2026-07-16,https://www.linkedin.com/jobs/view/4424254771 , ,li-4424254771,fulltime,,,,,,False,mid-senior level,Project Management and Information Technology,,,Construction,https://ie.linkedin.com/company/mercury-engineering,,,,,,,,,,,
linkedin,Commercial Projects Manager DACH (all genders),tonies®,"Düsseldorf, North Rhine-Westphalia, Germany",2026-07-16,https://www.linkedin.com/jobs/view/4440656709 , ,li-4440656709,fulltime,,,,,,True,associate,Project Management and Information Technology,,,"Technology, Information and Media",https://de.linkedin.com/company/tonies-gmbh,,,,,,,,,,,
linkedin,Program Manager GE LEO Constellation Ground Segment and Operation (m/w/d),Airbus Defence and Space,"Munich, Bavaria, Germany",2026-07-16,https://www.linkedin.com/jobs/view/4410133358 , ,li-4410133358,parttime,,,,,,False,mid-senior level,Project Management and Information Technology,,emsom@airbus.com,Defense and Space Manufacturing,https://www.linkedin.com/company/airbus-defence-and-space,,,,,,,,,,,
linkedin,Projektmanager (m/w/d) Data & Analytics,grey engineering GmbH,"Munich, Bavaria, Germany",2026-07-16,https://www.linkedin.com/jobs/view/4440604490 , ,li-4440604490,fulltime,,,,,,False,mid-senior level,Administrative,,,Motor Vehicle Manufacturing,https://de.linkedin.com/company/grey-engineering-gmbh,,,,,,,,,,,
linkedin,"Expert Opportunity - Consulting Project Manager ($100/hr, up to $2,000/week)",Ethos,"Munich, Bavaria, Germany",2026-07-16,https://www.linkedin.com/jobs/view/4441435307 , ,li-4441435307,parttime,,,,,,True,mid-senior level,Project Management and Information Technology,,,"Technology, Information and Internet",https://www.linkedin.com/company/askethos,,,,,,,,,,,
linkedin,Project Consultant (m/w/d),shyftplan,"Berlin, Berlin, Germany",2026-07-16,https://www.linkedin.com/jobs/view/4438494963 , ,li-4438494963,fulltime,,,,,,False,associate,Project Management and Information Technology,,,Software Development,https://de.linkedin.com/company/shyftplan,,,,,,,,,,,
linkedin,Projektmanager Immobilien (w/m/d),ADAC,"Bremen, Bremen, Germany",2026-07-16,https://www.linkedin.com/jobs/view/4441482803 , ,li-4441482803,fulltime,,,,,,False,mid-senior level,Project Management and Information Technology,,,Consumer Services,https://de.linkedin.com/company/adac,,,,,,,,,,,
linkedin,Projektmanager / Technical Project Manager (m/w/d) - ClimateTech Startup,Thermosphr,"Berlin, Germany",2026-07-16,https://www.linkedin.com/jobs/view/4441602339 , ,li-4441602339,fulltime,,,,,,False,mid-senior level,,,"agathe.colin@thermosphr.com, agathe.colin@thermosphr.com",Environmental Services,https://de.linkedin.com/company/thermosphr,,,,,,,,,,,
linkedin,Technical Project Manager (m/w/d),WHITEvoid,"Berlin, Germany",2026-07-15,https://www.linkedin.com/jobs/view/4440974390 , ,li-4440974390,fulltime,,,,,,False,mid-senior level,Project Management and Strategy/Planning,,jobs@whitevoid.com,"Technology, Information and Media and Events Services",https://de.linkedin.com/company/whitevoid,,,,,,,,,,,
linkedin,Facilities & Workplace Manager,Spire,"Munich, Bavaria, Germany",2026-07-15,https://www.linkedin.com/jobs/view/4440987752 , ,li-4440987752,fulltime,,,,,,False,entry level,Management and Manufacturing,,,Information Services,https://www.linkedin.com/company/spireglobal,,,,,,,,,,,
linkedin,Logistics Manager,Too Good To Go,"Berlin, Berlin, Germany",2026-07-15,https://www.linkedin.com/jobs/view/4441291196 , ,li-4441291196,fulltime,,,,,,False,mid-senior level,Management and Manufacturing,,,Environmental Services,https://dk.linkedin.com/company/too-good-to-go,,,,,,,,,,,
linkedin,Head of AI (m/f/d),Trench Group,"Berlin, Berlin, Germany",2026-07-15,https://www.linkedin.com/jobs/view/4432485321 , ,li-4432485321,fulltime,,,,,,False,mid-senior level,Engineering and Information Technology,,,"Industrial Machinery Manufacturing, Renewable Energy Equipment Manufacturing, and Semiconductor Manufacturing",https://de.linkedin.com/company/trench-group,,,,,,,,,,,
linkedin,Integration Manager (m/f/d),Buena,"Berlin, Germany",2026-07-15,https://www.linkedin.com/jobs/view/4440205485 , ,li-4440205485,fulltime,,,,,,False,mid-senior level,Project Management and Information Technology,,,Real Estate,https://de.linkedin.com/company/withbuenadotcom,,,,,,,,,,,
linkedin,Project Manager,"CloudHQ, LLC","Frankfurt, Hesse, Germany",2026-07-15,https://www.linkedin.com/jobs/view/4440214248 , ,li-4440214248,fulltime,,,,,,False,mid-senior level,Project Management,,,Construction,https://www.linkedin.com/company/cloudhq-llc,,,,,,,,,,,
linkedin,Program Manager Senior [211292],Aquent,"Berlin, Berlin, Germany",2026-07-15,https://www.linkedin.com/jobs/view/4438094878 , ,li-4438094878,contract,,,,,,False,mid-senior level,"General Business, Strategy/Planning, and Administrative",,,Staffing and Recruiting,https://www.linkedin.com/company/aquent,,,,,,,,,,,
linkedin,PROJECT MANAGER PROGRAM MANAGEMENT,General Dynamics European Land Systems,"Neubrandenburg, Mecklenburg-West Pomerania, Germany",2026-07-15,https://www.linkedin.com/jobs/view/4439993973 , ,li-4439993973,fulltime,,,,,,False,entry level,Project Management and Information Technology,,,Defense and Space Manufacturing,https://es.linkedin.com/company/gdels,,,,,,,,,,,
linkedin,CTPM Principal (m/f/d) – Germany  (Ingolstadt/ Unterschleissheim),Qualcomm,"Ingolstadt, Bavaria, Germany",2026-07-15,https://www.linkedin.com/jobs/view/4413581030 , ,li-4413581030,fulltime,,,,,,False,not applicable,Other,,-accomodations@qualcomm.com,Semiconductor Manufacturing,https://www.linkedin.com/company/qualcomm,,,,,,,,,,,
linkedin,IT Delivery Lead (m/w/d),Scheidt & Bachmann,"Mönchengladbach, North Rhine-Westphalia, Germany",2026-07-15,https://www.linkedin.com/jobs/view/4435684808 , ,li-4435684808,fulltime,,,,,,False,mid-senior level,Management and Manufacturing,,,IT Services and IT Consulting,https://de.linkedin.com/company/scheidt-&-bachmann,,,,,,,,,,,
linkedin,Senior Finance Project Manager,Vattenfall,"Berlin, Berlin, Germany",2026-07-15,https://www.linkedin.com/jobs/view/4440205337 , ,li-4440205337,fulltime,,,,,,False,mid-senior level,Project Management and Information Technology,,juliane.vonbargen@vattenfall.de,Utilities,https://se.linkedin.com/company/vattenfall,,,,,,,,,,,
linkedin,(Senior) Payroll Implementation Specialist (d/f/m),Personio,"Munich, Bavaria, Germany",2026-07-15,https://www.linkedin.com/jobs/view/4313364770 , ,li-4313364770,fulltime,,,,,,True,mid-senior level,Human Resources,,,Software Development,https://de.linkedin.com/company/personio,,,,,,,,,,,
linkedin,Team Lead Platform Infrastructure (m/f/d),Solactive,"Berlin, Berlin, Germany",2026-07-15,https://www.linkedin.com/jobs/view/4438427586 , ,li-4438427586,fulltime,,,,,,False,associate,Production,,,Financial Services,https://de.linkedin.com/company/solactive,,,,,,,,,,,
linkedin,SAP DRC Project Manager (m/f/d) (Ref.Nr.: 47233),Wavestone,"Munich, Bavaria, Germany",2026-07-15,https://www.linkedin.com/jobs/view/4438092033 , ,li-4438092033,contract,,,,,,True,associate,Information Technology,,manuel.fischer@wavestone.eu,Business Consulting and Services,https://fr.linkedin.com/company/wavestone,,,,,,,,,,,
linkedin,PROJEKT MANAGER PROGRAMM MANAGEMENT (m/w/d),General Dynamics European Land Systems,"Neubrandenburg, Mecklenburg-West Pomerania, Germany",2026-07-15,https://www.linkedin.com/jobs/view/4440204394 , ,li-4440204394,fulltime,,,,,,False,entry level,Project Management and Information Technology,,,Defense and Space Manufacturing,https://es.linkedin.com/company/gdels,,,,,,,,,,,
linkedin,Global Project Manager (Process Automation),ABB,,2026-07-15,https://www.linkedin.com/jobs/view/4440266260 , ,li-4440266260,fulltime,,,,,,True,mid-senior level,Project Management and Information Technology,,,Automation Machinery Manufacturing,https://ch.linkedin.com/company/abb,,,,,,,,,,,
linkedin,Technical Project Manager (w/m/d),comrce,,2026-07-15,https://www.linkedin.com/jobs/view/4438090425 , ,li-4438090425,fulltime,,,,,,True,associate,Project Management and Information Technology,,people@comrce.io,Software Development,https://www.linkedin.com/company/comrce,,,,,,,,,,,
linkedin,Technical SAP Project Manager,Jobgether,,2026-07-15,https://www.linkedin.com/jobs/view/4440204169 , ,li-4440204169,fulltime,,,,,,False,mid-senior level,Project Management and Information Technology,,,Internet Marketplace Platforms,https://be.linkedin.com/company/jobgether,,,,,,,,,,,
linkedin,Operations Project Manager (m/f/d),Danone,"Fulda, Hesse, Germany",2026-07-15,https://www.linkedin.com/jobs/view/4432298831 , ,li-4432298831,fulltime,,,,,,False,not applicable,Project Management and Information Technology,,,"Manufacturing, Food and Beverage Services, and Food and Beverage Manufacturing",https://fr.linkedin.com/company/danone,,,,,,,,,,,
linkedin,IT Project Manager / IT-Projektleiter (all gender),ALTEN Germany,"Munich, Bavaria, Germany",2026-07-15,https://www.linkedin.com/jobs/view/4414848831 , ,li-4414848831,fulltime,,,,,,False,entry level,Engineering,,,Machinery Manufacturing and Aviation and Aerospace Component Manufacturing,https://de.linkedin.com/company/altengermany,,,,,,,,,,,
linkedin,Technical Project Manager Software Solutions (all gender) – Agile Projekte & Hightech-Produkte 100,ALTEN Germany,"Kiel, Schleswig-Holstein, Germany",2026-07-15,https://www.linkedin.com/jobs/view/4414305547 , ,li-4414305547,fulltime,,,,,,False,entry level,Engineering,,,Machinery Manufacturing and Aviation and Aerospace Component Manufacturing,https://de.linkedin.com/company/altengermany,,,,,,,,,,,
linkedin,Project Manager ERP Transformation,PUMA Group,"Herzogenaurach, Bavaria, Germany",2026-07-15,https://www.linkedin.com/jobs/view/4421883589 , ,li-4421883589,fulltime,,,,,,False,associate,Project Management and Information Technology,,,Retail,https://de.linkedin.com/company/puma,,,,,,,,,,,
linkedin,Technical Project Manager - Production,Helsing,"Munich, Bavaria, Germany",2026-07-15,https://www.linkedin.com/jobs/view/4438088580 , ,li-4438088580,fulltime,,,,,,True,mid-senior level,Project Management and Information Technology,,,Software Development,https://de.linkedin.com/company/helsing,,,,,,,,,,,
linkedin,Implementation Manager,Everfield,"Berlin, Berlin, Germany",2026-07-15,https://www.linkedin.com/jobs/view/4423230390 , ,li-4423230390,fulltime,,,,,,True,mid-senior level,Management and Manufacturing,,,Software Development,https://uk.linkedin.com/company/everfield,,,,,,,,,,,
linkedin,"Operations Manager, Autonomous Mobility, Uber DACH",Uber,"Berlin, Berlin, Germany",2026-07-15,https://www.linkedin.com/jobs/view/4441215319 , ,li-4441215319,fulltime,,,,,,True,mid-senior level,Management and Manufacturing,,,Internet Marketplace Platforms,https://www.linkedin.com/company/uber-com,,,,,,,,,,,
linkedin,GTM Enablement Specialist,Jobgether,,2026-07-15,https://www.linkedin.com/jobs/view/4439964590 , ,li-4439964590,fulltime,,,,,,True,mid-senior level,Other,,,Internet Marketplace Platforms,https://be.linkedin.com/company/jobgether,,,,,,,,,,,
linkedin,Project Manager,Mercury,"Frankfurt, Hesse, Germany",2026-07-15,https://www.linkedin.com/jobs/view/4319882513 , ,li-4319882513,fulltime,,,,,,False,mid-senior level,Project Management and Information Technology,,,Construction,https://ie.linkedin.com/company/mercury-engineering,,,,,,,,,,,
linkedin,Produktmanager (m/w/d) Customer Service Solutions,Carrier,"Hesse, Germany",2026-07-15,https://www.linkedin.com/jobs/view/4440234925 , ,li-4440234925,fulltime,,,,,,False,mid-senior level,Product Management and Marketing,,Carrier.Recruiting@carrier.com,Wholesale Building Materials,https://www.linkedin.com/company/carrier,,,,,,,,,,,
linkedin,Product Operations Lead,Trinsic,,2026-07-15,https://www.linkedin.com/jobs/view/4440262668 , ,li-4440262668,fulltime,,,,,,True,mid-senior level,Management and Manufacturing,,,Mobile Computing Software Products,https://www.linkedin.com/company/trinsic-id,,,,,,,,,,,
linkedin,Product Manager Digital Solutions / Phishing (m/w/d),Deutsche Apotheker- und Ärztebank - apoBank,"Düsseldorf, North Rhine-Westphalia, Germany",2026-07-15,https://www.linkedin.com/jobs/view/4440866351 , ,li-4440866351,fulltime,,,,,,False,mid-senior level,Product Management and Marketing,,,Banking,https://de.linkedin.com/company/apobank,,,,,,,,,,,
linkedin,Produktmanager Consumer Electronics (m/w/d),ANSMANN AG,"Assamstadt, Baden-Württemberg, Germany",2026-07-15,https://www.linkedin.com/jobs/view/4440761326 , ,li-4440761326,fulltime,,,,,,False,not applicable,Product Management,,,Computers and Electronics Manufacturing,https://de.linkedin.com/company/ansmann-ag,,,,,,,,,,,
linkedin,Senior Product Manager Agentic AI (w/m/d),Rebel Recruiting,,2026-07-15,https://www.linkedin.com/jobs/view/4440974689 , ,li-4440974689,fulltime,,,,,,True,associate,Product Management,,,Hospitality and Software Development,https://de.linkedin.com/company/rebel-recruiting,,,,,,,,,,,
linkedin,Product Manager (m/f/d) IT Monitoring & Observability,Checkmk,,2026-07-15,https://www.linkedin.com/jobs/view/4438070103 , ,li-4438070103,fulltime,,,,,,False,mid-senior level,Product Management and Information Technology,,,Software Development and IT System Custom Software Development,https://de.linkedin.com/company/checkmk,,,,,,,,,,,
linkedin,Produktmanager*in (m/w/d),ENQT,"Hamburg, Hamburg, Germany",2026-07-15,https://www.linkedin.com/jobs/view/4440680139 , ,li-4440680139,fulltime,,,,,,False,mid-senior level,Management,,,Telecommunications,https://de.linkedin.com/company/enqt-gmbh,,,,,,,,,,,
linkedin,Product Manager - Client Experience (m/f/d),LYNX Beleggen,"Berlin, Berlin, Germany",2026-07-15,https://www.linkedin.com/jobs/view/4401886452 , ,li-4401886452,fulltime,,,,,,False,mid-senior level,Product Management and Marketing,,,Financial Services,https://nl.linkedin.com/company/lynx,,,,,,,,,,,
linkedin,Junior Account Manager / Junior Sales Consultant (m/w/d),KRONGAARD,"Düsseldorf, North Rhine-Westphalia, Germany",2026-07-15,https://www.linkedin.com/jobs/view/4440205723 , ,li-4440205723,fulltime,,,,,,False,entry level,Sales and Consulting,,,Staffing and Recruiting and Human Resources Services,https://de.linkedin.com/company/krongaard,,,,,,,,,,,
linkedin,"Manager, Clinical Data Management",Alimentiv,"Berlin, Berlin, Germany",2026-07-15,https://www.linkedin.com/jobs/view/4440230775 , ,li-4440230775,fulltime,,,,,,False,not applicable,"Research, Analyst, and Information Technology",,,Pharmaceutical Manufacturing,https://ca.linkedin.com/company/alimentiv,,,,,,,,,,,
linkedin,Aero Team Leader (Delivery Manager),MIGSO-PCUBED,"Hamburg, Germany",2026-07-15,https://www.linkedin.com/jobs/view/4438093445 , ,li-4438093445,fulltime,,,,,,False,mid-senior level,"Project Management, Business Development, and Management",,,"Business Consulting and Services, Aviation and Aerospace Component Manufacturing, and Engineering Services",https://fr.linkedin.com/company/migso-pcubed,,,,,,,,,,,
linkedin,Senior Project Manager (f/m/d) Installation Of Overhead Catenary Systems,Siemens,"Erlangen, Bavaria, Germany",2026-07-15,https://www.linkedin.com/jobs/view/4413568538 , ,li-4413568538,fulltime,,,,,,False,mid-senior level,Engineering,,,Automation Machinery Manufacturing,https://de.linkedin.com/company/siemens,,,,,,,,,,,
linkedin,Program Manager Middle [211294],Aquent,"Berlin, Berlin, Germany",2026-07-15,https://www.linkedin.com/jobs/view/4438412150 , ,li-4438412150,contract,,,,,,False,mid-senior level,"General Business, Strategy/Planning, and Administrative",,,Staffing and Recruiting,https://www.linkedin.com/company/aquent,,,,,,,,,,,
linkedin,Project Director,AJ Group,,2026-07-15,https://www.linkedin.com/jobs/view/4441220294 , ,li-4441220294,fulltime,,,,,,False,director,Project Management,,,Construction,https://ie.linkedin.com/company/theajgroup,,,,,,,,,,,
linkedin,Logistics Manager,Too Good To Go,"Hamburg, Hamburg, Germany",2026-07-15,https://www.linkedin.com/jobs/view/4441286356 , ,li-4441286356,fulltime,,,,,,False,mid-senior level,Management and Manufacturing,,,Environmental Services,https://dk.linkedin.com/company/too-good-to-go,,,,,,,,,,,
linkedin,"Pool-Ausschreibung / (Senior) Consultant, Project Manager Volkswagen Group Consulting (w/m/d)",Volkswagen Group,"Wolfsburg, Lower Saxony, Germany",2026-07-15,https://www.linkedin.com/jobs/view/4431271885 , ,li-4431271885,fulltime,,,,,,False,mid-senior level,Project Management and Information Technology,,,Motor Vehicle Manufacturing,https://de.linkedin.com/company/volkswagen-group,,,,,,,,,,,
linkedin,Project Manager (f/m/d),Clariness,"Berlin, Germany",2026-07-15,https://www.linkedin.com/jobs/view/4441203273 , ,li-4441203273,,,,,,,False,,,,,,https://de.linkedin.com/company/clariness-holding-ag,,,,,,,,,,,
linkedin,Team Leader Project Engineering (gn),ZIM Aircraft Seating Group,"Immenstaad am Bodensee, Baden-Württemberg, Germany",2026-07-15,https://www.linkedin.com/jobs/view/4438082665 , ,li-4438082665,fulltime,,,,,,False,associate,Engineering,,jobs@zim.aero,Aviation and Aerospace Component Manufacturing,https://de.linkedin.com/company/zim-aircraft-seating,,,,,,,,,,,
linkedin,Project Controls Manager,Accenture DACH,"Frankfurt, Hesse, Germany",2026-07-15,https://www.linkedin.com/jobs/view/4440281705 , ,li-4440281705,fulltime,,,,,,False,mid-senior level,Management and Manufacturing,,,IT Services and IT Consulting,https://de.linkedin.com/company/accenture-dach,,,,,,,,,,,
linkedin,Senior Projekt- & Account Manager - all genders,Adbaker GmbH,"Cologne, North Rhine-Westphalia, Germany",2026-07-15,https://www.linkedin.com/jobs/view/4438091041 , ,li-4438091041,fulltime,,,,,,False,associate,Marketing,,,Advertising Services,https://de.linkedin.com/company/adbaker-gmbh,,,,,,,,,,,
linkedin,Senior Manager Softwareentwicklung Java (all genders),adesso SE,"Münster, North Rhine-Westphalia, Germany",2026-07-15,https://www.linkedin.com/jobs/view/4382417482 , ,li-4382417482,fulltime,,,,,,False,mid-senior level,Engineering and Information Technology,,,IT Services and IT Consulting,https://de.linkedin.com/company/adesso-se,,,,,,,,,,,
linkedin,Projektleitung (all genders),adesso SE,"Stralsund, Mecklenburg-West Pomerania, Germany",2026-07-15,https://www.linkedin.com/jobs/view/3733043518 , ,li-3733043518,fulltime,,,,,,False,director,Project Management and Information Technology,,,IT Services and IT Consulting,https://de.linkedin.com/company/adesso-se,,,,,,,,,,,
linkedin,Project Manager (m/w/d) Bereich Großwälzlager,Liebherr Group,"Biberach an der Riß, Baden-Württemberg, Germany",2026-07-15,https://www.linkedin.com/jobs/view/4440207349 , ,li-4440207349,fulltime,,,,,,False,mid-senior level,Project Management and Information Technology,,,Industrial Machinery Manufacturing,https://de.linkedin.com/company/liebherr,,,,,,,,,,,
linkedin,Senior Projektleiter (w/m/d) Installation von Oberleitungsanlagen,Siemens,"Berlin, Berlin, Germany",2026-07-15,https://www.linkedin.com/jobs/view/4413562870 , ,li-4413562870,fulltime,,,,,,False,mid-senior level,Engineering,,,Automation Machinery Manufacturing,https://de.linkedin.com/company/siemens,,,,,,,,,,,
linkedin,"Technical Program Manager, Production Engineering",Talon.One,"Berlin, Berlin, Germany",2026-07-15,https://www.linkedin.com/jobs/view/4440958162 , ,li-4440958162,fulltime,,,,,,False,mid-senior level,Project Management and Information Technology,,,Software Development,https://de.linkedin.com/company/talononeloyalty,,,,,,,,,,,
linkedin,Clinical Operations Lead (Clinical Trial Manager),Alimentiv,"Stuttgart, Baden-Württemberg, Germany",2026-07-14,https://www.linkedin.com/jobs/view/4439818208 , ,li-4439818208,fulltime,,,,,,False,not applicable,"Research, Analyst, and Information Technology",,recruitment@alimentiv.com,Pharmaceutical Manufacturing,https://ca.linkedin.com/company/alimentiv,,,,,,,,,,,
linkedin,"ERP Transformation Expert (f/m/d) – Procurement, Logistics & Projects",Siemens Energy,"Karlsruhe, Baden-Württemberg, Germany",2026-07-14,https://www.linkedin.com/jobs/view/4430381970 , ,li-4430381970,fulltime,,,,,,True,mid-senior level,Supply Chain,,,"Appliances, Electrical, and Electronics Manufacturing",https://www.linkedin.com/company/siemens-energy,,,,,,,,,,,
linkedin,Produkt-Manager (m/w/d)- Hamburg,everii Group,"Hamburg, Hamburg, Germany",2026-07-14,https://www.linkedin.com/jobs/view/4437689098 , ,li-4437689098,fulltime,,,,,,True,associate,Other,,,IT Services and IT Consulting,https://de.linkedin.com/company/everii-group,,,,,,,,,,,
linkedin,Construction Director,PWMG,"Frankfurt, Hesse, Germany",2026-07-14,https://www.linkedin.com/jobs/view/4440568547 , ,li-4440568547,fulltime,,,,,,False,mid-senior level,Engineering,,,Construction and Data Infrastructure and Analytics,https://uk.linkedin.com/company/pwmg,,,,,,,,,,,
linkedin,Senior Project Manager - DTC Technology & Platform Rollouts,PUMA Group,"Herzogenaurach, Bavaria, Germany",2026-07-14,https://www.linkedin.com/jobs/view/4422100031 , ,li-4422100031,fulltime,,,,,,False,mid-senior level,Project Management and Information Technology,,,Retail,https://de.linkedin.com/company/puma,,,,,,,,,,,
linkedin,Senior Business Product Manager (all genders),Wemolo,"Munich, Bavaria, Germany",2026-07-14,https://www.linkedin.com/jobs/view/4440573053 , ,li-4440573053,fulltime,,,,,,False,mid-senior level,Product Management and Marketing,,elisa.fuerter@wemolo.com,Information Technology & Services,https://de.linkedin.com/company/wemolo,,,,,,,,,,,
linkedin,"Senior Product Manager, Payments",Jobgether,,2026-07-14,https://www.linkedin.com/jobs/view/4439810865 , ,li-4439810865,fulltime,,,,,,True,mid-senior level,Product Management and Marketing,,,Internet Marketplace Platforms,https://be.linkedin.com/company/jobgether,,,,,,,,,,,
linkedin,"Senior Product Manager, Acquisition",Jobgether,,2026-07-14,https://www.linkedin.com/jobs/view/4439854329 , ,li-4439854329,fulltime,,,,,,True,mid-senior level,Product Management and Marketing,,,Internet Marketplace Platforms,https://be.linkedin.com/company/jobgether,,,,,,,,,,,
linkedin,"Product Manager, Consumer Platform  (f/m/x)",AUTO1 Group,"Berlin, Berlin, Germany",2026-07-14,https://www.linkedin.com/jobs/view/4439847906 , ,li-4439847906,fulltime,,,,,,True,mid-senior level,Information Technology,,,Motor Vehicle Manufacturing,https://de.linkedin.com/company/auto1-group,,,,,,,,,,,
linkedin,Quality Manager (m/w/d) Product Approval,Rolls-Royce,"Friedrichshafen, Baden-Württemberg, Germany",2026-07-14,https://www.linkedin.com/jobs/view/4439816028 , ,li-4439816028,fulltime,,,,,,False,mid-senior level,Quality Assurance,,careers@ps.rolls,Industrial Machinery Manufacturing,https://uk.linkedin.com/company/rolls-royce,,,,,,,,,,,
linkedin,Product Manager (all genders) - IoT Platform,Wemolo,"Munich, Bavaria, Germany",2026-07-14,https://www.linkedin.com/jobs/view/4437693657 , ,li-4437693657,fulltime,,,,,,True,associate,Product Management,,elisa.fuerter@wemolo.com,Information Technology & Services,https://de.linkedin.com/company/wemolo,,,,,,,,,,,
linkedin,SENIOR PRODUCT MANAGER (m/f/d),CHAPTR,"Berlin, Germany",2026-07-14,https://www.linkedin.com/jobs/view/4431722374 , ,li-4431722374,fulltime,,,,,,True,mid-senior level,Product Management and Marketing,,,"Technology, Information and Internet",https://de.linkedin.com/company/chaptrxyz,,,,,,,,,,,
linkedin,IT Product Manager - Manufacturing,Siemens Gamesa,"Cuxhaven, Lower Saxony, Germany",2026-07-14,https://www.linkedin.com/jobs/view/4422845019 , ,li-4422845019,fulltime,,,,,,True,mid-senior level,Information Technology,,,"Appliances, Electrical, and Electronics Manufacturing",https://es.linkedin.com/company/siemensgamesa,,,,,,,,,,,
linkedin,Product Manager - Decision Intelligence & Experimentation,trivago,"Düsseldorf, North Rhine-Westphalia, Germany",2026-07-14,https://www.linkedin.com/jobs/view/4439874001 , ,li-4439874001,fulltime,,,,,,True,mid-senior level,Product Management and Marketing,,joinus@trivago.com,Internet Publishing,https://de.linkedin.com/company/trivagonv,,,,,,,,,,,
linkedin,Senior Product Manager (m/w/d),Conceptboard,,2026-07-14,https://www.linkedin.com/jobs/view/4440515892 , ,li-4440515892,fulltime,,,,,,False,associate,Product Management,,,Software Development,https://de.linkedin.com/company/conceptboard,,,,,,,,,,,
linkedin,Product Owner Agent Assist & User Platforms (m/w/d),Ströer X GmbH,"Hamburg, Hamburg, Germany",2026-07-14,https://www.linkedin.com/jobs/view/4440528269 , ,li-4440528269,fulltime,,,,,,False,mid-senior level,Other,,,Telecommunications,https://de.linkedin.com/company/stroeer-x-gmbh,,,,,,,,,,,
linkedin,"Team Lead, Engineering",Deel,,2026-07-14,https://www.linkedin.com/jobs/view/4439826565 , ,li-4439826565,fulltime,,,,,,True,mid-senior level,Engineering,,recruiting@deel.com,Human Resources Services,https://www.linkedin.com/company/deel,,,,,,,,,,,
linkedin,Produktmanager - Webhosting-Produkte (m/w/d),mittwald,"Espelkamp, North Rhine-Westphalia, Germany",2026-07-14,https://www.linkedin.com/jobs/view/4439803961 , ,li-4439803961,fulltime,,,,,,False,mid-senior level,Product Management and Marketing,,,"Technology, Information and Internet",https://de.linkedin.com/company/mittwald,,,,,,,,,,,
linkedin,Product Owner - VDC Manager (f/m/d),Thinkproject,"Munich, Bavaria, Germany",2026-07-14,https://www.linkedin.com/jobs/view/4437697025 , ,li-4437697025,fulltime,,,,,,False,mid-senior level,Product Management and Marketing,,,Software Development,https://de.linkedin.com/company/thinkproject-group,,,,,,,,,,,
linkedin,Produktmanager (m/w/d) – Halbleiterindustrie,Aalberts advanced mechatronics,"Eiterfeld, Hesse, Germany",2026-07-14,https://www.linkedin.com/jobs/view/4391825066 , ,li-4391825066,fulltime,,,,,,False,mid-senior level,Production,,,Fabricated Metal Products,https://nl.linkedin.com/company/aalberts-advanced-mechatronics,,,,,,,,,,,
linkedin,Product Manager (m/w/d) - Maleinsäureanhydrid,HELM AG,"Hamburg, Hamburg, Germany",2026-07-14,https://www.linkedin.com/jobs/view/4439846428 , ,li-4439846428,fulltime,,,,,,False,mid-senior level,Product Management and Marketing,,,Chemical Manufacturing,https://de.linkedin.com/company/helmag,,,,,,,,,,,
linkedin,Produktmanager (m/w/d) Artillerie,JUNGHANS Defence,"Seedorf, Baden-Württemberg, Germany",2026-07-14,https://www.linkedin.com/jobs/view/4439133921 , ,li-4439133921,fulltime,,,,,,False,mid-senior level,Product Management and Marketing,,,"Appliances, Electrical, and Electronics Manufacturing",https://de.linkedin.com/company/junghans-defence,,,,,,,,,,,
linkedin,Project Lead (m/w/d) Construction - EPCM/Erdkabel,Tintschl Unternehmensgruppe,"Bayreuth, Bavaria, Germany",2026-07-14,https://www.linkedin.com/jobs/view/4440500671 , ,li-4440500671,fulltime,,,,,,False,associate,Project Management,,,"Electric Power Transmission, Control, and Distribution",https://de.linkedin.com/company/tintschlunternehmensgruppe,,,,,,,,,,,
linkedin,GNC Product Manager,STARK,"Berlin, Germany",2026-07-14,https://www.linkedin.com/jobs/view/4440506690 , ,li-4440506690,fulltime,,,,,,False,mid-senior level,Engineering,,,Defense and Space Manufacturing,https://de.linkedin.com/company/stark-defence,,,,,,,,,,,
linkedin,Construction Manager,Hatch,"Essen, North Rhine-Westphalia, Germany",2026-07-14,https://www.linkedin.com/jobs/view/4432241431 , ,li-4432241431,fulltime,,,,,,False,mid-senior level,"Design, Consulting, and Engineering",,,"Mining, Oil and Gas, and Truck Transportation",https://ca.linkedin.com/company/hatch,,,,,,,,,,,
linkedin,BIM Manager,Mane Contract Services,"Munich, Bavaria, Germany",2026-07-14,https://www.linkedin.com/jobs/view/4438000397 , ,li-4438000397,fulltime,,,,,,False,mid-senior level,Engineering and Design,,,"Engineering Services, Data Infrastructure and Analytics, and Building Construction",https://uk.linkedin.com/company/mane-contract-services,,,,,,,,,,,
linkedin,"(Senior) Specialist, Total Rewards (Equity)",Delivery Hero,"Berlin, Berlin, Germany",2026-07-14,https://www.linkedin.com/jobs/view/4439841949 , ,li-4439841949,fulltime,,,,,,False,mid-senior level,Human Resources,,inclusion@deliveryhero.com,Software Development and IT Services and IT Consulting,https://de.linkedin.com/company/delivery-hero-se,,,,,,,,,,,
linkedin,R&D PMO Specialist,Jungbunzlauer,"Ladenburg, Baden-Württemberg, Germany",2026-07-14,https://www.linkedin.com/jobs/view/4428872135 , ,li-4428872135,fulltime,,,,,,False,not applicable,Project Management and Information Technology,,,Biotechnology,https://ch.linkedin.com/company/jungbunzlauer,,,,,,,,,,,
linkedin,Senior Construction Project Manager,Cumming Group UK & Europe,"North Rhine-Westphalia, Germany",2026-07-14,https://www.linkedin.com/jobs/view/4427494458 , ,li-4427494458,fulltime,,,,,,False,mid-senior level,Engineering,,,Hospitality and Real Estate,https://uk.linkedin.com/company/cumming-group-europe,,,,,,,,,,,
linkedin,Ingenieur/Techniker (m/w/div.) Elektrotechnik,舒驰容器（上海）有限公司,"Nordhofen, Rhineland-Palatinate, Germany",2026-07-14,https://www.linkedin.com/jobs/view/4440568421 , ,li-4440568421,fulltime,,,,,,False,entry level,Management and Manufacturing,,,Packaging & Containers,https://cn.linkedin.com/company/%E8%88%92%E9%A9%B0%E5%AE%B9%E5%99%A8%EF%BC%88%E4%B8%8A%E6%B5%B7%EF%BC%89%E6%9C%89%E9%99%90%E5%85%AC%E5%8F%B8,,,,,,,,,,,
linkedin,"Data Center Project Manager , Critical Projects Implementation Team",Amazon Web Services (AWS),"Frankfurt, Hesse, Germany",2026-07-14,https://www.linkedin.com/jobs/view/4440800372 , ,li-4440800372,fulltime,,,,,,False,mid-senior level,"Information Technology, Consulting, and Engineering",,,IT Services and IT Consulting,https://www.linkedin.com/company/amazon-web-services,,,,,,,,,,,
linkedin,Mitarbeiter*in (m/w/d) Projektmanagement,Schindler Group,"Berlin, Berlin, Germany",2026-07-14,https://www.linkedin.com/jobs/view/4434874491 , ,li-4434874491,fulltime,,,,,,False,mid-senior level,Project Management and Information Technology,,,Industrial Machinery Manufacturing,https://ch.linkedin.com/company/schindler-group,,,,,,,,,,,
linkedin,Engineering Project Manager / Specialist,MSA - The Safety Company,"Berlin, Germany",2026-07-14,https://www.linkedin.com/jobs/view/4429402214 , ,li-4429402214,fulltime,,,,,,False,mid-senior level,Project Management and Engineering,,,Public Safety,https://www.linkedin.com/company/msa-the-safety-company,,,,,,,,,,,
linkedin,Technical Project Manager - Hardware Engineering (m/f/d),EGYM | DACH,"Munich, Bavaria, Germany",2026-07-14,https://www.linkedin.com/jobs/view/4440563584 , ,li-4440563584,fulltime,,,,,,False,mid-senior level,Engineering and Information Technology,,"jobs@egym.de, jobs@egym.com",Wellness and Fitness Services,https://de.linkedin.com/company/egym-gmbh,,,,,,,,,,,
linkedin,Agent Deployment Lead,opus,"Berlin, Berlin, Germany",2026-07-14,https://www.linkedin.com/jobs/view/4437652517 , ,li-4437652517,fulltime,,,,,,False,entry level,Other,,,Software Development,https://de.linkedin.com/company/opus-technologies-gmbh,,,,,,,,,,,
linkedin,Projektmanager/Projektsteuerung (m/w/d) Bauprojekte,apc members,"Hamburg, Hamburg, Germany",2026-07-14,https://www.linkedin.com/jobs/view/4437673811 , ,li-4437673811,fulltime,,,,,,False,mid-senior level,Other,,,Architecture and Planning,https://de.linkedin.com/company/apc-members,,,,,,,,,,,
linkedin,Projektmanager im Bauwesen (m/w/d),ELA Container,"Haren, Lower Saxony, Germany",2026-07-14,https://www.linkedin.com/jobs/view/4430213514 , ,li-4430213514,fulltime,,,,,,False,mid-senior level,Project Management and Information Technology,,,Building Construction,https://de.linkedin.com/company/ela-container,,,,,,,,,,,
linkedin,Venture Development Manager (m/w/d),PAUL Tech AG,"Mannheim, Baden-Württemberg, Germany",2026-07-14,https://www.linkedin.com/jobs/view/4440807081 , ,li-4440807081,fulltime,,,,,,False,mid-senior level,Engineering and Information Technology,,,Real Estate,https://de.linkedin.com/company/paultechag,,,,,,,,,,,
linkedin,(Senior) Project Manager in Procurement / Supply Chain Management (f/m/d),Inverto | A BCG Company,,2026-07-14,https://www.linkedin.com/jobs/view/4376561063 , ,li-4376561063,fulltime,,,,,,False,mid-senior level,"Consulting, Purchasing, and Supply Chain",,,"Business Consulting and Services and Transportation, Logistics, Supply Chain and Storage",https://de.linkedin.com/company/inverto-gmbh,,,,,,,,,,,
linkedin,Project Quality Manager (m/f/d),Fluence,"Berlin, Berlin, Germany",2026-07-14,https://www.linkedin.com/jobs/view/4421878084 , ,li-4421878084,fulltime,,,,,,False,mid-senior level,Quality Assurance,,,Renewable Energy Semiconductor Manufacturing,https://www.linkedin.com/company/fluenceenergy,,,,,,,,,,,
linkedin,Projektmanager:in - Heidelberg,Nelly Solutions,"Heidelberg, Baden-Württemberg, Germany",2026-07-14,https://www.linkedin.com/jobs/view/4428963879 , ,li-4428963879,fulltime,,,,,,False,entry level,Project Management and Information Technology,,,Software Development,https://de.linkedin.com/company/nelly-solutions,,,,,,,,,,,
linkedin,OFCI Lead,Mercury,"Munich, Bavaria, Germany",2026-07-14,https://www.linkedin.com/jobs/view/4372969268 , ,li-4372969268,fulltime,,,,,,False,mid-senior level,Other,,,Construction,https://ie.linkedin.com/company/mercury-engineering,,,,,,,,,,,
linkedin,Technischer Assetmanager,Headmatch GmbH & Co. KG,"Hamburg, Germany",2026-07-14,https://www.linkedin.com/jobs/view/4439855709 , ,li-4439855709,fulltime,,,,,,False,associate,Project Management,,,Real Estate and Construction,https://de.linkedin.com/company/headmatch,,,,,,,,,,,
linkedin,Project Manager (f/m/d) for Procurement Cost Control,Siemens Energy,"Mülheim an der Ruhr, North Rhine-Westphalia, Germany",2026-07-14,https://www.linkedin.com/jobs/view/4439888379 , ,li-4439888379,fulltime,,,,,,True,mid-senior level,Supply Chain,,,"Appliances, Electrical, and Electronics Manufacturing",https://www.linkedin.com/company/siemens-energy,,,,,,,,,,,
linkedin,Project Lead – New Site Development (all genders),Blackwave,"Taufkirchen, Bavaria, Germany",2026-07-14,https://www.linkedin.com/jobs/view/4438019784 , ,li-4438019784,fulltime,,,,,,False,director,Business Development and Sales,,,Aviation and Aerospace Component Manufacturing,https://de.linkedin.com/company/blackwave-gmbh,,,,,,,,,,,
linkedin,Project Engineering & Regional Business Development Lead (m/w/d),PELEVEN AG,"Mannheim, Baden-Württemberg, Germany",2026-07-14,https://www.linkedin.com/jobs/view/4406999063 , ,li-4406999063,fulltime,,,,,,False,director,"Business Development, Project Management, and Engineering",,,Pharmaceutical Manufacturing and Engineering Services,https://ch.linkedin.com/company/peleven-ag,,,,,,,,,,,
linkedin,Cost and Value Engineer Professional (w/m/d) für Project & Solution Business,Siemens,"Berlin, Berlin, Germany",2026-07-14,https://www.linkedin.com/jobs/view/4430564977 , ,li-4430564977,fulltime,,,,,,False,mid-senior level,Supply Chain,,,Automation Machinery Manufacturing,https://de.linkedin.com/company/siemens,,,,,,,,,,,
linkedin,Construction Manager (m/f/d),Digital Realty,"Frankfurt am Main, Hesse, Germany",2026-07-14,https://www.linkedin.com/jobs/view/4439881463 , ,li-4439881463,fulltime,,,,,,False,mid-senior level,Management and Manufacturing,,,IT Services and IT Consulting,https://www.linkedin.com/company/digitalrealty,,,,,,,,,,,
linkedin,Projektleiter:in Lph 0 Infrastrukturmanagement / Infrastrukturmanager:in,Deutsche Bahn,"Berlin, Berlin, Germany",2026-07-14,https://www.linkedin.com/jobs/view/4432081192 , ,li-4432081192,fulltime,,,,,,False,mid-senior level,Information Technology,,,Truck Transportation,https://de.linkedin.com/company/deutschebahn,,,,,,,,,,,
linkedin,Projectleider / Klantverantwoordelijke,Schadenberg Bouw,"Friesland, Lower Saxony, Germany",2026-07-14,https://www.linkedin.com/jobs/view/4440525239 , ,li-4440525239,fulltime,,,,,,False,mid-senior level,Project Management and Information Technology,,,Construction,https://nl.linkedin.com/company/schadenberg-bouw-bv,,,,,,,,,,,
linkedin,Projektleiter:in Lph 0 Infrastrukturmanagement / Infrastrukturmanager:in,Deutsche Bahn,"Schwerin, Mecklenburg-West Pomerania, Germany",2026-07-14,https://www.linkedin.com/jobs/view/4432073942 , ,li-4432073942,fulltime,,,,,,False,mid-senior level,Information Technology,,,Truck Transportation,https://de.linkedin.com/company/deutschebahn,,,,,,,,,,,
linkedin,Project Manager (f/m/d) for Procurement Cost Control,Siemens Energy,"Erlangen, Bavaria, Germany",2026-07-14,https://www.linkedin.com/jobs/view/4439874961 , ,li-4439874961,fulltime,,,,,,True,mid-senior level,Supply Chain,,,"Appliances, Electrical, and Electronics Manufacturing",https://www.linkedin.com/company/siemens-energy,,,,,,,,,,,
linkedin,Technical Program Manager,IC Resources,"Berlin, Berlin, Germany",2026-07-14,https://www.linkedin.com/jobs/view/4440818283 , ,li-4440818283,fulltime,,,,,,False,mid-senior level,Project Management and Information Technology,,,Staffing and Recruiting,https://uk.linkedin.com/company/icresources,,,,,,,,,,,
linkedin,Project Support Coordinator,NES Fircroft,"Berlin, Germany",2026-07-14,https://www.linkedin.com/jobs/view/4440568512 , ,li-4440568512,fulltime,,,,,,False,associate,"Supply Chain, Accounting/Auditing, and Strategy/Planning",,,"Utilities, Electric Power Generation, and Construction",https://uk.linkedin.com/company/nes-fircroft,,,,,,,,,,,
linkedin,Project Assistant (m/f/d),Empira Group,"Munich, Bavaria, Germany",2026-07-14,https://www.linkedin.com/jobs/view/4440847153 , ,li-4440847153,fulltime,,,,,,False,entry level,Administrative,,,Real Estate,https://ch.linkedin.com/company/empira-ag,,,,,,,,,,,
linkedin,Project Manager - Remote Work,BairesDev,"Berlin, Germany",2026-07-14,https://www.linkedin.com/jobs/view/4439909882 , ,li-4439909882,fulltime,,,,,,True,mid-senior level,Information Technology,,,IT Services and IT Consulting,https://www.linkedin.com/company/bairesdev,,,,,,,,,,,
linkedin,Project Manager,g2 Recruitment,"Dresden, Saxony, Germany",2026-07-14,https://www.linkedin.com/jobs/view/4440512500 , ,li-4440512500,contract,,,,,,False,mid-senior level,Project Management,,,Semiconductor Manufacturing,https://de.linkedin.com/company/g2-recruitment-solutions,,,,,,,,,,,
linkedin,Projektmanager (m/w/d),SWARCO ITS,"Bochum, North Rhine-Westphalia, Germany",2026-07-14,https://www.linkedin.com/jobs/view/4431233882 , ,li-4431233882,fulltime,,,,,,False,mid-senior level,Project Management,,,"Paint, Coating, and Adhesive Manufacturing",https://at.linkedin.com/company/swarco-its,,,,,,,,,,,
linkedin,Mechanical Lead,Elusav Recruitment,"Munich, Bavaria, Germany",2026-07-14,https://www.linkedin.com/jobs/view/4439889594 , ,li-4439889594,fulltime,,,,,,False,associate,Engineering,,bmullins@elusav.com,"Oil and Gas, Construction, and Engineering Services",https://ie.linkedin.com/company/elusav-recruitment,,,,,,,,,,,
linkedin,Senior Projektmanager:in Hotels,Art-Invest Real Estate,"Cologne, North Rhine-Westphalia, Germany",2026-07-13,https://www.linkedin.com/jobs/view/4437269983 , ,li-4437269983,fulltime,,,,,,False,mid-senior level,Project Management,,,Hospitality,https://de.linkedin.com/company/art-invest-real-estate,,,,,,,,,,,
linkedin,Senior Project Manager - Software Development,Nortal,,2026-07-13,https://www.linkedin.com/jobs/view/4440094797 , ,li-4440094797,fulltime,,,,,,False,mid-senior level,Project Management and Information Technology,,,IT Services and IT Consulting,https://ee.linkedin.com/company/nortal,,,,,,,,,,,
linkedin,Software Engineer / Software Project Lead (m/w/d),Schülerhilfe GmbH & Co. KG,"Berlin, Berlin, Germany",2026-07-13,https://www.linkedin.com/jobs/view/4437246938 , ,li-4437246938,fulltime,,,,,,False,mid-senior level,Information Technology,,,Education Administration Programs,https://de.linkedin.com/company/sch-lerhilfe-gmbh-co-kg,,,,,,,,,,,
linkedin,Manager Digitalization (all genders),Blue Elephant Energy GmbH,"Hamburg, Germany",2026-07-13,https://www.linkedin.com/jobs/view/4437274674 , ,li-4437274674,fulltime,,,,,,False,associate,Information Technology,,,Renewable Energy Semiconductor Manufacturing,https://de.linkedin.com/company/blue-elephant-energy,,,,,,,,,,,
linkedin,Project Engineer CER Technology (m/w/d),Geberit Deutschland,"Höhr-Grenzhausen, Rhineland-Palatinate, Germany",2026-07-13,https://www.linkedin.com/jobs/view/4412142630 , ,li-4412142630,fulltime,,,,,,False,mid-senior level,Engineering and Information Technology,,,Building Materials,https://de.linkedin.com/company/geberit-deutschland,,,,,,,,,,,
linkedin,Graduate Engineering Manager,Amazon,"Horn-Bad Meinberg, North Rhine-Westphalia, Germany",2026-07-13,https://www.linkedin.com/jobs/view/4440076632 , ,li-4440076632,fulltime,,,,,,False,entry level,Other and Manufacturing,,,Software Development,https://www.linkedin.com/company/amazon,,,,,,,,,,,
linkedin,Clinical Trial Manager,Syneos Health,"Munich, Bavaria, Germany",2026-07-13,https://www.linkedin.com/jobs/view/4440074897 , ,li-4440074897,fulltime,,,,,,True,mid-senior level,"Research, Analyst, and Information Technology",,,Biotechnology Research,https://www.linkedin.com/company/syneos-health,,,,,,,,,,,
linkedin,Associate Director (Mechanical Engineering),The Resolute Group Ltd,"Frankfurt, Hesse, Germany",2026-07-13,https://www.linkedin.com/jobs/view/4439797927 , ,li-4439797927,fulltime,,,,,,False,director,Engineering and Management,,,"Construction, Design Services, and Engineering Services",https://uk.linkedin.com/company/resolute-grp,,,,,,,,,,,
linkedin,Projektmanager (w/m/d),GETEC Gruppe,"Hannover, Lower Saxony, Germany",2026-07-13,https://www.linkedin.com/jobs/view/4437238976 , ,li-4437238976,fulltime,,,,,,False,associate,Project Management,,,Oil and Gas,https://de.linkedin.com/company/getec-energie-holding-gmbh,,,,,,,,,,,
linkedin,Contract Manager (w/m/d),Hitachi Energy,"Mannheim, Baden-Württemberg, Germany",2026-07-13,https://www.linkedin.com/jobs/view/4440007428 , ,li-4440007428,fulltime,,,,,,False,mid-senior level,Management and Manufacturing,,,"Appliances, Electrical, and Electronics Manufacturing and IT Services and IT Consulting",https://ch.linkedin.com/company/hitachienergy,,,,,,,,,,,
linkedin,"Manager, Project Value (m/f/d)",Fluence,"Berlin, Berlin, Germany",2026-07-13,https://www.linkedin.com/jobs/view/4440325384 , ,li-4440325384,fulltime,,,,,,False,mid-senior level,Project Management and Information Technology,,,Renewable Energy Semiconductor Manufacturing,https://www.linkedin.com/company/fluenceenergy,,,,,,,,,,,
linkedin,Projektmanager (m/w/d),Cloudogu GmbH,"Brunswick, Lower Saxony, Germany",2026-07-13,https://www.linkedin.com/jobs/view/4437267201 , ,li-4437267201,fulltime,,,,,,False,mid-senior level,Project Management,,karriere@cloudogu.com,IT Services and IT Consulting,https://www.linkedin.com/company/cloudogu,,,,,,,,,,,
linkedin,"Innovative Project Planner (Data Centres/Buildings/High-tech/Infrastructure) - Poland, Hungary, Romania, Czech Republic (Hybrid)",Laminar Projects,,2026-07-13,https://www.linkedin.com/jobs/view/4412768874 , ,li-4412768874,fulltime,,,,,,False,mid-senior level,Project Management and Information Technology,,,Construction,https://uk.linkedin.com/company/laminarprojects,,,,,,,,,,,
linkedin,V.I.E PMO Aeronautics (all gender),ALTEN Germany,"Manching, Bavaria, Germany",2026-07-13,https://www.linkedin.com/jobs/view/4373661808 , ,li-4373661808,fulltime,,,,,,False,not applicable,Engineering,,,IT Services and IT Consulting,https://de.linkedin.com/company/altengermany,,,,,,,,,,,
linkedin,Technical Project Manager Heartbeat AI (m/f/d),1KOMMA5°,,2026-07-13,https://www.linkedin.com/jobs/view/4437273940 , ,li-4437273940,fulltime,,,,,,True,associate,Information Technology,,,Software Development,https://de.linkedin.com/company/1komma5grad,,,,,,,,,,,
linkedin,Portfolio Manager & Project Lead Strategic Projects – Building Management Services (w/m/div.),Bosch,"Munich, Bavaria, Germany",2026-07-13,https://www.linkedin.com/jobs/view/4439444182 , ,li-4439444182,fulltime,,,,,,False,associate,Engineering,,,Facilities Services,https://de.linkedin.com/company/bosch,,,,,,,,,,,
linkedin,Project Procurement Manager - Offshore Wind,Goldwind,"Frankfurt am Main, Hesse, Germany",2026-07-13,https://www.linkedin.com/jobs/view/4440006019 , ,li-4440006019,fulltime,,,,,,False,mid-senior level,Purchasing and Project Management,,,Services for Renewable Energy,https://cn.linkedin.com/company/goldwind,,,,,,,,,,,
linkedin,Head of Supply Chain & Strategic Partnerships,Exergy3,"Munich, Bavaria, Germany",2026-07-13,https://www.linkedin.com/jobs/view/4440061841 , ,li-4440061841,fulltime,,,,,,True,mid-senior level,Supply Chain,,,IT Services and IT Consulting,https://uk.linkedin.com/company/exergy3-limited,,,,,,,,,,,
linkedin,Senior Project Manager - Consulting,Nortal,,2026-07-13,https://www.linkedin.com/jobs/view/4440308220 , ,li-4440308220,fulltime,,,,,,False,mid-senior level,Project Management and Information Technology,,,IT Services and IT Consulting,https://ee.linkedin.com/company/nortal,,,,,,,,,,,
linkedin,Senior Project Manager - Consulting,Nortal,"Berlin, Germany",2026-07-13,https://www.linkedin.com/jobs/view/4440096880 , ,li-4440096880,fulltime,,,,,,False,mid-senior level,Project Management and Information Technology,,,IT Services and IT Consulting,https://ee.linkedin.com/company/nortal,,,,,,,,,,,
linkedin,SAP Project Manager,Smart Consulting,,2026-07-13,https://www.linkedin.com/jobs/view/4437277192 , ,li-4437277192,fulltime,,,,,,True,mid-senior level,Information Technology,,,IT Services and IT Consulting,https://pt.linkedin.com/company/thesmartwaytodoit,,,,,,,,,,,
linkedin,Senior Software Project Manager,SciNova,"Munich, Bavaria, Germany",2026-07-13,https://www.linkedin.com/jobs/view/4439135524 , ,li-4439135524,fulltime,,,,,,False,mid-senior level,Project Management and Information Technology,,,Medical Equipment Manufacturing and Hospitals and Health Care,https://uk.linkedin.com/company/scinovasearch,,,,,,,,,,,
linkedin,Product Manager,Jaipur Robotics,,2026-07-13,https://www.linkedin.com/jobs/view/4439770099 , ,li-4439770099,fulltime,,,,,,True,entry level,Product Management and Marketing,,,Robotics Engineering,https://ch.linkedin.com/company/jaipurrobotics,,,,,,,,,,,
linkedin,"Senior Product Manager, Exchange",Cint,"Berlin, Berlin, Germany",2026-07-13,https://www.linkedin.com/jobs/view/4431679465 , ,li-4431679465,fulltime,,,,,,True,mid-senior level,Product Management,,,Software Development,https://se.linkedin.com/company/cint,,,,,,,,,,,
linkedin,Product Manager (m/w/d),Matera,"Berlin, Berlin, Germany",2026-07-13,https://www.linkedin.com/jobs/view/4437245837 , ,li-4437245837,fulltime,,,,,,False,associate,Product Management,,,IT Services and IT Consulting,https://fr.linkedin.com/company/materafr,,,,,,,,,,,
linkedin,Product Owner (m/w/d) Zendesk & Babelforce - Customer Service // remote möglich,Breuninger,"Stuttgart, Baden-Württemberg, Germany",2026-07-13,https://www.linkedin.com/jobs/view/4436173641 , ,li-4436173641,fulltime,,,,,,True,not applicable,Product Management,,,Software Development and IT Services and IT Consulting,https://de.linkedin.com/company/breuninger,,,,,,,,,,,
linkedin,Produktmanager Karten,JCW Group,"Stuttgart, Baden-Württemberg, Germany",2026-07-13,https://www.linkedin.com/jobs/view/4437248985 , ,li-4437248985,fulltime,,,,,,False,mid-senior level,Other,,,Banking,https://www.linkedin.com/company/jcwgroup,,,,,,,,,,,
linkedin,Product Owner Mobile Self Scanning (m/w/d),Schwarz Digits,"Bad Friedrichshall, Baden-Württemberg, Germany",2026-07-13,https://www.linkedin.com/jobs/view/4437989965 , ,li-4437989965,fulltime,,,,,,False,mid-senior level,Product Management and Marketing,,,IT Services and IT Consulting,https://de.linkedin.com/company/schwarz-digits,,,,,,,,,,,
linkedin,(Senior) Product Manager Pigments (m/w/d),HELM AG,"Hamburg, Hamburg, Germany",2026-07-13,https://www.linkedin.com/jobs/view/4439442179 , ,li-4439442179,fulltime,,,,,,False,mid-senior level,Product Management and Marketing,,,Chemical Manufacturing,https://de.linkedin.com/company/helmag,,,,,,,,,,,
linkedin,Project Manager,Seven Executive Limited,"Frankfurt, Hesse, Germany",2026-07-13,https://www.linkedin.com/jobs/view/4437269947 , ,li-4437269947,fulltime,,,,,,False,mid-senior level,Project Management,,,HVAC and Refrigeration Equipment Manufacturing,https://uk.linkedin.com/company/seven-executive,,,,,,,,,,,
linkedin,Project Manager,Revalize,"Karlsruhe, Baden-Württemberg, Germany",2026-07-13,https://www.linkedin.com/jobs/view/4439798213 , ,li-4439798213,fulltime,,,,,,False,mid-senior level,Project Management,,,Software Development,https://www.linkedin.com/company/revalize,,,,,,,,,,,
linkedin,Projektleiter (m/w/d),Cobalt Deutschland GmbH,,2026-07-13,https://www.linkedin.com/jobs/view/4440029895 , ,li-4440029895,fulltime,,,,,,False,associate,Project Management,,,Real Estate and Construction,https://de.linkedin.com/company/cobalt-deutschland,,,,,,,,,,,
linkedin,Civil Design and Installation Manager (m/w/d),GE Vernova,"Berlin, Berlin, Germany",2026-07-13,https://www.linkedin.com/jobs/view/4440087591 , ,li-4440087591,fulltime,,,,,,False,mid-senior level,Engineering and Information Technology,,,Energy Technology,https://www.linkedin.com/company/gevernova,,,,,,,,,,,
linkedin,(Senior) Manager (all genders) Scaling and Transforming Defense,Porsche Consulting,"Hamburg, Hamburg, Germany",2026-07-13,https://www.linkedin.com/jobs/view/4382324423 , ,li-4382324423,fulltime,,,,,,False,mid-senior level,Other,,,Business Consulting and Services,https://de.linkedin.com/company/porsche-consulting-,,,,,,,,,,,
linkedin,Commissioning Manager (all genders) High Voltage Substations,GE Vernova,"Berlin, Berlin, Germany",2026-07-13,https://www.linkedin.com/jobs/view/4440080862 , ,li-4440080862,fulltime,,,,,,True,mid-senior level,Project Management and Information Technology,,,Energy Technology,https://www.linkedin.com/company/gevernova,,,,,,,,,,,
linkedin,Partner Enablement Manager – BESS (m/f/d),STABL Energy,"Berlin, Berlin, Germany",2026-07-13,https://www.linkedin.com/jobs/view/4437297266 , ,li-4437297266,fulltime,,,,,,True,associate,Production,,,Software Development,https://de.linkedin.com/company/stablenergy,,,,,,,,,,,
linkedin,Regional Project Delivery Lead - Data Centres,The Resolute Group Ltd,,2026-07-13,https://www.linkedin.com/jobs/view/4439798843 , ,li-4439798843,fulltime,,,,,,False,mid-senior level,Consulting,,,Construction and Engineering Services,https://uk.linkedin.com/company/resolute-grp,,,,,,,,,,,
linkedin,Lean Manager (m/w/d),TKMS,"Kiel, Schleswig-Holstein, Germany",2026-07-13,https://www.linkedin.com/jobs/view/4437289112 , ,li-4437289112,fulltime,,,,,,False,mid-senior level,Engineering,,,Utilities,https://de.linkedin.com/company/tkms,,,,,,,,,,,
linkedin,SAP Project Manager,IgniteSAP,,2026-07-13,https://www.linkedin.com/jobs/view/4440095134 , ,li-4440095134,fulltime,,,,,,False,mid-senior level,Project Management and Information Technology,,,IT Services and IT Consulting,https://de.linkedin.com/company/ignitesap,,,,,,,,,,,
linkedin,Project Coordinator EMEA Supply Chain Management (all genders)(1068),Joyson Safety Systems Hungary,"Aschaffenburg, Bavaria, Germany",2026-07-13,https://www.linkedin.com/jobs/view/4440037628 , ,li-4440037628,fulltime,,,,,,False,entry level,Project Management and Information Technology,,laura.staab@joysonsafety.com,Motor Vehicle Manufacturing,https://hu.linkedin.com/company/joyson-safety-systems-hungary,,,,,,,,,,,
linkedin,Product Manager - Product Lines (m/w/f),Fluence,"Berlin, Berlin, Germany",2026-07-12,https://www.linkedin.com/jobs/view/4439766174 , ,li-4439766174,fulltime,,,,,,False,mid-senior level,Product Management and Marketing,,,Renewable Energy Semiconductor Manufacturing,https://www.linkedin.com/company/fluenceenergy,,,,,,,,,,,
linkedin,IT Product Group Owner (d/f/m) HR Solutions,Schaeffler,"Herzogenaurach, Bavaria, Germany",2026-07-12,https://www.linkedin.com/jobs/view/4381978499 , ,li-4381978499,fulltime,,,,,,False,director,Product Management and Marketing,,,Manufacturing,https://de.linkedin.com/company/schaeffler,,,,,,,,,,,
linkedin,Project Manager (m/f/d),Exyte,"Bad Homburg, Hesse, Germany",2026-07-12,https://www.linkedin.com/jobs/view/4412131761 , ,li-4412131761,fulltime,,,,,,False,mid-senior level,Project Management and Information Technology,,lisamarie.kussmaul@exyte.net,Civil Engineering,https://de.linkedin.com/company/exyte-group,,,,,,,,,,,
linkedin,Technical Project Manager,WHITEvoid,"Berlin, Berlin, Germany",2026-07-12,https://www.linkedin.com/jobs/view/4437214770 , ,li-4437214770,fulltime,,,,,,False,director,Other,,,Performing Arts,https://de.linkedin.com/company/whitevoid,,,,,,,,,,,
linkedin,Project Manager / Product Owner (m/w/d),Funkwerk AG,"Kölleda, Thuringia, Germany",2026-07-12,https://www.linkedin.com/jobs/view/4437217853 , ,li-4437217853,fulltime,,,,,,False,mid-senior level,Project Management,,,"Appliances, Electrical, and Electronics Manufacturing",https://de.linkedin.com/company/funkwerk-ag,,,,,,,,,,,
linkedin,Communication Project Manager (m/f/d),Norsk Hydro,"Ulm, Baden-Württemberg, Germany",2026-07-12,https://www.linkedin.com/jobs/view/4420931430 , ,li-4420931430,fulltime,,,,,,False,mid-senior level,Project Management and Information Technology,,,Mining,https://no.linkedin.com/company/norsk-hydro,,,,,,,,,,,
linkedin,(Senior) Product Manager - Fiberglas (m/w/d),HELM AG,"Hamburg, Hamburg, Germany",2026-07-12,https://www.linkedin.com/jobs/view/4371169094 , ,li-4371169094,fulltime,,,,,,False,mid-senior level,Product Management and Marketing,,,Chemical Manufacturing,https://de.linkedin.com/company/helmag,,,,,,,,,,,
linkedin,Planungskoordinator / Projektleiter (w/m/d),Arcadis,"Berlin, Berlin, Germany",2026-07-12,https://www.linkedin.com/jobs/view/4418335228 , ,li-4418335228,fulltime,,,,,,False,not applicable,Other,,,Professional Services,https://nl.linkedin.com/company/arcadis,,,,,,,,,,,
linkedin,Planungskoordinator / Projektleiter (w/m/d),Arcadis,"Hamburg, Hamburg, Germany",2026-07-12,https://www.linkedin.com/jobs/view/4418352098 , ,li-4418352098,fulltime,,,,,,False,not applicable,Other,,,Professional Services,https://nl.linkedin.com/company/arcadis,,,,,,,,,,,
linkedin,Planungskoordinator / Projektleiter (w/m/d),Arcadis,"Leipzig, Saxony, Germany",2026-07-12,https://www.linkedin.com/jobs/view/4418336264 , ,li-4418336264,fulltime,,,,,,False,not applicable,Other,,,Professional Services,https://nl.linkedin.com/company/arcadis,,,,,,,,,,,
linkedin,Creative Project Manager in Vollzeit | 100% Remote - (m/w/d),4Creative,,2026-07-12,https://www.linkedin.com/jobs/view/4437208889 , ,li-4437208889,fulltime,,,,,,True,mid-senior level,Marketing,,,Professional Services,https://uk.linkedin.com/company/4creative,,,,,,,,,,,
linkedin,Projektleiter m/w/d,SPIE SAT,"Nuremberg, Bavaria, Germany",2026-07-12,https://www.linkedin.com/jobs/view/4438961569 , ,li-4438961569,fulltime,,,,,,False,mid-senior level,"Design, Art/Creative, and Information Technology",,,Environmental Services,https://de.linkedin.com/company/spie-sat,,,,,,,,,,,
linkedin,Planungskoordinator / Projektleiter (w/m/d),Arcadis,"Dresden, Saxony, Germany",2026-07-12,https://www.linkedin.com/jobs/view/4418348142 , ,li-4418348142,fulltime,,,,,,False,not applicable,Other,,,Professional Services,https://nl.linkedin.com/company/arcadis,,,,,,,,,,,
linkedin,Bürokraft Projektmanagement (w/m/d),Show Exclusiv,"Berlin, Berlin, Germany",2026-07-12,https://www.linkedin.com/jobs/view/4438987228 , ,li-4438987228,fulltime,,,,,,False,entry level,Project Management and Information Technology,,,Events Services,https://de.linkedin.com/company/show-exclusiv,,,,,,,,,,,
linkedin,Clinical Research Associate,"Alexion Pharmaceuticals, Inc.","Munich, Bavaria, Germany",2026-07-12,https://www.linkedin.com/jobs/view/4310567145 , ,li-4310567145,fulltime,,,,,,True,entry level,"Research, Analyst, and Information Technology",,,Biotechnology Research,https://www.linkedin.com/company/alexion-pharmaceuticals,,,,,,,,,,,
linkedin,Continuous Improvement Manager GONet (m/w/d),Eaton,"Gummersbach, North Rhine-Westphalia, Germany",2026-07-12,https://www.linkedin.com/jobs/view/4418353136 , ,li-4418353136,fulltime,,,,,,False,mid-senior level,Other,,,"Appliances, Electrical, and Electronics Manufacturing",https://ie.linkedin.com/company/eaton,,,,,,,,,,,
linkedin,Teilprojektleiter:in Ausrüstungstechnik,Deutsche Bahn,"Hamburg, Hamburg, Germany",2026-07-11,https://www.linkedin.com/jobs/view/4439502945 , ,li-4439502945,fulltime,,,,,,False,mid-senior level,Project Management and Information Technology,,,Truck Transportation,https://de.linkedin.com/company/deutschebahn,,,,,,,,,,,
linkedin,(Senior) Projektleiter Cloud / Digitale Transformation (m/w/d),IABG,"Bonn, North Rhine-Westphalia, Germany",2026-07-11,https://www.linkedin.com/jobs/view/4403638177 , ,li-4403638177,fulltime,,,,,,False,mid-senior level,Information Technology,,,"IT Services and IT Consulting, Defense and Space Manufacturing, and Motor Vehicle Manufacturing",https://de.linkedin.com/company/iabg,,,,,,,,,,,
linkedin,Technischer Projektleiter (w/m/d) Leitungsbau Nord (Blaufelden / Ellwangen),Netze ODR GmbH,"Ellwangen, Baden-Württemberg, Germany",2026-07-11,https://www.linkedin.com/jobs/view/4411887102 , ,li-4411887102,fulltime,,,,,,False,entry level,Project Management and Information Technology,,v.grundler@odr.de,"Electric Power Transmission, Control, and Distribution",https://de.linkedin.com/company/netze-odr-gmbh,,,,,,,,,,,
linkedin,Product Manager,eBay,,2026-07-11,https://www.linkedin.com/jobs/view/4417946791 , ,li-4417946791,fulltime,,,,,,False,mid-senior level,Product Management and Marketing,,talent@ebay.com,"Technology, Information and Internet",https://www.linkedin.com/company/ebay,,,,,,,,,,,
linkedin,Senior Product Manager,Forto,"Berlin, Germany",2026-07-11,https://www.linkedin.com/jobs/view/4439505259 , ,li-4439505259,fulltime,,,,,,False,mid-senior level,Product Management and Marketing,,,"Transportation, Logistics, Supply Chain and Storage",https://de.linkedin.com/company/fortocompany,,,,,,,,,,,
linkedin,Manager IBM Planning Analytics (all genders),MHP – A Porsche Company,"Nuremberg, Bavaria, Germany",2026-07-11,https://www.linkedin.com/jobs/view/4370995863 , ,li-4370995863,fulltime,,,,,,False,mid-senior level,Management and Manufacturing,,,Business Consulting and Services,https://de.linkedin.com/company/mhp-a-porsche-company,,,,,,,,,,,
linkedin,Supply Chain Manager | $50/hr Remote,Crossing Hurdles,,2026-07-11,https://www.linkedin.com/jobs/view/4438920449 , ,li-4438920449,contract,,,,,,True,associate,Management and Manufacturing,,,"Transportation, Logistics, Supply Chain and Storage",https://www.linkedin.com/company/crossinghurdles,,,,,,,,,,,
linkedin,Senior Project Manager,IPS-Integrated Project Services,"Frankfurt, Hesse, Germany",2026-07-11,https://www.linkedin.com/jobs/view/4335564500 , ,li-4335564500,fulltime,,,,,,False,not applicable,Project Management and Information Technology,,,Pharmaceutical Manufacturing,https://www.linkedin.com/company/ips,,,,,,,,,,,
linkedin,"Project Procurement Manager (f/m/d),",Baxter International Inc.,"Saalfeld, Thuringia, Germany",2026-07-11,https://www.linkedin.com/jobs/view/4430963682 , ,li-4430963682,fulltime,,,,,,False,mid-senior level,Purchasing and Supply Chain,,,Medical Equipment Manufacturing,https://www.linkedin.com/company/baxter-healthcare,,,,,,,,,,,
linkedin,Business Development Executive,AMT Pte. Ltd.,,2026-07-11,https://www.linkedin.com/jobs/view/4436672985 , ,li-4436672985,fulltime,,,,,,False,not applicable,Business Development and Sales,,,Industrial Machinery Manufacturing,https://sg.linkedin.com/company/amt-pte-ltd,,,,,,,,,,,
linkedin,PRODUCT MANAGER,THEO Laser by Maxphotonics,"Gilching, Bavaria, Germany",2026-07-11,https://www.linkedin.com/jobs/view/4439548453 , ,li-4439548453,fulltime,,,,,,False,mid-senior level,Product Management and Marketing,,"recruiting@theo.inc, recruiting@theo.inc",Machinery Manufacturing,https://www.linkedin.com/company/theoinc,,,,,,,,,,,
linkedin,#BN2603 | Projektmanager*in (m/w/d) in Infrastruktur- und Standort-Projekten,THOST Projektmanagement GmbH,"Ulm, Baden-Württemberg, Germany",2026-07-11,https://www.linkedin.com/jobs/view/4368273413 , ,li-4368273413,fulltime,,,,,,False,mid-senior level,Project Management and Information Technology,,karriere@thost.de,Engineering Services,https://de.linkedin.com/company/thost-projektmanagement-gmbh,,,,,,,,,,,
linkedin,Senior Project Manager (m/w/d) Customer Projects,Körber Supply Chain,"Nuremberg, Bavaria, Germany",2026-07-11,https://www.linkedin.com/jobs/view/4409918223 , ,li-4409918223,fulltime,,,,,,False,mid-senior level,Project Management and Information Technology,,jobs@koerber.com,Machinery Manufacturing and Industrial Machinery Manufacturing,https://de.linkedin.com/company/koerber-supply-chain,,,,,,,,,,,
linkedin,Technischer Projektmanager Schwerpunkt Automatisierung (m/w/d),Emil Kiessling GmbH,"Georgensgmünd, Bavaria, Germany",2026-07-11,https://www.linkedin.com/jobs/view/4433582682 , ,li-4433582682,fulltime,,,,,,False,associate,Other,,,Chemical Manufacturing,https://de.linkedin.com/company/emil-kiessling-gmbh,,,,,,,,,,,
linkedin,Technik Manager - Entwicklungssteuerung (m/w/d),Rheinmetall,"Bremen, Bremen, Germany",2026-07-11,https://www.linkedin.com/jobs/view/4436667007 , ,li-4436667007,fulltime,,,,,,False,mid-senior level,Other,,,Defense and Space Manufacturing,https://de.linkedin.com/company/rheinmetall,,,,,,,,,,,
linkedin,Senior Project Manager Electronic Packaging - Fokus Glas (m/w/d)*,SCHOTT,"Landshut, Bavaria, Germany",2026-07-11,https://www.linkedin.com/jobs/view/4438927614 , ,li-4438927614,fulltime,,,,,,False,mid-senior level,Project Management and Information Technology,,,"Glass, Ceramics and Concrete Manufacturing",https://de.linkedin.com/company/schott,,,,,,,,,,,
linkedin,Projektleiter (m/w/d),Stadtwerke Flensburg GmbH,"Flensburg, Schleswig-Holstein, Germany",2026-07-11,https://www.linkedin.com/jobs/view/4437780169 , ,li-4437780169,fulltime,,,,,,False,mid-senior level,"Design, Art/Creative, and Information Technology",,,Utilities,https://www.linkedin.com/company/stadtwerke-flensburg-gmbh,,,,,,,,,,,
linkedin,Project Manager for PLM and IoT System Solutions,CONTACT Software,"Berlin, Berlin, Germany",2026-07-11,https://www.linkedin.com/jobs/view/4360575820 , ,li-4360575820,fulltime,,,,,,False,mid-senior level,Project Management and Information Technology,,,Software Development,https://de.linkedin.com/company/contact-software,,,,,,,,,,,
linkedin,Project Manager for PLM and IoT System Solutions,CONTACT Software,"Kaiserslautern, Rhineland-Palatinate, Germany",2026-07-11,https://www.linkedin.com/jobs/view/4359846704 , ,li-4359846704,fulltime,,,,,,False,mid-senior level,Project Management and Information Technology,,,Software Development,https://de.linkedin.com/company/contact-software,,,,,,,,,,,
linkedin,Team Lead Engineering - Traumhausverlosung (f/m/d),ZEAL Network SE,"Hamburg, Hamburg, Germany",2026-07-11,https://www.linkedin.com/jobs/view/4410479947 , ,li-4410479947,fulltime,,,,,,False,mid-senior level,Engineering and Information Technology,,,Software Development,https://de.linkedin.com/company/zealnetwork,,,,,,,,,,,
linkedin,"Key Account Team Lead, DACH/NL",Jellycat,,2026-07-11,https://www.linkedin.com/jobs/view/4439566536 , ,li-4439566536,fulltime,,,,,,False,mid-senior level,Other,,,Retail,https://uk.linkedin.com/company/jellycat,,,,,,,,,,,
linkedin,"PMI Manager (Finance & Operations), PE-Backed Engineering Company, Munich, Germany",PER,"Munich, Bavaria, Germany",2026-07-11,https://www.linkedin.com/jobs/view/4429663376 , ,li-4429663376,fulltime,,,,,,False,mid-senior level,Finance,,,Venture Capital and Private Equity Principals,https://uk.linkedin.com/company/private-equity-recruitment-ltd,,,,,,,,,,,
linkedin,Project Manager,IPS-Integrated Project Services,"Frankfurt, Hesse, Germany",2026-07-11,https://www.linkedin.com/jobs/view/4377861311 , ,li-4377861311,fulltime,,,,,,False,not applicable,Project Management and Information Technology,,,Pharmaceutical Manufacturing,https://www.linkedin.com/company/ips,,,,,,,,,,,
linkedin,Project Manager for PLM and IoT System Solutions,CONTACT Software,"Karlsruhe, Baden-Württemberg, Germany",2026-07-11,https://www.linkedin.com/jobs/view/4360536646 , ,li-4360536646,fulltime,,,,,,False,mid-senior level,Project Management and Information Technology,,,Software Development,https://de.linkedin.com/company/contact-software,,,,,,,,,,,
linkedin,Nuclear PMO Manager,Emerson,"Korschenbroich, North Rhine-Westphalia, Germany",2026-07-11,https://www.linkedin.com/jobs/view/4430977866 , ,li-4430977866,fulltime,,,,,,False,mid-senior level,Project Management and Other,,idisability.administrator@emerson.com,Automation Machinery Manufacturing,https://www.linkedin.com/company/emerson,,,,,,,,,,,
linkedin,Product Lead - KI-Agenten & Plattform (m/w/d),Lucid Labs,"Berlin, Berlin, Germany",2026-07-11,https://www.linkedin.com/jobs/view/4436641426 , ,li-4436641426,fulltime,,,,,,True,mid-senior level,Product Management,,,Software Development,https://de.linkedin.com/company/lucidlabs-official,,,,,,,,,,,
linkedin,Principal - Enterprise Applications (m/w/d) - Germany,Infosys,"Frankfurt, Hesse, Germany",2026-07-11,https://www.linkedin.com/jobs/view/4428273213 , ,li-4428273213,fulltime,,,,,,False,mid-senior level,Education and Training,,,IT Services and IT Consulting,https://in.linkedin.com/company/infosys,,,,,,,,,,,
linkedin,Projektmanager PMO Reporting (m/w/d),Atlas Titan,"Dillingen, Saarland, Germany",2026-07-11,https://www.linkedin.com/jobs/view/4428290058 , ,li-4428290058,fulltime,,,,,,False,mid-senior level,Project Management and Information Technology,,,Business Consulting and Services,https://de.linkedin.com/company/atlas-titan,,,,,,,,,,,
linkedin,Senior Product Manager (m/w/d),Candis,"Berlin, Berlin, Germany",2026-07-10,https://www.linkedin.com/jobs/view/4438340957 , ,li-4438340957,fulltime,,,,,,False,mid-senior level,Product Management and Marketing,,,IT Services and IT Consulting,https://de.linkedin.com/company/candis-gmbh,,,,,,,,,,,
linkedin,"Staff Program Manager, Trust & Safety",Mozilla,,2026-07-10,https://www.linkedin.com/jobs/view/4438369784 , ,li-4438369784,fulltime,,,,,,True,mid-senior level,Project Management and Information Technology,,hiringaccommodation@mozilla.com,Software Development,https://www.linkedin.com/company/mozilla-corporation,,,,,,,,,,,
linkedin,Projektmanager (m/w/d) für die Scania Finance Deutschland GmbH in Koblenz,Scania Deutschland,"Coblenz, Rhineland-Palatinate, Germany",2026-07-10,https://www.linkedin.com/jobs/view/4430724723 , ,li-4430724723,fulltime,,,,,,False,mid-senior level,Project Management and Information Technology,,,Motor Vehicle Manufacturing,https://www.linkedin.com/company/scania-deutschland,,,,,,,,,,,
linkedin,Program & Project Manager,TXT GROUP,"Hamburg, Hamburg, Germany",2026-07-10,https://www.linkedin.com/jobs/view/4438341113 , ,li-4438341113,fulltime,,,,,,False,mid-senior level,Project Management and Information Technology,,,IT Services and IT Consulting,https://it.linkedin.com/company/txtgroup,,,,,,,,,,,
linkedin,Projektleiter (m/w/d) EUV-Lasersysteme,Bertrandt Group,"Ditzingen, Baden-Württemberg, Germany",2026-07-10,https://www.linkedin.com/jobs/view/4438371115 , ,li-4438371115,fulltime,,,,,,False,mid-senior level,"Design, Art/Creative, and Information Technology",,,Engineering Services,https://de.linkedin.com/company/bertrandt-ag,,,,,,,,,,,
linkedin,Manager IBM Planning Analytics (all genders),MHP – A Porsche Company,"Ludwigsburg, Baden-Württemberg, Germany",2026-07-10,https://www.linkedin.com/jobs/view/4370998873 , ,li-4370998873,fulltime,,,,,,False,mid-senior level,Management and Manufacturing,,,Business Consulting and Services,https://de.linkedin.com/company/mhp-a-porsche-company,,,,,,,,,,,
linkedin,Project Manager (m/f/d),Teupe Gerüstbau AG,"Heilbronn, Baden-Württemberg, Germany",2026-07-10,https://www.linkedin.com/jobs/view/4439362861 , ,li-4439362861,fulltime,,,,,,False,mid-senior level,Project Management and Information Technology,,jobs@teupe.de,Construction,https://ch.linkedin.com/company/teupe-ger%C3%BCstbau-ag,,,,,,,,,,,
linkedin,Commissioning & Qualification Manager (m/f/d),Roche,"Penzberg, Bavaria, Germany",2026-07-10,https://www.linkedin.com/jobs/view/4420626314 , ,li-4420626314,fulltime,,,,,,False,associate,"Production, Manufacturing, and Engineering",,,"Pharmaceutical Manufacturing, Biotechnology Research, and Medical Equipment Manufacturing",https://ch.linkedin.com/company/roche,,,,,,,,,,,
linkedin,"Manager, Program (R&D)",POET Technologies,,2026-07-10,https://www.linkedin.com/jobs/view/4436626423 , ,li-4436626423,fulltime,,,,,,False,not applicable,Other,,,Semiconductor Manufacturing,https://ca.linkedin.com/company/poet-technologies,,,,,,,,,,,
linkedin,Project Procurement Manager / Projekteinkäufer (w/m/d),Siemens,"Munich, Bavaria, Germany",2026-07-10,https://www.linkedin.com/jobs/view/4438330388 , ,li-4438330388,fulltime,,,,,,False,mid-senior level,Supply Chain,,,Automation Machinery Manufacturing,https://de.linkedin.com/company/siemens,,,,,,,,,,,
linkedin,Brokerage Product Development Manager,UPS,"Frankfurt, Hesse, Germany",2026-07-10,https://www.linkedin.com/jobs/view/4438344884 , ,li-4438344884,fulltime,,,,,,False,mid-senior level,Product Management and Marketing,,,Truck Transportation,https://www.linkedin.com/company/ups,,,,,,,,,,,
linkedin,Project Manager,Mercury,"Berlin, Berlin, Germany",,https://www.linkedin.com/jobs/view/4414491526 , ,li-4414491526,fulltime,,,,,,False,mid-senior level,Project Management and Information Technology,,,Construction,https://ie.linkedin.com/company/mercury-engineering,,,,,,,,,,,
linkedin,Project Manager,Mammoet,"Leuna, Saxony-Anhalt, Germany",,https://www.linkedin.com/jobs/view/4413706909 , ,li-4413706909,fulltime,,,,,,False,associate,Project Management and Information Technology,,bewerbung@mammoet.com,Engineering Services,https://nl.linkedin.com/company/mammoet,,,,,,,,,,,
linkedin,Project Manager M/F,HAHN Automation Group,,,https://www.linkedin.com/jobs/view/4441697205 , ,li-4441697205,fulltime,,,,,,False,mid-senior level,Project Management and Information Technology,,,Automation Machinery Manufacturing,https://de.linkedin.com/company/hahnautomationgroup,,,,,,,,,,,
linkedin,Freelance Project Manager,g2 Recruitment,"Düsseldorf, North Rhine-Westphalia, Germany",,https://www.linkedin.com/jobs/view/4441939655 , ,li-4441939655,contract,,,,,,False,mid-senior level,Management and Project Management,,,Construction and Civil Engineering,https://de.linkedin.com/company/g2-recruitment-solutions,,,,,,,,,,,
linkedin,"Project Manager, Laser (f/m/d)",Focused Energy,"Darmstadt, Hesse, Germany",,https://www.linkedin.com/jobs/view/4433807101 , ,li-4433807101,fulltime,,,,,,False,mid-senior level,Project Management and Information Technology,,,Electric Power Generation,https://de.linkedin.com/company/focused-energy-inc,,,,,,,,,,,
linkedin,Agent Deployment Manager,Zauber,"Berlin, Berlin, Germany",,https://www.linkedin.com/jobs/view/4441649656 , ,li-4441649656,fulltime,,,,,,False,entry level,Project Management and Information Technology,,,"Technology, Information and Internet",https://www.linkedin.com/company/zauber-technology,,,,,,,,,,,
linkedin,Projektmanager Data Analytics (all gender),ALTEN Germany,"Munich, Bavaria, Germany",,https://www.linkedin.com/jobs/view/4408844931 , ,li-4408844931,fulltime,,,,,,False,associate,Information Technology and Project Management,,,Motor Vehicle Manufacturing and IT Services and IT Consulting,https://de.linkedin.com/company/altengermany,,,,,,,,,,,
linkedin,Projektmanager:in Rolloutprojekte,Deutsche Bahn,"Berlin, Berlin, Germany",,https://www.linkedin.com/jobs/view/4441928063 , ,li-4441928063,fulltime,,,,,,False,mid-senior level,Project Management and Information Technology,,,Truck Transportation,https://de.linkedin.com/company/deutschebahn,,,,,,,,,,,
linkedin,Real Estate Manager DACH (m/w/d),Schneider Electric,"Düsseldorf, North Rhine-Westphalia, Germany",,https://www.linkedin.com/jobs/view/4441179707 , ,li-4441179707,fulltime,,,,,,False,mid-senior level,Sales and Management,,,Automation Machinery Manufacturing,https://fr.linkedin.com/company/schneider-electric,,,,,,,,,,,
linkedin,Senior Manager Strategic Projects (m/w/x),ZEISS Group,"Oberkochen, Baden-Württemberg, Germany",,https://www.linkedin.com/jobs/view/4438728942 , ,li-4438728942,fulltime,,,,,,False,mid-senior level,Project Management and Information Technology,,,Machinery Manufacturing,https://de.linkedin.com/company/zeiss,,,,,,,,,,,
linkedin,Future Technical Naval Project Manager (m/w/d),TKMS,"Emden, Lower Saxony, Germany",,https://www.linkedin.com/jobs/view/4439240085 , ,li-4439240085,fulltime,,,,,,False,mid-senior level,Project Management,,,Utilities,https://de.linkedin.com/company/tkms,,,,,,,,,,,
linkedin,Projektmanager:in Bereich Funksysteme (100%),MEDER CommTech GmbH Funksysteme,"Freiburg, Baden-Württemberg, Germany",,https://www.linkedin.com/jobs/view/4441495482 , ,li-4441495482,fulltime,,,,,,False,entry level,Project Management and Information Technology,,,"Technology, Information and Media",https://de.linkedin.com/company/meder-commtech-funksysteme,,,,,,,,,,,
linkedin,Future Technical Naval Project Manager (m/w/d),TKMS,"Wismar, Mecklenburg-West Pomerania, Germany",,https://www.linkedin.com/jobs/view/4439226822 , ,li-4439226822,fulltime,,,,,,False,mid-senior level,Project Management,,,Utilities,https://de.linkedin.com/company/tkms,,,,,,,,,,,
linkedin,Project Team Lead (m/f/d) SAP PLM,Siemens Energy,"Berlin, Berlin, Germany",,https://www.linkedin.com/jobs/view/4371161750 , ,li-4371161750,fulltime,,,,,,True,mid-senior level,Information Technology,,,"Appliances, Electrical, and Electronics Manufacturing",https://www.linkedin.com/company/siemens-energy,,,,,,,,,,,
linkedin,Project Implementation,JD.COM,"Oberhausen, North Rhine-Westphalia, Germany",,https://www.linkedin.com/jobs/view/4414691322 , ,li-4414691322,fulltime,,,,,,False,director,Project Management and Information Technology,,,Software Development,https://cn.linkedin.com/company/jd.com,,,,,,,,,,,
linkedin,Technical Manager (m/w/d),SCOPE Engineering GmbH,"Bremen, Bremen, Germany",,https://www.linkedin.com/jobs/view/4441150599 , ,li-4441150599,fulltime,,,,,,False,mid-senior level,Information Technology,,,Warehousing and Storage,https://de.linkedin.com/company/scope-engineering-gmbh,,,,,,,,,,,
linkedin,Technical Project Lead / System Engineer (all gender),ALTEN Germany,"Hannover, Lower Saxony, Germany",,https://www.linkedin.com/jobs/view/4438713026 , ,li-4438713026,fulltime,,,,,,False,associate,Engineering and Project Management,,,IT Services and IT Consulting,https://de.linkedin.com/company/altengermany,,,,,,,,,,,
linkedin,Technical Delivery Manager (m/w/d),Synpulse,"Ulm, Baden-Württemberg, Germany",,https://www.linkedin.com/jobs/view/4387295460 , ,li-4387295460,fulltime,,,,,,False,mid-senior level,Project Management and Information Technology,,,Business Consulting and Services,https://ch.linkedin.com/company/synpulsemc,,,,,,,,,,,
linkedin,Training Developer / Sr. Instructional Designer (m/w/d),Videojet Technologies,"Munich, Bavaria, Germany",,https://www.linkedin.com/jobs/view/4441688351 , ,li-4441688351,fulltime,,,,,,False,entry level,Education and Training,,,Printing Services,https://www.linkedin.com/company/videojet,,,,,,,,,,,
linkedin,Training Developer / Sr. Instructional Designer (m/w/d),Videojet Technologies,"Hamburg, Hamburg, Germany",,https://www.linkedin.com/jobs/view/4441679664 , ,li-4441679664,fulltime,,,,,,False,entry level,Education and Training,,,Printing Services,https://www.linkedin.com/company/videojet,,,,,,,,,,,
linkedin,Senior Project Manager,Dematic,"Heusenstamm, Hesse, Germany",,https://www.linkedin.com/jobs/view/4433830581 , ,li-4433830581,fulltime,,,,,,False,mid-senior level,Project Management and Information Technology,,,"Transportation, Logistics, Supply Chain and Storage",https://www.linkedin.com/company/dematic,,,,,,,,,,,
linkedin,Projektmanagerin (m/w/d) Produktentwicklung Sicherheitstechnik,Dräger,"Lübeck, Schleswig-Holstein, Germany",,https://www.linkedin.com/jobs/view/4399053244 , ,li-4399053244,fulltime,,,,,,False,mid-senior level,Project Management and Information Technology,,celina.radmer@draeger.com,Manufacturing,https://de.linkedin.com/company/draeger,,,,,,,,,,,
linkedin,TLB Order/Project Manager (all genders),VINCORION,"Altenstadt, Bavaria, Germany",,https://www.linkedin.com/jobs/view/4442111236 , ,li-4442111236,fulltime,,,,,,False,mid-senior level,Project Management and Information Technology,,,Mechanical Or Industrial Engineering,https://de.linkedin.com/company/vincorion,,,,,,,,,,,
linkedin,(Senior) Technical Project Manager (m/f/d) - Data Centres,Turner & Townsend,"Frankfurt am Main, Hesse, Germany",,https://www.linkedin.com/jobs/view/4433808513 , ,li-4433808513,fulltime,,,,,,False,mid-senior level,"Project Management, Consulting, and Engineering",,,"Construction, Civil Engineering, and Business Consulting and Services",https://uk.linkedin.com/company/turner-&-townsend,,,,,,,,,,,
linkedin,Senior Programme Manager,Hypersonica,"Munich, Bavaria, Germany",,https://www.linkedin.com/jobs/view/4430216805 , ,li-4430216805,fulltime,,,,,,False,mid-senior level,Project Management and Information Technology,,,Defense and Space Manufacturing,https://de.linkedin.com/company/hypersonicagmbh,,,,,,,,,,,
linkedin,Project Manager - Service,Vertiv,"Neuss, North Rhine-Westphalia, Germany",,https://www.linkedin.com/jobs/view/4433339456 , ,li-4433339456,fulltime,,,,,,False,mid-senior level,Project Management and Information Technology,,,"Appliances, Electrical, and Electronics Manufacturing",https://www.linkedin.com/company/vertiv,,,,,,,,,,,
linkedin,Senior Contract Logistics Solutions Engineer Healthcare EMEA (m/w/d),Kuehne+Nagel,"Bremen, Bremen, Germany",,https://www.linkedin.com/jobs/view/4405643445 , ,li-4405643445,fulltime,,,,,,False,mid-senior level,Distribution and Supply Chain,,,"Transportation, Logistics, Supply Chain and Storage",https://ch.linkedin.com/company/kuehne-nagel,,,,,,,,,,,
linkedin,Project Director / Senior Projektleiter (w/m/d) EPCM Industry – Semiconductor Manufacturing und Data Center Hyperscaler,DS-Bauconcept GmbH,"Frankfurt, Hesse, Germany",,https://www.linkedin.com/jobs/view/4438732852 , ,li-4438732852,fulltime,,,,,,False,mid-senior level,Information Technology,,,Real Estate,https://www.linkedin.com/company/ds-bauconcept-gmbh,,,,,,,,,,,
linkedin,Referent Technik Professional – Prüfungen und Versuche – EMV / Gleisschaltmittel (w/m/d),Deutsche Bahn,"Munich, Bavaria, Germany",,https://www.linkedin.com/jobs/view/4423096804 , ,li-4423096804,fulltime,,,,,,False,mid-senior level,Project Management and Information Technology,,,Truck Transportation,https://de.linkedin.com/company/deutschebahn,,,,,,,,,,,
linkedin,SAP IBP Lead (all genders),MHP – A Porsche Company,"Wolfsburg, Lower Saxony, Germany",,https://www.linkedin.com/jobs/view/4405410299 , ,li-4405410299,fulltime,,,,,,False,mid-senior level,Information Technology,,,Business Consulting and Services,https://de.linkedin.com/company/mhp-a-porsche-company,,,,,,,,,,,
linkedin,Program Manager (w/m/d) Mobility Services,Siemens,"Erlangen, Bavaria, Germany",,https://www.linkedin.com/jobs/view/4441315595 , ,li-4441315595,fulltime,,,,,,False,mid-senior level,Administrative,,,Automation Machinery Manufacturing,https://de.linkedin.com/company/siemens,,,,,,,,,,,
linkedin,Expert Site Management (m/w/d),Vodafone,"Düsseldorf, North Rhine-Westphalia, Germany",,https://www.linkedin.com/jobs/view/4439223781 , ,li-4439223781,fulltime,,,,,,False,not applicable,Other,,,"Information Services, IT Services and IT Consulting, and Telecommunications",https://uk.linkedin.com/company/vodafone,,,,,,,,,,,
linkedin,Project Manager Operational Excellence (m/w/d),EAT HAPPY GROUP | FCF Holding GmbH,"Cologne, North Rhine-Westphalia, Germany",,https://www.linkedin.com/jobs/view/4393036049 , ,li-4393036049,fulltime,,,,,,False,mid-senior level,Project Management and Information Technology,,karriere@eathappygroup.com,Food and Beverage Manufacturing,https://de.linkedin.com/company/eat-happy-group,,,,,,,,,,,
linkedin,Program Manager (m/f/d),Dornier Seawings GmbH,"Wessling, Bavaria, Germany",,https://www.linkedin.com/jobs/view/4441181314 , ,li-4441181314,fulltime,,,,,,False,not applicable,Project Management and Information Technology,,-jobs@m.personio.de,Airlines and Aviation and Engineering Services,https://de.linkedin.com/company/dornier-seawings-gmbh,,,,,,,,,,,
linkedin,HR Business Partner (m/w/d),Mentis International Human Resources GmbH,,,https://www.linkedin.com/jobs/view/4438754386 , ,li-4438754386,fulltime,,,,,,False,associate,Human Resources,,,Machinery Manufacturing and Fabricated Metal Products,https://de.linkedin.com/company/mentis-consulting-gmbh,,,,,,,,,,,
linkedin,Projektleiter Operations (m/w/d/),ROOMHERO,"Frankfurt, Hesse, Germany",,https://www.linkedin.com/jobs/view/4438793557 , ,li-4438793557,fulltime,,,,,,False,entry level,Other,,,Real Estate,https://de.linkedin.com/company/roomhero,,,,,,,,,,,
linkedin,Projektmanager (all gender) Multiprojektmanagement | PMO | Budget- & Kapazitätsplanung 200,ALTEN Germany,"Augsburg, Bavaria, Germany",,https://www.linkedin.com/jobs/view/4439200615 , ,li-4439200615,fulltime,,,,,,False,associate,"Engineering, Information Technology, and Project Management",,,Machinery Manufacturing and Aviation and Aerospace Component Manufacturing,https://de.linkedin.com/company/altengermany,,,,,,,,,,,
linkedin,Specialist Corporate Production Management (m/f/d),Exyte,"Stuttgart, Baden-Württemberg, Germany",,https://www.linkedin.com/jobs/view/4440757925 , ,li-4440757925,fulltime,,,,,,False,entry level,"Marketing, Public Relations, and Writing/Editing",,gerd.fleischmann@exyte.net,Civil Engineering,https://de.linkedin.com/company/exyte-group,,,,,,,,,,,
linkedin,Trainee Business Operations (m/w/d) Bad Homburg,"NTT DATA, Inc.","Bad Homburg, Hesse, Germany",,https://www.linkedin.com/jobs/view/4441153958 , ,li-4441153958,fulltime,,,,,,False,entry level,"Consulting, Information Technology, and Sales",,,"IT Services and IT Consulting, IT System Custom Software Development, and Computer and Network Security",https://jp.linkedin.com/company/ntt-data-inc,,,,,,,,,,,
linkedin,Live Entertainment Associate Event Producer,Fever,"Berlin, Germany",,https://www.linkedin.com/jobs/view/4430221698 , ,li-4430221698,fulltime,,,,,,False,mid-senior level,Management and Manufacturing,,,Software Development,https://www.linkedin.com/company/fever-up,,,,,,,,,,,
linkedin,IT Business Manager (m/w/x) Aerospace,SII Germany,"Munich, Bavaria, Germany",,https://www.linkedin.com/jobs/view/4354621318 , ,li-4354621318,fulltime,,,,,,False,associate,Sales and Project Management,,,"IT Services and IT Consulting, Airlines and Aviation, and Aviation and Aerospace Component Manufacturing",https://de.linkedin.com/company/sii-germany,,,,,,,,,,,
linkedin,Product Owner (UX),Revolut,"Berlin, Germany",,https://www.linkedin.com/jobs/view/4432677734 , ,li-4432677734,fulltime,,,,,,True,mid-senior level,Product Management and Marketing,,,Financial Services,https://uk.linkedin.com/company/revolut,,,,,,,,,,,
linkedin,Senior Product Manager,ReduceCO2Now,,,https://www.linkedin.com/jobs/view/4441937747 , ,li-4441937747,volunteer,,,,,,True,mid-senior level,Product Management and Marketing,,,Climate Technology Product Manufacturing,https://de.linkedin.com/company/reduceco2now,,,,,,,,,,,
linkedin,Senior Manager Business Processes OTC,PUMA Group,"Herzogenaurach, Bavaria, Germany",,https://www.linkedin.com/jobs/view/4441647076 , ,li-4441647076,fulltime,,,,,,False,mid-senior level,Management and Manufacturing,,,Retail,https://de.linkedin.com/company/puma,,,,,,,,,,,
linkedin,Technical Operations Coordinator,Air Apps,,,https://www.linkedin.com/jobs/view/4439234045 , ,li-4439234045,fulltime,,,,,,False,entry level,Management and Manufacturing,,,"Technology, Information and Internet",https://www.linkedin.com/company/airapps,,,,,,,,,,,
linkedin,Senior IT Project Manager (m/w/d),Skaylink,"Munich, Bavaria, Germany",,https://www.linkedin.com/jobs/view/4441161065 , ,li-4441161065,fulltime,,,,,,False,mid-senior level,Project Management and Information Technology,,,IT Services and IT Consulting,https://de.linkedin.com/company/skaylink,,,,,,,,,,,
linkedin,Technical Project Manager (Zscaler),Jobgether,,,https://www.linkedin.com/jobs/view/4441193109 , ,li-4441193109,fulltime,,,,,,False,mid-senior level,Project Management and Information Technology,,,Internet Marketplace Platforms,https://be.linkedin.com/company/jobgether,,,,,,,,,,,
linkedin,IT Project Lead – ERP-Consultant Microsoft Dynamics BC / NAV,PrimeHire Recruiting,"Landau, Bavaria, Germany",,https://www.linkedin.com/jobs/view/4438750620 , ,li-4438750620,fulltime,,,,,,False,mid-senior level,Information Technology,,tahir.hussain@primehirerecruiting.online,Human Resources Services,https://au.linkedin.com/company/primehire-recruiting,,,,,,,,,,,
linkedin,Senior Transformation Delivery Manager (all genders),METRO AG,"Düsseldorf, North Rhine-Westphalia, Germany",,https://www.linkedin.com/jobs/view/4442107576 , ,li-4442107576,fulltime,,,,,,False,mid-senior level,Strategy/Planning,,,Wholesale,https://de.linkedin.com/company/metro-ag,,,,,,,,,,,
linkedin,Senior Project Manager,Mercury,"Düsseldorf, North Rhine-Westphalia, Germany",,https://www.linkedin.com/jobs/view/4424355661 , ,li-4424355661,fulltime,,,,,,False,mid-senior level,Project Management and Information Technology,,,Construction,https://ie.linkedin.com/company/mercury-engineering,,,,,,,,,,,
linkedin,Project Manager - Service,Vertiv,"Frankfurt, Hesse, Germany",,https://www.linkedin.com/jobs/view/4433333521 , ,li-4433333521,fulltime,,,,,,False,mid-senior level,Project Management and Information Technology,,,"Appliances, Electrical, and Electronics Manufacturing",https://www.linkedin.com/company/vertiv,,,,,,,,,,,
linkedin,Team Lead,SciPro,"Thuringia, Germany",,https://www.linkedin.com/jobs/view/4441311105 , ,li-4441311105,fulltime,,,,,,False,mid-senior level,Engineering and Design,,,Medical Equipment Manufacturing,https://www.linkedin.com/company/scipro,,,,,,,,,,,
linkedin,Program Manager in the Pearl700 Program Office (m/f/d),Rolls-Royce,"Dahlewitz, Brandenburg, Germany",,https://www.linkedin.com/jobs/view/4441995893 , ,li-4441995893,fulltime,,,,,,False,mid-senior level,Project Management and Information Technology,,,Industrial Machinery Manufacturing,https://uk.linkedin.com/company/rolls-royce,,,,,,,,,,,
linkedin,Sales Project Manager (f/m/x),AUTO1 Group,"Berlin, Berlin, Germany",,https://www.linkedin.com/jobs/view/4424214313 , ,li-4424214313,fulltime,,,,,,True,associate,Analyst,,,Motor Vehicle Manufacturing,https://de.linkedin.com/company/auto1-group,,,,,,,,,,,
linkedin,Technischer Projektmanager Software-Integrationen (m/w/d),Grizzly Peak Software,"Munich, Bavaria, Germany",,https://www.linkedin.com/jobs/view/4441923438 , ,li-4441923438,fulltime,,,,,,True,entry level,Project Management and Information Technology,,,IT Services and IT Consulting,https://www.linkedin.com/company/grizzly-peak-software-llc,,,,,,,,,,,
linkedin,Sales and Project Manager,3 P SERVICES,"Wietmarschen, Lower Saxony, Germany",,https://www.linkedin.com/jobs/view/4441945967 , ,li-4441945967,fulltime,,,,,,False,entry level,Project Management and Information Technology,,,Facilities Services,https://www.linkedin.com/company/3-p-services,,,,,,,,,,,
linkedin,Research Management Director / Deputy Director / Specialist,MatriX Innovation GmbH,,,https://www.linkedin.com/jobs/view/4441967524 , ,li-4441967524,fulltime,,,,,,False,director,Research and Science,,Recruitment.Matrix@petrochina.com.cn,"Research Services, Biotechnology Research, and Nanotechnology Research",https://www.linkedin.com/company/matrixinnovation,,,,,,,,,,,
linkedin,Project Manager - IT Security (all genders),ABOUT YOU,"Hamburg, Hamburg, Germany",,https://www.linkedin.com/jobs/view/4435428818 , ,li-4435428818,fulltime,,,,,,False,associate,Information Technology,,,"Technology, Information and Internet",https://de.linkedin.com/company/about-you,,,,,,,,,,,
linkedin,CTO (Cupid Media),Jobgether,,,https://www.linkedin.com/jobs/view/4441177991 , ,li-4441177991,fulltime,,,,,,True,executive,Information Technology,,,Internet Marketplace Platforms,https://be.linkedin.com/company/jobgether,,,,,,,,,,,
linkedin,Team Lead Field Sales (m/w/d),BusinessBike,,,https://www.linkedin.com/jobs/view/4432628846 , ,li-4432628846,fulltime,,,,,,False,mid-senior level,Sales and Business Development,,,Financial Services,https://de.linkedin.com/company/businessbike,,,,,,,,,,,
linkedin,Team Lead for HVDC DC Protection Engineering,Siemens Energy,"Erlangen, Bavaria, Germany",,https://www.linkedin.com/jobs/view/4372887311 , ,li-4372887311,fulltime,,,,,,True,mid-senior level,Engineering,,,"Appliances, Electrical, and Electronics Manufacturing",https://www.linkedin.com/company/siemens-energy,,,,,,,,,,,
linkedin,Senior Product Manager,CloudFactory,"Berlin, Berlin, Germany",,https://www.linkedin.com/jobs/view/4441949698 , ,li-4441949698,fulltime,,,,,,False,mid-senior level,Product Management,,,IT Services and IT Consulting,https://www.linkedin.com/company/cloudfactory-com,,,,,,,,,,,
linkedin,Product Manager (w/m/d),remind me GmbH,"Berlin, Berlin, Germany",,https://www.linkedin.com/jobs/view/4439206273 , ,li-4439206273,fulltime,,,,,,False,associate,Marketing and Product Management,,,Software Development,https://de.linkedin.com/company/remindmegmbh,,,,,,,,,,,
linkedin,Senior Product Manager (all genders welcome),goodBytz,"Hamburg, Hamburg, Germany",,https://www.linkedin.com/jobs/view/4438785845 , ,li-4438785845,fulltime,,,,,,True,associate,Marketing and Product Management,,,Business Consulting and Services,https://de.linkedin.com/company/goodbytz,,,,,,,,,,,
linkedin,Senior Product Manager (m/w/d),Peter Park,"Munich, Bavaria, Germany",,https://www.linkedin.com/jobs/view/4433852322 , ,li-4433852322,fulltime,,,,,,True,associate,Product Management and Project Management,,,Information Technology & Services,https://de.linkedin.com/company/peterpark,,,,,,,,,,,
linkedin,Category Manager (m/w/d),Oatsome,"Frankfurt, Hesse, Germany",,https://www.linkedin.com/jobs/view/4441185332 , ,li-4441185332,fulltime,,,,,,False,associate,Marketing and Product Management,,bewerbung@oatsome.de,Retail,https://de.linkedin.com/company/oatsome,,,,,,,,,,,
linkedin,(Full-Stack) Product Manager (w/m/d),Rebel Recruiting,,,https://www.linkedin.com/jobs/view/4441958070 , ,li-4441958070,fulltime,,,,,,True,associate,Product Management and Information Technology,,,Internet Marketplace Platforms and Software Development,https://de.linkedin.com/company/rebel-recruiting,,,,,,,,,,,
linkedin,Product Manager,Barrington James,"Berlin, Berlin, Germany",,https://www.linkedin.com/jobs/view/4441674775 , ,li-4441674775,fulltime,,,,,,False,mid-senior level,Product Management and Marketing,,LChambers@barringtonjames.com,Staffing and Recruiting,https://uk.linkedin.com/company/barrington-james,,,,,,,,,,,
linkedin,"Founding Product Manager @ AI Identity Cybersecurity Venture, Berlin",Atlantic,"Berlin, Germany",,https://www.linkedin.com/jobs/view/4398267839 , ,li-4398267839,fulltime,,,,,,False,mid-senior level,Product Management,,,"Venture Capital and Private Equity Principals, Software Development, and IT System Custom Software Development",https://www.linkedin.com/company/atlantic-vc,,,,,,,,,,,
linkedin,"Senior Product Manager, Technical (m/f/d)",Affinidi,"Berlin, Berlin, Germany",,https://www.linkedin.com/jobs/view/4441161911 , ,li-4441161911,fulltime,,,,,,False,mid-senior level,Product Management and Marketing,,,Software Development,https://sg.linkedin.com/company/affinidi,,,,,,,,,,,
linkedin,Product Manager (alle Geschlechter),OBI Group Holding,"Wermelskirchen, North Rhine-Westphalia, Germany",,https://www.linkedin.com/jobs/view/4401661287 , ,li-4401661287,fulltime,,,,,,False,associate,Product Management and Purchasing,,,Retail,https://de.linkedin.com/company/obi,,,,,,,,,,,
linkedin,Product Manager - Doctor Partnerships (m/w/d),TeleClinic,,,https://www.linkedin.com/jobs/view/4414742499 , ,li-4414742499,fulltime,,,,,,False,associate,Product Management and Marketing,,,Wellness and Fitness Services,https://de.linkedin.com/company/teleclinic,,,,,,,,,,,
