site,title,company,location,date_posted,job_url,job_url_direct,id,job_type,salary_source,interval,min_amount,max_amount,currency,is_remote,job_level,job_function,listing_type,emails,company_industry,company_url,company_url_direct,company_addresses,company_num_employees,company_revenue,company_description,skills,experience_range,company_rating,company_reviews_count,vacancy_count,work_from_home_type
linkedin,Project Manager (m/w/d),shyftplan,"Berlin, Berlin, Germany",2026-08-24,https://www.linkedin.com/jobs/view/4455872193 , ,li-4455872193,fulltime,,,,,,False,associate,Project Management and Information Technology,,,Software Development,https://de.linkedin.com/company/shyftplan,,,,,,,,,,,
linkedin,Senior Software Portfolio Manager (m/w/d),Giesecke+Devrient,"Munich, Bavaria, Germany",2026-08-24,https://www.linkedin.com/jobs/view/4411363761 , ,li-4411363761,fulltime,,,,,,False,associate,Finance and Sales,,,IT Services and IT Consulting,https://de.linkedin.com/company/giesecke-devrient,,,,,,,,,,,
linkedin,Product Owner – SDV Data Products (f/m/d),Adsquare,"Berlin, Germany",2026-08-24,https://www.linkedin.com/jobs/view/4456505043 , ,li-4456505043,fulltime,,,,,,False,mid-senior level,Product Management,,,Advertising Services,https://de.linkedin.com/company/adsquare-gmbh,,,,,,,,,,,
linkedin,Module Manager / Product Manager Cabin (m/w/d),CLAAS,"Harsewinkel, North Rhine-Westphalia, Germany",2026-08-24,https://www.linkedin.com/jobs/view/4453269779 , ,li-4453269779,fulltime,,,,,,False,mid-senior level,Sales and Distribution,,,"Industrial Machinery Manufacturing and Appliances, Electrical, and Electronics Manufacturing",https://de.linkedin.com/company/claas,,,,,,,,,,,
linkedin,(Senior) Product Manager,Kranus Health,"Munich, Bavaria, Germany",2026-08-24,https://www.linkedin.com/jobs/view/4456879980 , ,li-4456879980,fulltime,,,,,,False,associate,Marketing and Product Management,,people@kranushealth.com,Software Development,https://de.linkedin.com/company/kranus-health,,,,,,,,,,,
linkedin,Technical Product Manager (All gender),STARK,"Berlin, Germany",2026-08-24,https://www.linkedin.com/jobs/view/4458183807 , ,li-4458183807,fulltime,,,,,,False,mid-senior level,Product Management,,,Defense and Space Manufacturing,https://de.linkedin.com/company/stark-defence,,,,,,,,,,,
linkedin,Senior Product Manager - Biopharma (d/f/m),Aignostics,"Berlin, Germany",2026-08-24,https://www.linkedin.com/jobs/view/4433843036 , ,li-4433843036,fulltime,,,,,,True,mid-senior level,Product Management and Marketing,,,Software Development and Hospitals and Health Care,https://de.linkedin.com/company/aignostics,,,,,,,,,,,
linkedin,"Senior Product Manager, Exchange",Cint,"Berlin, Berlin, Germany",2026-08-24,https://www.linkedin.com/jobs/view/4431679465 , ,li-4431679465,fulltime,,,,,,True,mid-senior level,Product Management,,,Software Development,https://se.linkedin.com/company/cint,,,,,,,,,,,
linkedin,Project Manager – IT Infrastructure & Secure Collaboration,NAXCON GROUP,"Bonn, North Rhine-Westphalia, Germany",2026-08-24,https://www.linkedin.com/jobs/view/4458198383 , ,li-4458198383,fulltime,,,,,,False,mid-senior level,"Information Technology, Project Management, and Engineering",,,"IT Services and IT Consulting, Engineering Services, and Defense and Space Manufacturing",https://de.linkedin.com/company/naxcon,,,,,,,,,,,
linkedin,Projektleiter (m/w/d),Medicke,"Berlin, Germany",2026-08-24,https://www.linkedin.com/jobs/view/4455850878 , ,li-4455850878,fulltime,,,,,,False,mid-senior level,"Design, Art/Creative, and Information Technology",,,Construction,https://de.linkedin.com/company/medicke,,,,,,,,,,,
linkedin,Projektleitung HKLS (m/w/x),Sweco,"Hamburg, Hamburg, Germany",2026-08-24,https://www.linkedin.com/jobs/view/4379409226 , ,li-4379409226,fulltime,,,,,,False,director,Project Management and Information Technology,,,Professional Services,https://se.linkedin.com/company/sweco,,,,,,,,,,,
linkedin,Projektleiter (w/m/d) Verkehrsinfrastruktur,DS-Bauconcept GmbH,"Berlin, Berlin, Germany",2026-08-24,https://www.linkedin.com/jobs/view/4455846043 , ,li-4455846043,fulltime,,,,,,False,mid-senior level,"Design, Art/Creative, and Information Technology",,,Real Estate,https://de.linkedin.com/company/ds-bauconcept-gmbh,,,,,,,,,,,
linkedin,Senior Project Manager – Bioprocess Consumables (m/w/d),Eppendorf,"Oldenburg in Holstein, Schleswig-Holstein, Germany",2026-08-24,https://www.linkedin.com/jobs/view/4416519099 , ,li-4416519099,fulltime,,,,,,False,mid-senior level,Project Management and Information Technology,,,Biotechnology Research,https://de.linkedin.com/company/eppendorf,,,,,,,,,,,
linkedin,Technischer Projektleiter - Missionssysteme für Gefechtsfahrzeuge (m/w/d),Rheinmetall,"Bremen, Bremen, Germany",2026-08-24,https://www.linkedin.com/jobs/view/4445866621 , ,li-4445866621,fulltime,,,,,,False,mid-senior level,Project Management and Information Technology,,,Defense and Space Manufacturing,https://de.linkedin.com/company/rheinmetall,,,,,,,,,,,
linkedin,Projektleiter Konstruktiver Ingenieurbau (w/m/d),Arcadis,"Stuttgart, Baden-Württemberg, Germany",2026-08-24,https://www.linkedin.com/jobs/view/4353589647 , ,li-4353589647,fulltime,,,,,,False,not applicable,Other,,,Professional Services,https://nl.linkedin.com/company/arcadis,,,,,,,,,,,
linkedin,Projektmanager für Industrialisierung - Ferngesteuerte Waffenstationen (m/w/d),Rheinmetall,"Bremen, Bremen, Germany",2026-08-24,https://www.linkedin.com/jobs/view/4445862747 , ,li-4445862747,fulltime,,,,,,False,mid-senior level,Project Management and Information Technology,,,Defense and Space Manufacturing,https://de.linkedin.com/company/rheinmetall,,,,,,,,,,,
linkedin,BMS Package Manager,TSL GmbH,"Bedburg, North Rhine-Westphalia, Germany",2026-08-24,https://www.linkedin.com/jobs/view/4458187479 , ,li-4458187479,fulltime,,,,,,False,not applicable,Management,,recruitment@tslprojects.com,Engineering Services,https://de.linkedin.com/company/tsl-gmbh-europe,,,,,,,,,,,
linkedin,Projektmanager/-in (m/w/d) - mit Autohauserfahrung,MSX International,"Munich, Bavaria, Germany",2026-08-24,https://www.linkedin.com/jobs/view/4458223856 , ,li-4458223856,fulltime,,,,,,True,mid-senior level,Project Management and Information Technology,,,Business Consulting and Services,https://www.linkedin.com/company/msx-international,,,,,,,,,,,
linkedin,Projektmanager (m/w/d) Wohnungsbau,weisenburger group,"Karlsruhe, Baden-Württemberg, Germany",2026-08-24,https://www.linkedin.com/jobs/view/4456839631 , ,li-4456839631,fulltime,,,,,,False,mid-senior level,Project Management and Information Technology,,,Construction,https://de.linkedin.com/company/weisenburger-gruppe,,,,,,,,,,,
linkedin,B2B Consultant (m/w/d),shyftplan,"Berlin, Berlin, Germany",2026-08-24,https://www.linkedin.com/jobs/view/4455889027 , ,li-4455889027,fulltime,,,,,,False,associate,Project Management and Information Technology,,,Software Development,https://de.linkedin.com/company/shyftplan,,,,,,,,,,,
linkedin,Senior Technical Project Manager - IT Innovations (m/w/d),Bundesdruckerei-Gruppe,"Berlin, Germany",2026-08-24,https://www.linkedin.com/jobs/view/4398538110 , ,li-4398538110,fulltime,,,,,,False,mid-senior level,Project Management and Information Technology,,,IT Services and IT Consulting,https://de.linkedin.com/company/bundesdruckerei,,,,,,,,,,,
linkedin,(Senior) Brand / Product Manager,Kijimea (SYNformulas GmbH),"Munich, Bavaria, Germany",2026-08-24,https://www.linkedin.com/jobs/view/4456859570 , ,li-4456859570,fulltime,,,,,,False,mid-senior level,Product Management and Marketing,,jobs@futrue.com,Pharmaceutical Manufacturing,https://de.linkedin.com/company/synformulas,,,,,,,,,,,
linkedin,Projektmanager (m/w/d) im Bereich Sondermaschinenbau am Standort Hamburg,REEL GmbH,"Hamburg, Hamburg, Germany",2026-08-24,https://www.linkedin.com/jobs/view/4455853553 , ,li-4455853553,fulltime,,,,,,False,associate,Other,,,Machinery Manufacturing,https://www.linkedin.com/company/nkm-noell-special-cranes,,,,,,,,,,,
linkedin,Senior Project Manager – Physical Products,Helsing,"Munich, Bavaria, Germany",2026-08-24,https://www.linkedin.com/jobs/view/4419285421 , ,li-4419285421,fulltime,,,,,,True,mid-senior level,Project Management and Information Technology,,,Software Development,https://de.linkedin.com/company/helsing,,,,,,,,,,,
linkedin,Senior Project Manager (m/w/d) Data Center Electrification,Siemens Energy,"Berlin, Berlin, Germany",2026-08-24,https://www.linkedin.com/jobs/view/4429690829 , ,li-4429690829,fulltime,,,,,,True,mid-senior level,Project Management,,,"Appliances, Electrical, and Electronics Manufacturing",https://www.linkedin.com/company/siemens-energy,,,,,,,,,,,
linkedin,Technical Project Manager (all genders) - DevOps,JAKALA,"Hamburg, Germany",2026-08-24,https://www.linkedin.com/jobs/view/4442840693 , ,li-4442840693,fulltime,,,,,,True,mid-senior level,Project Management,,,Business Consulting and Services,https://it.linkedin.com/company/jakala,,,,,,,,,,,
linkedin,Senior Project Manager (m/w/d) Customer Projects,Körber Supply Chain,"Nuremberg, Bavaria, Germany",2026-08-24,https://www.linkedin.com/jobs/view/4409918223 , ,li-4409918223,fulltime,,,,,,False,mid-senior level,Project Management and Information Technology,,jobs@koerber.com,Machinery Manufacturing and Industrial Machinery Manufacturing,https://de.linkedin.com/company/koerber-supply-chain,,,,,,,,,,,
linkedin,Project Consultant (m/w/d),shyftplan,"Berlin, Berlin, Germany",2026-08-24,https://www.linkedin.com/jobs/view/4455878127 , ,li-4455878127,fulltime,,,,,,False,associate,Project Management and Information Technology,,,Software Development,https://de.linkedin.com/company/shyftplan,,,,,,,,,,,
linkedin,Project Manager Business & Ecosystems (Manufacturing Solutions) (f/m/x),ZEISS Group,"Munich, Bavaria, Germany",2026-08-24,https://www.linkedin.com/jobs/view/4458192668 , ,li-4458192668,fulltime,,,,,,False,associate,Information Technology,,,Industrial Machinery Manufacturing,https://de.linkedin.com/company/zeiss,,,,,,,,,,,
linkedin,Projektleiter Sonderanlagenbau (m/w/d),Busch Vacuum Solutions,"Großröhrsdorf, Saxony, Germany",2026-08-23,https://www.linkedin.com/jobs/view/4456821203 , ,li-4456821203,fulltime,,,,,,False,mid-senior level,"Design, Art/Creative, and Information Technology",,,Machinery Manufacturing,https://de.linkedin.com/company/busch-vacuum-solutions,,,,,,,,,,,
linkedin,Electrical Lead,Mercury,"Frankfurt, Hesse, Germany",2026-08-23,https://www.linkedin.com/jobs/view/4429632944 , ,li-4429632944,fulltime,,,,,,False,mid-senior level,Engineering and Information Technology,,,Construction,https://ie.linkedin.com/company/mercury-engineering,,,,,,,,,,,
linkedin,Projektmanager - Startplattformen für Lenkflugkörper (m/w/d),Rheinmetall,"Bremen, Bremen, Germany",2026-08-23,https://www.linkedin.com/jobs/view/4445835685 , ,li-4445835685,fulltime,,,,,,False,mid-senior level,Project Management and Information Technology,,,Defense and Space Manufacturing,https://de.linkedin.com/company/rheinmetall,,,,,,,,,,,
linkedin,(Senior) Product Manager (m/w/d),HELM AG,"Hamburg, Hamburg, Germany",2026-08-23,https://www.linkedin.com/jobs/view/4390730037 , ,li-4390730037,fulltime,,,,,,False,mid-senior level,Product Management and Marketing,,,Chemical Manufacturing,https://de.linkedin.com/company/helmag,,,,,,,,,,,
linkedin,Rockwell PharmaSuite MES Project Manager (all genders),Accenture Southeast Asia,"Frankfurt, Hesse, Germany",2026-08-23,https://www.linkedin.com/jobs/view/4455074715 , ,li-4455074715,fulltime,,,,,,False,associate,General Business,,,Business Consulting and Services,https://sg.linkedin.com/company/accenture-sea,,,,,,,,,,,
linkedin,Commissioning Manager,Mercury,"Frankfurt, Hesse, Germany",2026-08-23,https://www.linkedin.com/jobs/view/4236233550 , ,li-4236233550,fulltime,,,,,,False,mid-senior level,Project Management and Information Technology,,,Construction,https://ie.linkedin.com/company/mercury-engineering,,,,,,,,,,,
linkedin,Project Manager for PLM and IoT System Solutions,CONTACT Software,"Berlin, Berlin, Germany",2026-08-23,https://www.linkedin.com/jobs/view/4360575820 , ,li-4360575820,fulltime,,,,,,False,mid-senior level,Project Management and Information Technology,,,Software Development,https://de.linkedin.com/company/contact-software,,,,,,,,,,,
linkedin,Program & Project Manager,TXT GROUP,"Hamburg, Hamburg, Germany",2026-08-23,https://www.linkedin.com/jobs/view/4438341113 , ,li-4438341113,fulltime,,,,,,False,mid-senior level,Project Management and Information Technology,,,IT Services and IT Consulting,https://it.linkedin.com/company/txtgroup,,,,,,,,,,,
linkedin,Project Lead / Project Manager (m/w/x),K-tronik GmbH,"Kiel, Schleswig-Holstein, Germany",2026-08-23,https://www.linkedin.com/jobs/view/4455813182 , ,li-4455813182,fulltime,,,,,,False,associate,Management,,,IT Services and IT Consulting,https://de.linkedin.com/company/k-tronik-gmbh,,,,,,,,,,,
linkedin,Project Manager (m/f/d) for Space Electronics,SpaceTech GmbH,"Immenstaad am Bodensee, Baden-Württemberg, Germany",2026-08-23,https://www.linkedin.com/jobs/view/4455074481 , ,li-4455074481,fulltime,,,,,,False,mid-senior level,Engineering,,,Manufacturing,https://de.linkedin.com/company/spacetech-gmbh,,,,,,,,,,,
linkedin,Project Manager for PLM and IoT System Solutions,CONTACT Software,"Bremen, Bremen, Germany",2026-08-23,https://www.linkedin.com/jobs/view/4361023738 , ,li-4361023738,fulltime,,,,,,False,mid-senior level,Project Management and Information Technology,,,Software Development,https://de.linkedin.com/company/contact-software,,,,,,,,,,,
linkedin,Technische Projektleitung – Fire Control Solutions & Strike Assets (m/w/d),Rheinmetall,"Bremen, Bremen, Germany",2026-08-23,https://www.linkedin.com/jobs/view/4445832779 , ,li-4445832779,fulltime,,,,,,False,mid-senior level,Information Technology,,,Defense and Space Manufacturing,https://de.linkedin.com/company/rheinmetall,,,,,,,,,,,
linkedin,Teamlead Retail Media Product (m/w/d),DocMorris,,2026-08-23,https://www.linkedin.com/jobs/view/4447722991 , ,li-4447722991,fulltime,,,,,,False,mid-senior level,Engineering and Information Technology,,,Retail,https://ch.linkedin.com/company/docmorris,,,,,,,,,,,
linkedin,Senior Project Manager (m/f/d),Exyte,"Bad Homburg, Hesse, Germany",2026-08-23,https://www.linkedin.com/jobs/view/4412131761 , ,li-4412131761,fulltime,,,,,,False,mid-senior level,Project Management and Information Technology,,lisamarie.kussmaul@exyte.net,Civil Engineering,https://de.linkedin.com/company/exyte-group,,,,,,,,,,,
linkedin,#BN2603 | Projektmanager*in (m/w/d) in Infrastruktur- und Standort-Projekten,THOST Projektmanagement GmbH,"Ulm, Baden-Württemberg, Germany",2026-08-23,https://www.linkedin.com/jobs/view/4368273413 , ,li-4368273413,fulltime,,,,,,False,mid-senior level,Project Management and Information Technology,,karriere@thost.de,Engineering Services,https://de.linkedin.com/company/thost-projektmanagement-gmbh,,,,,,,,,,,
linkedin,"Senior Project Manager (m/f/d) – Treatment Segment, Herford / Günzburg",Xylem,"Herford, North Rhine-Westphalia, Germany",2026-08-22,https://www.linkedin.com/jobs/view/4447508812 , ,li-4447508812,fulltime,,,,,,False,mid-senior level,Project Management and Information Technology,,,Industrial Machinery Manufacturing,https://www.linkedin.com/company/xylem,,,,,,,,,,,
linkedin,Project Manager for PLM and IoT System Solutions,CONTACT Software,"Ingolstadt, Bavaria, Germany",2026-08-22,https://www.linkedin.com/jobs/view/4359886672 , ,li-4359886672,fulltime,,,,,,False,mid-senior level,Project Management and Information Technology,,,Software Development,https://de.linkedin.com/company/contact-software,,,,,,,,,,,
linkedin,"Projektleiter für Sanitär-, Heizungs- und Klimatechnik (m/w/d) - Schwerpunkt Montage",Seco Kältetechnik GmbH,"Bochum, North Rhine-Westphalia, Germany",2026-08-22,https://www.linkedin.com/jobs/view/4456633061 , ,li-4456633061,fulltime,,,,,,False,mid-senior level,Other,,,Construction,https://de.linkedin.com/company/seco-k%C3%A4ltetechnik-gmbh,,,,,,,,,,,
linkedin,Project Lead (m/f/d) - Data Centres,Turner & Townsend,,2026-08-22,https://www.linkedin.com/jobs/view/4437973375 , ,li-4437973375,fulltime,,,,,,False,director,Consulting,,,"Construction, Civil Engineering, and Business Consulting and Services",https://uk.linkedin.com/company/turner-&-townsend,,,,,,,,,,,
linkedin,Technischer Projektleiter Produktentwicklung (m/w/d),Dräger,"Lübeck, Schleswig-Holstein, Germany",2026-08-22,https://www.linkedin.com/jobs/view/4352730834 , ,li-4352730834,fulltime,,,,,,False,entry level,Project Management and Information Technology,,celina.radmer@draeger.com,Manufacturing,https://de.linkedin.com/company/draeger,,,,,,,,,,,
linkedin,Projektleiter (w/m/d) Verkehrsinfrastruktur,Drees & Sommer,"Hannover, Lower Saxony, Germany",2026-08-22,https://www.linkedin.com/jobs/view/4443616005 , ,li-4443616005,fulltime,,,,,,False,associate,Project Management,,,Real Estate,https://de.linkedin.com/company/drees-&-sommer,,,,,,,,,,,
linkedin,Senior Project Manager,Turner & Townsend,"Düsseldorf, North Rhine-Westphalia, Germany",2026-08-22,https://www.linkedin.com/jobs/view/4418579508 , ,li-4418579508,fulltime,,,,,,True,mid-senior level,Project Management,,,"Construction, Civil Engineering, and Business Consulting and Services",https://uk.linkedin.com/company/turner-&-townsend,,,,,,,,,,,
linkedin,Project Manager for PLM and IoT System Solutions,CONTACT Software,"Kaiserslautern, Rhineland-Palatinate, Germany",2026-08-22,https://www.linkedin.com/jobs/view/4359846704 , ,li-4359846704,fulltime,,,,,,False,mid-senior level,Project Management and Information Technology,,,Software Development,https://de.linkedin.com/company/contact-software,,,,,,,,,,,
linkedin,(Junior) Projektmanager:in Vertrags- und Nachtragsmanagement,Deutsche Bahn,"Hamburg, Hamburg, Germany",2026-08-22,https://www.linkedin.com/jobs/view/4457554650 , ,li-4457554650,fulltime,,,,,,False,entry level,Project Management and Information Technology,,,Truck Transportation,https://de.linkedin.com/company/deutschebahn,,,,,,,,,,,
linkedin,Teilprojektleiter:in Leit- und Sicherungstechnik,Deutsche Bahn,"Hamburg, Hamburg, Germany",2026-08-22,https://www.linkedin.com/jobs/view/4420683511 , ,li-4420683511,fulltime,,,,,,False,mid-senior level,Other,,,Truck Transportation,https://de.linkedin.com/company/deutschebahn,,,,,,,,,,,
linkedin,Technischer Projektleiter (all gender),ALTEN,"Munich, Bavaria, Germany",2026-08-22,https://www.linkedin.com/jobs/view/4455016952 , ,li-4455016952,fulltime,,,,,,False,entry level,Engineering,,,Machinery Manufacturing and Aviation and Aerospace Component Manufacturing,https://fr.linkedin.com/company/alten,,,,,,,,,,,
linkedin,Teilprojektleiter:in Ausrüstungstechnik,Deutsche Bahn,"Hamburg, Hamburg, Germany",2026-08-22,https://www.linkedin.com/jobs/view/4439502945 , ,li-4439502945,fulltime,,,,,,False,mid-senior level,Project Management and Information Technology,,,Truck Transportation,https://de.linkedin.com/company/deutschebahn,,,,,,,,,,,
linkedin,Portfolio Release Manager,Priceline,"Berlin, Germany",2026-08-22,https://www.linkedin.com/jobs/view/4428724905 , ,li-4428724905,fulltime,,,,,,True,mid-senior level,Information Technology,,,"Hospitality, IT Services and IT Consulting, and Technology, Information and Internet",https://www.linkedin.com/company/priceline-com,,,,,,,,,,,
linkedin,Technical Project Manager (JetBrains Cloud Platform),JetBrains,"Munich, Bavaria, Germany",2026-08-22,https://www.linkedin.com/jobs/view/4427367038 , ,li-4427367038,fulltime,,,,,,True,mid-senior level,Project Management and Information Technology,,,Software Development,https://nl.linkedin.com/company/jetbrains,,,,,,,,,,,
linkedin,S4 Program Risk & Issue Management Lead (m/f/d),Siemens Energy,"Erlangen, Bavaria, Germany",2026-08-22,https://www.linkedin.com/jobs/view/4409909100 , ,li-4409909100,fulltime,,,,,,True,mid-senior level,Project Management,,,"Appliances, Electrical, and Electronics Manufacturing",https://www.linkedin.com/company/siemens-energy,,,,,,,,,,,
linkedin,SAP Manufacturing Manager (all genders),Accenture DACH,"Berlin, Berlin, Germany",2026-08-22,https://www.linkedin.com/jobs/view/4328311265 , ,li-4328311265,fulltime,,,,,,False,mid-senior level,Management and Manufacturing,,asg.recruiting.sx@accenture.com,IT Services and IT Consulting,https://de.linkedin.com/company/accenture-dach,,,,,,,,,,,
linkedin,Senior Software Product Manager - Embedded & Real-Time Systems (Automotive),NXP Semiconductors,"Munich, Bavaria, Germany",2026-08-22,https://www.linkedin.com/jobs/view/4439085565 , ,li-4439085565,fulltime,,,,,,False,mid-senior level,Product Management and Marketing,,,"Semiconductor Manufacturing, Computers and Electronics Manufacturing, and Software Development",https://nl.linkedin.com/company/nxp-semiconductors,,,,,,,,,,,
linkedin,Project Manager,Rockwell Automation,"Karlsruhe, Baden-Württemberg, Germany",2026-08-22,https://www.linkedin.com/jobs/view/4447552724 , ,li-4447552724,fulltime,,,,,,False,mid-senior level,Project Management and Information Technology,,,Automation Machinery Manufacturing,https://www.linkedin.com/company/rockwell-automation,,,,,,,,,,,
linkedin,Senior Product Manager – SaaS Platform with AI Focus (m/f/d),Sport Alliance,,2026-08-22,https://www.linkedin.com/jobs/view/4456208529 , ,li-4456208529,fulltime,,,,,,False,mid-senior level,Product Management and Marketing,,,Information Technology & Services,https://de.linkedin.com/company/sportalliance,,,,,,,,,,,
linkedin,"Project Manager E-Commerce Agentur (m/w/d), Vollzeit",AthariCommerce,"Cologne, North Rhine-Westphalia, Germany",2026-08-22,https://www.linkedin.com/jobs/view/4455033832 , ,li-4455033832,fulltime,,,,,,False,mid-senior level,Project Management,,,IT Services and IT Consulting,https://de.linkedin.com/company/atharicommerce,,,,,,,,,,,
linkedin,Project Manager – SAP SuccessFactors (w/m/x),IBM iX DACH,"Berlin, Germany",2026-08-22,https://www.linkedin.com/jobs/view/4335644069 , ,li-4335644069,fulltime,,,,,,True,mid-senior level,Project Management and Information Technology,,-ix@ibmix.de,Business Consulting and Services,https://de.linkedin.com/company/ibm-ix-dach,,,,,,,,,,,
linkedin,(Junior) Produktmanager (m/w/d) Digital Ferienwohnungen,CHECK24 Vergleichsportal GmbH,"Düsseldorf, North Rhine-Westphalia, Germany",2026-08-22,https://www.linkedin.com/jobs/view/4439364244 , ,li-4439364244,fulltime,,,,,,False,entry level,Product Management and Marketing,,,Software Development,https://de.linkedin.com/company/check24-vergleichsportal-gmbh,,,,,,,,,,,
linkedin,Project Manager,SISK Group,"Raguhn-Jeßnitz, Saxony-Anhalt, Germany",2026-08-22,https://www.linkedin.com/jobs/view/4456622572 , ,li-4456622572,fulltime,,,,,,False,mid-senior level,Project Management and Information Technology,,,Construction,https://ie.linkedin.com/company/sisk-group,,,,,,,,,,,
linkedin,Produktmanager*in (m/w/d) Hämatologie,GSK,"Munich, Bavaria, Germany",2026-08-22,https://www.linkedin.com/jobs/view/4435682668 , ,li-4435682668,fulltime,,,,,,False,mid-senior level,"Sales, Art/Creative, and Marketing",,-Recruitment@gsk.com,Pharmaceutical Manufacturing,https://uk.linkedin.com/company/gsk,,,,,,,,,,,
linkedin,Projektleiter Technische Gebäudeausrüstung (m/w/d) mit €6.000 Wechselprämie,GA-tec Gebäude- und Anlagentechnik GmbH,"Baden-Baden, Baden-Württemberg, Germany",2026-08-22,https://www.linkedin.com/jobs/view/4448722881 , ,li-4448722881,fulltime,,,,,,False,associate,Production and Other,,-tec.bewerbung@sodexo.com,Business Consulting and Services,https://de.linkedin.com/company/ga-tec,,,,,,,,,,,
linkedin,CSA Project Manager,Mercury,"Frankfurt, Hesse, Germany",2026-08-22,https://www.linkedin.com/jobs/view/4317972080 , ,li-4317972080,fulltime,,,,,,False,mid-senior level,Other,,,Construction,https://ie.linkedin.com/company/mercury-engineering,,,,,,,,,,,
linkedin,Technischer Project Manager (m/w/d),FERCHAU,"Berlin, Berlin, Germany",2026-08-21,https://www.linkedin.com/jobs/view/4438570825 , ,li-4438570825,fulltime,,,,,,False,mid-senior level,Project Management and Information Technology,,julia.foerster@ferchau.com,Engineering Services,https://de.linkedin.com/company/ferchau,,,,,,,,,,,
linkedin,Projektleiter (m/w/d) Wohnungsneubau,Michael Page,"Berlin, Berlin, Germany",2026-08-21,https://www.linkedin.com/jobs/view/4457525191 , ,li-4457525191,fulltime,,,,,,False,mid-senior level,Manufacturing and Engineering,,,"Real Estate, Leasing Non-residential Real Estate, and Architecture and Planning",https://uk.linkedin.com/company/michael-page,,,,,,,,,,,
linkedin,Projektleitung für Prüfstandsprojekte (m/w/d),prognum Automotive GmbH,"Stuttgart, Baden-Württemberg, Germany",2026-08-21,https://www.linkedin.com/jobs/view/4457079939 , ,li-4457079939,fulltime,,,,,,False,not applicable,Project Management and Information Technology,,,Engineering Services,https://de.linkedin.com/company/prognum-automotive,,,,,,,,,,,
linkedin,Senior Project Manager,H&MV Engineering,"Berlin, Germany",2026-08-21,https://www.linkedin.com/jobs/view/4457313346 , ,li-4457313346,fulltime,,,,,,False,mid-senior level,Engineering,,,Engineering Services and Construction,https://ie.linkedin.com/company/h&mv-engineering,,,,,,,,,,,
linkedin,Senior Project Management Expert (m/w/d),Schnellecke Logistics,"Wolfsburg, Lower Saxony, Germany",2026-08-21,https://www.linkedin.com/jobs/view/4437676033 , ,li-4437676033,fulltime,,,,,,False,associate,Project Management,,-herbst@schnellecke.com,"Transportation, Logistics, Supply Chain and Storage",https://de.linkedin.com/company/schnelleckelogistics,,,,,,,,,,,
linkedin,Key Account Officer/Project Manager,DNV,"Essen, North Rhine-Westphalia, Germany",2026-08-21,https://www.linkedin.com/jobs/view/4454636116 , ,li-4454636116,fulltime,,,,,,False,not applicable,Accounting/Auditing and Finance,,,Public Safety,https://no.linkedin.com/company/dnv,,,,,,,,,,,
linkedin,Technical Project Manager (JetBrains Cloud Platform),JetBrains,"Berlin, Berlin, Germany",2026-08-21,https://www.linkedin.com/jobs/view/4427359545 , ,li-4427359545,fulltime,,,,,,True,mid-senior level,Project Management and Information Technology,,,Software Development,https://nl.linkedin.com/company/jetbrains,,,,,,,,,,,
linkedin,Projektmanager Luftfahrt (m/w/d),FERCHAU,"Hamburg, Hamburg, Germany",2026-08-21,https://www.linkedin.com/jobs/view/4438582370 , ,li-4438582370,fulltime,,,,,,False,mid-senior level,Project Management and Information Technology,,-city@ferchau.com,Engineering Services,https://de.linkedin.com/company/ferchau,,,,,,,,,,,
linkedin,Team Lead Project Management (all genders),Instaffo,"Böblingen, Baden-Württemberg, Germany",2026-08-21,https://www.linkedin.com/jobs/view/4446570667 , ,li-4446570667,fulltime,,,,,,False,mid-senior level,Project Management and Management,,,Staffing and Recruiting,https://de.linkedin.com/company/instaffo-gmbh,,,,,,,,,,,
linkedin,Projektmanager (m/w/d),WEP-Gruppe,"Leipzig, Saxony, Germany",2026-08-21,https://www.linkedin.com/jobs/view/4454158486 , ,li-4454158486,fulltime,,,,,,False,mid-senior level,Engineering,,,Real Estate,https://de.linkedin.com/company/wep-gruppe,,,,,,,,,,,
linkedin,Manager Planning & Scheduling (m/f/d),Exyte,"Stuttgart, Baden-Württemberg, Germany",2026-08-21,https://www.linkedin.com/jobs/view/4408904104 , ,li-4408904104,fulltime,,,,,,False,mid-senior level,Management and Manufacturing,,gerd.fleischmann@exyte.net,Civil Engineering,https://de.linkedin.com/company/exyte-group,,,,,,,,,,,
linkedin,Product Line Manager Apparel,PUMA Group,"Herzogenaurach, Bavaria, Germany",2026-08-21,https://www.linkedin.com/jobs/view/4447077201 , ,li-4447077201,fulltime,,,,,,False,associate,Product Management and Product Management,,,"Sporting Goods Manufacturing, Retail, and Retail Apparel and Fashion",https://de.linkedin.com/company/puma,,,,,,,,,,,
linkedin,Lead Commissioning Manager,Sygna.,"Frankfurt, Hesse, Germany",2026-08-21,https://www.linkedin.com/jobs/view/4456176377 , ,li-4456176377,fulltime,,,,,,False,mid-senior level,Project Management and Information Technology,,,"Construction, Software Development, and IT Services and IT Consulting",https://uk.linkedin.com/company/sygnaglobal,,,,,,,,,,,
linkedin,Technical Product Manager (m/f/d),Checkmk,,2026-08-21,https://www.linkedin.com/jobs/view/4454189182 , ,li-4454189182,fulltime,,,,,,False,mid-senior level,Product Management and Information Technology,,,Software Development and IT System Custom Software Development,https://de.linkedin.com/company/checkmk,,,,,,,,,,,
linkedin,Product Lead - Platform (m/f/x),MYNE,"Berlin, Berlin, Germany",2026-08-21,https://www.linkedin.com/jobs/view/4447076515 , ,li-4447076515,fulltime,,,,,,False,mid-senior level,Information Technology,,,Real Estate,https://de.linkedin.com/company/mynehomes,,,,,,,,,,,
linkedin,Senior Product Manager Platform (f/m/d),BEAT81,"Berlin, Berlin, Germany",2026-08-21,https://www.linkedin.com/jobs/view/4457315271 , ,li-4457315271,fulltime,,,,,,False,mid-senior level,Product Management,,,Wellness and Fitness Services,https://de.linkedin.com/company/beat81,,,,,,,,,,,
linkedin,Digital Product Manager - Sports & Apps (m/w/d),Schwarz Corporate Solutions,"Neckarsulm, Baden-Württemberg, Germany",2026-08-21,https://www.linkedin.com/jobs/view/4457354125 , ,li-4457354125,fulltime,,,,,,False,mid-senior level,Product Management and Marketing,,,Retail,https://de.linkedin.com/company/schwarzcorporatesolutions,,,,,,,,,,,
linkedin,Product Manager Foundations (m/f/d),Unzer,"Heidelberg, Baden-Württemberg, Germany",2026-08-21,https://www.linkedin.com/jobs/view/4447289297 , ,li-4447289297,fulltime,,,,,,True,mid-senior level,Information Technology and Product Management,,,Financial Services,https://de.linkedin.com/company/unzer,,,,,,,,,,,
linkedin,Product Manager - Lion Studios,Tripledot Studios,"Berlin, Germany",2026-08-21,https://www.linkedin.com/jobs/view/4457384956 , ,li-4457384956,fulltime,,,,,,False,mid-senior level,Product Management and Marketing,,,Computer Games,https://uk.linkedin.com/company/tripledot-studios,,,,,,,,,,,
linkedin,Produkt-Manager (m/w/d) – Hamburg,everii Group,"Hamburg, Hamburg, Germany",2026-08-21,https://www.linkedin.com/jobs/view/4447061096 , ,li-4447061096,fulltime,,,,,,True,mid-senior level,Product Management and Marketing,,,Software Development,https://de.linkedin.com/company/everii-group,,,,,,,,,,,
linkedin,Product Manager - Physical AI (m/w/d),SAEKI,"Munich, Bavaria, Germany",2026-08-21,https://www.linkedin.com/jobs/view/4454628807 , ,li-4454628807,fulltime,,,,,,False,associate,Engineering,,,"Transportation, Logistics, Supply Chain and Storage",https://ch.linkedin.com/company/saekich,,,,,,,,,,,
linkedin,Product Manager Personalization & Revenue Growth (m/f/d),SIXT,"Munich, Bavaria, Germany",2026-08-21,https://www.linkedin.com/jobs/view/4429975738 , ,li-4429975738,fulltime,,,,,,False,mid-senior level,Product Management and Marketing,,,Travel Arrangements,https://de.linkedin.com/company/sixt,,,,,,,,,,,
linkedin,Senior Product Manager - Agent Experience,LivePerson,"Berlin, Berlin, Germany",2026-08-21,https://www.linkedin.com/jobs/view/4444189442 , ,li-4444189442,fulltime,,,,,,True,mid-senior level,Product Management and Marketing,,-lp@liveperson.com,Software Development,https://www.linkedin.com/company/liveperson,,,,,,,,,,,
linkedin,"Senior Product Manager, Streaming Platform",Snowflake,"Berlin, Berlin, Germany",2026-08-21,https://www.linkedin.com/jobs/view/4419982608 , ,li-4419982608,fulltime,,,,,,False,mid-senior level,Product Management and Marketing,,,Software Development,https://www.linkedin.com/company/snowflake-computing,,,,,,,,,,,
linkedin,Senior Product Manager Subscription,Cleverbridge,"Cologne, North Rhine-Westphalia, Germany",2026-08-21,https://www.linkedin.com/jobs/view/4442910246 , ,li-4442910246,fulltime,,,,,,True,mid-senior level,Product Management and Marketing,,,Software Development,https://de.linkedin.com/company/cleverbridge,,,,,,,,,,,
linkedin,Senior Product Manager [Accounting expertise] - German speaking 🇩🇪,Qonto,"Berlin, Germany",2026-08-21,https://www.linkedin.com/jobs/view/4430705695 , ,li-4430705695,fulltime,,,,,,False,mid-senior level,Product Management and Marketing,,,Financial Services,https://fr.linkedin.com/company/qonto,,,,,,,,,,,
linkedin,Produktverantwortlicher (m/w/d),HELU KABEL GmbH,"Hemmingen, Baden-Württemberg, Germany",2026-08-21,https://www.linkedin.com/jobs/view/4457531367 , ,li-4457531367,fulltime,,,,,,False,mid-senior level,Product Management,,,"Appliances, Electrical, and Electronics Manufacturing",https://www.linkedin.com/company/helu-kabel-gmbh,,,,,,,,,,,
linkedin,Produktmanager (m/w/d),MAXIM Markenprodukte GmbH & Co. KG,"Pulheim, North Rhine-Westphalia, Germany",2026-08-21,https://www.linkedin.com/jobs/view/4407596586 , ,li-4407596586,fulltime,,,,,,False,mid-senior level,Product Management and Marketing,,,Personal Care Product Manufacturing,https://de.linkedin.com/company/maxim-markenprodukte,,,,,,,,,,,
linkedin,Lead Product Manager SmartPOS (m/f/d),Unzer,"Berlin, Germany",2026-08-21,https://www.linkedin.com/jobs/view/4447026387 , ,li-4447026387,fulltime,,,,,,True,mid-senior level,Information Technology and Product Management,,,Financial Services,https://de.linkedin.com/company/unzer,,,,,,,,,,,
linkedin,Product Line Manager (m/f/d),CWS Cleanrooms,"Dreieich, Hesse, Germany",2026-08-21,https://www.linkedin.com/jobs/view/4454629333 , ,li-4454629333,fulltime,,,,,,False,mid-senior level,Product Management,,jobs@cws.com,Professional Services,https://de.linkedin.com/company/cws-cleanrooms,,,,,,,,,,,
linkedin,Projektleiter:in Spezialist:in Planung Bautechnik,Deutsche Bahn,"Hannover, Lower Saxony, Germany",2026-08-21,https://www.linkedin.com/jobs/view/4457054620 , ,li-4457054620,fulltime,,,,,,False,mid-senior level,Management and Manufacturing,,,Truck Transportation,https://de.linkedin.com/company/deutschebahn,,,,,,,,,,,
linkedin,Projektleiter im Schlüsselfertigbau (m/w/d),Dreßler Bau GmbH,"Karlsruhe, Baden-Württemberg, Germany",2026-08-21,https://www.linkedin.com/jobs/view/4405849013 , ,li-4405849013,fulltime,,,,,,False,mid-senior level,"Design, Art/Creative, and Information Technology",,,Construction,https://de.linkedin.com/company/dre%C3%9Fler-bau-gmbh,,,,,,,,,,,
linkedin,Senior Project Manager (m/w/d),GSE,"Herne, North Rhine-Westphalia, Germany",2026-08-21,https://www.linkedin.com/jobs/view/4444972873 , ,li-4444972873,fulltime,,,,,,False,mid-senior level,Project Management and Information Technology,,,Construction,https://fr.linkedin.com/company/gse,,,,,,,,,,,
linkedin,Projektleiter SHK (m/w/d),persona service,"Cologne, North Rhine-Westphalia, Germany",2026-08-21,https://www.linkedin.com/jobs/view/4456249087 , ,li-4456249087,fulltime,,,,,,False,mid-senior level,"Design, Art/Creative, and Information Technology",,,Staffing and Recruiting,https://de.linkedin.com/company/persona-service,,,,,,,,,,,
linkedin,Site Project Manager (all gender),ALTEN,"Erlangen, Bavaria, Germany",2026-08-21,https://www.linkedin.com/jobs/view/4444117918 , ,li-4444117918,fulltime,,,,,,False,associate,Engineering,,,Engineering Services,https://fr.linkedin.com/company/alten,,,,,,,,,,,
linkedin,Projektleiter (m/w/d) Infrastrukturbau - konstruktiver Ingenieurbau in Hamburg,OTTO WULFF,"Hamburg, Hamburg, Germany",2026-08-21,https://www.linkedin.com/jobs/view/4456083989 , ,li-4456083989,fulltime,,,,,,False,associate,Management,,,Construction,https://de.linkedin.com/company/otto_wulff,,,,,,,,,,,
linkedin,Projektmanager w/m/d Sondermaschinenbau,XENON Automation,"Dresden, Saxony, Germany",2026-08-21,https://www.linkedin.com/jobs/view/4457347356 , ,li-4457347356,fulltime,,,,,,False,mid-senior level,Project Management and Information Technology,,,Automation Machinery Manufacturing,https://de.linkedin.com/company/xenon-automation,,,,,,,,,,,
linkedin,Bauleiter (m/w/d) Großprojekte Hochbau,Firmengruppe Max Bögl,"Nuremberg, Bavaria, Germany",2026-08-21,https://www.linkedin.com/jobs/view/4457357786 , ,li-4457357786,fulltime,,,,,,False,associate,Project Management and Engineering,,,Construction,https://de.linkedin.com/company/firmengruppe-max-b%C3%B6gl,,,,,,,,,,,
linkedin,Projektleiter:in Spezialist:in Infrastrukturprojekte,Deutsche Bahn,"Hamburg, Hamburg, Germany",2026-08-21,https://www.linkedin.com/jobs/view/4430186054 , ,li-4430186054,fulltime,,,,,,False,mid-senior level,Project Management and Information Technology,,,Truck Transportation,https://de.linkedin.com/company/deutschebahn,,,,,,,,,,,
linkedin,Projektmanager Großprojekte (m/w/d) Energie und Bau,FERCHAU,"Hannover, Lower Saxony, Germany",2026-08-21,https://www.linkedin.com/jobs/view/4438567947 , ,li-4438567947,fulltime,,,,,,False,mid-senior level,Project Management and Information Technology,,hannover@ferchau.com,Engineering Services,https://de.linkedin.com/company/ferchau,,,,,,,,,,,
linkedin,Projektleiter / Kundenberater für den Bereich - Lichtreklame | Werbetechnik (m/w/d),Pat & Patachon GmbH,"Berlin, Berlin, Germany",2026-08-21,https://www.linkedin.com/jobs/view/4457045704 , ,li-4457045704,fulltime,,,,,,False,mid-senior level,Other,,,Marketing Services,https://de.linkedin.com/company/patpatachon-gmbh,,,,,,,,,,,
linkedin,Projektmanager/ Projektleiter im Bereich Retail Banking (m/w/d),Senacor Technologies,,2026-08-21,https://www.linkedin.com/jobs/view/4454188423 , ,li-4454188423,fulltime,,,,,,False,mid-senior level,Project Management and Information Technology,,,IT Services and IT Consulting,https://de.linkedin.com/company/senacor-technologies,,,,,,,,,,,
linkedin,HR Project Manager (w/m/d),TRUMPF,"Freiburg, Baden-Württemberg, Germany",2026-08-21,https://www.linkedin.com/jobs/view/4456267232 , ,li-4456267232,fulltime,,,,,,False,mid-senior level,Project Management and Information Technology,,david.brodkorb.external@trumpf.com,Machinery Manufacturing,https://www.linkedin.com/company/trumpf-se-co-kg,,,,,,,,,,,
linkedin,Novelty Project Manager (all genders) - befristet 2 Jahre,schleich®,"Munich, Bavaria, Germany",2026-08-21,https://www.linkedin.com/jobs/view/4454641314 , ,li-4454641314,fulltime,,,,,,True,mid-senior level,Project Management and Information Technology,,,Manufacturing,https://de.linkedin.com/company/schleich-global,,,,,,,,,,,
linkedin,Ports & Terminal Lead - EUR,Hatch,"Essen, North Rhine-Westphalia, Germany",2026-08-21,https://www.linkedin.com/jobs/view/4456263408 , ,li-4456263408,fulltime,,,,,,False,mid-senior level,"Design, Consulting, and Engineering",,,"Mining, Oil and Gas, and Truck Transportation",https://ca.linkedin.com/company/hatch,,,,,,,,,,,
linkedin,Register your interest - Berlin,Dornan,"Berlin, Germany",2026-08-21,https://www.linkedin.com/jobs/view/4446770680 , ,li-4446770680,fulltime,,,,,,False,entry level,Other,,"Kenneth.kiely@dornangroup.com, Darren.okeeffe@dornangroup.com",Construction,https://ie.linkedin.com/company/dornan,,,,,,,,,,,
linkedin,Technical Project Manager - Maritime NAVCOM,Elvis Eckardt Recruitment,"Barsbüttel, Schleswig-Holstein, Germany",2026-08-21,https://www.linkedin.com/jobs/view/4457319222 , ,li-4457319222,fulltime,,,,,,True,mid-senior level,Project Management,,,Maritime Transportation and Defense and Space Manufacturing,https://uk.linkedin.com/company/elvis-eckardt-recruitment-sales-solutions,,,,,,,,,,,
linkedin,Lead Cost & Value engineer,People Group,"Hamburg, Germany",2026-08-21,https://www.linkedin.com/jobs/view/4452484010 , ,li-4452484010,fulltime,,,,,,True,mid-senior level,Consulting and Finance,,,"Electric Power Generation and Electric Power Transmission, Control, and Distribution",https://uk.linkedin.com/company/peoplegroupuk,,,,,,,,,,,
linkedin,Project Manager Business Solutions | SAP SD (w/m/d),Right Search,"Berlin, Berlin, Germany",2026-08-21,https://www.linkedin.com/jobs/view/4454633433 , ,li-4454633433,fulltime,,,,,,True,associate,Information Technology,,,Staffing and Recruiting,https://de.linkedin.com/company/right-search-germany,,,,,,,,,,,
linkedin,Projektmanager (m/w/d) Ground Services,Cologne Bonn Airport,"Cologne, North Rhine-Westphalia, Germany",2026-08-21,https://www.linkedin.com/jobs/view/4457301176 , ,li-4457301176,fulltime,,,,,,False,mid-senior level,Project Management and Information Technology,,,Airlines and Aviation,https://de.linkedin.com/company/koelnbonnairport,,,,,,,,,,,
linkedin,Fertigungsleiter / Projektleiter (m/w/d),J. Heinr. Kramer Gruppe,"Bremerhaven, Bremen, Germany",2026-08-21,https://www.linkedin.com/jobs/view/4456078691 , ,li-4456078691,fulltime,,,,,,False,mid-senior level,Other,,,Warehousing and Storage,https://de.linkedin.com/company/jhk-group,,,,,,,,,,,
linkedin,Technischer Projektleiter (m/w/d),FERCHAU,"Oberkochen, Baden-Württemberg, Germany",2026-08-21,https://www.linkedin.com/jobs/view/4438564980 , ,li-4438564980,fulltime,,,,,,False,mid-senior level,Information Technology,,heidenheim@ferchau.com,Engineering Services,https://de.linkedin.com/company/ferchau,,,,,,,,,,,
linkedin,Projektleiter Konstruktiver Ingenieurbau (w/m/d),Arcadis,"Cologne, North Rhine-Westphalia, Germany",2026-08-21,https://www.linkedin.com/jobs/view/4353629625 , ,li-4353629625,fulltime,,,,,,False,not applicable,Other,,,Professional Services,https://nl.linkedin.com/company/arcadis,,,,,,,,,,,
linkedin,IT-Projektleiter Automotive (m/w/d),FERCHAU,"Stuttgart, Baden-Württemberg, Germany",2026-08-21,https://www.linkedin.com/jobs/view/4438572821 , ,li-4438572821,fulltime,,,,,,False,mid-senior level,Information Technology,,-automotive@ferchau.com,Engineering Services,https://de.linkedin.com/company/ferchau,,,,,,,,,,,
linkedin,Projektmanager:in (m/w/d),CAC ENGINEERING GMBH,"Chemnitz, Saxony, Germany",2026-08-21,https://www.linkedin.com/jobs/view/4456204988 , ,li-4456204988,fulltime,,,,,,False,mid-senior level,Project Management and Information Technology,,,Engineering Services,https://de.linkedin.com/company/cac-chem,,,,,,,,,,,
linkedin,Field Project Manager,Turner & Townsend,"Düsseldorf, North Rhine-Westphalia, Germany",2026-08-21,https://www.linkedin.com/jobs/view/4418577542 , ,li-4418577542,fulltime,,,,,,True,mid-senior level,Project Management,,,"Construction, Civil Engineering, and Business Consulting and Services",https://uk.linkedin.com/company/turner-&-townsend,,,,,,,,,,,
linkedin,Project Manager GEMS,Charles River Laboratories,"Sulzfeld, Bavaria, Germany",2026-08-21,https://www.linkedin.com/jobs/view/4425956015 , ,li-4425956015,fulltime,,,,,,False,entry level,Science,,BewerbungenRMS@crl.com,Biotechnology Research,https://www.linkedin.com/company/charles-river-laboratories,,,,,,,,,,,
linkedin,Project Manager Prototype (m/f/d),Nordex Group,"Hamburg, Germany",2026-08-21,https://www.linkedin.com/jobs/view/4457507335 , ,li-4457507335,fulltime,,,,,,False,mid-senior level,Project Management and Information Technology,,,Renewable Energy Equipment Manufacturing,https://de.linkedin.com/company/nordex,,,,,,,,,,,
linkedin,Projektmanager EMSR & Automatisierungstechnik (m/w/d),Linde Europe,"Pullach, Bavaria, Germany",2026-08-21,https://www.linkedin.com/jobs/view/4446790368 , ,li-4446790368,fulltime,,,,,,False,mid-senior level,Project Management and Information Technology,,,Chemical Manufacturing,https://de.linkedin.com/company/linde-europe,,,,,,,,,,,
linkedin,Transformation Lead (all genders) Food & Beverages / Process Industry,valantic,"Cologne, North Rhine-Westphalia, Germany",2026-08-20,https://www.linkedin.com/jobs/view/4434564420 , ,li-4434564420,fulltime,,,,,,False,mid-senior level,Management and Manufacturing,,,Business Consulting and Services,https://de.linkedin.com/company/valantic,,,,,,,,,,,
linkedin,Senior Projektleiter Prozessautomation (w/m/d),SpiraTec AG,"Munich, Bavaria, Germany",2026-08-20,https://www.linkedin.com/jobs/view/4453862646 , ,li-4453862646,fulltime,,,,,,False,executive,Project Management,,,Industrial Machinery Manufacturing,https://de.linkedin.com/company/spiratec-ag-official,,,,,,,,,,,
linkedin,Projektleiter (m/w/d) MSR/Gebäudeautomation,VINCI Energies,"Frankfurt am Main, Hesse, Germany",2026-08-20,https://www.linkedin.com/jobs/view/4456751391 , ,li-4456751391,fulltime,,,,,,False,entry level,"Design, Art/Creative, and Information Technology",,,Information Technology & Services,https://fr.linkedin.com/company/vinci-energies,,,,,,,,,,,
linkedin,Technical Manager (m/w/d) Defence,FERCHAU,"Immenstaad am Bodensee, Baden-Württemberg, Germany",2026-08-20,https://www.linkedin.com/jobs/view/4438573773 , ,li-4438573773,fulltime,,,,,,False,mid-senior level,Engineering and Information Technology,,Melanie.Junginger@ferchau.com,Engineering Services,https://de.linkedin.com/company/ferchau,,,,,,,,,,,
linkedin,(Senior) AI Project Lead (m/w/d),One Thousand,"Berlin, Berlin, Germany",2026-08-20,https://www.linkedin.com/jobs/view/4429336137 , ,li-4429336137,fulltime,,,,,,True,associate,"Information Technology, Consulting, and Project Management",,,IT Services and IT Consulting and Artificial Intelligence,https://de.linkedin.com/company/one-thousand-ai,,,,,,,,,,,
linkedin,On-Time Delivery Process Optimization Lead,Kramp,"Strullendorf, Bavaria, Germany",2026-08-20,https://www.linkedin.com/jobs/view/4419194440 , ,li-4419194440,fulltime,,,,,,False,mid-senior level,Management and Manufacturing,,eirini.dragoumanou@kramp.com,Wholesale,https://nl.linkedin.com/company/kramp,,,,,,,,,,,
linkedin,IT Project Manager,System Soft Technologies,,2026-08-20,https://www.linkedin.com/jobs/view/4455688339 , ,li-4455688339,contract,,,,,,False,mid-senior level,Information Technology,,,Information Services,https://www.linkedin.com/company/systemsofttech,,,,,,,,,,,
linkedin,Offshore Construction Manager (m/w/d),KODIAK GmbH,"Wilhelmshaven, Lower Saxony, Germany",2026-08-20,https://www.linkedin.com/jobs/view/4453870950 , ,li-4453870950,fulltime,,,,,,False,mid-senior level,Management and Manufacturing,,,Services for Renewable Energy,https://de.linkedin.com/company/kodiak-gmbh,,,,,,,,,,,
linkedin,Project Manager Connect-In (f/m/x),ZEISS Group,"Oberkochen, Baden-Württemberg, Germany",2026-08-20,https://www.linkedin.com/jobs/view/4456462447 , ,li-4456462447,fulltime,,,,,,False,mid-senior level,"Management, Project Management, and Information Technology",,,"Manufacturing and Appliances, Electrical, and Electronics Manufacturing",https://de.linkedin.com/company/zeiss,,,,,,,,,,,
linkedin,Project Manager - BESS,Spencer Ogden,,2026-08-20,https://www.linkedin.com/jobs/view/4456723314 , ,li-4456723314,fulltime,,,,,,False,mid-senior level,Engineering and Project Management,,,Services for Renewable Energy,https://uk.linkedin.com/company/spencerogden,,,,,,,,,,,
linkedin,Project & Program Management Lead (All genders),STARK,"Munich, Bavaria, Germany",2026-08-20,https://www.linkedin.com/jobs/view/4454112058 , ,li-4454112058,fulltime,,,,,,False,associate,Other,,,Defense and Space Manufacturing,https://de.linkedin.com/company/stark-defence,,,,,,,,,,,
linkedin,Support as Project Manager as Temp (f/m/d),Renesas Electronics,"Dresden, Saxony, Germany",2026-08-20,https://www.linkedin.com/jobs/view/4363645559 , ,li-4363645559,fulltime,,,,,,True,mid-senior level,Production,,,Semiconductors,https://jp.linkedin.com/company/renesas,,,,,,,,,,,
linkedin,Senior Projektmanager Sportprojekte,Werte-Stiftung,"Frankfurt am Main, Hesse, Germany",2026-08-20,https://www.linkedin.com/jobs/view/4456704261 , ,li-4456704261,fulltime,,,,,,False,mid-senior level,Project Management and Information Technology,,info@wertestiftung.org,Non-profit Organizations,https://de.linkedin.com/company/werte-stiftung,,,,,,,,,,,
linkedin,Senior IT Project Manager for IT Security Projects / Programs (m/w/x),ZEISS Group,"Oberkochen, Baden-Württemberg, Germany",2026-08-20,https://www.linkedin.com/jobs/view/4456727058 , ,li-4456727058,fulltime,,,,,,False,not applicable,Other and Information Technology,,,"Appliances, Electrical, and Electronics Manufacturing",https://de.linkedin.com/company/zeiss,,,,,,,,,,,
linkedin,Projektleiter (m/w/d) Mieterausbau,Michael Page,"Berlin, Berlin, Germany",2026-08-20,https://www.linkedin.com/jobs/view/4456734252 , ,li-4456734252,fulltime,,,,,,False,mid-senior level,Manufacturing and Engineering,,,"Real Estate, Leasing Non-residential Real Estate, and Architecture and Planning",https://uk.linkedin.com/company/michael-page,,,,,,,,,,,
linkedin,Senior Project Manager (m/f/d) German speaking,Aras Corporation,"Munich, Bavaria, Germany",2026-08-20,https://www.linkedin.com/jobs/view/4401751081 , ,li-4401751081,fulltime,,,,,,False,mid-senior level,Project Management and Information Technology,,,Software Development,https://www.linkedin.com/company/aras-corporation,,,,,,,,,,,
linkedin,Lead Manager CX (m/f/d),Exyte,"Stuttgart, Baden-Württemberg, Germany",2026-08-20,https://www.linkedin.com/jobs/view/4408698113 , ,li-4408698113,fulltime,,,,,,False,mid-senior level,Project Management and Information Technology,,ugur.guezel@exyte.net,Civil Engineering,https://de.linkedin.com/company/exyte-group,,,,,,,,,,,
linkedin,Project Engineering & Regional Business Development Lead (m/w/d),PELEVEN AG,"Mannheim, Baden-Württemberg, Germany",2026-08-20,https://www.linkedin.com/jobs/view/4454744777 , ,li-4454744777,fulltime,,,,,,False,director,"Business Development, Project Management, and Engineering",,,Pharmaceutical Manufacturing and Engineering Services,https://ch.linkedin.com/company/peleven-ag,,,,,,,,,,,
linkedin,Application Product Manager - AI System Transformations,Celonis,"Munich, Bavaria, Germany",2026-08-20,https://www.linkedin.com/jobs/view/4434878177 , ,li-4434878177,fulltime,,,,,,True,not applicable,Product Management and Marketing,,j.leonard.ext@celonis.com,Software Development,https://www.linkedin.com/company/celonis,,,,,,,,,,,
linkedin,Projektleiter (m/w/d) Radarsysteme & Defence,expertum Gruppe,"Ulm, Baden-Württemberg, Germany",2026-08-20,https://www.linkedin.com/jobs/view/4456065049 , ,li-4456065049,fulltime,,,,,,False,mid-senior level,"Design, Art/Creative, and Information Technology",,,Staffing and Recruiting,https://de.linkedin.com/company/expertumgruppe,,,,,,,,,,,
linkedin,Product Marketing Manager,Retarus,"Munich, Bavaria, Germany",2026-08-20,https://www.linkedin.com/jobs/view/4456722669 , ,li-4456722669,fulltime,,,,,,False,associate,Product Management and Marketing,,Felix.Gansmeier@retarus.de,Software Development and IT Services and IT Consulting,https://de.linkedin.com/company/retarus,,,,,,,,,,,
linkedin,Manager Brand & Merchandise Beauty & Wellness (m/w/d),HSE - Home Shopping Europe GmbH,"Ismaning, Bavaria, Germany",2026-08-20,https://www.linkedin.com/jobs/view/4410495857 , ,li-4410495857,fulltime,,,,,,True,entry level,Marketing and Sales,,,Online and Mail Order Retail,https://de.linkedin.com/company/hse,,,,,,,,,,,
linkedin,Chief Product Officer (m/w/d),Vivira Health Lab,"Berlin, Berlin, Germany",2026-08-20,https://www.linkedin.com/jobs/view/4454126486 , ,li-4454126486,fulltime,,,,,,True,executive,Product Management and Marketing,,,Hospitals and Health Care,https://de.linkedin.com/company/vivirahealth,,,,,,,,,,,
linkedin,(Sr.) Solution Product Manager,Supermicro,"Aachen, North Rhine-Westphalia, Germany",2026-08-20,https://www.linkedin.com/jobs/view/4457016414 , ,li-4457016414,fulltime,,,,,,False,mid-senior level,Product Management and Marketing,,,"Computer Hardware Manufacturing, Appliances, Electrical, and Electronics Manufacturing, and Computers and Electronics Manufacturing",https://www.linkedin.com/company/supermicro,,,,,,,,,,,
linkedin,"AI Product Owner mit Projektmanagement Skills (m,w,d)",PromptingBirds GmbH,,2026-08-20,https://www.linkedin.com/jobs/view/4453496759 , ,li-4453496759,fulltime,,,,,,True,mid-senior level,Product Management and Marketing,,"bewerbung@promptingbirds.com, d.frystacki@promptingbirds.com",IT Services and IT Consulting,https://de.linkedin.com/company/promptingbirds,,,,,,,,,,,
linkedin,Produkt Manager (m/w/d) im Bereich Explosionsschutz,Pepperl+Fuchs Group,"Mannheim, Baden-Württemberg, Germany",2026-08-20,https://www.linkedin.com/jobs/view/4456745657 , ,li-4456745657,fulltime,,,,,,False,mid-senior level,Product Management and Marketing,,,Automation Machinery Manufacturing,https://de.linkedin.com/company/pepperl-fuchs-group,,,,,,,,,,,
linkedin,Project Leader,Forward Strategy,"Berlin, Berlin, Germany",2026-08-20,https://www.linkedin.com/jobs/view/4454149745 , ,li-4454149745,fulltime,,,,,,False,mid-senior level,Management,,,Professional Services,https://de.linkedin.com/company/forward-strategy-consulting,,,,,,,,,,,
linkedin,(Senior) Product Manager (m/w/d),ACCA Careers,"Offenbach, Hesse, Germany",2026-08-20,https://www.linkedin.com/jobs/view/4457325046 , ,li-4457325046,fulltime,,,,,,False,mid-senior level,Product Management and Marketing,,,Accounting,https://uk.linkedin.com/company/acca-careers,,,,,,,,,,,
linkedin,"Product Manager, Residential Comfort",WhiteCrow Research,"Aachen, North Rhine-Westphalia, Germany",2026-08-20,https://www.linkedin.com/jobs/view/4456486133 , ,li-4456486133,fulltime,,,,,,False,mid-senior level,Product Management,,,Climate Technology Product Manufacturing,https://in.linkedin.com/company/whitecrow-research-pvt--ltd,,,,,,,,,,,
linkedin,Senior Product Manager (f/m/x),Alago,"Munich, Bavaria, Germany",2026-08-20,https://www.linkedin.com/jobs/view/4453876457 , ,li-4453876457,fulltime,,,,,,False,director,Product Management,,,Software Development,https://de.linkedin.com/company/alago-ai,,,,,,,,,,,
linkedin,Projektleitung im Gesundheitsbau (m/w/d),JuliaRothProjects,"Heidenheim an der Brenz, Baden-Württemberg, Germany",2026-08-20,https://www.linkedin.com/jobs/view/4453430532 , ,li-4453430532,fulltime,,,,,,False,director,Project Management and Information Technology,,info@juliarothprojects.com,Construction,https://de.linkedin.com/company/juliarothprojects,,,,,,,,,,,
linkedin,Technical Projects Manager - API Partner Solutions (f/m/d),immowelt,"Berlin, Berlin, Germany",2026-08-20,https://www.linkedin.com/jobs/view/4438184075 , ,li-4438184075,fulltime,,,,,,False,associate,Information Technology,,,Real Estate,https://de.linkedin.com/company/immowelt,,,,,,,,,,,
linkedin,Customer Project Manager SIGINT / ELINT (m/w/d),Rohde & Schwarz,"Kiel, Schleswig-Holstein, Germany",2026-08-20,https://www.linkedin.com/jobs/view/4436814587 , ,li-4436814587,fulltime,,,,,,False,not applicable,Project Management and Information Technology,,,Telecommunications,https://de.linkedin.com/company/rohde-schwarz,,,,,,,,,,,
linkedin,Program Manager - Reactor (f/m/d),Focused Energy,"Darmstadt, Hesse, Germany",2026-08-20,https://www.linkedin.com/jobs/view/4443925239 , ,li-4443925239,fulltime,,,,,,False,mid-senior level,Project Management,,,Electric Power Generation,https://de.linkedin.com/company/focused-energy-inc,,,,,,,,,,,
linkedin,Senior Product Manager Digital Health (m/w/d),Vivira Health Lab,"Berlin, Berlin, Germany",2026-08-20,https://www.linkedin.com/jobs/view/4454118511 , ,li-4454118511,fulltime,,,,,,True,mid-senior level,Product Management and Marketing,,,Hospitals and Health Care,https://de.linkedin.com/company/vivirahealth,,,,,,,,,,,
linkedin,"EY-Parthenon Manager Real Estate, Infrastructure & Project Management | Public & Defense (w/m/d)",EY-Parthenon,"Berlin, Berlin, Germany",2026-08-20,https://www.linkedin.com/jobs/view/4445009553 , ,li-4445009553,fulltime,,,,,,False,mid-senior level,Sales and Management,,,Business Consulting and Services,https://uk.linkedin.com/company/ey-parthenon,,,,,,,,,,,
linkedin,Projektmanager Region Süd (w/m/d) Wettringen,Bw Bekleidungsmanagement GmbH,"Wettringen, Bavaria, Germany",2026-08-20,https://www.linkedin.com/jobs/view/4446580414 , ,li-4446580414,fulltime,,,,,,False,mid-senior level,Project Management and Information Technology,,,"Transportation, Logistics, Supply Chain and Storage",https://de.linkedin.com/company/bw-bekleidungsmanagement,,,,,,,,,,,
linkedin,"Project Manager (m/w/d) Material Handling, Drying and Special Systems",Simar GmbH,"Oberderdingen, Baden-Württemberg, Germany",2026-08-20,https://www.linkedin.com/jobs/view/4453886236 , ,li-4453886236,fulltime,,,,,,False,mid-senior level,Engineering,,,Industrial Machinery Manufacturing,https://de.linkedin.com/company/simar-gmbh,,,,,,,,,,,
linkedin,Engine Project Management Officer (PMO),The Exploration Company,"Munich, Bavaria, Germany",2026-08-20,https://www.linkedin.com/jobs/view/4400003946 , ,li-4400003946,fulltime,,,,,,False,entry level,Project Management and Information Technology,,,Aviation and Aerospace Component Manufacturing,https://de.linkedin.com/company/exploration-company,,,,,,,,,,,
linkedin,Technischer Projektleiter (m/w/d),TAWO,"Berlin, Berlin, Germany",2026-08-20,https://www.linkedin.com/jobs/view/4456002096 , ,li-4456002096,fulltime,,,,,,False,associate,Engineering,,karriere@tawo.de,Business Consulting and Services,https://de.linkedin.com/company/tawo-de,,,,,,,,,,,
linkedin,Projektleiter Netzdienste (m/w/d),regiocom SE,"Magdeburg, Saxony-Anhalt, Germany",2026-08-20,https://www.linkedin.com/jobs/view/4453863882 , ,li-4453863882,fulltime,,,,,,False,mid-senior level,"Design, Art/Creative, and Information Technology",,,IT Services and IT Consulting,https://de.linkedin.com/company/regiocom-se,,,,,,,,,,,
linkedin,PROJECT MANAGER CUSTOMER SERVICE (m/w/d),General Dynamics European Land Systems,"Neubrandenburg, Mecklenburg-West Pomerania, Germany",2026-08-20,https://www.linkedin.com/jobs/view/4449701040 , ,li-4449701040,fulltime,,,,,,False,entry level,Project Management and Information Technology,,stellenangebote@gdels.com,Defense and Space Manufacturing,https://es.linkedin.com/company/gdels,,,,,,,,,,,
linkedin,Projektmanager,CLOOS Group,"Haiger, Hesse, Germany",2026-08-20,https://www.linkedin.com/jobs/view/4456498822 , ,li-4456498822,fulltime,,,,,,False,entry level,Project Management and Information Technology,,,Mechanical Or Industrial Engineering,https://de.linkedin.com/company/carl-cloos-schwei%C3%9Ftechnik-gmbh,,,,,,,,,,,
linkedin,Global Product Manager IPC and I/O (m/w/d),ABB,"Heidelberg, Baden-Württemberg, Germany",2026-08-19,https://www.linkedin.com/jobs/view/4450735966 , ,li-4450735966,fulltime,,,,,,False,mid-senior level,Product Management and Marketing,,,Automation Machinery Manufacturing,https://ch.linkedin.com/company/abb,,,,,,,,,,,
linkedin,Project Manager Workplace and Interior Design (w/m/d) (befristet auf 24 Monate),Siemens Healthineers,"Erlangen, Bavaria, Germany",2026-08-19,https://www.linkedin.com/jobs/view/4453461930 , ,li-4453461930,fulltime,,,,,,False,mid-senior level,Other,,,"Medical Equipment Manufacturing, Hospitals and Health Care, and Biotechnology Research",https://de.linkedin.com/company/siemens-healthineers,,,,,,,,,,,
linkedin,Project Manager (f/m/d) Offshore Automation,Siemens Energy,"Berlin, Berlin, Germany",2026-08-19,https://www.linkedin.com/jobs/view/4445737988 , ,li-4445737988,fulltime,,,,,,True,mid-senior level,Project Management,,,"Appliances, Electrical, and Electronics Manufacturing",https://www.linkedin.com/company/siemens-energy,,,,,,,,,,,
linkedin,Project Manager & Planning (m/f/d),Alpitronic,"Nuremberg, Bavaria, Germany",2026-08-19,https://www.linkedin.com/jobs/view/4385741399 , ,li-4385741399,fulltime,,,,,,False,associate,Project Management and Information Technology,,,"Appliances, Electrical, and Electronics Manufacturing",https://it.linkedin.com/company/alpitronic-srl,,,,,,,,,,,
linkedin,Project Manager,Cumming Group UK & Europe,"Düsseldorf, North Rhine-Westphalia, Germany",2026-08-19,https://www.linkedin.com/jobs/view/4454988769 , ,li-4454988769,fulltime,,,,,,False,mid-senior level,Project Management,,,"Hospitality, Real Estate, and Business Consulting and Services",https://uk.linkedin.com/company/cumming-group-europe,,,,,,,,,,,
linkedin,Project Manager (m/f/d),Exyte,"Stuttgart, Baden-Württemberg, Germany",2026-08-19,https://www.linkedin.com/jobs/view/4377939017 , ,li-4377939017,fulltime,,,,,,False,mid-senior level,Project Management and Information Technology,,lisamarie.kussmaul@exyte.net,Civil Engineering,https://de.linkedin.com/company/exyte-group,,,,,,,,,,,
linkedin,"Project Manager, Academic Engagements",Ethereum Foundation,"Berlin, Germany",2026-08-19,https://www.linkedin.com/jobs/view/4456189372 , ,li-4456189372,fulltime,,,,,,False,mid-senior level,Project Management and Information Technology,,,Software Development,https://www.linkedin.com/company/ethereum-foundation,,,,,,,,,,,
linkedin,Produktmanager (w/m/d) Schwerpunkt Wertpapier-Regulatorik,DekaBank,"Wiesbaden, Hesse, Germany",2026-08-19,https://www.linkedin.com/jobs/view/4446570784 , ,li-4446570784,fulltime,,,,,,False,mid-senior level,Product Management and Marketing,,"recruiting@deka.de, recruiting@deka.de",Banking,https://de.linkedin.com/company/dekabank,,,,,,,,,,,
linkedin,"Sr. Product Manager, EU Everyday Essentials (12-month Contract)",Amazon,"Munich, Bavaria, Germany",2026-08-19,https://www.linkedin.com/jobs/view/4455904247 , ,li-4455904247,fulltime,,,,,,False,mid-senior level,"Project Management, Management, and Product Management",,,Software Development,https://www.linkedin.com/company/amazon,,,,,,,,,,,
linkedin,Principal Product Manager - E-commerce (all genders),tonies®,"Düsseldorf, North Rhine-Westphalia, Germany",2026-08-19,https://www.linkedin.com/jobs/view/4455442009 , ,li-4455442009,fulltime,,,,,,True,mid-senior level,Management and Manufacturing,,,"Technology, Information and Media",https://de.linkedin.com/company/tonies-gmbh,,,,,,,,,,,
linkedin,"Senior Product Manager, Supply Incentives",Bolt,"Berlin, Berlin, Germany",2026-08-19,https://www.linkedin.com/jobs/view/4436598829 , ,li-4436598829,fulltime,,,,,,False,mid-senior level,Product Management and Marketing,,,Software Development,https://ee.linkedin.com/company/bolt-eu,,,,,,,,,,,
linkedin,Senior Product Owner (m/f/d),Flix,"Berlin, Germany",2026-08-19,https://www.linkedin.com/jobs/view/4456192919 , ,li-4456192919,fulltime,,,,,,False,mid-senior level,Product Management and Marketing,,,Software Development,https://de.linkedin.com/company/flixbus-flixtrain,,,,,,,,,,,
linkedin,"Product Manager, eCommerce Solutions (all genders)",Distribusion Technologies,"Berlin, Berlin, Germany",2026-08-19,https://www.linkedin.com/jobs/view/4443219372 , ,li-4443219372,fulltime,,,,,,True,not applicable,Information Technology,,talent@distribusion.com,IT Services and IT Consulting,https://de.linkedin.com/company/distribusion,,,,,,,,,,,
linkedin,"Pre-Construction Manager, EMEA Pre-Construction",Amazon Web Services (AWS),"Frankfurt, Hesse, Germany",2026-08-19,https://www.linkedin.com/jobs/view/4455910206 , ,li-4455910206,fulltime,,,,,,False,mid-senior level,"Information Technology, Consulting, and Engineering",,,IT Services and IT Consulting,https://www.linkedin.com/company/amazon-web-services,,,,,,,,,,,
linkedin,Technical Implementation Manager (all genders),Wemolo,"Munich, Bavaria, Germany",2026-08-19,https://www.linkedin.com/jobs/view/4456165338 , ,li-4456165338,fulltime,,,,,,False,mid-senior level,Project Management and Information Technology,,elisa.fuerter@wemolo.com,Information Technology & Services,https://de.linkedin.com/company/wemolo,,,,,,,,,,,
linkedin,Project Manager (*gn),VIER,"Hannover, Lower Saxony, Germany",2026-08-19,https://www.linkedin.com/jobs/view/4453431670 , ,li-4453431670,fulltime,,,,,,True,associate,Project Management and Information Technology,,,Software Development,https://de.linkedin.com/company/vier-ai,,,,,,,,,,,
linkedin,Continuous Improvement Manager (gn),Energy2market GmbH (e2m),"Leipzig, Saxony, Germany",2026-08-19,https://www.linkedin.com/jobs/view/4454994192 , ,li-4454994192,fulltime,,,,,,False,associate,Project Management,,,Services for Renewable Energy,https://de.linkedin.com/company/e2m-energy2market,,,,,,,,,,,
linkedin,"Construction Manager, Design and Construction",Amazon,"Berlin, Berlin, Germany",2026-08-19,https://www.linkedin.com/jobs/view/4455906754 , ,li-4455906754,fulltime,,,,,,False,mid-senior level,Other and Manufacturing,,,Software Development,https://www.linkedin.com/company/amazon,,,,,,,,,,,
linkedin,Projektleiter (m/w/d) Kältetechnik,KÄLTE-KLIMA Firmengruppe,"Dresden, Saxony, Germany",2026-08-19,https://www.linkedin.com/jobs/view/4453422666 , ,li-4453422666,fulltime,,,,,,False,mid-senior level,"Design, Art/Creative, and Information Technology",,,Construction,https://de.linkedin.com/company/k%C3%A4lte-klima-firmengruppe,,,,,,,,,,,
linkedin,Senior Technical Project Manager (m/w/d),D-Trust,"Berlin, Germany",2026-08-19,https://www.linkedin.com/jobs/view/4456326090 , ,li-4456326090,fulltime,,,,,,False,mid-senior level,Project Management and Information Technology,,,IT Services and IT Consulting,https://www.linkedin.com/company/d-trust,,,,,,,,,,,
linkedin,Product Orchestration Lead (m/w/d),ENERTRAG,"Berlin, Berlin, Germany",2026-08-19,https://www.linkedin.com/jobs/view/4453414459 , ,li-4453414459,fulltime,,,,,,False,associate,Information Technology,,tina.klaric@enertrag.com,Renewable Energy Semiconductor Manufacturing,https://de.linkedin.com/company/enertrag,,,,,,,,,,,
linkedin,CSA Lead,Mercury,"Frankfurt, Hesse, Germany",2026-08-19,https://www.linkedin.com/jobs/view/4316688302 , ,li-4316688302,fulltime,,,,,,False,mid-senior level,Other,,,Construction,https://ie.linkedin.com/company/mercury-engineering,,,,,,,,,,,
linkedin,Project and Construction Manager with Lean and Production Management focus (m/f/d),Exyte,"Dresden, Saxony, Germany",2026-08-19,https://www.linkedin.com/jobs/view/4361025078 , ,li-4361025078,fulltime,,,,,,False,mid-senior level,Management and Manufacturing,,gerd.fleischmann@exyte.net,Civil Engineering,https://de.linkedin.com/company/exyte-group,,,,,,,,,,,
linkedin,"Project Engineering Manager, AMZL Field Engineering",Amazon,"Berlin, Berlin, Germany",2026-08-19,https://www.linkedin.com/jobs/view/4455912282 , ,li-4455912282,fulltime,,,,,,False,mid-senior level,"Information Technology, Consulting, and Engineering",,,Software Development,https://www.linkedin.com/company/amazon,,,,,,,,,,,
linkedin,Techn. Projektleiter Dachdeckerhandwerk,Clauß & Co. GmbH,,2026-08-19,https://www.linkedin.com/jobs/view/4453460779 , ,li-4453460779,fulltime,,,,,,False,mid-senior level,Project Management and Information Technology,,,Construction,https://www.linkedin.com/company/clau%C3%9F-co-gmbh,,,,,,,,,,,
linkedin,Projektleiter Filialbau REWE (m/w/d),REWE Group,"Cologne, North Rhine-Westphalia, Germany",2026-08-19,https://www.linkedin.com/jobs/view/4410036419 , ,li-4410036419,fulltime,,,,,,False,associate,"Design, Art/Creative, and Information Technology",,,Retail,https://de.linkedin.com/company/rewegroup,,,,,,,,,,,
linkedin,Mechanical Lead,Mercury,"Düsseldorf, North Rhine-Westphalia, Germany",2026-08-19,https://www.linkedin.com/jobs/view/4445786197 , ,li-4445786197,fulltime,,,,,,False,mid-senior level,Management and Manufacturing,,,Construction,https://ie.linkedin.com/company/mercury-engineering,,,,,,,,,,,
linkedin,Project Manager (f/m/d) Offshore Automation,Siemens Energy,"Erlangen, Bavaria, Germany",2026-08-19,https://www.linkedin.com/jobs/view/4445750168 , ,li-4445750168,fulltime,,,,,,True,mid-senior level,Project Management,,,"Appliances, Electrical, and Electronics Manufacturing",https://www.linkedin.com/company/siemens-energy,,,,,,,,,,,
linkedin,PROJEKTLEITER:IN FÜR BAUPROJEKTE,BII GmbH,"Biberach an der Riß, Baden-Württemberg, Germany",2026-08-19,https://www.linkedin.com/jobs/view/4234270292 , ,li-4234270292,fulltime,,,,,,False,mid-senior level,"Design, Art/Creative, and Information Technology",,,IT Services and IT Consulting,https://de.linkedin.com/company/bii-gmbh,,,,,,,,,,,
linkedin,Teilprojektleiter - Technical Engineering Stations (m/w/d),emagine,"Kiel, Schleswig-Holstein, Germany",2026-08-19,https://www.linkedin.com/jobs/view/4455445660 , ,li-4455445660,fulltime,,,,,,False,mid-senior level,Project Management and Information Technology,,,IT Services and IT Consulting,https://dk.linkedin.com/company/emagine,,,,,,,,,,,
linkedin,Projektleiter (m/w/d) Elektro,H+E Haustechnik und Elektro GmbH,"Halle, Saxony-Anhalt, Germany",2026-08-19,https://www.linkedin.com/jobs/view/4453462641 , ,li-4453462641,fulltime,,,,,,False,mid-senior level,"Design, Art/Creative, and Information Technology",,,Construction,https://de.linkedin.com/company/h-e-haustechnik-und-elektro-gmbh,,,,,,,,,,,
linkedin,Bauingenieur / Architekt als Projektleiter im Schlüsselfertigbau (m/w/d),Dreßler Bau GmbH,"Berlin, Berlin, Germany",2026-08-19,https://www.linkedin.com/jobs/view/3869622350 , ,li-3869622350,fulltime,,,,,,False,entry level,Engineering and Information Technology,,,Construction,https://de.linkedin.com/company/dre%C3%9Fler-bau-gmbh,,,,,,,,,,,
linkedin,Technical Project Manger (m/w/d),Gahrens + Battermann GmbH,"Garching, Bavaria, Germany",2026-08-19,https://www.linkedin.com/jobs/view/4455434249 , ,li-4455434249,fulltime,,,,,,False,associate,Engineering,,,Business Consulting and Services,https://de.linkedin.com/company/gahrensbattermann,,,,,,,,,,,
linkedin,Supervisor Track Design (m/w/d),Abbott,"Hamburg, Hamburg, Germany",2026-08-19,https://www.linkedin.com/jobs/view/4456345201 , ,li-4456345201,fulltime,,,,,,False,mid-senior level,Customer Service,,,Hospitals and Health Care,https://www.linkedin.com/company/abbott-,,,,,,,,,,,
linkedin,"Senior Program Manager, AMZL Launch & Expansion",Amazon,"Berlin, Germany",2026-08-19,https://www.linkedin.com/jobs/view/4455794795 , ,li-4455794795,fulltime,,,,,,True,mid-senior level,"Project Management, Management, and Product Management",,,Software Development,https://www.linkedin.com/company/amazon,,,,,,,,,,,
linkedin,HDVC Site Manager,Spencer Ogden,"Dresden, Saxony, Germany",2026-08-19,https://www.linkedin.com/jobs/view/4449494834 , ,li-4449494834,contract,,,,,,False,mid-senior level,Engineering,,,Energy Technology and Services for Renewable Energy,https://uk.linkedin.com/company/spencerogden,,,,,,,,,,,
linkedin,Healthcare Project Manager,Mane Contract Services,"Munich, Bavaria, Germany",2026-08-19,https://www.linkedin.com/jobs/view/4453450943 , ,li-4453450943,fulltime,,,,,,False,mid-senior level,Project Management,,,Architecture and Planning,https://uk.linkedin.com/company/mane-contract-services,,,,,,,,,,,
linkedin,Senior Bestands- und Planlaufmanager:in,Deutsche Bahn,"Stuttgart, Baden-Württemberg, Germany",2026-08-19,https://www.linkedin.com/jobs/view/4452893282 , ,li-4452893282,fulltime,,,,,,False,mid-senior level,Other,,,Truck Transportation,https://de.linkedin.com/company/deutschebahn,,,,,,,,,,,
linkedin,E-Commerce Lead,The Better Cat,"Hamburg, Hamburg, Germany",2026-08-19,https://www.linkedin.com/jobs/view/4453444134 , ,li-4453444134,fulltime,,,,,,False,director,Management,,,Food and Beverage Services,https://de.linkedin.com/company/the-better-cat,,,,,,,,,,,
linkedin,E-Commerce Manager (m/w/d),Healy World,"Berlin, Berlin, Germany",2026-08-19,https://www.linkedin.com/jobs/view/4453452011 , ,li-4453452011,fulltime,,,,,,False,associate,Information Technology,,hr@healy.world,Medical Equipment Manufacturing,https://de.linkedin.com/company/healyworld,,,,,,,,,,,
linkedin,Healthcare Project Manager - Dusseldorf,Mane Contract Services,"Düsseldorf, North Rhine-Westphalia, Germany",2026-08-19,https://www.linkedin.com/jobs/view/4453455891 , ,li-4453455891,fulltime,,,,,,False,mid-senior level,Project Management,,,Architecture and Planning,https://uk.linkedin.com/company/mane-contract-services,,,,,,,,,,,
linkedin,Project Manager (f/m/d) Offshore Automation,Siemens Energy,"Hamburg, Hamburg, Germany",2026-08-19,https://www.linkedin.com/jobs/view/4445741946 , ,li-4445741946,fulltime,,,,,,True,mid-senior level,Project Management,,,"Appliances, Electrical, and Electronics Manufacturing",https://www.linkedin.com/company/siemens-energy,,,,,,,,,,,
linkedin,"Data Center Project Manager , Critical Projects Implementation Team",Amazon Web Services (AWS),"Frankfurt, Hesse, Germany",2026-08-19,https://www.linkedin.com/jobs/view/4455789809 , ,li-4455789809,fulltime,,,,,,False,mid-senior level,"Information Technology, Consulting, and Engineering",,,IT Services and IT Consulting,https://www.linkedin.com/company/amazon-web-services,,,,,,,,,,,
linkedin,Marketing & Product Manager Payment & Finanzierung (m/w/d),BAUR-Gruppe,"Weismain, Bavaria, Germany",2026-08-19,https://www.linkedin.com/jobs/view/4453437871 , ,li-4453437871,fulltime,,,,,,False,associate,"Finance, Marketing, and Customer Service",,,Online and Mail Order Retail,https://de.linkedin.com/company/baurgruppe,,,,,,,,,,,
linkedin,Customer Journey Manager (m/w/d),Flix,"Berlin, Germany",2026-08-19,https://www.linkedin.com/jobs/view/4456195896 , ,li-4456195896,fulltime,,,,,,False,mid-senior level,Management and Manufacturing,,,Software Development,https://de.linkedin.com/company/flixbus-flixtrain,,,,,,,,,,,
linkedin,Senior Data & Analytics Product Owner (m/f/d),Yepoda,"Berlin, Berlin, Germany",2026-08-19,https://www.linkedin.com/jobs/view/4456320201 , ,li-4456320201,fulltime,,,,,,False,mid-senior level,Product Management and Marketing,,,Cosmetics,https://de.linkedin.com/company/yepoda,,,,,,,,,,,
linkedin,Electrical Project Manager,Mercury,"Munich, Bavaria, Germany",2026-08-19,https://www.linkedin.com/jobs/view/4398190353 , ,li-4398190353,fulltime,,,,,,False,mid-senior level,Project Management and Information Technology,,,Construction,https://ie.linkedin.com/company/mercury-engineering,,,,,,,,,,,
linkedin,Projektleiter (m/w/d) im Bereich Gebäudetechnik,Ludwig Hammer GmbH,"Munich, Bavaria, Germany",2026-08-19,https://www.linkedin.com/jobs/view/4456306079 , ,li-4456306079,fulltime,,,,,,False,mid-senior level,"Design, Art/Creative, and Information Technology",,,Construction,https://de.linkedin.com/company/ludwig-hammer-gmbh,,,,,,,,,,,
linkedin,"Projektleiter (w/m/d) TGA Heizungs-, Lüftungs-, Sanitär- und Klimatechnik",DS-Bauconcept GmbH,"Hamburg, Hamburg, Germany",2026-08-19,https://www.linkedin.com/jobs/view/4453482449 , ,li-4453482449,fulltime,,,,,,False,mid-senior level,Management and Manufacturing,,,Real Estate,https://de.linkedin.com/company/ds-bauconcept-gmbh,,,,,,,,,,,
linkedin,Projektmanager Verifikation und Validierung (m/w/d),Rheinmetall,"Bremen, Bremen, Germany",2026-08-19,https://www.linkedin.com/jobs/view/4445467691 , ,li-4445467691,fulltime,,,,,,False,mid-senior level,Project Management and Information Technology,,,Defense and Space Manufacturing,https://de.linkedin.com/company/rheinmetall,,,,,,,,,,,
linkedin,Business Unit Manager / Gartengeräte / DIY,Gütermann Consulting GmbH,"Dingolfing-Landau, Bavaria, Germany",2026-08-19,https://www.linkedin.com/jobs/view/4453414486 , ,li-4453414486,fulltime,,,,,,False,mid-senior level,Product Management,,,"Appliances, Electrical, and Electronics Manufacturing",https://de.linkedin.com/company/guetermann-consulting-gmbh,,,,,,,,,,,
linkedin,Technical Project Manager (d/f/m),Airbus Defence and Space,"Manching, Bavaria, Germany",2026-08-19,https://www.linkedin.com/jobs/view/4452876082 , ,li-4452876082,parttime,,,,,,False,mid-senior level,Project Management and Information Technology,,emsom@airbus.com,Defense and Space Manufacturing,https://www.linkedin.com/company/airbus-defence-and-space,,,,,,,,,,,
linkedin,"Construction Manager, Design and Construction",Amazon,"Munich, Bavaria, Germany",2026-08-19,https://www.linkedin.com/jobs/view/4455934391 , ,li-4455934391,fulltime,,,,,,False,mid-senior level,Other and Manufacturing,,,Software Development,https://www.linkedin.com/company/amazon,,,,,,,,,,,
linkedin,SAP S/4HANA Data Migration Project Lead (all genders),Tata Consultancy Services,,2026-08-19,https://www.linkedin.com/jobs/view/4443176136 , ,li-4443176136,fulltime,,,,,,False,associate,Management,,germany.careers@tcs.com,IT Services and IT Consulting,https://in.linkedin.com/company/tata-consultancy-services,,,,,,,,,,,
linkedin,Produkt- und Content-Manager Wüdesto (m/w/d),Würth Deutschland,"Künzelsau, Baden-Württemberg, Germany",2026-08-19,https://www.linkedin.com/jobs/view/4416573323 , ,li-4416573323,fulltime,,,,,,False,mid-senior level,"Marketing, Public Relations, and Writing/Editing",,,Wholesale,https://de.linkedin.com/company/wuerth-germany,,,,,,,,,,,
linkedin,"Senior Pre-Construction Manager, EMEA Pre-Construction",Amazon Web Services (AWS),"Frankfurt, Hesse, Germany",2026-08-19,https://www.linkedin.com/jobs/view/4456341909 , ,li-4456341909,fulltime,,,,,,False,mid-senior level,"Information Technology, Consulting, and Engineering",,,IT Services and IT Consulting,https://www.linkedin.com/company/amazon-web-services,,,,,,,,,,,
linkedin,Projektleiter (m/w/d) Logistiksoftware,OPUS//G GmbH,"Jork, Lower Saxony, Germany",2026-08-19,https://www.linkedin.com/jobs/view/4456196766 , ,li-4456196766,fulltime,,,,,,False,mid-senior level,"Design, Art/Creative, and Information Technology",,,IT Services and IT Consulting,https://de.linkedin.com/company/opus-g-objektorientierte-programmierung-und-systemtechnik-gmbh,,,,,,,,,,,
linkedin,Senior Projektmanager:in für strategische Softwareprojekte | Bremen (m/w/d),encoway GmbH,"Bremen, Bremen, Germany",2026-08-19,https://www.linkedin.com/jobs/view/4455407395 , ,li-4455407395,fulltime,,,,,,False,mid-senior level,Project Management and Information Technology,,"bewerbung@encoway.de, bewerbung@encoway.de",IT Services and IT Consulting,https://de.linkedin.com/company/encoway,,,,,,,,,,,
linkedin,Projektleiter (m/w/d) im Tiefbau,KÖGEL BAU,"Bad Oeynhausen, North Rhine-Westphalia, Germany",2026-08-19,https://www.linkedin.com/jobs/view/4453426148 , ,li-4453426148,fulltime,,,,,,False,mid-senior level,Engineering,,,Construction,https://de.linkedin.com/company/k%C3%B6gel-bau,,,,,,,,,,,
linkedin,Projektleiter Energieeffizienz & Gebäudetechnik (m/w/d),EEP Energieconsulting GmbH,"Munich, Bavaria, Germany",2026-08-19,https://www.linkedin.com/jobs/view/4453443727 , ,li-4453443727,fulltime,,,,,,False,mid-senior level,Management,,,Administrative and Support Services,https://de.linkedin.com/company/eep-consulting-gmbh,,,,,,,,,,,
linkedin,Product Owner* - Medical Devices #11239,Cegeka,,2026-08-19,https://www.linkedin.com/jobs/view/4453418796 , ,li-4453418796,fulltime,,,,,,True,mid-senior level,Product Management and Marketing,,susanne.karopka@cegeka.com,IT Services and IT Consulting,https://be.linkedin.com/company/cegeka,,,,,,,,,,,
linkedin,Project Leader Engineering (w/m/d),Leybold,"Cologne, North Rhine-Westphalia, Germany",2026-08-18,https://www.linkedin.com/jobs/view/4445725831 , ,li-4445725831,fulltime,,,,,,False,not applicable,Engineering and Information Technology,,,Machinery Manufacturing,https://de.linkedin.com/company/leybold-vacuum,,,,,,,,,,,
linkedin,Projektleiter:in Bau (w/m/d),Deutsche Bahn,"Hamburg, Hamburg, Germany",2026-08-18,https://www.linkedin.com/jobs/view/4377581350 , ,li-4377581350,fulltime,,,,,,False,mid-senior level,"Design, Art/Creative, and Information Technology",,,Truck Transportation,https://de.linkedin.com/company/deutschebahn,,,,,,,,,,,
linkedin,Gesamtprojektleiter:in mit fachlicher Teamleitungsfunktion / Eifelstrecke,Deutsche Bahn,"Frankfurt am Main, Hesse, Germany",2026-08-18,https://www.linkedin.com/jobs/view/4400694137 , ,li-4400694137,fulltime,,,,,,False,mid-senior level,Other,,,Truck Transportation,https://de.linkedin.com/company/deutschebahn,,,,,,,,,,,
linkedin,Team Lead - Project Management (d/f/m),DEPT®,"Hamburg, Hamburg, Germany",2026-08-18,https://www.linkedin.com/jobs/view/4455781220 , ,li-4455781220,fulltime,,,,,,False,mid-senior level,"Project Management, Consulting, and Product Management",,,Advertising Services,https://nl.linkedin.com/company/deptagency,,,,,,,,,,,
linkedin,Additive Manufacturing Growth Programme Lead (f/m/d),Siemens Energy,"Berlin, Berlin, Germany",2026-08-18,https://www.linkedin.com/jobs/view/4454764877 , ,li-4454764877,fulltime,,,,,,True,mid-senior level,Project Management,,,"Appliances, Electrical, and Electronics Manufacturing",https://www.linkedin.com/company/siemens-energy,,,,,,,,,,,
linkedin,Project Manager/Site Lead,Entarian,,2026-08-18,https://www.linkedin.com/jobs/view/4437752675 , ,li-4437752675,fulltime,,,,,,False,entry level,Project Management and Information Technology,,careers@entarian.com,IT Services and IT Consulting,https://www.linkedin.com/company/entarian,,,,,,,,,,,
linkedin,Senior Planner,APM Terminals,"Bremerhaven, Bremen, Germany",2026-08-18,https://www.linkedin.com/jobs/view/4440535278 , ,li-4440535278,fulltime,,,,,,False,not applicable,Other,,accommodationrequests@maersk.com,"Transportation, Logistics, Supply Chain and Storage",https://nl.linkedin.com/company/apm-terminals,,,,,,,,,,,
linkedin,Growth Product Manager - UK (AI x Greentech)(m/f/d),Reonic,"Berlin, Germany",2026-08-18,https://www.linkedin.com/jobs/view/4455784763 , ,li-4455784763,fulltime,,,,,,False,associate,Product Management,,,Services for Renewable Energy and Software Development,https://de.linkedin.com/company/reonic,,,,,,,,,,,
linkedin,(Jr.) Project Manager,OSI Maritime Systems,"Kiel, Schleswig-Holstein, Germany",,https://www.linkedin.com/jobs/view/4453075582 , ,li-4453075582,fulltime,,,,,,False,mid-senior level,Project Management and Information Technology,,,Defense and Space Manufacturing,https://ca.linkedin.com/company/osimaritime,,,,,,,,,,,
linkedin,Projektmanagerin (m/w/d) Produktentwicklung Sicherheitstechnik,Dräger,"Lübeck, Schleswig-Holstein, Germany",,https://www.linkedin.com/jobs/view/4399053244 , ,li-4399053244,fulltime,,,,,,False,mid-senior level,Project Management and Information Technology,,celina.radmer@draeger.com,Manufacturing,https://de.linkedin.com/company/draeger,,,,,,,,,,,
linkedin,Project Manager,QBuild Software GmbH,"Munich (District), Bavaria, Germany",,https://www.linkedin.com/jobs/view/4458729177 , ,li-4458729177,fulltime,,,,,,True,entry level,Project Management and Information Technology,,,Software Development,https://de.linkedin.com/company/qbuild-software-gmbh,,,,,,,,,,,
linkedin,Projektmanager:in Shopify Agentur (m/w/d) in Vollzeit,we-site GmbH - Shopify Agentur,"Hamburg, Hamburg, Germany",,https://www.linkedin.com/jobs/view/4456919065 , ,li-4456919065,fulltime,,,,,,False,director,Project Management,,,IT Services and IT Consulting,https://de.linkedin.com/company/we-site-shopify-agentur,,,,,,,,,,,
linkedin,Projektleiter HKLS (m/w/d) Raum Reutlingen - Jobbird.com,Jobster,"Reutlingen, Baden-Württemberg, Germany",,https://www.linkedin.com/jobs/view/4457123438 , ,li-4457123438,fulltime,,,,,,False,mid-senior level,"Design, Art/Creative, and Information Technology",,,Software Development,https://nl.linkedin.com/company/jobster-com,,,,,,,,,,,
linkedin,Projektleiter (m/w/d) – Hochbau / Wohnungsbau,weisenburger group,"Frankfurt, Hesse, Germany",,https://www.linkedin.com/jobs/view/4456504691 , ,li-4456504691,fulltime,,,,,,False,mid-senior level,"Design, Art/Creative, and Information Technology",,,Construction,https://de.linkedin.com/company/weisenburger-gruppe,,,,,,,,,,,
linkedin,Technischer Projektmanager (m/w/d) Sondermaschinenbau,Bertrandt Group,"Grafenau, Baden-Württemberg, Germany",,https://www.linkedin.com/jobs/view/4457471976 , ,li-4457471976,fulltime,,,,,,False,mid-senior level,Project Management and Information Technology,,,Engineering Services,https://de.linkedin.com/company/bertrandt-ag,,,,,,,,,,,
linkedin,(Senior) Projektmanager (m/w/d) Construction,L'Osteria,"Munich, Bavaria, Germany",,https://www.linkedin.com/jobs/view/4456903179 , ,li-4456903179,fulltime,,,,,,False,mid-senior level,Project Management,,,Restaurants,https://de.linkedin.com/company/losteria-de,,,,,,,,,,,
linkedin,Projektleiter HKLS (m/w/d) - Jobbird.com,Jobster,"Stuttgart, Baden-Württemberg, Germany",,https://www.linkedin.com/jobs/view/4457126063 , ,li-4457126063,fulltime,,,,,,False,mid-senior level,"Design, Art/Creative, and Information Technology",,,Software Development,https://nl.linkedin.com/company/jobster-com,,,,,,,,,,,
linkedin,PROJEKTLEITER SANIERUNG (M / W / D),Vilson Trocknung GmbH,"Munich, Bavaria, Germany",,https://www.linkedin.com/jobs/view/4457148820 , ,li-4457148820,fulltime,,,,,,False,mid-senior level,"Design, Art/Creative, and Information Technology",,,Construction,https://de.linkedin.com/company/vilson-trocknung-gmbh,,,,,,,,,,,
linkedin,Maritime Technical Project Lead (w/m/d),HENSOLDT,"Kiel, Schleswig-Holstein, Germany",,https://www.linkedin.com/jobs/view/4456512579 , ,li-4456512579,fulltime,,,,,,True,mid-senior level,Information Technology,,,Defense and Space Manufacturing,https://de.linkedin.com/company/hensoldt,,,,,,,,,,,
linkedin,Cluster leader New Products and Incubation (m/w/x),ZEISS Group,"Oberkochen, Baden-Württemberg, Germany",,https://www.linkedin.com/jobs/view/4458585905 , ,li-4458585905,fulltime,,,,,,False,mid-senior level,"Project Management, Management, and Other",,,"Manufacturing and Appliances, Electrical, and Electronics Manufacturing",https://de.linkedin.com/company/zeiss,,,,,,,,,,,
linkedin,"Deputy Project Leader - Wiesbaden, Germany","M.C. Dean, Inc.","Wiesbaden, Hesse, Germany",,https://www.linkedin.com/jobs/view/4458743910 , ,li-4458743910,fulltime,,,,,,False,not applicable,Project Management and Information Technology,,,Design Services,https://www.linkedin.com/company/m-c-dean-inc,,,,,,,,,,,
linkedin,Maritime Technical Project Lead (w/m/d),HENSOLDT,"Wilhelmshaven, Lower Saxony, Germany",,https://www.linkedin.com/jobs/view/4457082399 , ,li-4457082399,fulltime,,,,,,True,mid-senior level,Information Technology,,jobs@hensoldt.net,Defense and Space Manufacturing,https://de.linkedin.com/company/hensoldt,,,,,,,,,,,
linkedin,Projektleiter (m/w/d),Rheinmetall,"Bremen, Bremen, Germany",,https://www.linkedin.com/jobs/view/4456576506 , ,li-4456576506,fulltime,,,,,,False,mid-senior level,"Design, Art/Creative, and Information Technology",,,Defense and Space Manufacturing,https://de.linkedin.com/company/rheinmetall,,,,,,,,,,,
linkedin,Team Lead - Industrial Engineering,Anonymous,"Dresden, Saxony, Germany",,https://www.linkedin.com/jobs/view/4456532043 , ,li-4456532043,fulltime,,,,,,False,associate,Manufacturing,,,"Appliances, Electrical, and Electronics Manufacturing, Semiconductor Manufacturing, and Industrial Machinery Manufacturing",https://www.linkedin.com/company/anon-crypto,,,,,,,,,,,
linkedin,Project Manager WIO BBP Components (m/w/x),ZEISS Group,"Oberkochen, Baden-Württemberg, Germany",,https://www.linkedin.com/jobs/view/4458576978 , ,li-4458576978,fulltime,,,,,,False,mid-senior level,"Project Management, Engineering, and Other",,,"Manufacturing and Appliances, Electrical, and Electronics Manufacturing",https://de.linkedin.com/company/zeiss,,,,,,,,,,,
linkedin,Projektleiter Schlüsselfertigbau / Bauträger (m/w/d),Your Source,"Bad Krozingen, Baden-Württemberg, Germany",,https://www.linkedin.com/jobs/view/4458743915 , ,li-4458743915,fulltime,,,,,,False,associate,Project Management,,,Construction,https://se.linkedin.com/company/your-source-ab,,,,,,,,,,,
linkedin,Projektleiter Elektrotechnik (m/w/d) München - Jobbird.com,Jobster,"Munich, Bavaria, Germany",,https://www.linkedin.com/jobs/view/4457120171 , ,li-4457120171,fulltime,,,,,,False,mid-senior level,Engineering and Information Technology,,,Software Development,https://nl.linkedin.com/company/jobster-com,,,,,,,,,,,
linkedin,Development EMEA Portfolio Manager / PMO (m/f/d),Knauf Deutschland,"Iphofen, Bavaria, Germany",,https://www.linkedin.com/jobs/view/4448287459 , ,li-4448287459,fulltime,,,,,,False,mid-senior level,Finance and Sales,,,Building Materials and Construction,https://de.linkedin.com/company/knauf-deutschland,,,,,,,,,,,
linkedin,(Senior) Manager (all genders) Scaling and Transforming Defense,Porsche Consulting,"Stuttgart, Baden-Württemberg, Germany",,https://www.linkedin.com/jobs/view/4382317643 , ,li-4382317643,fulltime,,,,,,False,mid-senior level,Other,,,Business Consulting and Services,https://de.linkedin.com/company/porsche-consulting-,,,,,,,,,,,
linkedin,Senior Classification Lead & J&C Special Project Coordinator EMEA (f/m/d),Schneider Electric,"Düsseldorf, North Rhine-Westphalia, Germany",,https://www.linkedin.com/jobs/view/4457487081 , ,li-4457487081,fulltime,,,,,,False,mid-senior level,Project Management and Information Technology,,,Automation Machinery Manufacturing,https://fr.linkedin.com/company/schneider-electric,,,,,,,,,,,
linkedin,Projektleiter HKLS (m/w/d) - Jobbird.com,Jobster,"Freiburg, Baden-Württemberg, Germany",,https://www.linkedin.com/jobs/view/4457111895 , ,li-4457111895,fulltime,,,,,,False,mid-senior level,"Design, Art/Creative, and Information Technology",,,Software Development,https://nl.linkedin.com/company/jobster-com,,,,,,,,,,,
linkedin,Projektleiter Konstruktiver Ingenieurbau (w/m/d),Arcadis,"Hamburg, Hamburg, Germany",,https://www.linkedin.com/jobs/view/4353489735 , ,li-4353489735,fulltime,,,,,,False,not applicable,Other,,,Professional Services,https://nl.linkedin.com/company/arcadis,,,,,,,,,,,
linkedin,Projektleiter HKLS (m/w/d) - Jobbird.com,Jobster,"Düsseldorf, North Rhine-Westphalia, Germany",,https://www.linkedin.com/jobs/view/4457135005 , ,li-4457135005,fulltime,,,,,,False,mid-senior level,"Design, Art/Creative, and Information Technology",,,Software Development,https://nl.linkedin.com/company/jobster-com,,,,,,,,,,,
linkedin,Senior Projektleiter Kältetechnik (m/w/d) Köln - Jobbird.com,Jobster,"Cologne, North Rhine-Westphalia, Germany",,https://www.linkedin.com/jobs/view/4457155078 , ,li-4457155078,fulltime,,,,,,False,mid-senior level,Information Technology,,,Software Development,https://nl.linkedin.com/company/jobster-com,,,,,,,,,,,
linkedin,Projektleiter HKLS (m/w/d) - Jobbird.com,Jobster,"Saarbrücken, Saarland, Germany",,https://www.linkedin.com/jobs/view/4457118055 , ,li-4457118055,fulltime,,,,,,False,mid-senior level,"Design, Art/Creative, and Information Technology",,,Software Development,https://nl.linkedin.com/company/jobster-com,,,,,,,,,,,
linkedin,Senior Technical Project Manager - AI & Robotics Foundation Models (human),NEURA Robotics,"Riederich, Baden-Württemberg, Germany",,https://www.linkedin.com/jobs/view/4457339705 , ,li-4457339705,fulltime,,,,,,False,mid-senior level,Project Management and Information Technology,,,Automation Machinery Manufacturing,https://de.linkedin.com/company/neura-robotics,,,,,,,,,,,
linkedin,Operations Excellence Manager (m/f/d),HARMAN International,"Karlsbad, Baden-Württemberg, Germany",,https://www.linkedin.com/jobs/view/4456504256 , ,li-4456504256,fulltime,,,,,,False,director,Management and Manufacturing,,harmancareers@harman.com,Computers and Electronics Manufacturing,https://www.linkedin.com/company/harman-international,,,,,,,,,,,
linkedin,Technischer Projekt- und Produktmanager (m/w/d),HAVER & BOECKER OHG,"Oelde, North Rhine-Westphalia, Germany",,https://www.linkedin.com/jobs/view/4458706559 , ,li-4458706559,fulltime,,,,,,False,mid-senior level,Product Management and Marketing,,m.makarow@haverboecker.com,Machinery Manufacturing,https://de.linkedin.com/company/haver-boecker,,,,,,,,,,,
linkedin,Project Manager (m/w/d) Produktentwicklung Sicherheitstechnik,Dräger,"Lübeck, Schleswig-Holstein, Germany",,https://www.linkedin.com/jobs/view/4419611395 , ,li-4419611395,fulltime,,,,,,False,mid-senior level,Project Management and Information Technology,,celina.radmer@draeger.com,Manufacturing,https://de.linkedin.com/company/draeger,,,,,,,,,,,
linkedin,Technischer Projektleiter (m/w/d),Maurer Electronics,"Hamburg, Hamburg, Germany",,https://www.linkedin.com/jobs/view/4450205869 , ,li-4450205869,fulltime,,,,,,False,entry level,Information Technology,,,IT Services and IT Consulting,https://www.linkedin.com/company/maurer-electronics,,,,,,,,,,,
linkedin,Senior Project Manager – Bioprocess Consumables (m/w/d),Eppendorf,"Hamburg, Hamburg, Germany",,https://www.linkedin.com/jobs/view/4416397995 , ,li-4416397995,fulltime,,,,,,False,mid-senior level,Project Management and Information Technology,,,Biotechnology Research,https://de.linkedin.com/company/eppendorf,,,,,,,,,,,
linkedin,Senior-Projektleiter (w/m/d) Hochbau,hpm Henkel Projektmanagement GmbH,"Dresden, Saxony, Germany",,https://www.linkedin.com/jobs/view/4440023696 , ,li-4440023696,fulltime,,,,,,False,associate,Engineering,,,Architecture and Planning,https://de.linkedin.com/company/hpm-henkel-projektmanagement-gmbh,,,,,,,,,,,
linkedin,Project Director / Senior Projektleiter (w/m/d) EPCM Industry – Semiconductor Manufacturing und Data Center Hyperscaler,DS-Bauconcept GmbH,"Frankfurt, Hesse, Germany",,https://www.linkedin.com/jobs/view/4455899809 , ,li-4455899809,fulltime,,,,,,False,mid-senior level,Information Technology,,,Real Estate,https://de.linkedin.com/company/ds-bauconcept-gmbh,,,,,,,,,,,
linkedin,Projektmanager (all genders),MTU Aero Engines,"Munich, Bavaria, Germany",,https://www.linkedin.com/jobs/view/4458253516 , ,li-4458253516,fulltime,,,,,,False,mid-senior level,Project Management and Information Technology,,,Aviation and Aerospace Component Manufacturing,https://de.linkedin.com/company/mtu-aero-engines,,,,,,,,,,,
linkedin,PowerGen Growth Program Manager & PMO (m/w/d),Rolls-Royce,"Friedrichshafen, Baden-Württemberg, Germany",,https://www.linkedin.com/jobs/view/4454486169 , ,li-4454486169,fulltime,,,,,,False,mid-senior level,Project Management and Information Technology,,careers@ps.rolls,Industrial Machinery Manufacturing,https://uk.linkedin.com/company/rolls-royce,,,,,,,,,,,
linkedin,(Senior) Projektleitung (all genders),apoprojekt,"Berlin, Berlin, Germany",,https://www.linkedin.com/jobs/view/4456501732 , ,li-4456501732,fulltime,,,,,,False,mid-senior level,Project Management and Information Technology,,,Construction,https://de.linkedin.com/company/apoprojekt,,,,,,,,,,,
linkedin,Projektleiter TGA / Versorgungstechnik (m/w/d),GA-tec Gebäude- und Anlagentechnik GmbH,"Berlin, Berlin, Germany",,https://www.linkedin.com/jobs/view/4456508654 , ,li-4456508654,fulltime,,,,,,False,mid-senior level,Information Technology,,,Building Equipment Contractors,https://de.linkedin.com/company/ga-tec,,,,,,,,,,,
linkedin,Project Manager Logistics Operations,ALSO Group,"Soest, North Rhine-Westphalia, Germany",,https://www.linkedin.com/jobs/view/4458757998 , ,li-4458757998,fulltime,,,,,,False,mid-senior level,Information Technology,,,IT Services and IT Consulting,https://ch.linkedin.com/company/alsogroup,,,,,,,,,,,
linkedin,Senior Project Manager - Planning Transformation (m/f/d),Knauf Deutschland,"Kitzingen, Bavaria, Germany",,https://www.linkedin.com/jobs/view/4448209156 , ,li-4448209156,fulltime,,,,,,False,mid-senior level,Project Management and Information Technology,,,Building Materials and Construction,https://de.linkedin.com/company/knauf-deutschland,,,,,,,,,,,
linkedin,Senior Project Manager Strategy & Transformation Glas (m/w/d)*,SCHOTT,"Landshut, Bavaria, Germany",,https://www.linkedin.com/jobs/view/4457485454 , ,li-4457485454,fulltime,,,,,,False,mid-senior level,Project Management and Information Technology,,,"Glass, Ceramics and Concrete Manufacturing",https://de.linkedin.com/company/schott,,,,,,,,,,,
linkedin,Projektleiter (m/w/d),Knorr-Bremse AG,"Berlin, Germany",,https://www.linkedin.com/jobs/view/4446212291 , ,li-4446212291,fulltime,,,,,,False,entry level,"Design, Art/Creative, and Information Technology",,,Motor Vehicle Manufacturing,https://de.linkedin.com/company/knorr-bremse,,,,,,,,,,,
linkedin,Projektleiter Gebäudeautomation München (m/w/d) - Jobbird.com,Jobster,"Munich, Bavaria, Germany",,https://www.linkedin.com/jobs/view/4457131581 , ,li-4457131581,fulltime,,,,,,False,mid-senior level,"Design, Art/Creative, and Information Technology",,,Software Development,https://nl.linkedin.com/company/jobster-com,,,,,,,,,,,
linkedin,Fachprojektleiter Kampfmittel und Archäologie (m/w/d),emagine,"Berlin, Berlin, Germany",,https://www.linkedin.com/jobs/view/4457477710 , ,li-4457477710,fulltime,,,,,,False,mid-senior level,Other,,,IT Services and IT Consulting,https://dk.linkedin.com/company/emagine,,,,,,,,,,,
linkedin,Projektleiter (w/m/d) Brandschutztechnik in Berlin - Jobbird.com,Jobster,"Berlin, Berlin, Germany",,https://www.linkedin.com/jobs/view/4457127018 , ,li-4457127018,fulltime,,,,,,False,mid-senior level,"Design, Art/Creative, and Information Technology",,,Software Development,https://nl.linkedin.com/company/jobster-com,,,,,,,,,,,
linkedin,ProjektleiterIn - Erneuerbare Energien (m/w/d),Feldwerke,"Munich, Bavaria, Germany",,https://www.linkedin.com/jobs/view/4456568722 , ,li-4456568722,fulltime,,,,,,False,associate,Project Management,,,Oil and Gas,https://de.linkedin.com/company/feldwerke,,,,,,,,,,,
linkedin,Projektleiter (m/w/d) Modulbau,ALHO Systembau GmbH,"Berlin, Berlin, Germany",,https://www.linkedin.com/jobs/view/4456504681 , ,li-4456504681,fulltime,,,,,,False,mid-senior level,"Design, Art/Creative, and Information Technology",,,Construction,https://de.linkedin.com/company/alho-systembau-gmbh,,,,,,,,,,,
linkedin,Senior Technical Coordinator (m/f/d) - limited to 2 year's,Cognizant,"Dresden, Saxony, Germany",,https://www.linkedin.com/jobs/view/4430807013 , ,li-4430807013,fulltime,,,,,,True,mid-senior level,Information Technology,,Sophie.Kuenzel@cognizant.com,IT Services and IT Consulting and Business Consulting and Services,https://www.linkedin.com/company/cognizant,,,,,,,,,,,
linkedin,Projektleiter MSR (m/w/d) Stuttgart - Jobbird.com,Jobster,"Stuttgart, Baden-Württemberg, Germany",,https://www.linkedin.com/jobs/view/4457139500 , ,li-4457139500,fulltime,,,,,,False,mid-senior level,"Design, Art/Creative, and Information Technology",,,Software Development,https://nl.linkedin.com/company/jobster-com,,,,,,,,,,,
linkedin,Projektmanager Marketing (m/w/d),HRworks GmbH,"Berlin, Germany",,https://www.linkedin.com/jobs/view/4457461202 , ,li-4457461202,fulltime,,,,,,True,associate,Marketing and Project Management,,,Software Development,https://de.linkedin.com/company/hrworks-gmbh,,,,,,,,,,,
linkedin,Projektleiter Lüftung (m/w/d) Essen - Jobbird.com,Jobster,"Essen, North Rhine-Westphalia, Germany",,https://www.linkedin.com/jobs/view/4457121221 , ,li-4457121221,fulltime,,,,,,False,mid-senior level,"Design, Art/Creative, and Information Technology",,,Software Development,https://nl.linkedin.com/company/jobster-com,,,,,,,,,,,
linkedin,Planungskoordinator / Projektleiter (w/m/d),Arcadis,"Dresden, Saxony, Germany",,https://www.linkedin.com/jobs/view/4418348142 , ,li-4418348142,fulltime,,,,,,False,not applicable,Other,,,Professional Services,https://nl.linkedin.com/company/arcadis,,,,,,,,,,,
linkedin,"Product Manager, Agentic AI Platform (m/f/d)",Redcare Pharmacy,"Cologne, North Rhine-Westphalia, Germany",,https://www.linkedin.com/jobs/view/4438486211 , ,li-4438486211,fulltime,,,,,,True,mid-senior level,Information Technology,,,Software Development and IT Services and IT Consulting,https://nl.linkedin.com/company/redcare-pharmacy-com,,,,,,,,,,,
linkedin,Product Manager FinTech Platform,Instaffo,"Frankfurt, Hesse, Germany",,https://www.linkedin.com/jobs/view/4440306942 , ,li-4440306942,fulltime,,,,,,False,mid-senior level,Product Management and Management,,,Staffing and Recruiting,https://de.linkedin.com/company/instaffo-gmbh,,,,,,,,,,,
linkedin,Product Manager (m/f/d) Cycle Development 2.5D / 3X / 5X,OPEN MIND Technologies AG,"Wessling, Bavaria, Germany",,https://www.linkedin.com/jobs/view/4456582388 , ,li-4456582388,fulltime,,,,,,False,associate,Marketing,,,IT Services and IT Consulting,https://de.linkedin.com/company/open-mind-technologies-ag,,,,,,,,,,,
linkedin,Product Manager Fish (m/w/d),Unternehmensgruppe Theo Müller,"Düsseldorf, North Rhine-Westphalia, Germany",,https://www.linkedin.com/jobs/view/4458783086 , ,li-4458783086,fulltime,,,,,,False,mid-senior level,Product Management and Marketing,,,Food and Beverage Manufacturing,https://lu.linkedin.com/company/unternehmensgruppe-theo-muller,,,,,,,,,,,
linkedin,Global Product Manager (m/w/d) Tee,DöhlerGroup,"Darmstadt, Hesse, Germany",,https://www.linkedin.com/jobs/view/4451235749 , ,li-4451235749,fulltime,,,,,,False,mid-senior level,Product Management and Marketing,,,Food and Beverage Manufacturing,https://de.linkedin.com/company/doehler,,,,,,,,,,,
linkedin,"(Senior) Product Manager/Product Owner (m/f/d), R&D – Clinical Applications",Stryker,"Berlin, Berlin, Germany",,https://www.linkedin.com/jobs/view/4454429105 , ,li-4454429105,fulltime,,,,,,False,mid-senior level,Product Management and Marketing,,,"Appliances, Electrical, and Electronics Manufacturing, Industrial Machinery Manufacturing, and Medical Equipment Manufacturing",https://www.linkedin.com/company/stryker,,,,,,,,,,,
linkedin,Senior Produktmanager (m/w/d),Stadtwerke Flensburg GmbH,"Flensburg, Schleswig-Holstein, Germany",,https://www.linkedin.com/jobs/view/4448854788 , ,li-4448854788,fulltime,,,,,,False,mid-senior level,Product Management and Marketing,,,Utilities,https://www.linkedin.com/company/stadtwerke-flensburg-gmbh,,,,,,,,,,,
linkedin,Product Owner - Data Strategy and Management (w/m/d),TÜV SÜD,"Munich, Bavaria, Germany",,https://www.linkedin.com/jobs/view/4457487420 , ,li-4457487420,fulltime,,,,,,False,mid-senior level,Product Management and Marketing,,,Public Safety,https://de.linkedin.com/company/tuvsud,,,,,,,,,,,
linkedin,Junior Product Manager (f-m-d) Handtools - Milwaukee®,Milwaukee Tool EMEA,"Winnenden, Baden-Württemberg, Germany",,https://www.linkedin.com/jobs/view/4448375951 , ,li-4448375951,fulltime,,,,,,False,mid-senior level,Product Management and Marketing,,,Manufacturing,https://uk.linkedin.com/company/milwaukee-tool-emea,,,,,,,,,,,
linkedin,Produktmanager Dosiertechnik (Dosierpumpen) (m/w/d),ProMinent Group,"Heidelberg, Baden-Württemberg, Germany",,https://www.linkedin.com/jobs/view/4337159316 , ,li-4337159316,fulltime,,,,,,False,entry level,Product Management and Marketing,,Bewerbungen@prominent.com,Industrial Machinery Manufacturing,https://de.linkedin.com/company/prominentgroup,,,,,,,,,,,
linkedin,"Staff Product Manager, Deel IT",Deel,,,https://www.linkedin.com/jobs/view/4455894555 , ,li-4455894555,fulltime,,,,,,True,mid-senior level,Information Technology,,recruiting@deel.com,Human Resources Services,https://www.linkedin.com/company/deel,,,,,,,,,,,
linkedin,Produktmanager Chemie (m/w/d),Analytik NEWS,"Karlsruhe, Baden-Württemberg, Germany",,https://www.linkedin.com/jobs/view/4456905274 , ,li-4456905274,fulltime,,,,,,False,mid-senior level,Product Management and Marketing,,,"Technology, Information and Internet",https://de.linkedin.com/company/analytik-news,,,,,,,,,,,
linkedin,Product Owner * KI-Produkte | Digital & AI Services,UNITY Consulting & Innovation,"Büren, North Rhine-Westphalia, Germany",,https://www.linkedin.com/jobs/view/4457610176 , ,li-4457610176,fulltime,,,,,,False,mid-senior level,Product Management and Marketing,,,Business Consulting and Services,https://de.linkedin.com/company/unityconsultinginnovation,,,,,,,,,,,
linkedin,Produktmanager Deployment und Reporting,Finanz Informatik,"Frankfurt, Hesse, Germany",,https://www.linkedin.com/jobs/view/4457477241 , ,li-4457477241,fulltime,,,,,,False,associate,Product Management and Marketing,,,"IT Services and IT Consulting, Banking, and Financial Services",https://de.linkedin.com/company/finanz-informatik,,,,,,,,,,,
linkedin,Technical Product Owner (m/f/d),LetMeShip,"Hamburg, Hamburg, Germany",,https://www.linkedin.com/jobs/view/4456572451 , ,li-4456572451,fulltime,,,,,,False,associate,Marketing,,,IT Services and IT Consulting,https://de.linkedin.com/company/letmeship,,,,,,,,,,,
linkedin,"Senior Product Owner – Login, Security & Compliance (m/w/d)",PAYBACK,"Munich, Bavaria, Germany",,https://www.linkedin.com/jobs/view/4453117225 , ,li-4453117225,fulltime,,,,,,False,associate,Product Management and Information Technology,,,"Software Development, Marketing Services, and IT Services and IT Consulting",https://de.linkedin.com/company/payback-gmbh,,,,,,,,,,,
linkedin,Senior Product Owner m/w/d,DEPT®,"Berlin, Germany",,https://www.linkedin.com/jobs/view/4448316736 , ,li-4448316736,fulltime,,,,,,False,mid-senior level,"Project Management, Consulting, and Product Management",,,Advertising Services,https://nl.linkedin.com/company/deptagency,,,,,,,,,,,
linkedin,Head (f/m/d) of Product Management and Development - Substation & Grid Monitoring,Siemens Energy,"Erlangen, Bavaria, Germany",,https://www.linkedin.com/jobs/view/4448213216 , ,li-4448213216,fulltime,,,,,,True,director,Product Management,,,"Appliances, Electrical, and Electronics Manufacturing",https://www.linkedin.com/company/siemens-energy,,,,,,,,,,,
linkedin,Product Marketing Specialist / Manager (m/f/d),Simon-Kucher,"Bonn, North Rhine-Westphalia, Germany",,https://www.linkedin.com/jobs/view/4434564092 , ,li-4434564092,fulltime,,,,,,False,entry level,Marketing and Sales,,,Business Consulting and Services,https://de.linkedin.com/company/simon-kucher,,,,,,,,,,,
