site,title,company,location,date_posted,job_url,job_url_direct,id,job_type,salary_source,interval,min_amount,max_amount,currency,is_remote,job_level,job_function,listing_type,emails,company_industry,company_url,company_url_direct,company_addresses,company_num_employees,company_revenue,company_description,skills,experience_range,company_rating,company_reviews_count,vacancy_count,work_from_home_type
linkedin,Project Manager (m/f/d),Exyte,"Stuttgart, Baden-Württemberg, Germany",2026-08-19,https://www.linkedin.com/jobs/view/4377939017 , ,li-4377939017,fulltime,,,,,,False,mid-senior level,Project Management and Information Technology,,lisamarie.kussmaul@exyte.net,Civil Engineering,https://de.linkedin.com/company/exyte-group,,,,,,,,,,,
linkedin,Erfahrener Projektleiter (m/w/d) Elektrotechnik,ATP architects engineers,"Frankfurt am Main, Hesse, Germany",2026-08-19,https://www.linkedin.com/jobs/view/4445762303 , ,li-4445762303,fulltime,,,,,,False,mid-senior level,Engineering and Information Technology,,,Architecture and Planning,https://at.linkedin.com/company/atp-architekten-ingenieure,,,,,,,,,,,
linkedin,Project Manager,Cumming Group UK & Europe,"Düsseldorf, North Rhine-Westphalia, Germany",2026-08-19,https://www.linkedin.com/jobs/view/4454988769 , ,li-4454988769,fulltime,,,,,,False,mid-senior level,Project Management,,,"Hospitality, Real Estate, and Business Consulting and Services",https://uk.linkedin.com/company/cumming-group-europe,,,,,,,,,,,
linkedin,Healthcare Project Manager - Berlin,Mane Contract Services,"Berlin, Berlin, Germany",2026-08-19,https://www.linkedin.com/jobs/view/4453449970 , ,li-4453449970,fulltime,,,,,,False,mid-senior level,Project Management,,,Architecture and Planning,https://uk.linkedin.com/company/mane-contract-services,,,,,,,,,,,
linkedin,Projektleiter (m/w/d)* Bau/TGA mit Schwerpunkt HLS in Marl,Cureus GmbH,"Marl, North Rhine-Westphalia, Germany",2026-08-19,https://www.linkedin.com/jobs/view/4454976867 , ,li-4454976867,fulltime,,,,,,False,mid-senior level,"Design, Art/Creative, and Information Technology",,,Real Estate,https://de.linkedin.com/company/cureus-gmbh,,,,,,,,,,,
linkedin,Projektleiter (m/w/d) Logistiksoftware,OPUS//G GmbH,"Jork, Lower Saxony, Germany",2026-08-19,https://www.linkedin.com/jobs/view/4456196766 , ,li-4456196766,fulltime,,,,,,False,mid-senior level,"Design, Art/Creative, and Information Technology",,,IT Services and IT Consulting,https://de.linkedin.com/company/opus-g-objektorientierte-programmierung-und-systemtechnik-gmbh,,,,,,,,,,,
linkedin,Projektleiter (m/w/d) Defence - Bremen,SThree,"Bremen, Bremen, Germany",2026-08-19,https://www.linkedin.com/jobs/view/4456316015 , ,li-4456316015,fulltime,,,,,,True,mid-senior level,Management,,,Business Consulting and Services,https://uk.linkedin.com/company/sthree-plc,,,,,,,,,,,
linkedin,Bid Manager (m/w/d),CompuGroup Medical SE & Co. KGaA,"Erlangen, Bavaria, Germany",2026-08-19,https://www.linkedin.com/jobs/view/4437047884 , ,li-4437047884,fulltime,,,,,,False,mid-senior level,Sales and Business Development,,,IT Services and IT Consulting,https://de.linkedin.com/company/compugroup-medical,,,,,,,,,,,
linkedin,"Data Center Project Manager, Critical Projects Implementation Team",Amazon Web Services (AWS),"Frankfurt, Hesse, Germany",2026-08-19,https://www.linkedin.com/jobs/view/4455903213 , ,li-4455903213,fulltime,,,,,,False,mid-senior level,"Information Technology, Consulting, and Engineering",,,IT Services and IT Consulting,https://www.linkedin.com/company/amazon-web-services,,,,,,,,,,,
linkedin,Technical Implementation Manager (all genders),Wemolo,"Munich, Bavaria, Germany",2026-08-19,https://www.linkedin.com/jobs/view/4456171186 , ,li-4456171186,fulltime,,,,,,False,associate,Project Management and Information Technology,,elisa.fuerter@wemolo.com,Information Technology & Services,https://de.linkedin.com/company/wemolo,,,,,,,,,,,
linkedin,Technical Project Manager,Strativ Group,"Constance, Baden-Württemberg, Germany",2026-08-19,https://www.linkedin.com/jobs/view/4456317735 , ,li-4456317735,fulltime,,,,,,False,mid-senior level,Project Management and Engineering,,,"Aviation and Aerospace Component Manufacturing, Airlines and Aviation, and Robotics Engineering",https://uk.linkedin.com/company/strativgroup,,,,,,,,,,,
linkedin,PROJEKTLEITER (m/w/d) SCHLÜSSELFERTIGBAU,BREMER AG,"Bremen, Bremen, Germany",2026-08-19,https://www.linkedin.com/jobs/view/3999688932 , ,li-3999688932,fulltime,,,,,,False,mid-senior level,"Design, Art/Creative, and Information Technology",,,Construction,https://de.linkedin.com/company/bremer-se,,,,,,,,,,,
linkedin,(Senior) Project Manager (m/w/d) | German Version,HAT.tec,"Neubiberg, Bavaria, Germany",2026-08-19,https://www.linkedin.com/jobs/view/4453432328 , ,li-4453432328,fulltime,,,,,,False,mid-senior level,Project Management and Information Technology,,,Software Development,https://de.linkedin.com/company/hattec,,,,,,,,,,,
linkedin,Projektleiter (m/w/d) Kältetechnik,KÄLTE-KLIMA Firmengruppe,"Dresden, Saxony, Germany",2026-08-19,https://www.linkedin.com/jobs/view/4453422666 , ,li-4453422666,fulltime,,,,,,False,mid-senior level,"Design, Art/Creative, and Information Technology",,,Construction,https://de.linkedin.com/company/k%C3%A4lte-klima-firmengruppe,,,,,,,,,,,
linkedin,Senior Technical Project Manager (m/w/d),D-Trust,"Berlin, Germany",2026-08-19,https://www.linkedin.com/jobs/view/4456326090 , ,li-4456326090,fulltime,,,,,,False,mid-senior level,Project Management and Information Technology,,,IT Services and IT Consulting,https://www.linkedin.com/company/d-trust,,,,,,,,,,,
linkedin,Product Manager SAP S/4 Retail - Procurement Processes (m/f/d),MediaMarktSaturn,"Ingolstadt, Bavaria, Germany",2026-08-19,https://www.linkedin.com/jobs/view/4456327068 , ,li-4456327068,fulltime,,,,,,False,mid-senior level,Product Management and Marketing,,,Retail,https://de.linkedin.com/company/media-markt-saturn,,,,,,,,,,,
linkedin,Mechanical Lead,Mercury,"Düsseldorf, North Rhine-Westphalia, Germany",2026-08-19,https://www.linkedin.com/jobs/view/4445786197 , ,li-4445786197,fulltime,,,,,,False,mid-senior level,Management and Manufacturing,,,Construction,https://ie.linkedin.com/company/mercury-engineering,,,,,,,,,,,
linkedin,Continuous Improvement Manager (gn),Energy2market GmbH (e2m),"Leipzig, Saxony, Germany",2026-08-19,https://www.linkedin.com/jobs/view/4454994192 , ,li-4454994192,fulltime,,,,,,False,associate,Project Management,,,Services for Renewable Energy,https://de.linkedin.com/company/e2m-energy2market,,,,,,,,,,,
linkedin,Projektleiter Filialbau REWE (m/w/d),REWE Group,"Cologne, North Rhine-Westphalia, Germany",2026-08-19,https://www.linkedin.com/jobs/view/4410036419 , ,li-4410036419,fulltime,,,,,,False,associate,"Design, Art/Creative, and Information Technology",,,Retail,https://de.linkedin.com/company/rewegroup,,,,,,,,,,,
linkedin,Senior Projektleiter militärische Großprojekte (m/w/d),Rheinmetall,"Düsseldorf, North Rhine-Westphalia, Germany",2026-08-19,https://www.linkedin.com/jobs/view/4453407881 , ,li-4453407881,fulltime,,,,,,False,mid-senior level,Information Technology,,,Defense and Space Manufacturing,https://de.linkedin.com/company/rheinmetall,,,,,,,,,,,
linkedin,"Project Engineering Manager, AMZL Field Engineering",Amazon,"Berlin, Berlin, Germany",2026-08-19,https://www.linkedin.com/jobs/view/4455912282 , ,li-4455912282,fulltime,,,,,,False,mid-senior level,"Information Technology, Consulting, and Engineering",,,Software Development,https://www.linkedin.com/company/amazon,,,,,,,,,,,
linkedin,Projektleiter (w/m/d) Industrial IT,SpiraTec AG,"Dortmund, North Rhine-Westphalia, Germany",2026-08-19,https://www.linkedin.com/jobs/view/4453426916 , ,li-4453426916,fulltime,,,,,,False,mid-senior level,Project Management,,,Industrial Machinery Manufacturing,https://de.linkedin.com/company/spiratec-ag-official,,,,,,,,,,,
linkedin,Projektleiter (m/w/d) Hochbau (Gewerbe- und Industriebau) Berlin-Brandenburg,GOLDBECK,"Ludwigsfelde, Brandenburg, Germany",2026-08-19,https://www.linkedin.com/jobs/view/4436817030 , ,li-4436817030,fulltime,,,,,,False,associate,"Strategy/Planning, Other, and Engineering",,,"Construction, Real Estate, and Architecture and Planning",https://de.linkedin.com/company/goldbeck,,,,,,,,,,,
linkedin,Product Orchestration Lead (m/w/d),ENERTRAG,"Berlin, Berlin, Germany",2026-08-19,https://www.linkedin.com/jobs/view/4453414459 , ,li-4453414459,fulltime,,,,,,False,associate,Information Technology,,tina.klaric@enertrag.com,Renewable Energy Semiconductor Manufacturing,https://de.linkedin.com/company/enertrag,,,,,,,,,,,
linkedin,Project Manager & Planning (m/f/d),Alpitronic,"Nuremberg, Bavaria, Germany",2026-08-19,https://www.linkedin.com/jobs/view/4385741399 , ,li-4385741399,fulltime,,,,,,False,associate,Project Management and Information Technology,,,"Appliances, Electrical, and Electronics Manufacturing",https://it.linkedin.com/company/alpitronic-srl,,,,,,,,,,,
linkedin,Senior Product Manager (Risk & Fraud),Jobgether,,2026-08-19,https://www.linkedin.com/jobs/view/4452871364 , ,li-4452871364,fulltime,,,,,,True,mid-senior level,Product Management and Marketing,,,Internet Marketplace Platforms,https://be.linkedin.com/company/jobgether,,,,,,,,,,,
linkedin,"Senior Product Manager, Supply Incentives",Bolt,"Berlin, Berlin, Germany",2026-08-19,https://www.linkedin.com/jobs/view/4436598829 , ,li-4436598829,fulltime,,,,,,False,mid-senior level,Product Management and Marketing,,,Software Development,https://ee.linkedin.com/company/bolt-eu,,,,,,,,,,,
linkedin,"Senior Product Manager, Rx eCommerce (m/f/d)",Redcare Pharmacy,"Cologne, North Rhine-Westphalia, Germany",2026-08-19,https://www.linkedin.com/jobs/view/4453421634 , ,li-4453421634,fulltime,,,,,,True,mid-senior level,Marketing and Product Management,,,Software Development and IT Services and IT Consulting,https://nl.linkedin.com/company/redcare-pharmacy-com,,,,,,,,,,,
linkedin,"Senior Product Manager, Rx eCommerce (m/f/d)",Redcare Pharmacy,"Munich, Bavaria, Germany",2026-08-19,https://www.linkedin.com/jobs/view/4453422657 , ,li-4453422657,fulltime,,,,,,True,mid-senior level,Marketing and Product Management,,,Software Development and IT Services and IT Consulting,https://nl.linkedin.com/company/redcare-pharmacy-com,,,,,,,,,,,
linkedin,Customer Journey Manager (m/w/d),Flix,"Berlin, Germany",2026-08-19,https://www.linkedin.com/jobs/view/4456195896 , ,li-4456195896,fulltime,,,,,,False,mid-senior level,Management and Manufacturing,,,Software Development,https://de.linkedin.com/company/flixbus-flixtrain,,,,,,,,,,,
linkedin,Product Manager - Warehouse Management (m/f/d),MediaMarktSaturn,"Ingolstadt, Bavaria, Germany",2026-08-19,https://www.linkedin.com/jobs/view/4456321083 , ,li-4456321083,fulltime,,,,,,False,mid-senior level,Product Management and Marketing,,,Retail,https://de.linkedin.com/company/media-markt-saturn,,,,,,,,,,,
linkedin,Global Product Manager – Digital Services,Alfa Laval,"Glinde, Schleswig-Holstein, Germany",2026-08-19,https://www.linkedin.com/jobs/view/4456184322 , ,li-4456184322,fulltime,,,,,,True,mid-senior level,Management and Manufacturing,,"asser.kalsboll@alfalaval.com, claus.wiinholt@alfalaval.com",Industrial Machinery Manufacturing,https://se.linkedin.com/company/alfa-laval,,,,,,,,,,,
linkedin,Product Manager - Quest Platform,Xsolla,"Berlin, Berlin, Germany",2026-08-19,https://www.linkedin.com/jobs/view/4359872115 , ,li-4359872115,fulltime,,,,,,False,mid-senior level,Product Management and Marketing,,,Computer Games,https://www.linkedin.com/company/xsolla,,,,,,,,,,,
linkedin,"Product Manager, eCommerce Solutions (all genders)",Distribusion Technologies,"Berlin, Berlin, Germany",2026-08-19,https://www.linkedin.com/jobs/view/4443219372 , ,li-4443219372,fulltime,,,,,,True,not applicable,Information Technology,,talent@distribusion.com,IT Services and IT Consulting,https://de.linkedin.com/company/distribusion,,,,,,,,,,,
linkedin,Produktmanager – PC-Komponenten & Systemkonfiguration (m/w/d),MIFCOM GmbH,"Munich, Bavaria, Germany",2026-08-19,https://www.linkedin.com/jobs/view/4453435190 , ,li-4453435190,fulltime,,,,,,False,mid-senior level,Product Management,,,Computer Hardware Manufacturing,https://de.linkedin.com/company/mifcom,,,,,,,,,,,
linkedin,Leiter Produktentwicklung Versicherungsprodukte (m/w/d),DFV Deutsche Familienversicherung AG,"Frankfurt am Main, Hesse, Germany",2026-08-19,https://www.linkedin.com/jobs/view/4454941942 , ,li-4454941942,fulltime,,,,,,False,associate,Product Management,,,Insurance and Financial Services,https://de.linkedin.com/company/dfv-deutsche-familienversicherung-ag,,,,,,,,,,,
linkedin,Staff Product Engineer (m/w/d),Sharpist,"Berlin, Berlin, Germany",2026-08-19,https://www.linkedin.com/jobs/view/4454999653 , ,li-4454999653,fulltime,,,,,,True,mid-senior level,Engineering,,,Human Resources Services and IT Services and IT Consulting,https://de.linkedin.com/company/sharpist,,,,,,,,,,,
linkedin,Smart cockpit Product management Engineer,Chery Europe GmbH,"Raunheim, Hesse, Germany",2026-08-19,https://www.linkedin.com/jobs/view/4456167578 , ,li-4456167578,fulltime,,,,,,False,associate,"Product Management, Design, and Production",,,Motor Vehicle Manufacturing,https://de.linkedin.com/company/chery-europe-gmbh,,,,,,,,,,,
linkedin,Technischer Produktbetreuer im Auslagerungsmanagement (m/w/d),Finanz Informatik,"Hannover, Lower Saxony, Germany",2026-08-19,https://www.linkedin.com/jobs/view/4456147162 , ,li-4456147162,fulltime,,,,,,False,mid-senior level,Management and Manufacturing,,,IT Services and IT Consulting,https://de.linkedin.com/company/finanz-informatik,,,,,,,,,,,
linkedin,Systemowner CRM & Digital Platforms DACH (m/w/d),Grünenthal Group,"Stolberg, North Rhine-Westphalia, Germany",2026-08-19,https://www.linkedin.com/jobs/view/4442640484 , ,li-4442640484,fulltime,,,,,,False,mid-senior level,"Sales, Advertising, and Marketing",,,"Pharmaceutical Manufacturing, Hospitals and Health Care, and Biotechnology Research",https://de.linkedin.com/company/gruenenthal,,,,,,,,,,,
linkedin,Projektleiter Bau- und Infrastrukturprojekte (all gender),ALTEN,"Erlangen, Bavaria, Germany",2026-08-19,https://www.linkedin.com/jobs/view/4448020207 , ,li-4448020207,fulltime,,,,,,False,associate,Engineering,,,Engineering Services,https://fr.linkedin.com/company/alten,,,,,,,,,,,
linkedin,"Project Engineering Manager, AMZL Field Engineering",Amazon,"Munich, Bavaria, Germany",2026-08-19,https://www.linkedin.com/jobs/view/4455909348 , ,li-4455909348,fulltime,,,,,,False,mid-senior level,"Information Technology, Consulting, and Engineering",,,Software Development,https://www.linkedin.com/company/amazon,,,,,,,,,,,
linkedin,Projektleiter Anlagenmodernisierung (all gender),ALTEN,"Berlin, Berlin, Germany",2026-08-19,https://www.linkedin.com/jobs/view/4448021151 , ,li-4448021151,fulltime,,,,,,False,associate,Engineering,,,Engineering Services,https://fr.linkedin.com/company/alten,,,,,,,,,,,
linkedin,Project & Operations Manager (all genders) - Hardware Installation Planning,Wemolo,"Munich, Bavaria, Germany",2026-08-19,https://www.linkedin.com/jobs/view/4456172179 , ,li-4456172179,fulltime,,,,,,False,associate,Project Management,,elisa.fuerter@wemolo.com,IT System Operations and Maintenance and Accessible Hardware Manufacturing,https://de.linkedin.com/company/wemolo,,,,,,,,,,,
linkedin,CSA Lead,Mercury,"Frankfurt, Hesse, Germany",2026-08-19,https://www.linkedin.com/jobs/view/4316688302 , ,li-4316688302,fulltime,,,,,,False,mid-senior level,Other,,,Construction,https://ie.linkedin.com/company/mercury-engineering,,,,,,,,,,,
linkedin,Product Manager (all genders),Wemolo,,2026-08-19,https://www.linkedin.com/jobs/view/4456181517 , ,li-4456181517,fulltime,,,,,,False,associate,Product Management,,elisa.fuerter@wemolo.com,Accessible Hardware Manufacturing and IT System Operations and Maintenance,https://de.linkedin.com/company/wemolo,,,,,,,,,,,
linkedin,"Data Center Project Manager , Critical Projects Implementation Team",Amazon Web Services (AWS),"Frankfurt, Hesse, Germany",2026-08-19,https://www.linkedin.com/jobs/view/4455789809 , ,li-4455789809,fulltime,,,,,,False,mid-senior level,"Information Technology, Consulting, and Engineering",,,IT Services and IT Consulting,https://www.linkedin.com/company/amazon-web-services,,,,,,,,,,,
linkedin,Project Manager (f/m/d) Offshore Automation,Siemens Energy,"Berlin, Berlin, Germany",2026-08-19,https://www.linkedin.com/jobs/view/4445737988 , ,li-4445737988,fulltime,,,,,,True,mid-senior level,Project Management,,,"Appliances, Electrical, and Electronics Manufacturing",https://www.linkedin.com/company/siemens-energy,,,,,,,,,,,
linkedin,"Construction Manager, Design and Construction",Amazon,"Berlin, Berlin, Germany",2026-08-19,https://www.linkedin.com/jobs/view/4455906754 , ,li-4455906754,fulltime,,,,,,False,mid-senior level,Other and Manufacturing,,,Software Development,https://www.linkedin.com/company/amazon,,,,,,,,,,,
linkedin,"Pre-Construction Manager, EMEA Pre-Construction",Amazon Web Services (AWS),"Frankfurt, Hesse, Germany",2026-08-19,https://www.linkedin.com/jobs/view/4455910206 , ,li-4455910206,fulltime,,,,,,False,mid-senior level,"Information Technology, Consulting, and Engineering",,,IT Services and IT Consulting,https://www.linkedin.com/company/amazon-web-services,,,,,,,,,,,
linkedin,Embedded Project Manager Education (m/w/d),Xplify,"Stuttgart, Baden-Württemberg, Germany",2026-08-19,https://www.linkedin.com/jobs/view/4453421358 , ,li-4453421358,fulltime,,,,,,False,entry level,Project Management and Information Technology,,,Education,https://de.linkedin.com/company/getxplify,,,,,,,,,,,
linkedin,Project Manager (f/m/d) Offshore Automation,Siemens Energy,"Erlangen, Bavaria, Germany",2026-08-19,https://www.linkedin.com/jobs/view/4445750168 , ,li-4445750168,fulltime,,,,,,True,mid-senior level,Project Management,,,"Appliances, Electrical, and Electronics Manufacturing",https://www.linkedin.com/company/siemens-energy,,,,,,,,,,,
linkedin,Project Manager (f/m/d) Offshore Automation,Siemens Energy,"Hamburg, Hamburg, Germany",2026-08-19,https://www.linkedin.com/jobs/view/4445741946 , ,li-4445741946,fulltime,,,,,,True,mid-senior level,Project Management,,,"Appliances, Electrical, and Electronics Manufacturing",https://www.linkedin.com/company/siemens-energy,,,,,,,,,,,
linkedin,RfP & Transition Manager (m/w/d),Volkswagen Group Services GmbH,"Wolfsburg, Lower Saxony, Germany",2026-08-19,https://www.linkedin.com/jobs/view/4456342047 , ,li-4456342047,fulltime,,,,,,False,mid-senior level,Information Technology,,,Motor Vehicle Manufacturing,https://de.linkedin.com/company/volkswagen-groupservices,,,,,,,,,,,
linkedin,Project Manager (m/w/d) Corporate HR,DACHSER,"Kempten, Bavaria, Germany",2026-08-19,https://www.linkedin.com/jobs/view/4454984565 , ,li-4454984565,fulltime,,,,,,False,mid-senior level,Project Management and Information Technology,,,"Truck Transportation, Freight and Package Transportation, and Transportation, Logistics, Supply Chain and Storage",https://de.linkedin.com/company/dachser,,,,,,,,,,,
linkedin,"Construction Manager, Design and Construction",Amazon,"Düsseldorf, North Rhine-Westphalia, Germany",2026-08-19,https://www.linkedin.com/jobs/view/4455935337 , ,li-4455935337,fulltime,,,,,,False,mid-senior level,Other and Manufacturing,,,Software Development,https://www.linkedin.com/company/amazon,,,,,,,,,,,
linkedin,Projektleiter Bau (m/w/d) | Berlin | Vollzeit,Ten Brinke Deutschland,"Berlin, Germany",2026-08-18,https://www.linkedin.com/jobs/view/4442999222 , ,li-4442999222,fulltime,,,,,,False,mid-senior level,Engineering,,,Real Estate,https://de.linkedin.com/company/ten-brinke-deutschland,,,,,,,,,,,
linkedin,Projektmanagement Energy Advisory (m/w/d),Westbridge Advisory,"Frankfurt am Main, Hesse, Germany",2026-08-18,https://www.linkedin.com/jobs/view/4400252034 , ,li-4400252034,fulltime,,,,,,False,mid-senior level,Project Management and Information Technology,,,Business Consulting and Services,https://de.linkedin.com/company/westbridge-advisory,,,,,,,,,,,
linkedin,Projektleiter / Manager Steuerberatung (m/w/d),CURACON GmbH,"Stuttgart, Baden-Württemberg, Germany",2026-08-18,https://www.linkedin.com/jobs/view/4454705475 , ,li-4454705475,fulltime,,,,,,False,associate,"Administrative, Accounting/Auditing, and General Business",,,Financial Services and Hospitals and Health Care,https://de.linkedin.com/company/curacon,,,,,,,,,,,
linkedin,Head of AI Product (m/f/x),osapiens,"Mannheim, Baden-Württemberg, Germany",2026-08-18,https://www.linkedin.com/jobs/view/4429627332 , ,li-4429627332,fulltime,,,,,,False,director,Engineering and Information Technology,,,Software Development,https://de.linkedin.com/company/osapiens,,,,,,,,,,,
linkedin,PowerGen Growth Program Manager & PMO (m/w/d),Rolls-Royce,"Friedrichshafen, Baden-Württemberg, Germany",2026-08-18,https://www.linkedin.com/jobs/view/4454486169 , ,li-4454486169,fulltime,,,,,,False,mid-senior level,Project Management and Information Technology,,careers@ps.rolls,Industrial Machinery Manufacturing,https://uk.linkedin.com/company/rolls-royce,,,,,,,,,,,
linkedin,IT Projektmanager – Digital Solutions (m/w/d),Telekom MMS,"Jena, Thuringia, Germany",2026-08-18,https://www.linkedin.com/jobs/view/4452261827 , ,li-4452261827,fulltime,,,,,,False,not applicable,Project Management and Information Technology,,,IT Services and IT Consulting,https://de.linkedin.com/company/telekom-mms,,,,,,,,,,,
linkedin,IT Project Manager (w/m/d),1&1,"Frankfurt, Hesse, Germany",2026-08-18,https://www.linkedin.com/jobs/view/4454496751 , ,li-4454496751,fulltime,,,,,,False,mid-senior level,Information Technology and Project Management,,,IT Services and IT Consulting and Telecommunications,https://de.linkedin.com/company/1und1de,,,,,,,,,,,
linkedin,Projektleiter:in Bau (w/m/d),Deutsche Bahn,"Hamburg, Hamburg, Germany",2026-08-18,https://www.linkedin.com/jobs/view/4377581350 , ,li-4377581350,fulltime,,,,,,False,mid-senior level,"Design, Art/Creative, and Information Technology",,,Truck Transportation,https://de.linkedin.com/company/deutschebahn,,,,,,,,,,,
linkedin,Projektleitung Traggerüstbau (m/w/d),Teupe Gruppe,"Dormagen, North Rhine-Westphalia, Germany",2026-08-18,https://www.linkedin.com/jobs/view/4455700506 , ,li-4455700506,fulltime,,,,,,False,associate,Project Management,,jobs@teupe.de,Construction,https://de.linkedin.com/company/teupe-gruppe,,,,,,,,,,,
linkedin,Team Lead - Project Management (d/f/m),DEPT®,"Berlin, Berlin, Germany",2026-08-18,https://www.linkedin.com/jobs/view/4455789155 , ,li-4455789155,fulltime,,,,,,False,mid-senior level,"Project Management, Consulting, and Product Management",,,Advertising Services,https://nl.linkedin.com/company/deptagency,,,,,,,,,,,
linkedin,Team Lead - Project Management (d/f/m),DEPT®,"Hamburg, Hamburg, Germany",2026-08-18,https://www.linkedin.com/jobs/view/4455781220 , ,li-4455781220,fulltime,,,,,,False,mid-senior level,"Project Management, Consulting, and Product Management",,,Advertising Services,https://nl.linkedin.com/company/deptagency,,,,,,,,,,,
linkedin,Gesamtprojektleiter:in mit fachlicher Teamleitungsfunktion / Eifelstrecke,Deutsche Bahn,"Frankfurt am Main, Hesse, Germany",2026-08-18,https://www.linkedin.com/jobs/view/4400694137 , ,li-4400694137,fulltime,,,,,,False,mid-senior level,Other,,,Truck Transportation,https://de.linkedin.com/company/deutschebahn,,,,,,,,,,,
linkedin,Manager Digitalization (all genders),Blue Elephant Energy GmbH,"Hamburg, Germany",2026-08-18,https://www.linkedin.com/jobs/view/4452801878 , ,li-4452801878,fulltime,,,,,,False,associate,Information Technology,,,Renewable Energy Semiconductor Manufacturing,https://de.linkedin.com/company/blue-elephant-energy,,,,,,,,,,,
linkedin,Projektleiter (m/w/d) Modernisierung & Sanierung,Zakenfroukje,"Stuttgart, Baden-Württemberg, Germany",2026-08-18,https://www.linkedin.com/jobs/view/4447913144 , ,li-4447913144,fulltime,,,,,,False,not applicable,"Design, Art/Creative, and Information Technology",,info@sanierungsprofi.de,Construction,https://nl.linkedin.com/company/zakenfroukje,,,,,,,,,,,
linkedin,Projektleiter (m/w/d) – Hochbau / Wohnungsbau,weisenburger group,"Stuttgart, Baden-Württemberg, Germany",2026-08-18,https://www.linkedin.com/jobs/view/4447902480 , ,li-4447902480,fulltime,,,,,,False,not applicable,"Design, Art/Creative, and Information Technology",,,Construction,https://de.linkedin.com/company/weisenburger-gruppe,,,,,,,,,,,
linkedin,Energy Product Manager (w/m/d),VREY,"Berlin, Berlin, Germany",2026-08-18,https://www.linkedin.com/jobs/view/4426992911 , ,li-4426992911,fulltime,,,,,,False,mid-senior level,Product Management and Marketing,,,Services for Renewable Energy,https://de.linkedin.com/company/vrey-energie,,,,,,,,,,,
linkedin,"Project Manager, Career Transition & Mobility - LHH Deutschland",LHH,"Frankfurt, Hesse, Germany",2026-08-18,https://www.linkedin.com/jobs/view/4454781454 , ,li-4454781454,fulltime,,,,,,False,associate,Project Management,,,Human Resources Services,https://www.linkedin.com/company/lhhworldwide,,,,,,,,,,,
linkedin,Senior Product Manager (VCS Ecosystem),JetBrains,"Munich, Bavaria, Germany",2026-08-18,https://www.linkedin.com/jobs/view/4445495030 , ,li-4445495030,fulltime,,,,,,True,mid-senior level,Product Management and Marketing,,,Software Development,https://nl.linkedin.com/company/jetbrains,,,,,,,,,,,
linkedin,Growth Product Manager - UK (AI x Greentech)(m/f/d),Reonic,"Berlin, Germany",2026-08-18,https://www.linkedin.com/jobs/view/4455784763 , ,li-4455784763,fulltime,,,,,,False,associate,Product Management,,,Services for Renewable Energy and Software Development,https://de.linkedin.com/company/reonic,,,,,,,,,,,
linkedin,"Product Manager, Glyph (m/f/d)",Chaos,"Karlsruhe, Baden-Württemberg, Germany",2026-08-18,https://www.linkedin.com/jobs/view/4455785644 , ,li-4455785644,fulltime,,,,,,True,mid-senior level,Product Management and Marketing,,,Software Development,https://de.linkedin.com/company/chaos-group,,,,,,,,,,,
linkedin,Product Owner (m/w/d) SAP / Finanzen (Voll- oder Teilzeit),ROLAND Rechtsschutz-Versicherungs-AG,"Cologne, North Rhine-Westphalia, Germany",2026-08-18,https://www.linkedin.com/jobs/view/4429793158 , ,li-4429793158,fulltime,,,,,,False,mid-senior level,Product Management and Marketing,,,Insurance,https://de.linkedin.com/company/roland-rechtsschutz-versicherungs-ag,,,,,,,,,,,
linkedin,"Product Manager, Agents",Peec AI,"Berlin, Germany",2026-08-18,https://www.linkedin.com/jobs/view/4454902153 , ,li-4454902153,fulltime,,,,,,False,mid-senior level,Product Management and Marketing,,,Software Development,https://de.linkedin.com/company/peec-ai,,,,,,,,,,,
linkedin,Senior Product Manager / Product Owner Digital Platform (m/w/d),ULTRAVIEW AG,"Baesweiler, North Rhine-Westphalia, Germany",2026-08-18,https://www.linkedin.com/jobs/view/4452812342 , ,li-4452812342,fulltime,,,,,,False,mid-senior level,Other,,,Human Resources Services,https://de.linkedin.com/company/ultraview-ag,,,,,,,,,,,
linkedin,Senior Product Manager,IQM Quantum Computers,"Munich, Bavaria, Germany",2026-08-18,https://www.linkedin.com/jobs/view/4428693981 , ,li-4428693981,fulltime,,,,,,False,mid-senior level,Product Management and Marketing,,,Computer Hardware Manufacturing,https://fi.linkedin.com/company/iqm-quantum-computers,,,,,,,,,,,
linkedin,Produktmanager (m/w/x) Testautomatisierung,MicroNova,"Vierkirchen, Bavaria, Germany",2026-08-18,https://www.linkedin.com/jobs/view/4455738608 , ,li-4455738608,fulltime,,,,,,False,mid-senior level,Product Management and Marketing,,,Software Development,https://www.linkedin.com/company/micronovade,,,,,,,,,,,
linkedin,"Senior Technical Product Manager - (Logistics - Customer, Time & Tracking)",Delivery Hero,"Berlin, Berlin, Germany",2026-08-18,https://www.linkedin.com/jobs/view/4454490431 , ,li-4454490431,fulltime,,,,,,False,mid-senior level,Marketing and Product Management,,inclusion@deliveryhero.com,Software Development and IT Services and IT Consulting,https://de.linkedin.com/company/delivery-hero-se,,,,,,,,,,,
linkedin,Produktmanager (m/w/d) Squad Finance & Cloud,SelectLine Holding GmbH,"Magdeburg, Saxony-Anhalt, Germany",2026-08-18,https://www.linkedin.com/jobs/view/4452853027 , ,li-4452853027,fulltime,,,,,,False,mid-senior level,Information Technology,,,IT Services and IT Consulting,https://www.linkedin.com/company/selectline-group,,,,,,,,,,,
linkedin,Produktmanager / Sortimentsentwickler (m/w/d) im Bereich Textil / Bettwaren,jobsintown.de GmbH,"Mainaschaff, Bavaria, Germany",2026-08-18,https://www.linkedin.com/jobs/view/4454784141 , ,li-4454784141,fulltime,,,,,,False,mid-senior level,Product Management and Marketing,,bewerbungen@frankenstolz.de,Online Media,https://de.linkedin.com/company/jobsintown-de-gmbh,,,,,,,,,,,
linkedin,Game Owner - LiveOps,CrazyLabs,"Berlin, Berlin, Germany",2026-08-18,https://www.linkedin.com/jobs/view/4454771668 , ,li-4454771668,fulltime,,,,,,True,not applicable,Other,,,Mobile Gaming Apps,https://il.linkedin.com/company/crazylabs,,,,,,,,,,,
linkedin,Global Product Manager (w/m/d) IV Systems,B. Braun Group,"Melsungen, Hesse, Germany",2026-08-18,https://www.linkedin.com/jobs/view/4425348644 , ,li-4425348644,fulltime,,,,,,False,associate,Product Management and Marketing,,,Medical Equipment Manufacturing,https://de.linkedin.com/company/bbraun-group,,,,,,,,,,,
linkedin,Senior Expert (m/w/d/x) TV & Programm Management EU,Deutsche Telekom,"Bonn, North Rhine-Westphalia, Germany",2026-08-18,https://www.linkedin.com/jobs/view/4448896956 , ,li-4448896956,parttime,,,,,,False,mid-senior level,Business Development and Sales,,,Telecommunications,https://de.linkedin.com/company/telekom,,,,,,,,,,,
linkedin,Senior Project Manager (m/f/d) - Data Centre Construction,Linesight,"Berlin, Germany",2026-08-18,https://www.linkedin.com/jobs/view/4454489590 , ,li-4454489590,fulltime,,,,,,False,mid-senior level,Consulting,,,Construction,https://ie.linkedin.com/company/linesight,,,,,,,,,,,
linkedin,"Senior Category Manager, Home EU",Quince,"Berlin, Berlin, Germany",2026-08-18,https://www.linkedin.com/jobs/view/4436262107 , ,li-4436262107,fulltime,,,,,,False,mid-senior level,Marketing and Sales,,,Retail,https://www.linkedin.com/company/onequince,,,,,,,,,,,
linkedin,Additive Manufacturing Growth Programme Lead (f/m/d),Siemens Energy,"Berlin, Berlin, Germany",2026-08-18,https://www.linkedin.com/jobs/view/4454764877 , ,li-4454764877,fulltime,,,,,,True,mid-senior level,Project Management,,,"Appliances, Electrical, and Electronics Manufacturing",https://www.linkedin.com/company/siemens-energy,,,,,,,,,,,
linkedin,Project Leader Engineering (w/m/d),Leybold,"Cologne, North Rhine-Westphalia, Germany",2026-08-18,https://www.linkedin.com/jobs/view/4445725831 , ,li-4445725831,fulltime,,,,,,False,not applicable,Engineering and Information Technology,,,Machinery Manufacturing,https://de.linkedin.com/company/leybold-vacuum,,,,,,,,,,,
linkedin,Commissioning Project Lead,Global Commissioning,"Frankfurt am Main, Hesse, Germany",2026-08-18,https://www.linkedin.com/jobs/view/4455597826 , ,li-4455597826,fulltime,,,,,,False,mid-senior level,"Engineering, Project Management, and Consulting",,,"Engineering Services, Construction, and Business Consulting and Services",https://uk.linkedin.com/company/global-commissioning,,,,,,,,,,,
linkedin,Product Implementation Lead (Adoption) - Freight Operations (m/f/d),Voyfai,"Berlin, Germany",2026-08-18,https://www.linkedin.com/jobs/view/4455705195 , ,li-4455705195,fulltime,,,,,,False,mid-senior level,Product Management,,,"Transportation, Logistics, Supply Chain and Storage",https://de.linkedin.com/company/voyfai,,,,,,,,,,,
linkedin,Expert Network Deployment (m/w/d),Vodafone,"Nuremberg, Bavaria, Germany",2026-08-18,https://www.linkedin.com/jobs/view/4451239385 , ,li-4451239385,fulltime,,,,,,False,not applicable,Other,,,"Information Services, IT Services and IT Consulting, and Telecommunications",https://uk.linkedin.com/company/vodafone,,,,,,,,,,,
linkedin,Projektleiter:in Brücken,Deutsche Bahn,"Hamburg, Hamburg, Germany",2026-08-18,https://www.linkedin.com/jobs/view/4446181521 , ,li-4446181521,fulltime,,,,,,False,mid-senior level,"Design, Art/Creative, and Information Technology",,,Truck Transportation,https://de.linkedin.com/company/deutschebahn,,,,,,,,,,,
linkedin,Teamlead CQV (m/f/d) Industrial projects,Exyte,"Nuremberg, Bavaria, Germany",2026-08-18,https://www.linkedin.com/jobs/view/4387928581 , ,li-4387928581,fulltime,,,,,,False,mid-senior level,Information Technology,,ugur.guezel@exyte.net,Civil Engineering,https://de.linkedin.com/company/exyte-group,,,,,,,,,,,
linkedin,AGM Tendering Leader (m/w/d),GE Vernova,"North Rhine-Westphalia, Germany",2026-08-18,https://www.linkedin.com/jobs/view/4455711834 , ,li-4455711834,fulltime,,,,,,False,mid-senior level,Sales and Business Development,,,Energy Technology,https://www.linkedin.com/company/gevernova,,,,,,,,,,,
linkedin,Customer Project Manager (w/m/d),TRUMPF,"Freiburg, Baden-Württemberg, Germany",2026-08-18,https://www.linkedin.com/jobs/view/4445718005 , ,li-4445718005,fulltime,,,,,,False,mid-senior level,Project Management and Information Technology,,laura.gerkens@trumpf.com,Machinery Manufacturing,https://www.linkedin.com/company/trumpf-se-co-kg,,,,,,,,,,,
linkedin,Projektleiter / Project Manager (w/m/d) - Bahnübergangstechnik,Siemens,"Berlin, Berlin, Germany",2026-08-18,https://www.linkedin.com/jobs/view/4445162464 , ,li-4445162464,fulltime,,,,,,False,mid-senior level,Engineering,,,Automation Machinery Manufacturing,https://de.linkedin.com/company/siemens,,,,,,,,,,,
linkedin,Projektleiter HLSK / Projektmanager TGA (m/w/d),allwärme GmbH,"Hamburg, Hamburg, Germany",2026-08-18,https://www.linkedin.com/jobs/view/4455562331 , ,li-4455562331,fulltime,,,,,,False,mid-senior level,"Design, Art/Creative, and Information Technology",,bewerbung@allwaerme.de,Engineering Services,https://de.linkedin.com/company/allwaerme,,,,,,,,,,,
linkedin,Real Estate Project Manager,Franklin Fitch,,2026-08-18,https://www.linkedin.com/jobs/view/4448198647 , ,li-4448198647,fulltime,,,,,,False,mid-senior level,"Distribution, Project Management, and Strategy/Planning",,,"Warehousing and Storage, Real Estate, and Construction",https://uk.linkedin.com/company/franklin-fitch,,,,,,,,,,,
linkedin,"Post-Construction Project Manager (Associate, Mid, Senior) (m/f/d)",ib vogt GmbH,"Berlin, Germany",2026-08-18,https://www.linkedin.com/jobs/view/4454454359 , ,li-4454454359,fulltime,,,,,,False,mid-senior level,Project Management and Information Technology,,,Renewable Energy Power Generation,https://de.linkedin.com/company/ib-vogt-gmbh,,,,,,,,,,,
linkedin,Project Manager,Cognite,"Hamburg, Hamburg, Germany",2026-08-18,https://www.linkedin.com/jobs/view/4345956792 , ,li-4345956792,fulltime,,,,,,False,mid-senior level,Project Management and Information Technology,,,"Construction, Software Development, and IT Services and IT Consulting",https://www.linkedin.com/company/cognitedata,,,,,,,,,,,
linkedin,Senior Product Owner – Xsolla Money Account,Xsolla,"Berlin, Berlin, Germany",2026-08-18,https://www.linkedin.com/jobs/view/4407249754 , ,li-4407249754,fulltime,,,,,,False,mid-senior level,Product Management and Marketing,,,Computer Games,https://www.linkedin.com/company/xsolla,,,,,,,,,,,
linkedin,Senior Product Manager (VCS Ecosystem),JetBrains,"Berlin, Berlin, Germany",2026-08-18,https://www.linkedin.com/jobs/view/4445487164 , ,li-4445487164,fulltime,,,,,,True,mid-senior level,Product Management and Marketing,,,Software Development,https://nl.linkedin.com/company/jetbrains,,,,,,,,,,,
linkedin,Head of Product (Marktplatz & Plattform) (m/w/d),Speekly,"Cologne, North Rhine-Westphalia, Germany",2026-08-18,https://www.linkedin.com/jobs/view/4455719084 , ,li-4455719084,fulltime,,,,,,True,mid-senior level,Other,,,Advertising Services,https://de.linkedin.com/company/speekly,,,,,,,,,,,
linkedin,Global Loyalty Program Manager (m/f/d),HYROX,"Hamburg, Hamburg, Germany",2026-08-18,https://www.linkedin.com/jobs/view/4455769988 , ,li-4455769988,fulltime,,,,,,False,not applicable,Project Management and Information Technology,,,Spectator Sports,https://de.linkedin.com/company/hyrox,,,,,,,,,,,
linkedin,AI Product Owner / Technical Project Manager (AI Solutions) (m/w/d),Rohde & Schwarz,"Dresden, Saxony, Germany",2026-08-18,https://www.linkedin.com/jobs/view/4454476459 , ,li-4454476459,fulltime,,,,,,False,not applicable,Project Management and Information Technology,,,Telecommunications,https://de.linkedin.com/company/rohde-schwarz,,,,,,,,,,,
linkedin,Unit Lead SAP Financials (m/w/d),Scheer Group,"Munich, Bavaria, Germany",2026-08-17,https://www.linkedin.com/jobs/view/4319426118 , ,li-4319426118,fulltime,,,,,,False,mid-senior level,Management and Manufacturing,,,IT Services and IT Consulting,https://de.linkedin.com/company/scheer-gruppe,,,,,,,,,,,
linkedin,Teamleiter BESS Projektmanagement - Stationäre Großspeicher & Netzanschluss (m/w/d),ENERCON,"Mainz, Rhineland-Palatinate, Germany",2026-08-17,https://www.linkedin.com/jobs/view/4453661056 , ,li-4453661056,fulltime,,,,,,False,mid-senior level,Project Management and Information Technology,,paula.richardson@enercon.de,Renewable Energy Semiconductor Manufacturing,https://de.linkedin.com/company/enercon-gmbh,,,,,,,,,,,
linkedin,Teamlead Projektmanagement Metering (m/w/d) Schwerpunkt Real Estate,wattline GmbH,"Ruderting, Bavaria, Germany",2026-08-17,https://www.linkedin.com/jobs/view/4445918063 , ,li-4445918063,fulltime,,,,,,False,mid-senior level,Project Management,,bewerbung@wattline.com,Utilities,https://de.linkedin.com/company/wattline-gmbh,,,,,,,,,,,
linkedin,Projektleiter Freileitungsbau (m/w/d),Atlas Titan,"Stuttgart, Baden-Württemberg, Germany",2026-08-17,https://www.linkedin.com/jobs/view/4452246918 , ,li-4452246918,fulltime,,,,,,False,mid-senior level,"Design, Art/Creative, and Information Technology",,,Business Consulting and Services,https://de.linkedin.com/company/atlas-titan,,,,,,,,,,,
linkedin,Project Site Manager Emden (m/w/d) Naval,Saab,"Emden, Lower Saxony, Germany",2026-08-17,https://www.linkedin.com/jobs/view/4455231664 , ,li-4455231664,fulltime,,,,,,False,not applicable,"Business Development, General Business, and Management",,,"Defense and Space Manufacturing, Security and Investigations, and IT Services and IT Consulting",https://se.linkedin.com/company/saab,,,,,,,,,,,
linkedin,Senior Planner,John Sisk & Son Ltd,"Raguhn-Jeßnitz, Saxony-Anhalt, Germany",2026-08-17,https://www.linkedin.com/jobs/view/4442828462 , ,li-4442828462,fulltime,,,,,,False,mid-senior level,Other,,,Construction,https://ie.linkedin.com/company/sisk,,,,,,,,,,,
linkedin,Projektleiter Leittechnik (all gender),ALTEN,,2026-08-17,https://www.linkedin.com/jobs/view/4355238839 , ,li-4355238839,fulltime,,,,,,False,associate,Engineering,,,Energy Technology,https://fr.linkedin.com/company/alten,,,,,,,,,,,
linkedin,Projektleiter Bau (m/w/d) | Bottrop | Vollzeit,Ten Brinke Deutschland,"Bottrop, North Rhine-Westphalia, Germany",2026-08-17,https://www.linkedin.com/jobs/view/4433194668 , ,li-4433194668,fulltime,,,,,,False,mid-senior level,Engineering,,,Real Estate,https://de.linkedin.com/company/ten-brinke-deutschland,,,,,,,,,,,
linkedin,Projektleiter Bau (m/w/d) | Stuttgart | Vollzeit,Ten Brinke Deutschland,"Stuttgart, Baden-Württemberg, Germany",2026-08-17,https://www.linkedin.com/jobs/view/4440128902 , ,li-4440128902,fulltime,,,,,,False,mid-senior level,Engineering,,,Real Estate,https://de.linkedin.com/company/ten-brinke-deutschland,,,,,,,,,,,
linkedin,Project Manager,Fever,"Berlin, Germany",2026-08-17,https://www.linkedin.com/jobs/view/4385461622 , ,li-4385461622,fulltime,,,,,,False,mid-senior level,Project Management and Information Technology,,,Software Development,https://www.linkedin.com/company/fever-up,,,,,,,,,,,
linkedin,Installation Project Manager (m/f/d),Vestas,"Berlin, Germany",2026-08-17,https://www.linkedin.com/jobs/view/4455343803 , ,li-4455343803,fulltime,,,,,,False,not applicable,Project Management and Information Technology,,,Renewable Energy Semiconductor Manufacturing,https://dk.linkedin.com/company/vestas,,,,,,,,,,,
linkedin,Project Manager,John Sisk & Son Ltd,"Raguhn-Jeßnitz, Saxony-Anhalt, Germany",2026-08-17,https://www.linkedin.com/jobs/view/4442838325 , ,li-4442838325,fulltime,,,,,,False,mid-senior level,Project Management and Information Technology,,,Construction,https://ie.linkedin.com/company/sisk,,,,,,,,,,,
linkedin,Projektleiter/Lead-Ingenieur (w/m/d) Automation,SpiraTec AG,"Munich, Bavaria, Germany",2026-08-17,https://www.linkedin.com/jobs/view/4455267641 , ,li-4455267641,fulltime,,,,,,False,mid-senior level,Engineering and Information Technology,,,Automation Machinery Manufacturing,https://de.linkedin.com/company/spiratec-ag-official,,,,,,,,,,,
linkedin,Projektleiter (m/w/d) in Vollzeit (40 h/Woche),Spielkartenfabrik Altenburg GmbH / Cartamundi Deutschland GmbH,"Altenburger Land, Thuringia, Germany",2026-08-17,https://www.linkedin.com/jobs/view/4448941872 , ,li-4448941872,fulltime,,,,,,False,associate,"Analyst, Engineering, and Production",,,Printing Services,https://de.linkedin.com/company/spielkarten,,,,,,,,,,,
linkedin,Installation Project Manager (m/f/d),Vestas,"Husum, Schleswig-Holstein, Germany",2026-08-17,https://www.linkedin.com/jobs/view/4455344835 , ,li-4455344835,fulltime,,,,,,False,not applicable,Project Management and Information Technology,,,Renewable Energy Semiconductor Manufacturing,https://dk.linkedin.com/company/vestas,,,,,,,,,,,
linkedin,Technischer Projektleiter (w/m/d),Siemens Energy,"Erlangen, Bavaria, Germany",2026-08-17,https://www.linkedin.com/jobs/view/4454400450 , ,li-4454400450,fulltime,,,,,,True,mid-senior level,Project Management,,,"Appliances, Electrical, and Electronics Manufacturing",https://www.linkedin.com/company/siemens-energy,,,,,,,,,,,
linkedin,Product Manager - Monetization & Retention,trivago,"Düsseldorf, North Rhine-Westphalia, Germany",2026-08-17,https://www.linkedin.com/jobs/view/4436212163 , ,li-4436212163,fulltime,,,,,,True,mid-senior level,Product Management and Marketing,,joinus@trivago.com,Internet Publishing,https://de.linkedin.com/company/trivagonv,,,,,,,,,,,
linkedin,Product Manager | Core (m/f/d),Superchat,"Berlin, Berlin, Germany",2026-08-17,https://www.linkedin.com/jobs/view/4452209936 , ,li-4452209936,fulltime,,,,,,False,mid-senior level,Product Management,,,IT Services and IT Consulting,https://de.linkedin.com/company/superchatcom,,,,,,,,,,,
linkedin,Senior Product Manager,NielsenIQ,"Nuremberg, Bavaria, Germany",2026-08-17,https://www.linkedin.com/jobs/view/4454459078 , ,li-4454459078,fulltime,,,,,,False,mid-senior level,General Business,,,Market Research,https://www.linkedin.com/company/nielseniq,,,,,,,,,,,
linkedin,Growth Product Owner (DE),Nodes & Links,"Berlin, Berlin, Germany",2026-08-17,https://www.linkedin.com/jobs/view/4454279409 , ,li-4454279409,fulltime,,,,,,True,associate,Information Technology,,,Construction,https://uk.linkedin.com/company/nodeslinks,,,,,,,,,,,
linkedin,Global Product Manager for Sustainability Services (m/f/d) 1,Innomotics,"Nuremberg, Bavaria, Germany",2026-08-17,https://www.linkedin.com/jobs/view/4452292042 , ,li-4452292042,fulltime,,,,,,False,mid-senior level,Other,,in.career.de@innomotics.com,Machinery Manufacturing,https://de.linkedin.com/company/innomotics,,,,,,,,,,,
linkedin,Product Manager - Data Center White Space (EMEA),Eaton,"Munich, Bavaria, Germany",2026-08-17,https://www.linkedin.com/jobs/view/4433743706 , ,li-4433743706,fulltime,,,,,,False,mid-senior level,Other,,,"Appliances, Electrical, and Electronics Manufacturing",https://ie.linkedin.com/company/eaton,,,,,,,,,,,
linkedin,Manager Railway Industry (all genders),Eraneos,,2026-08-17,https://www.linkedin.com/jobs/view/4385056444 , ,li-4385056444,fulltime,,,,,,False,mid-senior level,Business Development and Sales,,career.de@eraneos.com,Business Consulting and Services,https://ch.linkedin.com/company/eraneos,,,,,,,,,,,
linkedin,Commissioning Senior Manager,Equinix,"Frankfurt, Hesse, Germany",2026-08-17,https://www.linkedin.com/jobs/view/4405105962 , ,li-4405105962,fulltime,,,,,,False,mid-senior level,Project Management and Information Technology,,,IT Services and IT Consulting,https://www.linkedin.com/company/equinix,,,,,,,,,,,
linkedin,(Senior) Project Manager Post Merger Integration [m/w/d],GBC Group GmbH,"Bremen, Bremen, Germany",2026-08-17,https://www.linkedin.com/jobs/view/4452224480 , ,li-4452224480,fulltime,,,,,,True,associate,Analyst and Consulting,,,Software Development,https://de.linkedin.com/company/gbc-group-gmbh,,,,,,,,,,,
linkedin,Project Site Manager Wilhelmshaven (m/w/d) Naval,Saab,"Wilhelmshaven, Lower Saxony, Germany",2026-08-17,https://www.linkedin.com/jobs/view/4455247546 , ,li-4455247546,fulltime,,,,,,False,not applicable,"Business Development, General Business, and Management",,,"Defense and Space Manufacturing, Security and Investigations, and IT Services and IT Consulting",https://se.linkedin.com/company/saab,,,,,,,,,,,
linkedin,Product Owner (PLM Solutions Manager) m/w/d,Schöffel SPORT,"Schwabmünchen, Bavaria, Germany",2026-08-17,https://www.linkedin.com/jobs/view/4455304374 , ,li-4455304374,fulltime,,,,,,False,mid-senior level,Product Management and Marketing,,,Retail Apparel and Fashion,https://de.linkedin.com/company/schoeffel,,,,,,,,,,,
linkedin,Founding Implementation Lead (m/w/d),Orbit,"Berlin, Berlin, Germany",2026-08-17,https://www.linkedin.com/jobs/view/4454425422 , ,li-4454425422,fulltime,,,,,,True,director,Other,,,Software Development,https://de.linkedin.com/company/orbitdo,,,,,,,,,,,
linkedin,"Product Engineering, Team Lead",Oxford Instruments plc,"Ulm, Baden-Württemberg, Germany",2026-08-17,https://www.linkedin.com/jobs/view/4408786878 , ,li-4408786878,fulltime,,,,,,False,mid-senior level,Engineering and Information Technology,,,Nanotechnology Research,https://uk.linkedin.com/company/oxford-instruments,,,,,,,,,,,
linkedin,Produktmanager (m/w/d),Finanz Informatik Technologie Service,"Fellbach, Baden-Württemberg, Germany",2026-08-17,https://www.linkedin.com/jobs/view/4444517886 , ,li-4444517886,fulltime,,,,,,False,associate,Product Management,,,"IT Services and IT Consulting, Banking, and Insurance",https://de.linkedin.com/company/finanz-informatik-technologie-service,,,,,,,,,,,
linkedin,Product Manager,Jobgether,,2026-08-17,https://www.linkedin.com/jobs/view/4454236513 , ,li-4454236513,fulltime,,,,,,True,mid-senior level,Product Management and Marketing,,,Internet Marketplace Platforms,https://be.linkedin.com/company/jobgether,,,,,,,,,,,
linkedin,Product Owner (f/m/d) Instrumenttransformers,Siemens Energy,"Berlin, Berlin, Germany",2026-08-17,https://www.linkedin.com/jobs/view/4454299439 , ,li-4454299439,fulltime,,,,,,True,mid-senior level,Research,,,"Appliances, Electrical, and Electronics Manufacturing",https://www.linkedin.com/company/siemens-energy,,,,,,,,,,,
linkedin,"Product Manager, Vibe",Mistral,"Berlin, Berlin, Germany",2026-08-17,https://www.linkedin.com/jobs/view/4455304023 , ,li-4455304023,fulltime,,,,,,False,mid-senior level,Product Management and Marketing,,,"Technology, Information and Internet",https://fr.linkedin.com/company/mistralai,,,,,,,,,,,
linkedin,"Product Manager, Vibe",Mistral,"Munich, Bavaria, Germany",2026-08-17,https://www.linkedin.com/jobs/view/4455296739 , ,li-4455296739,fulltime,,,,,,False,mid-senior level,Product Management and Marketing,,,"Technology, Information and Internet",https://fr.linkedin.com/company/mistralai,,,,,,,,,,,
linkedin,Projektmanager:in E-Commerce Agentur (m/w/d) in Vollzeit,we-site GmbH - Shopify Agentur,"Hamburg, Hamburg, Germany",2026-08-17,https://www.linkedin.com/jobs/view/4452234850 , ,li-4452234850,fulltime,,,,,,False,director,Project Management,,,IT Services and IT Consulting,https://de.linkedin.com/company/we-site-shopify-agentur,,,,,,,,,,,
linkedin,Installation Project Manager (m/f/d),Vestas,"Rheine, North Rhine-Westphalia, Germany",2026-08-17,https://www.linkedin.com/jobs/view/4455337848 , ,li-4455337848,fulltime,,,,,,False,not applicable,Project Management and Information Technology,,,Renewable Energy Semiconductor Manufacturing,https://dk.linkedin.com/company/vestas,,,,,,,,,,,
linkedin,(Lead/Senior) Technical Product Manager - Platform Engineering (m/f/d),1KOMMA5°,,2026-08-17,https://www.linkedin.com/jobs/view/4452224981 , ,li-4452224981,fulltime,,,,,,True,associate,Information Technology,,,Software Development,https://de.linkedin.com/company/1komma5grad,,,,,,,,,,,
linkedin,Project Manager with Chinese,UBIQUITY SERVICE,"Munich, Bavaria, Germany",2026-08-17,https://www.linkedin.com/jobs/view/4454260775 , ,li-4454260775,fulltime,,,,,,False,not applicable,Project Management and Information Technology,,,IT Services and IT Consulting,https://pl.linkedin.com/company/ubiquity-service-sp%C3%B3%C5%82ka-z-ograniczon%C4%85-odpowiedzialno%C5%9Bci%C4%85,,,,,,,,,,,
linkedin,Projektleiter / Project Manager Clinical Trials,VERTANICAL,"Munich, Bavaria, Germany",2026-08-17,https://www.linkedin.com/jobs/view/4433107285 , ,li-4433107285,fulltime,,,,,,False,associate,Quality Assurance and Research,,,Pharmaceutical Manufacturing,https://de.linkedin.com/company/vertanical-gmbh,,,,,,,,,,,
linkedin,Task Order Project Manager,Sawdey Solution Services,"Ramstein, Rhineland-Palatinate, Germany",2026-08-17,https://www.linkedin.com/jobs/view/4455352761 , ,li-4455352761,fulltime,,,,,,True,mid-senior level,Project Management and Information Technology,,,Defense and Space Manufacturing,https://www.linkedin.com/company/sawdey-solution-services,,,,,,,,,,,
linkedin,Project Manager (m/f/d) in our Space Division,CGI,"Darmstadt, Hesse, Germany",2026-08-17,https://www.linkedin.com/jobs/view/4335195707 , ,li-4335195707,fulltime,,,,,,False,entry level,Project Management,,,IT Services and IT Consulting,https://ca.linkedin.com/company/cgi,,,,,,,,,,,
linkedin,Project Manager,Cognite,"Munich, Bavaria, Germany",2026-08-17,https://www.linkedin.com/jobs/view/4346092116 , ,li-4346092116,fulltime,,,,,,False,mid-senior level,Project Management and Information Technology,,,"Construction, Software Development, and IT Services and IT Consulting",https://www.linkedin.com/company/cognitedata,,,,,,,,,,,
linkedin,Installation Project Manager (m/f/d),Vestas,"Hamburg, Hamburg, Germany",2026-08-17,https://www.linkedin.com/jobs/view/4455352172 , ,li-4455352172,fulltime,,,,,,False,not applicable,Project Management and Information Technology,,,Renewable Energy Semiconductor Manufacturing,https://dk.linkedin.com/company/vestas,,,,,,,,,,,
linkedin,Technical Project Manager (m/f/d) Satellite Communications and Space,NAXCON GROUP,"Bremen, Bremen, Germany",2026-08-17,https://www.linkedin.com/jobs/view/4455380528 , ,li-4455380528,fulltime,,,,,,False,mid-senior level,Project Management and Information Technology,,,IT Services and IT Consulting,https://de.linkedin.com/company/naxcon,,,,,,,,,,,
linkedin,Deployment Specialist,Lupa,"Munich, Bavaria, Germany",2026-08-17,https://www.linkedin.com/jobs/view/4455367578 , ,li-4455367578,fulltime,,,,,,False,entry level,Information Technology,,,Software Development,https://uk.linkedin.com/company/lupapets,,,,,,,,,,,
linkedin,Projektmanager/-in Hochbau (m/w/d),Franke & Thomsen,"Hamburg, Hamburg, Germany",2026-08-16,https://www.linkedin.com/jobs/view/4451775539 , ,li-4451775539,fulltime,,,,,,False,associate,Engineering,,,Construction,https://de.linkedin.com/company/frankethomsen,,,,,,,,,,,
linkedin,Product Manager - Data Center White Space (EMEA),Eaton,"Cologne, North Rhine-Westphalia, Germany",2026-08-16,https://www.linkedin.com/jobs/view/4433747565 , ,li-4433747565,fulltime,,,,,,False,mid-senior level,Other,,,"Appliances, Electrical, and Electronics Manufacturing",https://ie.linkedin.com/company/eaton,,,,,,,,,,,
linkedin,Projektmanager After Sales (m/w/d),OPTIMA packaging group,"Schwäbisch Hall, Baden-Württemberg, Germany",2026-08-16,https://www.linkedin.com/jobs/view/4427373407 , ,li-4427373407,fulltime,,,,,,False,associate,Project Management and Information Technology,,,Machinery Manufacturing,https://de.linkedin.com/company/optima-packaging-group,,,,,,,,,,,
linkedin,Product Manager,Klöckner Pentaplast,"Gendorf, Bavaria, Germany",2026-08-16,https://www.linkedin.com/jobs/view/4424891112 , ,li-4424891112,fulltime,,,,,,False,mid-senior level,Product Management and Marketing,,career@kpfilms.com,Plastics Manufacturing,https://uk.linkedin.com/company/klockner-pentaplast,,,,,,,,,,,
linkedin,"Specialist, Programme Schedule Management, IRIS2",SES Satellites,"Unterföhring, Bavaria, Germany",2026-08-16,https://www.linkedin.com/jobs/view/4435481502 , ,li-4435481502,fulltime,,,,,,False,mid-senior level,Project Management and Information Technology,,,Telecommunications,https://lu.linkedin.com/company/ses,,,,,,,,,,,
linkedin,Product Manager (m/w/d) Brand & Innovation – Tee,TEEKANNE Deutschland,"Düsseldorf, North Rhine-Westphalia, Germany",2026-08-16,https://www.linkedin.com/jobs/view/4445381175 , ,li-4445381175,fulltime,,,,,,False,mid-senior level,Product Management and Marketing,,,Beverage Manufacturing,https://de.linkedin.com/company/teekanne,,,,,,,,,,,
linkedin,Project Manager,Cognite,"Düsseldorf, North Rhine-Westphalia, Germany",2026-08-16,https://www.linkedin.com/jobs/view/4345908395 , ,li-4345908395,fulltime,,,,,,False,mid-senior level,Project Management and Information Technology,,,"Construction, Software Development, and IT Services and IT Consulting",https://www.linkedin.com/company/cognitedata,,,,,,,,,,,
linkedin,"Projektleiter HLSK (m/w/d) Großprojekte (Münster, DE, 48155)",Implenia,"Münster, North Rhine-Westphalia, Germany",2026-08-16,https://www.linkedin.com/jobs/view/4426966413 , ,li-4426966413,fulltime,,,,,,False,mid-senior level,"Design, Art/Creative, and Information Technology",,morten.schmalz@implenia.com,Construction,https://ch.linkedin.com/company/implenia,,,,,,,,,,,
linkedin,Agile Projektmanager Softwareentwicklung (m/w/d) in Köln,Deloitte,"Cologne, North Rhine-Westphalia, Germany",2026-08-16,https://www.linkedin.com/jobs/view/4408284071 , ,li-4408284071,fulltime,,,,,,True,associate,Consulting and Information Technology,,career@deloitte.de,Business Consulting and Services,https://www.linkedin.com/company/deloitte,,,,,,,,,,,
linkedin,Projektleiter Healthcare - Business Consulting (w/m/d),EY,"Berlin, Berlin, Germany",2026-08-16,https://www.linkedin.com/jobs/view/4385071988 , ,li-4385071988,fulltime,,,,,,False,mid-senior level,"Consulting, Information Technology, and Sales",,,Professional Services,https://uk.linkedin.com/company/ernstandyoung,,,,,,,,,,,
linkedin,Agile Projektmanager Softwareentwicklung (m/w/d) in Hamburg,Deloitte,"Hamburg, Hamburg, Germany",2026-08-16,https://www.linkedin.com/jobs/view/4408281522 , ,li-4408281522,fulltime,,,,,,True,associate,Consulting and Information Technology,,career@deloitte.de,Business Consulting and Services,https://www.linkedin.com/company/deloitte,,,,,,,,,,,
linkedin,Projektleiter Healthcare - Business Consulting (w/m/d),EY,"Eschborn, Hesse, Germany",2026-08-16,https://www.linkedin.com/jobs/view/4385075729 , ,li-4385075729,fulltime,,,,,,False,mid-senior level,"Consulting, Information Technology, and Sales",,,Professional Services,https://uk.linkedin.com/company/ernstandyoung,,,,,,,,,,,
linkedin,Projektmanager*in Transport (m/w/d),Arup,"Munich, Bavaria, Germany",2026-08-16,https://www.linkedin.com/jobs/view/4408770621 , ,li-4408770621,fulltime,,,,,,False,mid-senior level,"Project Management, Design, and Consulting",,,Design Services and Architecture and Planning,https://uk.linkedin.com/company/arup,,,,,,,,,,,
linkedin,Product Manager Sovereign Cloud (m/f/d),Thales,"Berlin, Berlin, Germany",2026-08-16,https://www.linkedin.com/jobs/view/4428186019 , ,li-4428186019,fulltime,,,,,,False,not applicable,Product Management and Marketing,,,Aviation and Aerospace Component Manufacturing and Defense and Space Manufacturing,https://fr.linkedin.com/company/thales,,,,,,,,,,,
linkedin,Senior Product Manager 🇫🇷,Pennylane,"Berlin, Berlin, Germany",2026-08-15,https://www.linkedin.com/jobs/view/4408775770 , ,li-4408775770,contract,,,,,,True,mid-senior level,Product Management and Marketing,,"dpo@pennylane.com, dpo@pennylane.com, dpo@pennylane.com, dpo@pennylane.com",Accounting,https://fr.linkedin.com/company/pennylaneaccounting,,,,,,,,,,,
linkedin,Product Manager (m/w/d),eRecht24,"Berlin, Berlin, Germany",2026-08-15,https://www.linkedin.com/jobs/view/4451750300 , ,li-4451750300,fulltime,,,,,,False,mid-senior level,Other,,,Software Development,https://de.linkedin.com/company/erecht24,,,,,,,,,,,
linkedin,Senior Product Manager - Addressability,Zeta Global,"Berlin, Berlin, Germany",2026-08-15,https://www.linkedin.com/jobs/view/4453753769 , ,li-4453753769,fulltime,,,,,,False,mid-senior level,Product Management and Marketing,,,Software Development,https://www.linkedin.com/company/zetaglobal,,,,,,,,,,,
linkedin,"Product Manager, Delivery Promise",Wolt,"Berlin, Berlin, Germany",2026-08-15,https://www.linkedin.com/jobs/view/4426606965 , ,li-4426606965,fulltime,,,,,,False,mid-senior level,Project Management and Information Technology,,,Software Development,https://fi.linkedin.com/company/wolt-oy,,,,,,,,,,,
linkedin,Senior Product Manager - Marketplace Infrastructure & Data (m/f/d),HomeToGo,"Berlin, Germany",2026-08-15,https://www.linkedin.com/jobs/view/4441841012 , ,li-4441841012,fulltime,,,,,,True,mid-senior level,Product Management and Marketing,,recruiting@hometogo.com,Software Development,https://de.linkedin.com/company/hometogo,,,,,,,,,,,
linkedin,Senior Product Manager Ecosystem - Tradebyte (All genders),Tradebyte,"Sachsen, Bavaria, Germany",2026-08-15,https://www.linkedin.com/jobs/view/4417478967 , ,li-4417478967,fulltime,,,,,,True,mid-senior level,Product Management and Marketing,,,"Technology, Information and Internet, Retail, and IT Services and IT Consulting",https://de.linkedin.com/company/tradebyte,,,,,,,,,,,
linkedin,Senior Product Manager – Pharma Process Design & AI (m/f/d),Redcare Pharmacy,"Cologne, North Rhine-Westphalia, Germany",2026-08-15,https://www.linkedin.com/jobs/view/4441829055 , ,li-4441829055,fulltime,,,,,,True,mid-senior level,Analyst,,,Software Development and IT Services and IT Consulting,https://nl.linkedin.com/company/redcare-pharmacy-com,,,,,,,,,,,
linkedin,Projektleiter (m/w/d) Rohbau | Schlüsselfertigbau | Holzhybridbau,OTTO WULFF,"Hamburg, Hamburg, Germany",2026-08-15,https://www.linkedin.com/jobs/view/4447140550 , ,li-4447140550,fulltime,,,,,,False,associate,Management,,,Construction,https://de.linkedin.com/company/otto_wulff,,,,,,,,,,,
linkedin,Senior Project Manager Modular Solutions (m/f/d),Exyte,"Renningen, Baden-Württemberg, Germany",2026-08-15,https://www.linkedin.com/jobs/view/4435431715 , ,li-4435431715,fulltime,,,,,,False,mid-senior level,Project Management and Information Technology,,gina.otto@exentec.net,Civil Engineering,https://de.linkedin.com/company/exyte-group,,,,,,,,,,,
linkedin,Projektleiter für Microsoft Dynamics 365 Business Central (w/m/d),TSO-DATA,"Nuremberg, Bavaria, Germany",2026-08-15,https://www.linkedin.com/jobs/view/4451739573 , ,li-4451739573,fulltime,,,,,,False,associate,Project Management,,,IT Services and IT Consulting,https://de.linkedin.com/company/tso-de,,,,,,,,,,,
linkedin,Technical Project Lead Footwear (f-m-d) - Milwaukee®,Milwaukee Tool EMEA,"Winnenden, Baden-Württemberg, Germany",2026-08-15,https://www.linkedin.com/jobs/view/4444953563 , ,li-4444953563,fulltime,,,,,,False,mid-senior level,Information Technology,,,Manufacturing,https://uk.linkedin.com/company/milwaukee-tool-emea,,,,,,,,,,,
linkedin,Projektleiter (m/w/d),Rheinmetall,"Rostock, Mecklenburg-West Pomerania, Germany",2026-08-15,https://www.linkedin.com/jobs/view/4451294676 , ,li-4451294676,fulltime,,,,,,False,mid-senior level,"Design, Art/Creative, and Information Technology",,,Defense and Space Manufacturing,https://de.linkedin.com/company/rheinmetall,,,,,,,,,,,
linkedin,Technischer Senior Projektleiter KI-Agentur (m/w/d),sandan AI,"Berlin, Berlin, Germany",2026-08-15,https://www.linkedin.com/jobs/view/4451731157 , ,li-4451731157,fulltime,,,,,,True,mid-senior level,Project Management,,,IT Services and IT Consulting,https://de.linkedin.com/company/sandan-ai,,,,,,,,,,,
linkedin,Commissioning Manager,Mercury,"Düsseldorf, North Rhine-Westphalia, Germany",2026-08-15,https://www.linkedin.com/jobs/view/4435225715 , ,li-4435225715,fulltime,,,,,,False,mid-senior level,Project Management and Information Technology,,,Construction,https://ie.linkedin.com/company/mercury-engineering,,,,,,,,,,,
linkedin,Area Manager (m/w/d),Vulcan Energy Germany,"Frankfurt, Hesse, Germany",2026-08-15,https://www.linkedin.com/jobs/view/4436779021 , ,li-4436779021,fulltime,,,,,,False,mid-senior level,Sales and Business Development,,,Chemical Raw Materials Manufacturing,https://de.linkedin.com/company/vulcan-energie,,,,,,,,,,,
linkedin,Project Manager Facility Management (f/m/div),Infineon Technologies,"Dresden, Saxony, Germany",2026-08-15,https://www.linkedin.com/jobs/view/4455114236 , ,li-4455114236,fulltime,,,,,,False,entry level,Project Management and Information Technology,,,"Semiconductor Manufacturing, Appliances, Electrical, and Electronics Manufacturing, and Computer Hardware Manufacturing",https://de.linkedin.com/company/infineon-technologies,,,,,,,,,,,
linkedin,Projektleiter Healthcare - Business Consulting (w/m/d),EY,"Hamburg, Hamburg, Germany",2026-08-15,https://www.linkedin.com/jobs/view/4385078523 , ,li-4385078523,fulltime,,,,,,False,mid-senior level,"Consulting, Information Technology, and Sales",,,Professional Services,https://uk.linkedin.com/company/ernstandyoung,,,,,,,,,,,
linkedin,Projektmanager Bauvorbereitung und -realisierung,SCHINKEL PROJECTS,"Dresden, Saxony, Germany",2026-08-15,https://www.linkedin.com/jobs/view/4451728750 , ,li-4451728750,fulltime,,,,,,True,associate,Engineering,,,Construction,https://www.linkedin.com/company/schinkel-projects,,,,,,,,,,,
linkedin,Project Manager (m/f/d) - Data Centres,Turner & Townsend,"Frankfurt am Main, Hesse, Germany",2026-08-15,https://www.linkedin.com/jobs/view/4435449996 , ,li-4435449996,fulltime,,,,,,False,internship,"Project Management, Consulting, and Engineering",,,"Construction, Civil Engineering, and Business Consulting and Services",https://uk.linkedin.com/company/turner-&-townsend,,,,,,,,,,,
linkedin,Project Manager Modular Solutions  (m/f/d),Exyte,"Renningen, Baden-Württemberg, Germany",2026-08-15,https://www.linkedin.com/jobs/view/4435245180 , ,li-4435245180,fulltime,,,,,,False,mid-senior level,Project Management and Information Technology,,gina.otto@exentec.net,Civil Engineering,https://de.linkedin.com/company/exyte-group,,,,,,,,,,,
linkedin,Projektleiter Healthcare - Business Consulting (w/m/d),EY,"Munich, Bavaria, Germany",2026-08-15,https://www.linkedin.com/jobs/view/4385092024 , ,li-4385092024,fulltime,,,,,,False,mid-senior level,"Consulting, Information Technology, and Sales",,,Professional Services,https://uk.linkedin.com/company/ernstandyoung,,,,,,,,,,,
linkedin,Software Project Manager (m/w/d) IVI,Valeo,"Garching, Bavaria, Germany",2026-08-15,https://www.linkedin.com/jobs/view/4417319905 , ,li-4417319905,fulltime,,,,,,False,mid-senior level,Project Management and Information Technology,,Alessa.Knapp@valeo.com,Motor Vehicle Parts Manufacturing,https://fr.linkedin.com/company/valeo,,,,,,,,,,,
linkedin,Teamleiter Bau- und Montageabwicklung (m/w/d),Galvanek Energiesysteme,,2026-08-15,https://www.linkedin.com/jobs/view/4442850619 , ,li-4442850619,fulltime,,,,,,False,associate,"Other, Management, and Project Management",,,"Energy Technology, Services for Renewable Energy, and Construction",https://de.linkedin.com/company/galvanek-bau-gmbh,,,,,,,,,,,
linkedin,Sr Product Manager - Managed Shipping,eBay,,2026-08-14,https://www.linkedin.com/jobs/view/4450850352 , ,li-4450850352,fulltime,,,,,,False,mid-senior level,Product Management and Marketing,,talent@ebay.com,"Technology, Information and Internet",https://www.linkedin.com/company/ebay,,,,,,,,,,,
linkedin,"Senior Project Manager, Data Center Expansion – Germany",Verda,"Hamburg, Germany",2026-08-14,https://www.linkedin.com/jobs/view/4444922857 , ,li-4444922857,fulltime,,,,,,True,mid-senior level,Project Management and Information Technology,,,"Technology, Information and Internet",https://fi.linkedin.com/company/verda-cloud,,,,,,,,,,,
linkedin,"Director of Product, Vendor Promotions - Vendor",Delivery Hero,"Berlin, Berlin, Germany",2026-08-14,https://www.linkedin.com/jobs/view/4450879304 , ,li-4450879304,fulltime,,,,,,False,director,Marketing and Product Management,,inclusion@deliveryhero.com,Software Development and IT Services and IT Consulting,https://de.linkedin.com/company/delivery-hero-se,,,,,,,,,,,
linkedin,Produktmanager (m/w/d) Chemie,Carl Roth GmbH + Co. KG,"Karlsruhe, Baden-Württemberg, Germany",2026-08-14,https://www.linkedin.com/jobs/view/4454812499 , ,li-4454812499,fulltime,,,,,,False,entry level,Product Management and Marketing,,,Chemical Manufacturing,https://de.linkedin.com/company/carlrothgmbh,,,,,,,,,,,
linkedin,Product Owner (m/w/d),SoftProject,"Ettlingen, Baden-Württemberg, Germany",2026-08-14,https://www.linkedin.com/jobs/view/4454529156 , ,li-4454529156,fulltime,,,,,,False,mid-senior level,Information Technology and Product Management,,"jobs@softproject.com, jobs@softproject.de",IT Services and IT Consulting,https://de.linkedin.com/company/softproject-gmbh,,,,,,,,,,,
linkedin,Technischer Projektleiter - Lebensmittelindustrie (m/w/d),saturn petcare gmbh,"Bremen, Bremen, Germany",2026-08-14,https://www.linkedin.com/jobs/view/4454529339 , ,li-4454529339,fulltime,,,,,,False,mid-senior level,Project Management and Information Technology,,,Food and Beverage Manufacturing,https://de.linkedin.com/company/saturn-petcare-gmbh,,,,,,,,,,,
linkedin,Produktmanager:in Apotheke,Sinceritas Executive Search,"Darmstadt, Hesse, Germany",2026-08-14,https://www.linkedin.com/jobs/view/4451208791 , ,li-4451208791,fulltime,,,,,,False,associate,Project Management,,alica.slawig@sinceritas.com,Public Health and IT System Custom Software Development,https://de.linkedin.com/company/sinceritas-executive-search,,,,,,,,,,,
linkedin,Lead Project Manager (m/f/d),Exyte,"Dresden, Saxony, Germany",2026-08-14,https://www.linkedin.com/jobs/view/4453578032 , ,li-4453578032,fulltime,,,,,,False,mid-senior level,Project Management and Information Technology,,vasiliki.mouli2@exyte.net,Civil Engineering,https://de.linkedin.com/company/exyte-group,,,,,,,,,,,
linkedin,Manager of Real Estate – Capital Projects (m/w/d),Latham & Watkins,"Frankfurt, Hesse, Germany",2026-08-14,https://www.linkedin.com/jobs/view/4444323465 , ,li-4444323465,fulltime,,,,,,False,mid-senior level,Sales and Management,,,Law Practice,https://www.linkedin.com/company/latham-&-watkins,,,,,,,,,,,
linkedin,(Senior) Project Manager (m/w/d) Venues & Real Estate Development,CTS EVENTIM AG & Co. KGaA,"Berlin, Germany",2026-08-14,https://www.linkedin.com/jobs/view/4435811745 , ,li-4435811745,fulltime,,,,,,False,mid-senior level,Project Management and Information Technology,,,Events Services,https://de.linkedin.com/company/cts-eventim-ag,,,,,,,,,,,
linkedin,Project Manager,g2 Recruitment,"Leipzig, Saxony, Germany",2026-08-14,https://www.linkedin.com/jobs/view/4447524740 , ,li-4447524740,fulltime,,,,,,False,mid-senior level,Engineering,,,Engineering Services,https://de.linkedin.com/company/g2-recruitment-solutions,,,,,,,,,,,
linkedin,(Senior) Product Manager (m/f/d),Hive Robotics,"Munich, Bavaria, Germany",2026-08-14,https://www.linkedin.com/jobs/view/4451235361 , ,li-4451235361,fulltime,,,,,,False,associate,Engineering,,,Construction,https://de.linkedin.com/company/hive-robotics-gmbh,,,,,,,,,,,
linkedin,Projektleiter für Klima- und Lüftungstechnik (m/w/d),KLT Klima- und Lüftungstechnik GmbH,"Hamburg, Hamburg, Germany",2026-08-14,https://www.linkedin.com/jobs/view/4451204055 , ,li-4451204055,fulltime,,,,,,False,associate,Engineering,,,Manufacturing,https://de.linkedin.com/company/klt-klima-und-l%C3%BCftungstechnik-gmbh,,,,,,,,,,,
linkedin,Project Manager,The Green Recruitment Company,"Leipzig, Saxony, Germany",2026-08-14,https://www.linkedin.com/jobs/view/4453567309 , ,li-4453567309,fulltime,,,,,,False,mid-senior level,Project Management,,,Services for Renewable Energy,https://uk.linkedin.com/company/the-green-recruitment-company,,,,,,,,,,,
linkedin,Project Manager Campus Development (m/f/d),Technische Universität München (Technical University of Munich),"Munich, Bavaria, Germany",2026-08-14,https://www.linkedin.com/jobs/view/4453267819 , ,li-4453267819,fulltime,,,,,,False,mid-senior level,Project Management and Information Technology,,"departmenthead.asg@ed.tum.de.The, chiara.manfletti@tum.de, departmenthead.asg@ed.tum.de",Higher Education,https://de.linkedin.com/school/c446-deccan-m.ed-college-gulbarga/,,,,,,,,,,,
linkedin,Senior Product Manager (f/m/d),ZEAL Network SE,"Hamburg, Hamburg, Germany",2026-08-14,https://www.linkedin.com/jobs/view/4435573695 , ,li-4435573695,fulltime,,,,,,False,mid-senior level,Product Management and Marketing,,,Software Development,https://de.linkedin.com/company/zealnetwork,,,,,,,,,,,
linkedin,Innovation & Product Manager (m/w/d) Alkoholfreie Getränke,Amecke GmbH & Co. KG,"Menden, North Rhine-Westphalia, Germany",2026-08-14,https://www.linkedin.com/jobs/view/4451207260 , ,li-4451207260,fulltime,,,,,,False,entry level,Product Management and Marketing,,albert@amecke.de,Food and Beverage Manufacturing,https://de.linkedin.com/company/amecke,,,,,,,,,,,
linkedin,Product & Requirements Manager (m/w/d),HUMAN Diagnostics Worldwide,"Wiesbaden, Hesse, Germany",2026-08-14,https://www.linkedin.com/jobs/view/4454597450 , ,li-4454597450,fulltime,,,,,,False,entry level,Project Management and Information Technology,,,Medical Device,https://de.linkedin.com/company/humandiagnostics,,,,,,,,,,,
linkedin,Projektleiter Elektrotechnik (m/w/d),R+S Group GmbH,"Bonn, North Rhine-Westphalia, Germany",2026-08-14,https://www.linkedin.com/jobs/view/4451207807 , ,li-4451207807,fulltime,,,,,,False,mid-senior level,Engineering and Information Technology,,,Construction,https://de.linkedin.com/company/rsgroupkarriere,,,,,,,,,,,
linkedin,PRODUCT MANAGER PROCESS  COMPONENTS,VON ARDENNE,"Dresden, Saxony, Germany",2026-08-14,https://www.linkedin.com/jobs/view/4454399671 , ,li-4454399671,fulltime,,,,,,False,associate,Product Management,,,Machinery Manufacturing,https://de.linkedin.com/company/von-ardenne,,,,,,,,,,,
linkedin,Senior Product Manager - Agents,Superhuman,"Berlin, Berlin, Germany",2026-08-14,https://www.linkedin.com/jobs/view/4451229430 , ,li-4451229430,fulltime,,,,,,True,mid-senior level,Product Management and Marketing,,,Software Development,https://www.linkedin.com/company/superhumanhq,,,,,,,,,,,
linkedin,Sponsor-dedicated Project Manager Study Start up (m/w/d),Fortrea,"Munich, Bavaria, Germany",2026-08-14,https://www.linkedin.com/jobs/view/4454399870 , ,li-4454399870,fulltime,,,,,,False,entry level,Project Management and Information Technology,,,Biotechnology Research,https://www.linkedin.com/company/fortrea,,,,,,,,,,,
linkedin,Design Manager,Mercury,"Düsseldorf, North Rhine-Westphalia, Germany",2026-08-14,https://www.linkedin.com/jobs/view/4453544119 , ,li-4453544119,fulltime,,,,,,False,mid-senior level,"Design, Art/Creative, and Information Technology",,,Construction,https://ie.linkedin.com/company/mercury-engineering,,,,,,,,,,,
linkedin,"Technical Program Manager, Assurance, Risk, and Compliance",Google,"Hanau am Main, Hesse, Germany",2026-08-14,https://www.linkedin.com/jobs/view/4453724963 , ,li-4453724963,fulltime,,,,,,False,not applicable,"Project Management, Strategy/Planning, and Other",,,"Information Services and Technology, Information and Internet",https://www.linkedin.com/company/google,,,,,,,,,,,
linkedin,Mission Operations Project Manager (m/f/d),ARX Robotics,"Munich, Bavaria, Germany",2026-08-14,https://www.linkedin.com/jobs/view/4451266060 , ,li-4451266060,fulltime,,,,,,False,entry level,Project Management and Information Technology,,,Defense and Space Manufacturing,https://de.linkedin.com/company/arx-robotics,,,,,,,,,,,
linkedin,"Manager / Senior Manager Inhouse Consulting (all genders, full-/part-time)",Merck Group,"Darmstadt, Hesse, Germany",2026-08-14,https://www.linkedin.com/jobs/view/4444945953 , ,li-4444945953,fulltime,,,,,,True,mid-senior level,Other,,,Pharmaceutical Manufacturing,https://de.linkedin.com/company/merck-group,,,,,,,,,,,
linkedin,Construction Manager for Industrial and Specialized Facilities in Berlin (ND),Siemens Energy,"Berlin, Berlin, Germany",2026-08-14,https://www.linkedin.com/jobs/view/4453573111 , ,li-4453573111,fulltime,,,,,,True,mid-senior level,Other,,,"Appliances, Electrical, and Electronics Manufacturing",https://www.linkedin.com/company/siemens-energy,,,,,,,,,,,
linkedin,Manager (m/w/d) Operational Excellence,Schunk Group,"Heuchelheim, Hesse, Germany",2026-08-14,https://www.linkedin.com/jobs/view/4365264211 , ,li-4365264211,fulltime,,,,,,False,associate,Project Management,,,"Industrial Machinery Manufacturing, Oil and Coal Product Manufacturing, and Glass, Ceramics and Concrete Manufacturing",https://de.linkedin.com/company/schunk-group,,,,,,,,,,,
linkedin,Bid Manager:in,SymBio.,"Mainz, Rhineland-Palatinate, Germany",2026-08-14,https://www.linkedin.com/jobs/view/4451188367 , ,li-4451188367,fulltime,,,,,,False,associate,Management and Business Development,,,Staffing and Recruiting,https://de.linkedin.com/company/symbio-recruitment-gmbh,,,,,,,,,,,
linkedin,Projektmanagement Consultant (m/w/d),blu Professionals,"Munich, Bavaria, Germany",2026-08-14,https://www.linkedin.com/jobs/view/4454519438 , ,li-4454519438,fulltime,,,,,,False,mid-senior level,Project Management and Information Technology,,,Business Consulting and Services,https://de.linkedin.com/company/blu-professionals,,,,,,,,,,,
linkedin,Project Manager Vehicle Systems (m/w/d),Truma Geraetetechnik GmbH & Co. KG,"Putzbrunn, Bavaria, Germany",2026-08-14,https://www.linkedin.com/jobs/view/4454363721 , ,li-4454363721,fulltime,,,,,,False,not applicable,Project Management and Information Technology,,,Motor Vehicle Manufacturing,https://de.linkedin.com/company/truma-geraetetechnik-gmbh-&-co-kg,,,,,,,,,,,
linkedin,Ingenieur:in als Projektmanager:in,Deutsche Bahn,"Hannover, Lower Saxony, Germany",2026-08-14,https://www.linkedin.com/jobs/view/4346019629 , ,li-4346019629,fulltime,,,,,,False,mid-senior level,Project Management and Information Technology,,,Truck Transportation,https://de.linkedin.com/company/deutschebahn,,,,,,,,,,,
linkedin,"Project Manager, Brand Marketing Operations – Retail EMEA (m/w/d)",Arc'teryx Equipment,"Munich, Bavaria, Germany",2026-08-14,https://www.linkedin.com/jobs/view/4454366647 , ,li-4454366647,fulltime,,,,,,False,mid-senior level,Project Management and Information Technology,,,Apparel & Fashion,https://ca.linkedin.com/company/arc-teryx-equipment-inc-,,,,,,,,,,,
linkedin,Projektleiter (m/w/d) Produktentstehung,Diehl Aviation,"Nuremberg, Bavaria, Germany",2026-08-14,https://www.linkedin.com/jobs/view/4452910512 , ,li-4452910512,fulltime,,,,,,False,mid-senior level,"Design, Art/Creative, and Information Technology",,,"Appliances, Electrical, and Electronics Manufacturing",https://de.linkedin.com/company/diehl-aviation,,,,,,,,,,,
linkedin,Senior IT Project Lead (m/w/d),Hengeler Mueller,"Frankfurt am Main, Hesse, Germany",2026-08-14,https://www.linkedin.com/jobs/view/4328458251 , ,li-4328458251,fulltime,,,,,,False,associate,Information Technology,,,Legal Services,https://de.linkedin.com/company/hengeler-mueller,,,,,,,,,,,
linkedin,Projektleiter (w/m/d) EPCM ‒ TGA HLSK,Drees & Sommer,"Berlin, Berlin, Germany",2026-08-14,https://www.linkedin.com/jobs/view/4451232806 , ,li-4451232806,fulltime,,,,,,False,associate,Engineering and Project Management,,,Real Estate,https://de.linkedin.com/company/drees-&-sommer,,,,,,,,,,,
linkedin,Senior Technical Sub-Project Manager - Packaging & Device Assembly Equipment (EU),Roche,"Mannheim, Baden-Württemberg, Germany",2026-08-14,https://www.linkedin.com/jobs/view/4454804949 , ,li-4454804949,fulltime,,,,,,False,associate,"Production, Manufacturing, and Engineering",,,"Pharmaceutical Manufacturing, Biotechnology Research, and Medical Equipment Manufacturing",https://ch.linkedin.com/company/roche,,,,,,,,,,,
linkedin,Project Operations Manager,Mercury,"Düsseldorf, North Rhine-Westphalia, Germany",2026-08-14,https://www.linkedin.com/jobs/view/4453550047 , ,li-4453550047,fulltime,,,,,,False,mid-senior level,Management and Manufacturing,,,Construction,https://ie.linkedin.com/company/mercury-engineering,,,,,,,,,,,
linkedin,NPI Team Leader – Electric Power (m/f/d),Caterpillar Inc.,"Mannheim, Baden-Württemberg, Germany",2026-08-14,https://www.linkedin.com/jobs/view/4453380220 , ,li-4453380220,fulltime,,,,,,False,not applicable,Engineering,,,Construction and Machinery Manufacturing,https://www.linkedin.com/company/caterpillar-inc,,,,,,,,,,,
linkedin,(Senior) Project Manager (m/w/d) Venues & Real Estate Development,CTS EVENTIM AG & Co. KGaA,"Bremen, Bremen, Germany",2026-08-14,https://www.linkedin.com/jobs/view/4435807920 , ,li-4435807920,fulltime,,,,,,False,mid-senior level,Project Management and Information Technology,,,Events Services,https://de.linkedin.com/company/cts-eventim-ag,,,,,,,,,,,
linkedin,Project Lead AI Transformation,Airbus Defence and Space,"Manching, Bavaria, Germany",2026-08-14,https://www.linkedin.com/jobs/view/4451212023 , ,li-4451212023,parttime,,,,,,False,mid-senior level,Project Management and Information Technology,,emsom@airbus.com,Defense and Space Manufacturing,https://www.linkedin.com/company/airbus-defence-and-space,,,,,,,,,,,
linkedin,HW Project Leader (m/f/d),HARMAN International,"Ulm, Baden-Württemberg, Germany",2026-08-14,https://www.linkedin.com/jobs/view/4398254113 , ,li-4398254113,fulltime,,,,,,True,mid-senior level,Project Management and Information Technology,,harmancareers@harman.com,Computers and Electronics Manufacturing,https://www.linkedin.com/company/harman-international,,,,,,,,,,,
linkedin,Projektleiter Entwicklung Messsysteme in der Optik (w/m/d),Brunel,"Aalen, Baden-Württemberg, Germany",2026-08-14,https://www.linkedin.com/jobs/view/4453534075 , ,li-4453534075,fulltime,,,,,,False,associate,Engineering,,,Engineering Services,https://nl.linkedin.com/company/brunel,,,,,,,,,,,
linkedin,Product Manager - Developer Platform,Snowflake,"Berlin, Berlin, Germany",2026-08-13,https://www.linkedin.com/jobs/view/4454065420 , ,li-4454065420,fulltime,,,,,,False,mid-senior level,Product Management and Marketing,,,Software Development,https://www.linkedin.com/company/snowflake-computing,,,,,,,,,,,
linkedin,Electrical Project Manager,King & Moffatt Building Services,"Frankfurt am Main, Hesse, Germany",2026-08-13,https://www.linkedin.com/jobs/view/4454059804 , ,li-4454059804,fulltime,,,,,,False,mid-senior level,Project Management and Information Technology,,,Construction,https://ie.linkedin.com/company/king-and-moffatt-group,,,,,,,,,,,
linkedin,System Integration Package Manager (all genders),Skyborn Renewables,"Hamburg, Hamburg, Germany",2026-08-13,https://www.linkedin.com/jobs/view/4454066993 , ,li-4454066993,fulltime,,,,,,False,mid-senior level,Project Management and Information Technology,,,Wind Electric Power Generation,https://de.linkedin.com/company/skyborn-renewables,,,,,,,,,,,
linkedin,Project Manager / Product Owner (m/w/d),Funkwerk Systems GmbH,"Kölleda, Thuringia, Germany",2026-08-13,https://www.linkedin.com/jobs/view/4410461640 , ,li-4410461640,fulltime,,,,,,False,entry level,Project Management and Information Technology,,,Communications Equipment Manufacturing,https://de.linkedin.com/company/funkwerk,,,,,,,,,,,
linkedin,BIM Lead,Mercury,"Frankfurt, Hesse, Germany",2026-08-13,https://www.linkedin.com/jobs/view/4453240923 , ,li-4453240923,fulltime,,,,,,False,mid-senior level,Other,,,Construction,https://ie.linkedin.com/company/mercury-engineering,,,,,,,,,,,
linkedin,Editorial Product Manager (m/w/d),Berliner Verlag,"Berlin, Berlin, Germany",2026-08-13,https://www.linkedin.com/jobs/view/4450825023 , ,li-4450825023,fulltime,,,,,,False,mid-senior level,Product Management,,,Newspaper Publishing,https://de.linkedin.com/company/berliner-verlag,,,,,,,,,,,
linkedin,Project Manager (m/w/d),shyftplan,"Berlin, Berlin, Germany",,https://www.linkedin.com/jobs/view/4453894149 , ,li-4453894149,fulltime,,,,,,False,associate,Project Management and Information Technology,,,Software Development,https://de.linkedin.com/company/shyftplan,,,,,,,,,,,
linkedin,Projektmanager (w/m/d) Hochbau,Drees & Sommer,"Aachen, North Rhine-Westphalia, Germany",,https://www.linkedin.com/jobs/view/4454127101 , ,li-4454127101,fulltime,,,,,,False,associate,Engineering and Project Management,,,Real Estate,https://de.linkedin.com/company/drees-&-sommer,,,,,,,,,,,
linkedin,Project Manager - BESS,Spencer Ogden,,,https://www.linkedin.com/jobs/view/4456723314 , ,li-4456723314,fulltime,,,,,,False,mid-senior level,Engineering and Project Management,,,Services for Renewable Energy,https://uk.linkedin.com/company/spencerogden,,,,,,,,,,,
linkedin,Projektmanager,CLOOS Group,"Haiger, Hesse, Germany",,https://www.linkedin.com/jobs/view/4456498822 , ,li-4456498822,fulltime,,,,,,False,entry level,Project Management and Information Technology,,,Mechanical Or Industrial Engineering,https://de.linkedin.com/company/carl-cloos-schwei%C3%9Ftechnik-gmbh,,,,,,,,,,,
linkedin,"Project Manager, Laser (f/m/d)",Focused Energy,"Darmstadt, Hesse, Germany",,https://www.linkedin.com/jobs/view/4433807101 , ,li-4433807101,fulltime,,,,,,False,mid-senior level,Project Management and Information Technology,,,Electric Power Generation,https://de.linkedin.com/company/focused-energy-inc,,,,,,,,,,,
linkedin,Project & Program Management Lead (All genders),STARK,"Munich, Bavaria, Germany",,https://www.linkedin.com/jobs/view/4454112058 , ,li-4454112058,fulltime,,,,,,False,associate,Other,,,Defense and Space Manufacturing,https://de.linkedin.com/company/stark-defence,,,,,,,,,,,
linkedin,Customer Project Manager SIGINT / ELINT (m/w/d),Rohde & Schwarz,"Kiel, Schleswig-Holstein, Germany",,https://www.linkedin.com/jobs/view/4436814587 , ,li-4436814587,fulltime,,,,,,False,not applicable,Project Management and Information Technology,,,Telecommunications,https://de.linkedin.com/company/rohde-schwarz,,,,,,,,,,,
linkedin,Consultant / Project Manager (m/w/d),MCAP8 GmbH,"Munich, Bavaria, Germany",,https://www.linkedin.com/jobs/view/4456716707 , ,li-4456716707,fulltime,,,,,,True,entry level,Project Management and Information Technology,,,Business Consulting and Services,https://www.linkedin.com/company/mcap8-gmbh,,,,,,,,,,,
linkedin,"Senior Pre-Construction Manager, EMEA Pre-Construction",Amazon Web Services (AWS),"Frankfurt, Hesse, Germany",,https://www.linkedin.com/jobs/view/4456341909 , ,li-4456341909,fulltime,,,,,,False,mid-senior level,"Information Technology, Consulting, and Engineering",,,IT Services and IT Consulting,https://www.linkedin.com/company/amazon-web-services,,,,,,,,,,,
linkedin,Projektmanager (m/w/d) Medizintechnik,medwork GmbH,"Höchstadt, Bavaria, Germany",,https://www.linkedin.com/jobs/view/4447348924 , ,li-4447348924,fulltime,,,,,,False,not applicable,Project Management and Information Technology,,_ffmw@fujifilm.com,Medical Practices,https://de.linkedin.com/company/medwork-gmbh,,,,,,,,,,,
linkedin,Transformation Manager PMO (m/w/d),Mewa,"Wiesbaden, Hesse, Germany",,https://www.linkedin.com/jobs/view/4449114098 , ,li-4449114098,fulltime,,,,,,False,associate,Information Technology,,,Laundry and Drycleaning Services,https://de.linkedin.com/company/mewa-textil-management,,,,,,,,,,,
linkedin,Project Manager,Haystack,,,https://www.linkedin.com/jobs/view/4455616908 , ,li-4455616908,fulltime,,,,,,True,mid-senior level,Information Technology,,,"Technology, Information and Media",https://uk.linkedin.com/company/wearehaystack,,,,,,,,,,,
linkedin,PMO Manager / Project Management Office Manager (m/w/d),Bertrandt Group,"Munich, Bavaria, Germany",,https://www.linkedin.com/jobs/view/4455694966 , ,li-4455694966,fulltime,,,,,,False,director,Project Management and Information Technology,,,Engineering Services,https://de.linkedin.com/company/bertrandt-ag,,,,,,,,,,,
linkedin,Projektmanager*in Hannover — Jobs bei RPM,rpunktmedia,"Hannover, Lower Saxony, Germany",,https://www.linkedin.com/jobs/view/4453874942 , ,li-4453874942,fulltime,,,,,,False,entry level,Project Management and Information Technology,,,Design Services,https://de.linkedin.com/company/rpunktmedia,,,,,,,,,,,
linkedin,Projektmanager:in Eisenbahninfrastruktur im Großprojekt Karlsruhe-Basel (w/m/d),Deutsche Bahn,"Freiburg, Baden-Württemberg, Germany",,https://www.linkedin.com/jobs/view/4388209254 , ,li-4388209254,fulltime,,,,,,False,mid-senior level,Project Management and Information Technology,,,Truck Transportation,https://de.linkedin.com/company/deutschebahn,,,,,,,,,,,
linkedin,Projektleiter (m/w/d) Ladenbau,Kramer GmbH,"Umkirch, Baden-Württemberg, Germany",,https://www.linkedin.com/jobs/view/4453470626 , ,li-4453470626,fulltime,,,,,,False,mid-senior level,"Design, Art/Creative, and Information Technology",,,Facilities Services,https://de.linkedin.com/company/kramergmbhheilbronn,,,,,,,,,,,
linkedin,Projektleiter Planung/Bau Umspannwerke (m/w/d) - Young & High Professionals,E.DIS,"Potsdam, Brandenburg, Germany",,https://www.linkedin.com/jobs/view/4453471243 , ,li-4453471243,fulltime,,,,,,False,entry level,Production,,,Utilities,https://de.linkedin.com/company/e-dis,,,,,,,,,,,
linkedin,Technischer Projektsteuerer (w/m/d) für innovative und integrale TGA-Projekte,DS-Bauconcept GmbH,"Freiburg, Baden-Württemberg, Germany",,https://www.linkedin.com/jobs/view/4453472597 , ,li-4453472597,fulltime,,,,,,False,mid-senior level,Project Management and Information Technology,,,Real Estate,https://de.linkedin.com/company/ds-bauconcept-gmbh,,,,,,,,,,,
linkedin,SAP Project Lead Senior,Körber Campus Porto,"Hamburg, Hamburg, Germany",,https://www.linkedin.com/jobs/view/4306642603 , ,li-4306642603,fulltime,,,,,,False,mid-senior level,Information Technology,,Koerbercampusporto.recruitment@koerber.comPlease,"Technology, Information and Internet",https://pt.linkedin.com/company/koerber-campus-porto,,,,,,,,,,,
linkedin,Project Engineering & Regional Business Development Lead (m/w/d),PELEVEN AG,"Mannheim, Baden-Württemberg, Germany",,https://www.linkedin.com/jobs/view/4454744777 , ,li-4454744777,fulltime,,,,,,False,director,"Business Development, Project Management, and Engineering",,,Pharmaceutical Manufacturing and Engineering Services,https://ch.linkedin.com/company/peleven-ag,,,,,,,,,,,
linkedin,Lead Manager CX (m/f/d),Exyte,"Stuttgart, Baden-Württemberg, Germany",,https://www.linkedin.com/jobs/view/4408698113 , ,li-4408698113,fulltime,,,,,,False,mid-senior level,Project Management and Information Technology,,ugur.guezel@exyte.net,Civil Engineering,https://de.linkedin.com/company/exyte-group,,,,,,,,,,,
linkedin,Techn. Projektleiter Dachdeckerhandwerk,Clauß & Co. GmbH,,,https://www.linkedin.com/jobs/view/4453460779 , ,li-4453460779,fulltime,,,,,,False,mid-senior level,Project Management and Information Technology,,,Construction,https://www.linkedin.com/company/clau%C3%9F-co-gmbh,,,,,,,,,,,
linkedin,Project Manager - Germany,Sungrow Europe,"Berlin, Berlin, Germany",,https://www.linkedin.com/jobs/view/4456747096 , ,li-4456747096,fulltime,,,,,,False,associate,Production and Project Management,,,Oil and Gas,https://de.linkedin.com/company/sungroweurope,,,,,,,,,,,
linkedin,Senior Project Manager Strategy & Transformation Glas (m/w/d)*,SCHOTT,"Landshut, Bavaria, Germany",,https://www.linkedin.com/jobs/view/4455684601 , ,li-4455684601,fulltime,,,,,,False,mid-senior level,Project Management and Information Technology,,,"Glass, Ceramics and Concrete Manufacturing",https://de.linkedin.com/company/schott,,,,,,,,,,,
linkedin,Senior IT Project Manager for IT Security Projects / Programs (m/w/x),ZEISS Group,"Oberkochen, Baden-Württemberg, Germany",,https://www.linkedin.com/jobs/view/4456727058 , ,li-4456727058,fulltime,,,,,,False,not applicable,Other and Information Technology,,,"Appliances, Electrical, and Electronics Manufacturing",https://de.linkedin.com/company/zeiss,,,,,,,,,,,
linkedin,Senior Project Manager (m/f/d),Klarkode,"Hamburg, Hamburg, Germany",,https://www.linkedin.com/jobs/view/4453879825 , ,li-4453879825,fulltime,,,,,,True,mid-senior level,Information Technology,,,IT Services and IT Consulting,https://de.linkedin.com/company/klarkode,,,,,,,,,,,
linkedin,Project Manager Connect-In (f/m/x),ZEISS Group,"Oberkochen, Baden-Württemberg, Germany",,https://www.linkedin.com/jobs/view/4456462447 , ,li-4456462447,fulltime,,,,,,False,mid-senior level,"Management, Project Management, and Information Technology",,,"Manufacturing and Appliances, Electrical, and Electronics Manufacturing",https://de.linkedin.com/company/zeiss,,,,,,,,,,,
linkedin,Strategic Project Manager (m/w/d),Akiem,"Krefeld, North Rhine-Westphalia, Germany",,https://www.linkedin.com/jobs/view/4430361127 , ,li-4430361127,fulltime,,,,,,False,director,Project Management and Information Technology,,,Railroad Equipment Manufacturing,https://fr.linkedin.com/company/akiem,,,,,,,,,,,
linkedin,Projektmanagement,ekvip automation GmbH,"Leipzig, Saxony, Germany",,https://www.linkedin.com/jobs/view/4432612523 , ,li-4432612523,fulltime,,,,,,False,associate,Project Management and Strategy/Planning,,,"IT Services and IT Consulting, Software Development, and Machinery Manufacturing",https://de.linkedin.com/company/ekvipautomation,,,,,,,,,,,
linkedin,Projektleiter:in für kleine und mittelgroße Investitionsprojekte in Abwasserpumpwerken (w/m/d),Berliner Wasserbetriebe,"Berlin, Berlin, Germany",,https://www.linkedin.com/jobs/view/4448530676 , ,li-4448530676,fulltime,,,,,,False,associate,Engineering and Project Management,,bewerbung@bwb.de,Environmental Services,https://www.linkedin.com/company/berliner-wasserbetriebe,,,,,,,,,,,
linkedin,"Data Center Regional Program Expert-Frankfurt, Germany",Alibaba Cloud,"Frankfurt, Hesse, Germany",,https://www.linkedin.com/jobs/view/4444102246 , ,li-4444102246,fulltime,,,,,,False,mid-senior level,Information Technology,,,IT System Custom Software Development,https://cn.linkedin.com/company/alibaba-cloud-computing-company,,,,,,,,,,,
linkedin,Business Operations Manager (m/w/d),Vamo,"Cologne, North Rhine-Westphalia, Germany",,https://www.linkedin.com/jobs/view/4454108382 , ,li-4454108382,fulltime,,,,,,False,associate,Project Management,,,Services for Renewable Energy,https://de.linkedin.com/company/vamo-waermepumpen,,,,,,,,,,,
linkedin,"IDC Technical Program Manager-Data Center Deployment-Frankfurt, Germany",Alibaba Cloud,"Frankfurt, Hesse, Germany",,https://www.linkedin.com/jobs/view/4399501031 , ,li-4399501031,fulltime,,,,,,False,mid-senior level,Project Management and Information Technology,,,IT System Custom Software Development,https://cn.linkedin.com/company/alibaba-cloud-computing-company,,,,,,,,,,,
linkedin,BESS Project Manager,Hunter Philips Executive Search,"Munich, Bavaria, Germany",,https://www.linkedin.com/jobs/view/4456704258 , ,li-4456704258,fulltime,,,,,,False,mid-senior level,Project Management,,,Services for Renewable Energy,https://uk.linkedin.com/company/hunterphilips,,,,,,,,,,,
linkedin,Projektmanager Railway Services (m/w/d),Etteplan,"Oberhausen, North Rhine-Westphalia, Germany",,https://www.linkedin.com/jobs/view/4309010159 , ,li-4309010159,fulltime,,,,,,False,mid-senior level,Project Management,,,"Technology, Information and Media, Manufacturing, and Utilities",https://fi.linkedin.com/company/etteplan-group,,,,,,,,,,,
linkedin,Junior Projektmanager Versicherungssoftware (all genders),msg life Karriere,"Hamburg, Hamburg, Germany",,https://www.linkedin.com/jobs/view/4453862769 , ,li-4453862769,fulltime,,,,,,True,mid-senior level,Project Management and Information Technology,,,IT Services and IT Consulting,https://de.linkedin.com/company/msg-life-ag,,,,,,,,,,,
linkedin,Project Manager Workplace and Interior Design (w/m/d) (befristet auf 24 Monate),Siemens Healthineers,"Düsseldorf, North Rhine-Westphalia, Germany",,https://www.linkedin.com/jobs/view/4453474814 , ,li-4453474814,fulltime,,,,,,False,mid-senior level,Other,,,"Medical Equipment Manufacturing, Hospitals and Health Care, and Biotechnology Research",https://de.linkedin.com/company/siemens-healthineers,,,,,,,,,,,
linkedin,Commercial Development Manager - Community & PMO (M/F/X),DHL Supply Chain,"Bonn, North Rhine-Westphalia, Germany",,https://www.linkedin.com/jobs/view/4454501277 , ,li-4454501277,fulltime,,,,,,False,mid-senior level,Business Development and Sales,,,"Transportation, Logistics, Supply Chain and Storage",https://de.linkedin.com/company/dhl-supply-chain,,,,,,,,,,,
linkedin,Projektleiter (w/m/d) Lean Construction Management - Infrastructure,DS-Bauconcept GmbH,"Munich, Bavaria, Germany",,https://www.linkedin.com/jobs/view/4453482461 , ,li-4453482461,fulltime,,,,,,False,mid-senior level,Management and Manufacturing,,,Real Estate,https://de.linkedin.com/company/ds-bauconcept-gmbh,,,,,,,,,,,
linkedin,Projektmanager-Assistenz - Vollzeit (German Speaking),Firmenkunden-Kompetenzcenter Freiburg,"Freiburg, Baden-Württemberg, Germany",,https://www.linkedin.com/jobs/view/4456700325 , ,li-4456700325,fulltime,,,,,,False,mid-senior level,Finance,,,Financial Services,https://de.linkedin.com/company/swisslife-select-freiburg,,,,,,,,,,,
linkedin,Project Manager Industrialization (w/m/d),HENSOLDT,"Ulm, Baden-Württemberg, Germany",,https://www.linkedin.com/jobs/view/4456372036 , ,li-4456372036,fulltime,,,,,,False,mid-senior level,Project Management and Information Technology,,jobs@hensoldt.net,Defense and Space Manufacturing,https://de.linkedin.com/company/hensoldt,,,,,,,,,,,
linkedin,Projektleiter SAP S/4HANA FI (w/m/d),Hamburger Hochbahn AG,"Hamburg, Hamburg, Germany",,https://www.linkedin.com/jobs/view/4453134394 , ,li-4453134394,fulltime,,,,,,False,mid-senior level,"Design, Art/Creative, and Information Technology",,,Urban Transit Services,https://de.linkedin.com/company/hamburger-hochbahn-ag,,,,,,,,,,,
linkedin,Technischer Projektleiter (m/w/d) Entwicklung,RENK Group,,,https://www.linkedin.com/jobs/view/4450815152 , ,li-4450815152,fulltime,,,,,,False,associate,Project Management and Information Technology,,,Defense and Space Manufacturing,https://de.linkedin.com/company/renkgroup,,,,,,,,,,,
linkedin,Modern Workplace – Technical Delivery Lead (w/m/x),Avanade,"Berlin, Berlin, Germany",,https://www.linkedin.com/jobs/view/4335945572 , ,li-4335945572,fulltime,,,,,,False,mid-senior level,Management and Manufacturing,,,IT Services and IT Consulting,https://www.linkedin.com/company/avanade,,,,,,,,,,,
linkedin,Senior Cyber Security Consultant - Technical Project Lead,GMV,"Gilching, Bavaria, Germany",,https://www.linkedin.com/jobs/view/4420286743 , ,li-4420286743,fulltime,,,,,,False,mid-senior level,Information Technology and Engineering,,privacy@gmv.com,"Software Development, Computer and Network Security, and IT Services and IT Consulting",https://es.linkedin.com/company/gmv,,,,,,,,,,,
linkedin,Technischer Projektleiter (m/w/d),TAWO,"Berlin, Berlin, Germany",,https://www.linkedin.com/jobs/view/4456002096 , ,li-4456002096,fulltime,,,,,,False,associate,Engineering,,karriere@tawo.de,Business Consulting and Services,https://de.linkedin.com/company/tawo-de,,,,,,,,,,,
linkedin,IT Project Manager,System Soft Technologies,,,https://www.linkedin.com/jobs/view/4455688339 , ,li-4455688339,contract,,,,,,False,mid-senior level,Information Technology,,,Information Services,https://www.linkedin.com/company/systemsofttech,,,,,,,,,,,
linkedin,Offshore Construction Manager (m/w/d),KODIAK GmbH,"Wilhelmshaven, Lower Saxony, Germany",,https://www.linkedin.com/jobs/view/4453870950 , ,li-4453870950,fulltime,,,,,,False,mid-senior level,Management and Manufacturing,,,Services for Renewable Energy,https://de.linkedin.com/company/kodiak-gmbh,,,,,,,,,,,
linkedin,CSA Project Manager,"CloudHQ, LLC","Frankfurt, Hesse, Germany",,https://www.linkedin.com/jobs/view/4443867446 , ,li-4443867446,fulltime,,,,,,False,mid-senior level,Engineering,,,Real Estate,https://www.linkedin.com/company/cloudhq-llc,,,,,,,,,,,
linkedin,Projektmanager (m/w/d) am Standort Dresden - befristet für 2 Jahre -,Gradiant,"Dresden, Saxony, Germany",,https://www.linkedin.com/jobs/view/4456732685 , ,li-4456732685,fulltime,,,,,,False,mid-senior level,Project Management and Information Technology,,,Environmental Services,https://www.linkedin.com/company/gradiant-corporation,,,,,,,,,,,
linkedin,Project Consultant (m/w/d),shyftplan,"Berlin, Berlin, Germany",,https://www.linkedin.com/jobs/view/4454102117 , ,li-4454102117,fulltime,,,,,,False,associate,Project Management and Information Technology,,,Software Development,https://de.linkedin.com/company/shyftplan,,,,,,,,,,,
linkedin,Senior Product Manager Subscription,Cleverbridge,"Cologne, North Rhine-Westphalia, Germany",,https://www.linkedin.com/jobs/view/4442910246 , ,li-4442910246,fulltime,,,,,,True,mid-senior level,Product Management and Marketing,,,Software Development,https://de.linkedin.com/company/cleverbridge,,,,,,,,,,,
linkedin,Product Manager - Rental Pod,Trackunit,"Munich, Bavaria, Germany",,https://www.linkedin.com/jobs/view/4455673855 , ,li-4455673855,fulltime,,,,,,True,mid-senior level,Product Management and Marketing,,,Software Development,https://dk.linkedin.com/company/trackunit-a-s,,,,,,,,,,,
linkedin,Principal Product Manager - AI (all genders),TradeLink,"Berlin, Berlin, Germany",,https://www.linkedin.com/jobs/view/4453471526 , ,li-4453471526,fulltime,,,,,,True,associate,Supply Chain,,,"Transportation, Logistics, Supply Chain and Storage",https://de.linkedin.com/company/tradelinkcompany,,,,,,,,,,,
linkedin,Global Product Manager IPC and I/O (m/w/d),ABB,"Heidelberg, Baden-Württemberg, Germany",,https://www.linkedin.com/jobs/view/4450735966 , ,li-4450735966,fulltime,,,,,,False,mid-senior level,Product Management and Marketing,,,Automation Machinery Manufacturing,https://ch.linkedin.com/company/abb,,,,,,,,,,,
linkedin,Produktmanager Wohnungsbau (m/w/d),B&O Bau,"Munich, Bavaria, Germany",,https://www.linkedin.com/jobs/view/4426337631 , ,li-4426337631,fulltime,,,,,,False,mid-senior level,Product Management and Marketing,,,Construction,https://de.linkedin.com/company/buo-bau,,,,,,,,,,,
linkedin,Senior Product Manager – Delivery & Shipping Experience (m/f/d),Redcare Pharmacy,"Cologne, North Rhine-Westphalia, Germany",,https://www.linkedin.com/jobs/view/4444561932 , ,li-4444561932,fulltime,,,,,,True,mid-senior level,Marketing and Product Management,,,Software Development and IT Services and IT Consulting,https://nl.linkedin.com/company/redcare-pharmacy-com,,,,,,,,,,,
linkedin,Global Product Manager - Network Interface Connectors,HARTING Technology Group,"Espelkamp, North Rhine-Westphalia, Germany",,https://www.linkedin.com/jobs/view/4455634086 , ,li-4455634086,fulltime,,,,,,False,mid-senior level,Product Management and Marketing,,,Automation Machinery Manufacturing,https://de.linkedin.com/company/harting,,,,,,,,,,,
linkedin,Product Strategy Lead-Turbo Compressors (f/m/d),Siemens Energy,"Duisburg, North Rhine-Westphalia, Germany",,https://www.linkedin.com/jobs/view/4455432432 , ,li-4455432432,fulltime,,,,,,True,mid-senior level,Product Management,,,"Appliances, Electrical, and Electronics Manufacturing",https://www.linkedin.com/company/siemens-energy,,,,,,,,,,,
linkedin,Product Lead,BJAK,,,https://www.linkedin.com/jobs/view/4455602233 , ,li-4455602233,fulltime,,,,,,True,mid-senior level,Product Management and Marketing,,,Software Development,https://my.linkedin.com/company/bjak,,,,,,,,,,,
linkedin,"Lead, Product Strategy & Operations – AI Agents",Zendesk,"Berlin, Berlin, Germany",,https://www.linkedin.com/jobs/view/4453464285 , ,li-4453464285,fulltime,,,,,,True,mid-senior level,Product Management and Marketing,,peopleandplaces@zendesk.com,Software Development,https://www.linkedin.com/company/zendesk,,,,,,,,,,,
linkedin,Head of Product – Agentic Offerings,commercetools,"Berlin, Germany",,https://www.linkedin.com/jobs/view/4429537664 , ,li-4429537664,fulltime,,,,,,False,director,Product Management and Marketing,,,Software Development,https://de.linkedin.com/company/commercetools,,,,,,,,,,,
linkedin,R&D Project Manager- Supplements & Liquid (m/w/d),IronMaxx Nutrition,"Hürth, North Rhine-Westphalia, Germany",,https://www.linkedin.com/jobs/view/4453859367 , ,li-4453859367,fulltime,,,,,,False,associate,Health Care Provider,,,"Transportation, Logistics, Supply Chain and Storage",https://www.linkedin.com/company/ironmaxx-nutrition-gmbh,,,,,,,,,,,
linkedin,Senior Product Manager (m/w/d/x),Deutsche Telekom,"Bonn, North Rhine-Westphalia, Germany",,https://www.linkedin.com/jobs/view/4456499681 , ,li-4456499681,parttime,,,,,,False,mid-senior level,Product Management and Marketing,,,Telecommunications,https://de.linkedin.com/company/telekom,,,,,,,,,,,
linkedin,Produktmanager (m/w/d) B2B,Amadeus Fire,"Hameln, Lower Saxony, Germany",,https://www.linkedin.com/jobs/view/4456749438 , ,li-4456749438,fulltime,,,,,,False,associate,Product Management,,,Staffing and Recruiting,https://de.linkedin.com/company/amadeus-fire,,,,,,,,,,,
linkedin,Director of Product Manager (m/w/d/x),Deutsche Telekom,"Munich, Bavaria, Germany",,https://www.linkedin.com/jobs/view/4456487632 , ,li-4456487632,fulltime,,,,,,False,director,Product Management and Marketing,,,Telecommunications,https://de.linkedin.com/company/telekom,,,,,,,,,,,
linkedin,Director of Product Manager (m/w/d/x),Deutsche Telekom,"Bonn, North Rhine-Westphalia, Germany",,https://www.linkedin.com/jobs/view/4456498621 , ,li-4456498621,fulltime,,,,,,False,director,Product Management and Marketing,,,Telecommunications,https://de.linkedin.com/company/telekom,,,,,,,,,,,
linkedin,Director of Product Manager (m/w/d/x),Deutsche Telekom,"Berlin, Germany",,https://www.linkedin.com/jobs/view/4456499685 , ,li-4456499685,fulltime,,,,,,False,director,Product Management and Marketing,,,Telecommunications,https://de.linkedin.com/company/telekom,,,,,,,,,,,
linkedin,Director of Product Manager (m/w/d/x),Deutsche Telekom,"Darmstadt, Hesse, Germany",,https://www.linkedin.com/jobs/view/4456702617 , ,li-4456702617,fulltime,,,,,,False,director,Product Management and Marketing,,,Telecommunications,https://de.linkedin.com/company/telekom,,,,,,,,,,,
