site,title,company,location,date_posted,job_url,job_url_direct,id,job_type,salary_source,interval,min_amount,max_amount,currency,is_remote,job_level,job_function,listing_type,emails,company_industry,company_url,company_url_direct,company_addresses,company_num_employees,company_revenue,company_description,skills,experience_range,company_rating,company_reviews_count,vacancy_count,work_from_home_type
linkedin,Lab Assistant (m/f/d) - Development & Application alcoholicBeverages,DöhlerGroup,"Darmstadt, Hesse, Germany",2026-10-06,https://www.linkedin.com/jobs/view/4474066892 , ,li-4474066892,fulltime,,,,,,False,entry level,,,,Food and Beverage Manufacturing,https://de.linkedin.com/company/doehler,,,,,,,,,,,
linkedin,Entwicklungsingenieur Analytik (m/w/d),Pfeiffer Vacuum+Fab Solutions,"Blaubeuren, Baden-Württemberg, Germany",2026-10-06,https://www.linkedin.com/jobs/view/4458762300 , ,li-4458762300,fulltime,,,,,,False,entry level,,,,Machinery Manufacturing,https://de.linkedin.com/company/pfeiffer-vacuum,,,,,,,,,,,
linkedin,Referendare/Wissenschaftliche Mitarbeiter (m/w/d)-Öffentliches Wirtschaftsrecht,Ashurst Perkins Coie,"Frankfurt, Hesse, Germany",2026-10-06,https://www.linkedin.com/jobs/view/4438788735 , ,li-4438788735,fulltime,,,,,,False,entry level,,,,Law Practice,https://www.linkedin.com/company/ashurstperkinscoie,,,,,,,,,,,
linkedin,Doctoral Researcher (m/f/d) | Political Institutions and Conflict (Prof. Dr. Ursula Daxecker),Max Planck Institute for Political and Social Science,"Göttingen, Lower Saxony, Germany",2026-10-06,https://www.linkedin.com/jobs/view/4476306183 , ,li-4476306183,fulltime,,,,,,False,entry level,,,silvia.stoermer@ips.mpg.de,Internet Publishing,https://de.linkedin.com/company/max-planck-institute-for-political-and-social-science,,,,,,,,,,,
linkedin,Postdoc oder Doktorand*in,Universität Osnabrück,"Osnabrück, Lower Saxony, Germany",2026-10-06,https://www.linkedin.com/jobs/view/4476179848 , ,li-4476179848,fulltime,,,,,,False,entry level,,,julia.mueller@uni-osnabrueck.de,Research Services,https://de.linkedin.com/school/osnabrueck-university/,,,,,,,,,,,
linkedin,PhD Positions – Periodontal Remodelling and Systemic Diseases Collaborative Research Centre (CRC/SFB 1739),Fachschaft Biowissenschaften,"Aachen, North Rhine-Westphalia, Germany",2026-10-06,https://www.linkedin.com/jobs/view/4476390483 , ,li-4476390483,fulltime,,,,,,False,internship,,,,Higher Education,https://www.linkedin.com/company/fachschaft-biowissenschaften,,,,,,,,,,,
linkedin,FY27 Electronic Engineering Graduate Opportunities,Analog Devices,"Hamburg, Hamburg, Germany",2026-10-06,https://www.linkedin.com/jobs/view/4474058311 , ,li-4474058311,fulltime,,,,,,False,internship,,,,Semiconductor Manufacturing,https://www.linkedin.com/company/analog-devices,,,,,,,,,,,
linkedin,Development Chemist R&D Silicones,H.B. Fuller,"Pirmasens, Rhineland-Palatinate, Germany",2026-10-06,https://www.linkedin.com/jobs/view/4437572596 , ,li-4437572596,fulltime,,,,,,False,mid-senior level,,,,Chemical Manufacturing,https://www.linkedin.com/company/hb-fuller,,,,,,,,,,,
linkedin,Research Position (m/f/d) in the SFB TRR 318 in the field of Multimodal Phonetics,Bielefeld University,"Bielefeld, North Rhine-Westphalia, Germany",2026-10-06,https://www.linkedin.com/jobs/view/4474051998 , ,li-4474051998,fulltime,,,,,,False,associate,,,petra.wagner@uni-bielefeld.de,Higher Education,https://de.linkedin.com/school/bielefeld-university/,,,,,,,,,,,
linkedin,Wissenschaftliche*r Mitarbeiter*in / PhD Student (m/w/d) – Institut für Computational Genomic Medicine,Universitätsmedizin Frankfurt,"Frankfurt, Hesse, Germany",2026-10-06,https://www.linkedin.com/jobs/view/4476367109 , ,li-4476367109,fulltime,,,,,,False,internship,,,n.oeztuerk@med.uni-frankfurt.de,Hospitals and Health Care,https://de.linkedin.com/company/universit%C3%A4tsmedizin-frankfurt,,,,,,,,,,,
linkedin,"Versuchsingenieur Mechanik, all genders",SALT AND PEPPER Group,"Osnabrück, Lower Saxony, Germany",2026-10-06,https://www.linkedin.com/jobs/view/4301172989 , ,li-4301172989,fulltime,,,,,,False,entry level,,,,Engineering Services,https://de.linkedin.com/company/salt-and-pepper,,,,,,,,,,,
linkedin,Entwicklungsingenieur / Entwicklungstechniker (m/w/d),Kurtz Ersa,"Wertheim, Baden-Württemberg, Germany",2026-10-06,https://www.linkedin.com/jobs/view/4474969920 , ,li-4474969920,fulltime,,,,,,False,mid-senior level,,,,Machinery Manufacturing,https://de.linkedin.com/company/kurtz-ersa,,,,,,,,,,,
linkedin,Doktorand / Doktorandin (w/m/d) Mikrobielle Belastung / Diversität im öffentlichen Raum,German Aerospace Center (DLR),"Cologne, North Rhine-Westphalia, Germany",2026-10-06,https://www.linkedin.com/jobs/view/4474762505 , ,li-4474762505,fulltime,,,,,,False,internship,,,,Research Services,https://de.linkedin.com/company/dlr,,,,,,,,,,,
linkedin,Physiker/in (w/m/d) - Durchführung und Interpretation von Aerosol- und Wolkenmessdaten,German Aerospace Center (DLR),"Oberpfaffenhofen, Bavaria, Germany",2026-10-06,https://www.linkedin.com/jobs/view/4474594974 , ,li-4474594974,fulltime,,,,,,False,entry level,,,,Research Services,https://de.linkedin.com/company/dlr,,,,,,,,,,,
linkedin,Masterarbeit »Ohmsche Reaktivierung eines Katalysatorbettes zur Fettkonversion«,Fraunhofer UMSICHT,"Oberhausen, North Rhine-Westphalia, Germany",2026-10-06,https://www.linkedin.com/jobs/view/4474960213 , ,li-4474960213,fulltime,,,,,,False,internship,,,"bewerbung@umsicht.fraunhofer.de, sascha.rollka@umsicht.fraunhofer.de",Research Services,https://de.linkedin.com/company/fraunhofer-umsicht,,,,,,,,,,,
linkedin,Wissenschaftliche/r Mitarbeiter/in (m/w/d) - Strukturdynamik Windenergie (PostDoc),Universität Rostock,"Rostock, Mecklenburg-West Pomerania, Germany",2026-10-06,https://www.linkedin.com/jobs/view/4476363325 , ,li-4476363325,fulltime,,,,,,False,not applicable,,,janos.zierath@uni-rostock.de,Internet Publishing,https://de.linkedin.com/school/university-of-rostock/,,,,,,,,,,,
linkedin,Entwicklungsingenieur (m/w/d) für die Verifikation und Validierung von Modellen und Simulationen,Diehl Defence,"Überlingen, Baden-Württemberg, Germany",2026-10-06,https://www.linkedin.com/jobs/view/4473344598 , ,li-4473344598,fulltime,,,,,,False,entry level,,,,Defense and Space Manufacturing,https://de.linkedin.com/company/diehl-defence,,,,,,,,,,,
linkedin,PhD position quantitative electron microscopy of fuel cell materials,European Microscopy Society,"Marburg an der Lahn, Hesse, Germany",2026-10-06,https://www.linkedin.com/jobs/view/4474069680 , ,li-4474069680,fulltime,,,,,,False,internship,,,"kerstin.volz@physik.uni-marburg.de, secr@eurmicsoc.org",Research Services,https://www.linkedin.com/company/european-microscopy-society,,,,,,,,,,,
linkedin,Entwicklungsingenieur Strahlungstests und elektrische Analysen (m/w/d),Bertrandt Group,"Backnang, Baden-Württemberg, Germany",2026-10-06,https://www.linkedin.com/jobs/view/4474254501 , ,li-4474254501,fulltime,,,,,,False,mid-senior level,,,,Engineering Services,https://de.linkedin.com/company/bertrandt-ag,,,,,,,,,,,
linkedin,Wissenschaftliche*r Mitarbeiter*in (m/w/d) für die Abteilung Datenschutzrecht,Leibniz Association,"Karlsruhe, Baden-Württemberg, Germany",2026-10-06,https://www.linkedin.com/jobs/view/4476132707 , ,li-4476132707,fulltime,,,,,,False,entry level,,,,Research,https://de.linkedin.com/company/leibniz-gemeinschaft,,,,,,,,,,,
linkedin,AI Research Engineer - AI Safety,Helsing,"Munich, Bavaria, Germany",2026-10-06,https://www.linkedin.com/jobs/view/4328761765 , ,li-4328761765,fulltime,,,,,,False,mid-senior level,,,,Software Development,https://de.linkedin.com/company/helsing,,,,,,,,,,,
linkedin,Quantitative Researcher & Methodology Specialist (m/w/d) – Private Capital Analytics,AssetMetrix GmbH,"Munich, Bavaria, Germany",2026-10-06,https://www.linkedin.com/jobs/view/4474073745 , ,li-4474073745,fulltime,direct_data,yearly,70000.0,90000.0,EUR,False,associate,,,,Financial Services,https://de.linkedin.com/company/assetmetrix-gmbh,,,,,,,,,,,
linkedin,R&D Engineer (m/f/d),Large Space Structures GmbH,"Eching, Bavaria, Germany",2026-10-06,https://www.linkedin.com/jobs/view/4474032244 , ,li-4474032244,fulltime,,,,,,False,associate,,,,Government Administration,https://de.linkedin.com/company/largespace,,,,,,,,,,,
linkedin,Postdoc in Polymer Science,CIYANO,"Berlin, Berlin, Germany",2026-10-06,https://www.linkedin.com/jobs/view/4473636672 , ,li-4473636672,fulltime,,,,,,False,entry level,,,,Chemical Raw Materials Manufacturing,https://www.linkedin.com/company/ciyano,,,,,,,,,,,
linkedin,Traineeship and PhD Traineeship in the Directorate General Macroprudential Policy and Financial Stability,European Central Bank,"Frankfurt am Main, Hesse, Germany",2026-10-06,https://www.linkedin.com/jobs/view/4467493121 , ,li-4467493121,fulltime,,,,,,False,entry level,,,,"Banking, Financial Services, and IT Services and IT Consulting",https://de.linkedin.com/company/european-central-bank,,,,,,,,,,,
linkedin,Postdoc (f/m/d) Development of All-Perovskite Triple Junction Solar Cells,Helmholtz-Zentrum Berlin,"Berlin, Berlin, Germany",2026-10-06,https://www.linkedin.com/jobs/view/4474976820 , ,li-4474976820,fulltime,direct_data,yearly,54000.0,65000.0,EUR,False,associate,,,silvia.mariotti@helmholtz-berlin.de,Space Research and Technology,https://de.linkedin.com/company/helmholtz-zentrum-berlin,,,,,,,,,,,
linkedin,Junior Patentreferent (m/w/d),DMG Dental-Material Gesellschaft mbH,"Hamburg, Germany",2026-10-06,https://www.linkedin.com/jobs/view/4474691595 , ,li-4474691595,fulltime,,,,,,False,associate,,,,Medical Equipment Manufacturing,https://de.linkedin.com/company/dmg-dental,,,,,,,,,,,
linkedin,Masterarbeit Datengetriebene Identifikation und Prognose thermischer Flexibilität in Wärmepumpensystemen für Wohngebäude,Bosch,"Renningen, Baden-Württemberg, Germany",2026-10-06,https://www.linkedin.com/jobs/view/4474978670 , ,li-4474978670,fulltime,,,,,,False,not applicable,,,,Software Development,https://de.linkedin.com/company/bosch,,,,,,,,,,,
linkedin,Masterarbeit: Prüfstrategie für ultradünne CF/aPA6 Laminate,Fraunhofer Karriere,"Karlsruhe, Baden-Württemberg, Germany",2026-10-06,https://www.linkedin.com/jobs/view/4474691830 , ,li-4474691830,fulltime,,,,,,False,internship,,,"hannah.decker@ict.fraunhofer.de, recruiting@ict.fraunhofer.de",Research Services,https://de.linkedin.com/company/fraunhoferkarriere,,,,,,,,,,,
linkedin,Lab Assistant (m/f/d) - Development & Application Foodservice,DöhlerGroup,"Darmstadt, Hesse, Germany",2026-10-06,https://www.linkedin.com/jobs/view/4474085117 , ,li-4474085117,fulltime,,,,,,False,entry level,,,,Food and Beverage Manufacturing,https://de.linkedin.com/company/doehler,,,,,,,,,,,
linkedin,Masterarbeit: Prüfstrategie für ultradünne CF/aPA6 Laminate,Fraunhofer ICT,"Karlsruhe, Baden-Württemberg, Germany",2026-10-06,https://www.linkedin.com/jobs/view/4474673710 , ,li-4474673710,fulltime,,,,,,False,entry level,,,"hannah.decker@ict.fraunhofer.de, recruiting@ict.fraunhofer.de",Research Services,https://de.linkedin.com/company/fraunhofer-ict,,,,,,,,,,,
linkedin,Versuchsingenieur (m/w/d),KNDS Deutschland,"Kassel, Hesse, Germany",2026-10-06,https://www.linkedin.com/jobs/view/4475591249 , ,li-4475591249,fulltime,,,,,,False,entry level,,,,Defense and Space Manufacturing,https://de.linkedin.com/company/knds-deutschland,,,,,,,,,,,
linkedin,PhD Student (m/f/d) / Microbial contamination and diversity in public spaces,German Aerospace Center (DLR),"Cologne, North Rhine-Westphalia, Germany",2026-10-06,https://www.linkedin.com/jobs/view/4474767257 , ,li-4474767257,fulltime,,,,,,False,internship,,,,Research Services,https://de.linkedin.com/company/dlr,,,,,,,,,,,
linkedin,Masterarbeit: Zukunftsfähige Kunststoffe entwickeln,Fraunhofer Karriere,"Pfinztal, Baden-Württemberg, Germany",2026-10-06,https://www.linkedin.com/jobs/view/4462954861 , ,li-4462954861,fulltime,,,,,,False,internship,,,"carl-christoph.hoehne@ict.fraunhofer.de, recruiting@ict.fraunhofer.de",Research Services,https://de.linkedin.com/company/fraunhoferkarriere,,,,,,,,,,,
linkedin,Sr. Research Associate (M/W/D),Cabot Corporation,"Münster, North Rhine-Westphalia, Germany",2026-10-06,https://www.linkedin.com/jobs/view/4476181014 , ,li-4476181014,fulltime,,,,,,False,entry level,,,,Chemical Manufacturing,https://www.linkedin.com/company/cabot-corporation,,,,,,,,,,,
linkedin,Laborassistent (m/w/d) Entwicklung und Applikation Foodservice,DöhlerGroup,"Darmstadt, Hesse, Germany",2026-10-06,https://www.linkedin.com/jobs/view/4474086093 , ,li-4474086093,fulltime,,,,,,False,entry level,,,,Food and Beverage Manufacturing,https://de.linkedin.com/company/doehler,,,,,,,,,,,
linkedin,Lab Technician (m/w/d)  Cementitious Flooring Products,Sika,"Rosendahl, North Rhine-Westphalia, Germany",2026-10-06,https://www.linkedin.com/jobs/view/4468582965 , ,li-4468582965,fulltime,,,,,,False,associate,,,,Chemical Manufacturing,https://ch.linkedin.com/company/sika,,,,,,,,,,,
linkedin,wissenschaftliche*n Mitarbeiter*in (m/w/d),Ostfalia - University of Applied Sciences,"Suderburg, Lower Saxony, Germany",2026-10-06,https://www.linkedin.com/jobs/view/4476362344 , ,li-4476362344,fulltime,,,,,,False,mid-senior level,,,,Internet Publishing,https://de.linkedin.com/school/ostfalia---university-of-applied-sciences/,,,,,,,,,,,
linkedin,wissenschaftliche:r Mitarbeiter:in im Bereich Thermische Energietechnik,Hochschule Bielefeld,"Bielefeld, North Rhine-Westphalia, Germany",2026-10-06,https://www.linkedin.com/jobs/view/4476158982 , ,li-4476158982,fulltime,,,,,,False,associate,,,"juergen.hermeler@hsbi.de, marcel.beckmann@hsbi.de, elke.koppenrade@hsbi.de",Higher Education,https://de.linkedin.com/school/hochschulebielefeld/,,,,,,,,,,,
linkedin,Pflichtpraktikant (w/m/d) Forschung und Entwicklung im Bereich Hochspannungstechnik / Messtechnik,Siemens Energy,"Nuremberg, Bavaria, Germany",2026-10-06,https://www.linkedin.com/jobs/view/4465731766 , ,li-4465731766,fulltime,,,,,,False,internship,,,,"Appliances, Electrical, and Electronics Manufacturing",https://www.linkedin.com/company/siemens-energy,,,,,,,,,,,
linkedin,MTL / BTA / CTA Bachelor Biologe (m/w/d) für die Toxikologie - Köln,Labor Dr. Wisplinghoff,"Cologne, North Rhine-Westphalia, Germany",2026-10-06,https://www.linkedin.com/jobs/view/4467704304 , ,li-4467704304,fulltime,,,,,,False,entry level,,,,Medical and Diagnostic Laboratories,https://de.linkedin.com/company/wisplinghoff,,,,,,,,,,,
linkedin,Masterarbeit »Wiedergewinnung eines Amins mittels Elektrodialyse«,Fraunhofer UMSICHT,"Oberhausen, North Rhine-Westphalia, Germany",2026-10-06,https://www.linkedin.com/jobs/view/4458961637 , ,li-4458961637,fulltime,,,,,,False,internship,,,"bewerbung@umsicht.fraunhofer.de, sascha.rollka@umsicht.fraunhofer.de",Research Services,https://de.linkedin.com/company/fraunhofer-umsicht,,,,,,,,,,,
linkedin,Laborant Bioanalytik (m/w/d),Vetter Pharma,"Ravensburg, Baden-Württemberg, Germany",2026-10-06,https://www.linkedin.com/jobs/view/4457459786 , ,li-4457459786,fulltime,,,,,,False,entry level,,,,Pharmaceutical Manufacturing,https://de.linkedin.com/company/vetter-pharma,,,,,,,,,,,
linkedin,Field Testing & Phenotyping Specialist (m/w/d),Vylor,"Eschbach, Baden-Württemberg, Germany",2026-10-06,https://www.linkedin.com/jobs/view/4465233413 , ,li-4465233413,fulltime,,,,,,False,not applicable,,,,Farming,https://www.linkedin.com/company/vylorgenetics,,,,,,,,,,,
linkedin,Chemielaborant (w/m/d),xolo,"Berlin, Berlin, Germany",2026-10-06,https://www.linkedin.com/jobs/view/4474030126 , ,li-4474030126,fulltime,,,,,,False,associate,,,,Industrial Machinery Manufacturing,https://de.linkedin.com/company/xolo3d,,,,,,,,,,,
linkedin,Wissenschaftliche*r Mitarbeiter*in (m/w/d) für den SFB TRR 318 im Bereich Multimodale Phonetik,Bielefeld University,"Bielefeld, North Rhine-Westphalia, Germany",2026-10-06,https://www.linkedin.com/jobs/view/4474966002 , ,li-4474966002,fulltime,,,,,,False,associate,,,petra.wagner@uni-bielefeld.de,Higher Education,https://de.linkedin.com/school/bielefeld-university/,,,,,,,,,,,
linkedin,"Medizinisch-Technische Laboratoriumsassistent*in (MTLA) oder gleichwertig (BTA, CTA) für die Molekularpathologie",Universitätsmedizin Greifswald,"Greifswald, Mecklenburg-West Pomerania, Germany",2026-10-06,https://www.linkedin.com/jobs/view/4474656956 , ,li-4474656956,fulltime,,,,,,False,entry level,,,,Hospitals and Health Care,https://de.linkedin.com/company/umgreifswald,,,,,,,,,,,
linkedin,Wissenschaftliche*r Mitarbeiter*in / PhD Student – Analyse hochdimensionaler Daten zur Vorhersage der Genregulation im Kontext von Herz-Kreislauf-Erkrankungen,Universitätsmedizin Frankfurt,"Frankfurt, Hesse, Germany",2026-10-06,https://www.linkedin.com/jobs/view/4476350578 , ,li-4476350578,fulltime,,,,,,False,internship,,,n.oeztuerk@med.uni-frankfurt.de,Hospitals and Health Care,https://de.linkedin.com/company/universit%C3%A4tsmedizin-frankfurt,,,,,,,,,,,
linkedin,Laborassistent (m/w/d) Entwicklung und Applikation alkoholische Getränke,DöhlerGroup,"Darmstadt, Hesse, Germany",2026-10-06,https://www.linkedin.com/jobs/view/4474081219 , ,li-4474081219,fulltime,,,,,,False,entry level,,,,Food and Beverage Manufacturing,https://de.linkedin.com/company/doehler,,,,,,,,,,,
linkedin,Student (f/m/d) Machine learning based methodology for spatial distribution of brake wear emissions,German Aerospace Center (DLR),"Stuttgart, Baden-Württemberg, Germany",2026-10-06,https://www.linkedin.com/jobs/view/4476361730 , ,li-4476361730,fulltime,,,,,,False,internship,,,,Research Services,https://de.linkedin.com/company/dlr,,,,,,,,,,,
linkedin,Wissenschaftliche/-r Mitarbeiter/-in (m/w/d) für Spracherkennung,Land Niedersachsen,"Hannover, Lower Saxony, Germany",2026-10-06,https://www.linkedin.com/jobs/view/4474990982 , ,li-4474990982,fulltime,,,,,,False,entry level,,,"schwerbehindertenvertretung@hs-hannover.de, hanno.homann@hs-hannover.de, lars.lilje@hs-hannover.de",Government Administration,https://de.linkedin.com/company/arbeitgeber-niedersachsen,,,,,,,,,,,
linkedin,Masterarbeit »N-dotierte Carbon Xerogele als 3D-Elektroden für Natrium-Iod-Batterien«,Fraunhofer UMSICHT,"Oberhausen, North Rhine-Westphalia, Germany",2026-10-06,https://www.linkedin.com/jobs/view/4474941956 , ,li-4474941956,fulltime,,,,,,False,internship,,,"bewerbung@umsicht.fraunhofer.de, sascha.rollka@umsicht.fraunhofer.de",Research Services,https://de.linkedin.com/company/fraunhofer-umsicht,,,,,,,,,,,
linkedin,Techniker Assistent/in / Lab Technician  (m/w/d),alqem,"Munich, Bavaria, Germany",2026-10-06,https://www.linkedin.com/jobs/view/4474400644 , ,li-4474400644,fulltime,,,,,,False,associate,,,,Software Development,https://de.linkedin.com/company/alqem-ai,,,,,,,,,,,
linkedin,Chemisch-technischer Assistent/Chemielaborant (m/w/d) für die Probenaufarbeitung,GALAB Laboratories GmbH,"Hamburg, Hamburg, Germany",2026-10-05,https://www.linkedin.com/jobs/view/4473632819 , ,li-4473632819,fulltime,,,,,,False,entry level,,,,Pharmaceutical Manufacturing,https://de.linkedin.com/company/galablaboratories,,,,,,,,,,,
linkedin,Studienassistenten (m/w/d) am Standort Gießen,UKGM Gießen Radiation Oncology,"Gießen, Hesse, Germany",2026-10-05,https://www.linkedin.com/jobs/view/4475883391 , ,li-4475883391,fulltime,,,,,,False,entry level,,,,Hospitals and Health Care,https://de.linkedin.com/company/ukgm-gie%C3%9Fen-radiation-oncology,,,,,,,,,,,
linkedin,210/2026 Research Assistant (m/f/d) in Neuroscience,Otto-von-Guericke University Magdeburg,"Magdeburg, Saxony-Anhalt, Germany",2026-10-05,https://www.linkedin.com/jobs/view/4473611964 , ,li-4473611964,contract,,,,,,False,entry level,,,,Higher Education,https://de.linkedin.com/school/otto-von-guericke-university-magdeburg/,,,,,,,,,,,
linkedin,Biologisch-technische:r Assistent:in,agap2 Germany,Cologne Bonn Region,2026-10-05,https://www.linkedin.com/jobs/view/4462933389 , ,li-4462933389,fulltime,,,,,,False,entry level,,,,Business Consulting and Services,https://de.linkedin.com/company/agap2-germany,,,,,,,,,,,
linkedin,Stud. Beschäftigte*r (w/m/d) 41 MoStd. befristet auf 2 Jahre Kennung: WSS-2026-09,Freie Universität Berlin,"Berlin, Berlin, Germany",2026-10-05,https://www.linkedin.com/jobs/view/4473604444 , ,li-4473604444,fulltime,,,,,,False,entry level,,,,Research Services,https://de.linkedin.com/school/freie-universitat-berlin/,,,,,,,,,,,
linkedin,Research Assistant (all genders) - Speech and Audio Applications,Fraunhofer IIS,"Erlangen, Bavaria, Germany",2026-10-05,https://www.linkedin.com/jobs/view/4470986492 , ,li-4470986492,fulltime,,,,,,False,entry level,,,,Research Services,https://de.linkedin.com/company/fraunhofer-iis,,,,,,,,,,,
linkedin,Laborant (m/w/d),Bruker,"Bremen, Bremen, Germany",2026-10-05,https://www.linkedin.com/jobs/view/4475816261 , ,li-4475816261,fulltime,,,,,,False,entry level,,,,Biotechnology Research,https://www.linkedin.com/company/bruker-corporation,,,,,,,,,,,
linkedin,Chemielaborant/-in in der Produktentwicklung (m/w/d),RUDOLF,"Geretsried, Bavaria, Germany",2026-10-05,https://www.linkedin.com/jobs/view/4473648159 , ,li-4473648159,fulltime,,,,,,False,entry level,,,,Software Development,https://de.linkedin.com/company/rudolf,,,,,,,,,,,
linkedin,"CTA, BTA, PTA, Chemietechniker, Chemielaborant - Bioanalytik (m/w/d)",viridiusLAB AG,"Berlin, Berlin, Germany",2026-10-05,https://www.linkedin.com/jobs/view/4473670730 , ,li-4473670730,fulltime,,,,,,False,entry level,,,,Environmental Services,https://at.linkedin.com/company/viridiuslab,,,,,,,,,,,
linkedin,MFA / MTA / Pflegefachperson / Dokumentationsassistent für das zentrale Studiensekretariat (m/w/d),Westpfalz-Klinikum,"Kaiserslautern, Rhineland-Palatinate, Germany",2026-10-05,https://www.linkedin.com/jobs/view/4467390333 , ,li-4467390333,fulltime,,,,,,False,entry level,,,sweik@westpfalz-klinikum.de,Hospitals and Health Care,https://de.linkedin.com/company/westpfalz-klinikum-gmbh,,,,,,,,,,,
linkedin,BTA / Biologielaborant*in (m/w/d) - Schwerpunkt Limnologie,GELSENWASSER AG,"Gelsenkirchen, North Rhine-Westphalia, Germany",2026-10-05,https://www.linkedin.com/jobs/view/4465732555 , ,li-4465732555,fulltime,,,,,,False,entry level,,,,Utilities,https://de.linkedin.com/company/gelsenwasser-ag,,,,,,,,,,,
linkedin,Studentische Hilfskraft - 3D-Messsystem zur computergestützten Bildgebung (all genders),Fraunhofer IOF,"Jena, Thuringia, Germany",2026-10-05,https://www.linkedin.com/jobs/view/4365991103 , ,li-4365991103,fulltime,,,,,,False,internship,,,,Research Services,https://de.linkedin.com/company/fraunhofer-iof,,,,,,,,,,,
linkedin,Labortechniker (m/w/d) - Kunststoffproben,UL Solutions,"Krefeld, North Rhine-Westphalia, Germany",2026-10-05,https://www.linkedin.com/jobs/view/4473495841 , ,li-4473495841,fulltime,,,,,,False,entry level,,,,"Professional Services, Manufacturing, and Technology, Information and Media",https://www.linkedin.com/company/ulsolutions,,,,,,,,,,,
linkedin,Doktorand AI-Aided Product Development - Prozessintelligenz und Wis-sensmanagement (w/m/d),MAN Truck & Bus SE,"Munich, Bavaria, Germany",2026-10-05,https://www.linkedin.com/jobs/view/4475557670 , ,li-4475557670,fulltime,,,,,,False,internship,,,,Motor Vehicle Manufacturing,https://de.linkedin.com/company/man-commercial-vehicles,,,,,,,,,,,
linkedin,PhD position (all genders) in Computational Neuroscience - Game-theoretical approaches for understanding interactions of brain regions in brain injury and recovery,Universitätsklinikum Hamburg Eppendorf,"Hamburg, Hamburg, Germany",2026-10-05,https://www.linkedin.com/jobs/view/4473609314 , ,li-4473609314,fulltime,,,,,,False,internship,,,c.hilgetag@uke.de,Hospitals and Health Care,https://de.linkedin.com/company/universit-tsklinikum-hamburg-eppendorf,,,,,,,,,,,
linkedin,"Juniorprofessur (W1) mit Tenure Track nach W3 „Musikpädagogik / Musikdidaktik""",The Martin Luther University of Halle-Wittenberg,"Halle, Saxony-Anhalt, Germany",2026-10-05,https://www.linkedin.com/jobs/view/4473687901 , ,li-4473687901,fulltime,,,,,,False,mid-senior level,,,,Higher Education,https://de.linkedin.com/school/unihalle/,,,,,,,,,,,
linkedin,Entwicklungsingenieur (m/w/d) Hochdruck- und Kühlsysteme,Diehl Defence,"Überlingen, Baden-Württemberg, Germany",2026-10-05,https://www.linkedin.com/jobs/view/4474273870 , ,li-4474273870,fulltime,,,,,,False,entry level,,,,Defense and Space Manufacturing,https://de.linkedin.com/company/diehl-defence,,,,,,,,,,,
linkedin,Referendar / wissenschaftlicher Mitarbeiter (m/w/d) Umwelt- und Planungsrecht,clavisto,"Berlin, Germany",2026-10-05,https://www.linkedin.com/jobs/view/4475806223 , ,li-4475806223,fulltime,,,,,,False,mid-senior level,,,,Human Resources,https://de.linkedin.com/company/clavisto,,,,,,,,,,,
linkedin,System Performance Engineer (m/f/d),OHB SE,"Bremen, Bremen, Germany",2026-10-05,https://www.linkedin.com/jobs/view/4475807531 , ,li-4475807531,fulltime,,,,,,False,mid-senior level,,,,Defense and Space Manufacturing,https://de.linkedin.com/company/ohb-se,,,,,,,,,,,
linkedin,Wissenschaftliche/r Mitarbeiter/in (m/w/d) - mit Dienstleistungen überwiegend in der Lehre,Universität Rostock,"Rostock, Mecklenburg-West Pomerania, Germany",2026-10-05,https://www.linkedin.com/jobs/view/4475585584 , ,li-4475585584,fulltime,,,,,,False,entry level,,,kilian.gericke@uni-rostock.de,Internet Publishing,https://de.linkedin.com/school/university-of-rostock/,,,,,,,,,,,
linkedin,Experimental AMO Physicist,planqc,"Munich, Bavaria, Germany",2026-10-05,https://www.linkedin.com/jobs/view/4475555390 , ,li-4475555390,fulltime,,,,,,False,mid-senior level,,,,Computer Hardware Manufacturing,https://de.linkedin.com/company/planqc,,,,,,,,,,,
linkedin,Operations Research & Optimization Engineer (m/w/d),flaschenpost SE,"Münster, North Rhine-Westphalia, Germany",2026-10-05,https://www.linkedin.com/jobs/view/4475539296 , ,li-4475539296,fulltime,,,,,,False,associate,,,,"Transportation, Logistics, Supply Chain and Storage, Mobile Food Services, and Online and Mail Order Retail",https://de.linkedin.com/company/flaschenpost,,,,,,,,,,,
linkedin,Postdoctoral Researcher for XFELO (f/m/d),European XFEL,"Schenefeld, Schleswig-Holstein, Germany",2026-10-05,https://www.linkedin.com/jobs/view/4474243519 , ,li-4474243519,fulltime,,,,,,False,associate,,,maurizio.vannoni@xfel.eu,Research Services,https://de.linkedin.com/company/european-xfel,,,,,,,,,,,
linkedin,Ingenieur (m/w/d) für Biokompatibilitätsbewertung,agap2 Germany,"Aachen, North Rhine-Westphalia, Germany",2026-10-05,https://www.linkedin.com/jobs/view/4462926480 , ,li-4462926480,fulltime,,,,,,False,associate,,,,"Business Consulting and Services, Pharmaceutical Manufacturing, and Medical Equipment Manufacturing",https://de.linkedin.com/company/agap2-germany,,,,,,,,,,,
linkedin,Wissenschaftlicher Mitarbeiter (m/w/d) Algebra,State Chancellery of Saxony,"Chemnitz, Saxony, Germany",2026-10-05,https://www.linkedin.com/jobs/view/4474283293 , ,li-4474283293,temporary,,,,,,False,not applicable,,,,Government Administration,https://de.linkedin.com/company/s%C3%A4chsische-staatskanzlei,,,,,,,,,,,
linkedin,AI Research Engineer - GPU Simulation,Helsing,"Munich, Bavaria, Germany",2026-10-05,https://www.linkedin.com/jobs/view/4454643124 , ,li-4454643124,fulltime,,,,,,False,mid-senior level,,,,Software Development,https://de.linkedin.com/company/helsing,,,,,,,,,,,
linkedin,Referendar und wissenschaftlicher  Mitarbeiter (m/w/d) verschiedene Bereiche,Bird & Bird Germany,"Hamburg, Hamburg, Germany",2026-10-05,https://www.linkedin.com/jobs/view/4475837629 , ,li-4475837629,fulltime,,,,,,False,internship,,,,Law Practice,https://de.linkedin.com/showcase/bird-bird-germany/,,,,,,,,,,,
linkedin,Masterand (all genders) – Energy Transformation,Wavestone,"Frankfurt, Hesse, Germany",2026-10-05,https://www.linkedin.com/jobs/view/4449535579 , ,li-4449535579,temporary,,,,,,False,entry level,,,,"Business Consulting and Services, Software Development, and IT Services and IT Consulting",https://fr.linkedin.com/company/wavestone,,,,,,,,,,,
linkedin,Wissenschaftliche:r Angestellte:r Junior / Doktorand:in (all genders) – Spieltheoretische Ansätze zum Verständnis der Interaktionen zwischen Hirnregionen bei Hirnschädigung und Genesung,Universitätsklinikum Hamburg Eppendorf,"Hamburg, Hamburg, Germany",2026-10-05,https://www.linkedin.com/jobs/view/4473613147 , ,li-4473613147,parttime,,,,,,False,internship,,,c.hilgetag@uke.de,Hospitals and Health Care,https://de.linkedin.com/company/universit-tsklinikum-hamburg-eppendorf,,,,,,,,,,,
linkedin,Laborfachkraft / CTA (m/w/d),Trivium Packaging,"Wedel, Schleswig-Holstein, Germany",2026-10-05,https://www.linkedin.com/jobs/view/4473629015 , ,li-4473629015,fulltime,,,,,,False,entry level,,,,Packaging and Containers Manufacturing,https://nl.linkedin.com/company/trivium-packaging,,,,,,,,,,,
linkedin,Wissenschaftliche:r Angestellte:r Junior / Doktorand:in (all genders) – Computational Neuroscience und NeuroAI,Universitätsklinikum Hamburg Eppendorf,"Hamburg, Hamburg, Germany",2026-10-05,https://www.linkedin.com/jobs/view/4473611269 , ,li-4473611269,parttime,,,,,,False,internship,,,f.hadaeghi@uke.de,Hospitals and Health Care,https://de.linkedin.com/company/universit-tsklinikum-hamburg-eppendorf,,,,,,,,,,,
linkedin,Wiss. Mitarbeiter*in (w/m/d) Vollzeitbeschäftigung befristet bis 30.09.2027 Entgeltgruppe 13 TV-L FU Kennung: AllgMet-PostDoc-ARIA01,Freie Universität Berlin,"Berlin, Berlin, Germany",2026-10-05,https://www.linkedin.com/jobs/view/4473606409 , ,li-4473606409,fulltime,,,,,,False,entry level,,,f.hoffmann@fu-berlin.de,Research Services,https://de.linkedin.com/school/freie-universitat-berlin/,,,,,,,,,,,
linkedin,Referendar / Wissenschaftlicher Mitarbeiter (m/w/d) Gesellschaftsrecht,Flick Gocke Schaumburg,"Berlin, Germany",2026-10-05,https://www.linkedin.com/jobs/view/4475808657 , ,li-4475808657,fulltime,,,,,,False,entry level,,,,Legal Services,https://de.linkedin.com/company/flickgockeschaumburg,,,,,,,,,,,
linkedin,Masterarbeit: Luftfahrtkonforme Miniaturisierung von IMA-Modulen,HENSOLDT,"Fürstenfeldbruck, Bavaria, Germany",2026-10-05,https://www.linkedin.com/jobs/view/4472653511 , ,li-4472653511,fulltime,,,,,,False,internship,,,jobs@hensoldt.net,Defense and Space Manufacturing,https://de.linkedin.com/company/hensoldt,,,,,,,,,,,
linkedin,Research Engineer - 3D Reconstruction,SpAItial AI,"Munich, Bavaria, Germany",2026-10-05,https://www.linkedin.com/jobs/view/4475555062 , ,li-4475555062,fulltime,,,,,,False,mid-senior level,,,,Software Development,https://uk.linkedin.com/company/spaitial-ai,,,,,,,,,,,
linkedin,(Junior) Aerospace Engineer - Space Safety & SSA (m/w/d),OKAPI:Orbits,"Brunswick, Lower Saxony, Germany",2026-10-05,https://www.linkedin.com/jobs/view/4473621191 , ,li-4473621191,fulltime,,,,,,False,entry level,,,,Software Development,https://de.linkedin.com/company/okapi-orbits,,,,,,,,,,,
linkedin,PhD Candidate “PFAS Screening”,University of Tübingen,Stuttgart Region,2026-10-05,https://www.linkedin.com/jobs/view/4475597198 , ,li-4475597198,temporary,,,,,,False,internship,,,Christian.zwiener@uni-tuebingen.de,Higher Education,https://de.linkedin.com/school/eberhard-karls-universit-t-t-bingen/,,,,,,,,,,,
linkedin,FY27 Electronic Engineering Graduate Opportunities,Analog Devices,Greater Munich Metropolitan Area,2026-10-05,https://www.linkedin.com/jobs/view/4474002263 , ,li-4474002263,fulltime,,,,,,False,internship,,,,Semiconductor Manufacturing,https://www.linkedin.com/company/analog-devices,,,,,,,,,,,
linkedin,PhD position (all genders) in Computational Neuroscience and NeuroAI,Universitätsklinikum Hamburg Eppendorf,"Hamburg, Hamburg, Germany",2026-10-05,https://www.linkedin.com/jobs/view/4473616098 , ,li-4473616098,fulltime,,,,,,False,internship,,,f.hadaeghi@uke.de,Hospitals and Health Care,https://de.linkedin.com/company/universit-tsklinikum-hamburg-eppendorf,,,,,,,,,,,
linkedin,"Developer R&D (m/f/d) Natural Colours, Coatings & Glazes (Digital & AI-Forward)",DöhlerGroup,"Darmstadt, Hesse, Germany",2026-10-05,https://www.linkedin.com/jobs/view/4473656444 , ,li-4473656444,fulltime,,,,,,False,mid-senior level,,,,Food and Beverage Manufacturing,https://de.linkedin.com/company/doehler,,,,,,,,,,,
linkedin,Doctoral research associate for BabylAXO detector development,DESY,"Hamburg, Hamburg, Germany",2026-10-05,https://www.linkedin.com/jobs/view/4474264189 , ,li-4474264189,fulltime,,,,,,False,associate,,,axel.lindner@desy.de,Research Services,https://de.linkedin.com/company/desy,,,,,,,,,,,
linkedin,Referendar / Wissenschaftlicher Mitarbeiter (m/w/d) Gesellschaftsrecht,Flick Gocke Schaumburg,"Hamburg, Hamburg, Germany",2026-10-05,https://www.linkedin.com/jobs/view/4475810517 , ,li-4475810517,fulltime,,,,,,False,entry level,,,,Legal Services,https://de.linkedin.com/company/flickgockeschaumburg,,,,,,,,,,,
linkedin,Wissenschaftliche(r) Mitarbeiter/in Arbeitsschwerpunkt Trocknungstechnik,Technische Universität München (Technical University of Munich),"Munich, Bavaria, Germany",2026-10-05,https://www.linkedin.com/jobs/view/4474231319 , ,li-4474231319,fulltime,,,,,,False,entry level,,,"jobs.fpe@ls.tum.de, petra.foerst@tum.de",Higher Education,https://de.linkedin.com/school/c446-deccan-m.ed-college-gulbarga/,,,,,,,,,,,
linkedin,Schallgutachter (m/w/d),PAVANA GmbH,"Bremen, Bremen, Germany",2026-10-05,https://www.linkedin.com/jobs/view/4474285192 , ,li-4474285192,fulltime,,,,,,False,entry level,,,,Services for Renewable Energy,https://de.linkedin.com/company/pavana-gmbh,,,,,,,,,,,
linkedin,Praktikant/in oder Masterand/in (w/m/d) Multipfad-Transportprotokolle,German Aerospace Center (DLR),"Oberpfaffenhofen, Bavaria, Germany",2026-10-05,https://www.linkedin.com/jobs/view/4474139102 , ,li-4474139102,fulltime,,,,,,False,internship,,,,Research Services,https://de.linkedin.com/company/dlr,,,,,,,,,,,
linkedin,Stud. Beschäftigte*r (w/m/d) 41 MoStd. befristet auf 3 Jahre Kennung: HK_07_2026,Freie Universität Berlin,"Berlin, Berlin, Germany",2026-10-05,https://www.linkedin.com/jobs/view/4473611177 , ,li-4473611177,fulltime,,,,,,False,internship,,,,Research Services,https://de.linkedin.com/school/freie-universitat-berlin/,,,,,,,,,,,
linkedin,"Wissenschaftliche Mitarbeiterin / Wissenschaftlicher Mitarbeiter (m/w/d) Fakultät für Elektrotechnik, Professur für Grundlagen der Elektrotechnik",Helmut-Schmidt-Universität/Universität der Bundeswehr Hamburg,"Hamburg, Hamburg, Germany",2026-10-05,https://www.linkedin.com/jobs/view/4475530408 , ,li-4475530408,fulltime,,,,,,False,entry level,,,"stefan.dickmann@hsu.hamburg, personalabteilung@hsu-hh.de",Higher Education,https://de.linkedin.com/school/helmut-schmidt-universit%C3%A4t---universit%C3%A4t-der-bundeswehr-hamburg/,,,,,,,,,,,
linkedin,Referendar / Wissenschaftlicher Mitarbeiter (m/w/d) Besteuerung von Non-Profit-Organisationen (NPO),Flick Gocke Schaumburg,"Berlin, Germany",2026-10-05,https://www.linkedin.com/jobs/view/4475599967 , ,li-4475599967,fulltime,,,,,,False,entry level,,,,Legal Services,https://de.linkedin.com/company/flickgockeschaumburg,,,,,,,,,,,
linkedin,Laboratory Specialist – mRNA & LNP Formulation – (all genders are welcome),Ethris,"Krailling, Bavaria, Germany",2026-10-05,https://www.linkedin.com/jobs/view/4474278565 , ,li-4474278565,fulltime,,,,,,False,associate,,,,Business Consulting and Services,https://de.linkedin.com/company/ethris-gmbh,,,,,,,,,,,
linkedin,Wissenschaftliche*r Mitarbeiter*in (m/w/d),FIZ Karlsruhe - Leibniz Institute for Information Infrastructure,"Eggenstein-Leopoldshafen, Baden-Württemberg, Germany",2026-10-05,https://www.linkedin.com/jobs/view/4475586616 , ,li-4475586616,fulltime,,,,,,False,entry level,,,dara.hallinan@fiz-karlsruhe.de,Information Services,https://de.linkedin.com/company/fiz-karlsruhe,,,,,,,,,,,
linkedin,Praktikant (m/w/d) – Unterstützung im Labor,Hitachi Energy,"Karlstein am Main, Bavaria, Germany",2026-10-05,https://www.linkedin.com/jobs/view/4475563175 , ,li-4475563175,fulltime,,,,,,False,internship,,,,"Appliances, Electrical, and Electronics Manufacturing and IT Services and IT Consulting",https://ch.linkedin.com/company/hitachienergy,,,,,,,,,,,
linkedin,Separation Specialist,WuXi Biologics,"Wuppertal, North Rhine-Westphalia, Germany",2026-10-05,https://www.linkedin.com/jobs/view/4474246683 , ,li-4474246683,fulltime,,,,,,False,not applicable,,,,Biotechnology Research,https://cn.linkedin.com/company/wuxibiologics,,,,,,,,,,,
linkedin,2 Positionen Stud. Beschäftigte*r (w/m/d) 41 MoStd. befristet auf 2 Jahre Kennung: WSS-2026-08,Freie Universität Berlin,"Berlin, Berlin, Germany",2026-10-05,https://www.linkedin.com/jobs/view/4473610191 , ,li-4473610191,fulltime,,,,,,False,internship,,,,Research Services,https://de.linkedin.com/school/freie-universitat-berlin/,,,,,,,,,,,
linkedin,Stud. Beschäftigte*r (w/m/d) 41 MoStd. befristet auf 2 Jahre Kennung: HK_06_2026,Freie Universität Berlin,"Berlin, Berlin, Germany",2026-10-05,https://www.linkedin.com/jobs/view/4473606435 , ,li-4473606435,fulltime,,,,,,False,entry level,,,,Research Services,https://de.linkedin.com/school/freie-universitat-berlin/,,,,,,,,,,,
linkedin,Stud. Beschäftigte*r (w/m/d) 41 MoStd. befristet bis 31.12.2029 (für die Dauer des Forschungsprojektes) Kennung: SHK-FlexDigital-PolDi,Freie Universität Berlin,"Berlin, Berlin, Germany",2026-10-05,https://www.linkedin.com/jobs/view/4473493972 , ,li-4473493972,fulltime,,,,,,False,internship,,,,Research Services,https://de.linkedin.com/school/freie-universitat-berlin/,,,,,,,,,,,
linkedin,Masterand/in (w/m/d) - Optische Detektion schwach reflektierender Weltraumobjekte,German Aerospace Center (DLR),"Stuttgart, Baden-Württemberg, Germany",2026-10-05,https://www.linkedin.com/jobs/view/4473772954 , ,li-4473772954,fulltime,,,,,,False,entry level,,,,Research Services,https://de.linkedin.com/company/dlr,,,,,,,,,,,
linkedin,"Student of computer science, systems engineering, mathematics, or similar (f/m/x)",German Aerospace Center (DLR),"Bremerhaven, Bremen, Germany",2026-10-05,https://www.linkedin.com/jobs/view/4474314301 , ,li-4474314301,fulltime,,,,,,False,internship,,,,Research Services,https://de.linkedin.com/company/dlr,,,,,,,,,,,
linkedin,Wissenschaftlicher Mitarbeiter (m/w/d) Steuerrecht | Anwalts- oder Wahlstation,breutac - Tax Advisory & Controversy,"Munich, Bavaria, Germany",2026-10-04,https://www.linkedin.com/jobs/view/4475361885 , ,li-4475361885,internship,,,,,,False,internship,,,,Law Practice,https://de.linkedin.com/company/breutac,,,,,,,,,,,
linkedin,Technician with focus on Product Development Beverage,ADM,"Heidelberg, Baden-Württemberg, Germany",2026-10-04,https://www.linkedin.com/jobs/view/4439037584 , ,li-4439037584,fulltime,,,,,,False,not applicable,,,,Food and Beverage Manufacturing,https://www.linkedin.com/company/adm,,,,,,,,,,,
linkedin,Mitarbeiter Recherche & Datenpflege (m/w/d),LAO Leitungsauskunft,"Offenbach, Hesse, Germany",2026-10-04,https://www.linkedin.com/jobs/view/4473494571 , ,li-4473494571,fulltime,direct_data,yearly,44400.0,45600.0,EUR,False,entry level,,,,Business Consulting and Services,https://de.linkedin.com/company/leitungsauskunft-online,,,,,,,,,,,
linkedin,Versuchsingenieure Motorentechnik (m/w/d),KST-Motorenversuch GmbH & Co. KG,"Bad Dürkheim, Rhineland-Palatinate, Germany",2026-10-04,https://www.linkedin.com/jobs/view/4475361745 , ,li-4475361745,fulltime,,,,,,False,entry level,,,,Automotive,https://de.linkedin.com/company/kst-motorenversuch-gmbh-co-kg,,,,,,,,,,,
linkedin,Vulnerability Researcher,Magnet Forensics,Germany,2026-10-04,https://www.linkedin.com/jobs/view/4380316047 , ,li-4380316047,fulltime,,,,,,False,entry level,,,,Software Development,https://www.linkedin.com/company/magnet-forensics,,,,,,,,,,,
linkedin,Associate Scientist Product Development Sweet Goods & Dairy,ADM,"Heidelberg, Baden-Württemberg, Germany",2026-10-04,https://www.linkedin.com/jobs/view/4439043372 , ,li-4439043372,fulltime,,,,,,False,not applicable,,,,Food and Beverage Manufacturing,https://www.linkedin.com/company/adm,,,,,,,,,,,
linkedin,Phd student (d/f/m)  Intelligent Process Monitoring and Digital Twinning,Airbus Defence and Space,"Manching, Bavaria, Germany",2026-10-03,https://www.linkedin.com/jobs/view/4473196575 , ,li-4473196575,fulltime,,,,,,False,internship,,,emsom@airbus.com,Defense and Space Manufacturing,https://www.linkedin.com/company/airbus-defence-and-space,,,,,,,,,,,
linkedin,"Wissenschaftlicher Mitarbeiter (m/w/d) Litigation, Arbitration & Investigations in Frankfurt am Main",Linklaters Germany,"Frankfurt, Hesse, Germany",2026-10-03,https://www.linkedin.com/jobs/view/4464281802 , ,li-4464281802,fulltime,,,,,,False,entry level,,,recruitment.germany@linklaters.com,Law Practice,https://de.linkedin.com/company/linklaters-germany,,,,,,,,,,,
linkedin,Trainee im Bereich Marktforschung und Consulting,trend:research GmbH,"Bremen, Bremen, Germany",2026-10-03,https://www.linkedin.com/jobs/view/4475304558 , ,li-4475304558,fulltime,,,,,,False,internship,,,personal@trendresearch.de,Market Research,https://de.linkedin.com/company/trendresearch-gmbh,,,,,,,,,,,
linkedin,Biologisch-Techn. Assistent*in (w/m/d),Freie Universität Berlin,"Berlin, Berlin, Germany",2026-10-03,https://www.linkedin.com/jobs/view/4475080477 , ,li-4475080477,fulltime,,,,,,False,mid-senior level,,,office.czaczkes@bcp.fu-berlin.de,Research Services,https://de.linkedin.com/school/freie-universitat-berlin/,,,,,,,,,,,
linkedin,Wissenschaftlicher Mitarbeiter (m/w/d) Immobilienwirtschaftsrecht in München,Linklaters Germany,"Munich, Bavaria, Germany",2026-10-03,https://www.linkedin.com/jobs/view/4464267896 , ,li-4464267896,fulltime,,,,,,False,entry level,,,,Law Practice,https://de.linkedin.com/company/linklaters-germany,,,,,,,,,,,
linkedin,Wissenschaftlicher Mitarbeiter (m/w/d) Energiewirtschaftsrecht / Gesellschaftsrecht/M&A in Berlin,Linklaters Germany,"Berlin, Germany",2026-10-03,https://www.linkedin.com/jobs/view/4464276804 , ,li-4464276804,fulltime,,,,,,False,entry level,,,recruitment.germany@linklaters.com,Law Practice,https://de.linkedin.com/company/linklaters-germany,,,,,,,,,,,
linkedin,Wissenschaftlicher Mitarbeiter (m/w/d) Arbeitsrecht in Düsseldorf,Linklaters Germany,"Düsseldorf, North Rhine-Westphalia, Germany",2026-10-03,https://www.linkedin.com/jobs/view/4464265932 , ,li-4464265932,fulltime,,,,,,False,entry level,,,recruitment.germany@linklaters.com,Law Practice,https://de.linkedin.com/company/linklaters-germany,,,,,,,,,,,
linkedin,"Wissenschaftlicher Mitarbeiter (m/w/d) Litigation, Arbitration & Investigations in München",Linklaters Germany,"Munich, Bavaria, Germany",2026-10-03,https://www.linkedin.com/jobs/view/4464278810 , ,li-4464278810,fulltime,,,,,,False,entry level,,,recruitment.germany@linklaters.com,Law Practice,https://de.linkedin.com/company/linklaters-germany,,,,,,,,,,,
linkedin,Bachelorand (m/w/d) Entwicklung und Optimierung von Trocknungsmodellen,HERMA Group,"Bonlanden, Baden-Württemberg, Germany",2026-10-03,https://www.linkedin.com/jobs/view/4475362081 , ,li-4475362081,fulltime,,,,,,False,entry level,,,,Paper and Forest Product Manufacturing,https://de.linkedin.com/company/hermagroup,,,,,,,,,,,
linkedin,Wissenschaftliche/r Mitarbeiter/in (d/w/m),Deutsche Gesellschaft für Sozialmedizin und Prävention - DGSMP e.V.,"Berlin, Berlin, Germany",2026-10-03,https://www.linkedin.com/jobs/view/4473839482 , ,li-4473839482,fulltime,,,,,,False,entry level,,,,Non-profit Organizations,https://de.linkedin.com/company/dgsmp,,,,,,,,,,,
linkedin,Junior Consultant CPG (m/w/d),Circana,"Düsseldorf, North Rhine-Westphalia, Germany",2026-10-03,https://www.linkedin.com/jobs/view/4454601391 , ,li-4454601391,fulltime,,,,,,False,not applicable,,,,Market Research,https://www.linkedin.com/company/wearecircana,,,,,,,,,,,
linkedin,Wissenschaftlicher Mitarbeiter (m/w/d) Restrukturierung & Insolvenz in Frankfurt am Main,Linklaters Germany,"Frankfurt, Hesse, Germany",2026-10-03,https://www.linkedin.com/jobs/view/4464264911 , ,li-4464264911,fulltime,,,,,,False,entry level,,,recruitment.germany@linklaters.com,Law Practice,https://de.linkedin.com/company/linklaters-germany,,,,,,,,,,,
linkedin,PhD position (m/f/d),Universitätsklinikum Würzburg,"Würzburg, Bavaria, Germany",2026-10-03,https://www.linkedin.com/jobs/view/4475351292 , ,li-4475351292,fulltime,,,,,,False,internship,,,,Hospitals and Health Care,https://de.linkedin.com/company/universit%C3%A4tsklinikum-w%C3%BCrzburg,,,,,,,,,,,
linkedin,Theoretischer Physiker (m/w/d),FERCHAU,"Oberkochen, Baden-Württemberg, Germany",2026-10-03,https://www.linkedin.com/jobs/view/4438564989 , ,li-4438564989,fulltime,direct_data,yearly,65000.0,85000.0,EUR,False,mid-senior level,,,heidenheim@ferchau.com,Engineering Services,https://de.linkedin.com/company/ferchau,,,,,,,,,,,
linkedin,Wissenschaftlicher Mitarbeiter (m/w/d) Kapitalmarktrecht in Berlin,Linklaters Germany,"Berlin, Germany",2026-10-03,https://www.linkedin.com/jobs/view/4464268927 , ,li-4464268927,fulltime,,,,,,False,entry level,,,,Law Practice,https://de.linkedin.com/company/linklaters-germany,,,,,,,,,,,
linkedin,Wissenschaftlicher Mitarbeiter (m/w/d) Gesellschaftsrecht/M&A in München,Linklaters Germany,"Munich, Bavaria, Germany",2026-10-03,https://www.linkedin.com/jobs/view/4464264912 , ,li-4464264912,fulltime,,,,,,False,entry level,,,,Law Practice,https://de.linkedin.com/company/linklaters-germany,,,,,,,,,,,
linkedin,Wissenschaftlicher Mitarbeiter (m/w/d) Gesellschaftsrecht/M&A in Düsseldorf,Linklaters Germany,"Düsseldorf, North Rhine-Westphalia, Germany",2026-10-03,https://www.linkedin.com/jobs/view/4464277827 , ,li-4464277827,fulltime,,,,,,False,entry level,,,,Law Practice,https://de.linkedin.com/company/linklaters-germany,,,,,,,,,,,
linkedin,Wissenschaftlicher Mitarbeiter (m/w/d) Gesellschaftsrecht/M&A in Frankfurt am Main,Linklaters Germany,"Frankfurt, Hesse, Germany",2026-10-03,https://www.linkedin.com/jobs/view/4464276810 , ,li-4464276810,fulltime,,,,,,False,entry level,,,,Law Practice,https://de.linkedin.com/company/linklaters-germany,,,,,,,,,,,
linkedin,Experimenteller Physiker (m/w/d),FERCHAU,"Oberkochen, Baden-Württemberg, Germany",2026-10-03,https://www.linkedin.com/jobs/view/4438578570 , ,li-4438578570,fulltime,direct_data,yearly,65000.0,85000.0,EUR,False,entry level,,,heidenheim@ferchau.com,Engineering Services,https://de.linkedin.com/company/ferchau,,,,,,,,,,,
linkedin,Doktorarbeit: Sichere KI für maritime Antriebe / Safe Artificial Intelligence for Maritime Engines,Everllence,"Augsburg, Bavaria, Germany",2026-10-03,https://www.linkedin.com/jobs/view/4326512416 , ,li-4326512416,fulltime,,,,,,False,internship,,,nicola.hasl@everllence.com,Climate Technology Product Manufacturing,https://de.linkedin.com/company/everllence,,,,,,,,,,,
linkedin,Postdoctoral Researcher / PhD Student (f/m/x) – Digital Alzheimer’s Research,German Center for Neurodegenerative Diseases (DZNE),"Magdeburg, Saxony-Anhalt, Germany",2026-10-03,https://www.linkedin.com/jobs/view/4469143005 , ,li-4469143005,fulltime,,,,,,False,mid-senior level,,,david.berron@dzne.de,Research Services and Biotechnology Research,https://de.linkedin.com/company/dzne,,,,,,,,,,,
linkedin,BTA (m/w/d),Randstad Deutschland,"Mannheim, Baden-Württemberg, Germany",2026-10-03,https://www.linkedin.com/jobs/view/4473865354 , ,li-4473865354,fulltime,,,,,,False,entry level,,,,Human Resources Services,https://de.linkedin.com/company/randstad-deutschland,,,,,,,,,,,
linkedin,Bachelorand (m/w/d) Entwicklung und Optimierung von Trocknungsmodellen,HERMA Group,"Filderstadt, Baden-Württemberg, Germany",2026-10-03,https://www.linkedin.com/jobs/view/4475083356 , ,li-4475083356,fulltime,,,,,,False,entry level,,,,Paper and Forest Product Manufacturing,https://de.linkedin.com/company/hermagroup,,,,,,,,,,,
linkedin,Versuchsingenieur (m/w/d),Rheinmetall,"Kassel, Hesse, Germany",2026-10-03,https://www.linkedin.com/jobs/view/4473414494 , ,li-4473414494,fulltime,,,,,,False,mid-senior level,,,,Defense and Space Manufacturing,https://de.linkedin.com/company/rheinmetall,,,,,,,,,,,
linkedin,Masterstudent (m/w/d) Simulation optischer Dünnschichtsysteme,Bühler Group,"Alzenau in Unterfranken, Bavaria, Germany",2026-10-02,https://www.linkedin.com/jobs/view/4369529390 , ,li-4369529390,temporary,,,,,,False,internship,,,,Industrial Machinery Manufacturing,https://ch.linkedin.com/company/buhler,,,,,,,,,,,
linkedin,Junior Consultant - Retail & Lifestyle (m/w/d),YouGov,"Frankfurt, Hesse, Germany",2026-10-02,https://www.linkedin.com/jobs/view/4465881198 , ,li-4465881198,fulltime,,,,,,False,entry level,,,,Market Research,https://uk.linkedin.com/company/yougov,,,,,,,,,,,
linkedin,Bachelorand*in / Masterand*in,A+W Software,"Annerod, Hesse, Germany",2026-10-02,https://www.linkedin.com/jobs/view/4298710710 , ,li-4298710710,fulltime,,,,,,False,internship,,,,Internet Publishing,https://de.linkedin.com/company/a-w-software-gmbh,,,,,,,,,,,
linkedin,Trainee Digitalisierung und Innovation (m/w/d),LBBW,"Stuttgart, Baden-Württemberg, Germany",2026-10-02,https://www.linkedin.com/jobs/view/4473353696 , ,li-4473353696,fulltime,,,,,,False,internship,,,LEA.SCHNEIDER@LBBW.DE,Banking,https://de.linkedin.com/company/lbbw,,,,,,,,,,,
linkedin,Fellow - Tech & AI (m/w/d),McKinsey & Company,"Munich, Bavaria, Germany",2026-10-02,https://www.linkedin.com/jobs/view/4474787679 , ,li-4474787679,fulltime,,,,,,False,entry level,,,,IT Services and IT Consulting and Business Consulting and Services,https://www.linkedin.com/company/mckinsey,,,,,,,,,,,
linkedin,PhD student (m/f/d) on joint German-French project on ultrafast dynamics of photoswitches,MAX BORN INSTITUTE for Nonlinear Optics and Short Pulse Spectroscopy,"Berlin, Germany",2026-10-02,https://www.linkedin.com/jobs/view/4475043685 , ,li-4475043685,parttime,,,,,,False,internship,,,kornilov@mbi-berlin.de,Research Services,https://de.linkedin.com/company/max-born-institute-berlin,,,,,,,,,,,
linkedin,Junior Consultant - Retail & Lifestyle (m/w/d),YouGov,"Nuremberg, Bavaria, Germany",2026-10-02,https://www.linkedin.com/jobs/view/4465880197 , ,li-4465880197,fulltime,,,,,,False,associate,,,,"Market Research, Research Services, and Business Consulting and Services",https://uk.linkedin.com/company/yougov,,,,,,,,,,,
linkedin,Doktorandin / Doktorand Entwicklung AI‑Native Entwicklungsmodelle & virtuelle KI‑Agenten (w/m/d),Volkswagen Group,"Wolfsburg, Lower Saxony, Germany",2026-10-02,https://www.linkedin.com/jobs/view/4473360501 , ,li-4473360501,fulltime,,,,,,False,entry level,,,,Motor Vehicle Manufacturing,https://de.linkedin.com/company/volkswagen-group,,,,,,,,,,,
linkedin,PhD Student Development AI‑Native Development Models & Virtual AI Agents (f/m/d),Volkswagen Group,"Wolfsburg, Lower Saxony, Germany",2026-10-02,https://www.linkedin.com/jobs/view/4473351928 , ,li-4473351928,fulltime,,,,,,False,internship,,,,Motor Vehicle Manufacturing,https://de.linkedin.com/company/volkswagen-group,,,,,,,,,,,
linkedin,Bachelor-/ Masterarbeit (Sustainability),IMI Climate Control,"Erwitte, North Rhine-Westphalia, Germany",2026-10-02,https://www.linkedin.com/jobs/view/4473362313 , ,li-4473362313,fulltime,,,,,,False,internship,,,,Industrial Machinery Manufacturing,https://ch.linkedin.com/company/imi-climate-control,,,,,,,,,,,
linkedin,Bachelor-/ Masterarbeit (Sustainability),IMI,"Erwitte, North Rhine-Westphalia, Germany",2026-10-02,https://www.linkedin.com/jobs/view/4475023817 , ,li-4475023817,fulltime,,,,,,False,internship,,,,Industrial Machinery Manufacturing,https://uk.linkedin.com/company/imi,,,,,,,,,,,
linkedin,Space Debris Analysis Engineer (m/f/d),OHB SE,"Bremen, Bremen, Germany",2026-10-02,https://www.linkedin.com/jobs/view/4474734524 , ,li-4474734524,fulltime,,,,,,False,associate,,,,Defense and Space Manufacturing,https://de.linkedin.com/company/ohb-se,,,,,,,,,,,
linkedin,Wissenschaftliche Mitarbeiter (m/w/d) Corporate in Düsseldorf,Fieldfisher Germany,"Düsseldorf, North Rhine-Westphalia, Germany",2026-10-02,https://www.linkedin.com/jobs/view/4410557588 , ,li-4410557588,fulltime,,,,,,False,entry level,,,,Legal Services,https://de.linkedin.com/company/fieldfisher-germany,,,,,,,,,,,
linkedin,Junior Consultant - Retail & Lifestyle (m/w/d),YouGov,"Hamburg, Hamburg, Germany",2026-10-02,https://www.linkedin.com/jobs/view/4465871305 , ,li-4465871305,fulltime,,,,,,False,entry level,,,,Market Research,https://uk.linkedin.com/company/yougov,,,,,,,,,,,
linkedin,Junior Fellow - Tech & AI (m/w/d),McKinsey & Company,"Munich, Bavaria, Germany",2026-10-02,https://www.linkedin.com/jobs/view/4474792518 , ,li-4474792518,fulltime,,,,,,False,entry level,,,,IT Services and IT Consulting and Business Consulting and Services,https://www.linkedin.com/company/mckinsey,,,,,,,,,,,
linkedin,Junior Expert Alternative Materials (m/w/d),Wieland Group,"Vöhringen, Bavaria, Germany",2026-10-02,https://www.linkedin.com/jobs/view/4461987046 , ,li-4461987046,fulltime,,,,,,False,associate,,,,Fabricated Metal Products,https://de.linkedin.com/company/wielandgroup,,,,,,,,,,,
linkedin,PhD student or postdoctoral researcher (m/f/d),University of Regensburg,"Regensburg, Bavaria, Germany",2026-10-02,https://www.linkedin.com/jobs/view/4473403136 , ,li-4473403136,fulltime,,,,,,False,internship,,,,Higher Education,https://de.linkedin.com/school/university-of-regensburg/,,,,,,,,,,,
linkedin,PhD/Junior Researcher oder PostDoc/Senior Researcher (m/w/d) - Mathematical Research Data Initiative,FIZ Karlsruhe - Leibniz Institute for Information Infrastructure,"Berlin, Berlin, Germany",2026-10-02,https://www.linkedin.com/jobs/view/4474766169 , ,li-4474766169,fulltime,,,,,,False,internship,,,moritz.schubotz@fiz-karlsruhe.de,Information Services,https://de.linkedin.com/company/fiz-karlsruhe,,,,,,,,,,,
linkedin,Masterarbeit (m/w/d) AI - FunctionFrame2Code,FEV Europe GmbH,"Alsdorf, North Rhine-Westphalia, Germany",2026-10-02,https://www.linkedin.com/jobs/view/4473335513 , ,li-4473335513,fulltime,,,,,,False,internship,,,,Engineering Services,https://de.linkedin.com/company/fev-europe,,,,,,,,,,,
linkedin,Quantum Error Correction Scientist (f/m/d),eleQtron,"Siegen, North Rhine-Westphalia, Germany",2026-10-02,https://www.linkedin.com/jobs/view/4434981021 , ,li-4434981021,fulltime,,,,,,False,mid-senior level,,,,IT Services and IT Consulting,https://de.linkedin.com/company/eleqtron-qc,,,,,,,,,,,
linkedin,Masterarbeit (m/w/d) AI - FunctionFrame2Code,FEV Europe GmbH,"Aachen, North Rhine-Westphalia, Germany",2026-10-02,https://www.linkedin.com/jobs/view/4473340294 , ,li-4473340294,fulltime,,,,,,False,internship,,,,Engineering Services,https://de.linkedin.com/company/fev-europe,,,,,,,,,,,
linkedin,"Developer R&D (m/w/d) - Specialty Ingredients, Trockensysteme, Formulierung & Trocknungstechnologien",DöhlerGroup,"Darmstadt, Hesse, Germany",2026-10-02,https://www.linkedin.com/jobs/view/4472603020 , ,li-4472603020,fulltime,,,,,,False,mid-senior level,,,,Food and Beverage Manufacturing,https://de.linkedin.com/company/doehler,,,,,,,,,,,
linkedin,PhD Student Development AI‑Native Development Models & Virtual AI Agents (f/m/d),Volkswagen Algérie,"Wolfsburg, Lower Saxony, Germany",2026-10-02,https://www.linkedin.com/jobs/view/4475039908 , ,li-4475039908,fulltime,,,,,,False,internship,,,,Motor Vehicle Manufacturing,https://dz.linkedin.com/company/volkswagen-alg%C3%A9rie,,,,,,,,,,,
linkedin,PhD Position (m/f/d) | Reproductive Mechanobiology,Max Planck Society,"Heidelberg, Baden-Württemberg, Germany",2026-10-02,https://www.linkedin.com/jobs/view/4473118799 , ,li-4473118799,fulltime,,,,,,False,internship,,,"stephanie.moellmert@mr.mpg.de, julia.gauglitz@mr.mpg.de",Civic and Social Organizations,https://de.linkedin.com/school/max-planck-society/,,,,,,,,,,,
linkedin,PhD Student Positions (f/m/d) | Electron-Light Interaction in Silicon Photonic Nanostructures,Max Planck Society,"Göttingen, Lower Saxony, Germany",2026-10-02,https://www.linkedin.com/jobs/view/4473124555 , ,li-4473124555,fulltime,,,,,,False,internship,,,ausschreibung26-26@mpinat.mpg.de,Civic and Social Organizations,https://de.linkedin.com/school/max-planck-society/,,,,,,,,,,,
linkedin,PhD Position - Representation and Active Learning for Multi-Scale Scientific Imaging,Forschungszentrum Jülich,"Jülich, North Rhine-Westphalia, Germany",2026-10-02,https://www.linkedin.com/jobs/view/4474754518 , ,li-4474754518,fulltime,,,,,,False,internship,,,,Internet Publishing,https://de.linkedin.com/company/forschungszentrum-julich,,,,,,,,,,,
linkedin,"Study Nurse / Studienkoordinatorin / Studienkoordinator – Klinik für Mund-, Kiefer-, Plastische Gesichtschirurgie",Universitätsmedizin Frankfurt,"Frankfurt, Hesse, Germany",2026-10-02,https://www.linkedin.com/jobs/view/4473241798 , ,li-4473241798,fulltime,,,,,,False,entry level,,,annaandrea.balzer@ukffm.de,Hospitals and Health Care,https://de.linkedin.com/company/universit%C3%A4tsmedizin-frankfurt,,,,,,,,,,,
linkedin,Academic Staff Member (f/m/d) in DNA-Based Information Processing Systems,Karlsruhe Institute of Technology (KIT),"Karlsruhe, Baden-Württemberg, Germany",2026-10-02,https://www.linkedin.com/jobs/view/4474716819 , ,li-4474716819,fulltime,,,,,,False,associate,,,"ralf.reussner@kit.edu, lennart.hilbert@kit.edu, kimberley.bender@kit.edu","Higher Education, Software Development, and Biotechnology Research",https://de.linkedin.com/school/kit/,,,,,,,,,,,
linkedin,Postdoktorand (gn*) Experimentelle gynäkologische Onkologie,Universitätsklinikum Münster,"Münster, North Rhine-Westphalia, Germany",2026-10-02,https://www.linkedin.com/jobs/view/4472568647 , ,li-4472568647,fulltime,,,,,,False,internship,,,,Hospitals and Health Care,https://de.linkedin.com/company/ukm-uniklinikum-muenster,,,,,,,,,,,
linkedin,Student/in (w/m/d) Modellierung und Charakterisierung Störungen im Schiffsnachlauf,German Aerospace Center (DLR),"Brunswick, Lower Saxony, Germany",2026-10-02,https://www.linkedin.com/jobs/view/4472133522 , ,li-4472133522,fulltime,,,,,,False,internship,,,,Research Services,https://de.linkedin.com/company/dlr,,,,,,,,,,,
linkedin,Research Engineer - Real-Time Imaging,ImFusion,"Munich, Bavaria, Germany",2026-10-02,https://www.linkedin.com/jobs/view/4472723446 , ,li-4472723446,fulltime,,,,,,False,mid-senior level,,,,Medical Equipment Manufacturing and Software Development,https://de.linkedin.com/company/imfusion,,,,,,,,,,,
linkedin,Fachärzt*innen und Assistenzärzt*innen für das DFG-geförderte Clinician Scientist Programm,Universitätsmedizin Greifswald,"Greifswald, Mecklenburg-West Pomerania, Germany",2026-10-02,https://www.linkedin.com/jobs/view/4472509100 , ,li-4472509100,fulltime,,,,,,False,entry level,,,,Hospitals and Health Care,https://de.linkedin.com/company/umgreifswald,,,,,,,,,,,
linkedin,Wissenschaftlicher Mitarbeiter (m/w/d) Schweißtechnik,State Chancellery of Saxony,"Chemnitz, Saxony, Germany",2026-10-02,https://www.linkedin.com/jobs/view/4472870803 , ,li-4472870803,temporary,,,,,,False,internship,,,schweisstechnik@mb.tu-chemnitz.de,Government Administration,https://de.linkedin.com/company/s%C3%A4chsische-staatskanzlei,,,,,,,,,,,
linkedin,R&D ATF Lab Operator (m/w/d),Urenco Global,"Gronau, North Rhine-Westphalia, Germany",2026-10-02,https://www.linkedin.com/jobs/view/4465806598 , ,li-4465806598,fulltime,,,,,,False,mid-senior level,,,,Utilities,https://uk.linkedin.com/company/urenco-global,,,,,,,,,,,
linkedin,"Masterarbeit ""Primärquellenorientierter Betrieb von netzbildenden Erzeugern und Lasten""",Fraunhofer-Institut für Solare Energiesysteme ISE,"Freiburg, Baden-Württemberg, Germany",2026-10-02,https://www.linkedin.com/jobs/view/4473386109 , ,li-4473386109,fulltime,,,,,,False,internship,,,rebekka.denninger@ise.fraunhofer.de,Research,https://de.linkedin.com/company/fraunhofer-ise-freiburg,,,,,,,,,,,
linkedin,Research Associate for the Project “First principles description of ultrafast charge and spin dynamics in chiral molecules” § 28 Subsection 3 HmbHG,University of Hamburg,"Hamburg, Hamburg, Germany",2026-10-02,https://www.linkedin.com/jobs/view/4473356771 , ,li-4473356771,contract,,,,,,False,entry level,,,"carmen.herrmann@uni-hamburg.de, bewerbungen@uni-hamburg.de",Research Services,https://de.linkedin.com/school/unihamburg/,,,,,,,,,,,
linkedin,"Associate Scientist II & Scientist I (Labormitarbeiter) – Durchführung von Zellulären und Binde-Assays für Pharmazeutische Biologika (all genders) (Voll- oder Teilzeit, unbefristet)",AbbVie,"Ludwigshafen, Rhineland-Palatinate, Germany",2026-10-02,https://www.linkedin.com/jobs/view/4473804149 , ,li-4473804149,fulltime,,,,,,False,mid-senior level,,,Talentacquisition.de@abbvie.com,Pharmaceutical Manufacturing and Biotechnology Research,https://www.linkedin.com/company/abbvie,,,,,,,,,,,
linkedin,Technikumsmitarbeiter R&D,West Pharmaceutical Services,"Eschweiler, North Rhine-Westphalia, Germany",2026-10-02,https://www.linkedin.com/jobs/view/4447014491 , ,li-4447014491,fulltime,,,,,,False,mid-senior level,,,,"Medical Equipment Manufacturing, Packaging and Containers Manufacturing, and Pharmaceutical Manufacturing",https://www.linkedin.com/company/west-pharmaceutical-services,,,,,,,,,,,
linkedin,Studentische Hilfskraft zur Unterstützung in der Forschung an Natrium-Ionen-Batterien,Fraunhofer-Institut für Solare Energiesysteme ISE,"Freiburg, Baden-Württemberg, Germany",2026-10-02,https://www.linkedin.com/jobs/view/4473386110 , ,li-4473386110,fulltime,,,,,,False,internship,,,,Research,https://de.linkedin.com/company/fraunhofer-ise-freiburg,,,,,,,,,,,
linkedin,Chemielaborant Analytik & F&E (m/w/d),Furanova,"Burgkirchen an der Alz, Bavaria, Germany",2026-10-02,https://www.linkedin.com/jobs/view/4475028522 , ,li-4475028522,fulltime,,,,,,False,entry level,,,,Chemical Manufacturing,https://www.linkedin.com/company/furanova,,,,,,,,,,,
linkedin,Laborant (w/m/d) - Tagschicht,B. Braun Group,"Bad Gottleuba-Berggießhübel, Saxony, Germany",2026-10-02,https://www.linkedin.com/jobs/view/4473129943 , ,li-4473129943,fulltime,,,,,,False,associate,,,,Medical Equipment Manufacturing,https://de.linkedin.com/company/bbraun-group,,,,,,,,,,,
linkedin,Studentischen oder Wissenschaftlichen Hilfskraft (m/w/d),Land Niedersachsen,"Wolfenbüttel, Lower Saxony, Germany",2026-10-02,https://www.linkedin.com/jobs/view/4473344268 , ,li-4473344268,fulltime,,,,,,False,internship,,,"dziudzia@hab.de, verwaltung@hab.de",Government Administration,https://de.linkedin.com/company/arbeitgeber-niedersachsen,,,,,,,,,,,
linkedin,Wissenschaftliche:r Museumsassistent:in in Fortbildung (w/d/m),Stiftung Preußischer Kulturbesitz,"Berlin, Berlin, Germany",2026-10-02,https://www.linkedin.com/jobs/view/4475018132 , ,li-4475018132,fulltime,,,,,,False,entry level,,,,Internet Publishing,https://de.linkedin.com/company/stiftung-preu%C3%9Fischer-kulturbesitz,,,,,,,,,,,
linkedin,Technischer Assistent Embryology (m/w/d),Taconic Biosciences,"Leverkusen, North Rhine-Westphalia, Germany",2026-10-02,https://www.linkedin.com/jobs/view/4475528986 , ,li-4475528986,fulltime,,,,,,False,entry level,,,,Non-profit Organizations,https://www.linkedin.com/company/taconic,,,,,,,,,,,
linkedin,Analytics - Future Leaders Graduate Program,Picnic Technologies,"Düsseldorf, North Rhine-Westphalia, Germany",2026-10-02,https://www.linkedin.com/jobs/view/4289798336 , ,li-4289798336,fulltime,,,,,,False,internship,,,,Retail,https://nl.linkedin.com/company/picnictechnologies,,,,,,,,,,,
linkedin,Wissenschaftliche:r Mitarbeiter:in § 28 Abs. 1 HmbHG,University of Hamburg,"Hamburg, Hamburg, Germany",2026-10-02,https://www.linkedin.com/jobs/view/4473358647 , ,li-4473358647,fulltime,,,,,,False,not applicable,,,"simone.neumann@uni-hamburg.de, christiane.andresen@uni-hamburg.de, bewerbungen@uni-hamburg.de",Research Services,https://de.linkedin.com/school/unihamburg/,,,,,,,,,,,
linkedin,Wissenschaftliche*r Mitarbeiter*in Ethik der Digitalisierung (im Projekt „INFRADEM – Digitale Infrastrukturen demokratisch gestalten“ der VolkswagenStiftung),Carl von Ossietzky University of Oldenburg,"Oldenburg, Lower Saxony, Germany",2026-10-02,https://www.linkedin.com/jobs/view/4473332083 , ,li-4473332083,fulltime,,,,,,False,entry level,,,"anna-verena.nosthoff@uni-oldenburg.de, anna-verena.nosthoff@uni-oldenburg.de, institut.philosophie@uni-oldenburg.de",Research Services,https://de.linkedin.com/school/carl-von-ossietzky-university-of-oldenburg/,,,,,,,,,,,
linkedin,Biology Laboratory Technician / Technical Assistant in Fungicide Research (m/f/d),BASF,"Limburgerhof, Rhineland-Palatinate, Germany",2026-10-02,https://www.linkedin.com/jobs/view/4473130724 , ,li-4473130724,temporary,,,,,,False,not applicable,,,julia.kiersch@basf.com,Chemical Manufacturing and Plastics Manufacturing,https://de.linkedin.com/company/basf,,,,,,,,,,,
linkedin,Bachelorarbeit - Optimierung der maschinellen Schlammeindickung zur Verbesserung des Trennverhaltens raffinerietypischer Schlämme,TotalEnergies,"Leuna, Saxony-Anhalt, Germany",2026-10-02,https://www.linkedin.com/jobs/view/4438196461 , ,li-4438196461,fulltime,,,,,,False,internship,,,,Oil and Gas,https://fr.linkedin.com/company/totalenergies,,,,,,,,,,,
linkedin,Technischer Assistent (m/w/d) Embryologie,Taconic Biosciences,"Leverkusen, North Rhine-Westphalia, Germany",2026-10-02,https://www.linkedin.com/jobs/view/4474766022 , ,li-4474766022,fulltime,,,,,,False,associate,,,,Biotechnology Research,https://www.linkedin.com/company/taconic,,,,,,,,,,,
linkedin,Technische Assistentin bzw. Technischer Assistent (m/w/d),State Chancellery of Saxony,"Dresden, Saxony, Germany",2026-10-02,https://www.linkedin.com/jobs/view/4472864995 , ,li-4472864995,temporary,,,,,,False,mid-senior level,,,simon.alberti@tu-dresden.de,Government Administration,https://de.linkedin.com/company/s%C3%A4chsische-staatskanzlei,,,,,,,,,,,
linkedin,Chemielaborant F&E (m/w/d),Furanova,"Burgkirchen an der Alz, Bavaria, Germany",2026-10-02,https://www.linkedin.com/jobs/view/4475038104 , ,li-4475038104,fulltime,,,,,,False,not applicable,,,,Chemical Manufacturing,https://www.linkedin.com/company/furanova,,,,,,,,,,,
linkedin,Biologielaborant:in / Technische:r Mitarbeiter:in in der Fungizidforschung (m/w/d),BASF,"Limburgerhof, Rhineland-Palatinate, Germany",2026-10-02,https://www.linkedin.com/jobs/view/4473126948 , ,li-4473126948,temporary,,,,,,False,not applicable,,,julia.kiersch@basf.com,Chemical Manufacturing and Plastics Manufacturing,https://de.linkedin.com/company/basf,,,,,,,,,,,
linkedin,ReferendarIn / Wissenschaftliche MitarbeiterIn (w/m/d),ROCAN,"Düsseldorf, North Rhine-Westphalia, Germany",2026-10-01,https://www.linkedin.com/jobs/view/4472917151 , ,li-4472917151,fulltime,,,,,,False,entry level,,,,Law Practice,https://de.linkedin.com/company/rocan-rechtsanw%C3%A4lte-partg-mbh,,,,,,,,,,,
linkedin,Wissenschaftliche*r Mitarbeiter*in (Doktorand*in),Marburg University,"Marburg an der Lahn, Hesse, Germany",2026-10-01,https://www.linkedin.com/jobs/view/4474510031 , ,li-4474510031,parttime,,,,,,False,internship,,,kerstin.volz@uni-marburg.de,Internet Publishing,https://de.linkedin.com/school/philipps-universit-t-marburg/,,,,,,,,,,,
linkedin,Reinforcement Learning Engineer,NeuralAgent,"Gauting, Bavaria, Germany",2026-10-01,https://www.linkedin.com/jobs/view/4474148392 , ,li-4474148392,fulltime,,,,,,False,entry level,,,,IT Services and IT Consulting,https://de.linkedin.com/company/neuralagent,,,,,,,,,,,
linkedin,Client Consulting Analyst,Visa,"Frankfurt, Hesse, Germany",2026-10-01,https://www.linkedin.com/jobs/view/4474352480 , ,li-4474352480,fulltime,,,,,,False,associate,,,,IT Services and IT Consulting,https://www.linkedin.com/company/visa,,,,,,,,,,,
linkedin,Machine Learning Engineer,THRYVE,Germany,2026-10-01,https://www.linkedin.com/jobs/view/4474312710 , ,li-4474312710,fulltime,,,,,,False,mid-senior level,,,Iman@thryvetalent.com,"IT Services and IT Consulting, Software Development, and Financial Services",https://de.linkedin.com/company/thryvetalent,,,,,,,,,,,
linkedin,Postdoc Mathematikdidaktik empirische Forschung (m/w/d),FAU Erlangen-Nürnberg,"Nuremberg, Bavaria, Germany",2026-10-01,https://www.linkedin.com/jobs/view/4474326324 , ,li-4474326324,fulltime,,,,,,False,internship,,,,Research Services,https://de.linkedin.com/school/fau-erlangen-n%C3%BCrnberg/,,,,,,,,,,,
linkedin,PhD Candidate (ATLAS PhD Program) - Bioinformatics and Translational Medicine,BioNTech SE,Frankfurt Rhine-Main Metropolitan Area,2026-10-01,https://www.linkedin.com/jobs/view/4465629513 , ,li-4465629513,fulltime,,,,,,False,internship,,,info@atlas-phdprogram.com,Biotechnology Research,https://de.linkedin.com/company/biontech-se,,,,,,,,,,,
linkedin,PhD Student Power Electronics (f/m/d),Volkswagen Group,"Wolfsburg, Lower Saxony, Germany",2026-10-01,https://www.linkedin.com/jobs/view/4469031290 , ,li-4469031290,fulltime,,,,,,False,internship,,,,Motor Vehicle Manufacturing,https://de.linkedin.com/company/volkswagen-group,,,,,,,,,,,
linkedin,Junior Professor (Tenure Track) of Experimental Solid-State Physics with a Focus on Spin Physics,Physics World,"Mainz, Rhineland-Palatinate, Germany",2026-10-01,https://www.linkedin.com/jobs/view/4472543005 , ,li-4472543005,fulltime,,,,,,False,entry level,,,,Book and Periodical Publishing,https://uk.linkedin.com/company/physics-world,,,,,,,,,,,
linkedin,Machine Learning Researcher,THRYVE,Germany,2026-10-01,https://www.linkedin.com/jobs/view/4474323507 , ,li-4474323507,fulltime,,,,,,False,mid-senior level,,,Iman@thryvetalent.com,"IT Services and IT Consulting, Software Development, and Financial Services",https://de.linkedin.com/company/thryvetalent,,,,,,,,,,,
linkedin,Coherent Systems Architect - Optical Modem Modeling and Specification,Nokia,"Nuremberg, Bavaria, Germany",2026-10-01,https://www.linkedin.com/jobs/view/4434504933 , ,li-4434504933,fulltime,,,,,,False,not applicable,,,,IT Services and IT Consulting and Telecommunications,https://fi.linkedin.com/company/nokia,,,,,,,,,,,
linkedin,Data Scientist (Entry Level),SPRYFOX,"Darmstadt, Hesse, Germany",2026-10-01,https://www.linkedin.com/jobs/view/4472936688 , ,li-4472936688,fulltime,,,,,,False,entry level,,,,Information Technology & Services,https://de.linkedin.com/company/spryfox,,,,,,,,,,,
linkedin,"Data, Digital & AI- Frames Advanced Manufacturing Engineering VIE",Faurecia,Hannover-Braunschweig-Göttingen-Wolfsburg Region,2026-10-01,https://www.linkedin.com/jobs/view/4473934597 , ,li-4473934597,fulltime,,,,,,False,not applicable,,,,Motor Vehicle Manufacturing,https://fr.linkedin.com/company/faurecia,,,,,,,,,,,
linkedin,Engineer / Scientist / Technical or Mechanical Expert,European Patent Office,"Berlin, Germany",2026-10-01,https://www.linkedin.com/jobs/view/4472924716 , ,li-4472924716,fulltime,,,,,,False,associate,,,,"Government Administration, Research Services, and Engineering Services",https://de.linkedin.com/company/european-patent-office,,,,,,,,,,,
linkedin,Flex Trainee,Atlas Copco Group,Ruhr Region,2026-10-01,https://www.linkedin.com/jobs/view/4472524692 , ,li-4472524692,fulltime,,,,,,False,not applicable,,,,Machinery Manufacturing,https://se.linkedin.com/company/atlas-copco-group,,,,,,,,,,,
linkedin,Engineer / Scientist / Technical or Mechanical Expert,European Patent Office,"Munich, Bavaria, Germany",2026-10-01,https://www.linkedin.com/jobs/view/4459504861 , ,li-4459504861,fulltime,,,,,,False,associate,,,,"Government Administration, Research Services, and Engineering Services",https://de.linkedin.com/company/european-patent-office,,,,,,,,,,,
linkedin,2x Researcher (m/w/d/x) im EU-Projekt COMBO,Deutsches Forschungszentrum für Künstliche Intelligenz (DFKI),"Berlin, Germany",2026-10-01,https://www.linkedin.com/jobs/view/4472565928 , ,li-4472565928,fulltime,,,,,,False,entry level,,,,Research Services,https://de.linkedin.com/company/dfki,,,,,,,,,,,
linkedin,PhD Student AI-driven Global Customer Feedback And Decision-making Platforms (f/m/d),Volkswagen Group,"Wolfsburg, Lower Saxony, Germany",2026-10-01,https://www.linkedin.com/jobs/view/4461973962 , ,li-4461973962,fulltime,,,,,,False,internship,,,,Motor Vehicle Manufacturing,https://de.linkedin.com/company/volkswagen-group,,,,,,,,,,,
linkedin,Wissenschaftliche Mitarbeiterin oder Wissenschaftlicher Mitarbeiter (w/m/d) für Künstliche Intelligenz in der Produktion,Hochschule für angewandte Wissenschaften Kempten,"Kempten, Bavaria, Germany",2026-10-01,https://www.linkedin.com/jobs/view/4474317013 , ,li-4474317013,fulltime,,,,,,False,entry level,,,frieder.heieck@hs-kempten.de,Internet Publishing,https://de.linkedin.com/school/hs-kempten/,,,,,,,,,,,
linkedin,Praxisnahe Promotion im Bereich Unternehmensführung und Controlling,IPRI - International Performance Research Institute,"Stuttgart, Baden-Württemberg, Germany",2026-10-01,https://www.linkedin.com/jobs/view/4472909516 , ,li-4472909516,fulltime,,,,,,False,associate,,,,Education Administration Programs,https://de.linkedin.com/company/ipri-institute,,,,,,,,,,,
linkedin,Wissenschaftlicher Mitarbeiter (m/w/d) Umwelt- und Planungsrecht in Berlin,Linklaters Germany,"Berlin, Germany",2026-10-01,https://www.linkedin.com/jobs/view/4412090260 , ,li-4412090260,fulltime,,,,,,False,internship,,,recruitment.germany@linklaters.com,Law Practice,https://de.linkedin.com/company/linklaters-germany,,,,,,,,,,,
linkedin,Masterarbeit Datengetriebene Analyse und Prognose charakteristischer Thermal-Runaway-Kenngrößen von Lithium-Ionen-Zellen,Porsche AG,"Weissach, Baden-Württemberg, Germany",2026-10-01,https://www.linkedin.com/jobs/view/4412285033 , ,li-4412285033,fulltime,,,,,,False,internship,,,,Motor Vehicle Manufacturing,https://de.linkedin.com/company/porsche-ag,,,,,,,,,,,
linkedin,Scientific Researcher (PhD Candidate) in the field of AI-based structural design,SFB 1313 | University of Stuttgart,"Stuttgart, Baden-Württemberg, Germany",2026-10-01,https://www.linkedin.com/jobs/view/4472954340 , ,li-4472954340,parttime,,,,,,False,internship,,,sekretariat@ke.uni-stuttgart.de,Research,https://de.linkedin.com/company/sfb-1313,,,,,,,,,,,
linkedin,Akademischer Mitarbeiter (Doktorand) (m/w/d),SFB 1313 | University of Stuttgart,"Stuttgart, Baden-Württemberg, Germany",2026-10-01,https://www.linkedin.com/jobs/view/4472942773 , ,li-4472942773,fulltime,,,,,,False,internship,,,,Research,https://de.linkedin.com/company/sfb-1313,,,,,,,,,,,
linkedin,Doktorandin / Doktorand Leistungselektronik (w/m/d),Volkswagen Group,"Wolfsburg, Lower Saxony, Germany",2026-10-01,https://www.linkedin.com/jobs/view/4469036195 , ,li-4469036195,fulltime,,,,,,False,internship,,,,Motor Vehicle Manufacturing,https://de.linkedin.com/company/volkswagen-group,,,,,,,,,,,
linkedin,Doktorand Finite-Elemente-Simulation für Hochvoltspeicher-Fertigung (w/m/x),BMW Group,"Munich, Bavaria, Germany",2026-10-01,https://www.linkedin.com/jobs/view/4433956665 , ,li-4433956665,fulltime,,,,,,False,internship,,,,Motor Vehicle Manufacturing,https://de.linkedin.com/company/bmw-group,,,,,,,,,,,
linkedin,Doktorandin / Doktorand KI-gestützte globale Kundenfeedback- und Entscheidungsplattformen (w/m/d),Volkswagen Group,"Wolfsburg, Lower Saxony, Germany",2026-10-01,https://www.linkedin.com/jobs/view/4461991913 , ,li-4461991913,fulltime,,,,,,False,internship,,,,Motor Vehicle Manufacturing,https://de.linkedin.com/company/volkswagen-group,,,,,,,,,,,
linkedin,Artificial Intelligence Engineer,THRYVE,Germany,2026-10-01,https://www.linkedin.com/jobs/view/4474314649 , ,li-4474314649,fulltime,,,,,,False,mid-senior level,,,Iman@thryvetalent.com,"IT Services and IT Consulting, Software Development, and Financial Services",https://de.linkedin.com/company/thryvetalent,,,,,,,,,,,
linkedin,23 Interdisciplinary doctoral PhD projects in the fields of Ultrafast Science and Quantum Materials,MPI for the Structure and Dynamics of Matter,"Hamburg, Hamburg, Germany",2026-10-01,https://www.linkedin.com/jobs/view/4472518128 , ,li-4472518128,fulltime,,,,,,False,entry level,,,IMPRS.UFAST@mpsd.mpg.de,Research Services,https://de.linkedin.com/company/mpi-structure-and-dynamics-of-matter,,,,,,,,,,,
linkedin,R&D Engineer / Scientist / Developer,Atlas Copco Group,Ruhr Region,2026-10-01,https://www.linkedin.com/jobs/view/4472521978 , ,li-4472521978,fulltime,,,,,,False,not applicable,,,david.gabriel@atlascopco.com,Machinery Manufacturing,https://se.linkedin.com/company/atlas-copco-group,,,,,,,,,,,
linkedin,Chemical Engineer (m/f/d),HyImpulse,"Neuenstadt am Kocher, Baden-Württemberg, Germany",2026-10-01,https://www.linkedin.com/jobs/view/4472953368 , ,li-4472953368,fulltime,,,,,,False,entry level,,,,Aviation & Aerospace,https://de.linkedin.com/company/hyimpulse,,,,,,,,,,,
linkedin,"Postdoctoral Scientist, Amazon Robotics R&D",Amazon,"Berlin, Germany",2026-10-01,https://www.linkedin.com/jobs/view/4455902263 , ,li-4455902263,fulltime,,,,,,False,not applicable,,,,Software Development,https://www.linkedin.com/company/amazon,,,,,,,,,,,
linkedin,Postdoktorale Qualifikationsstelle in der Didaktik der Mathematik (100 %),FAU Erlangen-Nürnberg,"Nuremberg, Bavaria, Germany",2026-10-01,https://www.linkedin.com/jobs/view/4474308856 , ,li-4474308856,fulltime,,,,,,False,internship,,,,Research Services,https://de.linkedin.com/school/fau-erlangen-n%C3%BCrnberg/,,,,,,,,,,,
linkedin,"Wissenschaftliche Mitarbeiter (m/w/d) im Bereich IP, IT, AI & Commercial",Morrison Foerster,"Berlin, Berlin, Germany",2026-10-01,https://www.linkedin.com/jobs/view/4472958638 , ,li-4472958638,fulltime,,,,,,False,not applicable,,,recruiting.berlin@mofo.com,Law Practice,https://www.linkedin.com/company/morrison-foerster-llp,,,,,,,,,,,
linkedin,Masterand (m/w/d) Automatisierte Ergebnisplausibilisierung von 1-D Simulationsergebnissen dynamischer Lastfälle,Porsche AG,"Weissach, Baden-Württemberg, Germany",2026-10-01,https://www.linkedin.com/jobs/view/4461174456 , ,li-4461174456,fulltime,,,,,,False,internship,,,,Motor Vehicle Manufacturing,https://de.linkedin.com/company/porsche-ag,,,,,,,,,,,
linkedin,Scientist (f_m_x) – Preparation of the GRACE‑C Science Data System,GFZ Helmholtz Centre for Geosciences,"Wessling, Bavaria, Germany",2026-10-01,https://www.linkedin.com/jobs/view/4473913479 , ,li-4473913479,parttime,direct_data,monthly,4901.0,7025.0,EUR,False,mid-senior level,,,,Research Services,https://de.linkedin.com/company/gfz-helmholtz-zentrum-fuer-geoforschung,,,,,,,,,,,
linkedin,Research Engineer,ElevenLabs,Germany,2026-10-01,https://www.linkedin.com/jobs/view/4474368548 , ,li-4474368548,fulltime,,,,,,False,mid-senior level,,,,Research Services,https://uk.linkedin.com/company/elevenlabs,,,,,,,,,,,
linkedin,PhD positions (m/f/d) | Physics and Chemistry of Quantum Materials,Max Planck Society,"Dresden, Saxony, Germany",2026-10-01,https://www.linkedin.com/jobs/view/4472903739 , ,li-4472903739,fulltime,,,,,,False,internship,,,,Civic and Social Organizations,https://de.linkedin.com/school/max-planck-society/,,,,,,,,,,,
linkedin,Projektentwickler Wind & Site (w/m/d),VSB Group,"Dresden, Saxony, Germany",2026-10-01,https://www.linkedin.com/jobs/view/4434830066 , ,li-4434830066,fulltime,,,,,,False,entry level,,,,Services for Renewable Energy,https://de.linkedin.com/company/vsb-group,,,,,,,,,,,
linkedin,Brand Marketing Trainee (Graduate Program),Red Bull,"Munich, Bavaria, Germany",2026-10-01,https://www.linkedin.com/jobs/view/4474313426 , ,li-4474313426,fulltime,,,,,,False,entry level,,,,Food and Beverage Services,https://at.linkedin.com/company/red-bull,,,,,,,,,,,
linkedin,PhD Measuring and Scaling Agentic Software Engineering (f/m/x),BMW Group,"Munich, Bavaria, Germany",2026-10-01,https://www.linkedin.com/jobs/view/4474146256 , ,li-4474146256,parttime,,,,,,False,internship,,,,Motor Vehicle Manufacturing,https://de.linkedin.com/company/bmw-group,,,,,,,,,,,
linkedin,Wissenschaftliche/r Mitarbeiter/in (m/w/d) - Englische Linguistik,Universität Rostock,"Rostock, Mecklenburg-West Pomerania, Germany",2026-10-01,https://www.linkedin.com/jobs/view/4474306376 , ,li-4474306376,fulltime,,,,,,False,mid-senior level,,,"katja.hoepfner@uni-rostock.de, marion.schulte@uni-rostock.de",Internet Publishing,https://de.linkedin.com/school/university-of-rostock/,,,,,,,,,,,
linkedin,Doktorandin / Doktorand KI-Systeme Prozessplanung Automobilproduktion (w/m/d),Volkswagen Group,"Wolfsburg, Lower Saxony, Germany",2026-10-01,https://www.linkedin.com/jobs/view/4470305277 , ,li-4470305277,fulltime,,,,,,False,entry level,,,,Motor Vehicle Manufacturing,https://de.linkedin.com/company/volkswagen-group,,,,,,,,,,,
linkedin,Masterarbeit Sensor-Ready Gaussian Scene Representations for Simulation in Autonomous Driving,Porsche AG,"Weissach, Baden-Württemberg, Germany",2026-10-01,https://www.linkedin.com/jobs/view/4452272050 , ,li-4452272050,fulltime,,,,,,False,internship,,,,Motor Vehicle Manufacturing,https://de.linkedin.com/company/porsche-ag,,,,,,,,,,,
linkedin,PhD Student Agentic AI Process Design Automotive Production (f/m/d),Volkswagen Group,"Wolfsburg, Lower Saxony, Germany",2026-10-01,https://www.linkedin.com/jobs/view/4470303309 , ,li-4470303309,fulltime,,,,,,False,internship,,,,Motor Vehicle Manufacturing,https://de.linkedin.com/company/volkswagen-group,,,,,,,,,,,
linkedin,Wissenschaftliche Mitarbeiterin/Wissenschaftlicher Mitarbeiter (m/w/d) ZEGV,Universitätsklinikum Carl Gustav Carus Dresden,"Dresden, Saxony, Germany",2026-10-01,https://www.linkedin.com/jobs/view/4472518594 , ,li-4472518594,contract,,,,,,False,not applicable,,,,Wellness and Fitness Services,https://de.linkedin.com/company/universit%C3%A4tsklinikum-carl-gustav-carus,,,,,,,,,,,
linkedin,Masterand/in / Student/in (w/m/d) Entwicklung von Anbindungskonzepten im Flugzeugtriebwerk,German Aerospace Center (DLR),"Stuttgart, Baden-Württemberg, Germany",2026-10-01,https://www.linkedin.com/jobs/view/4472748133 , ,li-4472748133,fulltime,,,,,,False,internship,,,,Research Services,https://de.linkedin.com/company/dlr,,,,,,,,,,,
linkedin,Wissenschaftliche/r Mitarbeiter/in (m/w/d) - Leistungselektronik,Universität Rostock,"Rostock, Mecklenburg-West Pomerania, Germany",2026-10-01,https://www.linkedin.com/jobs/view/4474393895 , ,li-4474393895,fulltime,,,,,,False,mid-senior level,,,"pia.dahl@uni-rostock.de, hans-guenter.eckel@uni-rostock.de",Internet Publishing,https://de.linkedin.com/school/university-of-rostock/,,,,,,,,,,,
linkedin,Masterarbeit Entwicklung einer simulationsgestützten Methodik zur Charakterisierung des Ventverhaltens von Lithium-Ionen-Zellen,Porsche AG,"Weissach, Baden-Württemberg, Germany",2026-10-01,https://www.linkedin.com/jobs/view/4448436064 , ,li-4448436064,fulltime,,,,,,False,internship,,,,Motor Vehicle Manufacturing,https://de.linkedin.com/company/porsche-ag,,,,,,,,,,,
linkedin,"Research asscociate/ Doctoral candidate (m/w/d) for the project ""The function of tumour-associated neutrophils on the spontaneous regression of colon polyps""",Technische Universität München (Technical University of Munich),"Munich, Bavaria, Germany",2026-10-01,https://www.linkedin.com/jobs/view/4472538967 , ,li-4472538967,fulltime,,,,,,False,internship,,,"friederike.ebner@tum.de, friederike.ebner@tum.de",Higher Education,https://de.linkedin.com/school/c446-deccan-m.ed-college-gulbarga/,,,,,,,,,,,
linkedin,Masterarbeit Auslegung und Validierung der Kabelschutzfunktionen von elektronischen Sicherungen in modernen automotiven Bordnetzen,Porsche AG,"Weissach, Baden-Württemberg, Germany",2026-10-01,https://www.linkedin.com/jobs/view/4435917178 , ,li-4435917178,fulltime,,,,,,False,internship,,,,Motor Vehicle Manufacturing,https://de.linkedin.com/company/porsche-ag,,,,,,,,,,,
linkedin,Wissenschaftliche Assistenz (w/m/d) für die Aufbereitung von Verzehrsdaten in der Initialstudie nemo Erwachsene (Bachelor),Max Rubner-Institut,"Karlsruhe, Baden-Württemberg, Germany",2026-10-01,https://www.linkedin.com/jobs/view/4474160072 , ,li-4474160072,fulltime,,,,,,False,entry level,,,,Research Services,https://de.linkedin.com/company/max-rubner-institut,,,,,,,,,,,
linkedin,Student (f/m/x) Modelling and Characterization of Ship Airwake Disturbances,German Aerospace Center (DLR),"Brunswick, Lower Saxony, Germany",2026-10-01,https://www.linkedin.com/jobs/view/4472138178 , ,li-4472138178,fulltime,,,,,,False,internship,,,,Research Services,https://de.linkedin.com/company/dlr,,,,,,,,,,,
linkedin,Chemisch-Technischer Assistent im Bereich Entsorgung m/w/d,SPIE SAT,"Limburgerhof, Rhineland-Palatinate, Germany",2026-10-01,https://www.linkedin.com/jobs/view/4472388763 , ,li-4472388763,fulltime,,,,,,False,entry level,,,,Environmental Services,https://de.linkedin.com/company/spie-sat,,,,,,,,,,,
linkedin,Wissenschaftlicher Mitarbeiter (m/w/d) im Bereich Legal Tech/Funds,YPOG,"Berlin, Berlin, Germany",2026-10-01,https://www.linkedin.com/jobs/view/4474353895 , ,li-4474353895,internship,,,,,,False,internship,,,karriere@ypog.law,Law Practice,https://de.linkedin.com/company/ypog,,,,,,,,,,,
linkedin,Doktorand:in / Wissenschaftliche:r Mitarbeiter:in (w/m/d) für Entwerfen und Technologie resilienter Architektur,Technische Universität Darmstadt,"Darmstadt, Hesse, Germany",2026-10-01,https://www.linkedin.com/jobs/view/4472973972 , ,li-4472973972,fulltime,,,,,,False,internship,,,,Higher Education,https://de.linkedin.com/school/technische-universitat-darmstadt/,,,,,,,,,,,
linkedin,Academic Research Assistant Position (PhD Candidate) (f/m/d),Karlsruhe Institute of Technology (KIT),"Eggenstein-Leopoldshafen, Baden-Württemberg, Germany",2026-10-01,https://www.linkedin.com/jobs/view/4472550635 , ,li-4472550635,parttime,,,,,,False,internship,,,"ingrid.ott@kit.edu, julia.boldt@partner.kit.edu",Higher Education,https://de.linkedin.com/school/kit/,,,,,,,,,,,
linkedin,Scientific Coworker in IVF-laboratory (full-time for 2 years),Forschungsverbund Berlin e.V.,"Berlin, Berlin, Germany",2026-10-01,https://www.linkedin.com/jobs/view/4473124841 , ,li-4473124841,parttime,,,,,,False,mid-senior level,,,,Research Services,https://de.linkedin.com/company/forschungsverbund-berlin,,,,,,,,,,,
linkedin,Chemielaborant (m/w/d),SONAE ARAUCO,"Kaisersesch, Rhineland-Palatinate, Germany",2026-10-01,https://www.linkedin.com/jobs/view/4472524935 , ,li-4472524935,fulltime,,,,,,False,entry level,,,,Paper and Forest Product Manufacturing,https://pt.linkedin.com/company/sonaearauco,,,,,,,,,,,
linkedin,"Masterarbeit Konzeption, prototypische Umsetzung und Evaluation eines on-premise KI-Assistenzsystems für das Prüfstands-Engineering",Porsche AG,"Weissach, Baden-Württemberg, Germany",2026-10-01,https://www.linkedin.com/jobs/view/4454120112 , ,li-4454120112,fulltime,,,,,,False,internship,,,,Motor Vehicle Manufacturing,https://de.linkedin.com/company/porsche-ag,,,,,,,,,,,
linkedin,Strategy & Insights Trainee - Off Premise (Graduate Program),Red Bull,"Munich, Bavaria, Germany",2026-10-01,https://www.linkedin.com/jobs/view/4474313425 , ,li-4474313425,fulltime,,,,,,False,entry level,,,,Food and Beverage Services,https://at.linkedin.com/company/red-bull,,,,,,,,,,,
linkedin,Wissenschaftlicher Mitarbeiter (m/w/d) im Bereich Legal Tech/Funds,YPOG,"Munich, Bavaria, Germany",2026-10-01,https://www.linkedin.com/jobs/view/4474359701 , ,li-4474359701,internship,,,,,,False,internship,,,karriere@ypog.law,Law Practice,https://de.linkedin.com/company/ypog,,,,,,,,,,,
linkedin,Assistant for the water laboratory at TEAC f/m/d,SRH University,"Heidelberg, Baden-Württemberg, Germany",2026-10-01,https://www.linkedin.com/jobs/view/4473518949 , ,li-4473518949,fulltime,,,,,,False,entry level,,,karinaelena.bach@srh.de,Individual and Family Services,https://de.linkedin.com/school/srh-university/,,,,,,,,,,,
linkedin,Master-Studierende (m/w/d) für die praxisnahe Forschung im Bereich Netzdienlicher Einsatz von NEA-Aggregaten (Netzersatzanlage),Finanz Informatik,"Münster, North Rhine-Westphalia, Germany",2026-10-01,https://www.linkedin.com/jobs/view/4454974968 , ,li-4454974968,fulltime,,,,,,False,associate,,,,"IT Services and IT Consulting, Banking, and Financial Services",https://de.linkedin.com/company/finanz-informatik,,,,,,,,,,,
linkedin,Research assistant (f/m/d) - Department of Economics and Media Science  - Group Marketing - ID 50/2025,Technische Universität Ilmenau,"Ilmenau, Thuringia, Germany",2026-10-01,https://www.linkedin.com/jobs/view/4460364908 , ,li-4460364908,fulltime,,,,,,False,entry level,,,,Internet Publishing,https://de.linkedin.com/school/tu-ilmenau/,,,,,,,,,,,
linkedin,Wissenschaftliche:r Mitarbeiter:in / Doktorand:in (w/m/d) - FG Entwerfen und Technologie resilienter Architektur,Technische Universität Darmstadt,"Darmstadt, Hesse, Germany",2026-10-01,https://www.linkedin.com/jobs/view/4472986438 , ,li-4472986438,fulltime,,,,,,False,entry level,,,,Higher Education,https://de.linkedin.com/school/technische-universitat-darmstadt/,,,,,,,,,,,
linkedin,"2026, Student / Research Assistant, Hamburg",Clyde & Co,"Hamburg, Hamburg, Germany",2026-10-01,https://www.linkedin.com/jobs/view/4437776834 , ,li-4437776834,fulltime,,,,,,False,internship,,,,Law Practice,https://uk.linkedin.com/company/clydeco,,,,,,,,,,,
linkedin,"Mitarbeiter Labor - Forschung & Entwicklung und Qualitätssicherung (m,w,d)",FRANKEN SYSTEMS GmbH,"Gollhofen, Bavaria, Germany",2026-10-01,https://www.linkedin.com/jobs/view/4472942737 , ,li-4472942737,fulltime,,,,,,False,mid-senior level,,,bewerbung@franken-systems.de,Chemical Manufacturing,https://de.linkedin.com/company/franken-systems-gmbh,,,,,,,,,,,
linkedin,Master-Studierende (m/w/d) für die praxisnahe Forschung im Bereich Netzdienlicher Einsatz von NEA-Aggregaten (Netzersatzanlage),Finanz Informatik,"Hannover, Lower Saxony, Germany",2026-10-01,https://www.linkedin.com/jobs/view/4455406000 , ,li-4455406000,fulltime,,,,,,False,associate,,,,"IT Services and IT Consulting, Banking, and Financial Services",https://de.linkedin.com/company/finanz-informatik,,,,,,,,,,,
linkedin,Chemisch-technische/r Assistent/in / Chemielaborant/in (m/w/d),Chemisches und Veterinäruntersuchungsamt Westfalen,"Arnsberg, North Rhine-Westphalia, Germany",2026-10-01,https://www.linkedin.com/jobs/view/4474311161 , ,li-4474311161,fulltime,,,,,,False,entry level,,,,Internet Publishing,https://www.linkedin.com/company/chemisches-und-veterin%C3%A4runtersuchungsamt-westfalen,,,,,,,,,,,
linkedin,Research Assistant (m/f/d) - Machine Learning for Earth Observation,Universität Rostock,"Rostock, Mecklenburg-West Pomerania, Germany",2026-10-01,https://www.linkedin.com/jobs/view/4474502342 , ,li-4474502342,fulltime,,,,,,False,entry level,,,"pia.dahl@uni-rostock.de, stefan.oehmcke@uni-rostock.de",Internet Publishing,https://de.linkedin.com/school/university-of-rostock/,,,,,,,,,,,
linkedin,TA in Molecular and Cellular Physiology of human cells (m/f/x),Biomedical Center (BMC) LMU Munich,"Krailling, Bavaria, Germany",2026-10-01,https://www.linkedin.com/jobs/view/4474691742 , ,li-4474691742,contract,,,,,,False,entry level,,,Silvia.Cappello@lmu.de,Higher Education,https://de.linkedin.com/company/biomedical-center-munich,,,,,,,,,,,
linkedin,Wissenschaftliche/r Mitarbeiter/in (m/w/d) - Machine Learning für Erdbeobachtung,Universität Rostock,"Rostock, Mecklenburg-West Pomerania, Germany",2026-10-01,https://www.linkedin.com/jobs/view/4474395775 , ,li-4474395775,fulltime,,,,,,False,not applicable,,,"pia.dahl@uni-rostock.de, stefan.oehmcke@uni-rostock.de",Internet Publishing,https://de.linkedin.com/school/university-of-rostock/,,,,,,,,,,,
linkedin,Trainee Anwendungstechnik (m/w/d),GoodMills Deutschland GmbH,"Hamburg, Hamburg, Germany",2026-10-01,https://www.linkedin.com/jobs/view/4474511505 , ,li-4474511505,fulltime,,,,,,False,internship,,,,Food and Beverage Manufacturing,https://de.linkedin.com/company/goodmills-deutschland-gmbh,,,,,,,,,,,
linkedin,Juniorprofessur (W1 mit Tenure-Track-Option auf W3) Probabilistische Methoden im Maschinellen Lernen,Brandenburgische Technische Universität Cottbus-Senftenberg,"Cottbus, Brandenburg, Germany",2026-09-30,https://www.linkedin.com/jobs/view/4472643633 , ,li-4472643633,fulltime,,,,,,False,not applicable,,,,Higher Education,https://de.linkedin.com/school/btu-cottbus-senftenberg/,,,,,,,,,,,
linkedin,Research Associate for the Project “nEXt-RNA” PhD position § 28 Subsection 3 HmbHG (2 positions),University of Hamburg,"Hamburg, Hamburg, Germany",2026-09-30,https://www.linkedin.com/jobs/view/4473745703 , ,li-4473745703,fulltime,,,,,,False,internship,,,,Research Services,https://de.linkedin.com/school/unihamburg/,,,,,,,,,,,
linkedin,Scientist,"Jiangsu Surun Talent Development Group Co., Ltd.","Berlin, Germany",2026-09-30,https://www.linkedin.com/jobs/view/4473722164 , ,li-4473722164,other,direct_data,yearly,64000.0,256000.0,EUR,False,not applicable,,,jiahe.zhang@suruntalent.com,"Technology, Information and Media",https://www.linkedin.com/company/suruntalentgroup,,,,,,,,,,,
linkedin,Masterarbeit Corporate Market Prospects – Zukunftsmärkte & Innovation (m/w/d),Rosenxt Group,"Lohne, Lower Saxony, Germany",2026-09-30,https://www.linkedin.com/jobs/view/4472620225 , ,li-4472620225,fulltime,,,,,,False,internship,,,,Engineering Services,https://ch.linkedin.com/company/rosenxt,,,,,,,,,,,
linkedin,Doktorand*in für Promotion Mercedes-Benz Art Collection,Mercedes-Benz Group AG,"Stuttgart, Baden-Württemberg, Germany",2026-09-30,https://www.linkedin.com/jobs/view/4472611213 , ,li-4472611213,fulltime,,,,,,False,internship,,,"sbv-zentrale@mercedes-benz.com, myhrservice@mercedes-benz.com",Motor Vehicle Manufacturing,https://de.linkedin.com/company/mercedes-benz-group-ag,,,,,,,,,,,
linkedin,Modelling Scientist (f/m/d),Coriolis Pharma,Greater Munich Metropolitan Area,2026-09-30,https://www.linkedin.com/jobs/view/4472324257 , ,li-4472324257,fulltime,,,,,,False,mid-senior level,,,,Pharmaceutical Manufacturing,https://de.linkedin.com/company/coriolis-pharma,,,,,,,,,,,
linkedin,Wiss. Mitarbeiter*in (Postdoc) (m/w/d) (920),Freie Universität Berlin,"Berlin, Berlin, Germany",2026-09-30,https://www.linkedin.com/jobs/view/4472101292 , ,li-4472101292,fulltime,,,,,,False,internship,,,christof.schuette@fu-berlin.de,Research Services,https://de.linkedin.com/school/freie-universitat-berlin/,,,,,,,,,,,
linkedin,"Junior Acoustic Engineer, Pro Audio (m/w/d)",Adam Hall Group,"Neu-Anspach, Hesse, Germany",2026-09-30,https://www.linkedin.com/jobs/view/4463036432 , ,li-4463036432,fulltime,,,,,,False,entry level,,,,Electrical Equipment Manufacturing,https://de.linkedin.com/company/adam-hall-group,,,,,,,,,,,
linkedin,Scientific Officer - Metabolomics Core Facility,EMBL,"Heidelberg, Baden-Württemberg, Germany",2026-09-30,https://www.linkedin.com/jobs/view/4473708003 , ,li-4473708003,fulltime,,,,,,False,mid-senior level,,,,Research Services,https://de.linkedin.com/company/embl,,,,,,,,,,,
linkedin,Juniorprofessur (W1) mit Tenure-Track auf eine unbefristete W2-Universitätsprofessur - Mathematikdidaktik mit Schwerpunkt Primarstufe,Universität Siegen,"Siegen, North Rhine-Westphalia, Germany",2026-09-30,https://www.linkedin.com/jobs/view/4472636958 , ,li-4472636958,fulltime,,,,,,False,entry level,,,,Higher Education,https://de.linkedin.com/school/unisiegen/,,,,,,,,,,,
linkedin,Stellenausschreibung Consultant Simulation,SimPlan Group,"Hamburg, Hamburg, Germany",2026-09-30,https://www.linkedin.com/jobs/view/4472312344 , ,li-4472312344,fulltime,,,,,,False,entry level,,,"Bewerbung@SimPlan.de, Bewerbung@SimPlan.de, Bewerbung@SimPlan.de, Bewerbung@SimPlan.de, Bewerbung@SimPlan.de",IT Services and IT Consulting,https://de.linkedin.com/company/simplan-ag,,,,,,,,,,,
linkedin,"Projektmitarbeit  (w/m/d) ""INTEGROmini"" - Kennziffer: 13530105-4/2026",Hochschule Neubrandenburg,"Neubrandenburg, Mecklenburg-West Pomerania, Germany",2026-09-30,https://www.linkedin.com/jobs/view/4473783501 , ,li-4473783501,fulltime,,,,,,False,entry level,,,,Internet Publishing,https://de.linkedin.com/school/hochschule-neubrandenburg/,,,,,,,,,,,
linkedin,PluriSelect Life Science Technischer Assistent/ Technische Assistentin (m/w/d),pluriSelect Life Science,"Leipzig, Saxony, Germany",2026-09-30,https://www.linkedin.com/jobs/view/4472185419 , ,li-4472185419,fulltime,,,,,,False,entry level,,,,Biotechnology Research,https://de.linkedin.com/company/pluriselect-life-sience,,,,,,,,,,,
linkedin,Biologisch-technischer Assistent*in bzw. Biologielaborant*in (w/m/d),"Forschungszentrum Borstel, Leibniz Lungenzentrum","Oering, Schleswig-Holstein, Germany",2026-09-30,https://www.linkedin.com/jobs/view/4473756041 , ,li-4473756041,fulltime,,,,,,False,associate,,,shomolka@fz-borstel.de,Education Administration Programs,https://de.linkedin.com/company/forschungszentrum-borstel-leibniz-lungenzentrum,,,,,,,,,,,
linkedin,Wissenschaftliche/r Mitarbeiter/in (m/w/d) - im Bereich Technische Thermodynamik,Universität Rostock,"Rostock, Mecklenburg-West Pomerania, Germany",2026-09-30,https://www.linkedin.com/jobs/view/4473772778 , ,li-4473772778,fulltime,,,,,,False,mid-senior level,,,karsten.mueller@uni-rostock.de,Internet Publishing,https://de.linkedin.com/school/university-of-rostock/,,,,,,,,,,,
linkedin,Biologisch-technischer Assistent*in bzw. Biologielaborant*in (w/m/d).,Leibniz Association,"Borstel, Lower Saxony, Germany",2026-09-30,https://www.linkedin.com/jobs/view/4473799775 , ,li-4473799775,fulltime,,,,,,False,entry level,,,,Research,https://de.linkedin.com/company/leibniz-gemeinschaft,,,,,,,,,,,
linkedin,"Experienced Clinical Trials Assistant (m/w/d), home-based in Germany",IQVIA,"Frankfurt am Main, Hesse, Germany",2026-09-30,https://www.linkedin.com/jobs/view/4472324420 , ,li-4472324420,fulltime,,,,,,False,mid-senior level,,,,Hospitals and Health Care,https://www.linkedin.com/company/iqvia,,,,,,,,,,,
linkedin,Student (w/m/d) - Unterstützung bei der Entwicklung synthetischer Umgebungen in der Unreal Engine,German Aerospace Center (DLR),"Sankt Augustin, North Rhine-Westphalia, Germany",2026-09-30,https://www.linkedin.com/jobs/view/4471860870 , ,li-4471860870,fulltime,,,,,,False,internship,,,,Research Services,https://de.linkedin.com/company/dlr,,,,,,,,,,,
linkedin,Student (w/m/d) - Unterstützung bei der Entwicklung synthetischer Umgebungen in der Unreal Engine,German Aerospace Center (DLR),"Ulm, Baden-Württemberg, Germany",2026-09-30,https://www.linkedin.com/jobs/view/4471875102 , ,li-4471875102,fulltime,,,,,,False,internship,,,,Research Services,https://de.linkedin.com/company/dlr,,,,,,,,,,,
linkedin,"Wissenschaftliche:r Mitarbeiter:in (f/m/d, Vollzeit) zur Optimierung sektorengekoppelter Energiesysteme",Technische Universität München (Technical University of Munich),"Munich, Bavaria, Germany",2026-09-30,https://www.linkedin.com/jobs/view/4471999388 , ,li-4471999388,fulltime,,,,,,False,entry level,,,"benedikt.schweiger@tum.de, Benedikt.Schweiger@tum.de",Higher Education,https://de.linkedin.com/school/c446-deccan-m.ed-college-gulbarga/,,,,,,,,,,,
linkedin,Chemielaborant/Chemitechniker (alle Geschlechter) im Bereich Structure Elucidation/Early Metabolism,Bayer,"Monheim, North Rhine-Westphalia, Germany",2026-09-30,https://www.linkedin.com/jobs/view/4473251724 , ,li-4473251724,fulltime,,,,,,False,mid-senior level,,,,"Chemical Manufacturing, Pharmaceutical Manufacturing, and Biotechnology Research",https://de.linkedin.com/company/bayer,,,,,,,,,,,
linkedin,Wissenschaftliche/-r Mitarbeiter/-in im Bereich Tumorzellbiologie und Apoptoseforschung (m/w/d/x),Leipzig University,"Leipzig, Saxony, Germany",2026-09-30,https://www.linkedin.com/jobs/view/4472125486 , ,li-4472125486,fulltime,,,,,,False,mid-senior level,,,schwerbehindertenvertretung@uni-leipzig.de,Internet Publishing,https://de.linkedin.com/school/university-of-leipzig/,,,,,,,,,,,
linkedin,Laborant (w/m/d) Development Drug Substance,IDT Biologika,"Dessau-Roßlau, Saxony-Anhalt, Germany",2026-09-30,https://www.linkedin.com/jobs/view/4472160709 , ,li-4472160709,fulltime,,,,,,False,mid-senior level,,,,Pharmaceutical Manufacturing,https://de.linkedin.com/company/idtbiologika,,,,,,,,,,,
linkedin,Laborant / Technischer Assistent (m/w/d),ProBioGen AG,"Berlin, Berlin, Germany",2026-09-30,https://www.linkedin.com/jobs/view/4462599235 , ,li-4462599235,fulltime,,,,,,False,entry level,,,pod@probiogen.de,Biotechnology Research,https://de.linkedin.com/company/probiogen-ag,,,,,,,,,,,
linkedin,Wissenschaftliche*n Mitarbeiter*in / Doktorand*in (m/w/d) in der neuen Arbeitsgruppe „Individuelle Entwicklung und Adaptives Lernen“,Leibniz-Institut für Wissensmedien (IWM) @IWMtue@wisskomm.social,"Tübingen, Baden-Württemberg, Germany",2026-09-30,https://www.linkedin.com/jobs/view/4472636957 , ,li-4472636957,fulltime,,,,,,False,entry level,,,,Research Services,https://de.linkedin.com/company/leibniz-institut-f-r-wissensmedien,,,,,,,,,,,
linkedin,Ausbildung 2027 - Biologielaborant (m/w/d),GSK,"Marburg an der Lahn, Hesse, Germany",2026-09-30,https://www.linkedin.com/jobs/view/4425309001 , ,li-4425309001,fulltime,,,,,,False,internship,,,"johanna.x.erkel@gsk.com, de.contact-recruitment@gsk.com, DE.Contact-Recruitment@gsk.com",Pharmaceutical Manufacturing,https://uk.linkedin.com/company/gsk,,,,,,,,,,,
linkedin,"Wissenschaftliche Mitarbeit  (w/m/d) ""INTEGROmini"" - Kennziffer: 13530105-1/2026",Hochschule Neubrandenburg,"Neubrandenburg, Mecklenburg-West Pomerania, Germany",2026-09-30,https://www.linkedin.com/jobs/view/4472134273 , ,li-4472134273,fulltime,,,,,,False,internship,,,,Internet Publishing,https://de.linkedin.com/school/hochschule-neubrandenburg/,,,,,,,,,,,
linkedin,Naturwissenschaftler (m/w/d) mit Erfahrung - Life Science,agap2 Germany,"Munich, Bavaria, Germany",2026-09-30,https://www.linkedin.com/jobs/view/4472110618 , ,li-4472110618,fulltime,,,,,,False,entry level,,,,Pharmaceutical Manufacturing,https://de.linkedin.com/company/agap2-germany,,,,,,,,,,,
linkedin,Physiklaborant (m/w/d),STOCKO CONTACT GmbH & Co. KG,"Hellenthal, North Rhine-Westphalia, Germany",2026-09-30,https://www.linkedin.com/jobs/view/4472626141 , ,li-4472626141,fulltime,,,,,,False,entry level,,,,"Appliances, Electrical, and Electronics Manufacturing",https://de.linkedin.com/company/stocko-contact-gmbh,,,,,,,,,,,
linkedin,Student*in für Masterarbeit Fahrwerk- & Triebstranglagerung,Mercedes-Benz AG,"Sindelfingen, Baden-Württemberg, Germany",2026-09-30,https://www.linkedin.com/jobs/view/4472615001 , ,li-4472615001,fulltime,,,,,,False,internship,,,"sbv-sindelfingen@mercedes-benz.com, myhrservice@mercedes-benz.com",Motor Vehicle Manufacturing,https://de.linkedin.com/company/mercedes-benz_ag,,,,,,,,,,,
linkedin,PhD IT (m/f/d),Technische Universität Dresden,"Dresden, Saxony, Germany",2026-09-30,https://www.linkedin.com/jobs/view/4473732742 , ,li-4473732742,parttime,direct_data,yearly,53388.0,65252.0,EUR,False,associate,,,,Information Technology & Services,https://de.linkedin.com/school/tu-dresden/,,,,,,,,,,,
linkedin,Wissenschaftliche*r Mitarbeiter*in (Praedoc) (w/m/d) am Fachbereich Physik,Freie Universität Berlin,"Berlin, Berlin, Germany",2026-09-29,https://www.linkedin.com/jobs/view/4471771980 , ,li-4471771980,fulltime,,,,,,False,entry level,,,,Research Services,https://de.linkedin.com/school/freie-universitat-berlin/,,,,,,,,,,,
