site,title,company,location,date_posted,job_url,job_url_direct,id,job_type,salary_source,interval,min_amount,max_amount,currency,is_remote,job_level,job_function,listing_type,emails,company_industry,company_url,company_url_direct,company_addresses,company_num_employees,company_revenue,company_description,skills,experience_range,company_rating,company_reviews_count,vacancy_count,work_from_home_type
linkedin,Mission System Engineer (m/f/x),Grob Aircraft,"Tussenhausen, Bavaria, Germany",2026-08-09,https://www.linkedin.com/jobs/view/4390356649 , ,li-4390356649,fulltime,,,,,,False,entry level,Information Technology,,,Aviation and Aerospace Component Manufacturing,https://de.linkedin.com/company/grobaircraft,,,,,,,,,,,
linkedin,CFD Software Developer,Siemens,"Munich, Bavaria, Germany",2026-08-09,https://www.linkedin.com/jobs/view/4424220655 , ,li-4424220655,fulltime,,,,,,False,mid-senior level,Research,,,Automation Machinery Manufacturing,https://de.linkedin.com/company/siemens,,,,,,,,,,,
linkedin,Hochfrequenz / RF Engineer (m/f/d),WORK Microwave,"Holzkirchen, Bavaria, Germany",2026-08-09,https://www.linkedin.com/jobs/view/4323014768 , ,li-4323014768,fulltime,,,,,,False,entry level,Engineering and Information Technology,,,Computers and Electronics Manufacturing,https://de.linkedin.com/company/work-microwave-gmbh,,,,,,,,,,,
linkedin,Junior Elektroingenieur (m/w/d),mamgo | Talente 🔗 Jobs,"Munich, Bavaria, Germany",2026-08-09,https://www.linkedin.com/jobs/view/4451346427 , ,li-4451346427,fulltime,,,,,,False,entry level,Engineering and Information Technology,,,"Technology, Information and Internet",https://de.linkedin.com/company/mamgo-io,,,,,,,,,,,
linkedin,Senior Development Engineer (m/w/d) EMV,Elmos,"Dortmund, North Rhine-Westphalia, Germany",2026-08-09,https://www.linkedin.com/jobs/view/4423921813 , ,li-4423921813,fulltime,,,,,,False,mid-senior level,Engineering and Information Technology,,,Semiconductor Manufacturing,https://de.linkedin.com/company/elmos,,,,,,,,,,,
linkedin,Field Application Engineer - AI Software & Hardware,Tenstorrent,"Munich, Bavaria, Germany",2026-08-09,https://www.linkedin.com/jobs/view/4433406948 , ,li-4433406948,fulltime,,,,,,True,mid-senior level,Sales and Business Development,,,Computer Hardware Manufacturing,https://ca.linkedin.com/company/tenstorrent-inc.,,,,,,,,,,,
linkedin,Senior Computer Vision Engineer – UAS Tracking,Next-Generation Air Defense | Stealth Mode,"Berlin, Berlin, Germany",2026-08-09,https://www.linkedin.com/jobs/view/4451351344 , ,li-4451351344,parttime,,,,,,False,mid-senior level,Engineering and Information Technology,,,Defense and Space Manufacturing,https://de.linkedin.com/company/stealth-startup-deep-defense-tech,,,,,,,,,,,
linkedin,Computer Vision / Perception Engineer (Senior/Expert),VINFAST,"Frankfurt am Main, Hesse, Germany",2026-08-09,https://www.linkedin.com/jobs/view/4450974003 , ,li-4450974003,fulltime,,,,,,False,mid-senior level,Engineering and Information Technology,,,Automotive,https://vn.linkedin.com/company/vinfast,,,,,,,,,,,
linkedin,(Sr.) ENGINEER FOR BRAKES ENGINEERING (M/F/D),Hyundai Motor Europe Technical Center GmbH,"Rüsselsheim, Hesse, Germany",2026-08-09,https://www.linkedin.com/jobs/view/4344757136 , ,li-4344757136,fulltime,,,,,,False,mid-senior level,Engineering and Information Technology,,,Motor Vehicle Manufacturing,https://de.linkedin.com/company/hyundaimotoreuropetechnicalcentergmbh,,,,,,,,,,,
linkedin,"Entwicklungsingenieur Elektrik/ Elektronik, all genders",SALT AND PEPPER Group,"Kempten, Bavaria, Germany",2026-08-08,https://www.linkedin.com/jobs/view/4432653473 , ,li-4432653473,fulltime,,,,,,False,entry level,Engineering and Information Technology,,,Engineering Services,https://de.linkedin.com/company/salt-and-pepper,,,,,,,,,,,
linkedin,Senior Projektingenieur:in Telekommunikation für Infrastrukturprojekte,Deutsche Bahn,"Dresden, Saxony, Germany",2026-08-08,https://www.linkedin.com/jobs/view/4410367079 , ,li-4410367079,fulltime,,,,,,False,mid-senior level,Engineering and Information Technology,,,Truck Transportation,https://de.linkedin.com/company/deutschebahn,,,,,,,,,,,
linkedin,Staff Hardware Security Engineer,Arm,"Munich, Bavaria, Germany",2026-08-08,https://www.linkedin.com/jobs/view/4414715497 , ,li-4414715497,fulltime,,,,,,False,associate,Information Technology,,,"Semiconductor Manufacturing, Software Development, and Computer Hardware Manufacturing",https://uk.linkedin.com/company/arm,,,,,,,,,,,
linkedin,"Display Test Engineer, Optical Metrology",Meta,"Regensburg, Bavaria, Germany",2026-08-08,https://www.linkedin.com/jobs/view/4420783514 , ,li-4420783514,fulltime,,,,,,False,not applicable,Engineering and Information Technology,,,"Technology, Information and Internet",https://www.linkedin.com/company/meta,,,,,,,,,,,
linkedin,"System Engineer für Entwicklungsprojekte, all genders",SALT AND PEPPER Group,"Kempten, Bavaria, Germany",2026-08-08,https://www.linkedin.com/jobs/view/4432637781 , ,li-4432637781,fulltime,,,,,,False,entry level,Information Technology,,,Engineering Services,https://de.linkedin.com/company/salt-and-pepper,,,,,,,,,,,
linkedin,"Projektingenieur Elektrik/ Elektronik, all genders",SALT AND PEPPER Group,"Ulm, Baden-Württemberg, Germany",2026-08-08,https://www.linkedin.com/jobs/view/4432655345 , ,li-4432655345,fulltime,,,,,,False,entry level,Engineering and Information Technology,,,Engineering Services,https://de.linkedin.com/company/salt-and-pepper,,,,,,,,,,,
linkedin,Manufacturing Engineer CAD or Tooling Engineer CAD (m/f/d),Isar Aerospace,"Ottobrunn, Bavaria, Germany",2026-08-08,https://www.linkedin.com/jobs/view/4399813484 , ,li-4399813484,fulltime,,,,,,False,entry level,Engineering and Information Technology,,,Aviation and Aerospace Component Manufacturing,https://de.linkedin.com/company/isaraerospace,,,,,,,,,,,
linkedin,Techniker im Bereich Leistungselektronik,Chemnitz Power Labs GmbH,"Chemnitz, Saxony, Germany",2026-08-08,https://www.linkedin.com/jobs/view/4449252756 , ,li-4449252756,fulltime,,,,,,False,entry level,Engineering,,,IT Services and IT Consulting,https://de.linkedin.com/company/chemnitz-power-labs-gmbh,,,,,,,,,,,
linkedin,Engineer II-Device,Microchip Technology Inc.,"Teltow, Brandenburg, Germany",2026-08-08,https://www.linkedin.com/jobs/view/4433348874 , ,li-4433348874,fulltime,,,,,,False,mid-senior level,Engineering,,,"Appliances, Electrical, and Electronics Manufacturing and Semiconductor Manufacturing",https://www.linkedin.com/company/microchip-technology,,,,,,,,,,,
linkedin,System Architect for Mission Systems,Airbus Defence and Space,"Manching, Bavaria, Germany",2026-08-08,https://www.linkedin.com/jobs/view/4451008090 , ,li-4451008090,parttime,,,,,,False,mid-senior level,Engineering and Information Technology,,emsom@airbus.com,Defense and Space Manufacturing,https://www.linkedin.com/company/airbus-defence-and-space,,,,,,,,,,,
linkedin,Vacuum Engineer (f/m/d),Focused Energy,"Darmstadt, Hesse, Germany",2026-08-08,https://www.linkedin.com/jobs/view/4433802148 , ,li-4433802148,fulltime,,,,,,False,mid-senior level,Engineering and Information Technology,,,Electric Power Generation,https://de.linkedin.com/company/focused-energy-inc,,,,,,,,,,,
linkedin,Elektronikentwickler (m/w/d),SOMNOmedics AG,"Randersacker, Bavaria, Germany",2026-08-08,https://www.linkedin.com/jobs/view/4451077162 , ,li-4451077162,fulltime,,,,,,False,mid-senior level,Research and Engineering,,,Medical Equipment Manufacturing,https://de.linkedin.com/company/somnomedics-europe,,,,,,,,,,,
linkedin,"Junior Consultant Software Integrator, all genders",SALT AND PEPPER Group,"Berlin, Germany",2026-08-08,https://www.linkedin.com/jobs/view/4432653476 , ,li-4432653476,fulltime,,,,,,False,entry level,Engineering and Information Technology,,,Engineering Services,https://de.linkedin.com/company/salt-and-pepper,,,,,,,,,,,
linkedin,Systemingenieur (m/w/d),Silver Atena GmbH,"Bremen, Bremen, Germany",2026-08-08,https://www.linkedin.com/jobs/view/4019967577 , ,li-4019967577,fulltime,,,,,,False,entry level,Information Technology,,,"Appliances, Electrical, and Electronics Manufacturing",https://de.linkedin.com/company/silveratena,,,,,,,,,,,
linkedin,Space AIV Engineer (m/f/d),CGI,"Darmstadt, Hesse, Germany",2026-08-08,https://www.linkedin.com/jobs/view/4394954329 , ,li-4394954329,fulltime,,,,,,False,entry level,Engineering and Information Technology,,,IT Services and IT Consulting,https://ca.linkedin.com/company/cgi,,,,,,,,,,,
linkedin,Systemingenieur für Laser Communication Terminals (d/m/w),Airbus,"Stuttgart, Baden-Württemberg, Germany",2026-08-08,https://www.linkedin.com/jobs/view/4451004495 , ,li-4451004495,fulltime,,,,,,False,mid-senior level,Information Technology,,emsom@airbus.com,Aviation and Aerospace Component Manufacturing,https://fr.linkedin.com/company/airbusgroup,,,,,,,,,,,
linkedin,Analog / RF & mmWave Senior Principal Test Engineer,NXP Semiconductors,"Hamburg, Hamburg, Germany",2026-08-08,https://www.linkedin.com/jobs/view/4414516740 , ,li-4414516740,fulltime,,,,,,False,mid-senior level,Engineering and Information Technology,,,"Semiconductor Manufacturing, Computers and Electronics Manufacturing, and Software Development",https://nl.linkedin.com/company/nxp-semiconductors,,,,,,,,,,,
linkedin,Hochfrequenz / RF Engineer (m/f/d),WORK Microwave Inc.,"Holzkirchen, Bavaria, Germany",2026-08-08,https://www.linkedin.com/jobs/view/4451053033 , ,li-4451053033,fulltime,,,,,,False,entry level,Engineering and Information Technology,,,Satellite Telecommunications,https://www.linkedin.com/company/work-microwave-inc,,,,,,,,,,,
linkedin,Software Engineer,EMBL,"Heidelberg, Baden-Württemberg, Germany",2026-08-08,https://www.linkedin.com/jobs/view/4451025747 , ,li-4451025747,fulltime,,,,,,True,entry level,Engineering and Information Technology,,timo.zimmermann@embl.de,Research Services,https://de.linkedin.com/company/embl,,,,,,,,,,,
linkedin,(Lead) IoT Solutions Engineer (m/f/d),Peter Park,"Munich, Bavaria, Germany",2026-08-08,https://www.linkedin.com/jobs/view/4433861027 , ,li-4433861027,fulltime,,,,,,True,mid-senior level,Engineering and Information Technology,,,Information Technology & Services,https://de.linkedin.com/company/peterpark,,,,,,,,,,,
linkedin,Senior Digital Hardware Design Engineer (m/f/d),WORK Microwave,"Holzkirchen, Bavaria, Germany",2026-08-08,https://www.linkedin.com/jobs/view/4323204533 , ,li-4323204533,fulltime,,,,,,False,mid-senior level,Engineering and Information Technology,,,Computers and Electronics Manufacturing,https://de.linkedin.com/company/work-microwave-gmbh,,,,,,,,,,,
linkedin,Control Systems Engineer (f/m/d),Focused Energy,"Darmstadt, Hesse, Germany",2026-08-08,https://www.linkedin.com/jobs/view/4433802147 , ,li-4433802147,fulltime,,,,,,False,mid-senior level,Engineering and Information Technology,,,Electric Power Generation,https://de.linkedin.com/company/focused-energy-inc,,,,,,,,,,,
linkedin,Global Graduate Program 2026 - Load engineer,Goldwind,"Frankfurt am Main, Hesse, Germany",2026-08-08,https://www.linkedin.com/jobs/view/4424164713 , ,li-4424164713,fulltime,,,,,,False,internship,Engineering and Information Technology,,,Renewable Energy Equipment Manufacturing,https://cn.linkedin.com/company/goldwind,,,,,,,,,,,
linkedin,Senior Digital Hardware Design Engineer (m/f/d),WORK Microwave Inc.,"Holzkirchen, Bavaria, Germany",2026-08-08,https://www.linkedin.com/jobs/view/4451034617 , ,li-4451034617,fulltime,,,,,,False,mid-senior level,Engineering and Information Technology,,,Satellite Telecommunications,https://www.linkedin.com/company/work-microwave-inc,,,,,,,,,,,
linkedin,(Junior) Software Entwickler (m/w/d),Carel Deutschland GmbH,"Gelnhausen, Hesse, Germany",2026-08-08,https://www.linkedin.com/jobs/view/4450537739 , ,li-4450537739,fulltime,,,,,,True,entry level,Information Technology,,,Machinery Manufacturing,https://www.linkedin.com/company/carel-deutschland-gmbh,,,,,,,,,,,
linkedin,"Principal Embedded Software Engineer, QNX (m/f/d) – Medical Devices",Alcon,"Erlangen, Bavaria, Germany",2026-08-08,https://www.linkedin.com/jobs/view/4432975474 , ,li-4432975474,fulltime,,,,,,False,mid-senior level,Engineering and Information Technology,,,Medical Equipment Manufacturing,https://ch.linkedin.com/company/alcon,,,,,,,,,,,
linkedin,Principal Engineer System Compute (f/m/div),Infineon Technologies,"Frankfurt, Hesse, Germany",2026-08-08,https://www.linkedin.com/jobs/view/4405235415 , ,li-4405235415,fulltime,,,,,,False,mid-senior level,Engineering and Information Technology,,,"Semiconductor Manufacturing, Appliances, Electrical, and Electronics Manufacturing, and Computer Hardware Manufacturing",https://de.linkedin.com/company/infineon-technologies,,,,,,,,,,,
linkedin,Entwicklungsingenieur oder Techniker Embedded Software / Hardware (m/w/d),Lucius & Baer GmbH,"Geretsried, Bavaria, Germany",2026-08-08,https://www.linkedin.com/jobs/view/4449252688 , ,li-4449252688,fulltime,,,,,,False,entry level,Engineering,,,Computers and Electronics Manufacturing,https://de.linkedin.com/company/lucius-&-baer-gmbh,,,,,,,,,,,
linkedin,Sr Principal Product Engineer,Cadence,"Feldkirchen, Bavaria, Germany",2026-08-08,https://www.linkedin.com/jobs/view/4414708040 , ,li-4414708040,fulltime,,,,,,False,mid-senior level,Engineering and Information Technology,,,Software Development,https://www.linkedin.com/company/cadence,,,,,,,,,,,
linkedin,Ground Software Engineer,Hypersonica,"Munich, Bavaria, Germany",2026-08-08,https://www.linkedin.com/jobs/view/4433319957 , ,li-4433319957,fulltime,,,,,,False,mid-senior level,Engineering and Information Technology,,,Defense and Space Manufacturing,https://de.linkedin.com/company/hypersonicagmbh,,,,,,,,,,,
linkedin,"Entwicklungsingenieur Elektrik/ Elektronik, all genders",SALT AND PEPPER Group,"Osnabrück, Lower Saxony, Germany",2026-08-08,https://www.linkedin.com/jobs/view/3983900513 , ,li-3983900513,fulltime,,,,,,False,entry level,Engineering and Information Technology,,,Engineering Services,https://de.linkedin.com/company/salt-and-pepper,,,,,,,,,,,
linkedin,Lead Backend Engineer (m/f/d),Peter Park,"Munich, Bavaria, Germany",2026-08-08,https://www.linkedin.com/jobs/view/4433862015 , ,li-4433862015,fulltime,,,,,,True,mid-senior level,Engineering and Information Technology,,,Information Technology & Services,https://de.linkedin.com/company/peterpark,,,,,,,,,,,
linkedin,"System Engineer für Entwicklungsprojekte, all genders",SALT AND PEPPER Group,"Munich, Bavaria, Germany",2026-08-08,https://www.linkedin.com/jobs/view/4432643730 , ,li-4432643730,fulltime,,,,,,False,entry level,Information Technology,,,Engineering Services,https://de.linkedin.com/company/salt-and-pepper,,,,,,,,,,,
linkedin,Calibration Engineer (F/M/D),NavVis,"Munich, Bavaria, Germany",2026-08-08,https://www.linkedin.com/jobs/view/4433354106 , ,li-4433354106,fulltime,,,,,,False,mid-senior level,Management and Manufacturing,,,"Technology, Information and Internet",https://de.linkedin.com/company/navvis,,,,,,,,,,,
linkedin,Software Engineer (Fullstack) - AI Medical Software in Cloud (w/m/d),deepeye Medical,"Munich, Bavaria, Germany",2026-08-08,https://www.linkedin.com/jobs/view/4449257204 , ,li-4449257204,fulltime,,,,,,True,associate,Information Technology,,,IT Services and IT Consulting,https://de.linkedin.com/company/deepeye,,,,,,,,,,,
linkedin,Voice AI Engineer (all genders),NFON AG,"Bremen, Bremen, Germany",2026-08-08,https://www.linkedin.com/jobs/view/4449255659 , ,li-4449255659,fulltime,,,,,,False,associate,Information Technology,,,Telecommunications,https://de.linkedin.com/company/nfon,,,,,,,,,,,
linkedin,Data Scientist / Softwareentwickler (m/w/d),AITAD GmbH,"Offenburg, Baden-Württemberg, Germany",2026-08-08,https://www.linkedin.com/jobs/view/4451048597 , ,li-4451048597,fulltime,,,,,,False,entry level,Engineering,,,IT Services and IT Consulting,https://de.linkedin.com/company/aitad-gmbh,,,,,,,,,,,
linkedin,Senior Engineer – Validation and Design,Microchip Technology Inc.,"Dresden, Saxony, Germany",2026-08-08,https://www.linkedin.com/jobs/view/4414650577 , ,li-4414650577,fulltime,,,,,,False,mid-senior level,Engineering,,,"Appliances, Electrical, and Electronics Manufacturing and Semiconductor Manufacturing",https://www.linkedin.com/company/microchip-technology,,,,,,,,,,,
linkedin,Avionics EWIS Engineer,Hypersonica,"Munich, Bavaria, Germany",2026-08-08,https://www.linkedin.com/jobs/view/4433333132 , ,li-4433333132,fulltime,,,,,,False,mid-senior level,Engineering and Information Technology,,,Defense and Space Manufacturing,https://de.linkedin.com/company/hypersonicagmbh,,,,,,,,,,,
linkedin,Engineering Technician – Photonics Device Characterization Lab (f/m/d),Black Semiconductor,"Aachen, North Rhine-Westphalia, Germany",2026-08-08,https://www.linkedin.com/jobs/view/4433335981 , ,li-4433335981,fulltime,,,,,,False,entry level,Management and Manufacturing,,,Semiconductor Manufacturing,https://de.linkedin.com/company/black-semiconductor,,,,,,,,,,,
linkedin,Senior CPU Compiler Performance Engineer,NVIDIA,"Munich, Bavaria, Germany",2026-08-08,https://www.linkedin.com/jobs/view/4441378163 , ,li-4441378163,fulltime,,,,,,False,mid-senior level,Engineering,,,Computer Hardware Manufacturing,https://www.linkedin.com/company/nvidia,,,,,,,,,,,
linkedin,Entwicklungsingenieur Hochfrequenztechnik (m/w/d),Bertrandt Group,"Munich, Bavaria, Germany",2026-08-07,https://www.linkedin.com/jobs/view/4449749636 , ,li-4449749636,fulltime,,,,,,False,mid-senior level,Engineering and Information Technology,,,Engineering Services,https://de.linkedin.com/company/bertrandt-ag,,,,,,,,,,,
linkedin,Electrical Engineer (m/f/d),Agile Robots SE,"Munich, Bavaria, Germany",2026-08-07,https://www.linkedin.com/jobs/view/4450307260 , ,li-4450307260,fulltime,,,,,,False,associate,Other,,,Software Development,https://de.linkedin.com/company/agile-robots-se,,,,,,,,,,,
linkedin,Elektrokonstrukteur (m/w/d),Magirus GmbH,"Ulm, Baden-Württemberg, Germany",2026-08-07,https://www.linkedin.com/jobs/view/4450090100 , ,li-4450090100,fulltime,,,,,,False,associate,Engineering,,,Motor Vehicle Manufacturing,https://de.linkedin.com/company/magirus-gmbh,,,,,,,,,,,
linkedin,Senior Electrical Engineer (f/m/d),MAGNOTHERM,"Darmstadt, Hesse, Germany",2026-08-07,https://www.linkedin.com/jobs/view/4448793934 , ,li-4448793934,fulltime,,,,,,True,mid-senior level,Engineering and Information Technology,,,Mechanical Or Industrial Engineering,https://de.linkedin.com/company/magnotherm,,,,,,,,,,,
linkedin,Expert PLL Design Engineer,IC Resources,"Bavaria, Germany",2026-08-07,https://www.linkedin.com/jobs/view/4441634709 , ,li-4441634709,fulltime,,,,,,False,mid-senior level,Engineering and Information Technology,,,Staffing and Recruiting,https://uk.linkedin.com/company/icresources,,,,,,,,,,,
linkedin,Hardware Entwickler Elektronik (m/w/d),Bertrandt Group,"Biebergemünd, Hesse, Germany",2026-08-07,https://www.linkedin.com/jobs/view/4398242454 , ,li-4398242454,fulltime,,,,,,False,entry level,Engineering and Information Technology,,,Engineering Services,https://de.linkedin.com/company/bertrandt-ag,,,,,,,,,,,
linkedin,Custom Emulator Electronics Engineer,The Exploration Company,"Munich, Bavaria, Germany",2026-08-07,https://www.linkedin.com/jobs/view/4432654835 , ,li-4432654835,fulltime,,,,,,False,entry level,Engineering and Information Technology,,,Aviation and Aerospace Component Manufacturing,https://de.linkedin.com/company/exploration-company,,,,,,,,,,,
linkedin,"Hardware Engineer (PCB) – Baden-Württemberg – Up to €75,000 (d / m / w)",Optimus Search,"Baden-Württemberg, Germany",2026-08-07,https://www.linkedin.com/jobs/view/4442811608 , ,li-4442811608,fulltime,,,,,,False,mid-senior level,Engineering and Information Technology,,arasulo@optimussearch.com,"Computer Hardware Manufacturing, Software Development, and Electrical Equipment Manufacturing",https://uk.linkedin.com/company/optimus-search,,,,,,,,,,,
linkedin,Design Engineer – Development Superstructure Add on Components (m/w/d),Magirus GmbH,"Ulm, Baden-Württemberg, Germany",2026-08-07,https://www.linkedin.com/jobs/view/4450091078 , ,li-4450091078,fulltime,,,,,,False,associate,Engineering,,,Motor Vehicle Manufacturing,https://de.linkedin.com/company/magirus-gmbh,,,,,,,,,,,
linkedin,Entwicklungsingenieur EUV (m/w/d),Bertrandt Group,"Ditzingen, Baden-Württemberg, Germany",2026-08-07,https://www.linkedin.com/jobs/view/4438317442 , ,li-4438317442,fulltime,,,,,,False,mid-senior level,Engineering and Information Technology,,,Engineering Services,https://de.linkedin.com/company/bertrandt-ag,,,,,,,,,,,
linkedin,Senior Machine Learning Engineer,Acceler8 Talent,"Munich, Bavaria, Germany",2026-08-07,https://www.linkedin.com/jobs/view/4434863604 , ,li-4434863604,fulltime,,,,,,False,mid-senior level,Information Technology,,,Defense and Space Manufacturing,https://www.linkedin.com/company/acceler8-talent,,,,,,,,,,,
linkedin,Field Application Engineer – Smartcard (Munich OR Paris based),Samsung Semiconductor,"Munich, Bavaria, Germany",2026-08-07,https://www.linkedin.com/jobs/view/4433302125 , ,li-4433302125,fulltime,,,,,,False,mid-senior level,Sales and Business Development,,,Computers and Electronics Manufacturing,https://www.linkedin.com/company/samsungsemiconductor,,,,,,,,,,,
linkedin,Systems Engineer Eurofighter Avionics (all gender),ALTEN,"Manching, Bavaria, Germany",2026-08-07,https://www.linkedin.com/jobs/view/4399522408 , ,li-4399522408,fulltime,,,,,,False,associate,Engineering,,,Aviation and Aerospace Component Manufacturing,https://fr.linkedin.com/company/alten,,,,,,,,,,,
linkedin,Research Associate - Audio and Media Technologies,Fraunhofer IIS,"Erlangen, Bavaria, Germany",2026-08-07,https://www.linkedin.com/jobs/view/4448182084 , ,li-4448182084,fulltime,,,,,,False,entry level,"Research, Analyst, and Information Technology",,,Research Services,https://de.linkedin.com/company/fraunhofer-iis,,,,,,,,,,,
linkedin,Entwicklungsingenieur (w/m/d) Modulation of Modular Multilevel Converter,Siemens Energy,"Erlangen, Bavaria, Germany",2026-08-07,https://www.linkedin.com/jobs/view/4403983866 , ,li-4403983866,fulltime,,,,,,True,mid-senior level,Engineering,,,"Appliances, Electrical, and Electronics Manufacturing",https://www.linkedin.com/company/siemens-energy,,,,,,,,,,,
linkedin,MRI Scientist (m/f/d),DeepSpin,"Berlin, Germany",2026-08-07,https://www.linkedin.com/jobs/view/4450710502 , ,li-4450710502,fulltime,,,,,,False,mid-senior level,"Research, Engineering, and Information Technology",,,Medical Equipment Manufacturing,https://de.linkedin.com/company/deepspin,,,,,,,,,,,
linkedin,RF Expert (m/f/d),Thales,"Ditzingen, Baden-Württemberg, Germany",2026-08-07,https://www.linkedin.com/jobs/view/4433530056 , ,li-4433530056,fulltime,,,,,,False,not applicable,Other,,,Aviation and Aerospace Component Manufacturing and Defense and Space Manufacturing,https://fr.linkedin.com/company/thales,,,,,,,,,,,
linkedin,FPGA Engineer (m/f/d),ABB,"Minden, North Rhine-Westphalia, Germany",2026-08-07,https://www.linkedin.com/jobs/view/4450394201 , ,li-4450394201,fulltime,,,,,,False,not applicable,Engineering and Information Technology,,,"Appliances, Electrical, and Electronics Manufacturing",https://ch.linkedin.com/company/abb,,,,,,,,,,,
linkedin,Entwicklungsingenieur:in,Heckler & Koch GmbH,"Oberndorf, Baden-Württemberg, Germany",2026-08-07,https://www.linkedin.com/jobs/view/4441434713 , ,li-4441434713,fulltime,,,,,,False,associate,Engineering and Product Management,,,Defense and Space Manufacturing,https://de.linkedin.com/company/heckler-koch-gmbh,,,,,,,,,,,
linkedin,Digital Twin and Systems Integration Engineer,GMV,"Gilching, Bavaria, Germany",2026-08-07,https://www.linkedin.com/jobs/view/4450716495 , ,li-4450716495,fulltime,,,,,,False,mid-senior level,Information Technology and Engineering,,privacy@gmv.com,"Software Development, Computer and Network Security, and IT Services and IT Consulting",https://es.linkedin.com/company/gmv,,,,,,,,,,,
linkedin,"Relational Foundation Model Engineer, Modern Data Stack",NVIDIA,"Munich, Bavaria, Germany",2026-08-07,https://www.linkedin.com/jobs/view/4441123593 , ,li-4441123593,fulltime,,,,,,False,mid-senior level,Engineering,,,Computer Hardware Manufacturing,https://www.linkedin.com/company/nvidia,,,,,,,,,,,
linkedin,Senior Engineer - Camera Optical Design,"Beijing Foreign Enterprise Management Consultants Co.,Ltd.","Munich, Bavaria, Germany",2026-08-07,https://www.linkedin.com/jobs/view/4450692724 , ,li-4450692724,fulltime,,,,,,False,mid-senior level,Engineering,,,Telecommunications,https://www.linkedin.com/company/beijing-foreign-enterprise-management-consultants,,,,,,,,,,,
linkedin,Flight Dynamics & Control Engineer,Hypersonica,"Munich, Bavaria, Germany",2026-08-07,https://www.linkedin.com/jobs/view/4433327687 , ,li-4433327687,fulltime,,,,,,False,entry level,Engineering and Information Technology,,,Defense and Space Manufacturing,https://de.linkedin.com/company/hypersonicagmbh,,,,,,,,,,,
linkedin,Senior Digital Design Engineer (m/f/x),WORK Microwave,"Holzkirchen, Bavaria, Germany",2026-08-07,https://www.linkedin.com/jobs/view/4450326831 , ,li-4450326831,fulltime,,,,,,False,mid-senior level,Engineering and Information Technology,,,Computers and Electronics Manufacturing,https://de.linkedin.com/company/work-microwave-gmbh,,,,,,,,,,,
linkedin,AI Engineer – Human-to-Robot Learning (Mensch),NEURA Robotics,"Riederich, Baden-Württemberg, Germany",2026-08-07,https://www.linkedin.com/jobs/view/4450776301 , ,li-4450776301,fulltime,,,,,,False,mid-senior level,Engineering and Information Technology,,,Automation Machinery Manufacturing,https://de.linkedin.com/company/neura-robotics,,,,,,,,,,,
linkedin,Senior Data Science Engineer (m/w/d),Bertrandt Group,"Oberkochen, Baden-Württemberg, Germany",2026-08-07,https://www.linkedin.com/jobs/view/4450343202 , ,li-4450343202,fulltime,,,,,,False,mid-senior level,Information Technology,,,Engineering Services,https://de.linkedin.com/company/bertrandt-ag,,,,,,,,,,,
linkedin,R&D Engineer (m/f/d),Large Space Structures GmbH,"Eching, Bavaria, Germany",2026-08-07,https://www.linkedin.com/jobs/view/4448722509 , ,li-4448722509,fulltime,,,,,,False,associate,Engineering,,,Government Administration,https://de.linkedin.com/company/largespace,,,,,,,,,,,
linkedin,Stellenausschreibung Consultant Simulation,SimPlan Group,"Hamburg, Hamburg, Germany",2026-08-07,https://www.linkedin.com/jobs/view/4450347137 , ,li-4450347137,fulltime,,,,,,False,entry level,"Consulting, Information Technology, and Sales",,"Bewerbung@SimPlan.de, Bewerbung@SimPlan.de, Bewerbung@SimPlan.de, Bewerbung@SimPlan.de, Bewerbung@SimPlan.de",IT Services and IT Consulting,https://de.linkedin.com/company/simplan-ag,,,,,,,,,,,
linkedin,Marketing Analytics Engineer (dbt),N26,"Berlin, Germany",2026-08-07,https://www.linkedin.com/jobs/view/4441960667 , ,li-4441960667,fulltime,,,,,,True,entry level,Information Technology,,,Financial Services,https://de.linkedin.com/company/n26,,,,,,,,,,,
linkedin,Smart Factory Expert (Mensch),NEURA Robotics,"Riederich, Baden-Württemberg, Germany",2026-08-07,https://www.linkedin.com/jobs/view/4450634591 , ,li-4450634591,fulltime,,,,,,False,entry level,Other,,,Automation Machinery Manufacturing,https://de.linkedin.com/company/neura-robotics,,,,,,,,,,,
linkedin,HTS Specialist (f/m/d),MAGNOTHERM,"Darmstadt, Hesse, Germany",2026-08-07,https://www.linkedin.com/jobs/view/4448794919 , ,li-4448794919,fulltime,,,,,,False,mid-senior level,Other,,,Industrial Machinery Manufacturing,https://de.linkedin.com/company/magnotherm,,,,,,,,,,,
linkedin,Senior Staff Engineer Digital Concept (f/m/div),Infineon Technologies,"Munich, Bavaria, Germany",2026-08-07,https://www.linkedin.com/jobs/view/4413994273 , ,li-4413994273,fulltime,,,,,,False,mid-senior level,Engineering and Information Technology,,,"Semiconductor Manufacturing, Appliances, Electrical, and Electronics Manufacturing, and Computer Hardware Manufacturing",https://de.linkedin.com/company/infineon-technologies,,,,,,,,,,,
linkedin,CFD Software Developer,Siemens,"Böblingen, Baden-Württemberg, Germany",2026-08-07,https://www.linkedin.com/jobs/view/4423943554 , ,li-4423943554,fulltime,,,,,,False,mid-senior level,Research,,,Automation Machinery Manufacturing,https://de.linkedin.com/company/siemens,,,,,,,,,,,
linkedin,System Network Engineer (m/f/d) – Jülich,QCG Computer,"Jülich, North Rhine-Westphalia, Germany",2026-08-07,https://www.linkedin.com/jobs/view/4450301096 , ,li-4450301096,fulltime,,,,,,False,associate,Information Technology,,,Software Development,https://de.linkedin.com/company/qcg-computer,,,,,,,,,,,
linkedin,Physicist (m/f/x)  - MEMS cryogenic Temperature Swicht,German Aerospace Center (DLR),"Hamburg, Hamburg, Germany",2026-08-07,https://www.linkedin.com/jobs/view/4450694669 , ,li-4450694669,fulltime,,,,,,False,mid-senior level,"Research, Analyst, and Information Technology",,,Research Services,https://de.linkedin.com/company/dlr,,,,,,,,,,,
linkedin,HQP - QS 207  Photovoltaics Space Solar Cells  ( Space PV) Integration & Failure Analysis Expert / Scientist / Engineer (m/f/d),Qcells Europe,"Bitterfeld-Wolfen, Saxony-Anhalt, Germany",2026-08-07,https://www.linkedin.com/jobs/view/4448777070 , ,li-4448777070,fulltime,,,,,,False,entry level,Management and Manufacturing,,"-techgroup@qcells.eu, datenschutz@qcells.eu",Renewable Energy Semiconductor Manufacturing,https://de.linkedin.com/company/qcells-europe,,,,,,,,,,,
linkedin,Fluid System Engineer (m/f/d),HyImpulse,"Fürstenau, Lower Saxony, Germany",2026-08-07,https://www.linkedin.com/jobs/view/4448718503 , ,li-4448718503,fulltime,,,,,,True,entry level,Information Technology,,,Aviation & Aerospace,https://de.linkedin.com/company/hyimpulse,,,,,,,,,,,
linkedin,ADAS Vehicle Test Engineer - Immediate Start - Prototype License,Alium,"Ingolstadt, Bavaria, Germany",2026-08-07,https://www.linkedin.com/jobs/view/4444125600 , ,li-4444125600,contract,,,,,,False,mid-senior level,Engineering and Information Technology,,james@aliumc.com,"Information Technology & Services, Motor Vehicle Manufacturing, and Motor Vehicle Parts Manufacturing",https://uk.linkedin.com/company/aliumc,,,,,,,,,,,
linkedin,(Senior) Software Engineer - Pricing (m/f/d),SIXT,"Munich, Bavaria, Germany",2026-08-07,https://www.linkedin.com/jobs/view/4432556726 , ,li-4432556726,fulltime,,,,,,False,mid-senior level,Other,,,Travel Arrangements,https://de.linkedin.com/company/sixt,,,,,,,,,,,
linkedin,Software Engineer I,Blue Yonder,"Hamburg, Hamburg, Germany",2026-08-07,https://www.linkedin.com/jobs/view/4450345852 , ,li-4450345852,fulltime,,,,,,False,entry level,Engineering and Information Technology,,,Software Development,https://www.linkedin.com/company/blueyonder,,,,,,,,,,,
linkedin,Head of Software Engineering,SciPro,"Munich, Bavaria, Germany",2026-08-07,https://www.linkedin.com/jobs/view/4450091498 , ,li-4450091498,fulltime,,,,,,False,mid-senior level,Information Technology,,,Medical Equipment Manufacturing,https://www.linkedin.com/company/scipro,,,,,,,,,,,
linkedin,Head of Hardware Development / Lead Hardware Engineer (m/w/d),HAPEKO Deutschland,"Hamm, North Rhine-Westphalia, Germany",2026-08-07,https://www.linkedin.com/jobs/view/4449216233 , ,li-4449216233,fulltime,,,,,,False,mid-senior level,Engineering and Information Technology,,,Staffing and Recruiting,https://de.linkedin.com/company/hapeko-hanseatisches-personalkontor,,,,,,,,,,,
linkedin,Software Engineer (f/m/d) – Cross-Platform SDK Development,smartclip,"Berlin, Germany",2026-08-07,https://www.linkedin.com/jobs/view/4372259134 , ,li-4372259134,fulltime,,,,,,True,mid-senior level,Information Technology and Engineering,,,"Technology, Information and Internet, Online Audio and Video Media, and IT Services and IT Consulting",https://de.linkedin.com/company/smartclip,,,,,,,,,,,
linkedin,Softwareentwickler - Algorithmen und Datenfusion (all gender),ALTEN,"Bremen, Germany",2026-08-07,https://www.linkedin.com/jobs/view/4399397912 , ,li-4399397912,fulltime,,,,,,False,associate,Engineering,,,Defense and Space Manufacturing,https://fr.linkedin.com/company/alten,,,,,,,,,,,
linkedin,"Entwicklungsingenieur Automatisierung, HMI und KI-Robotik (m/w/d/x)",prognum Automotive GmbH,"Stuttgart, Baden-Württemberg, Germany",2026-08-07,https://www.linkedin.com/jobs/view/4450300043 , ,li-4450300043,fulltime,,,,,,False,entry level,Engineering and Information Technology,,,Engineering Services,https://de.linkedin.com/company/prognum-automotive,,,,,,,,,,,
linkedin,Ground Segment System Engineer,Exostaff GmbH,"Darmstadt, Hesse, Germany",2026-08-07,https://www.linkedin.com/jobs/view/4450321681 , ,li-4450321681,fulltime,,,,,,False,not applicable,Engineering,,jonothan.mackay@exostaff.de,"Defense and Space Manufacturing, Aviation and Aerospace Component Manufacturing, and Space Research and Technology",https://de.linkedin.com/company/exostaff,,,,,,,,,,,
linkedin,Cloud Backend Engineer (IoT Platform) (m/f/d),Agile Robots SE,,2026-08-07,https://www.linkedin.com/jobs/view/4448772571 , ,li-4448772571,fulltime,,,,,,False,associate,Administrative,,,"Robotics Engineering, Robot Manufacturing, and Software Development",https://de.linkedin.com/company/agile-robots-se,,,,,,,,,,,
linkedin,Senior Systems Engineer,AeroVect,"Munich, Bavaria, Germany",2026-08-07,https://www.linkedin.com/jobs/view/4450770407 , ,li-4450770407,fulltime,,,,,,False,mid-senior level,Information Technology,,,Airlines and Aviation,https://www.linkedin.com/company/aerovect,,,,,,,,,,,
linkedin,Forward Deployed Engineer (EMEA),Applied Intuition,"Munich, Bavaria, Germany",2026-08-07,https://www.linkedin.com/jobs/view/4423966482 , ,li-4423966482,fulltime,,,,,,True,mid-senior level,Engineering and Information Technology,,,Software Development,https://www.linkedin.com/company/applied-intuition-inc,,,,,,,,,,,
linkedin,"Embedded Security Developer - Munich area, Germany - Up to €90,000 (d / m / f)",Optimus Search,,2026-08-07,https://www.linkedin.com/jobs/view/4413682037 , ,li-4413682037,fulltime,,,,,,False,mid-senior level,Information Technology,,arasulo@optimussearch.com,"Software Development, IT System Custom Software Development, and Computer and Network Security",https://uk.linkedin.com/company/optimus-search,,,,,,,,,,,
linkedin,Middleware and Application Software Developer for small automotive embedded devices (f/m/div),Infineon Technologies,"Dresden, Saxony, Germany",2026-08-07,https://www.linkedin.com/jobs/view/4450693455 , ,li-4450693455,fulltime,,,,,,False,mid-senior level,Engineering and Information Technology,,,"Semiconductor Manufacturing, Appliances, Electrical, and Electronics Manufacturing, and Computer Hardware Manufacturing",https://de.linkedin.com/company/infineon-technologies,,,,,,,,,,,
linkedin,Electrical Engineer (all gender),ALTEN,,2026-08-07,https://www.linkedin.com/jobs/view/4410373489 , ,li-4410373489,fulltime,,,,,,False,associate,Engineering,,,Maritime Transportation,https://fr.linkedin.com/company/alten,,,,,,,,,,,
linkedin,Embedded Software Engineer (m/w/d) – Autonomous Driving,Teoresi Group,,2026-08-07,https://www.linkedin.com/jobs/view/4448794057 , ,li-4448794057,fulltime,,,,,,True,entry level,Engineering,,,Engineering Services,https://it.linkedin.com/company/teoresigroup,,,,,,,,,,,
linkedin,"Embedded Software Engineer - Python & Embedded C - €85,000",Findr,"Ravensburg, Baden-Württemberg, Germany",2026-08-07,https://www.linkedin.com/jobs/view/4448738401 , ,li-4448738401,fulltime,,,,,,False,mid-senior level,"Information Technology, Engineering, and Analyst",,,"Software Development, Computer Hardware Manufacturing, and Technology, Information and Media",https://de.linkedin.com/company/findr-tech,,,,,,,,,,,
linkedin,Software Engineer - Embedded Systems,Applied Intuition,"Stuttgart, Baden-Württemberg, Germany",2026-08-07,https://www.linkedin.com/jobs/view/4423966474 , ,li-4423966474,fulltime,,,,,,True,mid-senior level,Engineering and Information Technology,,,Software Development,https://www.linkedin.com/company/applied-intuition-inc,,,,,,,,,,,
linkedin,Embedded Software Engineer,Airbus Defence and Space,"Manching, Bavaria, Germany",2026-08-07,https://www.linkedin.com/jobs/view/4448729717 , ,li-4448729717,parttime,,,,,,False,mid-senior level,Engineering and Information Technology,,emsom@airbus.com,Defense and Space Manufacturing,https://www.linkedin.com/company/airbus-defence-and-space,,,,,,,,,,,
linkedin,Embedded Software Engineer,Hypersonica,"Munich, Bavaria, Germany",2026-08-07,https://www.linkedin.com/jobs/view/4433328656 , ,li-4433328656,fulltime,,,,,,False,mid-senior level,Engineering and Information Technology,,,Defense and Space Manufacturing,https://de.linkedin.com/company/hypersonicagmbh,,,,,,,,,,,
linkedin,HQP - PR 401 Interconnection Expert für Solaranwendungen in der Raumfahr (m/w/d),Qcells Europe,"Bitterfeld-Wolfen, Saxony-Anhalt, Germany",2026-08-07,https://www.linkedin.com/jobs/view/4448777858 , ,li-4448777858,fulltime,,,,,,False,entry level,"Marketing, Public Relations, and Writing/Editing",,"-techgroup@qcells.eu, datenschutz@qcells.eu",Renewable Energy Semiconductor Manufacturing,https://de.linkedin.com/company/qcells-europe,,,,,,,,,,,
linkedin,Teamleiter Hardwareentwicklung (m/w/d),Rohde & Schwarz,"Memmingen, Bavaria, Germany",2026-08-07,https://www.linkedin.com/jobs/view/4450339767 , ,li-4450339767,fulltime,,,,,,False,not applicable,Engineering and Information Technology,,,Telecommunications,https://de.linkedin.com/company/rohde-schwarz,,,,,,,,,,,
linkedin,Principal Engineer-Applications (f/m/d),Microchip Technology Inc.,"Munich, Bavaria, Germany",2026-08-07,https://www.linkedin.com/jobs/view/4433093417 , ,li-4433093417,fulltime,,,,,,True,mid-senior level,Engineering,,,"Appliances, Electrical, and Electronics Manufacturing and Semiconductor Manufacturing",https://www.linkedin.com/company/microchip-technology,,,,,,,,,,,
linkedin,Avionics Systems Engineer,iO Associates,"Munich, Bavaria, Germany",2026-08-07,https://www.linkedin.com/jobs/view/4450718559 , ,li-4450718559,fulltime,,,,,,False,mid-senior level,Engineering,,,Aviation and Aerospace Component Manufacturing,https://uk.linkedin.com/company/ioassociates,,,,,,,,,,,
linkedin,Technical Marketing Manager (Europe) – RF Power & Small Signal,RFMW,"Freising, Bavaria, Germany",2026-08-07,https://www.linkedin.com/jobs/view/4414594259 , ,li-4414594259,fulltime,,,,,,True,mid-senior level,Product Management and Marketing,,,Wireless Services,https://www.linkedin.com/company/rfmw,,,,,,,,,,,
linkedin,EGSE Engineer,The Exploration Company,"Munich, Bavaria, Germany",2026-08-07,https://www.linkedin.com/jobs/view/4450341794 , ,li-4450341794,fulltime,,,,,,False,mid-senior level,Engineering and Information Technology,,,Aviation and Aerospace Component Manufacturing,https://de.linkedin.com/company/exploration-company,,,,,,,,,,,
linkedin,Data Scientist (m/w/d),IBM,"Cologne, North Rhine-Westphalia, Germany",2026-08-07,https://www.linkedin.com/jobs/view/4448794433 , ,li-4448794433,fulltime,,,,,,False,mid-senior level,Engineering and Information Technology,,,IT Services and IT Consulting,https://www.linkedin.com/company/ibm,,,,,,,,,,,
linkedin,Systemingenieur (all gender),ALTEN,"Wedel, Schleswig-Holstein, Germany",2026-08-07,https://www.linkedin.com/jobs/view/4363981838 , ,li-4363981838,fulltime,,,,,,False,associate,Engineering,,,Engineering Services,https://fr.linkedin.com/company/alten,,,,,,,,,,,
linkedin,Entwicklungsingenieur Hardware für Prüfmittel (m/w/x),K-tronik GmbH,"Memmingen, Bavaria, Germany",2026-08-07,https://www.linkedin.com/jobs/view/4448786162 , ,li-4448786162,fulltime,,,,,,False,entry level,Engineering,,,IT Services and IT Consulting,https://de.linkedin.com/company/k-tronik-gmbh,,,,,,,,,,,
linkedin,Applications and Systems Engineer (m/w/d),Emerson,"Baden-Württemberg, Germany",2026-08-07,https://www.linkedin.com/jobs/view/4440075082 , ,li-4440075082,fulltime,,,,,,False,mid-senior level,Information Technology,,,Automation Machinery Manufacturing,https://www.linkedin.com/company/emerson,,,,,,,,,,,
linkedin,(Junior) Energy Data Scientist – Energiedaten & Automatisierung (MSB) (m/w/d),VREY,"Berlin, Berlin, Germany",2026-08-07,https://www.linkedin.com/jobs/view/4450324661 , ,li-4450324661,fulltime,,,,,,False,entry level,Engineering and Information Technology,,,Services for Renewable Energy,https://de.linkedin.com/company/vrey-energie,,,,,,,,,,,
linkedin,Servicetechniker Mobilfunk (d/m/w),prettyTELCO,"Heilbronn, Baden-Württemberg, Germany",2026-08-07,https://www.linkedin.com/jobs/view/4448727993 , ,li-4448727993,fulltime,,,,,,False,entry level,Manufacturing,,,Staffing and Recruiting,https://de.linkedin.com/company/prettytelco,,,,,,,,,,,
linkedin,Senior Systems Engineer,CesiumAstro,"Munich, Bavaria, Germany",2026-08-06,https://www.linkedin.com/jobs/view/4422383382 , ,li-4422383382,fulltime,,,,,,False,mid-senior level,Information Technology,,,Defense and Space Manufacturing,https://www.linkedin.com/company/cesiumastro,,,,,,,,,,,
linkedin,Navigation Engineer - Reliant (m/f/d),Quantum Systems,,2026-08-06,https://www.linkedin.com/jobs/view/4444943286 , ,li-4444943286,fulltime,,,,,,False,associate,Engineering,,,Airlines and Aviation and Defense and Space Manufacturing,https://de.linkedin.com/company/quantum-systems-gmbh,,,,,,,,,,,
linkedin,Computer Vision Engineer,Twentyfour Industries,"Munich, Bavaria, Germany",2026-08-06,https://www.linkedin.com/jobs/view/4448090454 , ,li-4448090454,fulltime,,,,,,True,associate,Information Technology,,,Software Development,https://www.linkedin.com/company/24industries,,,,,,,,,,,
linkedin,Software Developer / Computer Scientist (m/f/d) specialised in AI and Machine Learning,Max Planck Society,"Heidelberg, Baden-Württemberg, Germany",2026-08-06,https://www.linkedin.com/jobs/view/4448088811 , ,li-4448088811,contract,,,,,,False,entry level,Engineering and Information Technology,,"equality@mpia.de, rl@mpia.de, briegel@mpia.de",Civic and Social Organizations,https://de.linkedin.com/school/max-planck-society/,,,,,,,,,,,
linkedin,Middleware Engineer,Applied Intuition,"Stuttgart, Baden-Württemberg, Germany",2026-08-06,https://www.linkedin.com/jobs/view/4423952825 , ,li-4423952825,fulltime,,,,,,True,entry level,Information Technology,,,Software Development,https://www.linkedin.com/company/applied-intuition-inc,,,,,,,,,,,
linkedin,Advanced Quality Excellence Engineer (m/w/d) – 01/2027,ESMC,"Dresden, Saxony, Germany",2026-08-06,https://www.linkedin.com/jobs/view/4432494712 , ,li-4432494712,fulltime,,,,,,False,entry level,Quality Assurance,,,Semiconductor Manufacturing,https://de.linkedin.com/company/esmc-dresden,,,,,,,,,,,
linkedin,Data Engineer  (m/f/d),Redcare Pharmacy,"Cologne, North Rhine-Westphalia, Germany",2026-08-06,https://www.linkedin.com/jobs/view/4431092101 , ,li-4431092101,fulltime,,,,,,True,mid-senior level,Analyst,,,Software Development and IT Services and IT Consulting,https://nl.linkedin.com/company/redcare-pharmacy-com,,,,,,,,,,,
linkedin,Quality & Reliability Engineer Team Lead (f/m/d),HOLOPLOT,"Berlin, Berlin, Germany",2026-08-06,https://www.linkedin.com/jobs/view/4443145268 , ,li-4443145268,fulltime,,,,,,False,associate,Engineering,,,"Appliances, Electrical, and Electronics Manufacturing",https://de.linkedin.com/company/holoplot-gmbh,,,,,,,,,,,
linkedin,Senior Photonic Integration Engineer (m/f/d),Q.ANT,"Stuttgart, Baden-Württemberg, Germany",2026-08-06,https://www.linkedin.com/jobs/view/4448411385 , ,li-4448411385,fulltime,,,,,,False,mid-senior level,"Engineering, Production, and Research",,,"IT Services and IT Consulting, Semiconductor Manufacturing, and Computer Hardware Manufacturing",https://de.linkedin.com/company/qant,,,,,,,,,,,
linkedin,Entwicklungsingenieur:in,ficonTEC,"Achim, Lower Saxony, Germany",2026-08-06,https://www.linkedin.com/jobs/view/4449392056 , ,li-4449392056,fulltime,,,,,,False,associate,Research,,,Machinery Manufacturing and Automation Machinery Manufacturing,https://de.linkedin.com/company/ficontec,,,,,,,,,,,
linkedin,Battery Cell Engineer (all genders),STARK,"Munich, Bavaria, Germany",2026-08-06,https://www.linkedin.com/jobs/view/4450216912 , ,li-4450216912,fulltime,,,,,,False,associate,Engineering and Other,,,Defense and Space Manufacturing,https://de.linkedin.com/company/stark-defence,,,,,,,,,,,
linkedin,Netzwerk Engineer Consultant (gn),Instaffo,"Brunswick, Lower Saxony, Germany",2026-08-06,https://www.linkedin.com/jobs/view/4422405804 , ,li-4422405804,fulltime,,,,,,False,mid-senior level,Engineering and Information Technology,,,Staffing and Recruiting,https://de.linkedin.com/company/instaffo-gmbh,,,,,,,,,,,
linkedin,Head of Engineering (m/w/d),Rohde & Schwarz,"Meckenheim, North Rhine-Westphalia, Germany",2026-08-06,https://www.linkedin.com/jobs/view/4448472663 , ,li-4448472663,fulltime,,,,,,False,not applicable,Engineering and Information Technology,,,Telecommunications,https://de.linkedin.com/company/rohde-schwarz,,,,,,,,,,,
linkedin,System Engineer,The Exploration Company,"Munich, Bavaria, Germany",2026-08-06,https://www.linkedin.com/jobs/view/4440229988 , ,li-4440229988,fulltime,,,,,,False,entry level,Information Technology,,,Aviation and Aerospace Component Manufacturing,https://de.linkedin.com/company/exploration-company,,,,,,,,,,,
linkedin,(Senior) Site Integration Engineer (m/f/d),E.ON Drive Infrastructure,"Essen, North Rhine-Westphalia, Germany",2026-08-06,https://www.linkedin.com/jobs/view/4449993221 , ,li-4449993221,fulltime,,,,,,False,associate,Information Technology,,laura.ackermann@edri.com,Utilities,https://de.linkedin.com/company/eon-drive-infrastructure,,,,,,,,,,,
linkedin,RF Propagation and Antenna Engineer (m/f/d),Ericsson,"Rosenheim, Bavaria, Germany",2026-08-06,https://www.linkedin.com/jobs/view/4431861461 , ,li-4431861461,fulltime,,,,,,False,not applicable,Other,,,Telecommunications,https://se.linkedin.com/company/ericsson,,,,,,,,,,,
linkedin,Systemingenieur - Training Means (w/m/d),HENSOLDT,"Immenstaad, Baden-Württemberg, Germany",2026-08-06,https://www.linkedin.com/jobs/view/4448864518 , ,li-4448864518,fulltime,,,,,,False,entry level,Information Technology,,jobs@hensoldt.net,Defense and Space Manufacturing,https://de.linkedin.com/company/hensoldt,,,,,,,,,,,
linkedin,Principal Engineer EMC (m/f/d),HARMAN International,"Karlsbad, Baden-Württemberg, Germany",2026-08-06,https://www.linkedin.com/jobs/view/4395070505 , ,li-4395070505,fulltime,,,,,,False,mid-senior level,Engineering and Information Technology,,harmancareers@harman.com,Computers and Electronics Manufacturing,https://www.linkedin.com/company/harman-international,,,,,,,,,,,
linkedin,Senior Elektronik Hardware Entwickler (m/w/d),IHSE Asia,"Oberteuringen, Baden-Württemberg, Germany",2026-08-06,https://www.linkedin.com/jobs/view/4450228508 , ,li-4450228508,fulltime,,,,,,False,mid-senior level,Engineering and Information Technology,,,IT Services and IT Consulting,https://sg.linkedin.com/company/ihse-asia,,,,,,,,,,,
linkedin,Field Service Engineer 3,Onto Innovation,"Dresden, Saxony, Germany",2026-08-06,https://www.linkedin.com/jobs/view/4422607963 , ,li-4422607963,fulltime,,,,,,False,entry level,Information Technology,,,Semiconductor Manufacturing,https://www.linkedin.com/company/onto-innovation,,,,,,,,,,,
linkedin,Antennen-Ingenieur in Forschungsprojekten (m/w/d),TKMS,"Boksee, Schleswig-Holstein, Germany",2026-08-06,https://www.linkedin.com/jobs/view/4448420700 , ,li-4448420700,fulltime,,,,,,False,mid-senior level,Engineering,,,Utilities,https://de.linkedin.com/company/tkms,,,,,,,,,,,
linkedin,Elektroingenieur für die Elektrokonstruktion (m/w/d),Fecken-Kirfel,"Aachen, North Rhine-Westphalia, Germany",2026-08-06,https://www.linkedin.com/jobs/view/4449732375 , ,li-4449732375,fulltime,,,,,,False,mid-senior level,Engineering,,,Construction,https://de.linkedin.com/company/fecken-kirfel,,,,,,,,,,,
linkedin,Konstruktions- und Entwicklungsingenieur:in (Defense Industry),KREMPEL,"Vaihingen an der Enz, Baden-Württemberg, Germany",2026-08-06,https://www.linkedin.com/jobs/view/4448444237 , ,li-4448444237,fulltime,,,,,,False,associate,Engineering,,jobs@krempel.com,"Aviation and Aerospace Component Manufacturing, Plastics Manufacturing, and Defense and Space Manufacturing",https://de.linkedin.com/company/krempel,,,,,,,,,,,
linkedin,Product Engineer,VIAVI Solutions,"Eningen unter Achalm, Baden-Württemberg, Germany",2026-08-06,https://www.linkedin.com/jobs/view/4449750409 , ,li-4449750409,fulltime,,,,,,False,mid-senior level,Engineering and Information Technology,,,Telecommunications,https://www.linkedin.com/company/viavi-solutions,,,,,,,,,,,
linkedin,Powertrain Simulation Engineer (all genders),STARK,"Munich, Bavaria, Germany",2026-08-06,https://www.linkedin.com/jobs/view/4450232305 , ,li-4450232305,fulltime,,,,,,False,associate,Engineering and Other,,,Defense and Space Manufacturing,https://de.linkedin.com/company/stark-defence,,,,,,,,,,,
linkedin,Senior Technical Lead - AV systems (m/w/d),Mobileye,"Neuwied, Rhineland-Palatinate, Germany",2026-08-06,https://www.linkedin.com/jobs/view/4449742669 , ,li-4449742669,fulltime,,,,,,False,mid-senior level,Analyst,,,Artificial Intelligence,https://il.linkedin.com/company/mobileye,,,,,,,,,,,
linkedin,Battery System Engineer/Architect (all genders),STARK,"Munich, Bavaria, Germany",2026-08-06,https://www.linkedin.com/jobs/view/4450226452 , ,li-4450226452,fulltime,,,,,,False,associate,Engineering and Other,,,Defense and Space Manufacturing,https://de.linkedin.com/company/stark-defence,,,,,,,,,,,
linkedin,IP Methodology & Design Flow Engineer,TSMC,"Munich, Bavaria, Germany",2026-08-06,https://www.linkedin.com/jobs/view/4441422732 , ,li-4441422732,fulltime,,,,,,False,mid-senior level,Research,,,Semiconductor Manufacturing,https://tw.linkedin.com/company/tsmc,,,,,,,,,,,
linkedin,AI System Architect,TSMC,"Munich, Bavaria, Germany",2026-08-06,https://www.linkedin.com/jobs/view/4432501426 , ,li-4432501426,fulltime,,,,,,False,mid-senior level,Engineering and Information Technology,,,Semiconductor Manufacturing,https://tw.linkedin.com/company/tsmc,,,,,,,,,,,
linkedin,Entwicklungsingenieur - elektrische Antriebssysteme (w/m/d),Brunel,"Wertheim, Baden-Württemberg, Germany",2026-08-06,https://www.linkedin.com/jobs/view/4449711969 , ,li-4449711969,fulltime,,,,,,False,not applicable,Design,,,Defense and Space Manufacturing,https://nl.linkedin.com/company/brunel,,,,,,,,,,,
linkedin,Entwicklungsingenieur (m/w/d) Hardware im Bereich Digital Communication Remote Systems,Pepperl+Fuchs Group,"Mannheim, Baden-Württemberg, Germany",2026-08-06,https://www.linkedin.com/jobs/view/4450225538 , ,li-4450225538,fulltime,,,,,,True,entry level,Engineering and Information Technology,,,Automation Machinery Manufacturing,https://de.linkedin.com/company/pepperl-fuchs-group,,,,,,,,,,,
linkedin,Elektronik Entwickler (m/w/d),WAGO,"Minden, North Rhine-Westphalia, Germany",2026-08-06,https://www.linkedin.com/jobs/view/4448090740 , ,li-4448090740,fulltime,,,,,,False,mid-senior level,Engineering and Information Technology,,,"Appliances, Electrical, and Electronics Manufacturing",https://de.linkedin.com/company/wago,,,,,,,,,,,
linkedin,AI Memory Design Engineer,TSMC,"Munich, Bavaria, Germany",2026-08-06,https://www.linkedin.com/jobs/view/4432505283 , ,li-4432505283,fulltime,,,,,,False,mid-senior level,Engineering and Information Technology,,,Semiconductor Manufacturing,https://tw.linkedin.com/company/tsmc,,,,,,,,,,,
linkedin,R&D Engineer FPGA (m/w/d),ABB,"Minden, North Rhine-Westphalia, Germany",2026-08-06,https://www.linkedin.com/jobs/view/4449747340 , ,li-4449747340,fulltime,,,,,,False,mid-senior level,Engineering and Information Technology,,,Automation Machinery Manufacturing,https://ch.linkedin.com/company/abb,,,,,,,,,,,
linkedin,Senior Hardware Engineer,STARK,"Munich, Bavaria, Germany",2026-08-06,https://www.linkedin.com/jobs/view/4450204692 , ,li-4450204692,fulltime,,,,,,False,mid-senior level,Engineering,,,Defense and Space Manufacturing,https://de.linkedin.com/company/stark-defence,,,,,,,,,,,
linkedin,Hardware Engineer,STARK,"Munich, Bavaria, Germany",2026-08-06,https://www.linkedin.com/jobs/view/4450201720 , ,li-4450201720,fulltime,,,,,,False,associate,Engineering,,,Defense and Space Manufacturing,https://de.linkedin.com/company/stark-defence,,,,,,,,,,,
linkedin,Elektrotechniker/-ingenieur (m/w/d) als Hardwareentwickler,VERDER SCIENTIFIC,"Haan, North Rhine-Westphalia, Germany",2026-08-06,https://www.linkedin.com/jobs/view/4450687507 , ,li-4450687507,fulltime,,,,,,False,entry level,Management and Manufacturing,,,Industrial Machinery Manufacturing,https://de.linkedin.com/company/verder-scientific,,,,,,,,,,,
linkedin,Elektroplaner (m/w/d),AVAT Automation GmbH,"Tübingen, Baden-Württemberg, Germany",2026-08-06,https://www.linkedin.com/jobs/view/4449337717 , ,li-4449337717,fulltime,,,,,,False,mid-senior level,Engineering,,jobs@avat.de,Renewables & Environment,https://de.linkedin.com/company/avat-automation-gmbh,,,,,,,,,,,
linkedin,Entwicklungsingenieur (m/w/d) im Bereich Hochfrequenztechnik,Rohde & Schwarz,"Meckenheim, North Rhine-Westphalia, Germany",2026-08-06,https://www.linkedin.com/jobs/view/4448479345 , ,li-4448479345,fulltime,,,,,,False,not applicable,Engineering and Information Technology,,,Telecommunications,https://de.linkedin.com/company/rohde-schwarz,,,,,,,,,,,
linkedin,Embedded Software Engineer (m/w/d),Randstad Deutschland,"Bremen, Bremen, Germany",2026-08-06,https://www.linkedin.com/jobs/view/4441470066 , ,li-4441470066,fulltime,,,,,,False,mid-senior level,Engineering and Information Technology,,,Human Resources Services,https://de.linkedin.com/company/randstad-deutschland,,,,,,,,,,,
linkedin,Principal FPGA Engineer (f/m/d),NXP Semiconductors,"Hamburg, Hamburg, Germany",2026-08-06,https://www.linkedin.com/jobs/view/4440993385 , ,li-4440993385,fulltime,,,,,,False,mid-senior level,Engineering and Information Technology,,,"Semiconductor Manufacturing, Computers and Electronics Manufacturing, and Software Development",https://nl.linkedin.com/company/nxp-semiconductors,,,,,,,,,,,
linkedin,Embedded Platform & Bring-Up Engineer,NXP Semiconductors,"Hamburg, Hamburg, Germany",2026-08-06,https://www.linkedin.com/jobs/view/4393236614 , ,li-4393236614,fulltime,,,,,,True,mid-senior level,Engineering and Information Technology,,maria.bertesteanu@nxp.com,"Semiconductor Manufacturing, Computers and Electronics Manufacturing, and Software Development",https://nl.linkedin.com/company/nxp-semiconductors,,,,,,,,,,,
linkedin,Sensor Integration Engineer (m/f/d),MOTOR Ai,"Berlin, Berlin, Germany",2026-08-06,https://www.linkedin.com/jobs/view/4448091603 , ,li-4448091603,fulltime,,,,,,True,mid-senior level,Engineering,,,Software Development,https://de.linkedin.com/company/motorai,,,,,,,,,,,
linkedin,Embedded Engineer;in nordöstlich von Hamburg,Amoria Bond,,2026-08-06,https://www.linkedin.com/jobs/view/4448425385 , ,li-4448425385,fulltime,,,,,,False,associate,Engineering,,Philipp.Vasen@amoriabond.com,Software Development and Industrial Machinery Manufacturing,https://uk.linkedin.com/company/amoria-bond,,,,,,,,,,,
linkedin,Software Engineer Medizintechnik (m/w/d),Dräger,"Lübeck, Schleswig-Holstein, Germany",2026-08-06,https://www.linkedin.com/jobs/view/4444135989 , ,li-4444135989,fulltime,,,,,,False,entry level,Engineering and Information Technology,,thorsten.borck@draeger.com,Manufacturing,https://de.linkedin.com/company/draeger,,,,,,,,,,,
linkedin,Senior Embedded Software Engineer (All genders),STARK,"Munich, Bavaria, Germany",2026-08-06,https://www.linkedin.com/jobs/view/4449990812 , ,li-4449990812,fulltime,,,,,,False,associate,Other and Engineering,,,Defense and Space Manufacturing,https://de.linkedin.com/company/stark-defence,,,,,,,,,,,
linkedin,Hardware Design Engineer - Berlin,Better Devices,"Berlin, Germany",2026-08-06,https://www.linkedin.com/jobs/view/4448083482 , ,li-4448083482,fulltime,,,,,,False,entry level,Engineering and Information Technology,,,Engineering Services,https://de.linkedin.com/company/better-devices-gmbh,,,,,,,,,,,
linkedin,Development Engineer Production – Fokus Software (f/m/d),Quantum Systems,,2026-08-06,https://www.linkedin.com/jobs/view/4449385594 , ,li-4449385594,fulltime,,,,,,False,mid-senior level,Engineering,,,Engineering Services,https://de.linkedin.com/company/quantum-systems-gmbh,,,,,,,,,,,
linkedin,CFD Software Developer,Siemens,"Erlangen, Bavaria, Germany",2026-08-06,https://www.linkedin.com/jobs/view/4423942777 , ,li-4423942777,fulltime,,,,,,False,mid-senior level,Research,,,Automation Machinery Manufacturing,https://de.linkedin.com/company/siemens,,,,,,,,,,,
linkedin,Avionics / Electrical Systems Engineer (m/f/x),Grob Aircraft,"Tussenhausen, Bavaria, Germany",2026-08-06,https://www.linkedin.com/jobs/view/4432818206 , ,li-4432818206,fulltime,,,,,,False,entry level,Engineering and Information Technology,,,Aviation and Aerospace Component Manufacturing,https://de.linkedin.com/company/grobaircraft,,,,,,,,,,,
linkedin,"Fullstack Software Engineer, Perception Experience",Intrinsic,"Munich, Bavaria, Germany",2026-08-06,https://www.linkedin.com/jobs/view/4401972389 , ,li-4401972389,fulltime,,,,,,False,mid-senior level,Engineering,,-support@intrinsic.ai,Software Development,https://www.linkedin.com/company/intrinsic,,,,,,,,,,,
linkedin,Electro Mechanical Engineer,Strativ Group,"Constance, Baden-Württemberg, Germany",2026-08-06,https://www.linkedin.com/jobs/view/4450267448 , ,li-4450267448,fulltime,,,,,,False,mid-senior level,Engineering and Design,,,"Robotics Engineering, Aviation and Aerospace Component Manufacturing, and Airlines and Aviation",https://uk.linkedin.com/company/strativgroup,,,,,,,,,,,
linkedin,Backend Engineer - FinTech (M/F/D),Freenow,"Hamburg, Hamburg, Germany",2026-08-06,https://www.linkedin.com/jobs/view/4449767359 , ,li-4449767359,fulltime,,,,,,False,mid-senior level,Engineering and Information Technology,,,Internet Marketplace Platforms,https://de.linkedin.com/company/freenow,,,,,,,,,,,
linkedin,Field Application Engineer (m/f/d),Hive Robotics,"Munich, Bavaria, Germany",2026-08-06,https://www.linkedin.com/jobs/view/4448098640 , ,li-4448098640,fulltime,,,,,,True,associate,Engineering,,,Construction,https://de.linkedin.com/company/hive-robotics-gmbh,,,,,,,,,,,
linkedin,Digital Defense Platform Engineer (all genders),Accenture DACH,"Dresden, Saxony, Germany",2026-08-05,https://www.linkedin.com/jobs/view/4449133383 , ,li-4449133383,fulltime,,,,,,True,mid-senior level,Strategy/Planning and Consulting,,_germany@accenture.com,Business Consulting and Services,https://de.linkedin.com/company/accenture-dach,,,,,,,,,,,
linkedin,Spezialist für Airborne Electronic Attack Systems (w/m/d),HENSOLDT,"Ulm, Baden-Württemberg, Germany",2026-08-05,https://www.linkedin.com/jobs/view/4447221710 , ,li-4447221710,fulltime,,,,,,False,mid-senior level,Other,,jobs@hensoldt.net,Defense and Space Manufacturing,https://de.linkedin.com/company/hensoldt,,,,,,,,,,,
linkedin,Senior Application Engineer (m/f/d),Advantest,"Böblingen, Baden-Württemberg, Germany",2026-08-05,https://www.linkedin.com/jobs/view/4449917800 , ,li-4449917800,fulltime,,,,,,False,mid-senior level,Engineering and Information Technology,,,Semiconductor Manufacturing,https://jp.linkedin.com/company/advantest,,,,,,,,,,,
linkedin,Laser Compliance Systems Engineer,Apple,"Munich, Bavaria, Germany",2026-08-05,https://www.linkedin.com/jobs/view/4449116139 , ,li-4449116139,fulltime,,,,,,False,mid-senior level,Information Technology,,,Computers and Electronics Manufacturing,https://www.linkedin.com/company/apple,,,,,,,,,,,
linkedin,(Elektro-) Ingenieur:in als Planungsingenieur:in Telekommunikationstechnik,Deutsche Bahn,"Frankfurt am Main, Hesse, Germany",2026-08-05,https://www.linkedin.com/jobs/view/4422676011 , ,li-4422676011,fulltime,,,,,,False,mid-senior level,Management and Manufacturing,,,Truck Transportation,https://de.linkedin.com/company/deutschebahn,,,,,,,,,,,
linkedin,System Architect / Product Definition Engineer – Data Center Power,L&T Semiconductor Technologies,"Munich, Bavaria, Germany",2026-08-05,https://www.linkedin.com/jobs/view/4424882516 , ,li-4424882516,fulltime,,,,,,False,mid-senior level,Engineering,,,Semiconductor Manufacturing,https://in.linkedin.com/company/lt-semiconductor-technologies,,,,,,,,,,,
linkedin,Systemingenieur (m/w/d) für Signalerfassungssysteme,Rohde & Schwarz,"Teisnach, Bavaria, Germany",2026-08-05,https://www.linkedin.com/jobs/view/4449127809 , ,li-4449127809,fulltime,,,,,,False,not applicable,Information Technology,,,Telecommunications,https://de.linkedin.com/company/rohde-schwarz,,,,,,,,,,,
linkedin,Digital Defense Platform Engineer (all genders),Accenture DACH,"Stuttgart, Baden-Württemberg, Germany",2026-08-05,https://www.linkedin.com/jobs/view/4449150103 , ,li-4449150103,fulltime,,,,,,True,mid-senior level,Strategy/Planning and Consulting,,_germany@accenture.com,Business Consulting and Services,https://de.linkedin.com/company/accenture-dach,,,,,,,,,,,
linkedin,Engineer (f/m/d) - Multisensor Fusion for Resilient Navigation,German Aerospace Center (DLR),"Neustrelitz, Mecklenburg-West Pomerania, Germany",2026-08-05,https://www.linkedin.com/jobs/view/4448602657 , ,li-4448602657,fulltime,,,,,,True,mid-senior level,Engineering and Information Technology,,,Research Services,https://de.linkedin.com/company/dlr,,,,,,,,,,,
linkedin,Ion Trap Designer (m/f/d),QUDORA Technologies,"Brunswick, Lower Saxony, Germany",2026-08-05,https://www.linkedin.com/jobs/view/4449426402 , ,li-4449426402,contract,,,,,,True,entry level,"Design, Art/Creative, and Information Technology",,,Computer Hardware Manufacturing,https://de.linkedin.com/company/qudora,,,,,,,,,,,
linkedin,"Software Development Engineer, Fire TV Experience - Berlin",Amazon,"Berlin, Germany",2026-08-05,https://www.linkedin.com/jobs/view/4449408235 , ,li-4449408235,fulltime,,,,,,False,mid-senior level,"Information Technology, Consulting, and Engineering",,,Software Development,https://www.linkedin.com/company/amazon,,,,,,,,,,,
linkedin,(Junior) Data Engineer (m/w/d),Alexander Thamm [at],"Berlin, Berlin, Germany",2026-08-05,https://www.linkedin.com/jobs/view/4448011829 , ,li-4448011829,fulltime,,,,,,True,entry level,Information Technology,,,Business Consulting and Services,https://de.linkedin.com/company/alexander-thamm-gmbh,,,,,,,,,,,
linkedin,Data Engineer Databricks / Lakehouse (w/m/d),1&1,"Karlsruhe, Baden-Württemberg, Germany",2026-08-05,https://www.linkedin.com/jobs/view/4448985318 , ,li-4448985318,fulltime,,,,,,False,mid-senior level,Information Technology,,,Telecommunications,https://de.linkedin.com/company/1und1de,,,,,,,,,,,
linkedin,System Engineer - Sentinel-3 Next Generation Optical (S3-NG OPT),Terma Group,"Darmstadt, Hesse, Germany",2026-08-05,https://www.linkedin.com/jobs/view/4449653783 , ,li-4449653783,fulltime,,,,,,False,mid-senior level,"Engineering, Information Technology, and Science",,ta.space@terma.com,"Defense and Space Manufacturing, Space Research and Technology, and Aviation and Aerospace Component Manufacturing",https://dk.linkedin.com/company/terma-a-s,,,,,,,,,,,
linkedin,Junior-RF-Development Engineer (d/m/w) - Radiator and Components Design,Airbus Defence and Space,"Immenstaad am Bodensee, Baden-Württemberg, Germany",2026-08-05,https://www.linkedin.com/jobs/view/4447361425 , ,li-4447361425,fulltime,,,,,,False,entry level,Engineering and Information Technology,,emsom@airbus.com,Defense and Space Manufacturing,https://www.linkedin.com/company/airbus-defence-and-space,,,,,,,,,,,
linkedin,Wissenschaftliche*r Mitarbeiter*in – Nachrichtentechnik für Satellitenkommunikation (all genders),Fraunhofer IIS,"Erlangen, Bavaria, Germany",2026-08-05,https://www.linkedin.com/jobs/view/4448175242 , ,li-4448175242,fulltime,,,,,,True,mid-senior level,"Research, Analyst, and Information Technology",,,Research Services,https://de.linkedin.com/company/fraunhofer-iis,,,,,,,,,,,
linkedin,Digital Defense Platform Engineer (all genders),Accenture DACH,"Hamburg, Hamburg, Germany",2026-08-05,https://www.linkedin.com/jobs/view/4449130474 , ,li-4449130474,fulltime,,,,,,True,mid-senior level,Strategy/Planning and Consulting,,_germany@accenture.com,Business Consulting and Services,https://de.linkedin.com/company/accenture-dach,,,,,,,,,,,
linkedin,FAE Solutions Engineer,Quectel,,2026-08-05,https://www.linkedin.com/jobs/view/4449123841 , ,li-4449123841,fulltime,,,,,,True,mid-senior level,Engineering,,,IT System Custom Software Development,https://cn.linkedin.com/company/quectel-wireless-solutions,,,,,,,,,,,
linkedin,Autopilot Engineer (Control),STARK,"Berlin, Germany",2026-08-05,https://www.linkedin.com/jobs/view/4419827713 , ,li-4419827713,fulltime,,,,,,False,associate,Other,,,Defense and Space Manufacturing,https://de.linkedin.com/company/stark-defence,,,,,,,,,,,
linkedin,Field Robotics Engineer – Data Operations (all genders),STARK,"Munich, Bavaria, Germany",2026-08-05,https://www.linkedin.com/jobs/view/4449656171 , ,li-4449656171,fulltime,,,,,,False,associate,Engineering and Other,,,Defense and Space Manufacturing,https://de.linkedin.com/company/stark-defence,,,,,,,,,,,
linkedin,Embedded Software Developer (C++ / Linux) for High-Performance Shuttle Systems (M/F/D)*,TGW Logistics,"Regensburg, Bavaria, Germany",2026-08-05,https://www.linkedin.com/jobs/view/4447382642 , ,li-4447382642,fulltime,,,,,,False,entry level,Engineering and Information Technology,,,Automation Machinery Manufacturing,https://at.linkedin.com/company/tgw-group,,,,,,,,,,,
linkedin,Embedded Software Developer (C++ / Linux) for High-Performance Shuttle Systems (M/F/D)*,TGW Logistics,"Teunz, Bavaria, Germany",2026-08-05,https://www.linkedin.com/jobs/view/4447372983 , ,li-4447372983,fulltime,,,,,,False,entry level,Engineering and Information Technology,,,Automation Machinery Manufacturing,https://at.linkedin.com/company/tgw-group,,,,,,,,,,,
linkedin,Software-Diagnoseentwickler (m/w/d),BRIGHT Consulting GmbH,"Munich, Bavaria, Germany",2026-08-05,https://www.linkedin.com/jobs/view/4448014198 , ,li-4448014198,fulltime,,,,,,False,associate,Information Technology,,,Industrial Machinery Manufacturing,https://de.linkedin.com/company/bright-consulting-gmbh,,,,,,,,,,,
linkedin,Development Engineer,5V Tech,"Hannover, Lower Saxony, Germany",2026-08-05,https://www.linkedin.com/jobs/view/4448989314 , ,li-4448989314,fulltime,,,,,,True,mid-senior level,Engineering,,,"Audio and Video Equipment Manufacturing, Computers and Electronics Manufacturing, and Manufacturing",https://uk.linkedin.com/company/5vtech,,,,,,,,,,,
linkedin,Linux-Ingenieur:in,smartist.one,"Hannover, Lower Saxony, Germany",2026-08-05,https://www.linkedin.com/jobs/view/4449461403 , ,li-4449461403,fulltime,,,,,,False,associate,Information Technology,,,Telecommunications,https://de.linkedin.com/company/smartistone,,,,,,,,,,,
linkedin,Embedded Firmware Developer (Agri-Tech / Sensor Systems) (m/f/d),stenon,"Potsdam, Brandenburg, Germany",2026-08-05,https://www.linkedin.com/jobs/view/4449329333 , ,li-4449329333,fulltime,,,,,,False,associate,Information Technology,,,IT Services and IT Consulting,https://de.linkedin.com/company/stenon,,,,,,,,,,,
linkedin,Senior Software Engineer - Python control software (f/m/d),eleQtron,"Siegen, North Rhine-Westphalia, Germany",2026-08-05,https://www.linkedin.com/jobs/view/4449618797 , ,li-4449618797,fulltime,,,,,,False,mid-senior level,Information Technology,,,IT Services and IT Consulting,https://de.linkedin.com/company/eleqtron-qc,,,,,,,,,,,
linkedin,Ground Segment Systems Engineer (d/f/m),Airbus Defence and Space,"Munich, Bavaria, Germany",2026-08-05,https://www.linkedin.com/jobs/view/4429824463 , ,li-4429824463,fulltime,,,,,,False,mid-senior level,Information Technology,,emsom@airbus.com,Defense and Space Manufacturing,https://www.linkedin.com/company/airbus-defence-and-space,,,,,,,,,,,
linkedin,Digital Defense Platform Engineer (all genders),Accenture DACH,"Siegburg, North Rhine-Westphalia, Germany",2026-08-05,https://www.linkedin.com/jobs/view/4449151043 , ,li-4449151043,fulltime,,,,,,True,mid-senior level,Strategy/Planning and Consulting,,_germany@accenture.com,Business Consulting and Services,https://de.linkedin.com/company/accenture-dach,,,,,,,,,,,
linkedin,Systemingenieur Robotics (m/w/d),Brose Group,"Bamberg, Bavaria, Germany",2026-08-05,https://www.linkedin.com/jobs/view/4449490073 , ,li-4449490073,fulltime,,,,,,False,mid-senior level,Information Technology,,,Motor Vehicle Manufacturing,https://de.linkedin.com/company/brose,,,,,,,,,,,
linkedin,Head of Software Engineering,Women Building Bio,"Munich, Bavaria, Germany",2026-08-05,https://www.linkedin.com/jobs/view/4448911194 , ,li-4448911194,fulltime,,,,,,False,mid-senior level,Engineering and Information Technology,,,Biotechnology Research,https://www.linkedin.com/company/women-building-bio,,,,,,,,,,,
linkedin,EN,HLRS,"Stuttgart, Baden-Württemberg, Germany",2026-08-05,https://www.linkedin.com/jobs/view/4448585851 , ,li-4448585851,parttime,,,,,,False,entry level,Other,,,Research,https://www.linkedin.com/company/hlrs,,,,,,,,,,,
linkedin,Commissioning Engineer – Automation & Robotics,R3 Robotics,,2026-08-05,https://www.linkedin.com/jobs/view/4448031649 , ,li-4448031649,fulltime,,,,,,False,mid-senior level,Engineering,,,Industrial Machinery Manufacturing and Robotics Engineering,https://lu.linkedin.com/company/r3robotics-ai,,,,,,,,,,,
linkedin,Quantum Error Correction Scientist (f/m/d),eleQtron,"Siegen, North Rhine-Westphalia, Germany",2026-08-05,https://www.linkedin.com/jobs/view/4434981021 , ,li-4434981021,fulltime,,,,,,False,mid-senior level,Information Technology,,,IT Services and IT Consulting,https://de.linkedin.com/company/eleqtron-qc,,,,,,,,,,,
linkedin,Product Engineer (all genders),Instaffo,"Berlin, Berlin, Germany",2026-08-05,https://www.linkedin.com/jobs/view/4440565871 , ,li-4440565871,fulltime,,,,,,False,mid-senior level,Information Technology and Engineering,,,Staffing and Recruiting,https://de.linkedin.com/company/instaffo-gmbh,,,,,,,,,,,
linkedin,Control Engineer,Alexander Daniels Global,"Nienburg (Weser), Lower Saxony, Germany",2026-08-05,https://www.linkedin.com/jobs/view/4448983610 , ,li-4448983610,fulltime,,,,,,False,associate,Engineering,,,Defense and Space Manufacturing,https://uk.linkedin.com/company/alexander-daniels-global,,,,,,,,,,,
linkedin,Elektrokonstrukteur (m/w/d),SCHUNK - Hand in hand for tomorrow,"Sankt Georgen im Schwarzwald, Baden-Württemberg, Germany",2026-08-05,https://www.linkedin.com/jobs/view/4434360726 , ,li-4434360726,fulltime,,,,,,False,associate,Engineering and Information Technology,,,Automation Machinery Manufacturing,https://de.linkedin.com/company/schunk,,,,,,,,,,,
linkedin,Systemingenieur Konstruktion elektronische Systeme (m/w/d) militärischer Schiffbau,ORANGE Engineering GmbH & Co. KG,"Wedel, Schleswig-Holstein, Germany",2026-08-05,https://www.linkedin.com/jobs/view/4447308600 , ,li-4447308600,fulltime,,,,,,False,mid-senior level,Information Technology,,,Machinery Manufacturing,https://de.linkedin.com/company/orange-engineering-gmbh,,,,,,,,,,,
linkedin,Layoutentwickler,Guldberg GmbH,"Wedel, Schleswig-Holstein, Germany",2026-08-05,https://www.linkedin.com/jobs/view/4448024103 , ,li-4448024103,fulltime,,,,,,False,associate,Engineering,,,Defense and Space Manufacturing,https://de.linkedin.com/company/guldberggmbh,,,,,,,,,,,
linkedin,Projektingenieur HGÜ-Simulation (m/w/d),Scherer Staffing GmbH,"Erlangen, Bavaria, Germany",2026-08-05,https://www.linkedin.com/jobs/view/4448047508 , ,li-4448047508,fulltime,,,,,,False,associate,Engineering,,,Energy Technology,https://de.linkedin.com/company/schererstaffing,,,,,,,,,,,
linkedin,"Engineer Product Sustainment Electronics (m/w/d) | Lüdenscheid, Deutschland",ERCO,"Lüdenscheid, North Rhine-Westphalia, Germany",2026-08-05,https://www.linkedin.com/jobs/view/4447393353 , ,li-4447393353,fulltime,,,,,,False,entry level,Engineering and Information Technology,,,"Appliances, Electrical, and Electronics Manufacturing",https://de.linkedin.com/company/erco,,,,,,,,,,,
linkedin,Konstrukteur (m/w/d),Schnaidt GmbH,"Ammerbuch, Baden-Württemberg, Germany",2026-08-05,https://www.linkedin.com/jobs/view/4447371331 , ,li-4447371331,fulltime,,,,,,False,mid-senior level,Management and Manufacturing,,bewerbung@schnaidt.eu,Computers and Electronics Manufacturing,https://de.linkedin.com/company/schnaidtgmbh,,,,,,,,,,,
linkedin,"Sr. Engineer, Analog Mixed-Signal Design",SiTime,"Munich, Bavaria, Germany",2026-08-05,https://www.linkedin.com/jobs/view/4440547888 , ,li-4440547888,fulltime,,,,,,False,mid-senior level,Engineering and Information Technology,,,Semiconductor Manufacturing,https://www.linkedin.com/company/sitime,,,,,,,,,,,
linkedin,Entwicklungsingenieur Elektrotechnik (m/w/d),ORANGE Engineering GmbH & Co. KG,"Bremen, Bremen, Germany",2026-08-05,https://www.linkedin.com/jobs/view/4447304831 , ,li-4447304831,fulltime,,,,,,False,mid-senior level,Engineering and Information Technology,,,Machinery Manufacturing,https://de.linkedin.com/company/orange-engineering-gmbh,,,,,,,,,,,
linkedin,Satellite Control Center (SCC) Systems Engineer HW/SW (d/m/w,Airbus Defence and Space,"Munich, Bavaria, Germany",2026-08-05,https://www.linkedin.com/jobs/view/4429826423 , ,li-4429826423,fulltime,,,,,,False,mid-senior level,Engineering and Information Technology,,emsom@airbus.com,Defense and Space Manufacturing,https://www.linkedin.com/company/airbus-defence-and-space,,,,,,,,,,,
linkedin,"Engineer II, Analog Mixed-Signal Design",SiTime,"Munich, Bavaria, Germany",2026-08-05,https://www.linkedin.com/jobs/view/4440559521 , ,li-4440559521,fulltime,,,,,,False,mid-senior level,Engineering and Information Technology,,,Semiconductor Manufacturing,https://www.linkedin.com/company/sitime,,,,,,,,,,,
linkedin,Elektrokonstrukteur (m/w/d),endigo GmbH,"Langen, Hesse, Germany",2026-08-05,https://www.linkedin.com/jobs/view/4447346525 , ,li-4447346525,fulltime,,,,,,False,entry level,Engineering,,,Automation Machinery Manufacturing,https://de.linkedin.com/company/endigo-gmbh,,,,,,,,,,,
linkedin,"R&D Software Engineer (C++, Rust, Python)",Keysight Technologies,"Dresden, Saxony, Germany",2026-08-05,https://www.linkedin.com/jobs/view/4438079966 , ,li-4438079966,fulltime,,,,,,False,mid-senior level,Engineering,,,"Appliances, Electrical, and Electronics Manufacturing",https://www.linkedin.com/company/keysight-technologies,,,,,,,,,,,
linkedin,VP Engineering,IC Resources,"Berlin, Berlin, Germany",2026-08-05,https://www.linkedin.com/jobs/view/4434734915 , ,li-4434734915,fulltime,,,,,,False,executive,Engineering and Information Technology,,,Staffing and Recruiting,https://uk.linkedin.com/company/icresources,,,,,,,,,,,
linkedin,HF-Vertriebsingenieur Deutschland Nord,bsw TestSystems & Consulting,,2026-08-05,https://www.linkedin.com/jobs/view/4448072207 , ,li-4448072207,fulltime,,,,,,False,associate,Sales,,,IT Services and IT Consulting,https://de.linkedin.com/company/bsw-testsystem-und-consulting,,,,,,,,,,,
linkedin,"Senior Engineer, IRIS2 Facilities",SES Satellites,"Unterföhring, Bavaria, Germany",2026-08-05,https://www.linkedin.com/jobs/view/4439867140 , ,li-4439867140,fulltime,,,,,,False,mid-senior level,Management and Manufacturing,,,Telecommunications,https://lu.linkedin.com/company/ses,,,,,,,,,,,
linkedin,Expert Transport Network Planning (m/w/d),Vodafone,"Eschborn, Hesse, Germany",2026-08-05,https://www.linkedin.com/jobs/view/4446215127 , ,li-4446215127,fulltime,,,,,,False,not applicable,Other,,,"Information Services, IT Services and IT Consulting, and Telecommunications",https://uk.linkedin.com/company/vodafone,,,,,,,,,,,
linkedin,"Field Applications Engineer, Senior Staff  IoT - Qualcomm Germany",Qualcomm,"Munich, Bavaria, Germany",2026-08-05,https://www.linkedin.com/jobs/view/4439862633 , ,li-4439862633,fulltime,,,,,,False,not applicable,Other,,-accomodations@qualcomm.com,Semiconductor Manufacturing,https://www.linkedin.com/company/qualcomm,,,,,,,,,,,
linkedin,Senior Electrical Engineer - Robotics (m/f/d),RobCo,"Munich, Bavaria, Germany",2026-08-05,https://www.linkedin.com/jobs/view/4449694586 , ,li-4449694586,fulltime,,,,,,True,mid-senior level,Engineering and Information Technology,,,"Technology, Information and Internet",https://de.linkedin.com/company/robco-therobotcompany,,,,,,,,,,,
linkedin,Hardware Engineer (m/w/d),Wetec Elektrotechnik GmbH,"Mülheim an der Ruhr, North Rhine-Westphalia, Germany",2026-08-05,https://www.linkedin.com/jobs/view/4448960309 , ,li-4448960309,fulltime,,,,,,False,mid-senior level,Engineering and Information Technology,,,"Appliances, Electrical, and Electronics Manufacturing",https://www.linkedin.com/company/wetec-elektrotechnik-gmbh,,,,,,,,,,,
linkedin,Entwickler für induktive Komponenten (m/w/d),Pikatron GmbH,"Lauchringen, Baden-Württemberg, Germany",2026-08-05,https://www.linkedin.com/jobs/view/4448949944 , ,li-4448949944,fulltime,,,,,,False,entry level,Engineering and Information Technology,,,Manufacturing,https://de.linkedin.com/company/pikatron-gmbh,,,,,,,,,,,
linkedin,Backend Software Engineer,ACC Group AG,"Ulm, Baden-Württemberg, Germany",2026-08-05,https://www.linkedin.com/jobs/view/4449409532 , ,li-4449409532,fulltime,,,,,,False,mid-senior level,Engineering and Information Technology,,,"Technology, Information and Internet",https://ch.linkedin.com/company/acc-group-ag,,,,,,,,,,,
linkedin,Senior Development Engineer (w/m/d),MBDA Deutschland,"Schrobenhausen, Bavaria, Germany",2026-08-05,https://www.linkedin.com/jobs/view/4448947001 , ,li-4448947001,fulltime,,,,,,False,mid-senior level,Engineering and Information Technology,,,Defense and Space Manufacturing,https://de.linkedin.com/company/mbda-deutschland,,,,,,,,,,,
linkedin,Testingenieur Hochfrequenz-Leistungselektronik (w/m/d),Siemens Healthineers,"Erlangen, Bavaria, Germany",2026-08-05,https://www.linkedin.com/jobs/view/4434852506 , ,li-4434852506,fulltime,,,,,,False,mid-senior level,Manufacturing,,,"Medical Equipment Manufacturing, Hospitals and Health Care, and Biotechnology Research",https://de.linkedin.com/company/siemens-healthineers,,,,,,,,,,,
linkedin,ADAS Perception Engineer,European Tech Recruit,"Munich, Bavaria, Germany",2026-08-05,https://www.linkedin.com/jobs/view/4449457046 , ,li-4449457046,contract,,,,,,False,mid-senior level,Engineering,,,Semiconductor Manufacturing and Software Development,https://uk.linkedin.com/company/european-tech-recruit,,,,,,,,,,,
linkedin,Elektrokonstrukteur:in,SmartTECS Engineers GmbH,"Chemnitz, Saxony, Germany",2026-08-05,https://www.linkedin.com/jobs/view/4447348982 , ,li-4447348982,fulltime,,,,,,False,entry level,Engineering and Information Technology,,career@smarttecs.de,Railroad Equipment Manufacturing,https://de.linkedin.com/company/smarttecs-engineers-gmbh,,,,,,,,,,,
linkedin,Data Scientist (Deep Learning) (m/f/d),Sonova Group,"Berlin, Berlin, Germany",2026-08-05,https://www.linkedin.com/jobs/view/4440800028 , ,li-4440800028,fulltime,,,,,,False,entry level,Information Technology,,,Medical Equipment Manufacturing,https://ch.linkedin.com/company/sonovagroup,,,,,,,,,,,
linkedin,Entwicklungsingenieur Kommunikationssysteme (m/w/d),ORANGE Engineering GmbH & Co. KG,"Bremen, Bremen, Germany",2026-08-05,https://www.linkedin.com/jobs/view/4447319147 , ,li-4447319147,fulltime,,,,,,False,entry level,Engineering and Information Technology,,,Machinery Manufacturing,https://de.linkedin.com/company/orange-engineering-gmbh,,,,,,,,,,,
linkedin,Entwicklungsingenieur (m/w/d) Aerospace Electronics  Schwerpunkt Analog-/ Digital-/ Signalelektronik,Liebherr Group,"Lindau, Bavaria, Germany",2026-08-05,https://www.linkedin.com/jobs/view/4280313131 , ,li-4280313131,fulltime,,,,,,False,entry level,Engineering and Information Technology,,katja.liedtke@liebherr.com,Industrial Machinery Manufacturing,https://de.linkedin.com/company/liebherr,,,,,,,,,,,
linkedin,"Engineer, Physicist (m/f/d) - Terrestrial Navigation System",German Aerospace Center (DLR),"Neustrelitz, Mecklenburg-West Pomerania, Germany",2026-08-05,https://www.linkedin.com/jobs/view/4448612355 , ,li-4448612355,parttime,,,,,,True,mid-senior level,Information Technology,,,Research Services,https://de.linkedin.com/company/dlr,,,,,,,,,,,
linkedin,Systemingenieur (m/w/d) - Robotics,KNDS Deutschland,"Munich, Bavaria, Germany",2026-08-05,https://www.linkedin.com/jobs/view/4449667051 , ,li-4449667051,fulltime,,,,,,False,mid-senior level,Information Technology,,,Defense and Space Manufacturing,https://de.linkedin.com/company/knds-deutschland,,,,,,,,,,,
linkedin,Elektrotechnische Hardwarekonstruktion/Auftragsführung (m/w/d),TS Elino GmbH,"Hamburg, Hamburg, Germany",2026-08-05,https://www.linkedin.com/jobs/view/4448944187 , ,li-4448944187,fulltime,,,,,,False,entry level,Other,,,Automation Machinery Manufacturing,https://de.linkedin.com/company/ts-elino-gmbh,,,,,,,,,,,
linkedin,System Architect / Product Definition Engineer – Isolated Power Products,L&T Semiconductor Technologies,"Munich, Bavaria, Germany",2026-08-05,https://www.linkedin.com/jobs/view/4424875568 , ,li-4424875568,fulltime,,,,,,False,mid-senior level,Engineering,,,Semiconductor Manufacturing,https://in.linkedin.com/company/lt-semiconductor-technologies,,,,,,,,,,,
linkedin,Scientific Programmer (all genders),European Geosciences Union (EGU),"Hamburg, Hamburg, Germany",2026-08-05,https://www.linkedin.com/jobs/view/4449675316 , ,li-4449675316,fulltime,,,,,,False,mid-senior level,Engineering and Information Technology,,_Meteo@wisskomm.social,Non-profit Organization Management,https://de.linkedin.com/company/european-geosciences-union,,,,,,,,,,,
linkedin,Elektroingenieur Prüftechnik (m/w/d),ORANGE Engineering GmbH & Co. KG,"Bremen, Bremen, Germany",2026-08-05,https://www.linkedin.com/jobs/view/4447308609 , ,li-4447308609,fulltime,,,,,,False,mid-senior level,Engineering and Information Technology,,,Machinery Manufacturing,https://de.linkedin.com/company/orange-engineering-gmbh,,,,,,,,,,,
linkedin,"Staff Software Engineer, Infrastructure (Cloud)",AeroVect,"Berlin, Berlin, Germany",2026-08-05,https://www.linkedin.com/jobs/view/4449620719 , ,li-4449620719,fulltime,,,,,,False,mid-senior level,Engineering and Information Technology,,,Airlines and Aviation,https://www.linkedin.com/company/aerovect,,,,,,,,,,,
linkedin,Junior Entwicklungsingenieur (d/m/w) - Elektrische Schnittstellen- und Verbindungstechnik Raumfahrt,Airbus Defence and Space,"Immenstaad am Bodensee, Baden-Württemberg, Germany",2026-08-04,https://www.linkedin.com/jobs/view/4446603780 , ,li-4446603780,fulltime,,,,,,False,entry level,Engineering and Information Technology,,emsom@airbus.com,Defense and Space Manufacturing,https://www.linkedin.com/company/airbus-defence-and-space,,,,,,,,,,,
linkedin,HV Engineering Expert - High Voltage and R&D (m/w/d),XP Power,"Schechen, Bavaria, Germany",2026-08-04,https://www.linkedin.com/jobs/view/4446611550 , ,li-4446611550,fulltime,,,,,,False,associate,Engineering,,,"Appliances, Electrical, and Electronics Manufacturing",https://sg.linkedin.com/company/xp-power,,,,,,,,,,,
linkedin,RF / COMMUNICATIONS ENGINEER (f/m/d),Omnisent,"Munich, Bavaria, Germany",2026-08-04,https://www.linkedin.com/jobs/view/4446634686 , ,li-4446634686,fulltime,,,,,,False,entry level,Engineering,,,IT Services and IT Consulting,https://de.linkedin.com/company/omnisent,,,,,,,,,,,
linkedin,Senior Development Engineer - RF Design,Coherent Corp.,"Berlin, Berlin, Germany",2026-08-04,https://www.linkedin.com/jobs/view/4439845863 , ,li-4439845863,fulltime,,,,,,False,mid-senior level,Engineering and Information Technology,,kris.cairns@coherent.com,Semiconductor Manufacturing,https://www.linkedin.com/company/coherent-corp,,,,,,,,,,,
linkedin,Elektrokonstrukteur / Electrical Design Engineer (m/w/d) – EPLAN P8 | Sondermaschinenbau,pro-beam Group,"Chemnitz, Saxony, Germany",2026-08-04,https://www.linkedin.com/jobs/view/4441796877 , ,li-4441796877,fulltime,,,,,,False,associate,Information Technology,,,Machinery Manufacturing,https://de.linkedin.com/company/pro-beam-group,,,,,,,,,,,
linkedin,Ingenieur*in Elektrotechnik – Schwerpunkt Hochfrequenztechnik (HF-Technik) oder mit vergleichbarer Qualifikation,GSI Helmholtz Centre for Heavy Ion Research,"Darmstadt, Hesse, Germany",2026-08-04,https://www.linkedin.com/jobs/view/4448809328 , ,li-4448809328,fulltime,,,,,,False,mid-senior level,Engineering and Information Technology,,,Research,https://de.linkedin.com/company/gsi-helmholtz-centre-for-heavy-ion-research,,,,,,,,,,,
linkedin,Zulassungsspezialist:in,T&S (Technology & Strategy),,2026-08-04,https://www.linkedin.com/jobs/view/4448868523 , ,li-4448868523,fulltime,,,,,,False,associate,Engineering and Information Technology,,,IT Services and IT Consulting and Engineering Services,https://fr.linkedin.com/company/technology-&-strategy-t&s-,,,,,,,,,,,
linkedin,Network Engineer - New Grad,Ciena,,2026-08-04,https://www.linkedin.com/jobs/view/4436252874 , ,li-4436252874,fulltime,,,,,,False,entry level,Information Technology,,,Telecommunications,https://www.linkedin.com/company/ciena,,,,,,,,,,,
linkedin,FLIGHT TEST ENGINEER (f/m/d),Omnisent,"Munich, Bavaria, Germany",2026-08-04,https://www.linkedin.com/jobs/view/4446645425 , ,li-4446645425,fulltime,,,,,,False,entry level,Engineering,,,IT Services and IT Consulting,https://de.linkedin.com/company/omnisent,,,,,,,,,,,
linkedin,Optical Scatterometry Engineer,Optimus Search,"Dresden, Saxony, Germany",2026-08-04,https://www.linkedin.com/jobs/view/4446651322 , ,li-4446651322,fulltime,,,,,,False,director,Engineering and Manufacturing,,,"Semiconductor Manufacturing, Engines and Power Transmission Equipment Manufacturing, and Manufacturing",https://uk.linkedin.com/company/optimus-search,,,,,,,,,,,
linkedin,"Gas Laser Engineer (CO₂, HeNe & Excimer) - Germany",Optimus Search,"Munich, Bavaria, Germany",2026-08-04,https://www.linkedin.com/jobs/view/4446666060 , ,li-4446666060,contract,,,,,,False,mid-senior level,Engineering,,,Engineering Services and Manufacturing,https://uk.linkedin.com/company/optimus-search,,,,,,,,,,,
linkedin,Fiber Laser Engineer (Industrial Manufacturing),Optimus Search,"Leipzig, Saxony, Germany",2026-08-04,https://www.linkedin.com/jobs/view/4446629451 , ,li-4446629451,fulltime,,,,,,False,director,Engineering and Manufacturing,,,"Engines and Power Transmission Equipment Manufacturing, Engineering Services, and Industrial Machinery Manufacturing",https://uk.linkedin.com/company/optimus-search,,,,,,,,,,,
linkedin,Junior Entwicklungsingenieur (d/m/w) - Electromagnetic & RF Compatibility,Airbus Defence and Space,"Immenstaad am Bodensee, Baden-Württemberg, Germany",2026-08-04,https://www.linkedin.com/jobs/view/4446610041 , ,li-4446610041,fulltime,,,,,,False,entry level,Engineering and Information Technology,,emsom@airbus.com,Defense and Space Manufacturing,https://www.linkedin.com/company/airbus-defence-and-space,,,,,,,,,,,
linkedin,Elektrokonstrukteur/in (m/w/d),WITT-Gasetechnik,"Witten, North Rhine-Westphalia, Germany",2026-08-04,https://www.linkedin.com/jobs/view/4449070723 , ,li-4449070723,fulltime,,,,,,False,entry level,Engineering and Information Technology,,,Machinery Manufacturing,https://de.linkedin.com/company/witt-gasetechnik,,,,,,,,,,,
linkedin,Ingenieur / Techniker EMV-Testing (m/w/d),EDAG Group,"Fulda, Hesse, Germany",2026-08-04,https://www.linkedin.com/jobs/view/4448297143 , ,li-4448297143,fulltime,,,,,,False,entry level,Management and Manufacturing,,,Engineering Services,https://de.linkedin.com/company/edaggroup,,,,,,,,,,,
linkedin,Staff Machine Learning Engineer,Zendesk,"Berlin, Berlin, Germany",2026-08-04,https://www.linkedin.com/jobs/view/4446634122 , ,li-4446634122,fulltime,,,,,,True,mid-senior level,Engineering and Information Technology,,peopleandplaces@zendesk.com,Software Development,https://www.linkedin.com/company/zendesk,,,,,,,,,,,
linkedin,Solid-State Laser Engineer,Optimus Search,"Berlin, Berlin, Germany",2026-08-04,https://www.linkedin.com/jobs/view/4446642696 , ,li-4446642696,contract,,,,,,False,director,Engineering,,,"Medical Equipment Manufacturing, Aviation and Aerospace Component Manufacturing, and Defense and Space Manufacturing",https://uk.linkedin.com/company/optimus-search,,,,,,,,,,,
linkedin,"System Engineer für Entwicklungsprojekte, all genders",SALT AND PEPPER Group,"Düsseldorf, North Rhine-Westphalia, Germany",2026-08-04,https://www.linkedin.com/jobs/view/4430571408 , ,li-4430571408,fulltime,,,,,,False,entry level,Information Technology,,,Engineering Services,https://de.linkedin.com/company/salt-and-pepper,,,,,,,,,,,
linkedin,Wafer Inspection Engineer (m/f/d),Optimus Search,"Dresden, Saxony, Germany",2026-08-04,https://www.linkedin.com/jobs/view/4446614898 , ,li-4446614898,fulltime,,,,,,False,director,"Engineering, Manufacturing, and Production",,,"Engineering Services, Industrial Machinery Manufacturing, and Semiconductor Manufacturing",https://uk.linkedin.com/company/optimus-search,,,,,,,,,,,
linkedin,Elektrokonstrukteur (m/w/d) – Braunschweig,Stadler,"Brunswick, Lower Saxony, Germany",2026-08-04,https://www.linkedin.com/jobs/view/4445743159 , ,li-4445743159,fulltime,,,,,,False,entry level,Engineering and Information Technology,,,Railroad Equipment Manufacturing,https://ch.linkedin.com/company/stadler-rail,,,,,,,,,,,
linkedin,Entwicklungsingenieur für Hybride Mikrosysteme (m/w/d),Micro-Hybrid Electronic,"Hermsdorf, Saxony, Germany",2026-08-04,https://www.linkedin.com/jobs/view/4446613574 , ,li-4446613574,fulltime,,,,,,False,entry level,Engineering,,,Computers and Electronics Manufacturing,https://de.linkedin.com/company/micro-hybrid-electronic,,,,,,,,,,,
linkedin,Entwicklungsingenieur Elektronik - Schwerpunkt Leiterplatten / PCB (w/m/d),Brunel,"Ulm, Baden-Württemberg, Germany",2026-08-04,https://www.linkedin.com/jobs/view/4448504324 , ,li-4448504324,fulltime,,,,,,False,associate,"Manufacturing, Engineering, and Research",,,Defense and Space Manufacturing and Shipbuilding,https://nl.linkedin.com/company/brunel,,,,,,,,,,,
linkedin,Staff Mixed-Signal Design Engineer,Analog Devices,,2026-08-04,https://www.linkedin.com/jobs/view/4446677291 , ,li-4446677291,fulltime,,,,,,False,mid-senior level,Engineering and Information Technology,,,Semiconductor Manufacturing,https://www.linkedin.com/company/analog-devices,,,,,,,,,,,
linkedin,Electronics Developer (m/f/d) Level 2.1,NAXCON GROUP,"Wedel, Schleswig-Holstein, Germany",2026-08-04,https://www.linkedin.com/jobs/view/4449073600 , ,li-4449073600,fulltime,,,,,,False,mid-senior level,Engineering and Information Technology,,,IT Services and IT Consulting,https://de.linkedin.com/company/naxcon,,,,,,,,,,,
linkedin,Hardware Engineer (RF Design) - (m/f/d),HARMAN International,"Ulm, Baden-Württemberg, Germany",2026-08-04,https://www.linkedin.com/jobs/view/4095517884 , ,li-4095517884,fulltime,,,,,,False,mid-senior level,Engineering and Information Technology,,harmancareers@harman.com,Computers and Electronics Manufacturing,https://www.linkedin.com/company/harman-international,,,,,,,,,,,
linkedin,ELECTRONICS ENGINEER (f/m/d),Omnisent,"Munich, Bavaria, Germany",2026-08-04,https://www.linkedin.com/jobs/view/4446643590 , ,li-4446643590,fulltime,,,,,,False,entry level,Engineering,,,IT Services and IT Consulting,https://de.linkedin.com/company/omnisent,,,,,,,,,,,
linkedin,System Integrator & Tester (m/w/d),YER Deutschland,"Kiel, Schleswig-Holstein, Germany",2026-08-04,https://www.linkedin.com/jobs/view/4446696060 , ,li-4446696060,fulltime,,,,,,False,entry level,Engineering,,,Telecommunications,https://de.linkedin.com/company/yerdeutschland,,,,,,,,,,,
linkedin,Software Engineer - Vehicle OS,Applied Intuition,"Stuttgart, Baden-Württemberg, Germany",2026-08-04,https://www.linkedin.com/jobs/view/4448551814 , ,li-4448551814,fulltime,,,,,,True,entry level,Engineering and Information Technology,,,Software Development,https://www.linkedin.com/company/applied-intuition-inc,,,,,,,,,,,
linkedin,Integrations- und Inbetriebnahmeingenieur (m/w/d) Prototyping & Systemintegration,Bertrandt Group,"Erding, Bavaria, Germany",2026-08-04,https://www.linkedin.com/jobs/view/4448290042 , ,li-4448290042,fulltime,,,,,,False,mid-senior level,Engineering and Information Technology,,,Engineering Services,https://de.linkedin.com/company/bertrandt-ag,,,,,,,,,,,
linkedin,Software Engineer,Vitus Commodities,"Berlin, Germany",2026-08-04,https://www.linkedin.com/jobs/view/4446624833 , ,li-4446624833,fulltime,,,,,,False,entry level,Engineering and Information Technology,,,Oil and Gas,https://tr.linkedin.com/company/vitus-commodities,,,,,,,,,,,
linkedin,Platform Hardware Engineer – Data Center Accelerator Platforms,OPENCHIP & SOFTWARE TECHNOLOGIES,"Karlsruhe, Baden-Württemberg, Germany",2026-08-04,https://www.linkedin.com/jobs/view/4448504649 , ,li-4448504649,fulltime,,,,,,False,mid-senior level,Engineering and Information Technology,,,Software Development,https://es.linkedin.com/company/openchip-software-technologies,,,,,,,,,,,
linkedin,Verification Engineer (d/m/w) Digital Electronics,Airbus Defence and Space,"Immenstaad am Bodensee, Baden-Württemberg, Germany",2026-08-04,https://www.linkedin.com/jobs/view/4446609047 , ,li-4446609047,fulltime,,,,,,False,mid-senior level,Quality Assurance,,emsom@airbus.com,Defense and Space Manufacturing,https://www.linkedin.com/company/airbus-defence-and-space,,,,,,,,,,,
linkedin,Software Developer (m/f/d),Spleenlab,"Saalburg-Ebersdorf, Thuringia, Germany",2026-08-04,https://www.linkedin.com/jobs/view/4448587386 , ,li-4448587386,fulltime,,,,,,False,mid-senior level,Engineering and Information Technology,,career@spleenlab.ai,Software Development,https://de.linkedin.com/company/spleenlab,,,,,,,,,,,
linkedin,Senior Engineer (m/w/d) Software Development,Bruker,"Leipzig, Saxony, Germany",2026-08-04,https://www.linkedin.com/jobs/view/4448896717 , ,li-4448896717,fulltime,,,,,,False,mid-senior level,Engineering and Information Technology,,,Biotechnology Research,https://www.linkedin.com/company/bruker-corporation,,,,,,,,,,,
linkedin,Softwareentwickler Embedded Systems Aerospace (m/w/d),Liebherr Aerospace and Transportation,"Lindenberg im Allgäu, Bavaria, Germany",2026-08-04,https://www.linkedin.com/jobs/view/4430836115 , ,li-4430836115,fulltime,,,,,,False,entry level,Engineering and Information Technology,,,Industrial Machinery Manufacturing,https://fr.linkedin.com/company/liebherr-aerospace-and-transportation,,,,,,,,,,,
linkedin,Electrical & Software Development Engineer (m/w/d),Körber Supply Chain,"Constance, Baden-Württemberg, Germany",2026-08-04,https://www.linkedin.com/jobs/view/4440077414 , ,li-4440077414,fulltime,,,,,,False,entry level,Engineering and Information Technology,,jobs@koerber.com,Machinery Manufacturing and Industrial Machinery Manufacturing,https://de.linkedin.com/company/koerber-supply-chain,,,,,,,,,,,
linkedin,Firmware Engineer,NVIDIA,,2026-08-04,https://www.linkedin.com/jobs/view/4448257458 , ,li-4448257458,fulltime,,,,,,False,mid-senior level,Engineering,,,Computer Hardware Manufacturing,https://www.linkedin.com/company/nvidia,,,,,,,,,,,
linkedin,(Junior) Systems Engineer Integration Naval Systems (m/f/d),Rohde & Schwarz,"Kiel, Schleswig-Holstein, Germany",2026-08-04,https://www.linkedin.com/jobs/view/4446408421 , ,li-4446408421,fulltime,,,,,,False,not applicable,Information Technology,,,Telecommunications,https://de.linkedin.com/company/rohde-schwarz,,,,,,,,,,,
linkedin,Process & Maintenance Engineer Wafertest Probecards (w/m/div),Bosch,"Dresden, Saxony, Germany",2026-08-04,https://www.linkedin.com/jobs/view/4448544394 , ,li-4448544394,fulltime,,,,,,False,associate,Engineering,,,Semiconductors,https://de.linkedin.com/company/bosch,,,,,,,,,,,
linkedin,"Regelungsingenieur Motorregelung (m/w/d)// C/C++ // FOC// Elektrische Antriebe | Ab Sofort gesucht// Festeinstellung//  Berlin, Deutschland (Hybrid)",WeMatch.,"Berlin, Germany",2026-08-04,https://www.linkedin.com/jobs/view/4448858545 , ,li-4448858545,fulltime,,,,,,False,associate,Engineering,,i.radchenko@wematch.de,Engineering Services,https://de.linkedin.com/company/wematch-consulting-gmbh,,,,,,,,,,,
linkedin,Senior Entwicklungsingenieur Defence Projects (m/w/d),EDAG Group,"Munich, Bavaria, Germany",2026-08-04,https://www.linkedin.com/jobs/view/4448500028 , ,li-4448500028,fulltime,,,,,,False,mid-senior level,Engineering and Information Technology,,,Engineering Services,https://de.linkedin.com/company/edaggroup,,,,,,,,,,,
linkedin,Senior/Principal Analog Mixed-Signal Design Engineer,Racyics,,2026-08-04,https://www.linkedin.com/jobs/view/4448591409 , ,li-4448591409,fulltime,,,,,,False,mid-senior level,Engineering and Information Technology,,,Semiconductor Manufacturing,https://de.linkedin.com/company/racyics,,,,,,,,,,,
linkedin,"Software Engineer, Data & AI Platform (m/f/x)",Cortea,"Berlin, Berlin, Germany",2026-08-04,https://www.linkedin.com/jobs/view/4449045681 , ,li-4449045681,fulltime,,,,,,False,mid-senior level,Engineering and Information Technology,,,Software Development,https://de.linkedin.com/company/cortea-ai,,,,,,,,,,,
linkedin,Ground Station Engineer,VisionSpace,"Darmstadt, Hesse, Germany",2026-08-04,https://www.linkedin.com/jobs/view/4446633242 , ,li-4446633242,fulltime,,,,,,False,associate,Other,,,Software Development,https://de.linkedin.com/company/visionspace-technologies,,,,,,,,,,,
linkedin,Senior Development Engineer ASIC Characterization (m/f/d),Rohde & Schwarz,"Munich, Bavaria, Germany",2026-08-04,https://www.linkedin.com/jobs/view/4444519214 , ,li-4444519214,fulltime,,,,,,True,not applicable,Engineering and Information Technology,,,Telecommunications,https://de.linkedin.com/company/rohde-schwarz,,,,,,,,,,,
linkedin,System Engineer (d/m/w) Digital Spaceborne Electronics,Airbus Defence and Space,"Immenstaad am Bodensee, Baden-Württemberg, Germany",2026-08-04,https://www.linkedin.com/jobs/view/4446609049 , ,li-4446609049,fulltime,,,,,,False,mid-senior level,Information Technology,,emsom@airbus.com,Defense and Space Manufacturing,https://www.linkedin.com/company/airbus-defence-and-space,,,,,,,,,,,
linkedin,Ultrafast Laser Engineer,Optimus Search,"Berlin, Germany",2026-08-04,https://www.linkedin.com/jobs/view/4446645529 , ,li-4446645529,contract,,,,,,False,mid-senior level,Engineering,,,"Engines and Power Transmission Equipment Manufacturing, Semiconductor Manufacturing, and Robotics Engineering",https://uk.linkedin.com/company/optimus-search,,,,,,,,,,,
linkedin,Research Engineer - Sim-to-Real & Robot Learning Infrastructure,OMN4I (Stealth),,2026-08-04,https://www.linkedin.com/jobs/view/4449048895 , ,li-4449048895,fulltime,,,,,,False,entry level,Engineering and Information Technology,,,Robotics Engineering,https://de.linkedin.com/company/omn4i,,,,,,,,,,,
linkedin,Plant Simulation Engineer,Hashlist,"Rüsselsheim, Hesse, Germany",2026-08-04,https://www.linkedin.com/jobs/view/4394795268 , ,li-4394795268,fulltime,,,,,,False,mid-senior level,Engineering,,,Motor Vehicle Manufacturing and Motor Vehicle Parts Manufacturing,https://www.linkedin.com/company/hashlist,,,,,,,,,,,
linkedin,Robotics Integration Engineer – Sensor Networks (human),NEURA Robotics,"Riederich, Baden-Württemberg, Germany",2026-08-04,https://www.linkedin.com/jobs/view/4448613272 , ,li-4448613272,fulltime,,,,,,False,mid-senior level,Information Technology,,,Automation Machinery Manufacturing,https://de.linkedin.com/company/neura-robotics,,,,,,,,,,,
linkedin,Software-/Systemingenieur für EW Datenservices (d/m/w),Airbus Defence and Space,"Immenstaad am Bodensee, Baden-Württemberg, Germany",2026-08-04,https://www.linkedin.com/jobs/view/4446263397 , ,li-4446263397,fulltime,,,,,,False,entry level,Information Technology,,emsom@airbus.com,Defense and Space Manufacturing,https://www.linkedin.com/company/airbus-defence-and-space,,,,,,,,,,,
linkedin,Machine Vision & Image Processing Engineer,Optimus Search,"Dresden, Saxony, Germany",2026-08-04,https://www.linkedin.com/jobs/view/4446633383 , ,li-4446633383,fulltime,,,,,,False,mid-senior level,Engineering and Information Technology,,,Semiconductor Manufacturing and Software Development,https://uk.linkedin.com/company/optimus-search,,,,,,,,,,,
linkedin,ML ENGINEER (f/m/d),Omnisent,"Munich, Bavaria, Germany",2026-08-04,https://www.linkedin.com/jobs/view/4446659070 , ,li-4446659070,fulltime,,,,,,False,entry level,Information Technology,,,IT Services and IT Consulting,https://de.linkedin.com/company/omnisent,,,,,,,,,,,
linkedin,Machine Vision & Image Processing Engineer - Stuttgart,Optimus Search,"Stuttgart, Baden-Württemberg, Germany",2026-08-04,https://www.linkedin.com/jobs/view/4446655209 , ,li-4446655209,fulltime,,,,,,False,mid-senior level,Engineering and Manufacturing,,,"Engineering Services, Robotics Engineering, and Automation Machinery Manufacturing",https://uk.linkedin.com/company/optimus-search,,,,,,,,,,,
linkedin,SAR Image Processing and Algorithm System-Engineer (d/m/w),Airbus Defence and Space,"Immenstaad am Bodensee, Baden-Württemberg, Germany",2026-08-04,https://www.linkedin.com/jobs/view/4446298803 , ,li-4446298803,parttime,,,,,,False,entry level,Information Technology,,emsom@airbus.com,Defense and Space Manufacturing,https://www.linkedin.com/company/airbus-defence-and-space,,,,,,,,,,,
linkedin,Senior Packaging Development Engineer (all genders),Zalando,"Berlin, Germany",2026-08-04,https://www.linkedin.com/jobs/view/4440042836 , ,li-4440042836,fulltime,,,,,,False,mid-senior level,Quality Assurance and Supply Chain,,,"Technology, Information and Internet, Retail, and IT Services and IT Consulting",https://de.linkedin.com/company/zalando,,,,,,,,,,,
linkedin,PMTS Systems Architect for Analog ASSP,GlobalFoundries,"Munich, Bavaria, Germany",2026-08-04,https://www.linkedin.com/jobs/view/4448561821 , ,li-4448561821,fulltime,,,,,,False,mid-senior level,Engineering and Information Technology,,,Semiconductor Manufacturing,https://www.linkedin.com/company/globalfoundries,,,,,,,,,,,
linkedin,"Automatisierungsingenieur /Elektroingenieur 
im Sondermaschinenbau 
(m/w/d)",BingTech GmbH,"Dresden, Saxony, Germany",2026-08-04,https://www.linkedin.com/jobs/view/4448518053 , ,li-4448518053,fulltime,,,,,,False,entry level,Engineering and Information Technology,,"personal@bingtech.de, info@bingtech.de",Engineering Services,https://de.linkedin.com/company/bingtech-gmbh,,,,,,,,,,,
linkedin,Technical Lead Engineer – Wind Turbine Gearbox  (m/f/d),GE Vernova,"Salzbergen, Lower Saxony, Germany",2026-08-04,https://www.linkedin.com/jobs/view/4448869041 , ,li-4448869041,fulltime,,,,,,False,mid-senior level,Information Technology,,,Energy Technology,https://www.linkedin.com/company/gevernova,,,,,,,,,,,
linkedin,Ingenieur Hochfrequenztechnik (m/w/d),EDAG Group,"Fulda, Hesse, Germany",2026-08-04,https://www.linkedin.com/jobs/view/4448500030 , ,li-4448500030,fulltime,,,,,,False,entry level,Engineering and Information Technology,,,Engineering Services,https://de.linkedin.com/company/edaggroup,,,,,,,,,,,
linkedin,Wellenformentwickler (m/w/d) – Embedded Signal Processing & Funkkommunikation,Amoria Bond,"Ulm, Baden-Württemberg, Germany",2026-08-03,https://www.linkedin.com/jobs/view/4446254195 , ,li-4446254195,fulltime,,,,,,False,associate,Manufacturing,,fee.gade@amoriabond.com,Defense and Space Manufacturing and Electrical Equipment Manufacturing,https://uk.linkedin.com/company/amoria-bond,,,,,,,,,,,
linkedin,"Ingenieurin / Ingenieur (m/w/d) Elektrotechnik, Mikroelektronik, Physik (26-122-2B)","Physikalisch-Technische Bundesanstalt, PTB","Brunswick, Lower Saxony, Germany",2026-08-03,https://www.linkedin.com/jobs/view/4446631139 , ,li-4446631139,fulltime,,,,,,False,entry level,Engineering,,thomas.weimann@ptb.de,Government Administration,https://de.linkedin.com/company/physikalisch-technische-bundesanstalt,,,,,,,,,,,
linkedin,Life Cycle Solutions Engineer,Caterpillar Inc.,"Kiel, Schleswig-Holstein, Germany",2026-08-03,https://www.linkedin.com/jobs/view/4446304541 , ,li-4446304541,fulltime,,,,,,False,not applicable,Engineering and Information Technology,,,Construction and Machinery Manufacturing,https://www.linkedin.com/company/caterpillar-inc,,,,,,,,,,,
linkedin,Embedded Software Engineer,IC Resources,"Baden-Württemberg, Germany",,https://www.linkedin.com/jobs/view/4434017405 , ,li-4434017405,fulltime,,,,,,False,mid-senior level,Engineering and Information Technology,,,Staffing and Recruiting,https://uk.linkedin.com/company/icresources,,,,,,,,,,,
linkedin,FPGA- & Embedded-Engineer (all gender),ALTEN,,,https://www.linkedin.com/jobs/view/4398216831 , ,li-4398216831,fulltime,,,,,,False,associate,Information Technology,,,IT Services and IT Consulting,https://fr.linkedin.com/company/alten,,,,,,,,,,,
linkedin,Embedded Software Engineer (w/m/d),Apex Tool Group GmbH - Westhausen,"Westhausen, Baden-Württemberg, Germany",,https://www.linkedin.com/jobs/view/4269395127 , ,li-4269395127,fulltime,,,,,,False,not applicable,"Engineering, Information Technology, and Research",,,Manufacturing,https://de.linkedin.com/company/apex-tool-group-gmbh,,,,,,,,,,,
linkedin,Software Development Engineer (m/w/d),XTENDED ENGINEERING GMBH,"Munich, Bavaria, Germany",,https://www.linkedin.com/jobs/view/4451536203 , ,li-4451536203,fulltime,,,,,,False,mid-senior level,Engineering and Information Technology,,,Engineering Services,https://de.linkedin.com/company/xtendedengineering,,,,,,,,,,,
linkedin,Automotive -Embedded Software Applications Engineer (m/f/d) – Multimedia - Ingolstadt,Qualcomm,"Ingolstadt, Bavaria, Germany",,https://www.linkedin.com/jobs/view/4451186689 , ,li-4451186689,fulltime,,,,,,False,not applicable,Other,,-accomodations@qualcomm.com,Semiconductor Manufacturing,https://www.linkedin.com/company/qualcomm,,,,,,,,,,,
linkedin,Software Engineer - Autonomous Air System V&V,Helsing,"Berlin, Berlin, Germany",,https://www.linkedin.com/jobs/view/4350266203 , ,li-4350266203,fulltime,,,,,,False,mid-senior level,Engineering and Information Technology,,,Software Development,https://de.linkedin.com/company/helsing,,,,,,,,,,,
linkedin,Senior Embedded Linux Engineer (all genders) - Yocto · Python · IoT Edge,Wemolo,,,https://www.linkedin.com/jobs/view/4451388967 , ,li-4451388967,fulltime,,,,,,True,associate,Information Technology and Engineering,,,Information Technology & Services,https://de.linkedin.com/company/wemolo,,,,,,,,,,,
linkedin,(Junior) Elektroingenieur:in (d/w/m),Reverion,"Eresing, Bavaria, Germany",,https://www.linkedin.com/jobs/view/4449558555 , ,li-4449558555,fulltime,,,,,,False,entry level,Engineering,,,Construction,https://de.linkedin.com/company/reverion,,,,,,,,,,,
linkedin,System Test Engineer (all gender) Automotive Electronics gg,ALTEN,"Stadt Landshut, Bavaria, Germany",,https://www.linkedin.com/jobs/view/4449531637 , ,li-4449531637,fulltime,,,,,,False,associate,"Engineering, Quality Assurance, and Information Technology",,,"Machinery Manufacturing, Aviation and Aerospace Component Manufacturing, and Motor Vehicle Manufacturing",https://fr.linkedin.com/company/alten,,,,,,,,,,,
linkedin,Systems Engineer - m/f/d,Langdock,"Berlin, Germany",,https://www.linkedin.com/jobs/view/4451354549 , ,li-4451354549,fulltime,,,,,,False,mid-senior level,Information Technology,,,Software Development,https://de.linkedin.com/company/langdock,,,,,,,,,,,
linkedin,Automation Engineer (all genders),CMBLU Energy,"Alzenau in Unterfranken, Bavaria, Germany",,https://www.linkedin.com/jobs/view/4385470404 , ,li-4385470404,fulltime,,,,,,True,mid-senior level,Engineering and Information Technology,,,Utilities,https://de.linkedin.com/company/cmblu-energy-ag,,,,,,,,,,,
linkedin,Entwicklungsingenieur Elektronik (m/w/d),Schleifring GmbH,"Fürstenfeldbruck, Bavaria, Germany",,https://www.linkedin.com/jobs/view/4451175525 , ,li-4451175525,fulltime,,,,,,False,associate,Engineering,,,Machinery Manufacturing,https://de.linkedin.com/company/schleifring,,,,,,,,,,,
linkedin,Software Architect (w/m/d),Magellan,"Aachen, North Rhine-Westphalia, Germany",,https://www.linkedin.com/jobs/view/4451543200 , ,li-4451543200,fulltime,,,,,,False,associate,Information Technology,,,Information Services,https://fr.linkedin.com/company/magellangroup,,,,,,,,,,,
linkedin,Simulation Engineer – Cognitive Twin (human),NEURA Robotics,"Riederich, Baden-Württemberg, Germany",,https://www.linkedin.com/jobs/view/4451396953 , ,li-4451396953,fulltime,,,,,,False,mid-senior level,Engineering and Information Technology,,,Automation Machinery Manufacturing,https://de.linkedin.com/company/neura-robotics,,,,,,,,,,,
linkedin,Platform Engineer - m/f/d,Langdock,"Berlin, Germany",,https://www.linkedin.com/jobs/view/4451363314 , ,li-4451363314,fulltime,,,,,,False,mid-senior level,Engineering and Information Technology,,,Software Development,https://de.linkedin.com/company/langdock,,,,,,,,,,,
linkedin,Founding Engineer,DL Remote,"Munich, Bavaria, Germany",,https://www.linkedin.com/jobs/view/4450994462 , ,li-4450994462,fulltime,,,,,,True,entry level,Engineering and Information Technology,,,"Technology, Information and Internet",https://www.linkedin.com/company/dl-remote,,,,,,,,,,,
linkedin,Full-Stack Engineer,Helios & Eos,"Oldenburg, Lower Saxony, Germany",,https://www.linkedin.com/jobs/view/4449543359 , ,li-4449543359,fulltime,,,,,,True,mid-senior level,Information Technology,,,IT Services and IT Consulting,https://www.linkedin.com/company/helios-eos,,,,,,,,,,,
linkedin,Hardwareentwickler (m/w/d),XTENDED ENGINEERING GMBH,"Munich, Bavaria, Germany",,https://www.linkedin.com/jobs/view/4451538178 , ,li-4451538178,fulltime,,,,,,False,entry level,Engineering and Information Technology,,,Engineering Services,https://de.linkedin.com/company/xtendedengineering,,,,,,,,,,,
linkedin,Hardware-Entwickler (m/w/d),XTENDED ENGINEERING GMBH,"Überlingen, Baden-Württemberg, Germany",,https://www.linkedin.com/jobs/view/4451537222 , ,li-4451537222,fulltime,,,,,,False,entry level,Engineering and Information Technology,,,Engineering Services,https://de.linkedin.com/company/xtendedengineering,,,,,,,,,,,
linkedin,Hardwareentwickler (m/w/d) - Jobbird.com,Jobster,"Teningen, Baden-Württemberg, Germany",,https://www.linkedin.com/jobs/view/4451151966 , ,li-4451151966,fulltime,,,,,,False,mid-senior level,Engineering and Information Technology,,,Software Development,https://nl.linkedin.com/company/jobster-com,,,,,,,,,,,
linkedin,Engineer TEST Development,GlobalFoundries,"Dresden, Saxony, Germany",,https://www.linkedin.com/jobs/view/4451195813 , ,li-4451195813,fulltime,,,,,,False,entry level,Quality Assurance,,,Semiconductor Manufacturing,https://www.linkedin.com/company/globalfoundries,,,,,,,,,,,
linkedin,Ingenieure (m/w/d) Elektrotechnik Schaltungsentwicklung,Oehmichen & Bürgers Industrieplanung GmbH,"Düsseldorf, North Rhine-Westphalia, Germany",,https://www.linkedin.com/jobs/view/4451556352 , ,li-4451556352,fulltime,,,,,,False,entry level,Engineering and Information Technology,,,Engineering Services,https://de.linkedin.com/company/oub,,,,,,,,,,,
linkedin,PCB Layout Engineer / Leiterplattenentwickler (all gender),ALTEN,,,https://www.linkedin.com/jobs/view/4399047212 , ,li-4399047212,fulltime,,,,,,False,associate,Project Management,,,IT Services and IT Consulting,https://fr.linkedin.com/company/alten,,,,,,,,,,,
linkedin,R&D Layouter (m/w/d) im Bereich Fieldbus Technology,Pepperl+Fuchs Group,"Mannheim, Baden-Württemberg, Germany",,https://www.linkedin.com/jobs/view/4439356966 , ,li-4439356966,fulltime,,,,,,False,entry level,"Research, Analyst, and Information Technology",,,Automation Machinery Manufacturing,https://de.linkedin.com/company/pepperl-fuchs-group,,,,,,,,,,,
linkedin,Entwicklungsingenieur Hardware für Steuergeräte Entwicklung (m/w/d),XTENDED ENGINEERING GMBH,"Munich, Bavaria, Germany",,https://www.linkedin.com/jobs/view/4451523676 , ,li-4451523676,fulltime,,,,,,False,mid-senior level,Engineering and Information Technology,,,Engineering Services,https://de.linkedin.com/company/xtendedengineering,,,,,,,,,,,
linkedin,Entwicklungsingenieur Elektrik (m/w/d),persona service,"Kiel, Schleswig-Holstein, Germany",,https://www.linkedin.com/jobs/view/4451109998 , ,li-4451109998,fulltime,,,,,,False,mid-senior level,Engineering and Information Technology,,nurcan.dastan@persona.de,Staffing and Recruiting,https://de.linkedin.com/company/persona-service,,,,,,,,,,,
linkedin,Analog IC Design Manager m/f/d,Texas Instruments Europe,"Freising, Bavaria, Germany",,https://www.linkedin.com/jobs/view/4405309236 , ,li-4405309236,fulltime,,,,,,False,mid-senior level,"Design, Art/Creative, and Information Technology",,,Semiconductor Manufacturing,https://www.linkedin.com/company/texas-instruments-europe,,,,,,,,,,,
linkedin,DSP ASIC Verification Engineer - Optical Transmission Systems,Ciena,,,https://www.linkedin.com/jobs/view/4414700934 , ,li-4414700934,fulltime,,,,,,False,mid-senior level,Quality Assurance,,,Telecommunications,https://www.linkedin.com/company/ciena,,,,,,,,,,,
linkedin,Elektroniker / Integration Engineer (all gender) | Funktechnik | Embedded Systems | SMD | HF-Messtechnik 100,ALTEN Germany,"Munich, Bavaria, Germany",,https://www.linkedin.com/jobs/view/4438074323 , ,li-4438074323,fulltime,,,,,,False,associate,"Engineering, Quality Assurance, and Information Technology",,,Machinery Manufacturing and Aviation and Aerospace Component Manufacturing,https://de.linkedin.com/company/altengermany,,,,,,,,,,,
linkedin,Electrical Engineer,Haystack,"Hesse, Germany",,https://www.linkedin.com/jobs/view/4451134420 , ,li-4451134420,fulltime,,,,,,False,mid-senior level,Engineering,,,"Technology, Information and Media",https://uk.linkedin.com/company/wearehaystack,,,,,,,,,,,
linkedin,Tractor Power Shift Transmission Specialist,LOVOL GLOBAL,"Mannheim, Baden-Württemberg, Germany",,https://www.linkedin.com/jobs/view/4451194713 , ,li-4451194713,fulltime,,,,,,False,mid-senior level,Engineering and Information Technology,,,Machinery Manufacturing,https://cn.linkedin.com/company/weichailovolintelligentagricultural,,,,,,,,,,,
linkedin,"Applications Engineer Director, SiC Products",onsemi,"Munich, Bavaria, Germany",,https://www.linkedin.com/jobs/view/4411188454 , ,li-4411188454,fulltime,,,,,,False,not applicable,Engineering,,,Semiconductor Manufacturing,https://www.linkedin.com/company/onsemi,,,,,,,,,,,
linkedin,"Principal Engineer, Perceptual & Workflow Validation (m/f/d)",HARMAN International,"Garching, Bavaria, Germany",,https://www.linkedin.com/jobs/view/4449599010 , ,li-4449599010,fulltime,,,,,,False,mid-senior level,Quality Assurance,,harmancareers@harman.com,Computers and Electronics Manufacturing,https://www.linkedin.com/company/harman-international,,,,,,,,,,,
linkedin,Simulation Engineer,Helsing,"Munich, Bavaria, Germany",,https://www.linkedin.com/jobs/view/4449570255 , ,li-4449570255,fulltime,,,,,,True,mid-senior level,Engineering and Information Technology,,,Software Development,https://de.linkedin.com/company/helsing,,,,,,,,,,,
linkedin,Wissenschaftliche*r Mitarbeiter*in - Entwicklungsingenieur Nachrichtentechnik/Satellitenkommunikation (all genders),Fraunhofer IIS,"Erlangen, Bavaria, Germany",,https://www.linkedin.com/jobs/view/4448162972 , ,li-4448162972,fulltime,,,,,,True,mid-senior level,"Research, Analyst, and Information Technology",,,Research Services,https://de.linkedin.com/company/fraunhofer-iis,,,,,,,,,,,
linkedin,Quantum Error Correction Experiment Engineer,IQM Quantum Computers,"Munich, Bavaria, Germany",,https://www.linkedin.com/jobs/view/4385580162 , ,li-4385580162,fulltime,,,,,,False,mid-senior level,Engineering and Information Technology,,,Computer Hardware Manufacturing,https://fi.linkedin.com/company/iqm-quantum-computers,,,,,,,,,,,
linkedin,Full-time R&D Engineer (f/m/d),VAARHAFT,"Berlin, Berlin, Germany",,https://www.linkedin.com/jobs/view/4449512576 , ,li-4449512576,fulltime,,,,,,True,associate,Information Technology,,,Software Development,https://de.linkedin.com/company/vaarhaft,,,,,,,,,,,
linkedin,Founding AI Engineer & Data Scientist,Connect-AI,"Munich, Bavaria, Germany",,https://www.linkedin.com/jobs/view/4451558903 , ,li-4451558903,fulltime,,,,,,True,mid-senior level,Engineering,,,Health and Human Services and Software Development,https://uk.linkedin.com/company/connect-airecruitment,,,,,,,,,,,
linkedin,Hardware-Verifikationsingenieur (m/w/d),SPECTRUM AG,"Berlin, Berlin, Germany",,https://www.linkedin.com/jobs/view/4449575566 , ,li-4449575566,fulltime,,,,,,False,entry level,Other,,,IT Services and IT Consulting,https://de.linkedin.com/company/spectrum-ag,,,,,,,,,,,
linkedin,Data Engineer,Haystack,,,https://www.linkedin.com/jobs/view/4451190507 , ,li-4451190507,fulltime,,,,,,False,associate,Information Technology,,,"Technology, Information and Media",https://uk.linkedin.com/company/wearehaystack,,,,,,,,,,,
linkedin,Softwareentwickler Militärtechnik (all gender),ALTEN,"Bremen, Germany",,https://www.linkedin.com/jobs/view/4400841205 , ,li-4400841205,fulltime,,,,,,False,associate,Information Technology,,,Software Development and IT Services and IT Consulting,https://fr.linkedin.com/company/alten,,,,,,,,,,,
linkedin,Flight Dynamics Software Engineer,Terma Group,,,https://www.linkedin.com/jobs/view/4451191510 , ,li-4451191510,fulltime,,,,,,False,not applicable,Engineering and Information Technology,,ta.space@terma.com,Defense and Space Manufacturing,https://dk.linkedin.com/company/terma-a-s,,,,,,,,,,,
linkedin,Scientific Programmer (all genders),Max Planck Institute for Meteorology,,,https://www.linkedin.com/jobs/view/4451514536 , ,li-4451514536,temporary,,,,,,False,associate,Education and Information Technology,,_Meteo@wisskomm.social,Research Services,https://de.linkedin.com/company/max-planck-institute-for-meteorology,,,,,,,,,,,
linkedin,Systemingenieur Multidomain Directional Communications Development (all gender),ALTEN,"Berlin, Germany",,https://www.linkedin.com/jobs/view/4438072199 , ,li-4438072199,fulltime,,,,,,False,associate,Engineering,,,IT Services and IT Consulting,https://fr.linkedin.com/company/alten,,,,,,,,,,,
linkedin,"Forward Deployed AI Engineer, Germany & Austria - BCG X",BCG X,"Stuttgart, Baden-Württemberg, Germany",,https://www.linkedin.com/jobs/view/4424687563 , ,li-4424687563,fulltime,,,,,,False,mid-senior level,Engineering and Information Technology,,,Business Consulting and Services,https://www.linkedin.com/company/bcg-x,,,,,,,,,,,
linkedin,System Entwickler - Funkkommunikation & Antennentechnik (m/w/d),Rheinmetall,"Bremen, Bremen, Germany",,https://www.linkedin.com/jobs/view/4383080220 , ,li-4383080220,fulltime,,,,,,False,mid-senior level,Engineering and Information Technology,,,Defense and Space Manufacturing,https://de.linkedin.com/company/rheinmetall,,,,,,,,,,,
linkedin,5G RF System Architect (m/f/d),RIEDEL Communications,"Wuppertal, North Rhine-Westphalia, Germany",,https://www.linkedin.com/jobs/view/4446783895 , ,li-4446783895,fulltime,,,,,,False,mid-senior level,Information Technology and Engineering,,,"Broadcast Media Production and Distribution, Technology, Information and Media, and Embedded Software Products",https://de.linkedin.com/company/riedel-communications,,,,,,,,,,,
linkedin,"Planungsingenieur:in Telekommunikationstechnik, Funk-Infrastruktur",Deutsche Bahn,"Limburg an der Lahn, Hesse, Germany",,https://www.linkedin.com/jobs/view/4397508803 , ,li-4397508803,fulltime,,,,,,False,mid-senior level,Management and Manufacturing,,,Truck Transportation,https://de.linkedin.com/company/deutschebahn,,,,,,,,,,,
linkedin,System/Ground Segment and IV&V Engineering,CROWDCONSULTANTS,"Frankfurt, Hesse, Germany",,https://www.linkedin.com/jobs/view/4451172198 , ,li-4451172198,fulltime,,,,,,False,mid-senior level,Engineering,,,Space Research and Technology,https://de.linkedin.com/company/crowdconsultants,,,,,,,,,,,
linkedin,Senior Elektronikentwickler:in (m/w/d),Frickly Systems GmbH,"Stuttgart, Baden-Württemberg, Germany",,https://www.linkedin.com/jobs/view/4407785399 , ,li-4407785399,fulltime,,,,,,True,mid-senior level,Engineering and Information Technology,,,Computers and Electronics Manufacturing,https://de.linkedin.com/company/frickly-systems,,,,,,,,,,,
linkedin,Power Electronics Engineer (all genders) - eMoSys GmbH,MTU Aero Engines,"Munich, Bavaria, Germany",,https://www.linkedin.com/jobs/view/4451522272 , ,li-4451522272,fulltime,,,,,,False,mid-senior level,Engineering and Information Technology,,bewerbung@emosys.com,Aviation and Aerospace Component Manufacturing,https://de.linkedin.com/company/mtu-aero-engines,,,,,,,,,,,
linkedin,Network & Infrastructure Engineer (m/f/d),AutoScout24,"Munich, Bavaria, Germany",,https://www.linkedin.com/jobs/view/4442025590 , ,li-4442025590,fulltime,,,,,,False,mid-senior level,Information Technology,,,Software Development,https://de.linkedin.com/company/autoscout24,,,,,,,,,,,
linkedin,Principal Pulsed-Power Engineer – Nanosecond Pulse Generator Design,SR2 | Socially Responsible Recruitment | Certified B Corporation™,"Leipzig, Saxony, Germany",,https://www.linkedin.com/jobs/view/4449574048 , ,li-4449574048,fulltime,,,,,,False,mid-senior level,Engineering,,,Engineering Services,https://uk.linkedin.com/company/sr2-socially-responsible-recruitment,,,,,,,,,,,
linkedin,Projektleiter EMV & Hardwareentwicklung (m/w/d),Stender HR-Solutions,"Munich, Bavaria, Germany",,https://www.linkedin.com/jobs/view/4449559669 , ,li-4449559669,fulltime,,,,,,False,associate,"Engineering, Design, and Product Management",,,"Design Services, Computers and Electronics Manufacturing, and Machinery Manufacturing",https://de.linkedin.com/company/stender-hr-solutions,,,,,,,,,,,
linkedin,Principal NDT Engineer,The Exploration Company,"Munich, Bavaria, Germany",,https://www.linkedin.com/jobs/view/4288079214 , ,li-4288079214,fulltime,,,,,,False,mid-senior level,Management and Manufacturing,,,Aviation and Aerospace Component Manufacturing,https://de.linkedin.com/company/exploration-company,,,,,,,,,,,
linkedin,Technischer Manager F&E Elektromagnetischer Kampf Luft (m/w/d),IABG,"Berlin, Germany",,https://www.linkedin.com/jobs/view/4381024514 , ,li-4381024514,fulltime,,,,,,False,mid-senior level,Engineering and Information Technology,,,"IT Services and IT Consulting, Defense and Space Manufacturing, and Motor Vehicle Manufacturing",https://de.linkedin.com/company/iabg,,,,,,,,,,,
linkedin,Hardwareentwickler Elektronik (m/w/d),NewTec GmbH,"Neu Ulm, Bavaria, Germany",,https://www.linkedin.com/jobs/view/4442095417 , ,li-4442095417,fulltime,,,,,,False,entry level,Engineering and Information Technology,,,IT Services and IT Consulting,https://de.linkedin.com/company/newtec-gmbh-system-entwicklung-und-beratung,,,,,,,,,,,
