site,title,company,location,date_posted,job_url,job_url_direct,id,job_type,salary_source,interval,min_amount,max_amount,currency,is_remote,job_level,job_function,listing_type,emails,company_industry,company_url,company_url_direct,company_addresses,company_num_employees,company_revenue,company_description,skills,experience_range,company_rating,company_reviews_count,vacancy_count,work_from_home_type
linkedin,Embedded Software Developer (m/w/d),MotionMiners GmbH,"Dortmund, North Rhine-Westphalia, Germany",2026-08-17,https://www.linkedin.com/jobs/view/4452270168 , ,li-4452270168,fulltime,,,,,,False,associate,Engineering,,,Professional Services,https://de.linkedin.com/company/motionminers-gmbh,,,,,,,,,,,
linkedin,Hardware Entwickler Elektronik (m/w/d),Bertrandt Group,"Biebergemünd, Hesse, Germany",2026-08-17,https://www.linkedin.com/jobs/view/4398242454 , ,li-4398242454,fulltime,,,,,,False,entry level,Engineering and Information Technology,,,Engineering Services,https://de.linkedin.com/company/bertrandt-ag,,,,,,,,,,,
linkedin,Business Intelligence & Systems Design Engineer (m/f/d),Alpitronic,"Nuremberg, Bavaria, Germany",2026-08-17,https://www.linkedin.com/jobs/view/4385734895 , ,li-4385734895,fulltime,,,,,,False,associate,Engineering and Information Technology,,,"Appliances, Electrical, and Electronics Manufacturing",https://it.linkedin.com/company/alpitronic-srl,,,,,,,,,,,
linkedin,Engineer TEST Development,GlobalFoundries,"Dresden, Saxony, Germany",2026-08-17,https://www.linkedin.com/jobs/view/4451195813 , ,li-4451195813,fulltime,,,,,,False,entry level,Quality Assurance,,,Semiconductor Manufacturing,https://www.linkedin.com/company/globalfoundries,,,,,,,,,,,
linkedin,Senior Platform & Hardware Applications Engineer (f/m/d),Black Semiconductor,"Aachen, North Rhine-Westphalia, Germany",2026-08-17,https://www.linkedin.com/jobs/view/4445900831 , ,li-4445900831,fulltime,,,,,,False,mid-senior level,Engineering and Information Technology,,,Semiconductor Manufacturing,https://de.linkedin.com/company/black-semiconductor,,,,,,,,,,,
linkedin,Display Applications Engineer,Visteon Corporation,"Karlsruhe, Baden-Württemberg, Germany",2026-08-17,https://www.linkedin.com/jobs/view/4417144619 , ,li-4417144619,fulltime,,,,,,False,mid-senior level,Engineering and Information Technology,,,Motor Vehicle Parts Manufacturing,https://www.linkedin.com/company/visteon,,,,,,,,,,,
linkedin,"Principal Digital Design Engineer, Automotive",NXP Semiconductors,"Hamburg, Hamburg, Germany",2026-08-17,https://www.linkedin.com/jobs/view/4386511432 , ,li-4386511432,fulltime,,,,,,True,mid-senior level,Engineering and Information Technology,,,"Semiconductor Manufacturing, Computers and Electronics Manufacturing, and Software Development",https://nl.linkedin.com/company/nxp-semiconductors,,,,,,,,,,,
linkedin,Konstrukteur (m/w/d),KNDS Deutschland,"Kassel, Hesse, Germany",2026-08-17,https://www.linkedin.com/jobs/view/4455264295 , ,li-4455264295,fulltime,,,,,,False,entry level,Management and Manufacturing,,,Defense and Space Manufacturing,https://de.linkedin.com/company/knds-deutschland,,,,,,,,,,,
linkedin,Mechanical Engineering Specialist,LOVOL GLOBAL,"Mannheim, Baden-Württemberg, Germany",2026-08-17,https://www.linkedin.com/jobs/view/4455288614 , ,li-4455288614,fulltime,,,,,,False,mid-senior level,Engineering,,,Machinery Manufacturing,https://cn.linkedin.com/company/weichailovolintelligentagriculture,,,,,,,,,,,
linkedin,Valves Development Engineer [High-Thrust Rocket Engine],The Exploration Company,"Munich, Bavaria, Germany",2026-08-17,https://www.linkedin.com/jobs/view/4316667115 , ,li-4316667115,fulltime,,,,,,False,mid-senior level,Engineering and Information Technology,,,Aviation and Aerospace Component Manufacturing,https://de.linkedin.com/company/exploration-company,,,,,,,,,,,
linkedin,Ingenieur Industrievermessung / Satelliten Alignment (m/w/d),APRIORI - business solutions AG,"Bremen, Germany",2026-08-17,https://www.linkedin.com/jobs/view/4452277173 , ,li-4452277173,fulltime,,,,,,False,associate,Engineering,,,"Aviation and Aerospace Component Manufacturing and Technology, Information and Media",https://de.linkedin.com/company/apriori---business-solutions-ag,,,,,,,,,,,
linkedin,Senior Technical Expert,Midea,"Stuttgart, Baden-Württemberg, Germany",2026-08-17,https://www.linkedin.com/jobs/view/4454221260 , ,li-4454221260,fulltime,,,,,,False,director,Management,,,Household Appliance Manufacturing,https://cn.linkedin.com/company/mideagroup,,,,,,,,,,,
linkedin,Photonics Research Engineer - Connectivity for Integrated Optical Circuits (m/f/d),Corning Incorporated,"Berlin, Berlin, Germany",2026-08-17,https://www.linkedin.com/jobs/view/4452246984 , ,li-4452246984,fulltime,,,,,,False,entry level,Engineering and Information Technology,,accommodations@corning.com,"Glass, Ceramics and Concrete Manufacturing",https://www.linkedin.com/company/corning-incorporated,,,,,,,,,,,
linkedin,Senior Analog IC Designer,IC Resources,"Berlin, Germany",2026-08-17,https://www.linkedin.com/jobs/view/4443369494 , ,li-4443369494,fulltime,,,,,,False,mid-senior level,Engineering,,,Staffing and Recruiting,https://uk.linkedin.com/company/icresources,,,,,,,,,,,
linkedin,Software Entwickler / Firmware Entwickler,BIOTRONIK,"Berlin, Berlin, Germany",2026-08-17,https://www.linkedin.com/jobs/view/4455322549 , ,li-4455322549,fulltime,,,,,,True,mid-senior level,Engineering and Information Technology,,,Medical Equipment Manufacturing,https://de.linkedin.com/company/biotronik,,,,,,,,,,,
linkedin,3D Harness Designer – Germany | Airbus Projects,Orbital Critical Systems (Grupo CAF),"Donauwörth, Bavaria, Germany",2026-08-17,https://www.linkedin.com/jobs/view/4454276435 , ,li-4454276435,other,,,,,,False,not applicable,"Design, Art/Creative, and Information Technology",,,Airlines and Aviation,https://es.linkedin.com/company/orbital-aerospace,,,,,,,,,,,
linkedin,Cellular RF Transmitter Systems Engineer (m/f/d),Apple,"Munich, Bavaria, Germany",2026-08-17,https://www.linkedin.com/jobs/view/4454275131 , ,li-4454275131,fulltime,,,,,,False,mid-senior level,Engineering and Information Technology,,,Computers and Electronics Manufacturing,https://www.linkedin.com/company/apple,,,,,,,,,,,
linkedin,Wissenschaftliche/r Mitarbeiter/in (w/m/d) im Bereich der experimentellen Aeroakustik,German Aerospace Center (DLR),"Göttingen, Lower Saxony, Germany",2026-08-17,https://www.linkedin.com/jobs/view/4454531993 , ,li-4454531993,fulltime,,,,,,False,mid-senior level,"Research, Analyst, and Information Technology",,,Research Services,https://de.linkedin.com/company/dlr,,,,,,,,,,,
linkedin,Modem System Test Engineer (m/f/d) – 6G/5G Air Interface  - Sulzbach am Taunus,Qualcomm,"Hesse, Germany",2026-08-17,https://www.linkedin.com/jobs/view/4454270644 , ,li-4454270644,fulltime,,,,,,False,not applicable,Other,,-accomodations@qualcomm.com,Semiconductor Manufacturing,https://www.linkedin.com/company/qualcomm,,,,,,,,,,,
linkedin,AI Research Engineer - Reinforcement Learning,Helsing,"Munich, Bavaria, Germany",2026-08-17,https://www.linkedin.com/jobs/view/4328761767 , ,li-4328761767,fulltime,,,,,,True,mid-senior level,Engineering and Information Technology,,,Software Development,https://de.linkedin.com/company/helsing,,,,,,,,,,,
linkedin,Data Scientist / Data Engineer,Nucs AI,"Berlin, Berlin, Germany",2026-08-17,https://www.linkedin.com/jobs/view/4455263060 , ,li-4455263060,fulltime,,,,,,True,not applicable,Health Care Provider,,,Hospitals and Health Care,https://www.linkedin.com/company/nucsai,,,,,,,,,,,
linkedin,Development Engineer Guidance and Control (all gender),ALTEN,"Schrobenhausen, Bavaria, Germany",2026-08-17,https://www.linkedin.com/jobs/view/4452237559 , ,li-4452237559,fulltime,,,,,,False,associate,Engineering,,,"Aviation and Aerospace Component Manufacturing, Airlines and Aviation, and Defense and Space Manufacturing",https://fr.linkedin.com/company/alten,,,,,,,,,,,
linkedin,Ingenieur/in (w/m/d) Forschung für visuelle Navigationsalgorithmen,German Aerospace Center (DLR),"Oberpfaffenhofen, Bavaria, Germany",2026-08-17,https://www.linkedin.com/jobs/view/4454393042 , ,li-4454393042,fulltime,,,,,,False,entry level,Engineering and Information Technology,,,Research Services,https://de.linkedin.com/company/dlr,,,,,,,,,,,
linkedin,Software Engineer – In Situ Atmospheric Composition Observations,European Centre for Medium-Range Weather Forecasts - ECMWF,"Bonn, North Rhine-Westphalia, Germany",2026-08-17,https://www.linkedin.com/jobs/view/4452267789 , ,li-4452267789,fulltime,,,,,,False,mid-senior level,Engineering and Information Technology,,,Environmental Services,https://uk.linkedin.com/company/ecmwf,,,,,,,,,,,
linkedin,Software Developer - Algorithms and Data Fusion,Guldberg GmbH,"Bremen, Germany",2026-08-17,https://www.linkedin.com/jobs/view/4452230920 , ,li-4452230920,fulltime,,,,,,False,mid-senior level,Engineering and Information Technology,,,Defense and Space Manufacturing,https://de.linkedin.com/company/guldberggmbh,,,,,,,,,,,
linkedin,FPGA Design Engineer (m/w/d),Thales,"Ditzingen, Baden-Württemberg, Germany",2026-08-17,https://www.linkedin.com/jobs/view/4387888525 , ,li-4387888525,fulltime,,,,,,False,not applicable,Engineering and Information Technology,,,Aviation and Aerospace Component Manufacturing and Defense and Space Manufacturing,https://fr.linkedin.com/company/thales,,,,,,,,,,,
linkedin,Fiber Planning Engineer - Senior Executive,Tata Communications,"Düsseldorf, North Rhine-Westphalia, Germany",2026-08-17,https://www.linkedin.com/jobs/view/4454281799 , ,li-4454281799,fulltime,,,,,,False,mid-senior level,Management and Manufacturing,,,Telecommunications,https://in.linkedin.com/company/tata-communication,,,,,,,,,,,
linkedin,Embedded  Software Entwickler  (m/w/d),Shop-IQ GmbH & Co.KG,"Schweinfurt, Bavaria, Germany",2026-08-17,https://www.linkedin.com/jobs/view/4452224810 , ,li-4452224810,fulltime,,,,,,False,associate,Information Technology,,,IT Services and IT Consulting,https://de.linkedin.com/company/shop-iq-gmbh-&-co.kg,,,,,,,,,,,
linkedin,Senior Software Entwickler,SchuhEder Consulting GmbH,"Bavaria, Germany",2026-08-17,https://www.linkedin.com/jobs/view/4452219086 , ,li-4452219086,fulltime,,,,,,False,associate,Information Technology,,,"Industrial Machinery Manufacturing, Appliances, Electrical, and Electronics Manufacturing, and Software Development",https://de.linkedin.com/company/schuheder-consulting-gmbh,,,,,,,,,,,
linkedin,WE´RE HIRING FIRMWARE ENGINEER AT STARTUP POWERED ORTHOTICS,innoWerft,,2026-08-17,https://www.linkedin.com/jobs/view/4452279331 , ,li-4452279331,fulltime,,,,,,False,entry level,Information Technology,,,IT Services and IT Consulting,https://de.linkedin.com/company/innowerft,,,,,,,,,,,
linkedin,Avionics Engineer,Alexander Daniels Global,"Nienburg (Weser), Lower Saxony, Germany",2026-08-17,https://www.linkedin.com/jobs/view/4454271146 , ,li-4454271146,fulltime,,,,,,False,mid-senior level,Engineering,,,Defense and Space Manufacturing,https://uk.linkedin.com/company/alexander-daniels-global,,,,,,,,,,,
linkedin,Control Systems Engineer / Electric Drives (all genders) - eMoSys GmbH,MTU Aero Engines,"Munich, Bavaria, Germany",2026-08-17,https://www.linkedin.com/jobs/view/4451519544 , ,li-4451519544,fulltime,,,,,,False,mid-senior level,Engineering and Information Technology,,bewerbung@emosys.com,Aviation and Aerospace Component Manufacturing,https://de.linkedin.com/company/mtu-aero-engines,,,,,,,,,,,
linkedin,Senior Software Engineer – Edge Platform (m/f/d),AP Sensing,"Böblingen, Baden-Württemberg, Germany",2026-08-17,https://www.linkedin.com/jobs/view/4430393472 , ,li-4430393472,fulltime,,,,,,False,associate,Information Technology,,hr@apsensing.com,"Appliances, Electrical, and Electronics Manufacturing, Computers and Electronics Manufacturing, and Measuring and Control Instrument Manufacturing",https://de.linkedin.com/company/ap-sensing,,,,,,,,,,,
linkedin,"Senior Software Developer – Semiconductor Equipment Software, Real-Time Control & Motion Systems (m/w/d)",cigus,"Jena, Thuringia, Germany",2026-08-17,https://www.linkedin.com/jobs/view/4455236633 , ,li-4455236633,fulltime,,,,,,False,not applicable,Information Technology,,,"Technology, Information and Internet",https://de.linkedin.com/company/cigus-technology,,,,,,,,,,,
linkedin,Software Architect (m/f/d),Quantum Systems,,2026-08-17,https://www.linkedin.com/jobs/view/4454248305 , ,li-4454248305,fulltime,,,,,,False,mid-senior level,Information Technology,,,"Technology, Information and Internet",https://de.linkedin.com/company/quantum-systems-gmbh,,,,,,,,,,,
linkedin,AI Infrastructure Engineer (f/m/x),BMW Group,"Munich, Bavaria, Germany",2026-08-17,https://www.linkedin.com/jobs/view/4452272192 , ,li-4452272192,fulltime,,,,,,False,mid-senior level,Information Technology,,,Motor Vehicle Manufacturing,https://de.linkedin.com/company/bmw-group,,,,,,,,,,,
linkedin,Founding Engineer,Logistica OS,"Berlin, Berlin, Germany",2026-08-17,https://www.linkedin.com/jobs/view/4452269855 , ,li-4452269855,fulltime,,,,,,True,associate,Engineering,,,IT Services and IT Consulting,https://de.linkedin.com/company/logistica-os,,,,,,,,,,,
linkedin,AI Engineering & Automation Specialist (on-site),Cloover,"Berlin, Berlin, Germany",2026-08-17,https://www.linkedin.com/jobs/view/4455280683 , ,li-4455280683,fulltime,,,,,,False,entry level,Customer Service,,,Software Development,https://de.linkedin.com/company/cloover,,,,,,,,,,,
linkedin,Avionics / Electrical Systems Engineer (m/w/d),YER Deutschland,"Tussenhausen, Bavaria, Germany",2026-08-17,https://www.linkedin.com/jobs/view/4450490981 , ,li-4450490981,fulltime,,,,,,False,mid-senior level,Engineering,,,Aviation and Aerospace Component Manufacturing,https://de.linkedin.com/company/yerdeutschland,,,,,,,,,,,
linkedin,Staff Perception Engineer | Industrial Robotics | Berlin |  €180K +,AI Futures,"Berlin, Germany",2026-08-17,https://www.linkedin.com/jobs/view/4452244530 , ,li-4452244530,fulltime,,,,,,False,mid-senior level,Engineering and Design,,will.childs@aifutures.group,Robot Manufacturing and Robotics Engineering,https://uk.linkedin.com/company/aifuturesgroup,,,,,,,,,,,
linkedin,Modelling & Simulation Robotics Architect,Lawrence Harvey,,2026-08-17,https://www.linkedin.com/jobs/view/4454273615 , ,li-4454273615,fulltime,,,,,,True,mid-senior level,Engineering and Information Technology,,,Software Development and Robotics Engineering,https://uk.linkedin.com/company/lawrence-harvey,,,,,,,,,,,
linkedin,EMBEDDED RUST SOFTWARE ENTWICKLER (M/W/D),WOLF GmbH,"Mainburg, Bavaria, Germany",2026-08-17,https://www.linkedin.com/jobs/view/4455256081 , ,li-4455256081,fulltime,,,,,,False,not applicable,Engineering and Information Technology,,luise.flicker@wolf.eu,Manufacturing,https://de.linkedin.com/company/wolf-gmbh,,,,,,,,,,,
linkedin,Senior Embedded Softwareentwickler C++ (m/w/d),SPECTRUM AG,"Munich, Bavaria, Germany",2026-08-16,https://www.linkedin.com/jobs/view/4451792491 , ,li-4451792491,fulltime,,,,,,False,mid-senior level,Other,,,IT Services and IT Consulting,https://de.linkedin.com/company/spectrum-ag,,,,,,,,,,,
linkedin,Electrical Engineer (m/f/d) for Solar Generators,SpaceTech GmbH,"Immenstaad am Bodensee, Baden-Württemberg, Germany",2026-08-16,https://www.linkedin.com/jobs/view/4452220169 , ,li-4452220169,fulltime,,,,,,False,mid-senior level,Engineering,,,Manufacturing,https://de.linkedin.com/company/spacetech-gmbh,,,,,,,,,,,
linkedin,System Design Engineer (f/m/d),KLA,"Weilburg, Hesse, Germany",2026-08-16,https://www.linkedin.com/jobs/view/4414043654 , ,li-4414043654,fulltime,,,,,,False,mid-senior level,Engineering and Information Technology,,talent.acquisition@kla.com,Semiconductor Manufacturing,https://www.linkedin.com/company/klacorp,,,,,,,,,,,
linkedin,SOTIF Expert - System of Systems (all genders),MOIA,"Hamburg, Hamburg, Germany",2026-08-16,https://www.linkedin.com/jobs/view/4443361694 , ,li-4443361694,fulltime,,,,,,True,mid-senior level,Other,,,Software Development,https://de.linkedin.com/company/moia_mobility,,,,,,,,,,,
linkedin,Senior Electronics Engineer (m/f/d),SpaceTech GmbH,"Immenstaad am Bodensee, Baden-Württemberg, Germany",2026-08-16,https://www.linkedin.com/jobs/view/4452220168 , ,li-4452220168,fulltime,,,,,,False,mid-senior level,Engineering,,,Manufacturing,https://de.linkedin.com/company/spacetech-gmbh,,,,,,,,,,,
linkedin,Senior Applications Engineer II – Physical Layer (m/f/d),Microchip Technology Inc.,"Karlsruhe, Baden-Württemberg, Germany",2026-08-16,https://www.linkedin.com/jobs/view/4427563640 , ,li-4427563640,fulltime,,,,,,False,mid-senior level,Engineering,,,"Appliances, Electrical, and Electronics Manufacturing and Semiconductor Manufacturing",https://www.linkedin.com/company/microchip-technology,,,,,,,,,,,
linkedin,Automotive Microcontrollers FAE (Field Application Engineer),NXP Semiconductors,"Munich, Bavaria, Germany",2026-08-16,https://www.linkedin.com/jobs/view/4436729995 , ,li-4436729995,fulltime,,,,,,False,mid-senior level,Sales and Business Development,,,"Semiconductor Manufacturing, Computers and Electronics Manufacturing, and Software Development",https://nl.linkedin.com/company/nxp-semiconductors,,,,,,,,,,,
linkedin,Hardware Architect – Embedded Systems (m/f/d),ELATEC Group | Allegion,"Puchheim, Bavaria, Germany",2026-08-16,https://www.linkedin.com/jobs/view/4451781499 , ,li-4451781499,fulltime,,,,,,True,associate,Engineering,,,"Appliances, Electrical, and Electronics Manufacturing, Computers and Electronics Manufacturing, and Electrical Equipment Manufacturing",https://de.linkedin.com/company/elatec-rfid-systems,,,,,,,,,,,
linkedin,Site Reliability Engineer,Helsing,"Berlin, Berlin, Germany",2026-08-16,https://www.linkedin.com/jobs/view/4341963741 , ,li-4341963741,fulltime,,,,,,False,mid-senior level,Engineering and Information Technology,,,Software Development,https://de.linkedin.com/company/helsing,,,,,,,,,,,
linkedin,Software Engineer - Airborne Mission Systems,Helsing,"Munich, Bavaria, Germany",2026-08-16,https://www.linkedin.com/jobs/view/4350177552 , ,li-4350177552,fulltime,,,,,,False,entry level,Engineering and Information Technology,,,Software Development,https://de.linkedin.com/company/helsing,,,,,,,,,,,
linkedin,Power Electronics Engineer - DC/DC Converter / Power Supply,European Tech Recruit,"Nuremberg, Bavaria, Germany",2026-08-16,https://www.linkedin.com/jobs/view/4455228022 , ,li-4455228022,fulltime,,,,,,False,mid-senior level,"Engineering, Design, and Research",,,"Telecommunications, Semiconductor Manufacturing, and Computers and Electronics Manufacturing",https://uk.linkedin.com/company/european-tech-recruit,,,,,,,,,,,
linkedin,Senior RF Design Engineer - SDR,Octagon Group,"Berlin, Germany",2026-08-16,https://www.linkedin.com/jobs/view/4451775181 , ,li-4451775181,fulltime,,,,,,False,mid-senior level,"Engineering, Design, and Other",,,"Computers and Electronics Manufacturing, Defense and Space Manufacturing, and Space Research and Technology",https://uk.linkedin.com/company/octagon-recruitment-group,,,,,,,,,,,
linkedin,System Engineer Tracker (all genders),Frequentis,"Karlsruhe, Baden-Württemberg, Germany",2026-08-16,https://www.linkedin.com/jobs/view/4376794508 , ,li-4376794508,fulltime,,,,,,False,entry level,Information Technology,,,IT Services and IT Consulting,https://at.linkedin.com/company/frequentis,,,,,,,,,,,
linkedin,"Senior MCC Engineer, IRIS2",SES Satellites,"Unterföhring, Bavaria, Germany",2026-08-16,https://www.linkedin.com/jobs/view/4435491127 , ,li-4435491127,fulltime,,,,,,False,mid-senior level,Engineering and Information Technology,,,Telecommunications,https://lu.linkedin.com/company/ses,,,,,,,,,,,
linkedin,Elektrotechnische Hardwarekonstruktion/Auftragsführung (m/w/d),TS Elino GmbH,"Hamburg, Hamburg, Germany",2026-08-16,https://www.linkedin.com/jobs/view/4451774300 , ,li-4451774300,fulltime,,,,,,False,entry level,Other,,,Automation Machinery Manufacturing,https://de.linkedin.com/company/ts-elino-gmbh,,,,,,,,,,,
linkedin,Senior Systems Engineer/Technical Lead,Ambu,"Augsburg, Bavaria, Germany",2026-08-16,https://www.linkedin.com/jobs/view/4426625941 , ,li-4426625941,fulltime,,,,,,False,mid-senior level,Information Technology,,jonc@ambu.com,Medical Equipment Manufacturing and Hospitals and Health Care,https://dk.linkedin.com/company/ambu-as,,,,,,,,,,,
linkedin,Center of Competence - Junior Design Engineer (m/w/d),Liebherr Tower Cranes,"Biberach an der Riß, Baden-Württemberg, Germany",2026-08-15,https://www.linkedin.com/jobs/view/4435449122 , ,li-4435449122,fulltime,,,,,,False,entry level,Engineering and Information Technology,,,Industrial Machinery Manufacturing,https://de.linkedin.com/company/liebherr-construction,,,,,,,,,,,
linkedin,Middleware Engineer,Applied Intuition,"Stuttgart, Baden-Württemberg, Germany",2026-08-15,https://www.linkedin.com/jobs/view/4423952825 , ,li-4423952825,fulltime,,,,,,True,entry level,Information Technology,,people@applied.co,Software Development,https://www.linkedin.com/company/applied-intuition-inc,,,,,,,,,,,
linkedin,Elektrokonstrukteur / Entwicklungsingenieur (m/w/d),MLR System GmbH,"Ludwigsburg, Baden-Württemberg, Germany",2026-08-15,https://www.linkedin.com/jobs/view/4453793746 , ,li-4453793746,fulltime,,,,,,False,mid-senior level,Engineering and Information Technology,,,Industrial Machinery Manufacturing,https://de.linkedin.com/company/mlr-system-gmbh,,,,,,,,,,,
linkedin,System Engineer Electronics (all genders),tonies®,"Düsseldorf, North Rhine-Westphalia, Germany",2026-08-15,https://www.linkedin.com/jobs/view/4435222708 , ,li-4435222708,fulltime,,,,,,True,mid-senior level,Information Technology,,,"Technology, Information and Media",https://de.linkedin.com/company/tonies-gmbh,,,,,,,,,,,
linkedin,Technical Co-Founder - electrical engineering,Nlevel,,2026-08-15,https://www.linkedin.com/jobs/view/4454888798 , ,li-4454888798,fulltime,,,,,,False,entry level,Management and Manufacturing,,,Utilities,https://de.linkedin.com/company/nlevel,,,,,,,,,,,
linkedin,Software Developer Embedded (m/w/d),WEINMANN,"Hamburg, Hamburg, Germany",2026-08-15,https://www.linkedin.com/jobs/view/4416698597 , ,li-4416698597,fulltime,,,,,,False,entry level,Engineering and Information Technology,,,Medical Equipment Manufacturing,https://de.linkedin.com/company/weinmann-emergency-medical-technology-gmbh,,,,,,,,,,,
linkedin,Embedded Software Engineer,IC Resources,"North Rhine-Westphalia, Germany",2026-08-15,https://www.linkedin.com/jobs/view/4417015290 , ,li-4417015290,fulltime,,,,,,False,mid-senior level,Engineering and Information Technology,,,Staffing and Recruiting,https://uk.linkedin.com/company/icresources,,,,,,,,,,,
linkedin,Development Engineer (m/f/d) Digital,Elmos,"Frankfurt an der Oder, Brandenburg, Germany",2026-08-15,https://www.linkedin.com/jobs/view/4451740303 , ,li-4451740303,fulltime,,,,,,False,mid-senior level,Engineering,,,Semiconductor Manufacturing,https://de.linkedin.com/company/elmos,,,,,,,,,,,
linkedin,Hardware Engineer,SumUp,"Berlin, Berlin, Germany",2026-08-15,https://www.linkedin.com/jobs/view/4384475891 , ,li-4384475891,fulltime,,,,,,False,mid-senior level,Engineering and Information Technology,,,Financial Services,https://uk.linkedin.com/company/sumup,,,,,,,,,,,
linkedin,Electronical Compliance Engineer (m/w/x),SII Group Romania,"Kiel, Schleswig-Holstein, Germany",2026-08-15,https://www.linkedin.com/jobs/view/4419651405 , ,li-4419651405,fulltime,,,,,,False,mid-senior level,Management and Manufacturing,,,IT Services and IT Consulting,https://ro.linkedin.com/company/sii-romania-,,,,,,,,,,,
linkedin,Elektrokonstrukteur (m/w/d),Eggersmann Gruppe GmbH & Co. KG,"Wardenburg, Lower Saxony, Germany",2026-08-15,https://www.linkedin.com/jobs/view/4451735413 , ,li-4451735413,fulltime,,,,,,False,entry level,Engineering,,,Machinery Manufacturing,https://de.linkedin.com/company/eggersmanngroup,,,,,,,,,,,
linkedin,Sr. Product Application Engineer,AMD,"Munich, Bavaria, Germany",2026-08-15,https://www.linkedin.com/jobs/view/4441846286 , ,li-4441846286,fulltime,,,,,,False,mid-senior level,Engineering,,,Semiconductor Manufacturing,https://www.linkedin.com/company/amd,,,,,,,,,,,
linkedin,Systems Integrator,KLA,"Jena, Thuringia, Germany",2026-08-15,https://www.linkedin.com/jobs/view/4423666305 , ,li-4423666305,fulltime,,,,,,False,mid-senior level,Information Technology,,talent.acquisition@kla.com,Semiconductor Manufacturing,https://www.linkedin.com/company/klacorp,,,,,,,,,,,
linkedin,AI Researcher (F/M/*),amber,"Aachen, North Rhine-Westphalia, Germany",2026-08-15,https://www.linkedin.com/jobs/view/4444951948 , ,li-4444951948,fulltime,,,,,,False,mid-senior level,Engineering and Information Technology,,,Artificial Intelligence,https://de.linkedin.com/company/ambersearch,,,,,,,,,,,
linkedin,Data Platform Engineer (m/f/d),Liebherr Group,"Ulm, Baden-Württemberg, Germany",2026-08-15,https://www.linkedin.com/jobs/view/4406508381 , ,li-4406508381,fulltime,,,,,,False,entry level,Engineering and Information Technology,,Franziska.Rolle@liebherr.com,Industrial Machinery Manufacturing,https://de.linkedin.com/company/liebherr,,,,,,,,,,,
linkedin,Payload Architect for Digital Payloads,Kats Recruitment,"Bremen, Bremen, Germany",2026-08-15,https://www.linkedin.com/jobs/view/4455131102 , ,li-4455131102,fulltime,,,,,,False,mid-senior level,"Design, Art/Creative, and Information Technology",,,Business Consulting and Services,https://gr.linkedin.com/company/kats-recruitment,,,,,,,,,,,
linkedin,Senior RF IC Design Validation and Test Engineer,indie.inc,"Nuremberg, Bavaria, Germany",2026-08-15,https://www.linkedin.com/jobs/view/4384893164 , ,li-4384893164,fulltime,,,,,,False,mid-senior level,Engineering and Information Technology,,,Semiconductor Manufacturing,https://www.linkedin.com/company/indieinc,,,,,,,,,,,
linkedin,Software Engineer (m/w/d),SCOPE Engineering GmbH,"Bremen, Bremen, Germany",2026-08-15,https://www.linkedin.com/jobs/view/4453901513 , ,li-4453901513,fulltime,,,,,,False,mid-senior level,Information Technology,,,Warehousing and Storage,https://de.linkedin.com/company/scope-engineering-gmbh,,,,,,,,,,,
linkedin,Senior Controls Software Engineer (m/f/d),Fluence,"Erlangen, Bavaria, Germany",2026-08-14,https://www.linkedin.com/jobs/view/4444483007 , ,li-4444483007,fulltime,,,,,,False,mid-senior level,Engineering and Information Technology,,,Renewable Energy Semiconductor Manufacturing,https://www.linkedin.com/company/fluenceenergy,,,,,,,,,,,
linkedin,Senior Engineer Advanced Technology (M/F/D),Adtran,"Meiningen, Thuringia, Germany",2026-08-14,https://www.linkedin.com/jobs/view/4436417449 , ,li-4436417449,fulltime,,,,,,False,mid-senior level,Engineering and Information Technology,,,Telecommunications,https://www.linkedin.com/company/adtran,,,,,,,,,,,
linkedin,Artificial Intelligence Engineer,NCS Group,"Berlin, Germany",2026-08-14,https://www.linkedin.com/jobs/view/4453521683 , ,li-4453521683,fulltime,,,,,,False,associate,"Engineering, Information Technology, and Consulting",,,"IT Services and IT Consulting, Artificial Intelligence, and Robotics Engineering",https://sg.linkedin.com/company/ncs-group,,,,,,,,,,,
linkedin,Data Scientist (f/m/d),PAIR Finance,"Berlin, Berlin, Germany",2026-08-14,https://www.linkedin.com/jobs/view/4451239138 , ,li-4451239138,fulltime,,,,,,False,associate,Information Technology,,jobs@pairfinance.com,Financial Services,https://de.linkedin.com/company/pair-finance,,,,,,,,,,,
linkedin,Field Application Engineer,Southchip Semiconductor Technology,"Munich, Bavaria, Germany",2026-08-14,https://www.linkedin.com/jobs/view/4454359801 , ,li-4454359801,fulltime,,,,,,False,mid-senior level,Research and Sales,,,Semiconductor Manufacturing,https://cn.linkedin.com/company/%E4%B8%8A%E6%B5%B7%E5%8D%97%E8%8A%AF%E5%8D%8A%E5%AF%BC%E4%BD%93%E7%A7%91%E6%8A%80%E6%9C%89%E9%99%90%E5%85%AC%E5%8F%B8,,,,,,,,,,,
linkedin,Entwicklungsingenieur (m/w/d) im Bereich Hochfrequenztechnik,Rohde & Schwarz,"Munich, Bavaria, Germany",2026-08-14,https://www.linkedin.com/jobs/view/4448471692 , ,li-4448471692,fulltime,,,,,,False,not applicable,Engineering and Information Technology,,,Telecommunications,https://de.linkedin.com/company/rohde-schwarz,,,,,,,,,,,
linkedin,Ingenieur Industrievermessung (m/w/d) Satelliten Alignment,APRIORI - business solutions AG,"Bremen, Germany",2026-08-14,https://www.linkedin.com/jobs/view/4451210870 , ,li-4451210870,fulltime,,,,,,True,associate,Engineering,,,Aviation and Aerospace Component Manufacturing,https://de.linkedin.com/company/apriori---business-solutions-ag,,,,,,,,,,,
linkedin,HW Project Leader (m/f/d),HARMAN International,"Ulm, Baden-Württemberg, Germany",2026-08-14,https://www.linkedin.com/jobs/view/4398254113 , ,li-4398254113,fulltime,,,,,,True,mid-senior level,Project Management and Information Technology,,harmancareers@harman.com,Computers and Electronics Manufacturing,https://www.linkedin.com/company/harman-international,,,,,,,,,,,
linkedin,Principal Coherent Systems Engineer,Nokia,"Nuremberg, Bavaria, Germany",2026-08-14,https://www.linkedin.com/jobs/view/4451248996 , ,li-4451248996,fulltime,,,,,,False,not applicable,Information Technology,,,IT Services and IT Consulting and Telecommunications,https://fi.linkedin.com/company/nokia,,,,,,,,,,,
linkedin,Hochfrequenz Engineering Manager (all gender),ALTEN,"Siegburg, North Rhine-Westphalia, Germany",2026-08-14,https://www.linkedin.com/jobs/view/4445008446 , ,li-4445008446,fulltime,,,,,,False,associate,Engineering,,,Engineering Services,https://fr.linkedin.com/company/alten,,,,,,,,,,,
linkedin,Senior RF Experte (w/m/d),TRUMPF,"Freiburg, Baden-Württemberg, Germany",2026-08-14,https://www.linkedin.com/jobs/view/4395446568 , ,li-4395446568,fulltime,,,,,,False,mid-senior level,Business Development and Sales,,david.brodkorb.external@trumpf.com,Machinery Manufacturing,https://www.linkedin.com/company/trumpf-se-co-kg,,,,,,,,,,,
linkedin,Electrical Engineer,Arup,"Berlin, Berlin, Germany",2026-08-14,https://www.linkedin.com/jobs/view/4454389564 , ,li-4454389564,fulltime,,,,,,False,entry level,"Design, Consulting, and Engineering",,,"Appliances, Electrical, and Electronics Manufacturing, Architecture and Planning, and Civil Engineering",https://uk.linkedin.com/company/arup,,,,,,,,,,,
linkedin,Consultant Data Science & ML Engineering (m/w/d),Deloitte,"Berlin, Germany",2026-08-14,https://www.linkedin.com/jobs/view/4454388223 , ,li-4454388223,fulltime,,,,,,True,entry level,Information Technology,,career@deloitte.de,Business Consulting and Services,https://www.linkedin.com/company/deloitte,,,,,,,,,,,
linkedin,Prozessingenieur (m/w/d),TDK-Micronas,"Freiburg, Baden-Württemberg, Germany",2026-08-14,https://www.linkedin.com/jobs/view/4451201179 , ,li-4451201179,fulltime,,,,,,False,associate,Engineering,,-recruiting@tdk.com,Semiconductor Manufacturing,https://de.linkedin.com/company/tdk-micronas,,,,,,,,,,,
linkedin,Consultant Data Science & ML Engineering (m/w/d) in Mannheim,Deloitte,"Mannheim, Baden-Württemberg, Germany",2026-08-14,https://www.linkedin.com/jobs/view/4454396214 , ,li-4454396214,fulltime,,,,,,True,entry level,Information Technology,,career@deloitte.de,Business Consulting and Services,https://www.linkedin.com/company/deloitte,,,,,,,,,,,
linkedin,Factory Project Commissioning Engineer EU (m/f/x),Lawo,"Rastatt, Baden-Württemberg, Germany",2026-08-14,https://www.linkedin.com/jobs/view/4365768717 , ,li-4365768717,fulltime,,,,,,True,entry level,Engineering and Information Technology,,,Broadcast Media Production and Distribution,https://de.linkedin.com/company/lawo,,,,,,,,,,,
linkedin,Data Engineer (f/m/d),Moonfare,"Berlin, Berlin, Germany",2026-08-14,https://www.linkedin.com/jobs/view/4453595003 , ,li-4453595003,fulltime,,,,,,False,mid-senior level,Information Technology,,,"Technology, Information and Internet",https://de.linkedin.com/company/moonfare,,,,,,,,,,,
linkedin,Lead Electronics Engineer (m/f/d),Clarios,"Hannover, Lower Saxony, Germany",2026-08-14,https://www.linkedin.com/jobs/view/4427053318 , ,li-4427053318,fulltime,,,,,,False,mid-senior level,Engineering,,Special.Accommodations@Clarios.com,Motor Vehicle Parts Manufacturing,https://www.linkedin.com/company/clarios,,,,,,,,,,,
linkedin,System & SW Engineer for Helicopter Simulation (all gender),ALTEN,"Donauwörth, Bavaria, Germany",2026-08-14,https://www.linkedin.com/jobs/view/4451224190 , ,li-4451224190,fulltime,,,,,,False,associate,Engineering,,,Airlines and Aviation and Aviation and Aerospace Component Manufacturing,https://fr.linkedin.com/company/alten,,,,,,,,,,,
linkedin,Data Engineer (m/f/d),FYTA,"Berlin, Berlin, Germany",2026-08-14,https://www.linkedin.com/jobs/view/4451218532 , ,li-4451218532,fulltime,,,,,,True,entry level,Information Technology,,,Mobile Computing Software Products,https://de.linkedin.com/company/fyta,,,,,,,,,,,
linkedin,"Quantum Engineer, Calibration & Benchmarking",IQM Quantum Computers,"Munich, Bavaria, Germany",2026-08-14,https://www.linkedin.com/jobs/view/4401770281 , ,li-4401770281,fulltime,,,,,,False,mid-senior level,Engineering and Information Technology,,,Computer Hardware Manufacturing,https://fi.linkedin.com/company/iqm-quantum-computers,,,,,,,,,,,
linkedin,RF / Microwave Engineer,TechTree,"Munich, Bavaria, Germany",2026-08-14,https://www.linkedin.com/jobs/view/4441532515 , ,li-4441532515,fulltime,,,,,,False,mid-senior level,Engineering and Information Technology,,,Software Development,https://uk.linkedin.com/company/techtreehq,,,,,,,,,,,
linkedin,Quantum Error Correction Engineer,IQM Quantum Computers,"Munich, Bavaria, Germany",2026-08-14,https://www.linkedin.com/jobs/view/4386356572 , ,li-4386356572,fulltime,,,,,,False,mid-senior level,Engineering and Information Technology,,,Computer Hardware Manufacturing,https://fi.linkedin.com/company/iqm-quantum-computers,,,,,,,,,,,
linkedin,IT-affiner Physiker / Mathematiker / Ingenieur (m/w/d) für Bildverarbeitende Systeme,Diehl Defence,"Röthenbach an der Pegnitz, Bavaria, Germany",2026-08-14,https://www.linkedin.com/jobs/view/4453200319 , ,li-4453200319,fulltime,,,,,,False,entry level,Engineering and Information Technology,,,"Appliances, Electrical, and Electronics Manufacturing",https://de.linkedin.com/company/diehl-defence,,,,,,,,,,,
linkedin,Spatial Audio Engineer (m/w/d),Sonova Group,"Berlin, Berlin, Germany",2026-08-14,https://www.linkedin.com/jobs/view/4443519327 , ,li-4443519327,fulltime,,,,,,False,mid-senior level,Information Technology,,,Medical Equipment Manufacturing,https://ch.linkedin.com/company/sonovagroup,,,,,,,,,,,
linkedin,"Embedded Software Engineer - Python & Embedded C - €85,000",Findr,"Ravensburg, Baden-Württemberg, Germany",2026-08-14,https://www.linkedin.com/jobs/view/4454545395 , ,li-4454545395,fulltime,,,,,,False,mid-senior level,"Information Technology, Engineering, and Analyst",,,"Software Development, Computer Hardware Manufacturing, and Technology, Information and Media",https://de.linkedin.com/company/findr-tech,,,,,,,,,,,
linkedin,Product Design Engineer (w/m/d),EagleBurgmann,"Wolfratshausen, Bavaria, Germany",2026-08-14,https://www.linkedin.com/jobs/view/4454524451 , ,li-4454524451,fulltime,,,,,,False,mid-senior level,Research and Product Management,,,Motor Vehicle Manufacturing,https://de.linkedin.com/company/eagleburgmann,,,,,,,,,,,
linkedin,PCB Layouter (m/f/x),Lawo,"Rastatt, Baden-Württemberg, Germany",2026-08-14,https://www.linkedin.com/jobs/view/4387688565 , ,li-4387688565,fulltime,,,,,,True,associate,Other,,,Broadcast Media Production and Distribution,https://de.linkedin.com/company/lawo,,,,,,,,,,,
linkedin,Senior Engineer Home Devices (m/w/d),Vodafone,"Düsseldorf, North Rhine-Westphalia, Germany",2026-08-14,https://www.linkedin.com/jobs/view/4451233408 , ,li-4451233408,fulltime,,,,,,False,not applicable,Other,,,"Information Services, IT Services and IT Consulting, and Telecommunications",https://uk.linkedin.com/company/vodafone,,,,,,,,,,,
linkedin,Konstrukteur Sekundärtechnik (w/m/d),Omexom Deutschland,"Saarbrücken, Saarland, Germany",2026-08-14,https://www.linkedin.com/jobs/view/4451242079 , ,li-4451242079,fulltime,,,,,,False,mid-senior level,Engineering,,,"Appliances, Electrical, and Electronics Manufacturing",https://de.linkedin.com/company/omexom-deutschland,,,,,,,,,,,
linkedin,Entwicklungsingenieur Elektronik (m/w/d) Regler,ProMinent Group,"Heidelberg, Baden-Württemberg, Germany",2026-08-14,https://www.linkedin.com/jobs/view/4435853385 , ,li-4435853385,fulltime,,,,,,False,mid-senior level,Engineering and Information Technology,,Bewerbungen@prominent.com,Industrial Machinery Manufacturing,https://de.linkedin.com/company/prominentgroup,,,,,,,,,,,
linkedin,Spacecraft Electronics Engineer,Spire,"Munich, Bavaria, Germany",2026-08-14,https://www.linkedin.com/jobs/view/4444465116 , ,li-4444465116,fulltime,,,,,,False,mid-senior level,Engineering and Information Technology,,,Information Services,https://www.linkedin.com/company/spireglobal,,,,,,,,,,,
linkedin,DFT Design Engineer,TSMC,"Munich, Bavaria, Germany",2026-08-14,https://www.linkedin.com/jobs/view/4436170541 , ,li-4436170541,fulltime,,,,,,False,mid-senior level,Research,,,Semiconductor Manufacturing,https://tw.linkedin.com/company/tsmc,,,,,,,,,,,
linkedin,Senior Analog Design Engineer (m/f/d),TDK-Micronas,,2026-08-14,https://www.linkedin.com/jobs/view/4450896139 , ,li-4450896139,fulltime,,,,,,False,associate,Engineering,,-recruiting@tdk.com,Semiconductor Manufacturing,https://de.linkedin.com/company/tdk-micronas,,,,,,,,,,,
linkedin,Senior Digital Design Engineer (m/w/d),TDK-Micronas,,2026-08-14,https://www.linkedin.com/jobs/view/4450128565 , ,li-4450128565,fulltime,,,,,,False,associate,Engineering,,-recruiting@tdk.com,Semiconductor Manufacturing,https://de.linkedin.com/company/tdk-micronas,,,,,,,,,,,
linkedin,SPS-Programmierer / Automatisierungsingenieur (m/w/d),Pfeiffer Vacuum+Fab Solutions,"Großröhrsdorf, Saxony, Germany",2026-08-14,https://www.linkedin.com/jobs/view/4406839204 , ,li-4406839204,fulltime,,,,,,False,entry level,Engineering and Information Technology,,,Machinery Manufacturing,https://de.linkedin.com/company/pfeiffer-vacuum,,,,,,,,,,,
linkedin,Backend Engineer - ZEOS (all genders),Zalando,"Berlin, Germany",2026-08-14,https://www.linkedin.com/jobs/view/4444926688 , ,li-4444926688,fulltime,,,,,,True,mid-senior level,Engineering and Information Technology,,,"Technology, Information and Internet, Retail, and IT Services and IT Consulting",https://de.linkedin.com/company/zalando,,,,,,,,,,,
linkedin,PCB Layout Engineer / Leiterplattenentwickler (all gender),ALTEN,,2026-08-14,https://www.linkedin.com/jobs/view/4399047212 , ,li-4399047212,fulltime,,,,,,False,associate,Project Management,,,IT Services and IT Consulting,https://fr.linkedin.com/company/alten,,,,,,,,,,,
linkedin,Electrical Engineer for novel propulsion design and testing (all gender),ALTEN,"Taufkirchen, Bavaria, Germany",2026-08-14,https://www.linkedin.com/jobs/view/4451229175 , ,li-4451229175,fulltime,,,,,,False,associate,Engineering,,,Airlines and Aviation and Aviation and Aerospace Component Manufacturing,https://fr.linkedin.com/company/alten,,,,,,,,,,,
linkedin,Senior Hardwareentwickler Elektronik & Baugruppenentwicklung (all gender),ALTEN,"Wedel, Schleswig-Holstein, Germany",2026-08-14,https://www.linkedin.com/jobs/view/4451222770 , ,li-4451222770,fulltime,,,,,,False,associate,Engineering,,,Defense and Space Manufacturing,https://fr.linkedin.com/company/alten,,,,,,,,,,,
linkedin,Analog IC Design Manager m/f/d,Texas Instruments Europe,"Freising, Bavaria, Germany",2026-08-14,https://www.linkedin.com/jobs/view/4405309236 , ,li-4405309236,fulltime,,,,,,False,mid-senior level,"Design, Art/Creative, and Information Technology",,,Semiconductor Manufacturing,https://www.linkedin.com/company/texas-instruments-europe,,,,,,,,,,,
linkedin,Senior Software Engineer C++ (all gender),ALTEN,"Kiel, Schleswig-Holstein, Germany",2026-08-14,https://www.linkedin.com/jobs/view/4400841317 , ,li-4400841317,fulltime,,,,,,False,associate,Information Technology,,,IT Services and IT Consulting,https://fr.linkedin.com/company/alten,,,,,,,,,,,
linkedin,Staff RAMS Engineer (m/f/d),ARX Robotics,"Munich, Bavaria, Germany",2026-08-14,https://www.linkedin.com/jobs/view/4417971108 , ,li-4417971108,fulltime,,,,,,False,mid-senior level,Engineering and Information Technology,,,Defense and Space Manufacturing,https://de.linkedin.com/company/arx-robotics,,,,,,,,,,,
linkedin,Principal System Software Architect,Corsair,"Landshut, Bavaria, Germany",2026-08-14,https://www.linkedin.com/jobs/view/4375720046 , ,li-4375720046,fulltime,,,,,,False,mid-senior level,Engineering and Information Technology,,,Computer Hardware Manufacturing,https://www.linkedin.com/company/corsair,,,,,,,,,,,
linkedin,Software Engineer C++ (m/f/n),Luminator Technology Group,"Rastatt, Baden-Württemberg, Germany",2026-08-14,https://www.linkedin.com/jobs/view/4429359362 , ,li-4429359362,fulltime,,,,,,False,mid-senior level,Engineering and Information Technology,,,"Appliances, Electrical, and Electronics Manufacturing",https://www.linkedin.com/company/luminator,,,,,,,,,,,
linkedin,Senior Controls Software Engineer (m/f/d),Fluence,"Berlin, Berlin, Germany",2026-08-14,https://www.linkedin.com/jobs/view/4444461950 , ,li-4444461950,fulltime,,,,,,False,mid-senior level,Engineering and Information Technology,,,Renewable Energy Semiconductor Manufacturing,https://www.linkedin.com/company/fluenceenergy,,,,,,,,,,,
linkedin,Senior DSP Engineer,Axon,"Kassel, Hesse, Germany",2026-08-14,https://www.linkedin.com/jobs/view/4454541830 , ,li-4454541830,fulltime,,,,,,True,mid-senior level,Engineering,,"axongreenhousesupport@axon.com, recruitingops@axon.com, recruitingops@axon.com",Software Development,https://www.linkedin.com/company/axon-protect-life,,,,,,,,,,,
linkedin,System Integration Engineer,WSA – Wonderful Sound for All,"Erlangen, Bavaria, Germany",2026-08-14,https://www.linkedin.com/jobs/view/4453534062 , ,li-4453534062,fulltime,,,,,,False,entry level,Quality Assurance,,,Medical Equipment Manufacturing,https://dk.linkedin.com/company/wonderfulsoundforall,,,,,,,,,,,
linkedin,Senior Principal Engineer Software Concepts Power-Aware Automotive Computing (f/m/div),Infineon Technologies,"Munich, Bavaria, Germany",2026-08-14,https://www.linkedin.com/jobs/view/4454518771 , ,li-4454518771,fulltime,,,,,,False,mid-senior level,Engineering and Information Technology,,,"Semiconductor Manufacturing, Appliances, Electrical, and Electronics Manufacturing, and Computer Hardware Manufacturing",https://de.linkedin.com/company/infineon-technologies,,,,,,,,,,,
linkedin,SPS-Programmierer (m/w/d),OttComputer GmbH,"Langenfeld, North Rhine-Westphalia, Germany",2026-08-14,https://www.linkedin.com/jobs/view/4454526420 , ,li-4454526420,fulltime,,,,,,False,entry level,Engineering and Information Technology,,,Software Development,https://de.linkedin.com/company/ottgroup,,,,,,,,,,,
linkedin,Software Test Engineer Sichere Kommunikation (all gender),ALTEN Germany,"Stuttgart, Baden-Württemberg, Germany",2026-08-14,https://www.linkedin.com/jobs/view/4440151747 , ,li-4440151747,fulltime,,,,,,False,not applicable,Engineering and Information Technology,,,Telecommunications,https://de.linkedin.com/company/altengermany,,,,,,,,,,,
linkedin,Expert Test & Assembly Developer,Vaillant Deutschland,"Remscheid, North Rhine-Westphalia, Germany",2026-08-14,https://www.linkedin.com/jobs/view/4453694717 , ,li-4453694717,fulltime,,,,,,False,mid-senior level,Quality Assurance,,,Renewable Energy Semiconductor Manufacturing,https://www.linkedin.com/company/vaillantdeutschland,,,,,,,,,,,
linkedin,R&D Electronics Test Engineer (f/m/d) Safety and EMC,Siemens,"Berlin, Berlin, Germany",2026-08-14,https://www.linkedin.com/jobs/view/4434649066 , ,li-4434649066,fulltime,,,,,,False,mid-senior level,Research,,,Automation Machinery Manufacturing,https://de.linkedin.com/company/siemens,,,,,,,,,,,
linkedin,Systems Engineer (m/w/d) ComInt und C-ESM,Saab,"Nuremberg, Bavaria, Germany",2026-08-14,https://www.linkedin.com/jobs/view/4436327512 , ,li-4436327512,fulltime,,,,,,False,not applicable,Information Technology,,,"Defense and Space Manufacturing, Security and Investigations, and IT Services and IT Consulting",https://se.linkedin.com/company/saab,,,,,,,,,,,
linkedin,Simulation Engineer – Cognitive Twin (human),NEURA Robotics,"Riederich, Baden-Württemberg, Germany",2026-08-13,https://www.linkedin.com/jobs/view/4451396953 , ,li-4451396953,fulltime,,,,,,False,mid-senior level,Engineering and Information Technology,,,Automation Machinery Manufacturing,https://de.linkedin.com/company/neura-robotics,,,,,,,,,,,
linkedin,Controls/SCADA Engineer (m/w/d),Fluence,"Berlin, Berlin, Germany",2026-08-13,https://www.linkedin.com/jobs/view/4453695262 , ,li-4453695262,fulltime,,,,,,True,entry level,Engineering and Information Technology,,,Renewable Energy Semiconductor Manufacturing,https://www.linkedin.com/company/fluenceenergy,,,,,,,,,,,
linkedin,AI Engineer – Human-to-Robot Learning (Mensch),NEURA Robotics,"Riederich, Baden-Württemberg, Germany",2026-08-13,https://www.linkedin.com/jobs/view/4450776301 , ,li-4450776301,fulltime,,,,,,False,mid-senior level,Engineering and Information Technology,,,Automation Machinery Manufacturing,https://de.linkedin.com/company/neura-robotics,,,,,,,,,,,
linkedin,System Engineer (m/f/x) – Satellite Modems,WORK Microwave,"Holzkirchen, Bavaria, Germany",2026-08-13,https://www.linkedin.com/jobs/view/4453247461 , ,li-4453247461,fulltime,,,,,,False,mid-senior level,Information Technology,,,Computers and Electronics Manufacturing,https://de.linkedin.com/company/work-microwave-gmbh,,,,,,,,,,,
linkedin,Elektronikentwickler für IR-Sensorsysteme m/w/d,InfraTec GmbH Infrarotsensorik und Messtechnik,"Dresden, Saxony, Germany",2026-08-13,https://www.linkedin.com/jobs/view/4450498188 , ,li-4450498188,fulltime,,,,,,False,entry level,Engineering,,,"Appliances, Electrical, and Electronics Manufacturing",https://de.linkedin.com/company/infratec-gmbh-infrarotsensorik-und-messtechnik,,,,,,,,,,,
linkedin,"Principal Audio Software Engineer, DSP (m/f/d)",HARMAN International,"Garching, Bavaria, Germany",2026-08-13,https://www.linkedin.com/jobs/view/4441546370 , ,li-4441546370,fulltime,,,,,,False,mid-senior level,Engineering and Information Technology,,harmancareers@harman.com,Computers and Electronics Manufacturing,https://www.linkedin.com/company/harman-international,,,,,,,,,,,
linkedin,"Testengineer (m/w/d) fixed-termin, 2 years",Groupe SEB,"Geislingen an der Steige, Baden-Württemberg, Germany",2026-08-13,https://www.linkedin.com/jobs/view/4454074392 , ,li-4454074392,fulltime,,,,,,False,not applicable,Engineering and Information Technology,,,Manufacturing,https://fr.linkedin.com/company/groupe-seb,,,,,,,,,,,
linkedin,Simulation Engineer – Cognitive Twin (Mensch),NEURA Robotics,"Riederich, Baden-Württemberg, Germany",2026-08-13,https://www.linkedin.com/jobs/view/4451507323 , ,li-4451507323,fulltime,,,,,,False,mid-senior level,Engineering and Information Technology,,,Automation Machinery Manufacturing,https://de.linkedin.com/company/neura-robotics,,,,,,,,,,,
linkedin,FPGA Engineer,planqc,"Garching, Bavaria, Germany",2026-08-13,https://www.linkedin.com/jobs/view/4450460274 , ,li-4450460274,fulltime,,,,,,False,associate,Science,,,Software Development,https://de.linkedin.com/company/planqc,,,,,,,,,,,
linkedin,Video Research Engineer (Multiple Levels),Qualcomm,"Munich, Bavaria, Germany",2026-08-13,https://www.linkedin.com/jobs/view/4443147620 , ,li-4443147620,fulltime,,,,,,False,not applicable,Other,,-accomodations@qualcomm.com,Semiconductor Manufacturing,https://www.linkedin.com/company/qualcomm,,,,,,,,,,,
linkedin,Software Integration Engineer (d/m/f),Airbus Defence and Space,"Manching, Bavaria, Germany",2026-08-13,https://www.linkedin.com/jobs/view/4423170715 , ,li-4423170715,fulltime,,,,,,False,entry level,Quality Assurance,,emsom@airbus.com,Defense and Space Manufacturing,https://www.linkedin.com/company/airbus-defence-and-space,,,,,,,,,,,
linkedin,Forward Deployed Engineer,Tacto,"Munich, Bavaria, Germany",2026-08-13,https://www.linkedin.com/jobs/view/4453609706 , ,li-4453609706,fulltime,,,,,,False,entry level,Engineering and Information Technology,,,Software Development,https://de.linkedin.com/company/tactotechnology,,,,,,,,,,,
linkedin,Test & Validation Engineer,Nokia,"Nuremberg, Bavaria, Germany",2026-08-13,https://www.linkedin.com/jobs/view/4405175168 , ,li-4405175168,fulltime,,,,,,False,not applicable,Quality Assurance,,,IT Services and IT Consulting and Telecommunications,https://fi.linkedin.com/company/nokia,,,,,,,,,,,
linkedin,Software Engineer Aerospace Test & Verifikation (m/w/d),Liebherr Aerospace and Transportation,"Ulm, Baden-Württemberg, Germany",2026-08-13,https://www.linkedin.com/jobs/view/4443818745 , ,li-4443818745,fulltime,,,,,,False,mid-senior level,Engineering and Information Technology,,,Industrial Machinery Manufacturing,https://fr.linkedin.com/company/liebherr-aerospace-and-transportation,,,,,,,,,,,
linkedin,System Engineer (m/w/d) 2 Jahre befristet,WMF Professional Coffee Machines,"Geislingen an der Steige, Baden-Württemberg, Germany",2026-08-13,https://www.linkedin.com/jobs/view/4454307152 , ,li-4454307152,fulltime,,,,,,False,associate,Information Technology,,,Manufacturing,https://de.linkedin.com/company/wmf-professional-coffee-machines,,,,,,,,,,,
linkedin,Associate Field Applications Engineer,"Monolithic Power Systems, Inc.","Ettenheim, Baden-Württemberg, Germany",2026-08-13,https://www.linkedin.com/jobs/view/4443980035 , ,li-4443980035,fulltime,,,,,,False,entry level,Sales and Business Development,,,Semiconductor Manufacturing,https://www.linkedin.com/company/monolithic-power-systems,,,,,,,,,,,
linkedin,Software Engineer II (C++),Cadence,"Feldkirchen, Bavaria, Germany",2026-08-13,https://www.linkedin.com/jobs/view/4443170586 , ,li-4443170586,fulltime,,,,,,False,entry level,Engineering and Information Technology,,,Software Development,https://www.linkedin.com/company/cadence,,,,,,,,,,,
linkedin,Site Reliability Engineer - Data Platform,N26,"Berlin, Germany",2026-08-13,https://www.linkedin.com/jobs/view/4424755749 , ,li-4424755749,fulltime,,,,,,True,mid-senior level,Engineering and Information Technology,,,Financial Services,https://de.linkedin.com/company/n26,,,,,,,,,,,
linkedin,Senior Electromagnetic Simulation Engineer (Magnetics & RF) (f/m/d),QuantumDiamonds,"Munich, Bavaria, Germany",2026-08-13,https://www.linkedin.com/jobs/view/4446049377 , ,li-4446049377,fulltime,,,,,,False,associate,Engineering,,,Software Development,https://de.linkedin.com/company/quantumdiamonds,,,,,,,,,,,
linkedin,Anwendungsingenieur:in,Volz Servos,"Offenbach, Hesse, Germany",2026-08-13,https://www.linkedin.com/jobs/view/4454021885 , ,li-4454021885,fulltime,,,,,,False,associate,Engineering,,,Aviation and Aerospace Component Manufacturing,https://de.linkedin.com/company/volz-servos,,,,,,,,,,,
linkedin,"Software Development Engineer, Fire TV",Amazon,"Berlin, Germany",2026-08-13,https://www.linkedin.com/jobs/view/4453605578 , ,li-4453605578,fulltime,,,,,,False,mid-senior level,Administrative,,,Software Development,https://www.linkedin.com/company/amazon,,,,,,,,,,,
linkedin,Senior In-Vehicle Networking EMC System Engineer (f/m/d),NXP Semiconductors,"Hamburg, Hamburg, Germany",2026-08-13,https://www.linkedin.com/jobs/view/4443927286 , ,li-4443927286,fulltime,,,,,,False,mid-senior level,Information Technology,,,"Semiconductor Manufacturing, Computers and Electronics Manufacturing, and Software Development",https://nl.linkedin.com/company/nxp-semiconductors,,,,,,,,,,,
linkedin,Senior Analog & Mixed-Signal Modelling Architect,Ciena,,2026-08-13,https://www.linkedin.com/jobs/view/4418216358 , ,li-4418216358,fulltime,,,,,,False,mid-senior level,"Design, Art/Creative, and Information Technology",,,Telecommunications,https://www.linkedin.com/company/ciena,,,,,,,,,,,
linkedin,Firmware Engineer (f/m/d) for Embedded / Automotive / ASIP RISC‑-V,Renesas Electronics,"Germering, Bavaria, Germany",2026-08-13,https://www.linkedin.com/jobs/view/4436354185 , ,li-4436354185,fulltime,,,,,,True,mid-senior level,Manufacturing,,,Semiconductor Manufacturing,https://jp.linkedin.com/company/renesas,,,,,,,,,,,
linkedin,Sr RF Filter Design Engineer (m/f/d),"Qorvo, Inc.","Munich, Bavaria, Germany",2026-08-13,https://www.linkedin.com/jobs/view/4454067771 , ,li-4454067771,fulltime,,,,,,False,not applicable,Engineering and Information Technology,,,"Computers and Electronics Manufacturing, Semiconductor Manufacturing, and Wireless Services",https://www.linkedin.com/company/qorvo,,,,,,,,,,,
linkedin,Staff RF Filter Design Engineer (m/f/d),"Qorvo, Inc.","Munich, Bavaria, Germany",2026-08-13,https://www.linkedin.com/jobs/view/4454083605 , ,li-4454083605,fulltime,,,,,,False,not applicable,Engineering and Information Technology,,,"Computers and Electronics Manufacturing, Semiconductor Manufacturing, and Wireless Services",https://www.linkedin.com/company/qorvo,,,,,,,,,,,
linkedin,Software Engineer (m/w/d) 2 Jahre befristet,WMF Professional Coffee Machines,"Geislingen an der Steige, Baden-Württemberg, Germany",2026-08-13,https://www.linkedin.com/jobs/view/4454310005 , ,li-4454310005,fulltime,,,,,,False,associate,Engineering and Information Technology,,,Manufacturing,https://de.linkedin.com/company/wmf-professional-coffee-machines,,,,,,,,,,,
linkedin,Hardwareentwickler (m/w/d),Oehmichen & Bürgers Industrieplanung GmbH,"Düsseldorf, North Rhine-Westphalia, Germany",2026-08-13,https://www.linkedin.com/jobs/view/4453680982 , ,li-4453680982,fulltime,,,,,,False,entry level,Engineering and Information Technology,,,Engineering Services,https://de.linkedin.com/company/oub,,,,,,,,,,,
linkedin,"Software Engineer (m/w/d) fixed-termin, 2 years",Groupe SEB,"Geislingen an der Steige, Baden-Württemberg, Germany",2026-08-13,https://www.linkedin.com/jobs/view/4454072414 , ,li-4454072414,fulltime,,,,,,False,not applicable,Engineering and Information Technology,,,Manufacturing,https://fr.linkedin.com/company/groupe-seb,,,,,,,,,,,
linkedin,Hardware Entwickler (m/w/d),ENTRAK GmbH,,2026-08-13,https://www.linkedin.com/jobs/view/4450490657 , ,li-4450490657,fulltime,,,,,,False,entry level,Engineering and Information Technology,,,Aviation and Aerospace Component Manufacturing,https://de.linkedin.com/company/entrak-gmbh-&-co-kg,,,,,,,,,,,
linkedin,Senior Electronics Developer - Power Electronics (m/w/x),K-tronik GmbH,"Nuremberg, Bavaria, Germany",2026-08-13,https://www.linkedin.com/jobs/view/4450816226 , ,li-4450816226,fulltime,,,,,,False,associate,Engineering,,,IT Services and IT Consulting,https://de.linkedin.com/company/k-tronik-gmbh,,,,,,,,,,,
linkedin,Entwicklungsingenieur Elektronik (m/w/d) Sensoren,ProMinent Group,"Heidelberg, Baden-Württemberg, Germany",2026-08-13,https://www.linkedin.com/jobs/view/4435861035 , ,li-4435861035,fulltime,,,,,,False,entry level,Engineering and Information Technology,,Bewerbungen@prominent.com,Industrial Machinery Manufacturing,https://de.linkedin.com/company/prominentgroup,,,,,,,,,,,
linkedin,Entwicklungsingenieur (m/w/d) Hardware im Bereich Digital Communication Remote Systems,Pepperl+Fuchs Group,"Mannheim, Baden-Württemberg, Germany",2026-08-13,https://www.linkedin.com/jobs/view/4450225538 , ,li-4450225538,fulltime,,,,,,True,entry level,Engineering and Information Technology,,,Automation Machinery Manufacturing,https://de.linkedin.com/company/pepperl-fuchs-group,,,,,,,,,,,
linkedin,GNC Engineer,DigiTech Search,"Munich, Bavaria, Germany",2026-08-13,https://www.linkedin.com/jobs/view/4450482622 , ,li-4450482622,fulltime,,,,,,False,mid-senior level,Engineering,,,Defense and Space Manufacturing,https://uk.linkedin.com/company/digitech-search-ltd,,,,,,,,,,,
linkedin,"Senior Manager, RF Design Engineering (m/f/d)","Qorvo, Inc.","Munich, Bavaria, Germany",2026-08-13,https://www.linkedin.com/jobs/view/4454063804 , ,li-4454063804,fulltime,,,,,,False,not applicable,Engineering and Information Technology,,,"Computers and Electronics Manufacturing, Semiconductor Manufacturing, and Wireless Services",https://www.linkedin.com/company/qorvo,,,,,,,,,,,
linkedin,Flash Layer Firmware Engineer (m/f/d),Swissbit AG,,2026-08-13,https://www.linkedin.com/jobs/view/4437364610 , ,li-4437364610,fulltime,,,,,,False,mid-senior level,Engineering and Information Technology,,,Semiconductor Manufacturing,https://ch.linkedin.com/company/swissbit-ag,,,,,,,,,,,
linkedin,Hands on Wafer Test Engineer (m/f/d) Teradyne/AV93000,Harvey Nash,"Böblingen, Baden-Württemberg, Germany",2026-08-13,https://www.linkedin.com/jobs/view/4452913341 , ,li-4452913341,fulltime,,,,,,False,associate,Engineering,,aspasia.joannidou@nashdirect.de,Semiconductor Manufacturing,https://uk.linkedin.com/company/harvey-nash,,,,,,,,,,,
linkedin,IoT Platform Engineer - Energy Systems (f/m/d),FION Energy,"Berlin, Berlin, Germany",2026-08-13,https://www.linkedin.com/jobs/view/4450432111 , ,li-4450432111,fulltime,,,,,,True,associate,Information Technology,,,Renewable Energy Semiconductor Manufacturing,https://de.linkedin.com/company/fion-energy,,,,,,,,,,,
linkedin,Engineer (m/w/d) für Electrical Power Engineering / High Voltage Technology,Wabtec Corporation,"Schüttorf, Lower Saxony, Germany",2026-08-13,https://www.linkedin.com/jobs/view/4437743842 , ,li-4437743842,fulltime,,,,,,False,entry level,Engineering,,,Railroad Equipment Manufacturing,https://www.linkedin.com/company/wabtec-corporation,,,,,,,,,,,
linkedin,Substation Engineer (all genders),Skyborn Renewables,"Hamburg, Hamburg, Germany",2026-08-13,https://www.linkedin.com/jobs/view/4454086568 , ,li-4454086568,fulltime,,,,,,False,mid-senior level,Other,,,Wind Electric Power Generation,https://de.linkedin.com/company/skyborn-renewables,,,,,,,,,,,
linkedin,Design Engineer,Stirling Dynamics,"Hamburg, Hamburg, Germany",2026-08-13,https://www.linkedin.com/jobs/view/4441063502 , ,li-4441063502,fulltime,,,,,,True,entry level,Engineering and Information Technology,,,Aviation and Aerospace Component Manufacturing,https://uk.linkedin.com/company/stirling-dynamics,,,,,,,,,,,
linkedin,"System Engineer für Entwicklungsprojekte, all genders",SALT AND PEPPER Group,"Osnabrück, Lower Saxony, Germany",2026-08-13,https://www.linkedin.com/jobs/view/4453204313 , ,li-4453204313,fulltime,,,,,,False,entry level,Information Technology,,,Engineering Services,https://de.linkedin.com/company/salt-and-pepper,,,,,,,,,,,
linkedin,Entwicklungsingenieur Leistungselektronik (m/w/d),AIP SERVICES GmbH,"Altenstadt, Hesse, Germany",2026-08-13,https://www.linkedin.com/jobs/view/4452956054 , ,li-4452956054,fulltime,,,,,,False,mid-senior level,Engineering,,,Retail,https://de.linkedin.com/company/metrica-services-gmbh,,,,,,,,,,,
linkedin,Senior Hardware Entwickler M&D-Systeme (m/w/d),Prime Engineering Germany,"Karlstein am Main, Bavaria, Germany",2026-08-13,https://www.linkedin.com/jobs/view/4454020475 , ,li-4454020475,fulltime,,,,,,False,associate,Engineering and Information Technology,,,Energy Technology,https://de.linkedin.com/company/prime-engineering-germany,,,,,,,,,,,
linkedin,System Integration Engineer (all genders),DEVELOGIC,"Hamburg, Hamburg, Germany",2026-08-13,https://www.linkedin.com/jobs/view/4452769951 , ,li-4452769951,fulltime,,,,,,True,entry level,Engineering,,,Maritime Transportation,https://de.linkedin.com/company/develogic,,,,,,,,,,,
linkedin,System Engineer (m/f/x) – Satellite Modems,WORK Microwave Inc.,"Holzkirchen, Bavaria, Germany",2026-08-13,https://www.linkedin.com/jobs/view/4454055844 , ,li-4454055844,fulltime,,,,,,False,mid-senior level,Information Technology,,,Satellite Telecommunications,https://www.linkedin.com/company/work-microwave-inc,,,,,,,,,,,
linkedin,IT Product Developer & Tester,PAJ GPS,"Windeck, North Rhine-Westphalia, Germany",2026-08-13,https://www.linkedin.com/jobs/view/4450475611 , ,li-4450475611,fulltime,,,,,,False,associate,Other,,,Computer Hardware Manufacturing,https://www.linkedin.com/company/paj-gps,,,,,,,,,,,
linkedin,Technischer Supportingenieur,Volz Servos,"Offenbach, Hesse, Germany",2026-08-13,https://www.linkedin.com/jobs/view/4454026914 , ,li-4454026914,fulltime,,,,,,False,associate,Engineering,,,Aviation and Aerospace Component Manufacturing,https://de.linkedin.com/company/volz-servos,,,,,,,,,,,
linkedin,Software Dev Engineer,Amazon Web Services (AWS),"Berlin, Berlin, Germany",2026-08-13,https://www.linkedin.com/jobs/view/4443959546 , ,li-4443959546,fulltime,,,,,,False,not applicable,"Information Technology, Consulting, and Engineering",,,IT Services and IT Consulting,https://www.linkedin.com/company/amazon-web-services,,,,,,,,,,,
linkedin,PLD Hardware / FPGA Developer (m/f/d) Programmable Logic Device / Field Applications,Liebherr Aerospace and Transportation,"Ulm, Baden-Württemberg, Germany",2026-08-13,https://www.linkedin.com/jobs/view/4453202959 , ,li-4453202959,fulltime,,,,,,False,entry level,Engineering and Information Technology,,,Industrial Machinery Manufacturing,https://fr.linkedin.com/company/liebherr-aerospace-and-transportation,,,,,,,,,,,
linkedin,Produktentwickler Steuerungstechnik - Schwerpunkt Programmierung und Robotik (m/w/d),HOMAG,"St. Johann, Baden-Württemberg, Germany",2026-08-13,https://www.linkedin.com/jobs/view/4444334344 , ,li-4444334344,fulltime,,,,,,False,mid-senior level,Product Management and Marketing,,,Machinery Manufacturing,https://de.linkedin.com/company/homag,,,,,,,,,,,
linkedin,Head of Engineering,Instaffo,"Altenburg, Thuringia, Germany",2026-08-13,https://www.linkedin.com/jobs/view/4444206067 , ,li-4444206067,fulltime,,,,,,False,mid-senior level,Product Management and Management,,,Staffing and Recruiting,https://de.linkedin.com/company/instaffo-gmbh,,,,,,,,,,,
linkedin,Controls/SCADA Engineer (m/w/d),Fluence,"Erlangen, Bavaria, Germany",2026-08-13,https://www.linkedin.com/jobs/view/4454012103 , ,li-4454012103,fulltime,,,,,,True,entry level,Engineering and Information Technology,,,Renewable Energy Semiconductor Manufacturing,https://www.linkedin.com/company/fluenceenergy,,,,,,,,,,,
linkedin,Electromechanical Engineer (m/w/d),Hager Deutschland,"Blieskastel, Saarland, Germany",2026-08-13,https://www.linkedin.com/jobs/view/4444271947 , ,li-4444271947,fulltime,,,,,,False,mid-senior level,Engineering and Information Technology,,,"Appliances, Electrical, and Electronics Manufacturing",https://de.linkedin.com/company/hagerdeutschland,,,,,,,,,,,
linkedin,"System Engineer (m/w/d) fixed-termin, 2 years",Groupe SEB,"Geislingen an der Steige, Baden-Württemberg, Germany",2026-08-13,https://www.linkedin.com/jobs/view/4454072415 , ,li-4454072415,fulltime,,,,,,False,not applicable,Information Technology,,,Manufacturing,https://fr.linkedin.com/company/groupe-seb,,,,,,,,,,,
linkedin,Entwickler Automatisierungstechnik (m/w/d),Rocken®,"Osnabrück, Lower Saxony, Germany",2026-08-13,https://www.linkedin.com/jobs/view/4453223400 , ,li-4453223400,fulltime,,,,,,True,mid-senior level,Engineering and Information Technology,,,Internet Publishing,https://ch.linkedin.com/company/rockenjobs,,,,,,,,,,,
linkedin,Variantenkonstrukteur (m/w/d) Elektrotechnik,TK Elevator,"Hamburg, Hamburg, Germany",2026-08-13,https://www.linkedin.com/jobs/view/4452967819 , ,li-4452967819,fulltime,,,,,,False,mid-senior level,Manufacturing,,hrservicessce@tkelevator.com,"Machinery Manufacturing, Facilities Services, and Construction",https://de.linkedin.com/company/tke-global,,,,,,,,,,,
linkedin,Electronic Hardware Design Engineer (w/m/d),Luxoft Germany,,2026-08-13,https://www.linkedin.com/jobs/view/4454060404 , ,li-4454060404,fulltime,,,,,,False,mid-senior level,Engineering,,,IT Services and IT Consulting,https://de.linkedin.com/company/luxoft-germany,,,,,,,,,,,
linkedin,Test Engineer (m/w/d) Electrification HV,SEG Automotive,"Stuttgart, Baden-Württemberg, Germany",2026-08-13,https://www.linkedin.com/jobs/view/4446802409 , ,li-4446802409,fulltime,,,,,,False,associate,Engineering,,,Motor Vehicle Parts Manufacturing,https://de.linkedin.com/company/segautomotive,,,,,,,,,,,
linkedin,Software Engineer,JD.COM,"Düsseldorf, North Rhine-Westphalia, Germany",2026-08-13,https://www.linkedin.com/jobs/view/4435120679 , ,li-4435120679,fulltime,,,,,,False,mid-senior level,Engineering and Information Technology,,,Software Development,https://cn.linkedin.com/company/jd.com,,,,,,,,,,,
linkedin,Senior Staff Digital Field Applications Engineer for EMEA Automotive (f/m/d),Renesas Electronics,"Munich, Bavaria, Germany",2026-08-13,https://www.linkedin.com/jobs/view/4454011254 , ,li-4454011254,fulltime,,,,,,False,mid-senior level,Manufacturing,,,Semiconductor Manufacturing,https://jp.linkedin.com/company/renesas,,,,,,,,,,,
linkedin,SATCOM Network System Engineer (d/m/w),Airbus Defence and Space,"Munich, Bavaria, Germany",2026-08-13,https://www.linkedin.com/jobs/view/4450460388 , ,li-4450460388,parttime,,,,,,True,mid-senior level,Information Technology,,emsom@airbus.com,Defense and Space Manufacturing,https://www.linkedin.com/company/airbus-defence-and-space,,,,,,,,,,,
linkedin,Hardware & Layout Engineer (m/w/d),Diehl Controls,"Wangen im Allgäu, Baden-Württemberg, Germany",2026-08-12,https://www.linkedin.com/jobs/view/4452419449 , ,li-4452419449,fulltime,,,,,,False,entry level,Engineering and Information Technology,,,"Appliances, Electrical, and Electronics Manufacturing",https://de.linkedin.com/company/diehl-controls,,,,,,,,,,,
linkedin,Masterand (a) Materialcharakterisierung mit dem Vector Network Analyzer (VNA) für mmWellen-Anwendungen,Baumer Group,"Stockach, Baden-Württemberg, Germany",2026-08-12,https://www.linkedin.com/jobs/view/4451968626 , ,li-4451968626,fulltime,,,,,,False,internship,Engineering,,,Automation Machinery Manufacturing,https://ch.linkedin.com/company/baumer-group,,,,,,,,,,,
linkedin,Multi-Disciplined Engineer III,V2X Inc,"Hohenfels, Bavaria, Germany",2026-08-12,https://www.linkedin.com/jobs/view/4442250708 , ,li-4442250708,fulltime,,,,,,False,mid-senior level,Engineering and Information Technology,,,Defense and Space Manufacturing,https://www.linkedin.com/company/v2x-inc,,,,,,,,,,,
linkedin,Senior RF Engineer II,CesiumAstro,"Munich, Bavaria, Germany",2026-08-12,https://www.linkedin.com/jobs/view/4443529723 , ,li-4443529723,fulltime,,,,,,False,mid-senior level,Engineering and Information Technology,,,Defense and Space Manufacturing,https://www.linkedin.com/company/cesiumastro,,,,,,,,,,,
linkedin,Design Engineer (m/f/d),NAXCON GROUP,"Düsseldorf, North Rhine-Westphalia, Germany",2026-08-12,https://www.linkedin.com/jobs/view/4453383219 , ,li-4453383219,fulltime,,,,,,False,mid-senior level,Engineering and Information Technology,,,IT Services and IT Consulting,https://de.linkedin.com/company/naxcon,,,,,,,,,,,
linkedin,Elektrokonstrukteur,Delve Search - Global Search Consultants,"Bodenseekreis, Baden-Württemberg, Germany",2026-08-12,https://www.linkedin.com/jobs/view/4450153494 , ,li-4450153494,fulltime,,,,,,False,mid-senior level,Engineering,,,"Automation Machinery Manufacturing, Machinery Manufacturing, and Industrial Machinery Manufacturing",https://uk.linkedin.com/company/delverecruitment,,,,,,,,,,,
linkedin,Elektronikentwickler Soft- & Hardware,pi safety components GmbH & Co. KG,"Nuremberg, Bavaria, Germany",2026-08-12,https://www.linkedin.com/jobs/view/4453052657 , ,li-4453052657,fulltime,,,,,,False,entry level,Engineering,,,Computers and Electronics Manufacturing,https://de.linkedin.com/company/pi-safety-components-gmbh-co-kg,,,,,,,,,,,
linkedin,Senior Analog/Mixed-Signal IC Designer Automotive (f/m/div.),Bosch,"Reutlingen, Baden-Württemberg, Germany",2026-08-12,https://www.linkedin.com/jobs/view/4452391125 , ,li-4452391125,fulltime,,,,,,False,associate,Design,,,Automotive,https://de.linkedin.com/company/bosch,,,,,,,,,,,
linkedin,Senior Staff Field Applications Engineer (f/m/d),Renesas Electronics,"Munich, Bavaria, Germany",2026-08-12,https://www.linkedin.com/jobs/view/4426351137 , ,li-4426351137,fulltime,,,,,,True,mid-senior level,Manufacturing,,,Semiconductor Manufacturing,https://jp.linkedin.com/company/renesas,,,,,,,,,,,
linkedin,RF/Analog IC Layout Engineer (m/f/d),Apple,"Munich, Bavaria, Germany",2026-08-12,https://www.linkedin.com/jobs/view/4453012965 , ,li-4453012965,fulltime,,,,,,False,mid-senior level,Engineering and Information Technology,,,Computers and Electronics Manufacturing,https://www.linkedin.com/company/apple,,,,,,,,,,,
linkedin,Entwickler für analoge Hardware (m/w/d),K-tronik GmbH,"Munich, Bavaria, Germany",2026-08-12,https://www.linkedin.com/jobs/view/4450110531 , ,li-4450110531,fulltime,,,,,,False,associate,Engineering,,,IT Services and IT Consulting,https://de.linkedin.com/company/k-tronik-gmbh,,,,,,,,,,,
linkedin,Application Engineer,AXONNE,"Hamburg, Germany",2026-08-12,https://www.linkedin.com/jobs/view/4450158896 , ,li-4450158896,fulltime,,,,,,False,associate,Engineering,,,Semiconductor Manufacturing and Computer Networking Products,https://www.linkedin.com/company/axonne,,,,,,,,,,,
linkedin,"Entwicklungsingenieur Hardware, all genders",SALT AND PEPPER Group,"Osnabrück, Lower Saxony, Germany",2026-08-12,https://www.linkedin.com/jobs/view/4069341891 , ,li-4069341891,fulltime,,,,,,False,entry level,Engineering and Information Technology,,,Engineering Services,https://de.linkedin.com/company/salt-and-pepper,,,,,,,,,,,
linkedin,Junior PCB & Electrical Systems Engineer,Zellerfeld Shoe Company Inc.,"Hamburg, Hamburg, Germany",2026-08-12,https://www.linkedin.com/jobs/view/4453066966 , ,li-4453066966,fulltime,,,,,,False,entry level,Engineering and Information Technology,,,Retail Apparel and Fashion,https://de.linkedin.com/company/zellerfeld-inc,,,,,,,,,,,
linkedin,Power Electronics Engineer (all genders),Philips,"Hamburg, Hamburg, Germany",2026-08-12,https://www.linkedin.com/jobs/view/4452711944 , ,li-4452711944,fulltime,,,,,,False,mid-senior level,Engineering and Information Technology,,,Hospitals and Health Care,https://nl.linkedin.com/company/philips,,,,,,,,,,,
linkedin,Software Engineer — Agent Guardrails,European Tech Recruit,,2026-08-12,https://www.linkedin.com/jobs/view/4453075923 , ,li-4453075923,fulltime,,,,,,True,mid-senior level,"Engineering, Information Technology, and Other",,,"Software Development, Computer and Network Security, and Security and Investigations",https://uk.linkedin.com/company/european-tech-recruit,,,,,,,,,,,
linkedin,System Engineer (m/w/d),Glamox,"Seevetal, Lower Saxony, Germany",2026-08-12,https://www.linkedin.com/jobs/view/4452751331 , ,li-4452751331,fulltime,,,,,,False,entry level,Information Technology,,,"Appliances, Electrical, and Electronics Manufacturing",https://no.linkedin.com/company/glamox,,,,,,,,,,,
linkedin,Senior Antenna Technology Developer (m/f/d),Ericsson,"Rosenheim, Bavaria, Germany",2026-08-12,https://www.linkedin.com/jobs/view/4433682076 , ,li-4433682076,fulltime,,,,,,False,not applicable,Other,,,Telecommunications,https://se.linkedin.com/company/ericsson,,,,,,,,,,,
linkedin,Full Stack Engineer,Strativ Group,"Constance, Baden-Württemberg, Germany",2026-08-12,https://www.linkedin.com/jobs/view/4453082301 , ,li-4453082301,fulltime,,,,,,False,mid-senior level,Information Technology,,,"Aviation and Aerospace Component Manufacturing, Software Development, and IT System Custom Software Development",https://uk.linkedin.com/company/strativgroup,,,,,,,,,,,
linkedin,Application Engineer for ADAS,T&S (Technology & Strategy),,2026-08-12,https://www.linkedin.com/jobs/view/4453140673 , ,li-4453140673,fulltime,,,,,,False,associate,Engineering,,,Engineering Services,https://fr.linkedin.com/company/technology-&-strategy-t&s-,,,,,,,,,,,
linkedin,Electronics Engineer (m/f/d),Agile Robots SE,"Munich, Bavaria, Germany",2026-08-12,https://www.linkedin.com/jobs/view/4450170091 , ,li-4450170091,fulltime,,,,,,False,entry level,Engineering,,,"Robotics Engineering, Robot Manufacturing, and Software Development",https://de.linkedin.com/company/agile-robots-se,,,,,,,,,,,
linkedin,Embedded Linux Entwickler (m/w/d),in-tech GmbH,"Munich, Bavaria, Germany",2026-08-12,https://www.linkedin.com/jobs/view/4438257476 , ,li-4438257476,fulltime,,,,,,False,mid-senior level,Engineering and Information Technology,,,IT Services and IT Consulting,https://de.linkedin.com/company/in-tech-gmbh,,,,,,,,,,,
linkedin,Embedded Software Engineer FCS & FMS (f/m/d),Airbus Defence and Space,"Manching, Bavaria, Germany",2026-08-12,https://www.linkedin.com/jobs/view/4453002690 , ,li-4453002690,parttime,,,,,,False,mid-senior level,Engineering and Information Technology,,emsom@airbus.com,Defense and Space Manufacturing,https://www.linkedin.com/company/airbus-defence-and-space,,,,,,,,,,,
linkedin,OS Engineer (m/f/d),EGYM | DACH,"Munich, Bavaria, Germany",2026-08-12,https://www.linkedin.com/jobs/view/4453140185 , ,li-4453140185,fulltime,,,,,,False,mid-senior level,Engineering and Information Technology,,hiring@egym.com,Wellness and Fitness Services,https://de.linkedin.com/company/egym-gmbh,,,,,,,,,,,
linkedin,OS Engineer (m/f/d),EGYM,"Munich, Bavaria, Germany",2026-08-12,https://www.linkedin.com/jobs/view/4453057830 , ,li-4453057830,fulltime,,,,,,False,mid-senior level,Engineering and Information Technology,,hiring@egym.com,Wellness and Fitness Services,https://www.linkedin.com/company/egym-global,,,,,,,,,,,
linkedin,Prüfingenieur Norm- und Hardwareprüfungen (m/w/d),Insta GmbH,"Lüdenscheid, North Rhine-Westphalia, Germany",2026-08-12,https://www.linkedin.com/jobs/view/4450113763 , ,li-4450113763,fulltime,,,,,,False,associate,Engineering,,karriere@insta.de,"Appliances, Electrical, and Electronics Manufacturing",https://de.linkedin.com/company/insta-gmbh,,,,,,,,,,,
linkedin,Application Engineer – Ethernet Products (f/m/d),NXP Semiconductors,"Hamburg, Hamburg, Germany",2026-08-12,https://www.linkedin.com/jobs/view/4434480852 , ,li-4434480852,fulltime,,,,,,False,mid-senior level,Engineering and Information Technology,,,"Semiconductor Manufacturing, Computers and Electronics Manufacturing, and Software Development",https://nl.linkedin.com/company/nxp-semiconductors,,,,,,,,,,,
linkedin,Engineering Expert – Post-Processing Technology (Washing & Drying),Zellerfeld Shoe Company Inc.,"Hamburg, Hamburg, Germany",2026-08-12,https://www.linkedin.com/jobs/view/4453059994 , ,li-4453059994,fulltime,,,,,,False,mid-senior level,Other,,,Retail Apparel and Fashion,https://de.linkedin.com/company/zellerfeld-inc,,,,,,,,,,,
linkedin,RISC-V CPU Compiler Engineer,Qualcomm,"Munich, Bavaria, Germany",2026-08-12,https://www.linkedin.com/jobs/view/4442631982 , ,li-4442631982,fulltime,,,,,,False,not applicable,Other,,-accomodations@qualcomm.com,Semiconductor Manufacturing,https://www.linkedin.com/company/qualcomm,,,,,,,,,,,
linkedin,Forward Deployed Engineer (US/Defense),context/fab,"Munich, Bavaria, Germany",2026-08-12,https://www.linkedin.com/jobs/view/4452705383 , ,li-4452705383,fulltime,,,,,,False,entry level,Engineering and Information Technology,,,"Technology, Information and Internet",https://de.linkedin.com/company/contextfab,,,,,,,,,,,
linkedin,Process Data & Analytics Engineer (m/w/d),Fressnapf Deutschland,"Krefeld, North Rhine-Westphalia, Germany",2026-08-12,https://www.linkedin.com/jobs/view/4450180074 , ,li-4450180074,fulltime,,,,,,False,mid-senior level,Information Technology,,,Retail,https://de.linkedin.com/company/fressnapf-holding-se,,,,,,,,,,,
linkedin,Industrial Systems Engineer (f/m/d) – Supplier Development,Siemens Energy,"Berlin, Berlin, Germany",2026-08-12,https://www.linkedin.com/jobs/view/4451963168 , ,li-4451963168,fulltime,,,,,,True,mid-senior level,Project Management,,,"Appliances, Electrical, and Electronics Manufacturing",https://www.linkedin.com/company/siemens-energy,,,,,,,,,,,
linkedin,Senior Data Engineer - Streaming Analytics (f/m/d),Volkswagen Group,"Ingolstadt, Bavaria, Germany",2026-08-12,https://www.linkedin.com/jobs/view/4452721884 , ,li-4452721884,temporary,,,,,,True,mid-senior level,Information Technology,,"careers@cariad.technology, careers@cariad.technology",Motor Vehicle Manufacturing,https://de.linkedin.com/company/volkswagen-group,,,,,,,,,,,
linkedin,Embedded Security Software Engineer,European Tech Recruit,"Munich, Bavaria, Germany",2026-08-12,https://www.linkedin.com/jobs/view/4453150016 , ,li-4453150016,contract,,,,,,True,mid-senior level,Engineering,,,IT System Testing and Evaluation,https://uk.linkedin.com/company/european-tech-recruit,,,,,,,,,,,
linkedin,ML Engineer - 3D Geometry for CAD (m/w/d),Kyrall,"Munich, Bavaria, Germany",2026-08-12,https://www.linkedin.com/jobs/view/4453361441 , ,li-4453361441,fulltime,,,,,,False,entry level,Engineering and Information Technology,,,Software Development,https://www.linkedin.com/company/kyrall,,,,,,,,,,,
linkedin,Senior Machine Learning Engineer,Just Eat Takeaway.com,"Berlin, Berlin, Germany",2026-08-12,https://www.linkedin.com/jobs/view/4422236006 , ,li-4422236006,fulltime,,,,,,False,not applicable,Engineering and Information Technology,,,Software Development,https://nl.linkedin.com/company/just-eat-takeaway-com,,,,,,,,,,,
linkedin,Systemingenieur (m/w/d) für Signalerfassungssysteme,Rohde & Schwarz,"Teisnach, Bavaria, Germany",2026-08-12,https://www.linkedin.com/jobs/view/4448993350 , ,li-4448993350,fulltime,,,,,,False,not applicable,Information Technology,,,Telecommunications,https://de.linkedin.com/company/rohde-schwarz,,,,,,,,,,,
linkedin,"Quantum Engineer, Gates",IQM Quantum Computers,"Munich, Bavaria, Germany",2026-08-12,https://www.linkedin.com/jobs/view/4443914812 , ,li-4443914812,fulltime,,,,,,False,mid-senior level,Engineering and Information Technology,,,Computer Hardware Manufacturing,https://fi.linkedin.com/company/iqm-quantum-computers,,,,,,,,,,,
linkedin,"Forward Deployed Geospatial Engineer - SAR Intelligence, Berlin",ICEYE,,2026-08-12,https://www.linkedin.com/jobs/view/4435549507 , ,li-4435549507,fulltime,,,,,,True,mid-senior level,Engineering and Information Technology,,,Defense and Space Manufacturing,https://fi.linkedin.com/company/iceye,,,,,,,,,,,
linkedin,Electrical Engineer - Motor Control (m/f/d),EGYM | DACH,"Munich, Bavaria, Germany",2026-08-12,https://www.linkedin.com/jobs/view/4453086207 , ,li-4453086207,fulltime,,,,,,False,mid-senior level,Engineering and Information Technology,,hiring@egym.com,Wellness and Fitness Services,https://de.linkedin.com/company/egym-gmbh,,,,,,,,,,,
linkedin,Software Integration Engineer,Applied Intuition,"Stuttgart, Baden-Württemberg, Germany",2026-08-12,https://www.linkedin.com/jobs/view/4442680314 , ,li-4442680314,fulltime,,,,,,True,entry level,Quality Assurance,,people@applied.co,Software Development,https://www.linkedin.com/company/applied-intuition-inc,,,,,,,,,,,
linkedin,AI Engineer,Zellerfeld Shoe Company Inc.,"Hamburg, Hamburg, Germany",2026-08-12,https://www.linkedin.com/jobs/view/4453108911 , ,li-4453108911,fulltime,,,,,,False,mid-senior level,Engineering and Information Technology,,,Retail Apparel and Fashion,https://de.linkedin.com/company/zellerfeld-inc,,,,,,,,,,,
linkedin,Engineer Advanced Technology (M/F/D),Adtran,"Munich, Bavaria, Germany",2026-08-12,https://www.linkedin.com/jobs/view/4443716832 , ,li-4443716832,fulltime,,,,,,False,mid-senior level,Engineering and Information Technology,,,Telecommunications,https://www.linkedin.com/company/adtran,,,,,,,,,,,
linkedin,Flugsoftwareentwickler (m/w/d),SFB 1313 | University of Stuttgart,,2026-08-11,https://www.linkedin.com/jobs/view/4449866856 , ,li-4449866856,fulltime,,,,,,True,entry level,Other,,"srama@irs.uni, srama@irs.uni",Research,https://de.linkedin.com/company/sfb-1313,,,,,,,,,,,
linkedin,Ingenieur Fahrzeugakustik (m/w/d),EDAG Group,"Wolfsburg, Lower Saxony, Germany",2026-08-11,https://www.linkedin.com/jobs/view/4451936281 , ,li-4451936281,fulltime,,,,,,False,entry level,Engineering and Information Technology,,,Engineering Services,https://de.linkedin.com/company/edaggroup,,,,,,,,,,,
linkedin,5G Software Integration Engineer (m/f/d),RIEDEL Communications,"Wuppertal, North Rhine-Westphalia, Germany",2026-08-11,https://www.linkedin.com/jobs/view/4446788860 , ,li-4446788860,fulltime,,,,,,False,mid-senior level,Information Technology and Engineering,,,"Broadcast Media Production and Distribution, Technology, Information and Media, and Embedded Software Products",https://de.linkedin.com/company/riedel-communications,,,,,,,,,,,
linkedin,Application Software Engineer (f/m/d),Isar Aerospace,"Ottobrunn, Bavaria, Germany",2026-08-11,https://www.linkedin.com/jobs/view/4452642235 , ,li-4452642235,fulltime,,,,,,False,mid-senior level,Engineering and Information Technology,,,Aviation and Aerospace Component Manufacturing,https://de.linkedin.com/company/isaraerospace,,,,,,,,,,,
linkedin,Physicist as Data Scientist / Algorithm Developer in the field of EMAT (all genders welcome),ROSEN,"Lingen, Lower Saxony, Germany",2026-08-11,https://www.linkedin.com/jobs/view/4366858758 , ,li-4366858758,fulltime,,,,,,False,entry level,Engineering and Information Technology,,,Industrial Machinery Manufacturing and Oil and Gas,https://ch.linkedin.com/company/rosen,,,,,,,,,,,
linkedin,Machine Learning Engineer for Digital Manufacturing,GlobalFoundries,"Dresden, Saxony, Germany",2026-08-11,https://www.linkedin.com/jobs/view/4444787402 , ,li-4444787402,fulltime,,,,,,False,entry level,Engineering and Information Technology,,,Semiconductor Manufacturing,https://www.linkedin.com/company/globalfoundries,,,,,,,,,,,
linkedin,Embedded Software Engineer (m/f/d),Alpitronic,"Nuremberg, Bavaria, Germany",,https://www.linkedin.com/jobs/view/4385741400 , ,li-4385741400,fulltime,,,,,,False,associate,Engineering and Information Technology,,,"Appliances, Electrical, and Electronics Manufacturing",https://it.linkedin.com/company/alpitronic-srl,,,,,,,,,,,
linkedin,Embedded Linux Software Engineer (all gender),ALTEN,"Poing, Bavaria, Germany",,https://www.linkedin.com/jobs/view/4440174001 , ,li-4440174001,fulltime,,,,,,False,associate,Engineering,,,"Appliances, Electrical, and Electronics Manufacturing",https://fr.linkedin.com/company/alten,,,,,,,,,,,
linkedin,Function Developer Control Systems (m/w/d),Viessmann Climate Solutions,"Allendorf, Hesse, Germany",,https://www.linkedin.com/jobs/view/4452575416 , ,li-4452575416,fulltime,,,,,,False,mid-senior level,Engineering and Information Technology,,Carrier.Recruiting@carrier.com,Industrial Machinery Manufacturing,https://de.linkedin.com/company/viessmannclimatesolutions,,,,,,,,,,,
linkedin,Senior Software Engineer - Hardware Integration (f/m/d),Orbem,"Munich, Bavaria, Germany",,https://www.linkedin.com/jobs/view/4437749702 , ,li-4437749702,fulltime,,,,,,True,mid-senior level,Engineering and Information Technology,,,"Technology, Information and Internet",https://de.linkedin.com/company/orbem-ai,,,,,,,,,,,
linkedin,System Architect 2 8025002513,NAXCON GROUP,"Munich, Bavaria, Germany",,https://www.linkedin.com/jobs/view/4455711337 , ,li-4455711337,fulltime,,,,,,False,mid-senior level,Engineering and Information Technology,,,IT Services and IT Consulting,https://de.linkedin.com/company/naxcon,,,,,,,,,,,
linkedin,Development Engineer - Laboratory Automation & Robotics,Boehringer Ingelheim,"Biberach, Baden-Württemberg, Germany",,https://www.linkedin.com/jobs/view/4443257898 , ,li-4443257898,fulltime,,,,,,False,mid-senior level,Engineering and Information Technology,,,Pharmaceutical Manufacturing,https://de.linkedin.com/company/boehringer-ingelheim,,,,,,,,,,,
linkedin,Technical Field Engineer,Attis,"Munich, Bavaria, Germany",,https://www.linkedin.com/jobs/view/4455327931 , ,li-4455327931,fulltime,,,,,,False,mid-senior level,"Information Technology, Engineering, and Science",,,"Defense and Space Manufacturing, Space Research and Technology, and Robotics Engineering",https://uk.linkedin.com/company/attisglobal,,,,,,,,,,,
linkedin,Embedded Softwareentwickler (m/w/d) Schwerpunkt Kryptographie & sichere Kommunikation,Amoria Bond,"Ulm, Baden-Württemberg, Germany",,https://www.linkedin.com/jobs/view/4455733706 , ,li-4455733706,fulltime,,,,,,False,not applicable,Engineering,,,Defense and Space Manufacturing,https://uk.linkedin.com/company/amoria-bond,,,,,,,,,,,
linkedin,Forward Deployed Engineer (EMEA),Applied Intuition,"Munich, Bavaria, Germany",,https://www.linkedin.com/jobs/view/4423966482 , ,li-4423966482,fulltime,,,,,,True,mid-senior level,Engineering and Information Technology,,people@applied.co,Software Development,https://www.linkedin.com/company/applied-intuition-inc,,,,,,,,,,,
linkedin,Embedded Software Test Engineer (m/w/d),Amoria Bond,"Ulm, Baden-Württemberg, Germany",,https://www.linkedin.com/jobs/view/4455765764 , ,li-4455765764,fulltime,,,,,,False,not applicable,Engineering,,,Defense and Space Manufacturing,https://uk.linkedin.com/company/amoria-bond,,,,,,,,,,,
linkedin,Radar System/Signal Engineer (m/w/d)*,Scalian Germany AG,"Stuttgart, Baden-Württemberg, Germany",,https://www.linkedin.com/jobs/view/4454749594 , ,li-4454749594,fulltime,,,,,,False,associate,Project Management,,bewerbung@scalian.de,Business Consulting and Services,https://de.linkedin.com/company/scalian-germany-ag,,,,,,,,,,,
linkedin,Hardwareentwicklungsingenieur:in,Wodeer Technology Europe GmbH,"Adelberg-Dorf, Baden-Württemberg, Germany",,https://www.linkedin.com/jobs/view/4454731828 , ,li-4454731828,fulltime,,,,,,False,associate,Engineering,,hr@wodeer.eu,Motor Vehicle Manufacturing and Motor Vehicle Parts Manufacturing,https://de.linkedin.com/company/wodeer-technology-europe-gmbh,,,,,,,,,,,
linkedin,Ingenieur Elektrotechnik/Elektronik (w/m/d),Stargaze Defense,"Weinheim, Baden-Württemberg, Germany",,https://www.linkedin.com/jobs/view/4455747935 , ,li-4455747935,fulltime,,,,,,False,associate,Engineering and Manufacturing,,,Defense and Space Manufacturing and Engineering Services,https://www.linkedin.com/company/stargaze-defense,,,,,,,,,,,
linkedin,Software Engineer,Haystack,"Schleswig-Holstein, Germany",,https://www.linkedin.com/jobs/view/4454746801 , ,li-4454746801,fulltime,,,,,,True,mid-senior level,Information Technology,,,"Technology, Information and Media",https://uk.linkedin.com/company/wearehaystack,,,,,,,,,,,
linkedin,Systems Engineer (w/m/d),MBDA Deutschland,"Schrobenhausen, Bavaria, Germany",,https://www.linkedin.com/jobs/view/4455751528 , ,li-4455751528,fulltime,,,,,,False,entry level,Information Technology,,,Defense and Space Manufacturing,https://de.linkedin.com/company/mbda-deutschland,,,,,,,,,,,
linkedin,Prototyping Engineer (m/w/x),ZEISS Group,"Jena, Thuringia, Germany",,https://www.linkedin.com/jobs/view/4455574959 , ,li-4455574959,fulltime,,,,,,False,not applicable,Project Management and Other,,,"Appliances, Electrical, and Electronics Manufacturing",https://de.linkedin.com/company/zeiss,,,,,,,,,,,
linkedin,Embedded Software Architekt (m/w/d) Schwerpunkt Kryptographie & Security,Amoria Bond,"Ulm, Baden-Württemberg, Germany",,https://www.linkedin.com/jobs/view/4455780293 , ,li-4455780293,fulltime,,,,,,False,not applicable,Engineering,,,Defense and Space Manufacturing,https://uk.linkedin.com/company/amoria-bond,,,,,,,,,,,
linkedin,"Hardware Engineer (PCB) – Baden-Württemberg – Up to €75,000 (d / m / w)",Optimus Search,"Baden-Württemberg, Germany",,https://www.linkedin.com/jobs/view/4442811608 , ,li-4442811608,fulltime,,,,,,False,mid-senior level,Engineering and Information Technology,,arasulo@optimussearch.com,"Computer Hardware Manufacturing, Software Development, and Electrical Equipment Manufacturing",https://uk.linkedin.com/company/optimus-search,,,,,,,,,,,
linkedin,Engineer eNVM Device Data Analysis,GlobalFoundries,"Dresden, Saxony, Germany",,https://www.linkedin.com/jobs/view/4452714069 , ,li-4452714069,fulltime,,,,,,False,entry level,Information Technology,,,Semiconductor Manufacturing,https://www.linkedin.com/company/globalfoundries,,,,,,,,,,,
linkedin,Coherent Systems Architect - Optical Modem Development and Optimization,Nokia,"Nuremberg, Bavaria, Germany",,https://www.linkedin.com/jobs/view/4434508866 , ,li-4434508866,fulltime,,,,,,False,not applicable,Engineering and Information Technology,,,IT Services and IT Consulting and Telecommunications,https://fi.linkedin.com/company/nokia,,,,,,,,,,,
linkedin,Product Engineer,kolum,"Berlin, Germany",,https://www.linkedin.com/jobs/view/4454760599 , ,li-4454760599,fulltime,,,,,,True,mid-senior level,"Design, Supply Chain, and Information Technology",,johanna.feldmann@kolum.earth,Software Development,https://de.linkedin.com/company/kolum,,,,,,,,,,,
linkedin,Senior R&D Engineer – Ultrasound & Sensor Systems (all genders welcome),Rosenxt Group,"Lohne, Lower Saxony, Germany",,https://www.linkedin.com/jobs/view/4422024667 , ,li-4422024667,fulltime,,,,,,False,mid-senior level,Engineering and Information Technology,,,Engineering Services,https://ch.linkedin.com/company/rosenxt,,,,,,,,,,,
linkedin,Principal Quality Assurance Engineer (m/f/d),Fluence,"Erlangen, Bavaria, Germany",,https://www.linkedin.com/jobs/view/4445969648 , ,li-4445969648,fulltime,,,,,,True,mid-senior level,Engineering and Information Technology,,,Renewable Energy Semiconductor Manufacturing,https://www.linkedin.com/company/fluenceenergy,,,,,,,,,,,
linkedin,Hardware and Electronics Engineer (m/f/d),Quantum Systems,,,https://www.linkedin.com/jobs/view/4454703375 , ,li-4454703375,fulltime,,,,,,True,mid-senior level,Engineering,,,Engineering Services,https://de.linkedin.com/company/quantum-systems-gmbh,,,,,,,,,,,
linkedin,Hardwareentwickler (w/m/d) im Bereich Ethernet und PROFIBUS,Siemens,"Karlsruhe, Baden-Württemberg, Germany",,https://www.linkedin.com/jobs/view/4454768703 , ,li-4454768703,fulltime,,,,,,False,mid-senior level,Research,,,Automation Machinery Manufacturing,https://de.linkedin.com/company/siemens,,,,,,,,,,,
linkedin,Electronical Engineer / Elektroingenieur (m/w/d),ELAC SONAR GmbH,"Kiel, Schleswig-Holstein, Germany",,https://www.linkedin.com/jobs/view/4455710398 , ,li-4455710398,fulltime,,,,,,False,associate,Engineering,,,Defense and Space Manufacturing,https://de.linkedin.com/company/elac-sonar-gmbh,,,,,,,,,,,
linkedin,Hardwareentwickler / Entwicklungsingenieur Elektronik (m/w/d),NORD Engineering Müller GmbH,"Kiel, Schleswig-Holstein, Germany",,https://www.linkedin.com/jobs/view/4454786457 , ,li-4454786457,fulltime,,,,,,False,associate,Project Management and Engineering,,,Engineering Services,https://de.linkedin.com/company/nordengineeringmueller,,,,,,,,,,,
linkedin,Senior Hardwareentwickler (m/w/d),Schotstek GmbH,"Mannheim, Baden-Württemberg, Germany",,https://www.linkedin.com/jobs/view/4452589510 , ,li-4452589510,fulltime,,,,,,False,associate,Engineering,,,"Automation Machinery Manufacturing, Motor Vehicle Manufacturing, and Medical Equipment Manufacturing",https://de.linkedin.com/company/schotstek-gmbh,,,,,,,,,,,
linkedin,System Engineer (m/w/d),Mariteam Lighting Inc.,"Seevetal, Lower Saxony, Germany",,https://www.linkedin.com/jobs/view/4454420391 , ,li-4454420391,fulltime,,,,,,False,entry level,Information Technology,,,Construction,https://www.linkedin.com/company/mariteam-lighting-inc-,,,,,,,,,,,
linkedin,AIT & Test Infrastructure Engineer - Solar Arrays,Dcubed,"Germering, Bavaria, Germany",,https://www.linkedin.com/jobs/view/4455330958 , ,li-4455330958,fulltime,,,,,,False,mid-senior level,Manufacturing and Engineering,,,Defense and Space Manufacturing,https://de.linkedin.com/company/dcubedspace,,,,,,,,,,,
linkedin,ASIC Entwicklungsingenieur Test (w/m/div.),Bosch,"Erlangen, Bavaria, Germany",,https://www.linkedin.com/jobs/view/4454492861 , ,li-4454492861,fulltime,,,,,,False,associate,Engineering,,,Automotive,https://de.linkedin.com/company/bosch,,,,,,,,,,,
linkedin,Systems Integration Engineer III,Panasonic Avionics Corporation,"Hamburg, Hamburg, Germany",,https://www.linkedin.com/jobs/view/4452547485 , ,li-4452547485,fulltime,,,,,,False,not applicable,Quality Assurance,,,Aviation and Aerospace Component Manufacturing,https://www.linkedin.com/company/panasonic-avionics-corporation,,,,,,,,,,,
linkedin,"Senior Product Development Engineer | High-Speed Connectors (m,f,d)",Molex,"Hildesheim, Lower Saxony, Germany",,https://www.linkedin.com/jobs/view/4452286297 , ,li-4452286297,fulltime,,,,,,False,mid-senior level,Engineering and Information Technology,,,"Appliances, Electrical, and Electronics Manufacturing",https://www.linkedin.com/company/molex,,,,,,,,,,,
linkedin,"Systemingenieur (m/w/d) für Marine-, Landbasierte- und Cyber Systeme",Amoria Bond,"Ulm, Baden-Württemberg, Germany",,https://www.linkedin.com/jobs/view/4452822097 , ,li-4452822097,fulltime,,,,,,False,associate,"Engineering, Information Technology, and Human Resources",,,"Defense and Space Manufacturing, Aviation and Aerospace Component Manufacturing, and Human Resources Services",https://uk.linkedin.com/company/amoria-bond,,,,,,,,,,,
linkedin,Antenna System Integration Engineer (m/f/d),Ericsson,"Rosenheim, Bavaria, Germany",,https://www.linkedin.com/jobs/view/4445152558 , ,li-4445152558,fulltime,,,,,,False,not applicable,Other,,,Telecommunications,https://se.linkedin.com/company/ericsson,,,,,,,,,,,
linkedin,Senior Electrical Design Engineer,Owen Daniels,"Munich, Bavaria, Germany",,https://www.linkedin.com/jobs/view/4455715111 , ,li-4455715111,fulltime,,,,,,False,mid-senior level,Design,,jermaine@owendaniels.co.uk,Services for Renewable Energy,https://uk.linkedin.com/company/owen-daniels,,,,,,,,,,,
linkedin,Senior Electrical Engineer (f/m/d),Focused Energy,"Darmstadt, Hesse, Germany",,https://www.linkedin.com/jobs/view/4433599301 , ,li-4433599301,fulltime,,,,,,True,mid-senior level,Engineering and Information Technology,,,Electric Power Generation,https://de.linkedin.com/company/focused-energy-inc,,,,,,,,,,,
linkedin,Elektrokonstrukteur - Automatisierungstechnik (m/w/d),AKDV Automatisierungstechnik GmbH,"Harsum, Lower Saxony, Germany",,https://www.linkedin.com/jobs/view/4455709475 , ,li-4455709475,fulltime,,,,,,False,entry level,Engineering and Information Technology,,,IT Services and IT Consulting,https://de.linkedin.com/company/akdv-automatisierungstechnik-gmbh,,,,,,,,,,,
linkedin,Entwicklungsingenieur (m/w/x),BOGE Compressors Germany,"Bielefeld, North Rhine-Westphalia, Germany",,https://www.linkedin.com/jobs/view/4454495453 , ,li-4454495453,fulltime,,,,,,False,associate,Engineering,,,Industrial Machinery Manufacturing,https://de.linkedin.com/company/boge-kompressoren-germany,,,,,,,,,,,
linkedin,Sensor & Measurement Technology Engineer,NDT Global,"Stutensee, Baden-Württemberg, Germany",,https://www.linkedin.com/jobs/view/4365246629 , ,li-4365246629,fulltime,,,,,,False,mid-senior level,Engineering and Information Technology,,,Energy Technology and Oil and Gas,https://ca.linkedin.com/company/ndt-global,,,,,,,,,,,
linkedin,Algorithm Engineer - Perception / Sensor Fusion (m/f/d),smartmicro,"Brunswick, Lower Saxony, Germany",,https://www.linkedin.com/jobs/view/4452551643 , ,li-4452551643,fulltime,,,,,,False,associate,Information Technology,,,IT Services and IT Consulting,https://de.linkedin.com/company/smartmicro,,,,,,,,,,,
linkedin,Ingenieur für Sensor- und Messtechnik (m/w/d),NDT Global,"Stutensee, Baden-Württemberg, Germany",,https://www.linkedin.com/jobs/view/4354157552 , ,li-4354157552,fulltime,,,,,,False,mid-senior level,Management and Manufacturing,,,Energy Technology and Oil and Gas,https://ca.linkedin.com/company/ndt-global,,,,,,,,,,,
linkedin,MMIC Test & Characterisation Engineer,IC Resources,"Baden-Württemberg, Germany",,https://www.linkedin.com/jobs/view/4436969214 , ,li-4436969214,fulltime,,,,,,False,entry level,Engineering and Information Technology,,,Staffing and Recruiting,https://uk.linkedin.com/company/icresources,,,,,,,,,,,
linkedin,Flight Control Automation Engineer (all genders),ERC System,"Ottobrunn, Bavaria, Germany",,https://www.linkedin.com/jobs/view/4452580307 , ,li-4452580307,fulltime,,,,,,True,associate,Engineering,,,Aviation and Aerospace Component Manufacturing,https://de.linkedin.com/company/erc-system,,,,,,,,,,,
linkedin,R&D Engineer for Photonic Integrated Systems,TOPTICA Photonics,"Gräfelfing, Bavaria, Germany",,https://www.linkedin.com/jobs/view/4455375975 , ,li-4455375975,fulltime,,,,,,False,mid-senior level,Engineering and Information Technology,,,Industrial Machinery Manufacturing,https://de.linkedin.com/company/toptica-photonics,,,,,,,,,,,
linkedin,Product Engineer,WhyHireWrong?,"Berlin, Germany",,https://www.linkedin.com/jobs/view/4454490841 , ,li-4454490841,fulltime,,,,,,True,entry level,Engineering and Information Technology,,,IT System Custom Software Development,https://ee.linkedin.com/company/whyhirewrong,,,,,,,,,,,
linkedin,Elektroingenieur:in,Newton Dynamics,"Augsburg, Bavaria, Germany",,https://www.linkedin.com/jobs/view/4452580378 , ,li-4452580378,fulltime,,,,,,False,entry level,Engineering,,,IT Services and IT Consulting,https://de.linkedin.com/company/newton-dynamics-gmbh,,,,,,,,,,,
linkedin,Senior HPC Performance Engineer,NVIDIA,,,https://www.linkedin.com/jobs/view/4454438398 , ,li-4454438398,fulltime,,,,,,False,mid-senior level,Engineering,,,Computer Hardware Manufacturing,https://www.linkedin.com/company/nvidia,,,,,,,,,,,
linkedin,Solution Engineer,Applied Intuition,"Stuttgart, Baden-Württemberg, Germany",,https://www.linkedin.com/jobs/view/4423948920 , ,li-4423948920,fulltime,,,,,,True,mid-senior level,Engineering and Information Technology,,people@applied.co,Software Development,https://www.linkedin.com/company/applied-intuition-inc,,,,,,,,,,,
linkedin,Coordinator BigData Data Engineer (m/w/d),Vodafone,"Düsseldorf, North Rhine-Westphalia, Germany",,https://www.linkedin.com/jobs/view/4452591748 , ,li-4452591748,fulltime,,,,,,False,not applicable,Other,,,"Information Services, IT Services and IT Consulting, and Telecommunications",https://uk.linkedin.com/company/vodafone,,,,,,,,,,,
linkedin,Satellite Operations & Mission Control Engineer – Germany | Airbus Projects,Orbital Critical Systems (Grupo CAF),"Taufkirchen, Bavaria, Germany",,https://www.linkedin.com/jobs/view/4454711563 , ,li-4454711563,other,,,,,,False,not applicable,Engineering and Information Technology,,,Airlines and Aviation,https://es.linkedin.com/company/orbital-aerospace,,,,,,,,,,,
linkedin,Founding Data Scientist,Cubiq Recruitment,"Munich, Bavaria, Germany",,https://www.linkedin.com/jobs/view/4452821313 , ,li-4452821313,fulltime,,,,,,False,mid-senior level,"Science, Engineering, and Analyst",,,"Hospitals and Health Care, IT Services and IT Consulting, and Engineering Services",https://uk.linkedin.com/company/cubiq-recruitment,,,,,,,,,,,
linkedin,Data Engineer  (m/f/d),Redcare Pharmacy,"Cologne, North Rhine-Westphalia, Germany",,https://www.linkedin.com/jobs/view/4452818207 , ,li-4452818207,fulltime,,,,,,True,mid-senior level,Analyst,,,Software Development and IT Services and IT Consulting,https://nl.linkedin.com/company/redcare-pharmacy-com,,,,,,,,,,,
linkedin,ASIC Entwicklungsingenieur Analog IC Design (w/m/div.),Bosch,"Erlangen, Bavaria, Germany",,https://www.linkedin.com/jobs/view/4454702744 , ,li-4454702744,fulltime,,,,,,False,associate,Engineering,,,Automotive,https://de.linkedin.com/company/bosch,,,,,,,,,,,
linkedin,Ingenieur/Elektronik -Software- Geräteentwicklung (m/w/d),Eppendorf,"Hamburg, Hamburg, Germany",,https://www.linkedin.com/jobs/view/4422012759 , ,li-4422012759,fulltime,,,,,,False,mid-senior level,Engineering and Information Technology,,,Biotechnology Research,https://de.linkedin.com/company/eppendorf,,,,,,,,,,,
linkedin,ASIC Analog Layout Engineer (m/f/d),AUMOVIO,"Regensburg, Bavaria, Germany",,https://www.linkedin.com/jobs/view/4452475074 , ,li-4452475074,fulltime,,,,,,False,mid-senior level,Design,,,Automotive,https://de.linkedin.com/company/aumovio,,,,,,,,,,,
linkedin,Design Engineer III,Regal Rexnord,"Waldenburg, Baden-Württemberg, Germany",,https://www.linkedin.com/jobs/view/4452524538 , ,li-4452524538,fulltime,,,,,,True,mid-senior level,Engineering and Information Technology,,,"Electric Power Transmission, Control, and Distribution",https://www.linkedin.com/company/regal-rexnord,,,,,,,,,,,
linkedin,Electrical Systems Engineer (all genders),ERC System,"Ottobrunn, Bavaria, Germany",,https://www.linkedin.com/jobs/view/4452297028 , ,li-4452297028,fulltime,,,,,,True,associate,Engineering,,,Aviation and Aerospace Component Manufacturing,https://de.linkedin.com/company/erc-system,,,,,,,,,,,
