site,title,company,location,date_posted,job_url,job_url_direct,id,job_type,salary_source,interval,min_amount,max_amount,currency,is_remote,job_level,job_function,listing_type,emails,company_industry,company_url,company_url_direct,company_addresses,company_num_employees,company_revenue,company_description,skills,experience_range,company_rating,company_reviews_count,vacancy_count,work_from_home_type
linkedin,System Engineer Electronics (all genders),tonies®,"Düsseldorf, North Rhine-Westphalia, Germany",2026-09-06,https://www.linkedin.com/jobs/view/4435222708 , ,li-4435222708,fulltime,,,,,,True,mid-senior level,Information Technology,,,"Technology, Information and Media",https://de.linkedin.com/company/tonies-gmbh,,,,,,,,,,,
linkedin,Flight Physics & Flight Controls Engineer (m/w/d),Alpine Eagle,"Munich, Bavaria, Germany",2026-09-06,https://www.linkedin.com/jobs/view/4377153674 , ,li-4377153674,fulltime,,,,,,False,not applicable,Engineering,,,Software Development,https://de.linkedin.com/company/alpineeagle,,,,,,,,,,,
linkedin,Entwicklungsingenieur Hardware für Prüfmittel (m/w/x),K-tronik GmbH,"Memmingen, Bavaria, Germany",2026-09-06,https://www.linkedin.com/jobs/view/4461843122 , ,li-4461843122,fulltime,,,,,,False,entry level,Engineering,,,IT Services and IT Consulting,https://de.linkedin.com/company/k-tronik-gmbh,,,,,,,,,,,
linkedin,Production Engineer – UAV Platform,Twentyfour Industries,"Munich, Bavaria, Germany",2026-09-06,https://www.linkedin.com/jobs/view/4461820651 , ,li-4461820651,fulltime,,,,,,True,associate,Engineering,,,Manufacturing,https://www.linkedin.com/company/24industries,,,,,,,,,,,
linkedin,Avionics Technician or Electronics Technician (m/f/d),Isar Aerospace,"Parsdorf, Bavaria, Germany",2026-09-06,https://www.linkedin.com/jobs/view/4387257514 , ,li-4387257514,fulltime,,,,,,False,mid-senior level,Engineering and Information Technology,,,Aviation and Aerospace Component Manufacturing,https://de.linkedin.com/company/isaraerospace,,,,,,,,,,,
linkedin,Senior Applications Engineer II – Physical Layer (m/f/d),Microchip Technology Inc.,"Karlsruhe, Baden-Württemberg, Germany",2026-09-06,https://www.linkedin.com/jobs/view/4427566673 , ,li-4427566673,fulltime,,,,,,False,mid-senior level,Engineering,,,"Appliances, Electrical, and Electronics Manufacturing and Semiconductor Manufacturing",https://www.linkedin.com/company/microchip-technology,,,,,,,,,,,
linkedin,R&D Electrical Engineer – Dry Type Transformers,Hitachi Energy,"Brilon, North Rhine-Westphalia, Germany",2026-09-06,https://www.linkedin.com/jobs/view/4427920176 , ,li-4427920176,fulltime,,,,,,False,mid-senior level,Engineering and Information Technology,,,"Appliances, Electrical, and Electronics Manufacturing and IT Services and IT Consulting",https://ch.linkedin.com/company/hitachienergy,,,,,,,,,,,
linkedin,PCIE SOC Application Engineer (Sr Staff),Synopsys Inc,"Munich, Bavaria, Germany",2026-09-06,https://www.linkedin.com/jobs/view/4444940366 , ,li-4444940366,fulltime,,,,,,False,mid-senior level,"Design, Consulting, and Engineering",,,"Semiconductor Manufacturing, Software Development, and Computer Hardware Manufacturing",https://www.linkedin.com/company/synopsys,,,,,,,,,,,
linkedin,Development Engineer (m/f/d) Digital,Elmos,"Frankfurt an der Oder, Brandenburg, Germany",2026-09-06,https://www.linkedin.com/jobs/view/4451740303 , ,li-4451740303,fulltime,,,,,,False,mid-senior level,Engineering,,,Semiconductor Manufacturing,https://de.linkedin.com/company/elmos,,,,,,,,,,,
linkedin,System Engineer SDDS-NG (all genders),Frequentis,"Karlsruhe, Baden-Württemberg, Germany",2026-09-06,https://www.linkedin.com/jobs/view/4385935606 , ,li-4385935606,fulltime,,,,,,False,entry level,Information Technology,,,IT Services and IT Consulting,https://at.linkedin.com/company/frequentis,,,,,,,,,,,
linkedin,Planungsingenieur:in Telekommunikation als Bauvorlageberechtigte:r,Deutsche Bahn,"Ludwigsburg, Baden-Württemberg, Germany",2026-09-06,https://www.linkedin.com/jobs/view/4408716440 , ,li-4408716440,fulltime,,,,,,False,mid-senior level,Management and Manufacturing,,,Truck Transportation,https://de.linkedin.com/company/deutschebahn,,,,,,,,,,,
linkedin,Senior Spacecraft Qualification Engineer,Planet,"Berlin, Berlin, Germany",2026-09-06,https://www.linkedin.com/jobs/view/4427567477 , ,li-4427567477,fulltime,,,,,,True,mid-senior level,Management and Manufacturing,,"accommodations@planet.com, accommodations@planet.com",Software Development,https://www.linkedin.com/company/planet-labs,,,,,,,,,,,
linkedin,Ingenieur/in (w/m/d) - Signalverarbeitung für die Satellitenkommunikation mit SDR-Kenntnisse,German Aerospace Center (DLR),"Oberpfaffenhofen, Bavaria, Germany",2026-09-05,https://www.linkedin.com/jobs/view/4460154289 , ,li-4460154289,fulltime,,,,,,False,mid-senior level,Engineering and Information Technology,,,Research Services,https://de.linkedin.com/company/dlr,,,,,,,,,,,
linkedin,Spatial Audio Engineer (m/w/d),Sonova Group,"Berlin, Berlin, Germany",2026-09-05,https://www.linkedin.com/jobs/view/4443519327 , ,li-4443519327,fulltime,,,,,,False,mid-senior level,Information Technology,,,Medical Equipment Manufacturing,https://ch.linkedin.com/company/sonovagroup,,,,,,,,,,,
linkedin,Konstrukteur Elektrotechnik (m/w/d),DATRON AG,"Ober-Ramstadt, Hesse, Germany",2026-09-05,https://www.linkedin.com/jobs/view/4456200847 , ,li-4456200847,fulltime,,,,,,False,associate,Engineering,,karriere@datron.de,"Transportation, Logistics, Supply Chain and Storage",https://de.linkedin.com/company/datron-ag,,,,,,,,,,,
linkedin,Field Service Engineer 2 (all genders),Lam Research,,2026-09-05,https://www.linkedin.com/jobs/view/4435256831 , ,li-4435256831,fulltime,,,,,,True,not applicable,Engineering,,,Semiconductor Manufacturing,https://www.linkedin.com/company/lam-research,,,,,,,,,,,
linkedin,Design Engineer ( Weld Engineer Product Development) – Gusskomponenten/ Schweißkomponenten (m/w/d),Boll & Kirch Filterbau GmbH / BOLLFILTER,"Kerpen, North Rhine-Westphalia, Germany",2026-09-05,https://www.linkedin.com/jobs/view/4417310082 , ,li-4417310082,fulltime,,,,,,False,mid-senior level,Engineering and Information Technology,,,Machinery Manufacturing,https://de.linkedin.com/company/boll-kirch-filterbau-gmbh,,,,,,,,,,,
linkedin,Multi-Sensor Navigation R&D Engineer,Trimble Inc.,"Munich, Bavaria, Germany",2026-09-05,https://www.linkedin.com/jobs/view/4436355919 , ,li-4436355919,fulltime,,,,,,False,mid-senior level,Other,,careers@trimble.com,Software Development,https://www.linkedin.com/company/trimble,,,,,,,,,,,
linkedin,Battery System Engineer/Architect (all genders),STARK,"Munich, Bavaria, Germany",2026-09-05,https://www.linkedin.com/jobs/view/4463736307 , ,li-4463736307,fulltime,,,,,,False,associate,Engineering and Other,,,Defense and Space Manufacturing,https://de.linkedin.com/company/stark-defence,,,,,,,,,,,
linkedin,"Research & Development Engineer, Light Technology (m/w/d)",Adam Hall Group,"Neu-Anspach, Hesse, Germany",2026-09-05,https://www.linkedin.com/jobs/view/4426065945 , ,li-4426065945,fulltime,,,,,,False,mid-senior level,Engineering and Information Technology,,,Electrical Equipment Manufacturing,https://de.linkedin.com/company/adam-hall-group,,,,,,,,,,,
linkedin,RF / Microwave Engineer,TechTree,"Munich, Bavaria, Germany",2026-09-05,https://www.linkedin.com/jobs/view/4441532515 , ,li-4441532515,fulltime,,,,,,False,mid-senior level,Engineering and Information Technology,,,Software Development,https://uk.linkedin.com/company/techtreehq,,,,,,,,,,,
linkedin,Ingenieur/in (w/m/d) - Kommunikationsprotokolle in SDR unterstützt durch Flugplattformen,German Aerospace Center (DLR),"Oberpfaffenhofen, Bavaria, Germany",2026-09-05,https://www.linkedin.com/jobs/view/4460165143 , ,li-4460165143,fulltime,,,,,,False,mid-senior level,Engineering and Information Technology,,,Research Services,https://de.linkedin.com/company/dlr,,,,,,,,,,,
linkedin,Embedded-Softwareentwickler (m/w/d),KERN & SOHN GmbH,"Balingen, Baden-Württemberg, Germany",2026-09-05,https://www.linkedin.com/jobs/view/4461492517 , ,li-4461492517,fulltime,,,,,,False,entry level,Other,,,Manufacturing,https://de.linkedin.com/company/kern-sohn,,,,,,,,,,,
linkedin,PREEvision Engineer (m/w/d),Versigent,"Böblingen, Baden-Württemberg, Germany",2026-09-05,https://www.linkedin.com/jobs/view/4408281519 , ,li-4408281519,fulltime,,,,,,False,mid-senior level,Engineering and Information Technology,,,Manufacturing,https://www.linkedin.com/company/versigent,,,,,,,,,,,
linkedin,Center of Competence - Junior Design Engineer (m/w/d),Liebherr Tower Cranes,"Biberach an der Riß, Baden-Württemberg, Germany",2026-09-05,https://www.linkedin.com/jobs/view/4435449122 , ,li-4435449122,fulltime,,,,,,False,entry level,Engineering and Information Technology,,,Industrial Machinery Manufacturing,https://de.linkedin.com/company/liebherr-construction,,,,,,,,,,,
linkedin,Staff GNC Engineer,Archer,"Munich, Bavaria, Germany",2026-09-05,https://www.linkedin.com/jobs/view/4435235694 , ,li-4435235694,fulltime,,,,,,False,mid-senior level,Engineering and Information Technology,,"people@archer.com, People@archer.com",Airlines and Aviation,https://www.linkedin.com/company/flyarcher,,,,,,,,,,,
linkedin,Embedded Software Engineer,IC Resources,"North Rhine-Westphalia, Germany",2026-09-05,https://www.linkedin.com/jobs/view/4417015290 , ,li-4417015290,fulltime,,,,,,False,mid-senior level,Engineering and Information Technology,,,Staffing and Recruiting,https://uk.linkedin.com/company/icresources,,,,,,,,,,,
linkedin,Senior RF Experte (w/m/d),TRUMPF,"Freiburg, Baden-Württemberg, Germany",2026-09-05,https://www.linkedin.com/jobs/view/4395446568 , ,li-4395446568,fulltime,,,,,,False,mid-senior level,Business Development and Sales,,david.brodkorb.external@trumpf.com,Machinery Manufacturing,https://www.linkedin.com/company/trumpf-se-co-kg,,,,,,,,,,,
linkedin,"(Senior) Engineer, UHF Payload Systems, IRIS2",SES Satellites,"Unterföhring, Bavaria, Germany",2026-09-05,https://www.linkedin.com/jobs/view/4435477679 , ,li-4435477679,fulltime,,,,,,False,mid-senior level,Information Technology,,,Telecommunications,https://lu.linkedin.com/company/ses,,,,,,,,,,,
linkedin,Antenna Technology Developer (m/f/d),Ericsson,"Rosenheim, Bavaria, Germany",2026-09-05,https://www.linkedin.com/jobs/view/4433682076 , ,li-4433682076,fulltime,,,,,,False,not applicable,Other,,,Telecommunications,https://se.linkedin.com/company/ericsson,,,,,,,,,,,
linkedin,Senior Test Architect (m/f/x),Coherent Corp.,"Berlin, Berlin, Germany",2026-09-05,https://www.linkedin.com/jobs/view/4330935333 , ,li-4330935333,fulltime,,,,,,False,mid-senior level,Quality Assurance,,,Semiconductor Manufacturing,https://www.linkedin.com/company/coherent-corp,,,,,,,,,,,
linkedin,Elektroingenieur (w/m/d) Prüfplanung,Siemens,"Berlin, Berlin, Germany",2026-09-05,https://www.linkedin.com/jobs/view/4416301355 , ,li-4416301355,fulltime,,,,,,False,mid-senior level,Manufacturing,,,Automation Machinery Manufacturing,https://de.linkedin.com/company/siemens,,,,,,,,,,,
linkedin,Scada Network Engineer,Fluence,"Berlin, Berlin, Germany",2026-09-05,https://www.linkedin.com/jobs/view/4444464798 , ,li-4444464798,fulltime,,,,,,False,mid-senior level,Information Technology,,,Renewable Energy Semiconductor Manufacturing,https://www.linkedin.com/company/fluenceenergy,,,,,,,,,,,
linkedin,Qualifizierungsprogramm als (Junior) Planer:in Telekommunikation,Deutsche Bahn,"Karlsruhe, Baden-Württemberg, Germany",2026-09-05,https://www.linkedin.com/jobs/view/4427698963 , ,li-4427698963,fulltime,,,,,,False,internship,Education and Training,,,Truck Transportation,https://de.linkedin.com/company/deutschebahn,,,,,,,,,,,
linkedin,SCADA Engineer (all genders),Skyborn Renewables,"Hamburg, Hamburg, Germany",2026-09-05,https://www.linkedin.com/jobs/view/4375419637 , ,li-4375419637,fulltime,,,,,,False,mid-senior level,Engineering and Information Technology,,,Wind Electric Power Generation,https://de.linkedin.com/company/skyborn-renewables,,,,,,,,,,,
linkedin,(Junior) Elektroingenieur:in als Bauüberwacher:in Bahn Telekommunikation,Deutsche Bahn,"Munich, Bavaria, Germany",2026-09-05,https://www.linkedin.com/jobs/view/4427152457 , ,li-4427152457,fulltime,,,,,,False,entry level,Engineering and Information Technology,,,Truck Transportation,https://de.linkedin.com/company/deutschebahn,,,,,,,,,,,
linkedin,Cable Engineering and Fabrication Engineer (all genders),Skyborn Renewables,"Hamburg, Hamburg, Germany",2026-09-05,https://www.linkedin.com/jobs/view/4427949795 , ,li-4427949795,fulltime,,,,,,False,mid-senior level,Management and Manufacturing,,,Wind Electric Power Generation,https://de.linkedin.com/company/skyborn-renewables,,,,,,,,,,,
linkedin,Informatiker/in (w/m/d) - Forschung und Entwicklung von Payload-Software für Raumfahrtsysteme,German Aerospace Center (DLR),"Brunswick, Lower Saxony, Germany",2026-09-05,https://www.linkedin.com/jobs/view/4460158203 , ,li-4460158203,fulltime,,,,,,False,mid-senior level,"Research, Analyst, and Information Technology",,,Research Services,https://de.linkedin.com/company/dlr,,,,,,,,,,,
linkedin,Informatiker/in (w/m/d) - Forschung und Entwicklung von Payload-Software für Raumfahrtsysteme,German Aerospace Center (DLR),"Oberpfaffenhofen, Bavaria, Germany",2026-09-05,https://www.linkedin.com/jobs/view/4460171065 , ,li-4460171065,fulltime,,,,,,False,mid-senior level,"Research, Analyst, and Information Technology",,,Research Services,https://de.linkedin.com/company/dlr,,,,,,,,,,,
linkedin,Ingenieur/in (w/m/d) - KI-gestützte Systemdynamik und Regelungstechnik,German Aerospace Center (DLR),"Oberpfaffenhofen, Bavaria, Germany",2026-09-05,https://www.linkedin.com/jobs/view/4461756225 , ,li-4461756225,fulltime,,,,,,False,entry level,Engineering and Information Technology,,,Research Services,https://de.linkedin.com/company/dlr,,,,,,,,,,,
linkedin,Sensor Integration Engineer (m/f/d),MOTOR Ai,"Berlin, Berlin, Germany",2026-09-05,https://www.linkedin.com/jobs/view/4461445844 , ,li-4461445844,fulltime,,,,,,True,mid-senior level,Engineering,,,Software Development,https://de.linkedin.com/company/motorai,,,,,,,,,,,
linkedin,Systementwickler (m/w/d),Zoller + Fröhlich GmbH,"Wangen im Allgäu, Baden-Württemberg, Germany",2026-09-04,https://www.linkedin.com/jobs/view/4463655866 , ,li-4463655866,fulltime,,,,,,False,entry level,Information Technology and Engineering,,jobs@zofre.de,Industrial Machinery Manufacturing,https://de.linkedin.com/company/z-f-gmbh,,,,,,,,,,,
linkedin,Entwicklungsingenieur / Physiker Hochleistungslaseroptik / Laserquelle (m/w/d),Rheinmetall,"Unterlüß, Lower Saxony, Germany",2026-09-04,https://www.linkedin.com/jobs/view/4399014929 , ,li-4399014929,fulltime,,,,,,False,entry level,Engineering and Information Technology,,,Defense and Space Manufacturing,https://de.linkedin.com/company/rheinmetall,,,,,,,,,,,
linkedin,System Engineer Flugsteuerung (m/w/d),ep group,"Manching, Bavaria, Germany",2026-09-04,https://www.linkedin.com/jobs/view/4463138908 , ,li-4463138908,fulltime,,,,,,False,mid-senior level,Information Technology,,,Alternative Dispute Resolution and Alternative Medicine,https://de.linkedin.com/company/ep-group-gmbh,,,,,,,,,,,
linkedin,Senior Softwareentwicklerin / Softwareentwickler (m/w/d) Embedded Betriebssysteme,Scheidt & Bachmann,"Mönchengladbach, North Rhine-Westphalia, Germany",2026-09-04,https://www.linkedin.com/jobs/view/4352755327 , ,li-4352755327,fulltime,,,,,,False,mid-senior level,Engineering and Information Technology,,,IT Services and IT Consulting,https://de.linkedin.com/company/scheidt-&-bachmann,,,,,,,,,,,
linkedin,Ingenieurin / Ingenieur / Elektrotechnikerin / Elektrotechniker / Informatikerin / Informatiker (m/w/d) als Software Entwickler C / C++,Scheidt & Bachmann,"Mönchengladbach, North Rhine-Westphalia, Germany",2026-09-04,https://www.linkedin.com/jobs/view/4344006127 , ,li-4344006127,fulltime,,,,,,False,mid-senior level,Engineering and Information Technology,,,IT Services and IT Consulting,https://de.linkedin.com/company/scheidt-&-bachmann,,,,,,,,,,,
linkedin,Embedded Software Engineer for Aerospace Electronics (m/f/d),Liebherr Aerospace and Transportation,"Lindenberg im Allgäu, Bavaria, Germany",2026-09-04,https://www.linkedin.com/jobs/view/4453204939 , ,li-4453204939,fulltime,,,,,,False,mid-senior level,Engineering and Information Technology,,,Industrial Machinery Manufacturing,https://fr.linkedin.com/company/liebherr-aerospace-and-transportation,,,,,,,,,,,
linkedin,"Embedded Software Engineer (m/w/d) fixed-termin, 2 years",Groupe SEB,"Geislingen an der Steige, Baden-Württemberg, Germany",2026-09-04,https://www.linkedin.com/jobs/view/4454072414 , ,li-4454072414,fulltime,,,,,,False,not applicable,Engineering and Information Technology,,,Manufacturing,https://fr.linkedin.com/company/groupe-seb,,,,,,,,,,,
linkedin,Sr RF/Analog IC Design Engineer (m/f/d),"Qorvo, Inc.","Munich, Bavaria, Germany",2026-09-04,https://www.linkedin.com/jobs/view/4454062876 , ,li-4454062876,fulltime,,,,,,False,not applicable,Engineering and Information Technology,,,"Computers and Electronics Manufacturing, Semiconductor Manufacturing, and Wireless Services",https://www.linkedin.com/company/qorvo,,,,,,,,,,,
linkedin,Principal Engineer-Analog Design RF,Microchip Technology Inc.,,2026-09-04,https://www.linkedin.com/jobs/view/4463605109 , ,li-4463605109,fulltime,,,,,,False,mid-senior level,Engineering,,,"Appliances, Electrical, and Electronics Manufacturing and Semiconductor Manufacturing",https://www.linkedin.com/company/microchip-technology,,,,,,,,,,,
linkedin,Principal Engineer-Analog Design RF,Microchip Technology Inc.,"Neu Ulm, Bavaria, Germany",2026-09-04,https://www.linkedin.com/jobs/view/4463394794 , ,li-4463394794,fulltime,,,,,,False,mid-senior level,Engineering,,,"Appliances, Electrical, and Electronics Manufacturing and Semiconductor Manufacturing",https://www.linkedin.com/company/microchip-technology,,,,,,,,,,,
linkedin,RF Waveform and Modulation Expert (all genders),STARK,"Munich, Bavaria, Germany",2026-09-04,https://www.linkedin.com/jobs/view/4463368788 , ,li-4463368788,fulltime,,,,,,False,associate,,,,Defense and Space Manufacturing,https://de.linkedin.com/company/stark-defence,,,,,,,,,,,
linkedin,Senior RF Engineering Technician (m/f/d),Emerson,"Dresden, Saxony, Germany",2026-09-04,https://www.linkedin.com/jobs/view/4463601026 , ,li-4463601026,fulltime,,,,,,False,mid-senior level,Other and Engineering,,idisability.administrator@emerson.com,Automation Machinery Manufacturing,https://www.linkedin.com/company/emerson,,,,,,,,,,,
linkedin,Embedded Hard- & Softwareentwickler (m/w/d),Zoller + Fröhlich GmbH,"Wangen im Allgäu, Baden-Württemberg, Germany",2026-09-04,https://www.linkedin.com/jobs/view/4463661659 , ,li-4463661659,fulltime,,,,,,False,entry level,Information Technology and Engineering,,jobs@zofre.de,Industrial Machinery Manufacturing,https://de.linkedin.com/company/z-f-gmbh,,,,,,,,,,,
linkedin,Systementwickler – Vehicle Integration (m/w/d),Rheinmetall,"Bremen, Bremen, Germany",2026-09-04,https://www.linkedin.com/jobs/view/4463186893 , ,li-4463186893,fulltime,,,,,,False,mid-senior level,Engineering and Information Technology,,,Defense and Space Manufacturing,https://de.linkedin.com/company/rheinmetall,,,,,,,,,,,
linkedin,Wissenschaftliche*r Mitarbeiter*in (m/w/d) - Digitale Signal-Prozessierung & Hochfrequenz-Schaltungsdesign,Leibniz Association,"Berlin, Berlin, Germany",2026-09-04,https://www.linkedin.com/jobs/view/4463390494 , ,li-4463390494,fulltime,,,,,,False,not applicable,"Research, Analyst, and Information Technology",,,Research,https://de.linkedin.com/company/leibniz-gemeinschaft,,,,,,,,,,,
linkedin,Electronics Developer (m/f/d) Level 2.1,NAXCON GROUP,"Wedel, Schleswig-Holstein, Germany",2026-09-04,https://www.linkedin.com/jobs/view/4461413091 , ,li-4461413091,fulltime,,,,,,False,mid-senior level,Engineering and Information Technology,,,IT Services and IT Consulting,https://de.linkedin.com/company/naxcon,,,,,,,,,,,
linkedin,Staff RF Filter Design Engineer (m/f/d),"Qorvo, Inc.","Munich, Bavaria, Germany",2026-09-04,https://www.linkedin.com/jobs/view/4454083605 , ,li-4454083605,fulltime,,,,,,False,not applicable,Engineering and Information Technology,,,"Computers and Electronics Manufacturing, Semiconductor Manufacturing, and Wireless Services",https://www.linkedin.com/company/qorvo,,,,,,,,,,,
linkedin,Elektroingenieur:in,AlphaConsult-Gruppe,"Aachen, North Rhine-Westphalia, Germany",2026-09-04,https://www.linkedin.com/jobs/view/4461157526 , ,li-4461157526,fulltime,,,,,,False,associate,Engineering and Information Technology,,,Machinery Manufacturing,https://de.linkedin.com/company/alphaconsult-gruppe,,,,,,,,,,,
linkedin,PCB-Layouter (m/w/d),ACONEXT,"Oberkochen, Baden-Württemberg, Germany",2026-09-04,https://www.linkedin.com/jobs/view/4461984459 , ,li-4461984459,fulltime,,,,,,False,mid-senior level,"Design, Art/Creative, and Information Technology",,,Engineering Services,https://de.linkedin.com/company/aconext-holding-gmbh,,,,,,,,,,,
linkedin,R&D Electronics Test Engineer (f/m/d) Safety and EMC,Siemens,"Berlin, Berlin, Germany",2026-09-04,https://www.linkedin.com/jobs/view/4434649066 , ,li-4434649066,fulltime,,,,,,False,mid-senior level,Research,,,Automation Machinery Manufacturing,https://de.linkedin.com/company/siemens,,,,,,,,,,,
linkedin,Software Ingenieur HMI/SCADA,OPTIMA packaging group,"Schwäbisch Hall, Baden-Württemberg, Germany",2026-09-04,https://www.linkedin.com/jobs/view/4448780261 , ,li-4448780261,fulltime,,,,,,False,associate,Information Technology,,,Machinery Manufacturing,https://de.linkedin.com/company/optima-packaging-group,,,,,,,,,,,
linkedin,System Engineer (m/w/d) 2 Jahre befristet,WMF Professional Coffee Machines,"Geislingen an der Steige, Baden-Württemberg, Germany",2026-09-04,https://www.linkedin.com/jobs/view/4454307152 , ,li-4454307152,fulltime,,,,,,False,associate,Information Technology,,,Manufacturing,https://de.linkedin.com/company/wmf-professional-coffee-machines,,,,,,,,,,,
linkedin,Servicetechniker (m/w/d),TKMS,"Boksee, Schleswig-Holstein, Germany",2026-09-04,https://www.linkedin.com/jobs/view/4461168275 , ,li-4461168275,fulltime,,,,,,False,mid-senior level,Manufacturing,,,Utilities,https://de.linkedin.com/company/tkms,,,,,,,,,,,
linkedin,System Ingenieur (m/w/d),YER Deutschland,"Berlin, Berlin, Germany",2026-09-04,https://www.linkedin.com/jobs/view/4461173215 , ,li-4461173215,fulltime,,,,,,False,entry level,Engineering,,,Telecommunications,https://de.linkedin.com/company/yerdeutschland,,,,,,,,,,,
linkedin,Vermessungsingenieur:in / Vermessungstechniker:in Tunnelbau mit Reisebereitschaft,RIFFBIRD,"Bruchsal, Baden-Württemberg, Germany",2026-09-04,https://www.linkedin.com/jobs/view/4461136400 , ,li-4461136400,fulltime,,,,,,False,entry level,Engineering,,,Staffing and Recruiting,https://at.linkedin.com/company/riffbird,,,,,,,,,,,
linkedin,Scada Network Engineer,Fluence,"Erlangen, Bavaria, Germany",2026-09-04,https://www.linkedin.com/jobs/view/4444478064 , ,li-4444478064,fulltime,,,,,,False,mid-senior level,Information Technology,,,Renewable Energy Semiconductor Manufacturing,https://www.linkedin.com/company/fluenceenergy,,,,,,,,,,,
linkedin,Field Application Engineer – Power Semiconductors,IC Resources,"Bavaria, Germany",2026-09-04,https://www.linkedin.com/jobs/view/4463612708 , ,li-4463612708,fulltime,,,,,,False,mid-senior level,Sales and Business Development,,,Staffing and Recruiting,https://uk.linkedin.com/company/icresources,,,,,,,,,,,
linkedin,Elektroingenieur Energieversorgungssysteme (all gender),ALTEN,"Erlangen, Bavaria, Germany",2026-09-04,https://www.linkedin.com/jobs/view/4452594817 , ,li-4452594817,fulltime,,,,,,False,associate,Engineering,,,Engineering Services,https://fr.linkedin.com/company/alten,,,,,,,,,,,
linkedin,PCB Layouter (m/f/x),Lawo,"Rastatt, Baden-Württemberg, Germany",2026-09-04,https://www.linkedin.com/jobs/view/4387688565 , ,li-4387688565,fulltime,,,,,,True,associate,Other,,,Broadcast Media Production and Distribution,https://de.linkedin.com/company/lawo,,,,,,,,,,,
linkedin,Pflichtpraktikant Vorentwicklung & Innovation – Mechatronik / Engineering (m/w/d),WMF,"Geislingen an der Steige, Baden-Württemberg, Germany",2026-09-04,https://www.linkedin.com/jobs/view/4463360819 , ,li-4463360819,fulltime,,,,,,False,internship,Engineering and Information Technology,,,Manufacturing,https://de.linkedin.com/company/wmf-gmbh,,,,,,,,,,,
linkedin,Hardwareentwickler Schaltungsdesign Leistungselektronik (all gender),ALTEN,"Erlangen, Bavaria, Germany",2026-09-04,https://www.linkedin.com/jobs/view/4452573606 , ,li-4452573606,fulltime,,,,,,False,associate,Engineering,,,Engineering Services,https://fr.linkedin.com/company/alten,,,,,,,,,,,
linkedin,Rust Developer (d/f/m),arculus – a Jungheinrich company,"Munich, Bavaria, Germany",2026-09-04,https://www.linkedin.com/jobs/view/4461178266 , ,li-4461178266,fulltime,,,,,,False,mid-senior level,Engineering and Information Technology,,,Automation Machinery Manufacturing and Robotics Engineering,https://de.linkedin.com/company/arculus-a-jungheinrich-company,,,,,,,,,,,
linkedin,C++ Engineer (f/m/d),smartclip,"Berlin, Germany",2026-09-04,https://www.linkedin.com/jobs/view/4426771994 , ,li-4426771994,fulltime,,,,,,True,mid-senior level,Information Technology and Engineering,,,"Technology, Information and Internet, IT Services and IT Consulting, and Online Audio and Video Media",https://de.linkedin.com/company/smartclip,,,,,,,,,,,
linkedin,Principal Engineer Agentic Software Development and Verification (f/m/div),Infineon Technologies,"Munich, Bavaria, Germany",2026-09-04,https://www.linkedin.com/jobs/view/4454032295 , ,li-4454032295,fulltime,,,,,,False,entry level,Quality Assurance,,,"Semiconductor Manufacturing, Appliances, Electrical, and Electronics Manufacturing, and Computer Hardware Manufacturing",https://de.linkedin.com/company/infineon-technologies,,,,,,,,,,,
linkedin,RF Antenna Expert (all genders),STARK,"Munich, Bavaria, Germany",2026-09-04,https://www.linkedin.com/jobs/view/4463397036 , ,li-4463397036,fulltime,,,,,,False,associate,,,,Defense and Space Manufacturing,https://de.linkedin.com/company/stark-defence,,,,,,,,,,,
linkedin,HiL Development Engineer,Audi Revolut F1 Team,"Neuburg an der Donau, Bavaria, Germany",2026-09-04,https://www.linkedin.com/jobs/view/4462315347 , ,li-4462315347,fulltime,,,,,,False,associate,Engineering and Information Technology,,,Motor Vehicle Manufacturing and Engines and Power Transmission Equipment Manufacturing,https://de.linkedin.com/company/audi-revolut-f1-team,,,,,,,,,,,
linkedin,Product Design Engineer (w/m/d),EagleBurgmann,"Wolfratshausen, Bavaria, Germany",2026-09-04,https://www.linkedin.com/jobs/view/4454524451 , ,li-4454524451,fulltime,,,,,,False,mid-senior level,Research and Product Management,,,Motor Vehicle Manufacturing,https://de.linkedin.com/company/eagleburgmann,,,,,,,,,,,
linkedin,Senior DSP Engineer,Axon,"Kassel, Hesse, Germany",2026-09-04,https://www.linkedin.com/jobs/view/4454541830 , ,li-4454541830,fulltime,,,,,,True,mid-senior level,Engineering,,"axongreenhousesupport@axon.com, recruitingops@axon.com, recruitingops@axon.com",Software Development,https://www.linkedin.com/company/axon-protect-life,,,,,,,,,,,
linkedin,Video Research Engineer (Multiple Levels),Qualcomm,"Munich, Bavaria, Germany",2026-09-04,https://www.linkedin.com/jobs/view/4443147620 , ,li-4443147620,fulltime,,,,,,False,not applicable,Other,,-accomodations@qualcomm.com,Semiconductor Manufacturing,https://www.linkedin.com/company/qualcomm,,,,,,,,,,,
linkedin,Spacecraft Electronics Engineer,Spire,"Munich, Bavaria, Germany",2026-09-04,https://www.linkedin.com/jobs/view/4444465116 , ,li-4444465116,fulltime,,,,,,False,mid-senior level,Engineering and Information Technology,,,Information Services,https://www.linkedin.com/company/spireglobal,,,,,,,,,,,
linkedin,Electric Machine Design Engineer (Mensch),NEURA Robotics,"Riederich, Baden-Württemberg, Germany",2026-09-04,https://www.linkedin.com/jobs/view/4463362955 , ,li-4463362955,fulltime,,,,,,False,mid-senior level,Engineering and Information Technology,,,Automation Machinery Manufacturing,https://de.linkedin.com/company/neura-robotics,,,,,,,,,,,
linkedin,Produktentwickler Elektrotechnik (m/w/d),HELU KABEL GmbH,"Windsbach, Bavaria, Germany",2026-09-04,https://www.linkedin.com/jobs/view/4463339498 , ,li-4463339498,fulltime,,,,,,False,mid-senior level,Research and Engineering,,,"Appliances, Electrical, and Electronics Manufacturing",https://www.linkedin.com/company/helu-kabel-gmbh,,,,,,,,,,,
linkedin,Product Design Engineer (f/m/d),EagleBurgmann,"Wolfratshausen, Bavaria, Germany",2026-09-04,https://www.linkedin.com/jobs/view/4454516454 , ,li-4454516454,fulltime,,,,,,False,mid-senior level,Research and Product Management,,,Motor Vehicle Manufacturing,https://de.linkedin.com/company/eagleburgmann,,,,,,,,,,,
linkedin,Electrical Engineer for novel propulsion design and testing (all gender),ALTEN,"Taufkirchen, Bavaria, Germany",2026-09-04,https://www.linkedin.com/jobs/view/4451229175 , ,li-4451229175,fulltime,,,,,,False,associate,Engineering,,,Airlines and Aviation and Aviation and Aerospace Component Manufacturing,https://fr.linkedin.com/company/alten,,,,,,,,,,,
linkedin,Sr RF Filter Design Engineer (m/f/d),"Qorvo, Inc.","Munich, Bavaria, Germany",2026-09-04,https://www.linkedin.com/jobs/view/4454067771 , ,li-4454067771,fulltime,,,,,,False,not applicable,Engineering and Information Technology,,,"Computers and Electronics Manufacturing, Semiconductor Manufacturing, and Wireless Services",https://www.linkedin.com/company/qorvo,,,,,,,,,,,
linkedin,"Ingenieurwissenschaftler/in, Naturwissenschaftler/in o.ä. (w/m/d)",German Aerospace Center (DLR),"Oberpfaffenhofen, Bavaria, Germany",2026-09-04,https://www.linkedin.com/jobs/view/4463363732 , ,li-4463363732,fulltime,,,,,,False,mid-senior level,Other,,,Research Services,https://de.linkedin.com/company/dlr,,,,,,,,,,,
linkedin,Entwicklungsingenieur Elektronik (m/w/d) Sensoren,ProMinent Group,"Heidelberg, Baden-Württemberg, Germany",2026-09-04,https://www.linkedin.com/jobs/view/4435861035 , ,li-4435861035,fulltime,,,,,,False,entry level,Engineering and Information Technology,,Bewerbungen@prominent.com,Industrial Machinery Manufacturing,https://de.linkedin.com/company/prominentgroup,,,,,,,,,,,
linkedin,Entwicklungsingenieur Powertrain (m/w/d),NOVUS,"Brunswick, Lower Saxony, Germany",2026-09-04,https://www.linkedin.com/jobs/view/4461131727 , ,li-4461131727,fulltime,,,,,,False,associate,Engineering,,,Motor Vehicle Manufacturing,https://de.linkedin.com/company/novusbike,,,,,,,,,,,
linkedin,"Principal Audio Software Engineer, DSP (m/f/d)",HARMAN International,"Garching, Bavaria, Germany",2026-09-03,https://www.linkedin.com/jobs/view/4441546370 , ,li-4441546370,fulltime,,,,,,False,mid-senior level,Engineering and Information Technology,,harmancareers@harman.com,Computers and Electronics Manufacturing,https://www.linkedin.com/company/harman-international,,,,,,,,,,,
linkedin,Software Entwickler (m/w/d) Radar-Signalverarbeitung,ACONEXT,"Ulm, Baden-Württemberg, Germany",2026-09-03,https://www.linkedin.com/jobs/view/4460493307 , ,li-4460493307,fulltime,,,,,,False,entry level,Engineering and Information Technology,,,Engineering Services,https://de.linkedin.com/company/aconext-holding-gmbh,,,,,,,,,,,
linkedin,Power Electronics Engineer (all genders),Philips,"Hamburg, Hamburg, Germany",2026-09-03,https://www.linkedin.com/jobs/view/4452711944 , ,li-4452711944,fulltime,,,,,,False,mid-senior level,Engineering and Information Technology,,,Hospitals and Health Care,https://nl.linkedin.com/company/philips,,,,,,,,,,,
linkedin,Senior Electronics Engineer,Auterion,"Munich, Bavaria, Germany",2026-09-03,https://www.linkedin.com/jobs/view/4461680754 , ,li-4461680754,fulltime,,,,,,False,mid-senior level,Engineering and Information Technology,,,Software Development,https://www.linkedin.com/company/auterion,,,,,,,,,,,
linkedin,Entwicklungsingenieur Mechatronik (Schwerpunkt Dynamik und Regelungstechnik),Bertrandt Group,"Oberkochen, Baden-Württemberg, Germany",2026-09-03,https://www.linkedin.com/jobs/view/4460953527 , ,li-4460953527,fulltime,,,,,,False,mid-senior level,Engineering and Information Technology,,,Engineering Services,https://de.linkedin.com/company/bertrandt-ag,,,,,,,,,,,
linkedin,DHBW-Studium B.Eng. Embedded Systems - Fachrichtung Aerospace Engineering,Liebherr Aerospace and Transportation,"Lindenberg im Allgäu, Bavaria, Germany",2026-09-03,https://www.linkedin.com/jobs/view/4435053852 , ,li-4435053852,fulltime,,,,,,False,internship,Information Technology,,maria.karrer@liebherr.com,Industrial Machinery Manufacturing,https://fr.linkedin.com/company/liebherr-aerospace-and-transportation,,,,,,,,,,,
linkedin,ML ENGINEER (f/m/d),Omnisent,"Munich, Bavaria, Germany",2026-09-03,https://www.linkedin.com/jobs/view/4460729026 , ,li-4460729026,fulltime,,,,,,False,entry level,Information Technology,,,IT Services and IT Consulting,https://de.linkedin.com/company/omnisent,,,,,,,,,,,
linkedin,Digital Design Engineer,TSMC,"Munich, Bavaria, Germany",2026-09-03,https://www.linkedin.com/jobs/view/4462760507 , ,li-4462760507,fulltime,,,,,,False,mid-senior level,Engineering and Information Technology,,,Semiconductor Manufacturing,https://tw.linkedin.com/company/tsmc,,,,,,,,,,,
linkedin,Entwicklungsingenieur Digitale Hardware – Funkkommunikation (m/w/d),ACONEXT,"Berlin, Germany",2026-09-03,https://www.linkedin.com/jobs/view/4460475213 , ,li-4460475213,fulltime,,,,,,False,associate,Engineering,,,Defense and Space Manufacturing,https://de.linkedin.com/company/aconext-holding-gmbh,,,,,,,,,,,
linkedin,Software Engineer C / C++ (m/w/x) Space,SII Germany,"Ottobrunn, Bavaria, Germany",2026-09-03,https://www.linkedin.com/jobs/view/4457097832 , ,li-4457097832,fulltime,,,,,,False,associate,Engineering and Information Technology,,,IT Services and IT Consulting,https://de.linkedin.com/company/sii-germany,,,,,,,,,,,
linkedin,Engineer Advanced Technology (M/F/D),Adtran,"Munich, Bavaria, Germany",2026-09-03,https://www.linkedin.com/jobs/view/4443716832 , ,li-4443716832,fulltime,,,,,,False,mid-senior level,Engineering and Information Technology,,,Telecommunications,https://www.linkedin.com/company/adtran,,,,,,,,,,,
linkedin,Field Application Engineer,IC Resources,"Munich, Bavaria, Germany",2026-09-03,https://www.linkedin.com/jobs/view/4462877459 , ,li-4462877459,fulltime,,,,,,False,mid-senior level,Sales and Engineering,,,Semiconductor Manufacturing,https://uk.linkedin.com/company/icresources,,,,,,,,,,,
linkedin,HF-Entwicklungsingenieur (m/w/d),citema systems GmbH,"Stuttgart, Baden-Württemberg, Germany",2026-09-03,https://www.linkedin.com/jobs/view/4460700820 , ,li-4460700820,fulltime,,,,,,False,mid-senior level,Information Technology,,,IT Services and IT Consulting,https://de.linkedin.com/company/citema-group-gmbh,,,,,,,,,,,
linkedin,Systemingenieur für TRx-4D Vorentwicklung (w/m/d),HENSOLDT,"Ulm, Baden-Württemberg, Germany",2026-09-03,https://www.linkedin.com/jobs/view/4462716305 , ,li-4462716305,fulltime,,,,,,False,mid-senior level,Information Technology,,jobs@hensoldt.net,Defense and Space Manufacturing,https://de.linkedin.com/company/hensoldt,,,,,,,,,,,
linkedin,Entwicklungsingenieur - Leistungselektronik Luftfahrt (m/w/d),SII Germany,"Ulm, Baden-Württemberg, Germany",2026-09-03,https://www.linkedin.com/jobs/view/4462791655 , ,li-4462791655,fulltime,,,,,,False,entry level,Engineering and Information Technology,,,IT Services and IT Consulting,https://de.linkedin.com/company/sii-germany,,,,,,,,,,,
linkedin,Senior Hardwareentwickler (m/w/d) Leistungselektronik,ACONEXT,"Nuremberg, Bavaria, Germany",2026-09-03,https://www.linkedin.com/jobs/view/4460489383 , ,li-4460489383,fulltime,,,,,,False,associate,Engineering,,,Machinery Manufacturing,https://de.linkedin.com/company/aconext-holding-gmbh,,,,,,,,,,,
linkedin,Sound-Hardwareentwickler (m/w/d),MERKUR GROUP,"Lübbecke, North Rhine-Westphalia, Germany",2026-09-03,https://www.linkedin.com/jobs/view/4462837129 , ,li-4462837129,fulltime,,,,,,False,entry level,Engineering and Information Technology,,,Gambling Facilities and Casinos,https://de.linkedin.com/company/merkur-group,,,,,,,,,,,
linkedin,Projektant Electrical Engineering,BEUMER Group,"Magdeburg, Saxony-Anhalt, Germany",2026-09-03,https://www.linkedin.com/jobs/view/4426092560 , ,li-4426092560,fulltime,,,,,,False,not applicable,Other,,,Mechanical Or Industrial Engineering,https://de.linkedin.com/company/beumer-group-,,,,,,,,,,,
linkedin,Product Engineer (m/w/d),pfm medical gmbh,"Nonnweiler, Saarland, Germany",2026-09-03,https://www.linkedin.com/jobs/view/4461639511 , ,li-4461639511,fulltime,,,,,,False,mid-senior level,Information Technology,,,Retail,https://de.linkedin.com/company/pfmmedical,,,,,,,,,,,
linkedin,Validation Engineer (f/m/d),Renesas Electronics,"Germering, Bavaria, Germany",2026-09-03,https://www.linkedin.com/jobs/view/4460489857 , ,li-4460489857,fulltime,,,,,,False,mid-senior level,Manufacturing,,,Semiconductor Manufacturing,https://jp.linkedin.com/company/renesas,,,,,,,,,,,
linkedin,Electronics Technician / Junior Development Engineer,Rapiscan Systems,"Wuppertal, North Rhine-Westphalia, Germany",2026-09-03,https://www.linkedin.com/jobs/view/4460706867 , ,li-4460706867,fulltime,,,,,,False,entry level,Engineering and Information Technology,,,Security and Investigations,https://www.linkedin.com/company/rapiscan-systems,,,,,,,,,,,
linkedin,Senior Hardware Engineer - Electronics Design / PCB / RF (Hybrid),Attis,"Munich, Bavaria, Germany",2026-09-03,https://www.linkedin.com/jobs/view/4462805320 , ,li-4462805320,fulltime,,,,,,True,mid-senior level,"Information Technology, Engineering, and Other",,,"Defense and Space Manufacturing, Space Research and Technology, and Computer Hardware Manufacturing",https://uk.linkedin.com/company/attisglobal,,,,,,,,,,,
linkedin,Senior SoC Architect (f/m/d),Black Semiconductor,"Aachen, North Rhine-Westphalia, Germany",2026-09-03,https://www.linkedin.com/jobs/view/4453167032 , ,li-4453167032,fulltime,,,,,,False,mid-senior level,Information Technology,,,Semiconductor Manufacturing,https://de.linkedin.com/company/black-semiconductor,,,,,,,,,,,
linkedin,Advanced Engineer Advanced Techology,Adtran,"Meiningen, Thuringia, Germany",2026-09-03,https://www.linkedin.com/jobs/view/4443720677 , ,li-4443720677,fulltime,,,,,,False,mid-senior level,Engineering and Information Technology,,,Telecommunications,https://www.linkedin.com/company/adtran,,,,,,,,,,,
linkedin,Embedded Software & Systems Consultant (m/w/d),INVENSITY,"Wiesbaden, Hesse, Germany",2026-09-03,https://www.linkedin.com/jobs/view/4460701743 , ,li-4460701743,fulltime,,,,,,False,associate,Information Technology,,sinja.seyfert@invensity.com,Software Development,https://de.linkedin.com/company/invensity,,,,,,,,,,,
linkedin,Software Developer Embedded Systems Aerospace (m/f/d),Liebherr Aerospace and Transportation,"Lindenberg im Allgäu, Bavaria, Germany",2026-09-03,https://www.linkedin.com/jobs/view/4453207892 , ,li-4453207892,fulltime,,,,,,False,entry level,Engineering and Information Technology,,,Industrial Machinery Manufacturing,https://fr.linkedin.com/company/liebherr-aerospace-and-transportation,,,,,,,,,,,
linkedin,Flash Layer Firmware Engineer (m/f/d),Swissbit AG,,2026-09-03,https://www.linkedin.com/jobs/view/4437364610 , ,li-4437364610,fulltime,,,,,,False,mid-senior level,Engineering and Information Technology,,,Semiconductor Manufacturing,https://ch.linkedin.com/company/swissbit-ag,,,,,,,,,,,
linkedin,ELECTRONICS ENGINEER (f/m/d),Omnisent,"Munich, Bavaria, Germany",2026-09-03,https://www.linkedin.com/jobs/view/4460726060 , ,li-4460726060,fulltime,,,,,,False,entry level,Engineering,,,IT Services and IT Consulting,https://de.linkedin.com/company/omnisent,,,,,,,,,,,
linkedin,Electronics Hardware Engineer (m/f/d) DeepTech Startup,Employer Brand Anchor,"Munich, Bavaria, Germany",2026-09-03,https://www.linkedin.com/jobs/view/4462814752 , ,li-4462814752,fulltime,,,,,,False,not applicable,Information Technology,,,IT Services and IT Consulting,https://www.linkedin.com/company/employer-brand-anchor,,,,,,,,,,,
linkedin,Digital Circuit Design Engineer (m/f/d),Apple,"Munich, Bavaria, Germany",2026-09-03,https://www.linkedin.com/jobs/view/4461654291 , ,li-4461654291,fulltime,,,,,,False,entry level,Engineering and Information Technology,,,Computers and Electronics Manufacturing,https://www.linkedin.com/company/apple,,,,,,,,,,,
linkedin,Senior Electronic Hardware Engineer,NewSpace Technical,"Berlin, Germany",2026-09-03,https://www.linkedin.com/jobs/view/4461697240 , ,li-4461697240,fulltime,,,,,,False,mid-senior level,Engineering,,angela.olmo@newspacetechnical.com,Defense and Space Manufacturing and Space Research and Technology,https://uk.linkedin.com/company/newspacetechnical,,,,,,,,,,,
linkedin,Hardwareentwickler (m/w/d) - Jobbird.com,Jobster,"Soest, North Rhine-Westphalia, Germany",2026-09-03,https://www.linkedin.com/jobs/view/4461615825 , ,li-4461615825,fulltime,,,,,,False,mid-senior level,Engineering and Information Technology,,,Software Development,https://nl.linkedin.com/company/jobster-com,,,,,,,,,,,
linkedin,Entwicklungsingenieur (m/w/d) Hardware im Bereich Digital Communication Remote Systems,Pepperl+Fuchs Group,"Mannheim, Baden-Württemberg, Germany",2026-09-03,https://www.linkedin.com/jobs/view/4450225538 , ,li-4450225538,fulltime,,,,,,True,entry level,Engineering and Information Technology,,,Automation Machinery Manufacturing,https://de.linkedin.com/company/pepperl-fuchs-group,,,,,,,,,,,
linkedin,Principal Analog Engineer - Intelligent Power Devices,Renesas Electronics,"Munich, Bavaria, Germany",2026-09-03,https://www.linkedin.com/jobs/view/4431568531 , ,li-4431568531,fulltime,,,,,,True,mid-senior level,Manufacturing,,,Semiconductor Manufacturing,https://jp.linkedin.com/company/renesas,,,,,,,,,,,
linkedin,Module Engineer Electric (m/w/d) (31600),RECARO Aircraft Seating,"Schwäbisch Hall, Baden-Württemberg, Germany",2026-09-03,https://www.linkedin.com/jobs/view/4462894455 , ,li-4462894455,fulltime,,,,,,False,mid-senior level,Engineering and Information Technology,,,Aviation and Aerospace Component Manufacturing,https://de.linkedin.com/company/recaro-aircraft-seating,,,,,,,,,,,
linkedin,MECHANICAL ENGINEER (f/m/d),Omnisent,"Munich, Bavaria, Germany",2026-09-03,https://www.linkedin.com/jobs/view/4460730389 , ,li-4460730389,fulltime,,,,,,False,entry level,Engineering,,,IT Services and IT Consulting,https://de.linkedin.com/company/omnisent,,,,,,,,,,,
linkedin,"AV Engineer 3 - Stuttgart, Germany","M.C. Dean, Inc.","Stuttgart, Baden-Württemberg, Germany",2026-09-03,https://www.linkedin.com/jobs/view/4462719369 , ,li-4462719369,fulltime,,,,,,False,not applicable,"Design, Art/Creative, and Information Technology",,,Design Services,https://www.linkedin.com/company/m-c-dean-inc,,,,,,,,,,,
linkedin,"Quantum Engineer, Gates",IQM Quantum Computers,"Munich, Bavaria, Germany",2026-09-03,https://www.linkedin.com/jobs/view/4443914812 , ,li-4443914812,fulltime,,,,,,False,mid-senior level,Engineering and Information Technology,,,Computer Hardware Manufacturing,https://fi.linkedin.com/company/iqm-quantum-computers,,,,,,,,,,,
linkedin,Staatl. gepr. Elektrotechniker oder Bachelor of Engineering (m/w/d),MOSOLF Port Logistics & Services GmbH,"Korschenbroich, North Rhine-Westphalia, Germany",2026-09-03,https://www.linkedin.com/jobs/view/4464333383 , ,li-4464333383,fulltime,,,,,,False,entry level,Management and Manufacturing,,,"Transportation, Logistics, Supply Chain and Storage",https://de.linkedin.com/company/mplsgmbh,,,,,,,,,,,
linkedin,"Systemingenieur (m/w/d) Simulation, Verifikation & Integration komplexer Systeme",ACONEXT,"Ulm, Baden-Württemberg, Germany",2026-09-03,https://www.linkedin.com/jobs/view/4460475499 , ,li-4460475499,fulltime,,,,,,False,mid-senior level,Information Technology,,,Engineering Services,https://de.linkedin.com/company/aconext-holding-gmbh,,,,,,,,,,,
linkedin,Konstrukteur (m/w/d),TKMS,"Kiel, Schleswig-Holstein, Germany",2026-09-03,https://www.linkedin.com/jobs/view/4460744379 , ,li-4460744379,fulltime,,,,,,False,mid-senior level,Engineering,,,Utilities,https://de.linkedin.com/company/tkms,,,,,,,,,,,
linkedin,Mechanikkonstrukteur (all genders),ek robotics – a NEURA brand,"Hamburg, Hamburg, Germany",2026-09-03,https://www.linkedin.com/jobs/view/4460471468 , ,li-4460471468,fulltime,,,,,,False,mid-senior level,Design,,,Machinery Manufacturing,https://de.linkedin.com/company/ek-robotics,,,,,,,,,,,
linkedin,Projektleiter (m/w/d) R&D für maritime Kommunikationssysteme,citema systems GmbH,"Kiel, Schleswig-Holstein, Germany",2026-09-03,https://www.linkedin.com/jobs/view/4460717612 , ,li-4460717612,fulltime,,,,,,False,mid-senior level,Information Technology,,,IT Services and IT Consulting,https://de.linkedin.com/company/citema-group-gmbh,,,,,,,,,,,
linkedin,Senior Satellite Systems Engineer,OKAPI:Orbits,"Brunswick, Lower Saxony, Germany",2026-09-03,https://www.linkedin.com/jobs/view/4460725372 , ,li-4460725372,fulltime,,,,,,True,associate,Engineering,,,Software Development,https://de.linkedin.com/company/okapi-orbits,,,,,,,,,,,
linkedin,RF/mmWave IC & SiP Design Manager (m/f/d),Keysight Technologies,"Böblingen, Baden-Württemberg, Germany",2026-09-03,https://www.linkedin.com/jobs/view/4460716807 , ,li-4460716807,fulltime,,,,,,False,mid-senior level,"Management, Project Management, and Engineering",,,"Appliances, Electrical, and Electronics Manufacturing and Technology, Information and Internet",https://www.linkedin.com/company/keysight-technologies,,,,,,,,,,,
linkedin,Analog IC Designer,Xavveo,,2026-09-03,https://www.linkedin.com/jobs/view/4462852199 , ,li-4462852199,fulltime,,,,,,False,not applicable,Engineering,,,Semiconductor Manufacturing,https://www.linkedin.com/company/xavveo,,,,,,,,,,,
linkedin,Senior Staff Research Scientist | Voice,DeepL,"Munich, Bavaria, Germany",2026-09-02,https://www.linkedin.com/jobs/view/4461331604 , ,li-4461331604,fulltime,,,,,,False,associate,Other,,,Software Development,https://de.linkedin.com/company/deepl,,,,,,,,,,,
linkedin,Ingenieur oder Meister / Techniker Elektrotechnik / Sekundärtechnik / Automatisierung (w/m/d),Munich Airport,,2026-09-02,https://www.linkedin.com/jobs/view/4454507844 , ,li-4454507844,fulltime,,,,,,False,associate,Management and Engineering,,,Airlines and Aviation,https://de.linkedin.com/company/munich-airport,,,,,,,,,,,
linkedin,Radio Frequency Engineer (f/m/d),SSC Space,"Darmstadt, Hesse, Germany",2026-09-02,https://www.linkedin.com/jobs/view/4461326258 , ,li-4461326258,fulltime,,,,,,False,entry level,Engineering and Information Technology,,,Aviation & Aerospace,https://se.linkedin.com/company/ssc-space,,,,,,,,,,,
linkedin,"Planungsingenieur:in Telekommunikationstechnik, Funk-Infrastruktur",Deutsche Bahn,"Frankfurt am Main, Hesse, Germany",2026-09-02,https://www.linkedin.com/jobs/view/4397518639 , ,li-4397518639,fulltime,,,,,,False,mid-senior level,Management and Manufacturing,,,Truck Transportation,https://de.linkedin.com/company/deutschebahn,,,,,,,,,,,
linkedin,Advanced Packaging Electrical / Signal Integrity Architect (f/m/d),Black Semiconductor,"Aachen, North Rhine-Westphalia, Germany",2026-09-02,https://www.linkedin.com/jobs/view/4443784619 , ,li-4443784619,fulltime,,,,,,False,mid-senior level,"Design, Art/Creative, and Information Technology",,,Semiconductor Manufacturing,https://de.linkedin.com/company/black-semiconductor,,,,,,,,,,,
linkedin,Senior Application Engineer (f/m/d),HOLOPLOT,"Berlin, Berlin, Germany",2026-09-02,https://www.linkedin.com/jobs/view/4460992470 , ,li-4460992470,fulltime,,,,,,False,associate,Engineering,,,"Appliances, Electrical, and Electronics Manufacturing",https://de.linkedin.com/company/holoplot-gmbh,,,,,,,,,,,
linkedin,Intelligent Power Devices Expert (Principal Analog Engineer),Renesas Electronics,"Düsseldorf, North Rhine-Westphalia, Germany",2026-09-02,https://www.linkedin.com/jobs/view/4431574496 , ,li-4431574496,fulltime,,,,,,True,mid-senior level,Engineering,,,Semiconductor Manufacturing,https://jp.linkedin.com/company/renesas,,,,,,,,,,,
linkedin,Systemingenieur:in (m/w/d) Raumfahrtsystemangebote und -studien,OHB SE,"Bremen, Bremen, Germany",2026-09-02,https://www.linkedin.com/jobs/view/4462189002 , ,li-4462189002,fulltime,,,,,,False,mid-senior level,Engineering,,,Defense and Space Manufacturing,https://de.linkedin.com/company/ohb-se,,,,,,,,,,,
linkedin,Senior Systemingenieur Electronic Warfare (w/m/d),HENSOLDT,"Ulm, Baden-Württemberg, Germany",2026-09-02,https://www.linkedin.com/jobs/view/4459633683 , ,li-4459633683,fulltime,,,,,,False,mid-senior level,Information Technology,,jobs@hensoldt.net,Defense and Space Manufacturing,https://de.linkedin.com/company/hensoldt,,,,,,,,,,,
linkedin,"Optical Metrology / Measurement Engineer – Oberkochen, Deutschland",Optimus Search,"Oberkochen, Baden-Württemberg, Germany",2026-09-02,https://www.linkedin.com/jobs/view/4459925495 , ,li-4459925495,fulltime,,,,,,False,mid-senior level,Engineering,,,Engineering Services,https://uk.linkedin.com/company/optimus-search,,,,,,,,,,,
linkedin,Senior Engineer Embedded AI (f/m/d),Aptiv,"Wuppertal, North Rhine-Westphalia, Germany",2026-09-02,https://www.linkedin.com/jobs/view/4452470581 , ,li-4452470581,fulltime,,,,,,False,not applicable,Engineering and Information Technology,,,Automation Machinery Manufacturing,https://ch.linkedin.com/company/aptiv,,,,,,,,,,,
linkedin,"PreMaster Programm - GapYear - Konstruktion, Automation & Inbetriebnahme von Lernfabriken",Bosch,"Ulm, Baden-Württemberg, Germany",2026-09-02,https://www.linkedin.com/jobs/view/4460973090 , ,li-4460973090,fulltime,,,,,,False,not applicable,Sales,,,Industrial Automation,https://de.linkedin.com/company/bosch,,,,,,,,,,,
linkedin,Staff Safety & Robotics Software Engineer (f/m/d),Magazino – a Jungheinrich company,"Munich, Bavaria, Germany",2026-09-02,https://www.linkedin.com/jobs/view/4459948465 , ,li-4459948465,fulltime,,,,,,False,mid-senior level,Engineering,,,Robot Manufacturing and Robotics Engineering,https://de.linkedin.com/company/magazino-a-jungheinrich-company,,,,,,,,,,,
linkedin,"Optical Metrology / Measurement Engineer – Oberkochen, Germany",Optimus Search,"Oberkochen, Baden-Württemberg, Germany",2026-09-02,https://www.linkedin.com/jobs/view/4459923849 , ,li-4459923849,fulltime,,,,,,False,mid-senior level,Engineering,,,Engineering Services,https://uk.linkedin.com/company/optimus-search,,,,,,,,,,,
linkedin,Entwicklungsingenieur Mechanik / Physiker / Messingenieur (m/w/d),"Mettler-Toledo International, Inc","Ebingen, Baden-Württemberg, Germany",2026-09-02,https://www.linkedin.com/jobs/view/4425234561 , ,li-4425234561,fulltime,,,,,,False,associate,Engineering,,katharina.weber@mt.com,"Appliances, Electrical, and Electronics Manufacturing",https://ch.linkedin.com/company/mettlertoledo,,,,,,,,,,,
linkedin,Experte (m/w/d) Leit- und Sicherungstechnik,Scheidt & Bachmann,"Mönchengladbach, North Rhine-Westphalia, Germany",2026-09-02,https://www.linkedin.com/jobs/view/4392665279 , ,li-4392665279,fulltime,,,,,,False,mid-senior level,Other,,,IT Services and IT Consulting,https://de.linkedin.com/company/scheidt-&-bachmann,,,,,,,,,,,
linkedin,"Ingenieur*in (Bachelor/ Master of Engineering) Elektronik, Elektro- oderInformationstechnik (m/w/d) mit Erfahrung oder Interesse im Bereich Kommunikationstechnik",Blickle & Scherer Kommunikationstechnik GmbH & Co. KG,"Stockach, Baden-Württemberg, Germany",2026-09-02,https://www.linkedin.com/jobs/view/4462182105 , ,li-4462182105,fulltime,,,,,,False,entry level,Engineering,,,Telecommunications,https://de.linkedin.com/company/bsk-world,,,,,,,,,,,
linkedin,"Sr. Engineer, Verifications",SiTime,"Munich, Bavaria, Germany",2026-09-02,https://www.linkedin.com/jobs/view/4452474125 , ,li-4452474125,fulltime,,,,,,False,mid-senior level,Quality Assurance,,,Semiconductor Manufacturing,https://www.linkedin.com/company/sitime,,,,,,,,,,,
linkedin,Leitender Ingenieur für analoges ASIC-Design (m/w/d) (w/m/div.),Bosch,"Reutlingen, Baden-Württemberg, Germany",2026-09-02,https://www.linkedin.com/jobs/view/4460972104 , ,li-4460972104,fulltime,,,,,,False,associate,Research,,,Automotive,https://de.linkedin.com/company/bosch,,,,,,,,,,,
linkedin,Mixed-Signal ASIC Design Engineer for Analog Frontends and ADCs (f/m/div.),Bosch,"Reutlingen, Baden-Württemberg, Germany",2026-09-02,https://www.linkedin.com/jobs/view/4460975055 , ,li-4460975055,fulltime,,,,,,False,associate,Engineering,,,Automotive,https://de.linkedin.com/company/bosch,,,,,,,,,,,
linkedin,Systemingenieur für Laser-Elektronik (w/m/d),HENSOLDT,"Oberkochen, Baden-Württemberg, Germany",2026-09-02,https://www.linkedin.com/jobs/view/4460180968 , ,li-4460180968,fulltime,,,,,,False,mid-senior level,Information Technology,,jobs@hensoldt.net,Defense and Space Manufacturing,https://de.linkedin.com/company/hensoldt,,,,,,,,,,,
linkedin,Senior RF Engineer II,CesiumAstro,"Munich, Bavaria, Germany",2026-09-02,https://www.linkedin.com/jobs/view/4443529723 , ,li-4443529723,fulltime,,,,,,False,mid-senior level,Engineering and Information Technology,,,Defense and Space Manufacturing,https://www.linkedin.com/company/cesiumastro,,,,,,,,,,,
linkedin,Lead Electrical Engineer (m/f/d),WITTENSTEIN group,"Igersheim, Baden-Württemberg, Germany",2026-09-02,https://www.linkedin.com/jobs/view/4430579283 , ,li-4430579283,fulltime,,,,,,True,associate,Research and Engineering,,jobs@leospace.de,Automation Machinery Manufacturing,https://de.linkedin.com/company/wittenstein-group,,,,,,,,,,,
linkedin,Elektronik-Ingenieur (m/w/d) für den Bereich Forschung und Entwicklung,AMETEK,"Cleves, North Rhine-Westphalia, Germany",2026-09-02,https://www.linkedin.com/jobs/view/4462417297 , ,li-4462417297,fulltime,,,,,,False,entry level,Engineering and Information Technology,,,Manufacturing,https://www.linkedin.com/company/ametek,,,,,,,,,,,
linkedin,"Entwicklungsingenieur Hardware, all genders",SALT AND PEPPER Group,"Osnabrück, Lower Saxony, Germany",2026-09-02,https://www.linkedin.com/jobs/view/4069341891 , ,li-4069341891,fulltime,,,,,,False,entry level,Engineering and Information Technology,,,Engineering Services,https://de.linkedin.com/company/salt-and-pepper,,,,,,,,,,,
linkedin,Layoutentwickler Elektronik / PCB Designer (w/m/d),WITTENSTEIN group,"Igersheim, Baden-Württemberg, Germany",2026-09-02,https://www.linkedin.com/jobs/view/4431291543 , ,li-4431291543,fulltime,,,,,,False,associate,Research and Engineering,,,Automation Machinery Manufacturing and Machinery Manufacturing,https://de.linkedin.com/company/wittenstein-group,,,,,,,,,,,
linkedin,Photonics Circuit Designer (f/m/d),Black Semiconductor,"Aachen, North Rhine-Westphalia, Germany",2026-09-02,https://www.linkedin.com/jobs/view/4443784620 , ,li-4443784620,fulltime,,,,,,False,mid-senior level,Engineering and Information Technology,,,Semiconductor Manufacturing,https://de.linkedin.com/company/black-semiconductor,,,,,,,,,,,
linkedin,Senior Test Hardware Engineer (f/m/d),Renesas Electronics,"Nabern, Baden-Württemberg, Germany",2026-09-02,https://www.linkedin.com/jobs/view/4426340752 , ,li-4426340752,fulltime,,,,,,True,mid-senior level,Manufacturing,,,Semiconductor Manufacturing,https://jp.linkedin.com/company/renesas,,,,,,,,,,,
linkedin,Product Engineer (Adjacent Markets) (f/m/d),Versigent,"Wolfsburg, Lower Saxony, Germany",2026-09-02,https://www.linkedin.com/jobs/view/4416228992 , ,li-4416228992,fulltime,,,,,,False,mid-senior level,Engineering and Information Technology,,,Manufacturing,https://www.linkedin.com/company/versigent,,,,,,,,,,,
linkedin,Integrations- und Wartungstechniker - Radar Units (w/m/d) - Laichingen,HENSOLDT,"Ulm, Baden-Württemberg, Germany",2026-09-02,https://www.linkedin.com/jobs/view/4462108157 , ,li-4462108157,fulltime,,,,,,False,mid-senior level,Management and Manufacturing,,jobs@hensoldt.net,Defense and Space Manufacturing,https://de.linkedin.com/company/hensoldt,,,,,,,,,,,
linkedin,Elektroingenieur (m/w/d) im Produktmanagement,KA Resources Recruitment SL,"Aachen, North Rhine-Westphalia, Germany",2026-09-02,https://www.linkedin.com/jobs/view/4459959446 , ,li-4459959446,fulltime,,,,,,False,associate,Engineering and Information Technology,,n.zurybida@karesources.com,Facilities Services,https://es.linkedin.com/company/ka-resources-recruitment,,,,,,,,,,,
linkedin,Lead Engineer Analog ASIC Design (f/m/div.),Bosch,"Reutlingen, Baden-Württemberg, Germany",2026-09-02,https://www.linkedin.com/jobs/view/4460962958 , ,li-4460962958,fulltime,,,,,,False,associate,Research,,,Automotive,https://de.linkedin.com/company/bosch,,,,,,,,,,,
linkedin,Senior Staff Research Scientist | Voice,DeepL,"Cologne, North Rhine-Westphalia, Germany",2026-09-02,https://www.linkedin.com/jobs/view/4461331603 , ,li-4461331603,fulltime,,,,,,False,associate,Other,,,Software Development,https://de.linkedin.com/company/deepl,,,,,,,,,,,
linkedin,Embedded Software Engineer (m/w/d) für Satelliten‑Telekom‑Payloads,OHB SE,"Bremen, Bremen, Germany",2026-09-02,https://www.linkedin.com/jobs/view/4462171416 , ,li-4462171416,fulltime,,,,,,False,mid-senior level,Engineering,,,Defense and Space Manufacturing,https://de.linkedin.com/company/ohb-se,,,,,,,,,,,
linkedin,Applied Operations Research Engineer,Circonomit,"Cologne, North Rhine-Westphalia, Germany",2026-09-02,https://www.linkedin.com/jobs/view/4462172320 , ,li-4462172320,fulltime,,,,,,False,mid-senior level,Engineering,,,IT Services and IT Consulting,https://de.linkedin.com/company/circonomit,,,,,,,,,,,
linkedin,Development Engineer Navigation Sensors & Systems (w/m/d),Brunel,"Schrobenhausen, Bavaria, Germany",2026-09-02,https://www.linkedin.com/jobs/view/4460967453 , ,li-4460967453,fulltime,,,,,,False,not applicable,Manufacturing,,,Defense and Space Manufacturing,https://nl.linkedin.com/company/brunel,,,,,,,,,,,
linkedin,DSP ASIC Verification Engineer - Optical Transmission Systems,Ciena,,2026-09-02,https://www.linkedin.com/jobs/view/4414700934 , ,li-4414700934,fulltime,,,,,,False,mid-senior level,Quality Assurance,,,Telecommunications,https://www.linkedin.com/company/ciena,,,,,,,,,,,
linkedin,Quantum Algorithm Engineer (m/f/d),Aqarios,"Munich, Bavaria, Germany",2026-09-02,https://www.linkedin.com/jobs/view/4462167983 , ,li-4462167983,fulltime,,,,,,True,entry level,Engineering and Information Technology,,,Software Development,https://de.linkedin.com/company/aqarios-gmbh,,,,,,,,,,,
linkedin,Computer Vision Engineer for Drone Systems (m/w/d),Alpine Eagle,"Munich, Bavaria, Germany",2026-09-02,https://www.linkedin.com/jobs/view/4462195670 , ,li-4462195670,fulltime,,,,,,False,not applicable,Engineering,,,Software Development,https://de.linkedin.com/company/alpineeagle,,,,,,,,,,,
linkedin,Audio DSP Engineer (m/f/d),Sonova Group,"Hannover, Lower Saxony, Germany",2026-09-02,https://www.linkedin.com/jobs/view/4462424778 , ,li-4462424778,fulltime,,,,,,False,entry level,Engineering,,,Medical Equipment Manufacturing,https://ch.linkedin.com/company/sonovagroup,,,,,,,,,,,
linkedin,Rotational Program Development Engineer [Signal Integrity],VIAVI Solutions,"Eningen unter Achalm, Baden-Württemberg, Germany",2026-09-02,https://www.linkedin.com/jobs/view/4460990545 , ,li-4460990545,fulltime,,,,,,False,mid-senior level,Engineering and Information Technology,,,Telecommunications,https://www.linkedin.com/company/viavi-solutions,,,,,,,,,,,
linkedin,Systems Engineering & IV&V Engineer,Solenix,"Darmstadt, Hesse, Germany",2026-09-02,https://www.linkedin.com/jobs/view/4460977637 , ,li-4460977637,fulltime,,,,,,True,not applicable,Engineering,,,Aviation and Aerospace Component Manufacturing,https://de.linkedin.com/company/solenix,,,,,,,,,,,
linkedin,Space Lead Software Engineer (m/f/d),WITTENSTEIN group,"Igersheim, Baden-Württemberg, Germany",2026-09-02,https://www.linkedin.com/jobs/view/4443803145 , ,li-4443803145,fulltime,,,,,,True,associate,Research and Engineering,,jobs@leospace.de,Automation Machinery Manufacturing,https://de.linkedin.com/company/wittenstein-group,,,,,,,,,,,
linkedin,Forward Deployed Engineer (d/m/w) Defense Deutschland remote,The Formula Consulting,"Berlin, Berlin, Germany",2026-09-02,https://www.linkedin.com/jobs/view/4460985564 , ,li-4460985564,fulltime,,,,,,True,entry level,Engineering and Information Technology,,,Business Consulting and Services,https://de.linkedin.com/company/the-formula-consulting,,,,,,,,,,,
linkedin,Simulation Engineer,AI Futures,"Munich, Bavaria, Germany",2026-09-02,https://www.linkedin.com/jobs/view/4459935070 , ,li-4459935070,fulltime,,,,,,False,mid-senior level,Information Technology,,,Information Services,https://uk.linkedin.com/company/aifuturesgroup,,,,,,,,,,,
linkedin,Business Development Engineer -RF/Microwave (m/f/d),Molex,"Walldorf, Baden-Württemberg, Germany",2026-09-01,https://www.linkedin.com/jobs/view/4440159880 , ,li-4440159880,fulltime,,,,,,False,mid-senior level,Business Development and Sales,,,"Appliances, Electrical, and Electronics Manufacturing",https://www.linkedin.com/company/molex,,,,,,,,,,,
linkedin,FPGA Engineer,Auxo Talent,"Lower Saxony, Germany",2026-09-01,https://www.linkedin.com/jobs/view/4460263090 , ,li-4460263090,fulltime,,,,,,False,mid-senior level,Engineering and Information Technology,,,"Appliances, Electrical, and Electronics Manufacturing, Computer Hardware Manufacturing, and Semiconductor Manufacturing",https://www.linkedin.com/company/auxotalent,,,,,,,,,,,
linkedin,E-Konstrukteur (m/w/d),ep group,"Bopfingen, Baden-Württemberg, Germany",2026-09-01,https://www.linkedin.com/jobs/view/4461524442 , ,li-4461524442,fulltime,,,,,,False,entry level,Management and Manufacturing,,,Alternative Dispute Resolution and Alternative Medicine,https://de.linkedin.com/company/ep-group-gmbh,,,,,,,,,,,
linkedin,Hardware Entwickler (m/w/d) in der industriellen Automatisierung,GEMMACON,"Kirchheim unter Teck, Baden-Württemberg, Germany",2026-09-01,https://www.linkedin.com/jobs/view/4461707530 , ,li-4461707530,fulltime,,,,,,False,associate,Manufacturing,,,Automation Machinery Manufacturing and Industrial Machinery Manufacturing,https://de.linkedin.com/company/gemmacon-gmbh,,,,,,,,,,,
linkedin,"Team Lead Hardware Engineering, R&D / Project Manager (m/f/d)",Esko,"Itzehoe, Schleswig-Holstein, Germany",2026-09-01,https://www.linkedin.com/jobs/view/4460646096 , ,li-4460646096,fulltime,,,,,,False,not applicable,Product Management,,,Industrial Machinery Manufacturing,https://be.linkedin.com/company/esko,,,,,,,,,,,
linkedin,(Senior) Hardware Integration Engineer,Twentyfour Industries,"Munich, Bavaria, Germany",2026-09-01,https://www.linkedin.com/jobs/view/4459288853 , ,li-4459288853,fulltime,,,,,,True,associate,Engineering,,,Software Development,https://www.linkedin.com/company/24industries,,,,,,,,,,,
linkedin,PCB Designer / Layouter*,PULS Group,,2026-09-01,https://www.linkedin.com/jobs/view/4461734963 , ,li-4461734963,fulltime,,,,,,False,associate,Other,,,"Appliances, Electrical, and Electronics Manufacturing",https://de.linkedin.com/company/puls-gmbh,,,,,,,,,,,
linkedin,PCB Design & Electrical Engineer (human),NEURA Robotics,"Riederich, Baden-Württemberg, Germany",2026-09-01,https://www.linkedin.com/jobs/view/4422959405 , ,li-4422959405,fulltime,,,,,,False,mid-senior level,Engineering and Information Technology,,,Automation Machinery Manufacturing,https://de.linkedin.com/company/neura-robotics,,,,,,,,,,,
linkedin,Quantum Error Correction Experiment Engineer,IQM Quantum Computers,"Munich, Bavaria, Germany",2026-09-01,https://www.linkedin.com/jobs/view/4385580162 , ,li-4385580162,fulltime,,,,,,False,mid-senior level,Engineering and Information Technology,,,Computer Hardware Manufacturing,https://fi.linkedin.com/company/iqm-quantum-computers,,,,,,,,,,,
linkedin,Ingenieur Elektrotechnik (m/w/d),BRIGHT Consulting GmbH,"Waiblingen, Baden-Württemberg, Germany",2026-09-01,https://www.linkedin.com/jobs/view/4459279787 , ,li-4459279787,fulltime,,,,,,False,associate,Engineering,,,Industrial Machinery Manufacturing,https://de.linkedin.com/company/bright-consulting-gmbh,,,,,,,,,,,
linkedin,Antenna Design Engineer,Amphenol,"Frankfurt, Hesse, Germany",2026-09-01,https://www.linkedin.com/jobs/view/4296794814 , ,li-4296794814,fulltime,,,,,,False,associate,Engineering,,lauren.devine@amphenolmcp.com,"Appliances, Electrical, and Electronics Manufacturing",https://www.linkedin.com/company/amphenol,,,,,,,,,,,
linkedin,Technischer Manager F&E Elektromagnetischer Kampf Luft (m/w/d),IABG,"Berlin, Germany",2026-09-01,https://www.linkedin.com/jobs/view/4381024514 , ,li-4381024514,fulltime,,,,,,False,mid-senior level,Engineering and Information Technology,,,"IT Services and IT Consulting, Defense and Space Manufacturing, and Motor Vehicle Manufacturing",https://de.linkedin.com/company/iabg,,,,,,,,,,,
linkedin,Electronics Engineer (m/w/d) Sensorik & Optoelektronik,ep group,"Wedel, Schleswig-Holstein, Germany",2026-09-01,https://www.linkedin.com/jobs/view/4461523396 , ,li-4461523396,fulltime,,,,,,False,mid-senior level,Engineering and Information Technology,,,Alternative Dispute Resolution and Alternative Medicine,https://de.linkedin.com/company/ep-group-gmbh,,,,,,,,,,,
linkedin,GNC Engineer (m/f/d),ATMOS Space Cargo,,2026-09-01,https://www.linkedin.com/jobs/view/4457763083 , ,li-4457763083,fulltime,,,,,,False,mid-senior level,"Engineering, Research, and Information Technology",,,Defense and Space Manufacturing,https://de.linkedin.com/company/atmos-space-cargo,,,,,,,,,,,
linkedin,Business Development Engineer -RF/Microwave (m/f/d),Molex,,2026-09-01,https://www.linkedin.com/jobs/view/4440158999 , ,li-4440158999,fulltime,,,,,,False,mid-senior level,Business Development and Sales,,,"Appliances, Electrical, and Electronics Manufacturing",https://www.linkedin.com/company/molex,,,,,,,,,,,
linkedin,Battery Cell Engineer (all genders),STARK,"Munich, Bavaria, Germany",2026-09-01,https://www.linkedin.com/jobs/view/4450216912 , ,li-4450216912,fulltime,,,,,,False,associate,Engineering and Other,,,Defense and Space Manufacturing,https://de.linkedin.com/company/stark-defence,,,,,,,,,,,
linkedin,Dynamic Wireless Power Transfer System Engineer (m/f/d) – Requirements Focus,DENSO Europe,"Wegberg, North Rhine-Westphalia, Germany",2026-09-01,https://www.linkedin.com/jobs/view/4451661921 , ,li-4451661921,fulltime,,,,,,True,mid-senior level,Engineering and Information Technology,,,Automotive,https://nl.linkedin.com/company/densoeurope,,,,,,,,,,,
linkedin,RT Communication Bus Engineer (Mensch),NEURA Robotics,"Riederich, Baden-Württemberg, Germany",2026-09-01,https://www.linkedin.com/jobs/view/4422968286 , ,li-4422968286,fulltime,,,,,,False,mid-senior level,Health Care Provider,,,Automation Machinery Manufacturing,https://de.linkedin.com/company/neura-robotics,,,,,,,,,,,
linkedin,Embedded & Firmware Engineer (human),NEURA Robotics,"Riederich, Baden-Württemberg, Germany",2026-09-01,https://www.linkedin.com/jobs/view/4422956493 , ,li-4422956493,fulltime,,,,,,False,mid-senior level,Engineering and Information Technology,,,Automation Machinery Manufacturing,https://de.linkedin.com/company/neura-robotics,,,,,,,,,,,
linkedin,"Entwicklungsingenieur Embedded Software, all genders",SALT AND PEPPER Group,"Kempten, Bavaria, Germany",2026-09-01,https://www.linkedin.com/jobs/view/4460241483 , ,li-4460241483,fulltime,,,,,,False,entry level,Engineering and Information Technology,,,Engineering Services,https://de.linkedin.com/company/salt-and-pepper,,,,,,,,,,,
linkedin,Senior Digital Hardware Design Engineer (m/f/d),WORK Microwave,"Holzkirchen, Bavaria, Germany",2026-09-01,https://www.linkedin.com/jobs/view/4323204533 , ,li-4323204533,fulltime,,,,,,False,mid-senior level,Engineering and Information Technology,,,Defense and Space Manufacturing,https://de.linkedin.com/company/work-microwave-gmbh,,,,,,,,,,,
linkedin,Robot Perception Expert (human),NEURA Robotics,"Riederich, Baden-Württemberg, Germany",2026-09-01,https://www.linkedin.com/jobs/view/4422961337 , ,li-4422961337,fulltime,,,,,,False,mid-senior level,Other,,,Automation Machinery Manufacturing,https://de.linkedin.com/company/neura-robotics,,,,,,,,,,,
linkedin,Senior Embedded Software Engineer – Real-Time Flight Software (m/f/d),TYTAN Technologies,"Munich, Bavaria, Germany",2026-09-01,https://www.linkedin.com/jobs/view/4460250660 , ,li-4460250660,fulltime,,,,,,False,mid-senior level,Engineering,,,Defense and Space Manufacturing,https://de.linkedin.com/company/tytan-technologies,,,,,,,,,,,
linkedin,Senior Embedded Linux Platform Engineer | IoT-Plattform | Yocto | Python | München (Hybrid),ADVICE Consulting,,2026-09-01,https://www.linkedin.com/jobs/view/4448150314 , ,li-4448150314,fulltime,,,,,,False,associate,Engineering,,,Environmental Services and IT Services and IT Consulting,https://de.linkedin.com/company/advice-consulting-gmbh-co-kg,,,,,,,,,,,
linkedin,Automotive- Embedded Software Applications Engineer (m/f/d) – Platform/BSP - Ingolstadt,Qualcomm,"Ingolstadt, Bavaria, Germany",2026-09-01,https://www.linkedin.com/jobs/view/4451191637 , ,li-4451191637,fulltime,,,,,,False,not applicable,Other,,-accomodations@qualcomm.com,Semiconductor Manufacturing,https://www.linkedin.com/company/qualcomm,,,,,,,,,,,
linkedin,Principal Engineer (f/m/d) Application Engineering,Renesas Electronics,"Düsseldorf, North Rhine-Westphalia, Germany",2026-09-01,https://www.linkedin.com/jobs/view/4461706058 , ,li-4461706058,fulltime,,,,,,False,mid-senior level,Manufacturing,,,Semiconductor Manufacturing,https://jp.linkedin.com/company/renesas,,,,,,,,,,,
linkedin,"Entwicklungsingenieur Embedded Software, all genders",SALT AND PEPPER Group,"Jena, Thuringia, Germany",2026-09-01,https://www.linkedin.com/jobs/view/4460253288 , ,li-4460253288,fulltime,,,,,,False,entry level,Engineering and Information Technology,,,Engineering Services,https://de.linkedin.com/company/salt-and-pepper,,,,,,,,,,,
linkedin,Robot Platform Engineer (Mensch),NEURA Robotics,"Riederich, Baden-Württemberg, Germany",2026-09-01,https://www.linkedin.com/jobs/view/4422968270 , ,li-4422968270,fulltime,,,,,,False,mid-senior level,Engineering and Information Technology,,,Automation Machinery Manufacturing,https://de.linkedin.com/company/neura-robotics,,,,,,,,,,,
linkedin,Electronics Engineer - Mechatronic Actuated Systems (d/w/m),Ottobock Equipment B.V.,"Duderstadt, Lower Saxony, Germany",2026-09-01,https://www.linkedin.com/jobs/view/4460255100 , ,li-4460255100,fulltime,,,,,,False,mid-senior level,Quality Assurance,,lea.urbanczyk@ottobock.de,Machinery Manufacturing,https://nl.linkedin.com/company/ottobock-equipment-b-v,,,,,,,,,,,
linkedin,RT Communication Bus Engineer (Mensch),NEURA Robotics,,2026-09-01,https://www.linkedin.com/jobs/view/4429237264 , ,li-4429237264,fulltime,,,,,,False,mid-senior level,Health Care Provider,,,Automation Machinery Manufacturing,https://de.linkedin.com/company/neura-robotics,,,,,,,,,,,
linkedin,Robotics Middleware Engineer (Mensch),NEURA Robotics,,2026-09-01,https://www.linkedin.com/jobs/view/4429240279 , ,li-4429240279,fulltime,,,,,,False,mid-senior level,Information Technology,,,Automation Machinery Manufacturing,https://de.linkedin.com/company/neura-robotics,,,,,,,,,,,
linkedin,Robotics Middleware Engineer (human),NEURA Robotics,,2026-09-01,https://www.linkedin.com/jobs/view/4429237267 , ,li-4429237267,fulltime,,,,,,False,mid-senior level,Information Technology,,,Automation Machinery Manufacturing,https://de.linkedin.com/company/neura-robotics,,,,,,,,,,,
linkedin,ADAS Perception Engineer,European Tech Recruit,"Munich, Bavaria, Germany",2026-09-01,https://www.linkedin.com/jobs/view/4461717802 , ,li-4461717802,contract,,,,,,False,mid-senior level,Engineering,,,Semiconductor Manufacturing and Software Development,https://uk.linkedin.com/company/european-tech-recruit,,,,,,,,,,,
linkedin,Entwicklungsingenieur (m/w/d) Elektrische Systeme,Crown Gabelstapler GmbH & Co. KG - Deutschland,"Feldkirchen, Bavaria, Germany",2026-09-01,https://www.linkedin.com/jobs/view/4459287474 , ,li-4459287474,fulltime,,,,,,False,mid-senior level,Engineering,,,"Appliances, Electrical, and Electronics Manufacturing",https://de.linkedin.com/company/crown-gabelstapler-gmbh-&-co-kg,,,,,,,,,,,
linkedin,Robotics Middleware Engineer (Mensch),NEURA Robotics,"Munich, Bavaria, Germany",2026-09-01,https://www.linkedin.com/jobs/view/4429239288 , ,li-4429239288,fulltime,,,,,,False,mid-senior level,Information Technology,,,Automation Machinery Manufacturing,https://de.linkedin.com/company/neura-robotics,,,,,,,,,,,
linkedin,Smart Factory Expert (Mensch),NEURA Robotics,"Riederich, Baden-Württemberg, Germany",2026-09-01,https://www.linkedin.com/jobs/view/4450634591 , ,li-4450634591,fulltime,,,,,,False,entry level,Other,,,Automation Machinery Manufacturing,https://de.linkedin.com/company/neura-robotics,,,,,,,,,,,
linkedin,Embedded Hardware Developer (m/w/d),Truma Group GmbH & Co. KG,"Putzbrunn, Bavaria, Germany",2026-09-01,https://www.linkedin.com/jobs/view/4461723097 , ,li-4461723097,fulltime,,,,,,False,not applicable,Engineering and Information Technology,,,Motor Vehicle Manufacturing,https://de.linkedin.com/company/trumagroup,,,,,,,,,,,
linkedin,Electrical Engineer (m/f/d) - for semiconductor industry,Applied Materials Europe,"Feldkirchen-Westerham, Bavaria, Germany",2026-09-01,https://www.linkedin.com/jobs/view/4459539743 , ,li-4459539743,fulltime,,,,,,False,not applicable,Engineering and Information Technology,,,"Appliances, Electrical, and Electronics Manufacturing, Nanotechnology Research, and Semiconductor Manufacturing",https://nl.linkedin.com/company/applied-materials-europe,,,,,,,,,,,
linkedin,Embedded & Firmware Engineer (Mensch),NEURA Robotics,"Riederich, Baden-Württemberg, Germany",2026-09-01,https://www.linkedin.com/jobs/view/4422965275 , ,li-4422965275,fulltime,,,,,,False,mid-senior level,Engineering and Information Technology,,,Automation Machinery Manufacturing,https://de.linkedin.com/company/neura-robotics,,,,,,,,,,,
linkedin,Absolventen (m/w/d) für die Schaltungsentwicklung,Oehmichen & Bürgers Industrieplanung GmbH,"Düsseldorf, North Rhine-Westphalia, Germany",2026-09-01,https://www.linkedin.com/jobs/view/4461772580 , ,li-4461772580,fulltime,,,,,,False,internship,Other,,,Engineering Services,https://de.linkedin.com/company/oub,,,,,,,,,,,
linkedin,Robotics Integration Engineer – Sensor Networks (Mensch),NEURA Robotics,"Riederich, Baden-Württemberg, Germany",2026-09-01,https://www.linkedin.com/jobs/view/4448608849 , ,li-4448608849,fulltime,,,,,,False,mid-senior level,Information Technology,,,Automation Machinery Manufacturing,https://de.linkedin.com/company/neura-robotics,,,,,,,,,,,
linkedin,Powertrain Simulation Engineer (all genders),STARK,"Munich, Bavaria, Germany",2026-09-01,https://www.linkedin.com/jobs/view/4450232305 , ,li-4450232305,fulltime,,,,,,False,associate,Engineering and Other,,,Defense and Space Manufacturing,https://de.linkedin.com/company/stark-defence,,,,,,,,,,,
linkedin,Systemingenieur Funkerfassungssysteme (m/w/d),Rohde & Schwarz,"Kiel, Schleswig-Holstein, Germany",2026-09-01,https://www.linkedin.com/jobs/view/4457458899 , ,li-4457458899,fulltime,,,,,,False,not applicable,Information Technology,,,Telecommunications,https://de.linkedin.com/company/rohde-schwarz,,,,,,,,,,,
linkedin,Control Engineer for Actuators and Sensors (all genders),Reflex Aerospace,"Berlin, Berlin, Germany",2026-09-01,https://www.linkedin.com/jobs/view/4459541262 , ,li-4459541262,fulltime,,,,,,False,associate,Engineering,,,Aviation and Aerospace Component Manufacturing,https://de.linkedin.com/company/reflex-aerospace,,,,,,,,,,,
linkedin,Research scientist (f_m_x) - GNSS Reflectometry,GFZ Helmholtz Centre for Geosciences,"Potsdam, Brandenburg, Germany",2026-09-01,https://www.linkedin.com/jobs/view/4461706737 , ,li-4461706737,parttime,,,,,,True,mid-senior level,Other,,,Research Services,https://de.linkedin.com/company/gfz-helmholtz-zentrum-fuer-geoforschung,,,,,,,,,,,
linkedin,Virtual Prototyping Specialist – RF embedded systems (m/f/d),Apple,"Munich, Bavaria, Germany",2026-09-01,https://www.linkedin.com/jobs/view/4460246080 , ,li-4460246080,fulltime,,,,,,False,entry level,Other,,,Computers and Electronics Manufacturing,https://www.linkedin.com/company/apple,,,,,,,,,,,
linkedin,Robotics Control Engineer (Mensch),NEURA Robotics,"Riederich, Baden-Württemberg, Germany",2026-09-01,https://www.linkedin.com/jobs/view/4422957426 , ,li-4422957426,fulltime,,,,,,False,mid-senior level,Engineering and Information Technology,,,Automation Machinery Manufacturing,https://de.linkedin.com/company/neura-robotics,,,,,,,,,,,
linkedin,Robotics Integration Engineer – Sensor Networks (human),NEURA Robotics,"Riederich, Baden-Württemberg, Germany",2026-09-01,https://www.linkedin.com/jobs/view/4448613272 , ,li-4448613272,fulltime,,,,,,False,mid-senior level,Information Technology,,,Automation Machinery Manufacturing,https://de.linkedin.com/company/neura-robotics,,,,,,,,,,,
linkedin,Concept Engineer (human),NEURA Robotics,"Munich, Bavaria, Germany",2026-09-01,https://www.linkedin.com/jobs/view/4422968273 , ,li-4422968273,fulltime,,,,,,False,mid-senior level,Engineering and Information Technology,,,Automation Machinery Manufacturing,https://de.linkedin.com/company/neura-robotics,,,,,,,,,,,
linkedin,Mechanisms Engineer - Solar Arrays,Dcubed,"Germering, Bavaria, Germany",2026-09-01,https://www.linkedin.com/jobs/view/4450720123 , ,li-4450720123,fulltime,,,,,,False,mid-senior level,Engineering,,,Defense and Space Manufacturing,https://de.linkedin.com/company/dcubedspace,,,,,,,,,,,
linkedin,Konstrukteur (m/w/d),ATX Hardware GmbH,"Pürgen, Bavaria, Germany",2026-09-01,https://www.linkedin.com/jobs/view/4462042099 , ,li-4462042099,fulltime,,,,,,False,mid-senior level,Management and Manufacturing,,,Internet Publishing,https://de.linkedin.com/company/atx-hardware-gmbh,,,,,,,,,,,
linkedin,Ingenieur/Techniker Projektierung und Elektrokonstruktion m/w/d,Phoenix Contact,"Blomberg, North Rhine-Westphalia, Germany",2026-09-01,https://www.linkedin.com/jobs/view/4461775898 , ,li-4461775898,fulltime,,,,,,False,associate,Engineering and Information Technology,,,Automation Machinery Manufacturing,https://de.linkedin.com/company/phoenix-contact,,,,,,,,,,,
linkedin,Systemingenieur Konstruktion elektronische Systeme E-CAD (m/w/d) militärischer Schiffbau,ORANGE Engineering GmbH & Co. KG,"Wedel, Schleswig-Holstein, Germany",2026-09-01,https://www.linkedin.com/jobs/view/4459505626 , ,li-4459505626,fulltime,,,,,,False,mid-senior level,Information Technology,,,Machinery Manufacturing,https://de.linkedin.com/company/orange-engineering-gmbh,,,,,,,,,,,
linkedin,Testingenieur Helicopter Avionics (m/w/d),SII Germany,"Donauwörth, Bavaria, Germany",2026-08-31,https://www.linkedin.com/jobs/view/4461505453 , ,li-4461505453,fulltime,,,,,,False,entry level,Engineering and Information Technology,,,IT Services and IT Consulting,https://de.linkedin.com/company/sii-germany,,,,,,,,,,,
linkedin,Versuchsingenieur / Testingenieur  (m/w/d),SII Germany,"Oberding, Bavaria, Germany",2026-08-31,https://www.linkedin.com/jobs/view/4461297529 , ,li-4461297529,fulltime,,,,,,False,entry level,Engineering and Information Technology,,,IT Services and IT Consulting,https://de.linkedin.com/company/sii-germany,,,,,,,,,,,
linkedin,Elektrokonstrukteur - EPLAN (m/w/d),EngRoTec Gruppe,"Crailsheim, Baden-Württemberg, Germany",2026-08-31,https://www.linkedin.com/jobs/view/4461507379 , ,li-4461507379,fulltime,,,,,,False,entry level,Engineering and Information Technology,,,Machinery Manufacturing,https://de.linkedin.com/company/engrotec-gruppe,,,,,,,,,,,
linkedin,Hardware Development Engineer (m/w/d),SII Germany,"Ulm, Baden-Württemberg, Germany",2026-08-31,https://www.linkedin.com/jobs/view/4461500558 , ,li-4461500558,fulltime,,,,,,False,entry level,Engineering and Information Technology,,,IT Services and IT Consulting,https://de.linkedin.com/company/sii-germany,,,,,,,,,,,
linkedin,Systems & Electrical Engineer - Human Spaceflight & Microgravity (m/f/d),OHB SE,"Munich, Bavaria, Germany",2026-08-31,https://www.linkedin.com/jobs/view/4461502487 , ,li-4461502487,fulltime,,,,,,False,not applicable,Engineering,,,Defense and Space Manufacturing,https://de.linkedin.com/company/ohb-se,,,,,,,,,,,
linkedin,Power Electronics Engineer (m/f/d),OHB SE,"Bremen, Bremen, Germany",2026-08-31,https://www.linkedin.com/jobs/view/4461292684 , ,li-4461292684,fulltime,,,,,,False,not applicable,Engineering,,,Defense and Space Manufacturing,https://de.linkedin.com/company/ohb-se,,,,,,,,,,,
linkedin,Senior Software Engineer (m/f/d),Cognex Corporation,"Jena, Thuringia, Germany",2026-08-31,https://www.linkedin.com/jobs/view/4461295915 , ,li-4461295915,fulltime,,,,,,False,mid-senior level,Information Technology,,,Automation Machinery Manufacturing,https://www.linkedin.com/company/cognex-corporation,,,,,,,,,,,
linkedin,Satellite Optical Communication Terminal Engineer (m/f/d),OHB SE,"Bremen, Bremen, Germany",2026-08-31,https://www.linkedin.com/jobs/view/4461501507 , ,li-4461501507,fulltime,,,,,,False,not applicable,Engineering,,,Defense and Space Manufacturing,https://de.linkedin.com/company/ohb-se,,,,,,,,,,,
linkedin,Entwicklungsingenieur - Leistungselektronik Luftfahrt (m/w/d),SII Germany,"Altenstadt, Hesse, Germany",2026-08-31,https://www.linkedin.com/jobs/view/4461294607 , ,li-4461294607,fulltime,,,,,,False,entry level,Engineering and Information Technology,,,IT Services and IT Consulting,https://de.linkedin.com/company/sii-germany,,,,,,,,,,,
linkedin,Elektroingenieur SEE Electrical (m/w/d),SII Germany,"Hamburg, Hamburg, Germany",2026-08-31,https://www.linkedin.com/jobs/view/4461289758 , ,li-4461289758,fulltime,,,,,,False,entry level,Engineering and Information Technology,,,IT Services and IT Consulting,https://de.linkedin.com/company/sii-germany,,,,,,,,,,,
linkedin,Versuchsingenieur / Testingenieur  (m/w/d),SII Germany,"Friedrichshafen, Baden-Württemberg, Germany",2026-08-31,https://www.linkedin.com/jobs/view/4461284829 , ,li-4461284829,fulltime,,,,,,False,entry level,Engineering and Information Technology,,,IT Services and IT Consulting,https://de.linkedin.com/company/sii-germany,,,,,,,,,,,
linkedin,Senior Firmware Developer,Arm,"Munich, Bavaria, Germany",,https://www.linkedin.com/jobs/view/4462961988 , ,li-4462961988,fulltime,,,,,,False,mid-senior level,Engineering and Information Technology,,accommodations@arm.com,"Semiconductor Manufacturing, Software Development, and Computer Hardware Manufacturing",https://uk.linkedin.com/company/arm,,,,,,,,,,,
linkedin,Senior Embedded Software Engineer (m/w/d) Rust & C++,mamgo | Talente 🔗 Jobs,"Berlin, Berlin, Germany",,https://www.linkedin.com/jobs/view/4464379153 , ,li-4464379153,fulltime,,,,,,False,mid-senior level,Engineering and Information Technology,,,"Technology, Information and Internet",https://de.linkedin.com/company/mamgo-io,,,,,,,,,,,
linkedin,Senior Embedded Software Engineer (C++) (f/m/d),Munich Electrification,"Munich, Bavaria, Germany",,https://www.linkedin.com/jobs/view/4373748250 , ,li-4373748250,fulltime,,,,,,False,mid-senior level,Engineering and Information Technology,,,"Appliances, Electrical, and Electronics Manufacturing",https://de.linkedin.com/company/munichelectrification,,,,,,,,,,,
linkedin,Softwareentwickler - Embedded Linux (m/w/d),Rheinmetall,"Bremen, Bremen, Germany",,https://www.linkedin.com/jobs/view/4462215213 , ,li-4462215213,fulltime,,,,,,False,entry level,Engineering and Information Technology,,,Defense and Space Manufacturing,https://de.linkedin.com/company/rheinmetall,,,,,,,,,,,
linkedin,Embedded Software Engineer (m/w/d) – Autonomous Driving,Teoresi Group,,,https://www.linkedin.com/jobs/view/4461891468 , ,li-4461891468,fulltime,,,,,,True,entry level,Engineering,,,Engineering Services,https://it.linkedin.com/company/teoresigroup,,,,,,,,,,,
linkedin,Entwicklungsingenieur oder Techniker Embedded Software / Hardware (m/w/d),Lucius & Baer GmbH,"Geretsried, Bavaria, Germany",,https://www.linkedin.com/jobs/view/4462227402 , ,li-4462227402,fulltime,,,,,,False,entry level,Engineering,,,Computers and Electronics Manufacturing,https://de.linkedin.com/company/lucius-&-baer-gmbh,,,,,,,,,,,
linkedin,Software Developer & Hardware Specialist (m/w/d),OPASCA,"Mannheim, Baden-Württemberg, Germany",,https://www.linkedin.com/jobs/view/4464321108 , ,li-4464321108,fulltime,,,,,,False,associate,Information Technology,,"bewerbung@opasca.com, bewerbung@opasca.com",Software Development,https://de.linkedin.com/company/opasca,,,,,,,,,,,
linkedin,Hardwareentwickler Steuergerät Automotive (m/w/d),prognum Automotive GmbH,"Stuttgart, Baden-Württemberg, Germany",,https://www.linkedin.com/jobs/view/4464090635 , ,li-4464090635,fulltime,,,,,,False,entry level,Engineering and Information Technology,,,Engineering Services,https://de.linkedin.com/company/prognum-automotive,,,,,,,,,,,
linkedin,Ingenieure (m/w/d) Elektrotechnik Schaltungsentwicklung,Oehmichen & Bürgers Industrieplanung GmbH,"Düsseldorf, North Rhine-Westphalia, Germany",,https://www.linkedin.com/jobs/view/4464349705 , ,li-4464349705,fulltime,,,,,,False,entry level,Engineering and Information Technology,,,Engineering Services,https://de.linkedin.com/company/oub,,,,,,,,,,,
linkedin,Hardwareentwickler (m/w/d),Randstad Deutschland,"Munich, Bavaria, Germany",,https://www.linkedin.com/jobs/view/4462937218 , ,li-4462937218,fulltime,,,,,,True,mid-senior level,Engineering and Information Technology,,,Human Resources Services,https://de.linkedin.com/company/randstad-deutschland,,,,,,,,,,,
linkedin,R&D Engineer FPGA (m/w/d),ABB,"Minden, North Rhine-Westphalia, Germany",,https://www.linkedin.com/jobs/view/4449747340 , ,li-4449747340,fulltime,,,,,,False,mid-senior level,Engineering and Information Technology,,,Automation Machinery Manufacturing,https://ch.linkedin.com/company/abb,,,,,,,,,,,
linkedin,R&D Engineer (w/m/d),ABB,"Minden, North Rhine-Westphalia, Germany",,https://www.linkedin.com/jobs/view/4430571723 , ,li-4430571723,fulltime,,,,,,False,mid-senior level,Engineering and Information Technology,,,Automation Machinery Manufacturing,https://ch.linkedin.com/company/abb,,,,,,,,,,,
linkedin,Senior Electronics Development Engineer (m/f/d),TE Connectivity,"Bensheim, Hesse, Germany",,https://www.linkedin.com/jobs/view/4464374202 , ,li-4464374202,fulltime,,,,,,False,mid-senior level,Engineering and Information Technology,,,"Appliances, Electrical, and Electronics Manufacturing",https://ie.linkedin.com/company/te-connectivity,,,,,,,,,,,
linkedin,Semiconductor Package Design & Application Engineer,Li Auto,"Munich, Bavaria, Germany",,https://www.linkedin.com/jobs/view/4462939994 , ,li-4462939994,fulltime,,,,,,False,associate,Engineering and Research,,,"Motor Vehicle Manufacturing, Semiconductor Manufacturing, and Research Services",https://cn.linkedin.com/company/liauto,,,,,,,,,,,
linkedin,Konstrukteur (m/w/d) Mechatronik,CONDOK GmbH,"Kiel, Schleswig-Holstein, Germany",,https://www.linkedin.com/jobs/view/4461882655 , ,li-4461882655,fulltime,,,,,,False,associate,Engineering,,,Defense and Space Manufacturing,https://de.linkedin.com/company/condok,,,,,,,,,,,
linkedin,FPGA Engineer (m/f/d),ABB,"Minden, North Rhine-Westphalia, Germany",,https://www.linkedin.com/jobs/view/4450394201 , ,li-4450394201,fulltime,,,,,,False,not applicable,Engineering and Information Technology,,,"Appliances, Electrical, and Electronics Manufacturing",https://ch.linkedin.com/company/abb,,,,,,,,,,,
linkedin,Konstrukteur / Entwickler für industrielle Ofen- und Heizsysteme (m/w/d),MainTalent GmbH,"Morfelden, Hesse, Germany",,https://www.linkedin.com/jobs/view/4464357005 , ,li-4464357005,fulltime,,,,,,False,associate,Legal and Public Relations,,,Machinery Manufacturing,https://de.linkedin.com/company/maintalent-personalberatung-employer-branding,,,,,,,,,,,
linkedin,Staff Engineer Photonics Engineer (f/m/div),Infineon Technologies,"Dresden, Saxony, Germany",,https://www.linkedin.com/jobs/view/4455294420 , ,li-4455294420,fulltime,,,,,,False,entry level,Engineering and Information Technology,,,"Semiconductor Manufacturing, Appliances, Electrical, and Electronics Manufacturing, and Computer Hardware Manufacturing",https://de.linkedin.com/company/infineon-technologies,,,,,,,,,,,
linkedin,Elektroingenieur:in,SOA Experts GmbH,"Kiel, Schleswig-Holstein, Germany",,https://www.linkedin.com/jobs/view/4445143461 , ,li-4445143461,fulltime,,,,,,False,associate,Other,,,Human Resources Services,https://de.linkedin.com/company/soa-experts-gmbh,,,,,,,,,,,
linkedin,Automotive Microcontrollers FAE (Field Application Engineer),NXP Semiconductors,"Munich, Bavaria, Germany",,https://www.linkedin.com/jobs/view/4436729995 , ,li-4436729995,fulltime,,,,,,False,mid-senior level,Sales and Business Development,,,"Semiconductor Manufacturing, Computers and Electronics Manufacturing, and Software Development",https://nl.linkedin.com/company/nxp-semiconductors,,,,,,,,,,,
linkedin,R&D Expert – Insulation Systems & Dielectric Design,Hitachi Energy,"Bad Honnef am Rhein, North Rhine-Westphalia, Germany",,https://www.linkedin.com/jobs/view/4427911307 , ,li-4427911307,fulltime,,,,,,False,mid-senior level,Information Technology,,,"Appliances, Electrical, and Electronics Manufacturing and IT Services and IT Consulting",https://ch.linkedin.com/company/hitachienergy,,,,,,,,,,,
linkedin,Product Engineer,Alleima,"Stutensee, Baden-Württemberg, Germany",,https://www.linkedin.com/jobs/view/4462937961 , ,li-4462937961,fulltime,,,,,,False,entry level,Engineering and Information Technology,,hr.ka@alleima.com,Industrial Machinery Manufacturing,https://se.linkedin.com/company/alleima,,,,,,,,,,,
linkedin,"Airbus - Electrical and Functional AIT Engineer (Assembly, Integration and Test) (d/f/m)",Randstad Deutschland,"Taufkirchen, Bavaria, Germany",,https://www.linkedin.com/jobs/view/4462939234 , ,li-4462939234,fulltime,,,,,,False,mid-senior level,Quality Assurance,,,Human Resources Services,https://de.linkedin.com/company/randstad-deutschland,,,,,,,,,,,
linkedin,"Global Technology Owner, Power Electronics",ABB,"Gilching, Bavaria, Germany",,https://www.linkedin.com/jobs/view/4431740452 , ,li-4431740452,fulltime,,,,,,False,not applicable,Information Technology,,,"Appliances, Electrical, and Electronics Manufacturing",https://ch.linkedin.com/company/abb,,,,,,,,,,,
linkedin,Entwicklungsingenieur Infotainment/Connectivity (m/w/d),prognum Automotive GmbH,"Stuttgart, Baden-Württemberg, Germany",,https://www.linkedin.com/jobs/view/4464089726 , ,li-4464089726,fulltime,,,,,,False,entry level,Engineering and Information Technology,,,Engineering Services,https://de.linkedin.com/company/prognum-automotive,,,,,,,,,,,
linkedin,Global Electromagnetic Interference Subject Matter Expert (d/f/m),Henkel,"Düsseldorf, North Rhine-Westphalia, Germany",,https://www.linkedin.com/jobs/view/4464077860 , ,li-4464077860,fulltime,,,,,,False,mid-senior level,Engineering,,,Chemical Manufacturing and Manufacturing,https://de.linkedin.com/company/henkel,,,,,,,,,,,
linkedin,Spatial Audio Engineer,Audatic,"Berlin, Germany",,https://www.linkedin.com/jobs/view/4462983008 , ,li-4462983008,fulltime,,,,,,False,mid-senior level,Engineering and Information Technology,,,Software Development,https://de.linkedin.com/company/audatic-ai,,,,,,,,,,,
linkedin,SLAM / Audio ML - AI/ML Engineer,AI Futures,"Munich, Bavaria, Germany",,https://www.linkedin.com/jobs/view/4462239385 , ,li-4462239385,fulltime,,,,,,False,mid-senior level,Engineering,,,Robotics Engineering,https://uk.linkedin.com/company/aifuturesgroup,,,,,,,,,,,
linkedin,Ingenieur (m/w/d) für Anomaliedetektion und Prozessanalytik,Siltronic AG,"Burghausen, Bavaria, Germany",,https://www.linkedin.com/jobs/view/4464311225 , ,li-4464311225,fulltime,,,,,,False,mid-senior level,Engineering and Analyst,,,Semiconductor Manufacturing,https://de.linkedin.com/company/siltronic-ag,,,,,,,,,,,
linkedin,Senior Deep Learning Engineer,Audatic,"Berlin, Germany",,https://www.linkedin.com/jobs/view/4462963897 , ,li-4462963897,fulltime,,,,,,True,entry level,Engineering and Information Technology,,,Software Development,https://de.linkedin.com/company/audatic-ai,,,,,,,,,,,
linkedin,Research Assistant (m/f/d) - Energy-Efficient Signal Processing for Electrically Active Implants,Universität Rostock,"Rostock, Mecklenburg-West Pomerania, Germany",,https://www.linkedin.com/jobs/view/4464369821 , ,li-4464369821,fulltime,,,,,,False,entry level,"Research, Analyst, and Information Technology",,,Internet Publishing,https://de.linkedin.com/school/university-of-rostock/,,,,,,,,,,,
linkedin,Physicist as Data Scientist / Algorithm Developer in the field of Ultrasound (all genders welcome),ROSEN,"Lingen, Lower Saxony, Germany",,https://www.linkedin.com/jobs/view/4377246969 , ,li-4377246969,fulltime,,,,,,False,entry level,Engineering and Information Technology,,,Industrial Machinery Manufacturing and Oil and Gas,https://ch.linkedin.com/company/rosen,,,,,,,,,,,
linkedin,Machine Learning Engineer (m/w/d),PROCITEC GmbH,"Pforzheim, Baden-Württemberg, Germany",,https://www.linkedin.com/jobs/view/4462209799 , ,li-4462209799,fulltime,,,,,,False,mid-senior level,Engineering,,,IT Services and IT Consulting,https://de.linkedin.com/company/procitec,,,,,,,,,,,
linkedin,Wissenschaftliche/r Mitarbeiter/in (m/w/d) - Energieeffiziente Signalverarbeitung für elektrisch aktive Implantate,Universität Rostock,"Rostock, Mecklenburg-West Pomerania, Germany",,https://www.linkedin.com/jobs/view/4464366882 , ,li-4464366882,fulltime,,,,,,False,not applicable,"Research, Analyst, and Information Technology",,,Internet Publishing,https://de.linkedin.com/school/university-of-rostock/,,,,,,,,,,,
linkedin,GNC Test Engineer (m/f/d),Rocket Factory Augsburg - RFA,"Augsburg, Bavaria, Germany",,https://www.linkedin.com/jobs/view/4462939235 , ,li-4462939235,fulltime,,,,,,False,mid-senior level,Engineering and Information Technology,,,Aviation and Aerospace Component Manufacturing,https://de.linkedin.com/company/rfa-space,,,,,,,,,,,
linkedin,Masterrand/in (w/m/d) im Bereich Quanteninformationstechnologie,German Aerospace Center (DLR),"Oberpfaffenhofen, Bavaria, Germany",,https://www.linkedin.com/jobs/view/4464092472 , ,li-4464092472,fulltime,,,,,,False,entry level,Other,,,Research Services,https://de.linkedin.com/company/dlr,,,,,,,,,,,
linkedin,Initiativ-Projekt &quot;Institut für Methodik der Fernerkundung&quot;,German Aerospace Center (DLR),"Oberpfaffenhofen, Bavaria, Germany",,https://www.linkedin.com/jobs/view/4462417103 , ,li-4462417103,fulltime,,,,,,False,entry level,Other,,,Research Services,https://de.linkedin.com/company/dlr,,,,,,,,,,,
linkedin,AOCS & GNC Engineer Hardware & Testing (m/f/d),OHB SE,"Bremen, Bremen, Germany",,https://www.linkedin.com/jobs/view/4464089811 , ,li-4464089811,fulltime,,,,,,False,not applicable,Engineering,,,Defense and Space Manufacturing,https://de.linkedin.com/company/ohb-se,,,,,,,,,,,
linkedin,"RF Payload Engineer - Space Antenna (gn) @ DefenceTech Venture, Munich",Atlantic,"Munich, Bavaria, Germany",,https://www.linkedin.com/jobs/view/4462222795 , ,li-4462222795,fulltime,,,,,,False,mid-senior level,,,,Defense and Space Manufacturing and Aviation and Aerospace Component Manufacturing,https://www.linkedin.com/company/atlantic-vc,,,,,,,,,,,
linkedin,Senior Development Engineer Military Communication Systems (all gender),ALTEN,"Schrobenhausen, Bavaria, Germany",,https://www.linkedin.com/jobs/view/4461886904 , ,li-4461886904,fulltime,,,,,,False,associate,Engineering,,,Aviation and Aerospace Component Manufacturing,https://fr.linkedin.com/company/alten,,,,,,,,,,,
linkedin,Senior Systems Engineer,Spire,"Munich, Bavaria, Germany",,https://www.linkedin.com/jobs/view/4464344683 , ,li-4464344683,fulltime,,,,,,True,mid-senior level,Information Technology,,,Information Services,https://www.linkedin.com/company/spireglobal,,,,,,,,,,,
linkedin,Messfachkraft (m/w/d) Hochfrequenz & Mikrowellentechnik,Thales,"Ulm, Baden-Württemberg, Germany",,https://www.linkedin.com/jobs/view/4409017856 , ,li-4409017856,fulltime,,,,,,False,not applicable,Engineering and Information Technology,,,Aviation and Aerospace Component Manufacturing and Defense and Space Manufacturing,https://fr.linkedin.com/company/thales,,,,,,,,,,,
linkedin,Senior Systems Engineer,Spire Government,"Munich, Bavaria, Germany",,https://www.linkedin.com/jobs/view/4462963744 , ,li-4462963744,fulltime,,,,,,True,mid-senior level,Information Technology,,,Defense & Space,https://www.linkedin.com/showcase/spire-government/,,,,,,,,,,,
linkedin,Entwickler Digitale Kommunikationsnetze (m/w/d),TKMS,"Boksee, Schleswig-Holstein, Germany",,https://www.linkedin.com/jobs/view/4462208555 , ,li-4462208555,fulltime,,,,,,False,mid-senior level,Engineering,,,Utilities,https://de.linkedin.com/company/tkms,,,,,,,,,,,
linkedin,Technical Sales Engineer – Frequency & Timing (m/f/d),Cycle GmbH,"Hamburg, Hamburg, Germany",,https://www.linkedin.com/jobs/view/4464310948 , ,li-4464310948,fulltime,,,,,,False,entry level,Sales and Business Development,,career@cyclelasers.com,Electrical Equipment Manufacturing,https://de.linkedin.com/company/cyclelasers,,,,,,,,,,,
linkedin,"Systemingenieur für Integration, Verifikation und Qualifikation (w/m/d)",HENSOLDT,"Ulm, Baden-Württemberg, Germany",,https://www.linkedin.com/jobs/view/4464073413 , ,li-4464073413,fulltime,,,,,,False,mid-senior level,Information Technology,,jobs@hensoldt.net,Defense and Space Manufacturing,https://de.linkedin.com/company/hensoldt,,,,,,,,,,,
linkedin,Fiber Planning Engineer - Senior Executive,Tata Communications,"Düsseldorf, North Rhine-Westphalia, Germany",,https://www.linkedin.com/jobs/view/4454281799 , ,li-4454281799,fulltime,,,,,,False,mid-senior level,Management and Manufacturing,,,Telecommunications,https://in.linkedin.com/company/tata-communication,,,,,,,,,,,
linkedin,System Engineer Tracker (all genders),Frequentis,"Karlsruhe, Baden-Württemberg, Germany",,https://www.linkedin.com/jobs/view/4376794508 , ,li-4376794508,fulltime,,,,,,False,entry level,Information Technology,,,IT Services and IT Consulting,https://at.linkedin.com/company/frequentis,,,,,,,,,,,
linkedin,Business Intelligence & Systems Design Engineer (m/f/d),Alpitronic,"Nuremberg, Bavaria, Germany",,https://www.linkedin.com/jobs/view/4385734895 , ,li-4385734895,fulltime,,,,,,False,associate,Engineering and Information Technology,,,"Appliances, Electrical, and Electronics Manufacturing",https://it.linkedin.com/company/alpitronic-srl,,,,,,,,,,,
linkedin,Staff Engineer Field Application Engineering (f/m/div),Infineon Technologies,"Ditzingen, Baden-Württemberg, Germany",,https://www.linkedin.com/jobs/view/4295046100 , ,li-4295046100,fulltime,,,,,,False,entry level,Engineering and Information Technology,,,"Semiconductor Manufacturing, Appliances, Electrical, and Electronics Manufacturing, and Computer Hardware Manufacturing",https://de.linkedin.com/company/infineon-technologies,,,,,,,,,,,
linkedin,Pre-Sales Application Engineer (m/w/d) @Rohde & Schwarz,LIONSTEP,"Berlin, Berlin, Germany",,https://www.linkedin.com/jobs/view/4462205394 , ,li-4462205394,fulltime,,,,,,True,entry level,Sales and Business Development,,,Staffing and Recruiting,https://ch.linkedin.com/company/lionstep,,,,,,,,,,,
linkedin,Propulsion Systems Engineer (m/w/d),OHB Space UK,"Bremen, Bremen, Germany",,https://www.linkedin.com/jobs/view/4462962595 , ,li-4462962595,fulltime,,,,,,False,entry level,Engineering and Information Technology,,,Defense and Space Manufacturing,https://uk.linkedin.com/company/ohb-space-uk,,,,,,,,,,,
linkedin,Airbus - System Safety Engineer (f/m/d),Randstad Deutschland,"Manching, Bavaria, Germany",,https://www.linkedin.com/jobs/view/4462942206 , ,li-4462942206,fulltime,,,,,,False,mid-senior level,Engineering and Information Technology,,,Human Resources Services,https://de.linkedin.com/company/randstad-deutschland,,,,,,,,,,,
linkedin,PCB-Layout-Designer (m/w/d) mit Fokus auf PLM-Integration und Library Management,Diehl Defence,"Röthenbach an der Pegnitz, Bavaria, Germany",,https://www.linkedin.com/jobs/view/4462241311 , ,li-4462241311,fulltime,,,,,,False,mid-senior level,Engineering and Information Technology,,,Defense and Space Manufacturing,https://de.linkedin.com/company/diehl-defence,,,,,,,,,,,
linkedin,Design Engineer (all genders),"GlassPoint, Inc","Baden-Württemberg, Germany",,https://www.linkedin.com/jobs/view/4462211587 , ,li-4462211587,fulltime,,,,,,False,entry level,Engineering and Information Technology,,,Renewable Energy Semiconductor Manufacturing,https://www.linkedin.com/company/glasspoint-inc,,,,,,,,,,,
linkedin,Konstrukteur:in,SOA Experts GmbH,"Kiel, Schleswig-Holstein, Germany",,https://www.linkedin.com/jobs/view/4457443519 , ,li-4457443519,fulltime,,,,,,False,associate,Other,,,Human Resources Services,https://de.linkedin.com/company/soa-experts-gmbh,,,,,,,,,,,
linkedin,Direct Current Datacenter System Architect,ABB,"Ratingen, North Rhine-Westphalia, Germany",,https://www.linkedin.com/jobs/view/4455400212 , ,li-4455400212,fulltime,,,,,,False,mid-senior level,Engineering and Information Technology,,,Automation Machinery Manufacturing,https://ch.linkedin.com/company/abb,,,,,,,,,,,
linkedin,System and Project Engineer (m/f/x),STT-SystemTechnik GmbH,"Munich, Bavaria, Germany",,https://www.linkedin.com/jobs/view/4462225284 , ,li-4462225284,fulltime,,,,,,False,entry level,Engineering and Information Technology,,,Aviation and Aerospace Component Manufacturing,https://de.linkedin.com/company/stt-systemtechnik-gmbh,,,,,,,,,,,
linkedin,Konstrukteur:in,ARINKO Stuttgart GmbH,"Renningen, Baden-Württemberg, Germany",,https://www.linkedin.com/jobs/view/4464309579 , ,li-4464309579,contract,,,,,,False,associate,Engineering,,,Staffing and Recruiting,https://www.linkedin.com/company/arinko-stuttgart-gmbh,,,,,,,,,,,
