site,title,company,location,date_posted,job_url,job_url_direct,id,job_type,salary_source,interval,min_amount,max_amount,currency,is_remote,job_level,job_function,listing_type,emails,company_industry,company_url,company_url_direct,company_addresses,company_num_employees,company_revenue,company_description,skills,experience_range,company_rating,company_reviews_count,vacancy_count,work_from_home_type
linkedin,Firmware Engineer,termios,"Düsseldorf, North Rhine-Westphalia, Germany",2026-09-14,https://www.linkedin.com/jobs/view/4465506869 , ,li-4465506869,fulltime,,,,,,True,associate,Information Technology,,,IT Services and IT Consulting,https://de.linkedin.com/company/termios,,,,,,,,,,,
linkedin,Elektrokonstrukteur (m/w/x) Energietechnik,SII Germany,,2026-09-14,https://www.linkedin.com/jobs/view/4410964195 , ,li-4410964195,fulltime,,,,,,True,entry level,Engineering and Information Technology,,,IT Services and IT Consulting,https://de.linkedin.com/company/sii-germany,,,,,,,,,,,
linkedin,Postdoctoral Researcher in Multi-Robot Systems,University of Konstanz,"Constance, Baden-Württemberg, Germany",2026-09-14,https://www.linkedin.com/jobs/view/4467078508 , ,li-4467078508,fulltime,,,,,,False,internship,"Research, Analyst, and Information Technology",,,Internet Publishing,https://de.linkedin.com/school/university-of-konstanz/,,,,,,,,,,,
linkedin,LPA Design Engineer (m/f/d),MuRay Tech,"Hamburg, Germany",2026-09-14,https://www.linkedin.com/jobs/view/4467203814 , ,li-4467203814,fulltime,,,,,,False,entry level,Engineering and Information Technology,,,Manufacturing,https://de.linkedin.com/company/muraytech,,,,,,,,,,,
linkedin,Electrical Engineer - Motor Control (m/f/d),EGYM,"Munich, Bavaria, Germany",2026-09-14,https://www.linkedin.com/jobs/view/4467098050 , ,li-4467098050,fulltime,,,,,,False,mid-senior level,Engineering and Information Technology,,jobs@egym.com,Wellness and Fitness Services,https://www.linkedin.com/company/egym-global,,,,,,,,,,,
linkedin,ISR Systems Technician,Jobgether,,2026-09-14,https://www.linkedin.com/jobs/view/4465702597 , ,li-4465702597,fulltime,,,,,,False,associate,Engineering and Information Technology,,,Internet Marketplace Platforms,https://be.linkedin.com/company/jobgether,,,,,,,,,,,
linkedin,Senior RF Engineering Technician (m/w/d),Emerson,"Dresden, Saxony, Germany",2026-09-14,https://www.linkedin.com/jobs/view/4467210687 , ,li-4467210687,fulltime,,,,,,False,mid-senior level,Other and Engineering,,,Automation Machinery Manufacturing,https://www.linkedin.com/company/emerson,,,,,,,,,,,
linkedin,RF Test & Validation Engineer - Mobilfunktechnologien (m/w/d),Akkodis,"Munich, Bavaria, Germany",2026-09-14,https://www.linkedin.com/jobs/view/4467077725 , ,li-4467077725,fulltime,,,,,,False,not applicable,Information Technology,,,"Technology, Information and Internet",https://www.linkedin.com/company/akkodis,,,,,,,,,,,
linkedin,RF & EMC Engineer,Helsing,"Munich, Bavaria, Germany",2026-09-14,https://www.linkedin.com/jobs/view/4417959663 , ,li-4417959663,fulltime,,,,,,True,mid-senior level,Engineering and Information Technology,,,Software Development,https://de.linkedin.com/company/helsing,,,,,,,,,,,
linkedin,Radio Engineer,Helsing,"Munich, Bavaria, Germany",2026-09-14,https://www.linkedin.com/jobs/view/4434855057 , ,li-4434855057,fulltime,,,,,,True,mid-senior level,Engineering and Information Technology,,,Software Development,https://de.linkedin.com/company/helsing,,,,,,,,,,,
linkedin,Lead Systems Engineer - LO Emission Control & RF Interoperability,Helsing,"Munich, Bavaria, Germany",2026-09-14,https://www.linkedin.com/jobs/view/4364415379 , ,li-4364415379,fulltime,,,,,,True,mid-senior level,Engineering and Information Technology,,,Software Development,https://de.linkedin.com/company/helsing,,,,,,,,,,,
linkedin,Controls Systems Engineer (f/m/d),Focused Energy,"Darmstadt, Hesse, Germany",2026-09-14,https://www.linkedin.com/jobs/view/4467082549 , ,li-4467082549,fulltime,,,,,,False,mid-senior level,Engineering and Information Technology,,,Electric Power Generation,https://de.linkedin.com/company/focused-energy-inc,,,,,,,,,,,
linkedin,Lead Systems Engineer - Avionics Communication,Helsing,"Munich, Bavaria, Germany",2026-09-14,https://www.linkedin.com/jobs/view/4418755070 , ,li-4418755070,fulltime,,,,,,True,mid-senior level,Information Technology,,,Software Development,https://de.linkedin.com/company/helsing,,,,,,,,,,,
linkedin,Multimodal Sensing Test Engineer,Helsing,"Munich, Bavaria, Germany",2026-09-14,https://www.linkedin.com/jobs/view/4448420283 , ,li-4448420283,fulltime,,,,,,True,mid-senior level,Engineering and Information Technology,,,Software Development,https://de.linkedin.com/company/helsing,,,,,,,,,,,
linkedin,Ingenieurin oder Ingenieur der E-Technik (w/m/d),German Aerospace Center (DLR),"Brunswick, Lower Saxony, Germany",2026-09-14,https://www.linkedin.com/jobs/view/4467096573 , ,li-4467096573,fulltime,,,,,,False,entry level,Engineering and Information Technology,,,Research Services,https://de.linkedin.com/company/dlr,,,,,,,,,,,
linkedin,Embedded Software Engineer - Berlin,Better Devices,"Berlin, Germany",2026-09-14,https://www.linkedin.com/jobs/view/4464796864 , ,li-4464796864,fulltime,,,,,,False,entry level,Engineering and Information Technology,,,Engineering Services,https://de.linkedin.com/company/better-devices-gmbh,,,,,,,,,,,
linkedin,Entwicklungsingenieur (m/w/d) für Fluggerätstrukturen in Rheinland-Pfalz,"CONDOR Schutz- und Sicherheitsdienst GmbH, UAV-Solutions","Essen, North Rhine-Westphalia, Germany",2026-09-14,https://www.linkedin.com/jobs/view/4464792780 , ,li-4464792780,fulltime,,,,,,False,mid-senior level,Engineering and Information Technology,,,Security and Investigations,https://de.linkedin.com/company/condor-security-and-safety,,,,,,,,,,,
linkedin,Konstrukteur (all gender),ALTEN,"Frankfurt, Hesse, Germany",2026-09-14,https://www.linkedin.com/jobs/view/4465237157 , ,li-4465237157,fulltime,,,,,,False,associate,Engineering,,,Energy Technology,https://fr.linkedin.com/company/alten,,,,,,,,,,,
linkedin,Lead Engineer – Ground Control Station (GCS) & Hardware Simulator,Helsing,"Munich, Bavaria, Germany",2026-09-14,https://www.linkedin.com/jobs/view/4439616478 , ,li-4439616478,fulltime,,,,,,True,mid-senior level,Engineering and Information Technology,,,Software Development,https://de.linkedin.com/company/helsing,,,,,,,,,,,
linkedin,Power Electronics Engineer – Aerospace / eVTOL,Optimus Search,"Bavaria, Germany",2026-09-14,https://www.linkedin.com/jobs/view/4465211034 , ,li-4465211034,fulltime,,,,,,False,mid-senior level,,,,Engineering Services and Electric Power Generation,https://uk.linkedin.com/company/optimus-search,,,,,,,,,,,
linkedin,Avionics Hardware Engineer,Helsing,"Munich, Bavaria, Germany",2026-09-14,https://www.linkedin.com/jobs/view/4417978173 , ,li-4417978173,fulltime,,,,,,True,mid-senior level,Engineering and Information Technology,,,Software Development,https://de.linkedin.com/company/helsing,,,,,,,,,,,
linkedin,Power Electronics Engineer – Rail / Traction / Auxiliary Power,Optimus Search,"Baden-Württemberg, Germany",2026-09-14,https://www.linkedin.com/jobs/view/4464795941 , ,li-4464795941,fulltime,,,,,,False,mid-senior level,,,,"Engineering Services, Rail Transportation, and Retail Appliances, Electrical, and Electronic Equipment",https://uk.linkedin.com/company/optimus-search,,,,,,,,,,,
linkedin,EMC Engineer (f/m/d),NXP Semiconductors,"Munich, Bavaria, Germany",2026-09-14,https://www.linkedin.com/jobs/view/4402531935 , ,li-4402531935,fulltime,,,,,,False,mid-senior level,Engineering and Information Technology,,,"Semiconductor Manufacturing, Computers and Electronics Manufacturing, and Software Development",https://nl.linkedin.com/company/nxp-semiconductors,,,,,,,,,,,
linkedin,Spezialist Sonderfahrzeugbau Kfz-Elektrik/Mechatronik (m/w/d),CAPERA-Consulting,"Coblenz, Rhineland-Palatinate, Germany",2026-09-14,https://www.linkedin.com/jobs/view/4467051082 , ,li-4467051082,fulltime,,,,,,False,associate,Manufacturing,,cv@capera.de,"Motor Vehicle Manufacturing, Wholesale Motor Vehicles and Parts, and Motor Vehicle Parts Manufacturing",https://de.linkedin.com/company/capera-gruppe,,,,,,,,,,,
linkedin,Distinguished ASIC Design Engineer,Astera Labs,,2026-09-14,https://www.linkedin.com/jobs/view/4447668077 , ,li-4447668077,fulltime,,,,,,False,mid-senior level,Engineering and Information Technology,,,Semiconductor Manufacturing,https://www.linkedin.com/company/astera-labs,,,,,,,,,,,
linkedin,Senior Principal ASIC Design Engineer,Astera Labs,,2026-09-14,https://www.linkedin.com/jobs/view/4447661201 , ,li-4447661201,fulltime,,,,,,False,mid-senior level,Engineering and Information Technology,,,Semiconductor Manufacturing,https://www.linkedin.com/company/astera-labs,,,,,,,,,,,
linkedin,Analog / RF / High-Speed IC Design Engineer (f/m/d),Black Semiconductor,"Aachen, North Rhine-Westphalia, Germany",2026-09-14,https://www.linkedin.com/jobs/view/4467208704 , ,li-4467208704,fulltime,,,,,,False,mid-senior level,Engineering and Information Technology,,,Semiconductor Manufacturing,https://de.linkedin.com/company/black-semiconductor,,,,,,,,,,,
linkedin,Power Electronics Engineer – Defence / HV Electronics,Optimus Search,"Baden-Württemberg, Germany",2026-09-14,https://www.linkedin.com/jobs/view/4464784912 , ,li-4464784912,fulltime,,,,,,False,mid-senior level,,,,"Engineering Services, Defense and Space Manufacturing, and Electric Power Transmission, Control, and Distribution",https://uk.linkedin.com/company/optimus-search,,,,,,,,,,,
linkedin,AI Research Engineer - ML & Signal Processing,Helsing,"Berlin, Berlin, Germany",2026-09-14,https://www.linkedin.com/jobs/view/4316259871 , ,li-4316259871,fulltime,,,,,,True,mid-senior level,Engineering and Information Technology,,,Software Development,https://de.linkedin.com/company/helsing,,,,,,,,,,,
linkedin,Mission Systems Technician,Jobgether,,2026-09-14,https://www.linkedin.com/jobs/view/4465495696 , ,li-4465495696,fulltime,,,,,,True,mid-senior level,Engineering and Information Technology,,,Internet Marketplace Platforms,https://be.linkedin.com/company/jobgether,,,,,,,,,,,
linkedin,Design Engineer - Electronics,Helsing,"Munich, Bavaria, Germany",2026-09-14,https://www.linkedin.com/jobs/view/4288518417 , ,li-4288518417,fulltime,,,,,,False,entry level,Engineering and Information Technology,,,Software Development,https://de.linkedin.com/company/helsing,,,,,,,,,,,
linkedin,R&D Engineer (Analog Circuit Board Design),Keysight Technologies,"Böblingen, Baden-Württemberg, Germany",2026-09-14,https://www.linkedin.com/jobs/view/4464794758 , ,li-4464794758,fulltime,,,,,,False,mid-senior level,,,,"Appliances, Electrical, and Electronics Manufacturing",https://www.linkedin.com/company/keysight-technologies,,,,,,,,,,,
linkedin,"Staff Firmware Engineer (m/f/d), Platform R&D",ARX Robotics,"Munich, Bavaria, Germany",2026-09-14,https://www.linkedin.com/jobs/view/4465216709 , ,li-4465216709,fulltime,,,,,,False,mid-senior level,Engineering and Information Technology,,,Defense and Space Manufacturing,https://de.linkedin.com/company/arx-robotics,,,,,,,,,,,
linkedin,Senior Software Engineer Embedded Systems - Technical Lead (m/w/d),Dornier MedTech,,2026-09-14,https://www.linkedin.com/jobs/view/4371523523 , ,li-4371523523,fulltime,,,,,,False,associate,Information Technology,,,Medical Equipment Manufacturing,https://sg.linkedin.com/company/dornier-medtech,,,,,,,,,,,
linkedin,"Staff Embedded Software Engineer (m/f/d), Safety & Security Platform",ARX Robotics,"Munich, Bavaria, Germany",2026-09-14,https://www.linkedin.com/jobs/view/4465228620 , ,li-4465228620,fulltime,,,,,,False,mid-senior level,Engineering and Information Technology,,,Defense and Space Manufacturing,https://de.linkedin.com/company/arx-robotics,,,,,,,,,,,
linkedin,Senior Softwareentwickler (m/w/d) Embedded Linux,Lachmann & Rink GmbH,"Freudenberg, North Rhine-Westphalia, Germany",2026-09-14,https://www.linkedin.com/jobs/view/4467096178 , ,li-4467096178,fulltime,,,,,,False,mid-senior level,Engineering and Information Technology,,,Software Development,https://de.linkedin.com/company/lachmannrink,,,,,,,,,,,
linkedin,Embedded Developer,SBG Associates,"Immenstaad am Bodensee, Baden-Württemberg, Germany",2026-09-14,https://www.linkedin.com/jobs/view/4463024327 , ,li-4463024327,fulltime,,,,,,True,mid-senior level,Information Technology,,,Software Development,https://uk.linkedin.com/company/sbg-associates,,,,,,,,,,,
linkedin,Software Developer - C++*,TOMRA,"Mülheim, Rhineland-Palatinate, Germany",2026-09-14,https://www.linkedin.com/jobs/view/4467081490 , ,li-4467081490,fulltime,,,,,,False,mid-senior level,Research,,,Automation Machinery Manufacturing,https://no.linkedin.com/company/tomra,,,,,,,,,,,
linkedin,Junior Software Engineer,TXT GROUP,"Bavaria, Germany",2026-09-14,https://www.linkedin.com/jobs/view/4465794247 , ,li-4465794247,fulltime,,,,,,False,entry level,Engineering and Information Technology,,,IT Services and IT Consulting,https://it.linkedin.com/company/txtgroup,,,,,,,,,,,
linkedin,Camera Engineer,Helsing,"Berlin, Berlin, Germany",2026-09-14,https://www.linkedin.com/jobs/view/4445532549 , ,li-4445532549,fulltime,,,,,,True,mid-senior level,Management and Manufacturing,,,Software Development,https://de.linkedin.com/company/helsing,,,,,,,,,,,
linkedin,System Architect,Holt Executive Ltd,"Baden-Württemberg, Germany",2026-09-14,https://www.linkedin.com/jobs/view/4464783956 , ,li-4464783956,fulltime,,,,,,False,mid-senior level,,,,Defense and Space Manufacturing and Telecommunications,https://uk.linkedin.com/company/holt-executive-ltd,,,,,,,,,,,
linkedin,Senior Entwicklungsingenieur Elektrik/Elektronik Truck (m/w/d),UNO MINDA Systems GmbH,"Munich, Bavaria, Germany",2026-09-14,https://www.linkedin.com/jobs/view/4467035504 , ,li-4467035504,fulltime,,,,,,False,mid-senior level,Engineering and Information Technology,,,Automotive,https://de.linkedin.com/company/uno-minda-systems-gmbh,,,,,,,,,,,
linkedin,Forward Deployed Engineer for Robotics,Agile Robots SE,"Munich, Bavaria, Germany",2026-09-14,https://www.linkedin.com/jobs/view/4465201869 , ,li-4465201869,fulltime,,,,,,True,associate,Administrative,,,"Robotics Engineering, Robot Manufacturing, and IT System Custom Software Development",https://de.linkedin.com/company/agile-robots-se,,,,,,,,,,,
linkedin,Head of Embedded Platforms (gn),Nagel Executive Search and Consulting,,2026-09-14,https://www.linkedin.com/jobs/view/4467076133 , ,li-4467076133,fulltime,,,,,,False,associate,Information Technology,,,"Agriculture, Construction, Mining Machinery Manufacturing",https://www.linkedin.com/company/nagel-executive-search-and-consulting,,,,,,,,,,,
linkedin,Senior System Engineer -C++,Blupace Tech,"Dortmund, North Rhine-Westphalia, Germany",2026-09-14,https://www.linkedin.com/jobs/view/4467084301 , ,li-4467084301,contract,,,,,,False,associate,,,,Information Services,https://uk.linkedin.com/company/blupace-tech,,,,,,,,,,,
linkedin,Systems Engineer - Electromagnetic Interference (EMI),Helsing,"Munich, Bavaria, Germany",2026-09-14,https://www.linkedin.com/jobs/view/4410382953 , ,li-4410382953,fulltime,,,,,,True,mid-senior level,Information Technology,,,Software Development,https://de.linkedin.com/company/helsing,,,,,,,,,,,
linkedin,Senior R&D Engineer,Ambu,"Augsburg, Bavaria, Germany",2026-09-14,https://www.linkedin.com/jobs/view/4439157430 , ,li-4439157430,fulltime,,,,,,True,mid-senior level,Engineering and Information Technology,,,Medical Equipment Manufacturing and Hospitals and Health Care,https://dk.linkedin.com/company/ambu-as,,,,,,,,,,,
linkedin,Research Assistant (m/f/d) - Compute-in-Memory Architectures,Universität Rostock,"Rostock, Mecklenburg-West Pomerania, Germany",2026-09-14,https://www.linkedin.com/jobs/view/4467223948 , ,li-4467223948,fulltime,,,,,,False,entry level,"Research, Analyst, and Information Technology",,,Internet Publishing,https://de.linkedin.com/school/university-of-rostock/,,,,,,,,,,,
linkedin,Power Electronics Engineer – Robotics / Machinery / Servo Drives,Optimus Search,"Bavaria, Germany",2026-09-14,https://www.linkedin.com/jobs/view/4465214145 , ,li-4465214145,fulltime,,,,,,False,mid-senior level,,,,Robotics Engineering and Engineering Services,https://uk.linkedin.com/company/optimus-search,,,,,,,,,,,
linkedin,Battery & Energy Storage Power Electronics Engineer – BESS / DC-DC,Optimus Search,"Bavaria, Germany",2026-09-14,https://www.linkedin.com/jobs/view/4464788406 , ,li-4464788406,fulltime,,,,,,False,mid-senior level,,,,"Engineering Services, Electric Power Generation, and Electrical Equipment Manufacturing",https://uk.linkedin.com/company/optimus-search,,,,,,,,,,,
linkedin,Elektrokonstrukteur (m/w/d),PERFORATOR GmbH,"Walkenried, Lower Saxony, Germany",2026-09-14,https://www.linkedin.com/jobs/view/4467040584 , ,li-4467040584,fulltime,,,,,,False,mid-senior level,Engineering,,,Mining and Industrial Machinery Manufacturing,https://de.linkedin.com/company/perforator-gmbh,,,,,,,,,,,
linkedin,"Sr. Engineer, Digital Design",SiTime,"Munich, Bavaria, Germany",2026-09-13,https://www.linkedin.com/jobs/view/4447511609 , ,li-4447511609,fulltime,,,,,,False,mid-senior level,Engineering and Information Technology,,,Semiconductor Manufacturing,https://www.linkedin.com/company/sitime,,,,,,,,,,,
linkedin,Technischer Produktdesigner / Technischer Zeichner (m/w/i) Mechatronische Konstruktion,IMS Messsysteme GmbH,"Heiligenhaus, North Rhine-Westphalia, Germany",2026-09-13,https://www.linkedin.com/jobs/view/4465467640 , ,li-4465467640,fulltime,,,,,,False,associate,"Design, Art/Creative, and Information Technology",,,Industrial Machinery Manufacturing,https://de.linkedin.com/company/ims-messsysteme-gmbh,,,,,,,,,,,
linkedin,System Engineer,Broadcom,"Regensburg, Bavaria, Germany",2026-09-13,https://www.linkedin.com/jobs/view/4456266629 , ,li-4456266629,fulltime,,,,,,False,mid-senior level,Information Technology,,,Semiconductor Manufacturing,https://www.linkedin.com/company/broadcom,,,,,,,,,,,
linkedin,System Applications Engineer,Analog Devices,,2026-09-13,https://www.linkedin.com/jobs/view/4414335677 , ,li-4414335677,fulltime,,,,,,False,mid-senior level,Information Technology,,,Semiconductor Manufacturing,https://www.linkedin.com/company/analog-devices,,,,,,,,,,,
linkedin,PLD/ FPGA-Entwickler Aerospace (m/w/d),Liebherr Aerospace and Transportation,"Lindenberg im Allgäu, Bavaria, Germany",2026-09-13,https://www.linkedin.com/jobs/view/4438348024 , ,li-4438348024,fulltime,,,,,,False,mid-senior level,Engineering and Information Technology,,,Industrial Machinery Manufacturing,https://fr.linkedin.com/company/liebherr-aerospace-and-transportation,,,,,,,,,,,
linkedin,Power Electronics Design Engineer (m/f/d),BorgWarner,"Nuremberg, Bavaria, Germany",2026-09-13,https://www.linkedin.com/jobs/view/4447437459 , ,li-4447437459,fulltime,,,,,,False,not applicable,Engineering and Information Technology,,,"Motor Vehicle Manufacturing, Industrial Machinery Manufacturing, and Truck Transportation",https://www.linkedin.com/company/borgwarner,,,,,,,,,,,
linkedin,"Entwicklungsingenieur Elektrik/ Elektronik, all genders",SALT AND PEPPER Group,"Augsburg, Bavaria, Germany",2026-09-13,https://www.linkedin.com/jobs/view/4418801527 , ,li-4418801527,fulltime,,,,,,False,entry level,Engineering and Information Technology,,,Engineering Services,https://de.linkedin.com/company/salt-and-pepper,,,,,,,,,,,
linkedin,Techniker – Integration und Montage im Prototypenbau (m/w/d),Rheinmetall,"Bremen, Bremen, Germany",2026-09-13,https://www.linkedin.com/jobs/view/4445834750 , ,li-4445834750,fulltime,,,,,,False,entry level,Management and Manufacturing,,,Defense and Space Manufacturing,https://de.linkedin.com/company/rheinmetall,,,,,,,,,,,
linkedin,Senior Electronics Developer - Power Electronics (m/w/x),K-tronik GmbH,"Nuremberg, Bavaria, Germany",2026-09-12,https://www.linkedin.com/jobs/view/4464705460 , ,li-4464705460,fulltime,,,,,,False,associate,Engineering,,,IT Services and IT Consulting,https://de.linkedin.com/company/k-tronik-gmbh,,,,,,,,,,,
linkedin,Wissenschaftliche*r Mitarbeiter*in am Lehrstuhl für Hochfrequenzsysteme in der Kommunikationstechnik,Bergische Universität Wuppertal,"Wuppertal, North Rhine-Westphalia, Germany",2026-09-12,https://www.linkedin.com/jobs/view/4466438235 , ,li-4466438235,fulltime,,,,,,False,entry level,Research,,,Higher Education,https://de.linkedin.com/school/buw/,,,,,,,,,,,
linkedin,System Engineer  Interference Mitigation (m/w/d) - Product Line Detect,Valeo,"Bietigheim-Bissingen, Baden-Württemberg, Germany",2026-09-12,https://www.linkedin.com/jobs/view/4438678265 , ,li-4438678265,fulltime,,,,,,False,mid-senior level,Information Technology,,Julia.Mittelmaier@Valeo.com,Motor Vehicle Parts Manufacturing,https://fr.linkedin.com/company/valeo,,,,,,,,,,,
linkedin,Softwareentwickler (m/w/d) Schwerpunkt Bildverarbeitung,FERCHAU,"Mannheim, Baden-Württemberg, Germany",2026-09-12,https://www.linkedin.com/jobs/view/4438575721 , ,li-4438575721,fulltime,,,,,,False,entry level,Engineering and Information Technology,,mannheim@ferchau.com,Engineering Services,https://de.linkedin.com/company/ferchau,,,,,,,,,,,
linkedin,Senior-Systemingenieur – Leistungselektronik (m/w/x),K-tronik GmbH,"Nuremberg, Bavaria, Germany",2026-09-12,https://www.linkedin.com/jobs/view/4464291495 , ,li-4464291495,fulltime,,,,,,False,associate,Engineering,,,IT Services and IT Consulting,https://de.linkedin.com/company/k-tronik-gmbh,,,,,,,,,,,
linkedin,Radio-Frequency System Engineer (m/w/d),Rohde & Schwarz,"Siegburg, North Rhine-Westphalia, Germany",2026-09-12,https://www.linkedin.com/jobs/view/4456273100 , ,li-4456273100,fulltime,,,,,,False,not applicable,Engineering and Information Technology,,,Telecommunications,https://de.linkedin.com/company/rohde-schwarz,,,,,,,,,,,
linkedin,Simulator Software Engineer (m/f/d),XTENDED ENGINEERING GMBH,"Munich, Bavaria, Germany",2026-09-12,https://www.linkedin.com/jobs/view/4466747214 , ,li-4466747214,fulltime,,,,,,False,entry level,Engineering and Information Technology,,,Engineering Services,https://de.linkedin.com/company/xtendedengineering,,,,,,,,,,,
linkedin,Elektroingenieur als Hardwareentwickler für Sensoren (m/w/d),FERCHAU,"Friedrichshafen, Baden-Württemberg, Germany",2026-09-12,https://www.linkedin.com/jobs/view/4438570792 , ,li-4438570792,fulltime,,,,,,False,entry level,Engineering and Information Technology,,Jasmin.Maus@ferchau.com,Engineering Services,https://de.linkedin.com/company/ferchau,,,,,,,,,,,
linkedin,"Entwicklungsingenieur Embedded Maritime Systeme, all genders",SALT AND PEPPER Group,"Bremen, Bremen, Germany",2026-09-12,https://www.linkedin.com/jobs/view/4418576496 , ,li-4418576496,fulltime,,,,,,False,entry level,Engineering and Information Technology,,,Engineering Services,https://de.linkedin.com/company/salt-and-pepper,,,,,,,,,,,
linkedin,"Entwicklungsingenieur Embedded Maritime Systeme, all genders",SALT AND PEPPER Group,"Hamburg, Hamburg, Germany",2026-09-12,https://www.linkedin.com/jobs/view/4418588148 , ,li-4418588148,fulltime,,,,,,False,entry level,Engineering and Information Technology,,,Engineering Services,https://de.linkedin.com/company/salt-and-pepper,,,,,,,,,,,
linkedin,Electrical Engineer II (m/w/d),BorgWarner,"Darmstadt, Hesse, Germany",2026-09-12,https://www.linkedin.com/jobs/view/4456271236 , ,li-4456271236,fulltime,,,,,,False,not applicable,Engineering and Information Technology,,,"Motor Vehicle Manufacturing, Industrial Machinery Manufacturing, and Truck Transportation",https://www.linkedin.com/company/borgwarner,,,,,,,,,,,
linkedin,Software Engineer (m/f/d),Adtran,"Meiningen, Thuringia, Germany",2026-09-12,https://www.linkedin.com/jobs/view/4447016447 , ,li-4447016447,fulltime,,,,,,False,entry level,Engineering and Information Technology,,,Telecommunications,https://www.linkedin.com/company/adtran,,,,,,,,,,,
linkedin,Duales Studium zum Bachelor of Science in Elektro- und Informationstechnik (m/w/d) in HH-Bergedorf,Körber Technologies,"Hamburg, Hamburg, Germany",2026-09-12,https://www.linkedin.com/jobs/view/4438679935 , ,li-4438679935,fulltime,,,,,,False,internship,"Research, Analyst, and Information Technology",,vocational.training.te.ger@koerber.com,"Machinery Manufacturing, Industrial Machinery Manufacturing, and Tobacco Manufacturing",https://de.linkedin.com/company/k%C3%B6rber-technologies,,,,,,,,,,,
linkedin,Ground Stations Operations Engineering,CROWDCONSULTANTS,"Darmstadt, Hesse, Germany",2026-09-11,https://www.linkedin.com/jobs/view/4464872123 , ,li-4464872123,fulltime,,,,,,False,mid-senior level,Engineering,,,Space Research and Technology,https://de.linkedin.com/company/crowdconsultants,,,,,,,,,,,
linkedin,System Architect Radar Signal Processing (m/w/d) - Product Line Detect,Valeo,"Bietigheim-Bissingen, Baden-Württemberg, Germany",2026-09-11,https://www.linkedin.com/jobs/view/4438666652 , ,li-4438666652,fulltime,,,,,,False,mid-senior level,Engineering and Information Technology,,Julia.Mittelmaier@valeo.com,Motor Vehicle Parts Manufacturing,https://fr.linkedin.com/company/valeo,,,,,,,,,,,
linkedin,ACOUSTIC ENGINEER (M/F/D),Neumann Brasil,"Berlin, Germany",2026-09-11,https://www.linkedin.com/jobs/view/4466358022 , ,li-4466358022,fulltime,,,,,,False,entry level,Engineering and Information Technology,,jobs@sennheiser.com,"Appliances, Electrical, and Electronics Manufacturing",https://br.linkedin.com/company/neumann-brasil,,,,,,,,,,,
linkedin,Elektroingenieur im Bereich Planung Telekommunikationsanlage der Deutschen Bahn AG (m/w/d),Arcadis,"Cologne, North Rhine-Westphalia, Germany",2026-09-11,https://www.linkedin.com/jobs/view/4463989502 , ,li-4463989502,fulltime,,,,,,False,not applicable,Other,,,Professional Services,https://nl.linkedin.com/company/arcadis,,,,,,,,,,,
linkedin,Elektroingenieur im Bereich Planung Telekommunikationsanlage der Deutschen Bahn AG (m/w/d),Arcadis,"Dresden, Saxony, Germany",2026-09-11,https://www.linkedin.com/jobs/view/4463987591 , ,li-4463987591,fulltime,,,,,,False,not applicable,Other,,,Professional Services,https://nl.linkedin.com/company/arcadis,,,,,,,,,,,
linkedin,Elektroingenieur im Bereich Planung Telekommunikationsanlage der Deutschen Bahn AG (m/w/d),Arcadis,"Berlin, Berlin, Germany",2026-09-11,https://www.linkedin.com/jobs/view/4463985826 , ,li-4463985826,fulltime,,,,,,False,not applicable,Other,,,Professional Services,https://nl.linkedin.com/company/arcadis,,,,,,,,,,,
linkedin,Elektroingenieur im Bereich Planung Telekommunikationsanlage der Deutschen Bahn AG (m/w/d),Arcadis,"Darmstadt, Hesse, Germany",2026-09-11,https://www.linkedin.com/jobs/view/4463973967 , ,li-4463973967,fulltime,,,,,,False,not applicable,Other,,,Professional Services,https://nl.linkedin.com/company/arcadis,,,,,,,,,,,
linkedin,Junior Systemingenieur luftgestützte Aufklärung (m/w/d),HENSOLDT,"Ulm, Baden-Württemberg, Germany",2026-09-11,https://www.linkedin.com/jobs/view/4464924584 , ,li-4464924584,fulltime,,,,,,False,entry level,Information Technology,,jobs@hensoldt.net,Defense and Space Manufacturing,https://de.linkedin.com/company/hensoldt,,,,,,,,,,,
linkedin,Leiter Produktentwicklung & Projektmanagement V/UHF-Funksysteme (m/w/d),Rohde & Schwarz,"Munich, Bavaria, Germany",2026-09-11,https://www.linkedin.com/jobs/view/4461353012 , ,li-4461353012,fulltime,,,,,,False,not applicable,Product Management and Marketing,,,Telecommunications,https://de.linkedin.com/company/rohde-schwarz,,,,,,,,,,,
linkedin,Entwickler für analoge Hardware (m/w/d),K-tronik GmbH,"Munich, Bavaria, Germany",2026-09-11,https://www.linkedin.com/jobs/view/4463969039 , ,li-4463969039,fulltime,,,,,,False,associate,Engineering,,,IT Services and IT Consulting,https://de.linkedin.com/company/k-tronik-gmbh,,,,,,,,,,,
linkedin,Engine Thrust Chamber Engineer (m/f/d),Isar Aerospace,"Parsdorf, Bavaria, Germany",2026-09-11,https://www.linkedin.com/jobs/view/4466367422 , ,li-4466367422,fulltime,,,,,,False,mid-senior level,Engineering and Information Technology,,,Aviation and Aerospace Component Manufacturing,https://de.linkedin.com/company/isaraerospace,,,,,,,,,,,
linkedin,Test & Validation Trainee Program (all genders),Fraunhofer IIS,"Erlangen, Bavaria, Germany",2026-09-11,https://www.linkedin.com/jobs/view/4466087322 , ,li-4466087322,fulltime,,,,,,False,internship,Quality Assurance,,,Research Services,https://de.linkedin.com/company/fraunhofer-iis,,,,,,,,,,,
linkedin,GNC Lead,Hypersonica,"Munich, Bavaria, Germany",2026-09-11,https://www.linkedin.com/jobs/view/4466359838 , ,li-4466359838,fulltime,,,,,,False,mid-senior level,Other,,,Defense and Space Manufacturing,https://de.linkedin.com/company/hypersonicagmbh,,,,,,,,,,,
linkedin,Promotion – State of Health (SoH) von Elektronik,Bosch,"Renningen, Baden-Württemberg, Germany",2026-09-11,https://www.linkedin.com/jobs/view/4464875455 , ,li-4464875455,fulltime,,,,,,False,entry level,Research,,,Software Development,https://de.linkedin.com/company/bosch,,,,,,,,,,,
linkedin,(Junior) Systemingenieur Land (m/w/d),IABG,"Ottobrunn, Bavaria, Germany",2026-09-11,https://www.linkedin.com/jobs/view/4464859424 , ,li-4464859424,fulltime,,,,,,False,mid-senior level,Information Technology,,,"IT Services and IT Consulting, Defense and Space Manufacturing, and Motor Vehicle Manufacturing",https://de.linkedin.com/company/iabg,,,,,,,,,,,
linkedin,SDV Connectivity In-Vehicle Communication Expert (all genders),MHP – A Porsche Company,"Dresden, Saxony, Germany",2026-09-11,https://www.linkedin.com/jobs/view/4466082657 , ,li-4466082657,fulltime,,,,,,False,entry level,"Marketing, Public Relations, and Writing/Editing",,,Business Consulting and Services,https://de.linkedin.com/company/mhp-a-porsche-company,,,,,,,,,,,
linkedin,System R&D Engineer,Momenta,"Munich, Bavaria, Germany",2026-09-11,https://www.linkedin.com/jobs/view/4463978326 , ,li-4463978326,fulltime,,,,,,False,associate,Engineering,,,Software Development,https://cn.linkedin.com/company/momenta-ai,,,,,,,,,,,
linkedin,(Junior) Systemingenieur Land (m/w/d),IABG,"Coblenz, Rhineland-Palatinate, Germany",2026-09-11,https://www.linkedin.com/jobs/view/4464857446 , ,li-4464857446,fulltime,,,,,,False,mid-senior level,Information Technology,,,"IT Services and IT Consulting, Defense and Space Manufacturing, and Motor Vehicle Manufacturing",https://de.linkedin.com/company/iabg,,,,,,,,,,,
linkedin,Embedded Software Engineer (m/f/d),Alpitronic,"Nuremberg, Bavaria, Germany",2026-09-11,https://www.linkedin.com/jobs/view/4385741400 , ,li-4385741400,fulltime,,,,,,False,associate,Engineering and Information Technology,,,"Appliances, Electrical, and Electronics Manufacturing",https://it.linkedin.com/company/alpitronic-srl,,,,,,,,,,,
linkedin,System Engineering Trainee Program (all genders),Fraunhofer IIS,"Erlangen, Bavaria, Germany",2026-09-11,https://www.linkedin.com/jobs/view/4466075525 , ,li-4466075525,fulltime,,,,,,False,internship,Information Technology,,,Research Services,https://de.linkedin.com/company/fraunhofer-iis,,,,,,,,,,,
linkedin,Product Line Application Engineer –  Custom Test Systems,Tektronix,"Viersen, North Rhine-Westphalia, Germany",2026-09-11,https://www.linkedin.com/jobs/view/4466076492 , ,li-4466076492,fulltime,,,,,,True,not applicable,Other,,"applyassistance@Ralliant.com, applyassistance@Ralliant.com","Appliances, Electrical, and Electronics Manufacturing",https://www.linkedin.com/company/tektronix,,,,,,,,,,,
linkedin,Quantum Error Correction Scientist (f/m/d),eleQtron,"Hamburg, Hamburg, Germany",2026-09-11,https://www.linkedin.com/jobs/view/4434975120 , ,li-4434975120,fulltime,,,,,,False,mid-senior level,Information Technology,,,IT Services and IT Consulting,https://de.linkedin.com/company/eleqtron-qc,,,,,,,,,,,
linkedin,Wissenschaftliche/r Mitarbeiterin / Mitarbeiter im Projekt BMDNow – Klinik für Radiologie und Nuklearmedizin,Universitätsmedizin Frankfurt,"Frankfurt, Hesse, Germany",2026-09-11,https://www.linkedin.com/jobs/view/4465847016 , ,li-4465847016,fulltime,,,,,,False,entry level,"Research, Analyst, and Information Technology",,gruenewald@med.uni,Hospitals and Health Care,https://de.linkedin.com/company/universit%C3%A4tsmedizin-frankfurt,,,,,,,,,,,
linkedin,Wissenschaftlicher Mitarbeiter (m/w/d) Technische Informatik,State Chancellery of Saxony,"Chemnitz, Saxony, Germany",2026-09-11,https://www.linkedin.com/jobs/view/4464882142 , ,li-4464882142,temporary,,,,,,False,entry level,"Research, Analyst, and Information Technology",,,Government Administration,https://de.linkedin.com/company/s%C3%A4chsische-staatskanzlei,,,,,,,,,,,
linkedin,Software Engineer,Walaris,"Nuremberg, Bavaria, Germany",2026-09-11,https://www.linkedin.com/jobs/view/4464235930 , ,li-4464235930,fulltime,,,,,,False,entry level,Engineering,,,"Technology, Information and Internet",https://www.linkedin.com/company/walaris,,,,,,,,,,,
linkedin,Analog Transceiver Design Engineer  (f/m/d),Black Semiconductor,"Aachen, North Rhine-Westphalia, Germany",2026-09-11,https://www.linkedin.com/jobs/view/4446881380 , ,li-4446881380,fulltime,,,,,,False,mid-senior level,Engineering and Information Technology,,,Semiconductor Manufacturing,https://de.linkedin.com/company/black-semiconductor,,,,,,,,,,,
linkedin,"Physiker (m/w/d), Mathematiker (m/w/d) oder Ingenieur (m/w/d), vorzugsweise mit Promotion, für Algorithmen und Verfahren und deren Bewertung",Diehl Group,"Überlingen, Baden-Württemberg, Germany",2026-09-11,https://www.linkedin.com/jobs/view/4465151088 , ,li-4465151088,fulltime,,,,,,False,mid-senior level,"Research, Analyst, and Information Technology",,,"Appliances, Electrical, and Electronics Manufacturing",https://de.linkedin.com/company/diehl-group,,,,,,,,,,,
linkedin,Broadcast Engineer / Medieningenieur / Systemingenieur (w/m/d) für Kontributionssysteme,BR - Bayerischer Rundfunk,,2026-09-11,https://www.linkedin.com/jobs/view/4466304208 , ,li-4466304208,fulltime,,,,,,False,associate,,,,Broadcast Media Production and Distribution,https://de.linkedin.com/company/br-bayerischer-rundfunk,,,,,,,,,,,
linkedin,Ingenieur/in elektrische Energietechnik (m/w/d),Volt Vision GmbH,"Bremen, Bremen, Germany",2026-09-11,https://www.linkedin.com/jobs/view/4463959515 , ,li-4463959515,fulltime,,,,,,False,entry level,Engineering and Information Technology,,,Services for Renewable Energy,https://de.linkedin.com/company/volt-vision,,,,,,,,,,,
linkedin,Development Engineer – Module Integration Processes (m/f/x),ZEISS Group,"Oberkochen, Baden-Württemberg, Germany",2026-09-11,https://www.linkedin.com/jobs/view/4466033859 , ,li-4466033859,fulltime,,,,,,False,mid-senior level,"Business Development, Engineering, and Other",,,"Manufacturing and Appliances, Electrical, and Electronics Manufacturing",https://de.linkedin.com/company/zeiss,,,,,,,,,,,
linkedin,Senior Technik Manager:in,Tintschl Unternehmensgruppe,"Bremen, Germany",2026-09-11,https://www.linkedin.com/jobs/view/4466051820 , ,li-4466051820,fulltime,,,,,,False,associate,Management,,,IT Services and IT Consulting and Defense and Space Manufacturing,https://de.linkedin.com/company/tintschlunternehmensgruppe,,,,,,,,,,,
linkedin,Senior Software Engineer,Cerence AI,"Ulm, Baden-Württemberg, Germany",2026-09-11,https://www.linkedin.com/jobs/view/4462223392 , ,li-4462223392,fulltime,,,,,,False,mid-senior level,Engineering and Information Technology,,,Software Development,https://www.linkedin.com/company/cerence,,,,,,,,,,,
linkedin,Senior Analog Designer (m/w/d) in Direktvermittlung,FERCHAU,"Dresden, Saxony, Germany",2026-09-11,https://www.linkedin.com/jobs/view/4438582360 , ,li-4438582360,fulltime,,,,,,False,mid-senior level,Engineering and Information Technology,,friedrich.mickel@ferchau.com,Engineering Services,https://de.linkedin.com/company/ferchau,,,,,,,,,,,
linkedin,Digital Board Entwickler (m/w/d) für Funkgeräte - Tactical Secure Communications,Rohde & Schwarz,"Memmingen, Bavaria, Germany",2026-09-11,https://www.linkedin.com/jobs/view/4464899508 , ,li-4464899508,fulltime,,,,,,False,not applicable,Engineering and Information Technology,,,Telecommunications,https://de.linkedin.com/company/rohde-schwarz,,,,,,,,,,,
linkedin,Senior Entwicklungskonstrukteur (m/w/d),Mühlbauer Group,"Roding, Bavaria, Germany",2026-09-11,https://www.linkedin.com/jobs/view/4425272600 , ,li-4425272600,fulltime,,,,,,False,mid-senior level,Engineering and Information Technology,,,Machinery Manufacturing,https://de.linkedin.com/company/muhlbauer-group,,,,,,,,,,,
linkedin,Power Electronics Engineer (m/f/d),Alpitronic,"Nuremberg, Bavaria, Germany",2026-09-11,https://www.linkedin.com/jobs/view/4261106552 , ,li-4261106552,fulltime,,,,,,False,associate,Engineering and Information Technology,,,"Appliances, Electrical, and Electronics Manufacturing",https://it.linkedin.com/company/alpitronic-srl,,,,,,,,,,,
linkedin,Electronics Hardware Design Engineer,Hypersonica,"Munich, Bavaria, Germany",2026-09-11,https://www.linkedin.com/jobs/view/4466356833 , ,li-4466356833,fulltime,,,,,,False,mid-senior level,Engineering and Information Technology,,,Defense and Space Manufacturing,https://de.linkedin.com/company/hypersonicagmbh,,,,,,,,,,,
linkedin,Entwicklungsingenieur (m/w/d) Elektronik für Luftfahrtsysteme,Diehl Group,"Dresden, Saxony, Germany",2026-09-11,https://www.linkedin.com/jobs/view/4465160081 , ,li-4465160081,fulltime,,,,,,False,mid-senior level,Engineering and Information Technology,,,"Appliances, Electrical, and Electronics Manufacturing",https://de.linkedin.com/company/diehl-group,,,,,,,,,,,
linkedin,Development Engineer Digital Design FPGA (m/w/d),Rohde & Schwarz,"Duisburg, North Rhine-Westphalia, Germany",2026-09-11,https://www.linkedin.com/jobs/view/4464873322 , ,li-4464873322,fulltime,,,,,,False,not applicable,Engineering and Information Technology,,,Telecommunications,https://de.linkedin.com/company/rohde-schwarz,,,,,,,,,,,
linkedin,Hardwareentwickler Schaltungsdesign Leistungselektronik (all gender),ALTEN,"Erlangen, Bavaria, Germany",2026-09-11,https://www.linkedin.com/jobs/view/4452573606 , ,li-4452573606,fulltime,,,,,,False,associate,Engineering,,,Engineering Services,https://fr.linkedin.com/company/alten,,,,,,,,,,,
linkedin,PCB Designer (all gender),ALTEN,"Bamberg, Bavaria, Germany",2026-09-11,https://www.linkedin.com/jobs/view/4466063983 , ,li-4466063983,fulltime,,,,,,False,associate,"Production, Distribution, and Engineering",,,Software Development and IT Services and IT Consulting,https://fr.linkedin.com/company/alten,,,,,,,,,,,
linkedin,(Senior) EPLAN Hardware Entwickler (m/w/d),EKU Power Drives,"Stuttgart, Baden-Württemberg, Germany",2026-09-11,https://www.linkedin.com/jobs/view/4466098810 , ,li-4466098810,fulltime,,,,,,False,not applicable,Engineering and Information Technology,,bewerbung@ekupd.com,Electric Power Generation,https://de.linkedin.com/company/eku-power-drives,,,,,,,,,,,
linkedin,Product Qualification Engineer (f/m/d),Black Semiconductor,"Aachen, North Rhine-Westphalia, Germany",2026-09-11,https://www.linkedin.com/jobs/view/4447045160 , ,li-4447045160,fulltime,,,,,,True,mid-senior level,Management and Manufacturing,,,Semiconductor Manufacturing,https://de.linkedin.com/company/black-semiconductor,,,,,,,,,,,
linkedin,System Engineer (m/w/d),Mirion,"Munich, Bavaria, Germany",2026-09-11,https://www.linkedin.com/jobs/view/4436811586 , ,li-4436811586,fulltime,,,,,,False,mid-senior level,Information Technology,,,Manufacturing,https://www.linkedin.com/company/mirion,,,,,,,,,,,
linkedin,Entwickler:in Maschinenbau oder Mechatronik (m/w/d),Prefiro,"Karlsruhe, Baden-Württemberg, Germany",2026-09-11,https://www.linkedin.com/jobs/view/4463972530 , ,li-4463972530,contract,,,,,,False,associate,Engineering,,,Manufacturing,https://de.linkedin.com/company/prefiroprecisionfarming,,,,,,,,,,,
linkedin,Masterarbeit - Reinforcement Learning für zweibeinigen Outdoor-Roboter auf Rädern mit Isaac Lab,Fraunhofer IPA,"Stuttgart, Baden-Württemberg, Germany",2026-09-11,https://www.linkedin.com/jobs/view/4466319719 , ,li-4466319719,fulltime,,,,,,False,entry level,Education and Training,,jennifer.leppich@ipa.fraunhofer.de,Human Resources and Education,https://de.linkedin.com/company/fraunhofer-ipa,,,,,,,,,,,
linkedin,Deployment Robotics Engineer (m/f/d),Sereact,"Stuttgart, Baden-Württemberg, Germany",2026-09-11,https://www.linkedin.com/jobs/view/4417317931 , ,li-4417317931,fulltime,,,,,,True,mid-senior level,Engineering and Information Technology,,,Software Development,https://de.linkedin.com/company/sereact,,,,,,,,,,,
linkedin,Konstrukteur mit Schwerpunkt Elektrotechnik (m/w/d) nach 88690 Uhldingen-Mühlhofen,Dippel Personalmanagement GmbH,"Uhldingen-Mühlhofen, Baden-Württemberg, Germany",2026-09-11,https://www.linkedin.com/jobs/view/4466081675 , ,li-4466081675,fulltime,,,,,,False,entry level,Engineering and Information Technology,,stockach@dippel.de,IT Services and IT Consulting,https://www.linkedin.com/company/dippel-personalmanagement-gmbh,,,,,,,,,,,
linkedin,Systemingenieur Mechatronik (m/w/d),FERCHAU,"Kiel, Schleswig-Holstein, Germany",2026-09-11,https://www.linkedin.com/jobs/view/4438577586 , ,li-4438577586,fulltime,,,,,,False,mid-senior level,Information Technology,,john.kaehler@ferchau.com,Engineering Services,https://de.linkedin.com/company/ferchau,,,,,,,,,,,
linkedin,Software Developer (m/f/d) Simulation Helicopter / UAV,FERCHAU,"Donauwörth, Bavaria, Germany",2026-09-11,https://www.linkedin.com/jobs/view/4438571731 , ,li-4438571731,fulltime,,,,,,False,mid-senior level,Engineering and Information Technology,,-ad@ferchau.com,Engineering Services,https://de.linkedin.com/company/ferchau,,,,,,,,,,,
linkedin,"Development Expert (f/m/d) - Virtualization (C, Linux, x86/ARM)",SAP,"Berlin, Berlin, Germany",2026-09-11,https://www.linkedin.com/jobs/view/4456207352 , ,li-4456207352,fulltime,,,,,,False,not applicable,Information Technology,,Careers@sap.com,"Software Development, IT Services and IT Consulting, and Business Consulting and Services",https://de.linkedin.com/company/sap,,,,,,,,,,,
linkedin,Software Developer & Hardware Specialist (m/w/d),OPASCA,"Mannheim, Baden-Württemberg, Germany",2026-09-11,https://www.linkedin.com/jobs/view/4466053379 , ,li-4466053379,fulltime,,,,,,False,entry level,Engineering and Information Technology,,"bewerbung@opasca.com, bewerbung@opasca.com",Hospitals and Health Care,https://de.linkedin.com/company/opasca,,,,,,,,,,,
linkedin,SDV Connectivity In-Vehicle Communication Expert (all genders),MHP – A Porsche Company,"Berlin, Berlin, Germany",2026-09-11,https://www.linkedin.com/jobs/view/4466078702 , ,li-4466078702,fulltime,,,,,,False,entry level,"Marketing, Public Relations, and Writing/Editing",,,Business Consulting and Services,https://de.linkedin.com/company/mhp-a-porsche-company,,,,,,,,,,,
linkedin,"Senior Developer (f/m/d) - Virtualization (C, Linux, x86/ARM)",SAP,"Berlin, Berlin, Germany",2026-09-11,https://www.linkedin.com/jobs/view/4456213315 , ,li-4456213315,fulltime,,,,,,False,not applicable,Engineering and Information Technology,,Careers@sap.com,"Software Development, IT Services and IT Consulting, and Business Consulting and Services",https://de.linkedin.com/company/sap,,,,,,,,,,,
linkedin,Entwicklungsingenieur für Verteilte Simulation und Hardware-in-the-Loop-Simulation,Diehl Group,"Überlingen, Baden-Württemberg, Germany",2026-09-11,https://www.linkedin.com/jobs/view/4465165072 , ,li-4465165072,fulltime,,,,,,False,entry level,Engineering and Information Technology,,,"Appliances, Electrical, and Electronics Manufacturing",https://de.linkedin.com/company/diehl-group,,,,,,,,,,,
linkedin,"Entwicklungsingenieur Hardware, all genders",SALT AND PEPPER Group,"Augsburg, Bavaria, Germany",2026-09-11,https://www.linkedin.com/jobs/view/4418801525 , ,li-4418801525,fulltime,,,,,,False,entry level,Engineering and Information Technology,,,Engineering Services,https://de.linkedin.com/company/salt-and-pepper,,,,,,,,,,,
linkedin,Softwareentwickler (m/w/d),Rheinmetall,"Bremen, Bremen, Germany",2026-09-11,https://www.linkedin.com/jobs/view/4463966029 , ,li-4463966029,fulltime,,,,,,False,mid-senior level,Engineering and Information Technology,,,Defense and Space Manufacturing,https://de.linkedin.com/company/rheinmetall,,,,,,,,,,,
linkedin,Entwicklungsingenieur Fahrerassistenzsysteme Automotive (m/w/d),FERCHAU,"Stuttgart, Baden-Württemberg, Germany",2026-09-11,https://www.linkedin.com/jobs/view/4438570811 , ,li-4438570811,fulltime,,,,,,False,entry level,Engineering and Information Technology,,-automotive@ferchau.com,Engineering Services,https://de.linkedin.com/company/ferchau,,,,,,,,,,,
linkedin,Senior Software Engineer Flight Control (all gender),ALTEN,"Manching, Bavaria, Germany",2026-09-11,https://www.linkedin.com/jobs/view/4466063986 , ,li-4466063986,fulltime,,,,,,False,executive,Information Technology,,,Software Development and IT Services and IT Consulting,https://fr.linkedin.com/company/alten,,,,,,,,,,,
linkedin,Lead Engineer - Robotics & Autonomous Systems (m/f/d),Autonomous Teaming,"Munich, Bavaria, Germany",2026-09-11,https://www.linkedin.com/jobs/view/4466045762 , ,li-4466045762,fulltime,,,,,,False,mid-senior level,Engineering and Information Technology,,,Software Development,https://de.linkedin.com/company/autonomous-teaming,,,,,,,,,,,
linkedin,Senior Softwareentwickler Embedded Systems (m/w/d),Lorch Schweißtechnik GmbH,"Oberbrüden, Baden-Württemberg, Germany",2026-09-11,https://www.linkedin.com/jobs/view/4464867862 , ,li-4464867862,fulltime,,,,,,False,mid-senior level,Engineering and Information Technology,,,Industrial Machinery Manufacturing,https://de.linkedin.com/company/lorch-schwei%C3%9Ftechnik-gmbh,,,,,,,,,,,
linkedin,Senior Embedded Software Engineer,The Exploration Company,"Munich, Bavaria, Germany",2026-09-11,https://www.linkedin.com/jobs/view/4464877383 , ,li-4464877383,fulltime,,,,,,False,mid-senior level,Engineering and Information Technology,,,Aviation and Aerospace Component Manufacturing,https://de.linkedin.com/company/exploration-company,,,,,,,,,,,
linkedin,Entwicklungsingenieur (m/w/d) Automotive,FERCHAU,"Karlsruhe, Baden-Württemberg, Germany",2026-09-11,https://www.linkedin.com/jobs/view/4438572807 , ,li-4438572807,fulltime,,,,,,False,entry level,Engineering and Information Technology,,-mobility@ferchau.com,Engineering Services,https://de.linkedin.com/company/ferchau,,,,,,,,,,,
linkedin,Application Engineer (m/w/d),RIGOL Technologies EU GmbH,"Gilching, Bavaria, Germany",2026-09-11,https://www.linkedin.com/jobs/view/4464850090 , ,li-4464850090,fulltime,,,,,,True,mid-senior level,Engineering,,,"Appliances, Electrical, and Electronics Manufacturing",https://de.linkedin.com/company/rigol-technologies-eu-gmbh,,,,,,,,,,,
linkedin,Senior System Architect,Beagle,"Hannover, Lower Saxony, Germany",2026-09-11,https://www.linkedin.com/jobs/view/4463975727 , ,li-4463975727,fulltime,,,,,,False,mid-senior level,Design and Engineering,,,"Semiconductor Manufacturing and Appliances, Electrical, and Electronics Manufacturing",https://uk.linkedin.com/company/beagletalent,,,,,,,,,,,
linkedin,Lead Mechanical Engineer - Integrated Clinical System Development (m/f/d),NVision Quantum Technologies,"Ulm, Baden-Württemberg, Germany",2026-09-11,https://www.linkedin.com/jobs/view/4463984497 , ,li-4463984497,fulltime,,,,,,False,mid-senior level,Engineering and Project Management,,,"Nanotechnology Research, Medical Equipment Manufacturing, and Biotechnology Research",https://de.linkedin.com/company/nvision-quantum-technologies,,,,,,,,,,,
linkedin,Elektroingenieur (m/w/d),FERCHAU,"Kiel, Schleswig-Holstein, Germany",2026-09-11,https://www.linkedin.com/jobs/view/4438583327 , ,li-4438583327,fulltime,,,,,,False,entry level,Engineering and Information Technology,,jette.braun@ferchau.com,Engineering Services,https://de.linkedin.com/company/ferchau,,,,,,,,,,,
linkedin,Space Avionics & Embedded Systems Engineer,NeuralAgent,"Gauting, Bavaria, Germany",2026-09-11,https://www.linkedin.com/jobs/view/4463990849 , ,li-4463990849,fulltime,,,,,,False,associate,Engineering,,,Software Development,https://de.linkedin.com/company/neuralagent,,,,,,,,,,,
linkedin,Design Engineer,Cannondale,"Freiburg, Baden-Württemberg, Germany",2026-09-11,https://www.linkedin.com/jobs/view/4465108295 , ,li-4465108295,fulltime,,,,,,True,mid-senior level,Engineering and Information Technology,,,Sporting Goods Manufacturing,https://www.linkedin.com/company/cannondale,,,,,,,,,,,
linkedin,"Entwicklungsingenieur Konstruktion, all genders",SALT AND PEPPER Group,"Augsburg, Bavaria, Germany",2026-09-11,https://www.linkedin.com/jobs/view/4418809417 , ,li-4418809417,fulltime,,,,,,False,entry level,Engineering and Information Technology,,,Engineering Services,https://de.linkedin.com/company/salt-and-pepper,,,,,,,,,,,
linkedin,Senior Electronics RF Specialist (m/w/d),Marquardt Group,"Rietheim-Weilheim, Baden-Württemberg, Germany",2026-09-10,https://www.linkedin.com/jobs/view/4465639758 , ,li-4465639758,fulltime,,,,,,False,mid-senior level,Engineering and Information Technology,,,Motor Vehicle Parts Manufacturing,https://de.linkedin.com/company/marquardt-group,,,,,,,,,,,
linkedin,"Roboticist, Control Systems Engineer (m/f/d)",Mycronic,"Wertheim, Baden-Württemberg, Germany",2026-09-10,https://www.linkedin.com/jobs/view/4453485905 , ,li-4453485905,fulltime,,,,,,False,mid-senior level,Engineering and Information Technology,,,"Appliances, Electrical, and Electronics Manufacturing",https://se.linkedin.com/company/mycronic,,,,,,,,,,,
linkedin,Softwareentwickler (m/w/d) C++/Linux mit Schwerpunkt Qt/QML,Instaffo,"Garching, Bavaria, Germany",2026-09-10,https://www.linkedin.com/jobs/view/4465698240 , ,li-4465698240,fulltime,,,,,,True,mid-senior level,Information Technology and Engineering,,,Staffing and Recruiting,https://de.linkedin.com/company/instaffo-gmbh,,,,,,,,,,,
linkedin,"Entwicklungsingenieur Embedded Software, all genders",SALT AND PEPPER Group,"Augsburg, Bavaria, Germany",2026-09-10,https://www.linkedin.com/jobs/view/4418817121 , ,li-4418817121,fulltime,,,,,,False,entry level,Engineering and Information Technology,,,Engineering Services,https://de.linkedin.com/company/salt-and-pepper,,,,,,,,,,,
linkedin,Entwicklungsingenieur (m/w/d) Leistungselektronik,FERCHAU,"Oberkochen, Baden-Württemberg, Germany",2026-09-10,https://www.linkedin.com/jobs/view/4438582361 , ,li-4438582361,fulltime,,,,,,False,mid-senior level,Engineering and Information Technology,,heidenheim@ferchau.com,Engineering Services,https://de.linkedin.com/company/ferchau,,,,,,,,,,,
linkedin,RF Engineer / RF Technician - Ground Control Station (m/f/d),STARK,"Berlin, Germany",2026-09-10,https://www.linkedin.com/jobs/view/4456158663 , ,li-4456158663,fulltime,,,,,,False,associate,Engineering and Other,,,Defense and Space Manufacturing,https://de.linkedin.com/company/stark-defence,,,,,,,,,,,
linkedin,Microwave Design Engineer,Proxima Fusion,"Munich, Bavaria, Germany",2026-09-10,https://www.linkedin.com/jobs/view/4464567139 , ,li-4464567139,fulltime,,,,,,False,entry level,Engineering and Information Technology,,,Electric Power Generation,https://de.linkedin.com/company/proximafusion,,,,,,,,,,,
linkedin,Lead Principal Engineer Device Development RF-GaN (w/m/div),Infineon Technologies,"Regensburg, Bavaria, Germany",2026-09-10,https://www.linkedin.com/jobs/view/4465677454 , ,li-4465677454,fulltime,,,,,,False,mid-senior level,Engineering and Information Technology,,,"Semiconductor Manufacturing, Appliances, Electrical, and Electronics Manufacturing, and Computer Hardware Manufacturing",https://de.linkedin.com/company/infineon-technologies,,,,,,,,,,,
linkedin,Masterarbeit (w/m/d): Missions Engineering,German Aerospace Center (DLR),"Oberpfaffenhofen, Bavaria, Germany",2026-09-10,https://www.linkedin.com/jobs/view/4465065111 , ,li-4465065111,fulltime,,,,,,False,internship,Education and Training,,,Research Services,https://de.linkedin.com/company/dlr,,,,,,,,,,,
linkedin,Fachkraft WAN-Kommunikation / iMSys-Rollout (m/w/d),Regionetz GmbH,"Aachen, North Rhine-Westphalia, Germany",2026-09-10,https://www.linkedin.com/jobs/view/4465820921 , ,li-4465820921,fulltime,,,,,,True,entry level,Other,,karriere.personalwirtschaft@regionetz.de,Utilities,https://de.linkedin.com/company/regionetzgmbh,,,,,,,,,,,
linkedin,Satellite Test Engineer (m/f/d),OHB Space UK,"Bremen, Bremen, Germany",2026-09-10,https://www.linkedin.com/jobs/view/4464163688 , ,li-4464163688,fulltime,,,,,,False,entry level,Engineering and Information Technology,,,Defense and Space Manufacturing,https://uk.linkedin.com/company/ohb-space-uk,,,,,,,,,,,
linkedin,Entwicklungsingenieur (m/w/d) im Bereich Hochfrequenztechnik,Rohde & Schwarz,"Meckenheim, North Rhine-Westphalia, Germany",2026-09-10,https://www.linkedin.com/jobs/view/4464174675 , ,li-4464174675,fulltime,,,,,,False,not applicable,Engineering and Information Technology,,,Telecommunications,https://de.linkedin.com/company/rohde-schwarz,,,,,,,,,,,
linkedin,PhD Student – Circuit Breakers for Renewable Energy Integration,Huawei,"Nuremberg, Bavaria, Germany",2026-09-10,https://www.linkedin.com/jobs/view/4464591125 , ,li-4464591125,fulltime,,,,,,False,internship,Education and Training,,,Telecommunications,https://cn.linkedin.com/company/huawei,,,,,,,,,,,
linkedin,Unterstützung in einem Forschungsprojekt zur Untersuchung von nasslaufenden Friktionssystemen in Kraftfahrzeuganwendungen,Institute of Product Engineering at KIT,"Karlsruhe, Baden-Württemberg, Germany",2026-09-10,https://www.linkedin.com/jobs/view/4465615395 , ,li-4465615395,fulltime,,,,,,False,entry level,Information Technology,,,Machinery Manufacturing,https://de.linkedin.com/school/ipekamkit/,,,,,,,,,,,
linkedin,Konstrukteur (m/w/d),Hydrotec,"Wildeshausen, Lower Saxony, Germany",2026-09-10,https://www.linkedin.com/jobs/view/4465861949 , ,li-4465861949,fulltime,,,,,,False,entry level,Management and Manufacturing,,,Landscaping Services,https://www.linkedin.com/company/hydrot3c,,,,,,,,,,,
linkedin,Product and Application Engineer (w/m/d) RF-Leistungselektronik,TRUMPF,"Freiburg, Baden-Württemberg, Germany",2026-09-10,https://www.linkedin.com/jobs/view/4464577338 , ,li-4464577338,fulltime,,,,,,False,entry level,Engineering and Information Technology,,david.brodkorb.external@trumpf.com,Machinery Manufacturing,https://www.linkedin.com/company/trumpf-se-co-kg,,,,,,,,,,,
linkedin,Design-Ingenieur_in im LHT-Entwicklungsbetrieb (m/w/d) Lufthansa Technik,AIP SERVICES GmbH,"Hamburg, Hamburg, Germany",2026-09-10,https://www.linkedin.com/jobs/view/4464569279 , ,li-4464569279,fulltime,,,,,,False,mid-senior level,Engineering,,,Retail,https://de.linkedin.com/company/metrica-services-gmbh,,,,,,,,,,,
linkedin,Development Engineer for Drive Technology in Measurement Systems (m/f/x),ZEISS Group,"Oberkochen, Baden-Württemberg, Germany",2026-09-10,https://www.linkedin.com/jobs/view/4465608685 , ,li-4465608685,fulltime,,,,,,False,mid-senior level,"Business Development, Engineering, and Information Technology",,,"Manufacturing and Appliances, Electrical, and Electronics Manufacturing",https://de.linkedin.com/company/zeiss,,,,,,,,,,,
linkedin,Sr Principal Design Engineer,Cadence,"Feldkirchen, Bavaria, Germany",2026-09-10,https://www.linkedin.com/jobs/view/4464525083 , ,li-4464525083,fulltime,,,,,,False,mid-senior level,Engineering and Information Technology,,,Software Development,https://www.linkedin.com/company/cadence,,,,,,,,,,,
linkedin,Engineer Automotive MOSFET Development (f/m/div),Infineon Technologies,"Dresden, Saxony, Germany",2026-09-10,https://www.linkedin.com/jobs/view/4452455421 , ,li-4452455421,fulltime,,,,,,False,mid-senior level,Management and Manufacturing,,,"Semiconductor Manufacturing, Appliances, Electrical, and Electronics Manufacturing, and Computer Hardware Manufacturing",https://de.linkedin.com/company/infineon-technologies,,,,,,,,,,,
linkedin,Senior FPGA Engineer (m/f/d),AES Aerospace Embedded Solutions GmbH,"Munich, Bavaria, Germany",2026-09-10,https://www.linkedin.com/jobs/view/4463477244 , ,li-4463477244,fulltime,,,,,,False,not applicable,Engineering,,,Aviation and Aerospace Component Manufacturing,https://de.linkedin.com/company/aes-aerospace-embedded-solutions-gmbh,,,,,,,,,,,
linkedin,Lead Engineer Analog ASIC Design (f/m/div.),Bosch,"Reutlingen, Baden-Württemberg, Germany",2026-09-10,https://www.linkedin.com/jobs/view/4460962958 , ,li-4460962958,fulltime,,,,,,False,associate,Research,,,Automotive,https://de.linkedin.com/company/bosch,,,,,,,,,,,
linkedin,Senior Hardware Engineer,MULTIROTOR,"Brandenburg, Germany",2026-09-10,https://www.linkedin.com/jobs/view/4463441464 , ,li-4463441464,fulltime,,,,,,False,mid-senior level,Engineering and Information Technology,,,Defense and Space Manufacturing,https://de.linkedin.com/company/multirotor-flight-control,,,,,,,,,,,
linkedin,Electrical & Electronics Engineer,Helsing,"Munich, Bavaria, Germany",2026-09-10,https://www.linkedin.com/jobs/view/4463489161 , ,li-4463489161,fulltime,,,,,,True,entry level,Engineering and Information Technology,,,Software Development,https://de.linkedin.com/company/helsing,,,,,,,,,,,
linkedin,Experienced ASIC Analog Design Engineer (m/f/d),AUMOVIO,"Regensburg, Bavaria, Germany",2026-09-10,https://www.linkedin.com/jobs/view/4465640131 , ,li-4465640131,fulltime,,,,,,False,mid-senior level,Design,,,Automotive,https://de.linkedin.com/company/aumovio,,,,,,,,,,,
linkedin,ASIC Entwicklungsingenieur Analog IC Design (w/m/div.),Bosch,"Erlangen, Bavaria, Germany",2026-09-10,https://www.linkedin.com/jobs/view/4454702744 , ,li-4454702744,fulltime,,,,,,False,associate,Engineering,,,Automotive,https://de.linkedin.com/company/bosch,,,,,,,,,,,
linkedin,"Entwicklungsingenieur Hardware, all genders",SALT AND PEPPER Group,"Bremen, Bremen, Germany",2026-09-10,https://www.linkedin.com/jobs/view/4069346387 , ,li-4069346387,fulltime,,,,,,False,entry level,Engineering and Information Technology,,,Engineering Services,https://de.linkedin.com/company/salt-and-pepper,,,,,,,,,,,
linkedin,Senior Ingenieur:in (m/w/d) Avionik & MTP,OHB SE,"Bremen, Bremen, Germany",2026-09-10,https://www.linkedin.com/jobs/view/4465691046 , ,li-4465691046,fulltime,,,,,,False,mid-senior level,Engineering,,,Defense and Space Manufacturing,https://de.linkedin.com/company/ohb-se,,,,,,,,,,,
linkedin,"Ingenieur/in der Luft- und Raumfahrt, Physikalischen Ingenieurswissenschaft o. ä. (w/m/d)",German Aerospace Center (DLR),"Berlin, Germany",2026-09-10,https://www.linkedin.com/jobs/view/4464612097 , ,li-4464612097,fulltime,,,,,,False,entry level,Engineering and Information Technology,,,Research Services,https://de.linkedin.com/company/dlr,,,,,,,,,,,
linkedin,Programmierung Messtechnik Zeiss (m/w/d),Liebherr Aerospace and Transportation,"Friedrichshafen, Baden-Württemberg, Germany",2026-09-10,https://www.linkedin.com/jobs/view/4464575460 , ,li-4464575460,fulltime,,,,,,False,mid-senior level,Engineering and Information Technology,,,Industrial Machinery Manufacturing,https://fr.linkedin.com/company/liebherr-aerospace-and-transportation,,,,,,,,,,,
linkedin,Senior System Engineer,ANZEN Engineering,,2026-09-10,https://www.linkedin.com/jobs/view/4465636628 , ,li-4465636628,fulltime,,,,,,False,associate,Information Technology,,,Airlines and Aviation,https://es.linkedin.com/company/anzen-engineering,,,,,,,,,,,
linkedin,Senior PCB Design & Hardware Verification Engineer (f/m/d),Renesas Electronics,"Nabern, Baden-Württemberg, Germany",2026-09-10,https://www.linkedin.com/jobs/view/4465811057 , ,li-4465811057,fulltime,,,,,,False,mid-senior level,Manufacturing,,,Semiconductor Manufacturing,https://jp.linkedin.com/company/renesas,,,,,,,,,,,
linkedin,Hardwareentwickler (m/w/d),Oehmichen & Bürgers Industrieplanung GmbH,"Düsseldorf, North Rhine-Westphalia, Germany",2026-09-10,https://www.linkedin.com/jobs/view/4465819122 , ,li-4465819122,fulltime,,,,,,False,entry level,Engineering and Information Technology,,,Engineering Services,https://de.linkedin.com/company/oub,,,,,,,,,,,
linkedin,Senior Hardware Engineer (m/w/d),NewTec GmbH,"Freiburg, Baden-Württemberg, Germany",2026-09-10,https://www.linkedin.com/jobs/view/4464548007 , ,li-4464548007,fulltime,,,,,,False,associate,Engineering and Information Technology,,,IT Services and IT Consulting,https://de.linkedin.com/company/newtec-gmbh-system-entwicklung-und-beratung,,,,,,,,,,,
linkedin,Electrical Engineer (F/M/D) – Maternity leave cover ~1 year,NavVis,"Munich, Bavaria, Germany",2026-09-10,https://www.linkedin.com/jobs/view/4465612234 , ,li-4465612234,fulltime,,,,,,False,entry level,Engineering and Information Technology,,,"Technology, Information and Internet",https://de.linkedin.com/company/navvis,,,,,,,,,,,
linkedin,Senior Failure Analysis Engineer,Anker Innovations,"Bremerhaven, Bremen, Germany",2026-09-10,https://www.linkedin.com/jobs/view/4465680613 , ,li-4465680613,fulltime,,,,,,False,mid-senior level,Information Technology,,,"Appliances, Electrical, and Electronics Manufacturing",https://www.linkedin.com/company/ankerinnovations,,,,,,,,,,,
linkedin,COE Application Consultant Power Analog and Control (m/f/d),Advantest,"Amerang, Bavaria, Germany",2026-09-10,https://www.linkedin.com/jobs/view/4465878843 , ,li-4465878843,fulltime,,,,,,False,mid-senior level,Engineering and Information Technology,,,Semiconductor Manufacturing,https://jp.linkedin.com/company/advantest,,,,,,,,,,,
linkedin,Senior Power Electronics Engineer,Li Auto,"Munich, Bavaria, Germany",2026-09-10,https://www.linkedin.com/jobs/view/4464526060 , ,li-4464526060,fulltime,,,,,,False,mid-senior level,Engineering,,,Motor Vehicle Manufacturing and Motor Vehicle Parts Manufacturing,https://cn.linkedin.com/company/liauto,,,,,,,,,,,
linkedin,Systems Engineer for Flight Controls (High Lift Systems) (d/f/m),Airbus Aircraft,"Bremen, Bremen, Germany",2026-09-10,https://www.linkedin.com/jobs/view/4463070837 , ,li-4463070837,parttime,,,,,,False,entry level,Information Technology,,emsom@airbus.com,Aviation and Aerospace Component Manufacturing,https://fr.linkedin.com/company/airbus,,,,,,,,,,,
linkedin,Senior Electrical Engineer (m/f/d),Dornier MedTech,"Wessling, Bavaria, Germany",2026-09-10,https://www.linkedin.com/jobs/view/4464598938 , ,li-4464598938,fulltime,,,,,,False,mid-senior level,Engineering and Information Technology,,,Medical Equipment Manufacturing,https://sg.linkedin.com/company/dornier-medtech,,,,,,,,,,,
linkedin,"Principal Engineer, Nitro System, EC2",Amazon Web Services (AWS),"Berlin, Germany",2026-09-10,https://www.linkedin.com/jobs/view/4465830477 , ,li-4465830477,fulltime,,,,,,False,director,"Information Technology, Consulting, and Engineering",,,IT Services and IT Consulting,https://www.linkedin.com/company/amazon-web-services,,,,,,,,,,,
linkedin,Acoustic Systems Engineer (m/f/d),HARMAN International,"Garching, Bavaria, Germany",2026-09-10,https://www.linkedin.com/jobs/view/4453473200 , ,li-4453473200,fulltime,,,,,,False,mid-senior level,Information Technology,,harmancareers@harman.com,Computers and Electronics Manufacturing,https://www.linkedin.com/company/harman-international,,,,,,,,,,,
linkedin,AI Research Engineer - ML & Signal Processing,Helsing,"Munich, Bavaria, Germany",2026-09-10,https://www.linkedin.com/jobs/view/4316266734 , ,li-4316266734,fulltime,,,,,,True,mid-senior level,Engineering and Information Technology,,,Software Development,https://de.linkedin.com/company/helsing,,,,,,,,,,,
linkedin,"Guidance, Navigation, & Control Engineer",Helsing,"Munich, Bavaria, Germany",2026-09-10,https://www.linkedin.com/jobs/view/4463468202 , ,li-4463468202,fulltime,,,,,,True,mid-senior level,Engineering and Information Technology,,,Software Development,https://de.linkedin.com/company/helsing,,,,,,,,,,,
linkedin,"Senior Data Scientist – Python, ML & Signal-Processing (Berlin)",DATATRONiQ,"Berlin, Berlin, Germany",2026-09-10,https://www.linkedin.com/jobs/view/4463423565 , ,li-4463423565,fulltime,,,,,,False,mid-senior level,Engineering and Information Technology,,work@datatroniq.com,IT Services and IT Consulting,https://de.linkedin.com/company/datatroniq,,,,,,,,,,,
linkedin,Mixed-Signal ASIC Design Engineer for Analog Frontends and ADCs (f/m/div.),Bosch,"Reutlingen, Baden-Württemberg, Germany",2026-09-10,https://www.linkedin.com/jobs/view/4460975055 , ,li-4460975055,fulltime,,,,,,False,associate,Engineering,,,Automotive,https://de.linkedin.com/company/bosch,,,,,,,,,,,
linkedin,Principal Hardware Engineer,Cisco,"Nuremberg, Bavaria, Germany",2026-09-10,https://www.linkedin.com/jobs/view/4418093491 , ,li-4418093491,fulltime,,,,,,False,mid-senior level,Engineering and Information Technology,,,Software Development,https://www.linkedin.com/company/cisco,,,,,,,,,,,
linkedin,Senior AI/ML Audio Engineer (f/m/d),NXP Semiconductors,"Dresden, Saxony, Germany",2026-09-10,https://www.linkedin.com/jobs/view/4437883012 , ,li-4437883012,fulltime,,,,,,False,mid-senior level,Engineering and Information Technology,,,"Semiconductor Manufacturing, Computers and Electronics Manufacturing, and Software Development",https://nl.linkedin.com/company/nxp-semiconductors,,,,,,,,,,,
linkedin,C++ Softwareentwickler Sonar / Signalverarbeitung (all gender),ALTEN,,2026-09-10,https://www.linkedin.com/jobs/view/4426817999 , ,li-4426817999,fulltime,,,,,,False,associate,Engineering,,,Maritime Transportation,https://fr.linkedin.com/company/alten,,,,,,,,,,,
linkedin,Senior High-Speed Analog/RF System Architect (f/m/d),Black Semiconductor,"Aachen, North Rhine-Westphalia, Germany",2026-09-09,https://www.linkedin.com/jobs/view/4446328491 , ,li-4446328491,fulltime,,,,,,False,mid-senior level,Engineering and Information Technology,,,Semiconductor Manufacturing,https://de.linkedin.com/company/black-semiconductor,,,,,,,,,,,
linkedin,Elektroingenieur Prüftechnik (m/w/d),ORANGE Engineering GmbH & Co. KG,"Bremen, Bremen, Germany",2026-09-09,https://www.linkedin.com/jobs/view/4463027223 , ,li-4463027223,fulltime,,,,,,False,mid-senior level,Engineering and Information Technology,,,Machinery Manufacturing,https://de.linkedin.com/company/orange-engineering-gmbh,,,,,,,,,,,
linkedin,Senior Staff Analog Design Engineer,MELEXIS,,2026-09-09,https://www.linkedin.com/jobs/view/4463822880 , ,li-4463822880,fulltime,,,,,,False,mid-senior level,Engineering,,,Semiconductor Manufacturing,https://be.linkedin.com/company/melexis,,,,,,,,,,,
linkedin,"(Junior) Elektroingenieur/ Elektroentwickler, all genders",nexadus GmbH,"Bremen, Bremen, Germany",2026-09-09,https://www.linkedin.com/jobs/view/4400557663 , ,li-4400557663,fulltime,,,,,,False,entry level,Engineering and Information Technology,,n.bayer@nexadus.de,Engineering Services,https://de.linkedin.com/company/nexadus,,,,,,,,,,,
linkedin,Entwickler Elektrischer Antriebe im Bereich Applications&Products (m/w/d),Liebherr Aerospace and Transportation,"Lindenberg im Allgäu, Bavaria, Germany",2026-09-09,https://www.linkedin.com/jobs/view/4463870030 , ,li-4463870030,fulltime,,,,,,False,mid-senior level,Engineering and Information Technology,,,Industrial Machinery Manufacturing,https://fr.linkedin.com/company/liebherr-aerospace-and-transportation,,,,,,,,,,,
linkedin,EMI / EMC Engineer (m/w/d),Emerson,"Augsburg, Bavaria, Germany",2026-09-09,https://www.linkedin.com/jobs/view/4465082251 , ,li-4465082251,fulltime,,,,,,False,mid-senior level,Engineering and Information Technology,,,Automation Machinery Manufacturing,https://www.linkedin.com/company/emerson,,,,,,,,,,,
linkedin,SDV (Senior) Consultant Architect 5G Campus Networks (all genders),MHP – A Porsche Company,"Dresden, Saxony, Germany",2026-09-09,https://www.linkedin.com/jobs/view/4437775662 , ,li-4437775662,fulltime,,,,,,False,mid-senior level,"Design, Art/Creative, and Information Technology",,,Business Consulting and Services,https://de.linkedin.com/company/mhp-a-porsche-company,,,,,,,,,,,
linkedin,SDV (Senior) Consultant Architect 5G Campus Networks (all genders),MHP – A Porsche Company,"Frankfurt am Main, Hesse, Germany",2026-09-09,https://www.linkedin.com/jobs/view/4437771994 , ,li-4437771994,fulltime,,,,,,False,mid-senior level,"Design, Art/Creative, and Information Technology",,,Business Consulting and Services,https://de.linkedin.com/company/mhp-a-porsche-company,,,,,,,,,,,
linkedin,EMC-Ingenieur (m/w/d),TDK-Micronas,"Freiburg, Baden-Württemberg, Germany",2026-09-09,https://www.linkedin.com/jobs/view/4451201204 , ,li-4451201204,fulltime,,,,,,False,associate,Engineering,,-recruiting@tdk.com,Semiconductor Manufacturing,https://de.linkedin.com/company/tdk-micronas,,,,,,,,,,,
linkedin,Duales Studium Luft- und Raumfahrttechnik - Elektronik ab 2027,Liebherr Group,"Lindau, Bavaria, Germany",2026-09-09,https://www.linkedin.com/jobs/view/4445704281 , ,li-4445704281,fulltime,,,,,,False,internship,Engineering and Information Technology,,leonie.schneider@liebherr.com,Industrial Machinery Manufacturing,https://de.linkedin.com/company/liebherr,,,,,,,,,,,
linkedin,Wissenschaftlicher Mitarbeiter “Adaptive und energieeffiziente Funkkommunikation” (m/w/d),Barkhausen Institut,"Dresden, Saxony, Germany",2026-09-09,https://www.linkedin.com/jobs/view/4463578430 , ,li-4463578430,parttime,,,,,,False,entry level,"Research, Analyst, and Information Technology",,,Research Services,https://de.linkedin.com/company/barkhausen-institut,,,,,,,,,,,
linkedin,Entwicklungsingenieur Elektronik (m/w/d),Schleifring GmbH,"Fürstenfeldbruck, Bavaria, Germany",2026-09-09,https://www.linkedin.com/jobs/view/4465061591 , ,li-4465061591,fulltime,,,,,,False,entry level,Engineering and Information Technology,,,Machinery Manufacturing,https://de.linkedin.com/company/schleifring,,,,,,,,,,,
linkedin,Elektrokonstrukteur (m/w/d),EBG electro GmbH,"Lünen, North Rhine-Westphalia, Germany",2026-09-09,https://www.linkedin.com/jobs/view/4463872509 , ,li-4463872509,fulltime,,,,,,False,entry level,Engineering and Information Technology,,,"Electric Power Transmission, Control, and Distribution",https://de.linkedin.com/company/ebg-electro-gmbh,,,,,,,,,,,
linkedin,"Senior/Principal Engineering Experts (m/f/d) – Power, Optics & Automotive System",NXT Talent Studio,"Jena, Thuringia, Germany",2026-09-09,https://www.linkedin.com/jobs/view/4465029264 , ,li-4465029264,fulltime,,,,,,False,associate,"Research, Engineering, and Product Management",,,"Telecommunications, Computers and Electronics Manufacturing, and Semiconductor Manufacturing",https://de.linkedin.com/company/nxt-talent-studio,,,,,,,,,,,
linkedin,"Embedded Developer (Linux, Yocto) m/w/d - €500-€700 per day",Optimus Search,,2026-09-09,https://www.linkedin.com/jobs/view/4463069844 , ,li-4463069844,contract,,,,,,False,mid-senior level,,,,"Automation Machinery Manufacturing, Audio and Video Equipment Manufacturing, and Semiconductor Manufacturing",https://uk.linkedin.com/company/optimus-search,,,,,,,,,,,
linkedin,Senior Electronic Engineer,5V Tech,"Duisburg, North Rhine-Westphalia, Germany",2026-09-09,https://www.linkedin.com/jobs/view/4452368887 , ,li-4452368887,fulltime,,,,,,False,mid-senior level,Engineering,,,"Audio and Video Equipment Manufacturing, Computers and Electronics Manufacturing, and Manufacturing",https://uk.linkedin.com/company/5vtech,,,,,,,,,,,
linkedin,(Senior) Hardware Design Engineer (f/m/d),Munich Electrification,"Munich, Bavaria, Germany",2026-09-09,https://www.linkedin.com/jobs/view/4355797299 , ,li-4355797299,fulltime,,,,,,False,mid-senior level,Engineering and Information Technology,,,"Appliances, Electrical, and Electronics Manufacturing",https://de.linkedin.com/company/munichelectrification,,,,,,,,,,,
linkedin,FPGA / Mixed-Signal Design Engineer (m/f/d),Amoria Bond,,2026-09-09,https://www.linkedin.com/jobs/view/4462597590 , ,li-4462597590,fulltime,,,,,,True,associate,Engineering,,,Defense and Space Manufacturing,https://uk.linkedin.com/company/amoria-bond,,,,,,,,,,,
linkedin,Senior Digital Design Engineer (m/w/d),TDK-Micronas,,2026-09-09,https://www.linkedin.com/jobs/view/4450128565 , ,li-4450128565,fulltime,,,,,,False,associate,Engineering,,-recruiting@tdk.com,Semiconductor Manufacturing,https://de.linkedin.com/company/tdk-micronas,,,,,,,,,,,
linkedin,"Electronics Design Engineer, Industrial Robotics Group",Amazon,"Munich, Bavaria, Germany",2026-09-09,https://www.linkedin.com/jobs/view/4455906869 , ,li-4455906869,fulltime,,,,,,False,not applicable,Manufacturing and Engineering,,,Software Development,https://www.linkedin.com/company/amazon,,,,,,,,,,,
linkedin,Solutions Engineer EU,Doodle Labs,,2026-09-09,https://www.linkedin.com/jobs/view/4465312370 , ,li-4465312370,fulltime,,,,,,False,mid-senior level,Engineering and Information Technology,,,Wireless Services,https://www.linkedin.com/company/doodle-labs,,,,,,,,,,,
linkedin,"Senior Test Engineer, Amazon Robotics",Amazon,"Munich, Bavaria, Germany",2026-09-09,https://www.linkedin.com/jobs/view/4455797058 , ,li-4455797058,fulltime,,,,,,False,mid-senior level,Manufacturing and Engineering,,,Software Development,https://www.linkedin.com/company/amazon,,,,,,,,,,,
linkedin,"Systemingenieur für Integration, Verifikation und Qualifikation (w/m/d)",HENSOLDT,"Ulm, Baden-Württemberg, Germany",2026-09-09,https://www.linkedin.com/jobs/view/4464073413 , ,li-4464073413,fulltime,,,,,,False,mid-senior level,Information Technology,,jobs@hensoldt.net,Defense and Space Manufacturing,https://de.linkedin.com/company/hensoldt,,,,,,,,,,,
linkedin,Systemarchitekt Medizintechnik (m/w/d),Löwenstein Medical,"Karlsruhe, Baden-Württemberg, Germany",2026-09-09,https://www.linkedin.com/jobs/view/4463034744 , ,li-4463034744,fulltime,,,,,,False,mid-senior level,Engineering,,,Medical Equipment Manufacturing,https://de.linkedin.com/company/loewensteinmedical,,,,,,,,,,,
linkedin,"Embedded Developer (Linux, Yocto) - m/w/d - €450-€715 per day",Optimus Search,,2026-09-09,https://www.linkedin.com/jobs/view/4463071032 , ,li-4463071032,contract,,,,,,False,mid-senior level,,,careers@optimussearch.com,"Industrial Machinery Manufacturing, Defense and Space Manufacturing, and Space Research and Technology",https://uk.linkedin.com/company/optimus-search,,,,,,,,,,,
linkedin,Automation Engineer,ARTO,"Munich, Bavaria, Germany",2026-09-09,https://www.linkedin.com/jobs/view/4463057001 , ,li-4463057001,fulltime,,,,,,False,mid-senior level,,,,Pharmaceutical Manufacturing and Medical Equipment Manufacturing,https://uk.linkedin.com/company/artotalent,,,,,,,,,,,
linkedin,Software Engineer,Helsing,"Munich, Bavaria, Germany",2026-09-09,https://www.linkedin.com/jobs/view/4343993789 , ,li-4343993789,fulltime,,,,,,False,entry level,Engineering and Information Technology,,,Software Development,https://de.linkedin.com/company/helsing,,,,,,,,,,,
linkedin,"Principal Engineer, EC2",Amazon Web Services (AWS),"Berlin, Germany",2026-09-09,https://www.linkedin.com/jobs/view/4455790985 , ,li-4455790985,fulltime,,,,,,True,director,"Information Technology, Consulting, and Engineering",,,IT Services and IT Consulting,https://www.linkedin.com/company/amazon-web-services,,,,,,,,,,,
linkedin,E/E Bordnetzentwickler im Bereich ARBV (w/m/d),MAN Truck & Bus SE,"Munich, Bavaria, Germany",2026-09-09,https://www.linkedin.com/jobs/view/4465089433 , ,li-4465089433,fulltime,,,,,,True,mid-senior level,Other,,,Motor Vehicle Manufacturing,https://de.linkedin.com/company/man-commercial-vehicles,,,,,,,,,,,
linkedin,Entwicklungsingenieur Elektronik (m/w/d),ANSMANN AG,"Assamstadt, Baden-Württemberg, Germany",2026-09-09,https://www.linkedin.com/jobs/view/4463010471 , ,li-4463010471,fulltime,,,,,,False,entry level,Engineering,,,Manufacturing,https://de.linkedin.com/company/ansmann-ag,,,,,,,,,,,
linkedin,Software Developer / Programmierer* (m/w/d) Mesh Technologies,Broadcast Solutions Group,"Bingen, Rhineland-Palatinate, Germany",2026-09-09,https://www.linkedin.com/jobs/view/4462599195 , ,li-4462599195,fulltime,,,,,,False,associate,Other,,,Software Development,https://de.linkedin.com/company/broadcast-solutions-gmbh,,,,,,,,,,,
linkedin,E/E SW- und HW-Architekt im Bereich AV-Stack Entwicklung (w/m/d),MAN Truck & Bus SE,"Munich, Bavaria, Germany",2026-09-09,https://www.linkedin.com/jobs/view/4465083506 , ,li-4465083506,fulltime,,,,,,True,mid-senior level,Engineering and Information Technology,,,Motor Vehicle Manufacturing,https://de.linkedin.com/company/man-commercial-vehicles,,,,,,,,,,,
linkedin,Software Developer / Architect for embedded real time software (d/f/m),Tintschl Unternehmensgruppe,"Manching, Bavaria, Germany",2026-09-09,https://www.linkedin.com/jobs/view/4465027731 , ,li-4465027731,fulltime,,,,,,False,mid-senior level,Engineering,,,Aviation and Aerospace Component Manufacturing,https://de.linkedin.com/company/tintschlunternehmensgruppe,,,,,,,,,,,
linkedin,Embedded Programmierer:in (m/w/d),GUDE Systems GmbH,"Cologne, North Rhine-Westphalia, Germany",2026-09-09,https://www.linkedin.com/jobs/view/4464130037 , ,li-4464130037,fulltime,,,,,,False,entry level,Engineering and Information Technology,,,IT Services and IT Consulting,https://de.linkedin.com/company/gude-systems,,,,,,,,,,,
linkedin,"Firmware Engineer, Amazon Robotics",Amazon,"Munich, Bavaria, Germany",2026-09-09,https://www.linkedin.com/jobs/view/4455906434 , ,li-4455906434,fulltime,,,,,,False,not applicable,"Information Technology, Consulting, and Engineering",,,Software Development,https://www.linkedin.com/company/amazon,,,,,,,,,,,
linkedin,"Senior Firmware Engineer, Industrial Robotics Group",Amazon,"Munich, Bavaria, Germany",2026-09-09,https://www.linkedin.com/jobs/view/4455799410 , ,li-4455799410,fulltime,,,,,,False,mid-senior level,"Information Technology, Consulting, and Engineering",,,Software Development,https://www.linkedin.com/company/amazon,,,,,,,,,,,
linkedin,Erfahrene:r Hardware-Entwickler:in in Vollzeit (m/w/d),GUDE Systems GmbH,"Cologne, North Rhine-Westphalia, Germany",2026-09-09,https://www.linkedin.com/jobs/view/4464109945 , ,li-4464109945,fulltime,,,,,,False,mid-senior level,Information Technology,,,IT Services and IT Consulting,https://de.linkedin.com/company/gude-systems,,,,,,,,,,,
linkedin,Electronic Systems Engineer,agap2 Germany,"Bavaria, Germany",2026-09-09,https://www.linkedin.com/jobs/view/4463809780 , ,li-4463809780,fulltime,,,,,,False,associate,Engineering and Project Management,,,Business Consulting and Services,https://de.linkedin.com/company/agap2-germany,,,,,,,,,,,
linkedin,"Sr HDE, Industrial Robotics, Industrial Robotics Group",Amazon,"Munich, Bavaria, Germany",2026-09-09,https://www.linkedin.com/jobs/view/4455908038 , ,li-4455908038,fulltime,,,,,,False,mid-senior level,Manufacturing and Engineering,,,Software Development,https://www.linkedin.com/company/amazon,,,,,,,,,,,
linkedin,Elektroingenieur / Elektrokonstrukteur (m/w/d) Innen- und Außendienst im Bereich Schiffbau,Minimax Fire Solutions International GmbH,"Feldhorst, Schleswig-Holstein, Germany",2026-09-09,https://www.linkedin.com/jobs/view/4458755490 , ,li-4458755490,fulltime,,,,,,False,associate,Engineering,,,Fire Protection,https://de.linkedin.com/company/minimax-fire-solutions-international-gmbh,,,,,,,,,,,
linkedin,"Embedded Developer (Linux, Yocto) m/w/d - €500-€700 per day",Optimus Search,"Munich, Bavaria, Germany",2026-09-09,https://www.linkedin.com/jobs/view/4463067786 , ,li-4463067786,contract,,,,,,False,associate,,,,"Machinery Manufacturing, Industrial Machinery Manufacturing, and Semiconductor Manufacturing",https://uk.linkedin.com/company/optimus-search,,,,,,,,,,,
linkedin,Systems Engineer – Satellitenkommunikation & Bodensysteme (all gender),ALTEN,"Friedrichshafen, Baden-Württemberg, Germany",2026-09-09,https://www.linkedin.com/jobs/view/4465015743 , ,li-4465015743,fulltime,,,,,,False,associate,"Production, Distribution, and Engineering",,,Software Development and IT Services and IT Consulting,https://fr.linkedin.com/company/alten,,,,,,,,,,,
linkedin,"Applied Scientist, Amazon Music - DISCO, Music DISCO",Amazon Music,"Berlin, Germany",2026-09-09,https://www.linkedin.com/jobs/view/4455782915 , ,li-4455782915,fulltime,,,,,,False,not applicable,"Research, Analyst, and Information Technology",,,Entertainment Providers,https://www.linkedin.com/company/amazon-music,,,,,,,,,,,
linkedin,Softwareentwickler GPU (m/w/d),ORANGE Engineering GmbH & Co. KG,"Bremen, Bremen, Germany",2026-09-09,https://www.linkedin.com/jobs/view/4463043119 , ,li-4463043119,fulltime,,,,,,False,entry level,Engineering and Information Technology,,,Machinery Manufacturing,https://de.linkedin.com/company/orange-engineering-gmbh,,,,,,,,,,,
linkedin,Senior GHz Analog & Mixed-Signal Engineer (m/f/d),Q.ANT,"Stuttgart, Baden-Württemberg, Germany",2026-09-09,https://www.linkedin.com/jobs/view/4452700800 , ,li-4452700800,fulltime,,,,,,False,associate,Research,,,Semiconductor Manufacturing,https://de.linkedin.com/company/qant,,,,,,,,,,,
linkedin,"Engineer, scientist or similar (f/m/d)",German Aerospace Center (DLR),"Cottbus, Brandenburg, Germany",2026-09-09,https://www.linkedin.com/jobs/view/4464498803 , ,li-4464498803,fulltime,,,,,,False,mid-senior level,Engineering and Information Technology,,henri.siller@dlr.de,Research Services,https://de.linkedin.com/company/dlr,,,,,,,,,,,
linkedin,Research Associate “Adaptive and Energy-Efficient Wireless Communications” (m/f/d),Barkhausen Institut,"Dresden, Saxony, Germany",2026-09-09,https://www.linkedin.com/jobs/view/4463599012 , ,li-4463599012,fulltime,,,,,,False,entry level,"Marketing, Public Relations, and Writing/Editing",,,Research Services,https://de.linkedin.com/company/barkhausen-institut,,,,,,,,,,,
linkedin,Akustikentwickler (m/w/d),Sennheiser,"Berlin, Berlin, Germany",2026-09-09,https://www.linkedin.com/jobs/view/4460371836 , ,li-4460371836,fulltime,,,,,,False,mid-senior level,Other,,jobs@sennheiser.com,"Appliances, Electrical, and Electronics Manufacturing",https://de.linkedin.com/company/sennheiser,,,,,,,,,,,
linkedin,Acoustic Engineer (m/f/d),Sennheiser,"Berlin, Berlin, Germany",2026-09-09,https://www.linkedin.com/jobs/view/4458990598 , ,li-4458990598,fulltime,,,,,,False,mid-senior level,Engineering and Information Technology,,jobs@sennheiser.com,"Appliances, Electrical, and Electronics Manufacturing",https://de.linkedin.com/company/sennheiser,,,,,,,,,,,
linkedin,"Junior Acoustic Engineer, Pro Audio (m/w/d)",Adam Hall Group,"Neu-Anspach, Hesse, Germany",2026-09-09,https://www.linkedin.com/jobs/view/4463036432 , ,li-4463036432,fulltime,,,,,,False,entry level,Engineering and Information Technology,,,Electrical Equipment Manufacturing,https://de.linkedin.com/company/adam-hall-group,,,,,,,,,,,
linkedin,Entwicklungsingenieur Kommunikationssysteme (m/w/d),ORANGE Engineering GmbH & Co. KG,"Bremen, Bremen, Germany",2026-09-09,https://www.linkedin.com/jobs/view/4463037169 , ,li-4463037169,fulltime,,,,,,False,entry level,Engineering and Information Technology,,,Machinery Manufacturing,https://de.linkedin.com/company/orange-engineering-gmbh,,,,,,,,,,,
linkedin,Senior Engineer Sensor Technology,NDT Global,"Stutensee, Baden-Württemberg, Germany",2026-09-09,https://www.linkedin.com/jobs/view/4365258450 , ,li-4365258450,fulltime,,,,,,False,mid-senior level,Engineering and Information Technology,,,Energy Technology and Oil and Gas,https://ca.linkedin.com/company/ndt-global,,,,,,,,,,,
linkedin,Sensor & Measurement Technology Engineer,NDT Global,"Stutensee, Baden-Württemberg, Germany",2026-09-09,https://www.linkedin.com/jobs/view/4365246629 , ,li-4365246629,fulltime,,,,,,False,mid-senior level,Engineering and Information Technology,,,Energy Technology and Oil and Gas,https://ca.linkedin.com/company/ndt-global,,,,,,,,,,,
linkedin,RF Semiconductor Center of Expertise (m/f/d),Advantest,"Böblingen, Baden-Württemberg, Germany",2026-09-09,https://www.linkedin.com/jobs/view/4465356024 , ,li-4465356024,fulltime,,,,,,False,mid-senior level,Other,,,Semiconductor Manufacturing,https://jp.linkedin.com/company/advantest,,,,,,,,,,,
linkedin,Doktorand/in (w/m/d) Resiliente Hochvolt-Bordnetzarchitekturen zukünftiger Flugzeuge,German Aerospace Center (DLR),"Brunswick, Lower Saxony, Germany",2026-09-09,https://www.linkedin.com/jobs/view/4464611666 , ,li-4464611666,fulltime,,,,,,False,internship,Education and Training,,,Research Services,https://de.linkedin.com/company/dlr,,,,,,,,,,,
linkedin,Coherent Systems Architect - Optical Modem Modeling and Specification,Nokia,"Nuremberg, Bavaria, Germany",2026-09-09,https://www.linkedin.com/jobs/view/4434504933 , ,li-4434504933,fulltime,,,,,,False,not applicable,Engineering and Information Technology,,,IT Services and IT Consulting and Telecommunications,https://fi.linkedin.com/company/nokia,,,,,,,,,,,
linkedin,Scientist in Optical & System Design – Illumination (m/f/x),ZEISS Group,"Oberkochen, Baden-Württemberg, Germany",2026-09-09,https://www.linkedin.com/jobs/view/4464989292 , ,li-4464989292,fulltime,,,,,,False,mid-senior level,"Science, Design, and Other",,,"Manufacturing and Appliances, Electrical, and Electronics Manufacturing",https://de.linkedin.com/company/zeiss,,,,,,,,,,,
linkedin,Senior Test Engineer (m/f/d),Renesas Electronics,"Dresden, Saxony, Germany",2026-09-09,https://www.linkedin.com/jobs/view/4426829202 , ,li-4426829202,fulltime,,,,,,True,mid-senior level,Manufacturing,,,Semiconductor Manufacturing,https://jp.linkedin.com/company/renesas,,,,,,,,,,,
linkedin,"AV Design Specialist 3 (Tech Specialist 3) – Stuttgart, Germany","M.C. Dean, Inc.","Stuttgart, Baden-Württemberg, Germany",2026-09-09,https://www.linkedin.com/jobs/view/4464993182 , ,li-4464993182,fulltime,,,,,,False,not applicable,Information Technology,,,Design Services,https://www.linkedin.com/company/m-c-dean-inc,,,,,,,,,,,
linkedin,Professional HCS CAD Engineer (m/w/d),HARTING Technology Group,"Espelkamp, North Rhine-Westphalia, Germany",2026-09-09,https://www.linkedin.com/jobs/view/4441353259 , ,li-4441353259,fulltime,,,,,,False,entry level,Engineering and Information Technology,,,Automation Machinery Manufacturing,https://de.linkedin.com/company/harting,,,,,,,,,,,
linkedin,Senior System Engineer Robotics,NODE Robotics,"Stuttgart, Baden-Württemberg, Germany",2026-09-08,https://www.linkedin.com/jobs/view/4463573044 , ,li-4463573044,fulltime,,,,,,False,associate,Information Technology,,,Software Development,https://de.linkedin.com/company/node-robotics,,,,,,,,,,,
linkedin,"Entwicklungsingenieur (w/m/d) Hochfrequenztechnik, RF",TRUMPF,"Freiburg, Baden-Württemberg, Germany",2026-09-08,https://www.linkedin.com/jobs/view/4463564643 , ,li-4463564643,fulltime,,,,,,False,mid-senior level,Engineering and Information Technology,,david.brodkorb.external@trumpf.com,Machinery Manufacturing,https://www.linkedin.com/company/trumpf-se-co-kg,,,,,,,,,,,
linkedin,Embedded Software (m/w/d) Engineer Wireless Systems 1,Rohde & Schwarz,"Berlin, Berlin, Germany",,https://www.linkedin.com/jobs/view/4463501895 , ,li-4463501895,fulltime,,,,,,False,not applicable,Engineering and Information Technology,,,Telecommunications,https://de.linkedin.com/company/rohde-schwarz,,,,,,,,,,,
linkedin,Senior Embedded (ARM) Engineer - Quantum Computing (m/w/d),eleQtron,"Hamburg, Hamburg, Germany",,https://www.linkedin.com/jobs/view/4466518736 , ,li-4466518736,fulltime,,,,,,False,not applicable,Information Technology,,,IT Services and IT Consulting,https://de.linkedin.com/company/eleqtron-qc,,,,,,,,,,,
linkedin,Senior Embedded (ARM) Engineer - Quantum Computing (m/w/d),eleQtron,"Siegen, North Rhine-Westphalia, Germany",,https://www.linkedin.com/jobs/view/4466519749 , ,li-4466519749,fulltime,,,,,,False,not applicable,Information Technology,,,IT Services and IT Consulting,https://de.linkedin.com/company/eleqtron-qc,,,,,,,,,,,
linkedin,Embedded Linux Firmware/Software Engineer,Brainworx Tech GmbH,"Langenfeld, North Rhine-Westphalia, Germany",,https://www.linkedin.com/jobs/view/4464234308 , ,li-4464234308,fulltime,,,,,,False,entry level,Engineering and Information Technology,,,Software Development,https://de.linkedin.com/company/brainworx-tech,,,,,,,,,,,
linkedin,System Expert,IBA,"Schwarzenbruck, Bavaria, Germany",,https://www.linkedin.com/jobs/view/4436536355 , ,li-4436536355,fulltime,,,,,,False,associate,Information Technology,,,"Medical Equipment Manufacturing, Industrial Machinery Manufacturing, and Appliances, Electrical, and Electronics Manufacturing",https://be.linkedin.com/company/iba,,,,,,,,,,,
linkedin,Embedded Software Entwickler (m/w/d),Randstad Deutschland,"Aalen, Baden-Württemberg, Germany",,https://www.linkedin.com/jobs/view/4466522116 , ,li-4466522116,fulltime,,,,,,False,entry level,Engineering and Information Technology,,,Human Resources Services,https://de.linkedin.com/company/randstad-deutschland,,,,,,,,,,,
linkedin,Technical Lead for Vehicle Brake Control Functions - J0050818,Astemo Ltd.,"Heilbronn, Baden-Württemberg, Germany",,https://www.linkedin.com/jobs/view/4465596885 , ,li-4465596885,fulltime,,,,,,False,mid-senior level,Engineering and Information Technology,,,Motor Vehicle Manufacturing,https://jp.linkedin.com/company/astemo,,,,,,,,,,,
linkedin,Entwicklungsingenieur Elektrotechnik – Robotik & Prototypenentwicklung,funktechnologies,"Reutlingen, Baden-Württemberg, Germany",,https://www.linkedin.com/jobs/view/4466548205 , ,li-4466548205,fulltime,,,,,,False,entry level,,,,Robotics Engineering,https://www.linkedin.com/company/funktechnologies,,,,,,,,,,,
linkedin,Senior Software Engineer – Edge Platform (m/f/d),AP Sensing,"Böblingen, Baden-Württemberg, Germany",,https://www.linkedin.com/jobs/view/4466163970 , ,li-4466163970,fulltime,,,,,,False,associate,Information Technology,,hr@apsensing.com,"Appliances, Electrical, and Electronics Manufacturing, Computers and Electronics Manufacturing, and Measuring and Control Instrument Manufacturing",https://de.linkedin.com/company/ap-sensing,,,,,,,,,,,
linkedin,Embedded Software Engineer  – Germany | Airbus Projects,Orbital Critical Systems (Grupo CAF),"Berlin, Berlin, Germany",,https://www.linkedin.com/jobs/view/4465575839 , ,li-4465575839,other,,,,,,False,not applicable,Engineering and Information Technology,,,Airlines and Aviation,https://es.linkedin.com/company/orbital-aerospace,,,,,,,,,,,
linkedin,Entwicklungsingenieur Mechatronik (m/w/d) (Schwerpunkt Dynamik und Regelungstechnik),Bertrandt Group,"Oberkochen, Baden-Württemberg, Germany",,https://www.linkedin.com/jobs/view/4460953527 , ,li-4460953527,fulltime,,,,,,False,mid-senior level,Engineering and Information Technology,,,Engineering Services,https://de.linkedin.com/company/bertrandt-ag,,,,,,,,,,,
linkedin,Entwicklungsingenieur:in,Heckler & Koch GmbH,"Oberndorf, Baden-Württemberg, Germany",,https://www.linkedin.com/jobs/view/4467494003 , ,li-4467494003,fulltime,,,,,,False,associate,Engineering and Product Management,,,Defense and Space Manufacturing,https://de.linkedin.com/company/heckler-koch-gmbh,,,,,,,,,,,
linkedin,R&D Software Engineer Maintenance Framework (m/f/d),Advantest,"Böblingen, Baden-Württemberg, Germany",,https://www.linkedin.com/jobs/view/4467415111 , ,li-4467415111,fulltime,,,,,,False,entry level,Engineering and Information Technology,,,Semiconductor Manufacturing,https://jp.linkedin.com/company/advantest,,,,,,,,,,,
linkedin,Roboticist,AI Futures,"Munich, Bavaria, Germany",,https://www.linkedin.com/jobs/view/4465551245 , ,li-4465551245,fulltime,,,,,,False,mid-senior level,Engineering,,,Information Services,https://uk.linkedin.com/company/aifuturesgroup,,,,,,,,,,,
linkedin,Ingenieur (m/w/d) für Systemintegration und -test,Diehl Group,"Röthenbach an der Pegnitz, Bavaria, Germany",,https://www.linkedin.com/jobs/view/4466130250 , ,li-4466130250,fulltime,,,,,,False,entry level,Quality Assurance,,,"Appliances, Electrical, and Electronics Manufacturing",https://de.linkedin.com/company/diehl-group,,,,,,,,,,,
linkedin,Software Architect Edge Platform (m/f/d),Danfoss,"Hamburg, Hamburg, Germany",,https://www.linkedin.com/jobs/view/4448158692 , ,li-4448158692,fulltime,,,,,,False,mid-senior level,Research and Engineering,,,Industrial Machinery Manufacturing,https://dk.linkedin.com/company/danfoss,,,,,,,,,,,
linkedin,Junior Software-Entwickler / Software Engineer (m/w/d),Incoretex GmbH,"Aachen, North Rhine-Westphalia, Germany",,https://www.linkedin.com/jobs/view/4465509107 , ,li-4465509107,fulltime,,,,,,False,entry level,Information Technology,,,IT Services and IT Consulting,https://de.linkedin.com/company/incoretex,,,,,,,,,,,
linkedin,Linux Developer (m/f/d) - Augsburg,IGEL Technology,"Augsburg, Bavaria, Germany",,https://www.linkedin.com/jobs/view/4442072271 , ,li-4442072271,fulltime,,,,,,False,mid-senior level,Information Technology,,,Software Development and IT Services and IT Consulting,https://de.linkedin.com/company/igel-technology,,,,,,,,,,,
linkedin,Systemingenieur / Entwicklungsingenieur (w/m/d),WITTENSTEIN group,"Igersheim, Baden-Württemberg, Germany",,https://www.linkedin.com/jobs/view/4466566085 , ,li-4466566085,fulltime,,,,,,False,associate,Research and Engineering,,,Automation Machinery Manufacturing,https://de.linkedin.com/company/wittenstein-group,,,,,,,,,,,
linkedin,Systems Engineer (m/w/d),mamgo | Talente 🔗 Jobs,"Kiel, Schleswig-Holstein, Germany",,https://www.linkedin.com/jobs/view/4467455246 , ,li-4467455246,fulltime,,,,,,False,entry level,Information Technology,,,"Technology, Information and Internet",https://de.linkedin.com/company/mamgo-io,,,,,,,,,,,
linkedin,Senior Software Engineer,GROPYUS,"Eppingen, Baden-Württemberg, Germany",,https://www.linkedin.com/jobs/view/4465506911 , ,li-4465506911,fulltime,,,,,,True,director,Information Technology,,,Construction,https://at.linkedin.com/company/gropyus,,,,,,,,,,,
linkedin,Junior Software Engineer,Helsing,"Munich, Bavaria, Germany",,https://www.linkedin.com/jobs/view/4465548357 , ,li-4465548357,fulltime,,,,,,True,entry level,Engineering and Information Technology,,,Software Development,https://de.linkedin.com/company/helsing,,,,,,,,,,,
linkedin,Simulation HMI Software Architect - Eurofighter Training Simulators (d/f/m),Airbus Defence and Space,"Manching, Bavaria, Germany",,https://www.linkedin.com/jobs/view/4400119654 , ,li-4400119654,parttime,,,,,,False,mid-senior level,Engineering and Information Technology,,emsom@airbus.com,Defense and Space Manufacturing,https://www.linkedin.com/company/airbus-defence-and-space,,,,,,,,,,,
linkedin,System Software Engineer (gn) Cloud & Simulation,Wandelbots,"Dresden, Saxony, Germany",,https://www.linkedin.com/jobs/view/4467497795 , ,li-4467497795,fulltime,,,,,,False,mid-senior level,Engineering and Information Technology,,,Software Development,https://de.linkedin.com/company/wandelbots,,,,,,,,,,,
linkedin,Hardwareentwicklungsingenieur:in,Wodeer Technology Europe GmbH,"Adelberg-Dorf, Baden-Württemberg, Germany",,https://www.linkedin.com/jobs/view/4454731828 , ,li-4454731828,fulltime,,,,,,False,associate,Engineering,,hr@wodeer.eu,Motor Vehicle Manufacturing and Motor Vehicle Parts Manufacturing,https://de.linkedin.com/company/wodeer-technology-europe-gmbh,,,,,,,,,,,
linkedin,Senior Hardwareentwickler (m/w/d),Schotstek GmbH,"Mannheim, Baden-Württemberg, Germany",,https://www.linkedin.com/jobs/view/4465506275 , ,li-4465506275,fulltime,,,,,,False,associate,Engineering,,,"Automation Machinery Manufacturing, Motor Vehicle Manufacturing, and Medical Equipment Manufacturing",https://de.linkedin.com/company/schotstek-gmbh,,,,,,,,,,,
linkedin,"Lead Hardware Engineer, FPGA and Analog (m/f/d)",Natural Intelligence (NISYS GmbH),"Frankfurt am Main, Hesse, Germany",,https://www.linkedin.com/jobs/view/4467493142 , ,li-4467493142,fulltime,,,,,,False,mid-senior level,Engineering and Information Technology,,hello@nisys.ai,Research Services,https://de.linkedin.com/company/natural-intelligence-systems,,,,,,,,,,,
linkedin,Hardware Innovation Engineer,Rebel Recruiters,"Munich, Bavaria, Germany",,https://www.linkedin.com/jobs/view/4465569805 , ,li-4465569805,fulltime,,,,,,False,mid-senior level,"Engineering, Research, and Information Technology",,,"Appliances, Electrical, and Electronics Manufacturing",https://uk.linkedin.com/company/rebel-recruiters,,,,,,,,,,,
linkedin,Senior Elektronikentwickler (m/w/d),Frickly Systems GmbH,"Stuttgart, Baden-Württemberg, Germany",,https://www.linkedin.com/jobs/view/4467758529 , ,li-4467758529,fulltime,,,,,,True,mid-senior level,Engineering and Information Technology,,,Computers and Electronics Manufacturing,https://de.linkedin.com/company/frickly-systems,,,,,,,,,,,
linkedin,Analog Designer,STMicroelectronics,"Munich, Bavaria, Germany",,https://www.linkedin.com/jobs/view/4465901746 , ,li-4465901746,fulltime,,,,,,False,entry level,Engineering,,,Semiconductor Manufacturing,https://ch.linkedin.com/company/stmicroelectronics,,,,,,,,,,,
linkedin,Elektrokonstrukteur / Electrical Engineer (m/w/d),Passion for People GmbH,,,https://www.linkedin.com/jobs/view/4454900851 , ,li-4454900851,fulltime,,,,,,False,associate,Engineering and Project Management,,,Machinery Manufacturing,https://de.linkedin.com/company/passion-for-people-gmbh,,,,,,,,,,,
linkedin,Layoutentwickler,Guldberg GmbH,"Wedel, Schleswig-Holstein, Germany",,https://www.linkedin.com/jobs/view/4465577959 , ,li-4465577959,fulltime,,,,,,False,associate,Engineering,,,Defense and Space Manufacturing,https://de.linkedin.com/company/guldberggmbh,,,,,,,,,,,
linkedin,Entwicklungsingenieur Maschinenbau – Robotik & Konstruktion,funktechnologies,"Reutlingen, Baden-Württemberg, Germany",,https://www.linkedin.com/jobs/view/4466549686 , ,li-4466549686,fulltime,,,,,,False,entry level,,,,Robotics Engineering,https://www.linkedin.com/company/funktechnologies,,,,,,,,,,,
linkedin,Maschinenbauingenieur (m/w/d),Ubica Robotics GmbH,"Bremen, Bremen, Germany",,https://www.linkedin.com/jobs/view/4466527470 , ,li-4466527470,fulltime,,,,,,False,associate,Engineering,,,Software Development,https://de.linkedin.com/company/ubica-robotics,,,,,,,,,,,
linkedin,Elektrokonstrukteur (m/w/d),LSR Galvano- und Umwelttechnik GmbH,"Donzdorf, Baden-Württemberg, Germany",,https://www.linkedin.com/jobs/view/4465277022 , ,li-4465277022,fulltime,,,,,,False,entry level,Engineering,,,Industrial Machinery Manufacturing,https://de.linkedin.com/company/lsr-galvano--und-umwelttechnik-gmbh,,,,,,,,,,,
linkedin,Konstrukteur Elektromechanische Baugruppen (all gender) 100,ALTEN,"Ulm, Baden-Württemberg, Germany",,https://www.linkedin.com/jobs/view/4465510768 , ,li-4465510768,fulltime,,,,,,False,entry level,Engineering,,,Machinery Manufacturing and Aviation and Aerospace Component Manufacturing,https://fr.linkedin.com/company/alten,,,,,,,,,,,
linkedin,Entwicklungsingenieur Prüf- und Testsysteme / LabVIEW (all gender) 100,ALTEN,"Schrobenhausen, Bavaria, Germany",,https://www.linkedin.com/jobs/view/4465514659 , ,li-4465514659,fulltime,,,,,,False,entry level,Engineering,,,Machinery Manufacturing and Aviation and Aerospace Component Manufacturing,https://fr.linkedin.com/company/alten,,,,,,,,,,,
linkedin,Radar / RF Engineer,Optimus Search,"Berlin, Germany",,https://www.linkedin.com/jobs/view/4465552782 , ,li-4465552782,fulltime,,,,,,False,mid-senior level,,,,Robotics Engineering and Engineering Services,https://uk.linkedin.com/company/optimus-search,,,,,,,,,,,
linkedin,Product System Design Integration Engineer (f/m/d),Rolls-Royce,"Dahlewitz, Brandenburg, Germany",,https://www.linkedin.com/jobs/view/4467292268 , ,li-4467292268,fulltime,,,,,,False,entry level,Quality Assurance,,,Industrial Machinery Manufacturing,https://uk.linkedin.com/company/rolls-royce,,,,,,,,,,,
linkedin,Design Engineer,JBAndrews,"Oberbergischer Kreis, North Rhine-Westphalia, Germany",,https://www.linkedin.com/jobs/view/4465567073 , ,li-4465567073,fulltime,,,,,,False,associate,Engineering,,,"Transportation, Logistics, Supply Chain and Storage and Warehousing and Storage",https://uk.linkedin.com/company/jbandrews,,,,,,,,,,,
linkedin,R&D Verification & Qualification Engineer (m/f/d) - Semiconductor Industry,Applied Materials Europe,"Heimstetten, Bavaria, Germany",,https://www.linkedin.com/jobs/view/4452832409 , ,li-4452832409,fulltime,,,,,,False,not applicable,Management and Manufacturing,,,"Appliances, Electrical, and Electronics Manufacturing, Nanotechnology Research, and Semiconductor Manufacturing",https://nl.linkedin.com/company/applied-materials-europe,,,,,,,,,,,
linkedin,Principal SerDes System/DSP Design Engineer,Ciena,,,https://www.linkedin.com/jobs/view/4370239717 , ,li-4370239717,fulltime,,,,,,False,mid-senior level,Education and Training,,,Telecommunications,https://www.linkedin.com/company/ciena,,,,,,,,,,,
linkedin,REMOTE Senior Analog/Mixed-Signal Design-Ingenieur (m/w/x),Last Mile Semiconductor,"Dresden, Saxony, Germany",,https://www.linkedin.com/jobs/view/4466151581 , ,li-4466151581,fulltime,,,,,,True,mid-senior level,"Design, Art/Creative, and Information Technology",,,Computer Hardware,https://de.linkedin.com/company/lm-semi,,,,,,,,,,,
linkedin,Entwickler Messsysteme (m/w/d),Heidelberger Druckmaschinen AG,"Wiesloch, Baden-Württemberg, Germany",,https://www.linkedin.com/jobs/view/4429543951 , ,li-4429543951,fulltime,,,,,,False,entry level,Engineering and Information Technology,,,Machinery Manufacturing,https://de.linkedin.com/company/heidelberg,,,,,,,,,,,
linkedin,Promotion - Elektrotechnik (m/w/d),Fraunhofer IAF,"Freiburg, Baden-Württemberg, Germany",,https://www.linkedin.com/jobs/view/4465507504 , ,li-4465507504,fulltime,,,,,,False,associate,Engineering,,,Electrical Equipment Manufacturing,https://de.linkedin.com/company/fraunhofer-iaf,,,,,,,,,,,
linkedin,"Senior Staff Software Engineer, Perception",AeroVect,"Berlin, Berlin, Germany",,https://www.linkedin.com/jobs/view/4467741664 , ,li-4467741664,fulltime,,,,,,False,mid-senior level,Engineering and Information Technology,,,Airlines and Aviation,https://www.linkedin.com/company/aerovect,,,,,,,,,,,
linkedin,Junior Entwicklungsingenieur (d/m/w) - Electromagnetic & RF Compatibility,Airbus Defence and Space,"Immenstaad am Bodensee, Baden-Württemberg, Germany",,https://www.linkedin.com/jobs/view/4446610041 , ,li-4446610041,fulltime,,,,,,False,entry level,Engineering and Information Technology,,emsom@airbus.com,Defense and Space Manufacturing,https://www.linkedin.com/company/airbus-defence-and-space,,,,,,,,,,,
linkedin,"Senior Staff Software Engineer, Perception",AeroVect,"Munich, Bavaria, Germany",,https://www.linkedin.com/jobs/view/4467753441 , ,li-4467753441,fulltime,,,,,,False,mid-senior level,Engineering and Information Technology,,,Airlines and Aviation,https://www.linkedin.com/company/aerovect,,,,,,,,,,,
linkedin,Doctoral researcher in retinal electrophysiology in the Cluster of Excellence NaviSense,Campusradio Oldenburg,"Oldenburg, Lower Saxony, Germany",,https://www.linkedin.com/jobs/view/4466146324 , ,li-4466146324,contract,,,,,,True,entry level,Other,,"martin.greschner@uol.de, martin.greschner@uol.de",Radio and Television Broadcasting,https://www.linkedin.com/company/campusradio-oldenburg,,,,,,,,,,,
linkedin,Senior Machine Learning Engineer - Radiologie-KI - Arbeitsgruppe Machine Learning,Universitätsmedizin Frankfurt,"Frankfurt, Hesse, Germany",,https://www.linkedin.com/jobs/view/4466079872 , ,li-4466079872,fulltime,,,,,,False,associate,Other,,bucher@med.uni,Hospitals and Health Care,https://de.linkedin.com/company/universit%C3%A4tsmedizin-frankfurt,,,,,,,,,,,
linkedin,"EMBEDDED SOFTWARE, PROTOTYPING & TESTING ENGINEER M/F",VECTURA SYSTEM,"Berlin, Berlin, Germany",,https://www.linkedin.com/jobs/view/4465564198 , ,li-4465564198,fulltime,,,,,,True,associate,Engineering and Information Technology,,,"Business Consulting and Services, IT Services and IT Consulting, and Engineering Services",https://fr.linkedin.com/company/vectura-system,,,,,,,,,,,
linkedin,AI and Computer Vision Engineer,The Exploration Company,"Munich, Bavaria, Germany",,https://www.linkedin.com/jobs/view/4465908510 , ,li-4465908510,fulltime,,,,,,False,mid-senior level,Engineering and Information Technology,,,Aviation and Aerospace Component Manufacturing,https://de.linkedin.com/company/exploration-company,,,,,,,,,,,
linkedin,Technischer Projektleiter Satellitenkommunikation & Systemtechnik (m/w/d) - Defence,Bertrandt Group,"Bremen, Bremen, Germany",,https://www.linkedin.com/jobs/view/4466527294 , ,li-4466527294,fulltime,,,,,,False,mid-senior level,Project Management and Information Technology,,,Engineering Services,https://de.linkedin.com/company/bertrandt-ag,,,,,,,,,,,
linkedin,"Senior Staff Software Engineer, Perception",AeroVect,"Frankfurt, Hesse, Germany",,https://www.linkedin.com/jobs/view/4467760387 , ,li-4467760387,fulltime,,,,,,False,mid-senior level,Engineering and Information Technology,,,Airlines and Aviation,https://www.linkedin.com/company/aerovect,,,,,,,,,,,
linkedin,Masterarbeit: Algorithmenoptimierung für die MIMO-radarbasierte Inline-Geschwindigkeitsmessung,Fraunhofer FHR,"Wachtberg, North Rhine-Westphalia, Germany",,https://www.linkedin.com/jobs/view/4466567399 , ,li-4466567399,fulltime,,,,,,False,internship,Other,,sabine.guetgemann@fhr.fraunhofer.de,Research Services,https://de.linkedin.com/company/fraunhofer-fhr,,,,,,,,,,,
linkedin,Ingenieur*in Elektrotechnik ‒ Elektrische Netze & Netzintegration,Fraunhofer-Institut für Windenergiesysteme,"Bremerhaven, Bremen, Germany",,https://www.linkedin.com/jobs/view/4466500873 , ,li-4466500873,fulltime,,,,,,False,mid-senior level,Engineering and Information Technology,,personal@iwes.fraunhofer.de,Research Services,https://de.linkedin.com/company/fraunhofer-iwes-windenergiesysteme,,,,,,,,,,,
linkedin,Senior Reliability Engineer (m/w/d),IPG Photonics GmbH & Co. KG,"Burbach, North Rhine-Westphalia, Germany",,https://www.linkedin.com/jobs/view/4465905185 , ,li-4465905185,fulltime,,,,,,False,mid-senior level,Engineering and Information Technology,,bewerbungen@ipgphotonics.com,Internet Publishing,https://de.linkedin.com/company/ipg-photonics-europe,,,,,,,,,,,
linkedin,Hardwareentwickler Elektronik / Leiterkartenentwicklung (all gender) 100,ALTEN,"Schrobenhausen, Bavaria, Germany",,https://www.linkedin.com/jobs/view/4465512571 , ,li-4465512571,fulltime,,,,,,False,entry level,Engineering,,,Machinery Manufacturing and Aviation and Aerospace Component Manufacturing,https://fr.linkedin.com/company/alten,,,,,,,,,,,
linkedin,Senior Elektroingenieur Schaltungstechnik (m/w/d),YER Deutschland,"Rostock, Mecklenburg-West Pomerania, Germany",,https://www.linkedin.com/jobs/view/4465542856 , ,li-4465542856,fulltime,,,,,,False,mid-senior level,Engineering,,,Aviation and Aerospace Component Manufacturing,https://de.linkedin.com/company/yerdeutschland,,,,,,,,,,,
linkedin,Electric Engineer II (m/w/d) - Schwerpunkt Testing,BorgWarner,"Darmstadt, Hesse, Germany",,https://www.linkedin.com/jobs/view/4447905610 , ,li-4447905610,fulltime,,,,,,False,not applicable,Engineering and Information Technology,,,"Motor Vehicle Manufacturing, Industrial Machinery Manufacturing, and Truck Transportation",https://www.linkedin.com/company/borgwarner,,,,,,,,,,,
