site,title,company,location,date_posted,job_url,job_url_direct,id,job_type,salary_source,interval,min_amount,max_amount,currency,is_remote,job_level,job_function,listing_type,emails,company_industry,company_url,company_url_direct,company_addresses,company_num_employees,company_revenue,company_description,skills,experience_range,company_rating,company_reviews_count,vacancy_count,work_from_home_type
linkedin,Softwareentwickler (all genders) - Cybersecurity & Embedded Linux,EWM GmbH,"Maroth, Rhineland-Palatinate, Germany",2026-09-13,https://www.linkedin.com/jobs/view/4429305605 , ,li-4429305605,fulltime,,,,,,False,mid-senior level,Engineering and Information Technology,,,Machinery Manufacturing,https://de.linkedin.com/company/ewm-gmbh,,,,,,,,,,,
linkedin,System Engineer,Broadcom,"Regensburg, Bavaria, Germany",2026-09-13,https://www.linkedin.com/jobs/view/4456266629 , ,li-4456266629,fulltime,,,,,,False,mid-senior level,Information Technology,,,Semiconductor Manufacturing,https://www.linkedin.com/company/broadcom,,,,,,,,,,,
linkedin,"Entwicklungsingenieur Elektrik/ Elektronik, all genders",SALT AND PEPPER Group,"Augsburg, Bavaria, Germany",2026-09-13,https://www.linkedin.com/jobs/view/4418801527 , ,li-4418801527,fulltime,,,,,,False,entry level,Engineering and Information Technology,,,Engineering Services,https://de.linkedin.com/company/salt-and-pepper,,,,,,,,,,,
linkedin,System Applications Engineer,Analog Devices,,2026-09-13,https://www.linkedin.com/jobs/view/4414335677 , ,li-4414335677,fulltime,,,,,,False,mid-senior level,Information Technology,,,Semiconductor Manufacturing,https://www.linkedin.com/company/analog-devices,,,,,,,,,,,
linkedin,Power Electronics Design Engineer (m/f/d),BorgWarner,"Nuremberg, Bavaria, Germany",2026-09-13,https://www.linkedin.com/jobs/view/4447437459 , ,li-4447437459,fulltime,,,,,,False,not applicable,Engineering and Information Technology,,,"Motor Vehicle Manufacturing, Industrial Machinery Manufacturing, and Truck Transportation",https://www.linkedin.com/company/borgwarner,,,,,,,,,,,
linkedin,"Sr. Engineer, Digital Design",SiTime,"Munich, Bavaria, Germany",2026-09-13,https://www.linkedin.com/jobs/view/4447511609 , ,li-4447511609,fulltime,,,,,,False,mid-senior level,Engineering and Information Technology,,,Semiconductor Manufacturing,https://www.linkedin.com/company/sitime,,,,,,,,,,,
linkedin,Satellite Network Simulation & Emulation Engineer,SES Satellites,"Unterföhring, Bavaria, Germany",2026-09-12,https://www.linkedin.com/jobs/view/4446903637 , ,li-4446903637,fulltime,,,,,,False,entry level,Engineering and Information Technology,,,Telecommunications,https://lu.linkedin.com/company/ses,,,,,,,,,,,
linkedin,Software & Robotics Engineer (m/f/d),EVASIVE ROBOTICS,"Dresden, Saxony, Germany",2026-09-12,https://www.linkedin.com/jobs/view/4466488761 , ,li-4466488761,fulltime,,,,,,False,entry level,,,,Software Development,https://de.linkedin.com/company/evasiverobotics,,,,,,,,,,,
linkedin,Entwicklungsingenieur  (w/m/d) Regelungstechnik & Simulation,Siemens,"Flensburg, Schleswig-Holstein, Germany",2026-09-12,https://www.linkedin.com/jobs/view/4456256219 , ,li-4456256219,fulltime,,,,,,False,mid-senior level,Engineering,,"bewerbung@wstech.com, bewerbung@wstech.com",Automation Machinery Manufacturing,https://de.linkedin.com/company/siemens,,,,,,,,,,,
linkedin,Senior Softwareentwickler C++ (w/m/d),JENOPTIK,"Jena, Thuringia, Germany",2026-09-12,https://www.linkedin.com/jobs/view/4464705360 , ,li-4464705360,fulltime,,,,,,False,mid-senior level,Engineering and Information Technology,,,Motor Vehicle Manufacturing,https://de.linkedin.com/company/jenoptik,,,,,,,,,,,
linkedin,Simulator Software Engineer (m/f/d),XTENDED ENGINEERING GMBH,"Munich, Bavaria, Germany",2026-09-12,https://www.linkedin.com/jobs/view/4466747214 , ,li-4466747214,fulltime,,,,,,False,entry level,Engineering and Information Technology,,,Engineering Services,https://de.linkedin.com/company/xtendedengineering,,,,,,,,,,,
linkedin,Softwareentwickler (m/w/d) Schwerpunkt Bildverarbeitung,FERCHAU,"Mannheim, Baden-Württemberg, Germany",2026-09-12,https://www.linkedin.com/jobs/view/4438575721 , ,li-4438575721,fulltime,,,,,,False,entry level,Engineering and Information Technology,,mannheim@ferchau.com,Engineering Services,https://de.linkedin.com/company/ferchau,,,,,,,,,,,
linkedin,System Engineer  Interference Mitigation (m/w/d) - Product Line Detect,Valeo,"Bietigheim-Bissingen, Baden-Württemberg, Germany",2026-09-12,https://www.linkedin.com/jobs/view/4438678265 , ,li-4438678265,fulltime,,,,,,False,mid-senior level,Information Technology,,Julia.Mittelmaier@Valeo.com,Motor Vehicle Parts Manufacturing,https://fr.linkedin.com/company/valeo,,,,,,,,,,,
linkedin,Radio-Frequency System Engineer (m/w/d),Rohde & Schwarz,"Siegburg, North Rhine-Westphalia, Germany",2026-09-12,https://www.linkedin.com/jobs/view/4456273100 , ,li-4456273100,fulltime,,,,,,False,not applicable,Engineering and Information Technology,,,Telecommunications,https://de.linkedin.com/company/rohde-schwarz,,,,,,,,,,,
linkedin,Funktionsentwickler/in Automated Driving Motion Control(m/w/d),XTENDED ENGINEERING GMBH,"Munich, Bavaria, Germany",2026-09-12,https://www.linkedin.com/jobs/view/4466732197 , ,li-4466732197,fulltime,,,,,,False,mid-senior level,Management and Manufacturing,,,Engineering Services,https://de.linkedin.com/company/xtendedengineering,,,,,,,,,,,
linkedin,Senior Staff Engineer Embedded Software (f/m/div),Infineon Technologies,"Ilmenau, Thuringia, Germany",2026-09-12,https://www.linkedin.com/jobs/view/4429951222 , ,li-4429951222,fulltime,,,,,,False,mid-senior level,Engineering and Information Technology,,,"Semiconductor Manufacturing, Appliances, Electrical, and Electronics Manufacturing, and Computer Hardware Manufacturing",https://de.linkedin.com/company/infineon-technologies,,,,,,,,,,,
linkedin,Elektroingenieur als Hardwareentwickler für Sensoren (m/w/d),FERCHAU,"Friedrichshafen, Baden-Württemberg, Germany",2026-09-12,https://www.linkedin.com/jobs/view/4438570792 , ,li-4438570792,fulltime,,,,,,False,entry level,Engineering and Information Technology,,Jasmin.Maus@ferchau.com,Engineering Services,https://de.linkedin.com/company/ferchau,,,,,,,,,,,
linkedin,FPGA Engineer – Quantum Computing (f/m/d),eleQtron,"Hamburg, Hamburg, Germany",2026-09-12,https://www.linkedin.com/jobs/view/4424726740 , ,li-4424726740,fulltime,,,,,,False,mid-senior level,Information Technology,,,IT Services and IT Consulting,https://de.linkedin.com/company/eleqtron-qc,,,,,,,,,,,
linkedin,"Entwicklungsingenieur Embedded Maritime Systeme, all genders",SALT AND PEPPER Group,"Bremen, Bremen, Germany",2026-09-12,https://www.linkedin.com/jobs/view/4418576496 , ,li-4418576496,fulltime,,,,,,False,entry level,Engineering and Information Technology,,,Engineering Services,https://de.linkedin.com/company/salt-and-pepper,,,,,,,,,,,
linkedin,Control Engineer,Wayve,"Leonberg, Baden-Württemberg, Germany",2026-09-12,https://www.linkedin.com/jobs/view/4399794596 , ,li-4399794596,fulltime,,,,,,False,entry level,Engineering and Information Technology,,,Software Development,https://uk.linkedin.com/company/wayve-technologies,,,,,,,,,,,
linkedin,Principal Engineer – AI-Enabled Embedded Software (Multi GenAI Orchestration),NXP Semiconductors,"Munich, Bavaria, Germany",2026-09-12,https://www.linkedin.com/jobs/view/4438595552 , ,li-4438595552,fulltime,,,,,,False,mid-senior level,Engineering and Information Technology,,,"Semiconductor Manufacturing, Computers and Electronics Manufacturing, and Software Development",https://nl.linkedin.com/company/nxp-semiconductors,,,,,,,,,,,
linkedin,Electrical Engineer II (m/w/d),BorgWarner,"Darmstadt, Hesse, Germany",2026-09-12,https://www.linkedin.com/jobs/view/4456271236 , ,li-4456271236,fulltime,,,,,,False,not applicable,Engineering and Information Technology,,,"Motor Vehicle Manufacturing, Industrial Machinery Manufacturing, and Truck Transportation",https://www.linkedin.com/company/borgwarner,,,,,,,,,,,
linkedin,Embedded Software Graphic Expert (f/m/x),BMW Group,"Ulm, Baden-Württemberg, Germany",2026-09-12,https://www.linkedin.com/jobs/view/4390034731 , ,li-4390034731,fulltime,,,,,,False,mid-senior level,Engineering and Information Technology,,,Motor Vehicle Manufacturing,https://de.linkedin.com/company/bmw-group,,,,,,,,,,,
linkedin,Engine Thrust Chamber Engineer (m/f/d),Isar Aerospace,"Parsdorf, Bavaria, Germany",2026-09-11,https://www.linkedin.com/jobs/view/4466367422 , ,li-4466367422,fulltime,,,,,,False,mid-senior level,Engineering and Information Technology,,,Aviation and Aerospace Component Manufacturing,https://de.linkedin.com/company/isaraerospace,,,,,,,,,,,
linkedin,Senior Machine Learning Engineer - Radiologie-KI - Arbeitsgruppe Machine Learning,Universitätsmedizin Frankfurt,"Frankfurt, Hesse, Germany",2026-09-11,https://www.linkedin.com/jobs/view/4466079872 , ,li-4466079872,fulltime,,,,,,False,associate,Other,,bucher@med.uni,Hospitals and Health Care,https://de.linkedin.com/company/universit%C3%A4tsmedizin-frankfurt,,,,,,,,,,,
linkedin,Software Engineer C++ (m/f/d),Next Ventures,"Hannover, Lower Saxony, Germany",2026-09-11,https://www.linkedin.com/jobs/view/4463998098 , ,li-4463998098,fulltime,,,,,,False,mid-senior level,Research,,,"Defense and Space Manufacturing, IT Services and IT Consulting, and Software Development",https://uk.linkedin.com/company/next-ventures,,,,,,,,,,,
linkedin,Software Engineer,Walaris,"Nuremberg, Bavaria, Germany",2026-09-11,https://www.linkedin.com/jobs/view/4464235930 , ,li-4464235930,fulltime,,,,,,False,entry level,Engineering,,,"Technology, Information and Internet",https://www.linkedin.com/company/walaris,,,,,,,,,,,
linkedin,Analog Transceiver Design Engineer  (f/m/d),Black Semiconductor,"Aachen, North Rhine-Westphalia, Germany",2026-09-11,https://www.linkedin.com/jobs/view/4446881380 , ,li-4446881380,fulltime,,,,,,False,mid-senior level,Engineering and Information Technology,,,Semiconductor Manufacturing,https://de.linkedin.com/company/black-semiconductor,,,,,,,,,,,
linkedin,Senior System Architect,Beagle,"Hannover, Lower Saxony, Germany",2026-09-11,https://www.linkedin.com/jobs/view/4463975727 , ,li-4463975727,fulltime,,,,,,False,mid-senior level,Design and Engineering,,,"Semiconductor Manufacturing and Appliances, Electrical, and Electronics Manufacturing",https://uk.linkedin.com/company/beagletalent,,,,,,,,,,,
linkedin,"Physiker (m/w/d), Mathematiker (m/w/d) oder Ingenieur (m/w/d), vorzugsweise mit Promotion, für Algorithmen und Verfahren und deren Bewertung",Diehl Group,"Überlingen, Baden-Württemberg, Germany",2026-09-11,https://www.linkedin.com/jobs/view/4465151088 , ,li-4465151088,fulltime,,,,,,False,mid-senior level,"Research, Analyst, and Information Technology",,,"Appliances, Electrical, and Electronics Manufacturing",https://de.linkedin.com/company/diehl-group,,,,,,,,,,,
linkedin,Broadcast Engineer / Medieningenieur / Systemingenieur (w/m/d) für Kontributionssysteme,BR - Bayerischer Rundfunk,,2026-09-11,https://www.linkedin.com/jobs/view/4466304208 , ,li-4466304208,fulltime,,,,,,False,associate,,,,Broadcast Media Production and Distribution,https://de.linkedin.com/company/br-bayerischer-rundfunk,,,,,,,,,,,
linkedin,PCB Designer (all gender),ALTEN,"Bamberg, Bavaria, Germany",2026-09-11,https://www.linkedin.com/jobs/view/4466063983 , ,li-4466063983,fulltime,,,,,,False,associate,"Production, Distribution, and Engineering",,,Software Development and IT Services and IT Consulting,https://fr.linkedin.com/company/alten,,,,,,,,,,,
linkedin,ACOUSTIC ENGINEER (M/F/D),Neumann Brasil,"Berlin, Germany",2026-09-11,https://www.linkedin.com/jobs/view/4466358022 , ,li-4466358022,fulltime,,,,,,False,entry level,Engineering and Information Technology,,jobs@sennheiser.com,"Appliances, Electrical, and Electronics Manufacturing",https://br.linkedin.com/company/neumann-brasil,,,,,,,,,,,
linkedin,System Architect Radar Signal Processing (m/w/d) - Product Line Detect,Valeo,"Bietigheim-Bissingen, Baden-Württemberg, Germany",2026-09-11,https://www.linkedin.com/jobs/view/4438666652 , ,li-4438666652,fulltime,,,,,,False,mid-senior level,Engineering and Information Technology,,Julia.Mittelmaier@valeo.com,Motor Vehicle Parts Manufacturing,https://fr.linkedin.com/company/valeo,,,,,,,,,,,
linkedin,Junior Embedded Softwareentwickler Linux (m/w/d) – C/C++ & Qt,ingserv GmbH,"Kassel, Hesse, Germany",2026-09-11,https://www.linkedin.com/jobs/view/4466058248 , ,li-4466058248,fulltime,,,,,,False,associate,,,,Machinery Manufacturing,https://www.linkedin.com/company/ingserv-gmbh,,,,,,,,,,,
linkedin,Senior Engineer - Engineered Wafer Development (m/f/d),NexWafe,"Freiburg, Baden-Württemberg, Germany",2026-09-11,https://www.linkedin.com/jobs/view/4464517738 , ,li-4464517738,fulltime,,,,,,False,associate,"Engineering, Production, and Research",,,"Semiconductor Manufacturing, Services for Renewable Energy, and Industrial Machinery Manufacturing",https://www.linkedin.com/company/nexwafe,,,,,,,,,,,
linkedin,Turbopump Turbine Engineer (m/f/d),Isar Aerospace,"Parsdorf, Bavaria, Germany",2026-09-11,https://www.linkedin.com/jobs/view/4466372400 , ,li-4466372400,fulltime,,,,,,False,mid-senior level,Engineering and Information Technology,,,Aviation and Aerospace Component Manufacturing,https://de.linkedin.com/company/isaraerospace,,,,,,,,,,,
linkedin,Wissenschaftlicher Mitarbeiter (m/w/d) Technische Informatik,State Chancellery of Saxony,"Chemnitz, Saxony, Germany",2026-09-11,https://www.linkedin.com/jobs/view/4464882142 , ,li-4464882142,temporary,,,,,,False,entry level,"Research, Analyst, and Information Technology",,,Government Administration,https://de.linkedin.com/company/s%C3%A4chsische-staatskanzlei,,,,,,,,,,,
linkedin,FREELANCE Technologe / Prozessingenieur (m/w/d) // Semiconductor // Langläufe,WeMatch.,"Thuringia, Germany",2026-09-11,https://www.linkedin.com/jobs/view/4466098897 , ,li-4466098897,fulltime,,,,,,False,associate,,,,Engineering Services,https://de.linkedin.com/company/wematch-consulting-gmbh,,,,,,,,,,,
linkedin,Studentische oder wissenschaftliche Hilfskraft oder Student*in für eine Masterarbeit im Themenfeld Neural Radiance Fields aus LiDAR-Punktwolken für die Umfeldwahrnehmung autonomer Fahrzeuge,FZI Research Center for Information Technology,"Karlsruhe, Baden-Württemberg, Germany",2026-09-11,https://www.linkedin.com/jobs/view/4466080379 , ,li-4466080379,fulltime,,,,,,False,internship,"Research, Analyst, and Information Technology",,,Research Services,https://de.linkedin.com/company/fzi-official,,,,,,,,,,,
linkedin,Elektroingenieur im Bereich Planung Telekommunikationsanlage der Deutschen Bahn AG (m/w/d),Arcadis,"Nuremberg, Bavaria, Germany",2026-09-11,https://www.linkedin.com/jobs/view/4463979900 , ,li-4463979900,fulltime,,,,,,False,not applicable,Other,,,Professional Services,https://nl.linkedin.com/company/arcadis,,,,,,,,,,,
linkedin,Product Line Application Engineer –  Custom Test Systems,Tektronix,"Viersen, North Rhine-Westphalia, Germany",2026-09-11,https://www.linkedin.com/jobs/view/4466076492 , ,li-4466076492,fulltime,,,,,,True,not applicable,Other,,"applyassistance@Ralliant.com, applyassistance@Ralliant.com","Appliances, Electrical, and Electronics Manufacturing",https://www.linkedin.com/company/tektronix,,,,,,,,,,,
linkedin,Power Electronics Medium Voltage Lab Manager (m/f/d),Alpitronic,"Nuremberg, Bavaria, Germany",2026-09-11,https://www.linkedin.com/jobs/view/4385750177 , ,li-4385750177,fulltime,,,,,,False,associate,"Research, Analyst, and Information Technology",,,"Appliances, Electrical, and Electronics Manufacturing",https://it.linkedin.com/company/alpitronic-srl,,,,,,,,,,,
linkedin,Product Qualification Engineer (f/m/d),Black Semiconductor,"Aachen, North Rhine-Westphalia, Germany",2026-09-11,https://www.linkedin.com/jobs/view/4447045160 , ,li-4447045160,fulltime,,,,,,True,mid-senior level,Management and Manufacturing,,,Semiconductor Manufacturing,https://de.linkedin.com/company/black-semiconductor,,,,,,,,,,,
linkedin,Elektrokonstrukteur (m/w/d) Elektrobaugruppen & Rack-Systeme,ACONEXT,"Nuremberg, Bavaria, Germany",2026-09-11,https://www.linkedin.com/jobs/view/4463981676 , ,li-4463981676,fulltime,,,,,,False,associate,Information Technology,,,Defense and Space Manufacturing,https://de.linkedin.com/company/aconext-holding-gmbh,,,,,,,,,,,
linkedin,Space Avionics & Embedded Systems Engineer,NeuralAgent,"Gauting, Bavaria, Germany",2026-09-11,https://www.linkedin.com/jobs/view/4463990849 , ,li-4463990849,fulltime,,,,,,False,associate,Engineering,,,Software Development,https://de.linkedin.com/company/neuralagent,,,,,,,,,,,
linkedin,(Senior) EPLAN Hardware Entwickler (m/w/d),EKU Power Drives,"Stuttgart, Baden-Württemberg, Germany",2026-09-11,https://www.linkedin.com/jobs/view/4466098810 , ,li-4466098810,fulltime,,,,,,False,not applicable,Engineering and Information Technology,,bewerbung@ekupd.com,Electric Power Generation,https://de.linkedin.com/company/eku-power-drives,,,,,,,,,,,
linkedin,PCB-Layout Designer (m/w/d) mit Fokus auf PLM-Integration & Library Management,Diehl Group,"Röthenbach an der Pegnitz, Bavaria, Germany",2026-09-11,https://www.linkedin.com/jobs/view/4465166099 , ,li-4465166099,fulltime,,,,,,False,entry level,"Design, Art/Creative, and Information Technology",,,"Appliances, Electrical, and Electronics Manufacturing",https://de.linkedin.com/company/diehl-group,,,,,,,,,,,
linkedin,Elektronikingenieur – Automotive-Produktentwicklung (m/w/d) – Jülich,QCG Computer,"Jülich, North Rhine-Westphalia, Germany",2026-09-11,https://www.linkedin.com/jobs/view/4463970901 , ,li-4463970901,fulltime,,,,,,False,associate,Engineering,,,Software Development,https://de.linkedin.com/company/qcg-computer,,,,,,,,,,,
linkedin,Electronics Hardware Design Engineer,Hypersonica,"Munich, Bavaria, Germany",2026-09-11,https://www.linkedin.com/jobs/view/4466356833 , ,li-4466356833,fulltime,,,,,,False,mid-senior level,Engineering and Information Technology,,,Defense and Space Manufacturing,https://de.linkedin.com/company/hypersonicagmbh,,,,,,,,,,,
linkedin,Senior Technik Manager:in,Tintschl Unternehmensgruppe,"Bremen, Germany",2026-09-11,https://www.linkedin.com/jobs/view/4466051820 , ,li-4466051820,fulltime,,,,,,False,associate,Management,,,IT Services and IT Consulting and Defense and Space Manufacturing,https://de.linkedin.com/company/tintschlunternehmensgruppe,,,,,,,,,,,
linkedin,Elektroingenieur im Bereich Planung Telekommunikationsanlage der Deutschen Bahn AG (m/w/d),Arcadis,"Cologne, North Rhine-Westphalia, Germany",2026-09-11,https://www.linkedin.com/jobs/view/4463989502 , ,li-4463989502,fulltime,,,,,,False,not applicable,Other,,,Professional Services,https://nl.linkedin.com/company/arcadis,,,,,,,,,,,
linkedin,Senior Data & Backend Software Engineer (f/m/d),Isar Aerospace,"Ottobrunn, Bavaria, Germany",2026-09-11,https://www.linkedin.com/jobs/view/4466310473 , ,li-4466310473,fulltime,,,,,,False,mid-senior level,Engineering and Information Technology,,,Aviation and Aerospace Component Manufacturing,https://de.linkedin.com/company/isaraerospace,,,,,,,,,,,
linkedin,Elektroingenieur im Bereich Planung Telekommunikationsanlage der Deutschen Bahn AG (m/w/d),Arcadis,"Dresden, Saxony, Germany",2026-09-11,https://www.linkedin.com/jobs/view/4463987591 , ,li-4463987591,fulltime,,,,,,False,not applicable,Other,,,Professional Services,https://nl.linkedin.com/company/arcadis,,,,,,,,,,,
linkedin,Elektroingenieur im Bereich Planung Telekommunikationsanlage der Deutschen Bahn AG (m/w/d),Arcadis,"Berlin, Berlin, Germany",2026-09-11,https://www.linkedin.com/jobs/view/4463985826 , ,li-4463985826,fulltime,,,,,,False,not applicable,Other,,,Professional Services,https://nl.linkedin.com/company/arcadis,,,,,,,,,,,
linkedin,Elektroingenieur im Bereich Planung Telekommunikationsanlage der Deutschen Bahn AG (m/w/d),Arcadis,"Darmstadt, Hesse, Germany",2026-09-11,https://www.linkedin.com/jobs/view/4463973967 , ,li-4463973967,fulltime,,,,,,False,not applicable,Other,,,Professional Services,https://nl.linkedin.com/company/arcadis,,,,,,,,,,,
linkedin,Junior Systemingenieur luftgestützte Aufklärung (m/w/d),HENSOLDT,"Ulm, Baden-Württemberg, Germany",2026-09-11,https://www.linkedin.com/jobs/view/4464924584 , ,li-4464924584,fulltime,,,,,,False,entry level,Information Technology,,jobs@hensoldt.net,Defense and Space Manufacturing,https://de.linkedin.com/company/hensoldt,,,,,,,,,,,
linkedin,Engineer (m/f/d) WRC Engine Application - Race & Test,TOYOTA RACING,"Cologne, North Rhine-Westphalia, Germany",2026-09-11,https://www.linkedin.com/jobs/view/4438627436 , ,li-4438627436,fulltime,,,,,,False,entry level,Engineering and Information Technology,,,Motor Vehicle Manufacturing,https://de.linkedin.com/company/toyota-racing,,,,,,,,,,,
linkedin,Entwickler für analoge Hardware (m/w/d),K-tronik GmbH,"Munich, Bavaria, Germany",2026-09-11,https://www.linkedin.com/jobs/view/4463969039 , ,li-4463969039,fulltime,,,,,,False,associate,Engineering,,,IT Services and IT Consulting,https://de.linkedin.com/company/k-tronik-gmbh,,,,,,,,,,,
linkedin,Konstrukteur mit Schwerpunkt Elektrotechnik (m/w/d) nach 88690 Uhldingen-Mühlhofen,Dippel Personalmanagement GmbH,"Uhldingen-Mühlhofen, Baden-Württemberg, Germany",2026-09-11,https://www.linkedin.com/jobs/view/4466081675 , ,li-4466081675,fulltime,,,,,,False,entry level,Engineering and Information Technology,,stockach@dippel.de,IT Services and IT Consulting,https://www.linkedin.com/company/dippel-personalmanagement-gmbh,,,,,,,,,,,
linkedin,Senior Ingenieur:in (m/w/d) Avionik & MTP,OHB Space UK,"Bremen, Bremen, Germany",2026-09-11,https://www.linkedin.com/jobs/view/4464844216 , ,li-4464844216,fulltime,,,,,,False,mid-senior level,Engineering and Information Technology,,,Defense and Space Manufacturing,https://uk.linkedin.com/company/ohb-space-uk,,,,,,,,,,,
linkedin,Doctoral Researcher in the Cluster of Excellence NaviSense,Campusradio Oldenburg,"Oldenburg, Lower Saxony, Germany",2026-09-11,https://www.linkedin.com/jobs/view/4464870637 , ,li-4464870637,fulltime,,,,,,True,internship,"Research, Analyst, and Information Technology",,navnextgen@uol.de,Radio and Television Broadcasting,https://www.linkedin.com/company/campusradio-oldenburg,,,,,,,,,,,
linkedin,Digital Accelerator IC Design Trainee Program (all genders),Fraunhofer IIS,"Erlangen, Bavaria, Germany",2026-09-11,https://www.linkedin.com/jobs/view/4466086369 , ,li-4466086369,fulltime,,,,,,False,internship,"Design, Art/Creative, and Information Technology",,,Research Services,https://de.linkedin.com/company/fraunhofer-iis,,,,,,,,,,,
linkedin,Elektrokonstrukteur (m/w/d) in Eppingen,Trio Personalmanagement GmbH,"Eppingen, Baden-Württemberg, Germany",2026-09-11,https://www.linkedin.com/jobs/view/4464867868 , ,li-4464867868,fulltime,,,,,,False,entry level,Engineering and Information Technology,,,Staffing and Recruiting,https://de.linkedin.com/company/trio-personalmanagement-bretten-gmbh,,,,,,,,,,,
linkedin,Hochfrequenz Engineering Manager (all gender),ALTEN,"Siegburg, North Rhine-Westphalia, Germany",2026-09-11,https://www.linkedin.com/jobs/view/4445008446 , ,li-4445008446,fulltime,,,,,,False,associate,Engineering,,,Engineering Services,https://fr.linkedin.com/company/alten,,,,,,,,,,,
linkedin,Design Engineer (w/m/d),Siemens Energy,"Erlangen, Bavaria, Germany",2026-09-11,https://www.linkedin.com/jobs/view/4464566470 , ,li-4464566470,fulltime,,,,,,True,entry level,Research,,,"Appliances, Electrical, and Electronics Manufacturing",https://www.linkedin.com/company/siemens-energy,,,,,,,,,,,
linkedin,Space Mechanisms Engineer,Large Space Structures GmbH,"Garching, Bavaria, Germany",2026-09-11,https://www.linkedin.com/jobs/view/4464215308 , ,li-4464215308,fulltime,,,,,,False,mid-senior level,Engineering,,,Government Administration,https://de.linkedin.com/company/largespace,,,,,,,,,,,
linkedin,Embedded Software Engineer (m/f/d),Alpitronic,"Nuremberg, Bavaria, Germany",2026-09-11,https://www.linkedin.com/jobs/view/4385741400 , ,li-4385741400,fulltime,,,,,,False,associate,Engineering and Information Technology,,,"Appliances, Electrical, and Electronics Manufacturing",https://it.linkedin.com/company/alpitronic-srl,,,,,,,,,,,
linkedin,Senior Softwareentwickler Embedded Systems (m/w/d),Lorch Schweißtechnik GmbH,"Oberbrüden, Baden-Württemberg, Germany",2026-09-11,https://www.linkedin.com/jobs/view/4464867862 , ,li-4464867862,fulltime,,,,,,False,mid-senior level,Engineering and Information Technology,,,Industrial Machinery Manufacturing,https://de.linkedin.com/company/lorch-schwei%C3%9Ftechnik-gmbh,,,,,,,,,,,
linkedin,Senior Embedded Software Engineer,The Exploration Company,"Munich, Bavaria, Germany",2026-09-11,https://www.linkedin.com/jobs/view/4464877383 , ,li-4464877383,fulltime,,,,,,False,mid-senior level,Engineering and Information Technology,,,Aviation and Aerospace Component Manufacturing,https://de.linkedin.com/company/exploration-company,,,,,,,,,,,
linkedin,Entwicklungsingenieur (m/w/d) Elektronik für Luftfahrtsysteme,Diehl Group,"Dresden, Saxony, Germany",2026-09-11,https://www.linkedin.com/jobs/view/4465160081 , ,li-4465160081,fulltime,,,,,,False,mid-senior level,Engineering and Information Technology,,,"Appliances, Electrical, and Electronics Manufacturing",https://de.linkedin.com/company/diehl-group,,,,,,,,,,,
linkedin,Development Engineer Digital Design FPGA (m/w/d),Rohde & Schwarz,"Duisburg, North Rhine-Westphalia, Germany",2026-09-11,https://www.linkedin.com/jobs/view/4464873322 , ,li-4464873322,fulltime,,,,,,False,not applicable,Engineering and Information Technology,,,Telecommunications,https://de.linkedin.com/company/rohde-schwarz,,,,,,,,,,,
linkedin,"Entwicklungsingenieur Hardware, all genders",SALT AND PEPPER Group,"Augsburg, Bavaria, Germany",2026-09-11,https://www.linkedin.com/jobs/view/4418801525 , ,li-4418801525,fulltime,,,,,,False,entry level,Engineering and Information Technology,,,Engineering Services,https://de.linkedin.com/company/salt-and-pepper,,,,,,,,,,,
linkedin,Hardwareentwickler Schaltungsdesign Leistungselektronik (all gender),ALTEN,"Erlangen, Bavaria, Germany",2026-09-11,https://www.linkedin.com/jobs/view/4452573606 , ,li-4452573606,fulltime,,,,,,False,associate,Engineering,,,Engineering Services,https://fr.linkedin.com/company/alten,,,,,,,,,,,
linkedin,Staff Firmware Developer,Arm,"Munich, Bavaria, Germany",2026-09-11,https://www.linkedin.com/jobs/view/4419045840 , ,li-4419045840,fulltime,,,,,,False,associate,Engineering and Information Technology,,accommodations@arm.com,"Semiconductor Manufacturing, Software Development, and Computer Hardware Manufacturing",https://uk.linkedin.com/company/arm,,,,,,,,,,,
linkedin,"Entwicklungsingenieur Embedded Software, all genders",SALT AND PEPPER Group,"Hamburg, Hamburg, Germany",2026-09-11,https://www.linkedin.com/jobs/view/4318837452 , ,li-4318837452,fulltime,,,,,,False,entry level,Engineering and Information Technology,,,Engineering Services,https://de.linkedin.com/company/salt-and-pepper,,,,,,,,,,,
linkedin,Senior Firmware Engineer (FPGA) (m/f/d) – Medical Devices,Alcon,"Erlangen, Bavaria, Germany",2026-09-11,https://www.linkedin.com/jobs/view/4446819444 , ,li-4446819444,fulltime,,,,,,False,mid-senior level,Engineering and Information Technology,,,Medical Equipment Manufacturing,https://ch.linkedin.com/company/alcon,,,,,,,,,,,
linkedin,Embedded Software Developer (m/w/d),Thales,"Ditzingen, Baden-Württemberg, Germany",2026-09-11,https://www.linkedin.com/jobs/view/4419463033 , ,li-4419463033,fulltime,,,,,,False,not applicable,Engineering and Information Technology,,,Aviation and Aerospace Component Manufacturing and Defense and Space Manufacturing,https://fr.linkedin.com/company/thales,,,,,,,,,,,
linkedin,Embedded Softwareentwickler (w/m/d) Steuerungsinfrastruktur,TRUMPF,"Ditzingen, Baden-Württemberg, Germany",2026-09-11,https://www.linkedin.com/jobs/view/4446401614 , ,li-4446401614,fulltime,,,,,,False,entry level,Engineering and Information Technology,,svende.leiblein@trumpf.com,Machinery Manufacturing,https://www.linkedin.com/company/trumpf-se-co-kg,,,,,,,,,,,
linkedin,Senior Softwareentwickler Embedded Systems  & Tools Aerospace (m/w/d),Liebherr Aerospace and Transportation,"Ulm, Baden-Württemberg, Germany",2026-09-11,https://www.linkedin.com/jobs/view/4446787856 , ,li-4446787856,fulltime,,,,,,False,mid-senior level,Engineering and Information Technology,,,Industrial Machinery Manufacturing,https://fr.linkedin.com/company/liebherr-aerospace-and-transportation,,,,,,,,,,,
linkedin,Digital Hardware Engineer (m/f/d),Emerson,"Dresden, Saxony, Germany",2026-09-11,https://www.linkedin.com/jobs/view/4466074289 , ,li-4466074289,fulltime,,,,,,False,entry level,Engineering and Information Technology,,idisability.administrator@emerson.com,Automation Machinery Manufacturing,https://www.linkedin.com/company/emerson,,,,,,,,,,,
linkedin,R&D Senior Engineer - Power Electronics for Power Transformers,Hitachi Energy,"Bad Honnef am Rhein, North Rhine-Westphalia, Germany",2026-09-11,https://www.linkedin.com/jobs/view/4465805529 , ,li-4465805529,fulltime,,,,,,False,mid-senior level,Engineering and Information Technology,,,"Appliances, Electrical, and Electronics Manufacturing and IT Services and IT Consulting",https://ch.linkedin.com/company/hitachienergy,,,,,,,,,,,
linkedin,Commissioning Engineer – Prototype Vehicles,Teoresi Group,"Ingolstadt, Bavaria, Germany",2026-09-11,https://www.linkedin.com/jobs/view/4463970657 , ,li-4463970657,fulltime,,,,,,True,associate,Engineering,,,IT Services and IT Consulting and Engineering Services,https://it.linkedin.com/company/teoresigroup,,,,,,,,,,,
linkedin,Mechatronics Engineer (m/f/d),Agile Robots SE,"Munich, Bavaria, Germany",2026-09-11,https://www.linkedin.com/jobs/view/4463982479 , ,li-4463982479,fulltime,,,,,,False,associate,,,,"Robotics Engineering, Robot Manufacturing, and IT System Custom Software Development",https://de.linkedin.com/company/agile-robots-se,,,,,,,,,,,
linkedin,Lead Engineer - Robotics & Autonomous Systems (m/f/d),Autonomous Teaming,"Munich, Bavaria, Germany",2026-09-11,https://www.linkedin.com/jobs/view/4466045762 , ,li-4466045762,fulltime,,,,,,False,mid-senior level,Engineering and Information Technology,,,Software Development,https://de.linkedin.com/company/autonomous-teaming,,,,,,,,,,,
linkedin,Projekt- / Entwicklungsingenieur (m/w/d),Boll & Kirch Filterbau GmbH / BOLLFILTER,"Kerpen, North Rhine-Westphalia, Germany",2026-09-11,https://www.linkedin.com/jobs/view/4466059115 , ,li-4466059115,fulltime,,,,,,False,mid-senior level,Engineering and Information Technology,,,Machinery Manufacturing,https://de.linkedin.com/company/boll-kirch-filterbau-gmbh,,,,,,,,,,,
linkedin,Combustion Equipment Engineer (m/f/d),Isar Aerospace,"Parsdorf, Bavaria, Germany",2026-09-11,https://www.linkedin.com/jobs/view/4466385302 , ,li-4466385302,fulltime,,,,,,False,mid-senior level,Management and Manufacturing,,,Aviation and Aerospace Component Manufacturing,https://de.linkedin.com/company/isaraerospace,,,,,,,,,,,
linkedin,Senior Entwicklungskonstrukteur (m/w/d),Mühlbauer Group,"Roding, Bavaria, Germany",2026-09-11,https://www.linkedin.com/jobs/view/4425272600 , ,li-4425272600,fulltime,,,,,,False,mid-senior level,Engineering and Information Technology,,,Machinery Manufacturing,https://de.linkedin.com/company/muhlbauer-group,,,,,,,,,,,
linkedin,Entwicklungsingenieur (m/w/d) Maschinenbau,Diehl Group,"Röthenbach an der Pegnitz, Bavaria, Germany",2026-09-11,https://www.linkedin.com/jobs/view/4465162062 , ,li-4465162062,fulltime,,,,,,False,entry level,Engineering and Information Technology,,,"Appliances, Electrical, and Electronics Manufacturing",https://de.linkedin.com/company/diehl-group,,,,,,,,,,,
linkedin,Softwareentwickler-Applikateur-in Steuerungstechnik (m/w/d),Liebherr Group,"Bad Schussenried, Baden-Württemberg, Germany",2026-09-11,https://www.linkedin.com/jobs/view/4410481817 , ,li-4410481817,fulltime,,,,,,False,mid-senior level,Engineering and Information Technology,,,Industrial Machinery Manufacturing,https://de.linkedin.com/company/liebherr,,,,,,,,,,,
linkedin,Entwicklungsingenieur Fahrerassistenzsysteme Automotive (m/w/d),FERCHAU,"Stuttgart, Baden-Württemberg, Germany",2026-09-11,https://www.linkedin.com/jobs/view/4438570811 , ,li-4438570811,fulltime,,,,,,False,entry level,Engineering and Information Technology,,-automotive@ferchau.com,Engineering Services,https://de.linkedin.com/company/ferchau,,,,,,,,,,,
linkedin,Globaler Industrial IoT & OT Projektingenieur (m/w/d),DöhlerGroup,"Darmstadt, Hesse, Germany",2026-09-11,https://www.linkedin.com/jobs/view/4439261671 , ,li-4439261671,fulltime,,,,,,False,mid-senior level,Engineering and Information Technology,,,Food and Beverage Manufacturing,https://de.linkedin.com/company/doehler,,,,,,,,,,,
linkedin,Power Electronics Engineer (m/f/d),Alpitronic,"Nuremberg, Bavaria, Germany",2026-09-11,https://www.linkedin.com/jobs/view/4261106552 , ,li-4261106552,fulltime,,,,,,False,associate,Engineering and Information Technology,,,"Appliances, Electrical, and Electronics Manufacturing",https://it.linkedin.com/company/alpitronic-srl,,,,,,,,,,,
linkedin,Systemingenieur Mechatronik (m/w/d),FERCHAU,"Kiel, Schleswig-Holstein, Germany",2026-09-11,https://www.linkedin.com/jobs/view/4438577586 , ,li-4438577586,fulltime,,,,,,False,mid-senior level,Information Technology,,john.kaehler@ferchau.com,Engineering Services,https://de.linkedin.com/company/ferchau,,,,,,,,,,,
linkedin,AI Research Engineer - ML & Signal Processing,Helsing,"Munich, Bavaria, Germany",2026-09-10,https://www.linkedin.com/jobs/view/4316266734 , ,li-4316266734,fulltime,,,,,,True,mid-senior level,Engineering and Information Technology,,,Software Development,https://de.linkedin.com/company/helsing,,,,,,,,,,,
linkedin,C++ Softwareentwickler Sonar / Signalverarbeitung (all gender),ALTEN,,2026-09-10,https://www.linkedin.com/jobs/view/4426817999 , ,li-4426817999,fulltime,,,,,,False,associate,Engineering,,,Maritime Transportation,https://fr.linkedin.com/company/alten,,,,,,,,,,,
linkedin,Mixed-Signal ASIC Design Engineer for Analog Frontends and ADCs (f/m/div.),Bosch,"Reutlingen, Baden-Württemberg, Germany",2026-09-10,https://www.linkedin.com/jobs/view/4460975055 , ,li-4460975055,fulltime,,,,,,False,associate,Engineering,,,Automotive,https://de.linkedin.com/company/bosch,,,,,,,,,,,
linkedin,Acoustic Systems Engineer (m/f/d),HARMAN International,"Garching, Bavaria, Germany",2026-09-10,https://www.linkedin.com/jobs/view/4453473200 , ,li-4453473200,fulltime,,,,,,False,mid-senior level,Information Technology,,harmancareers@harman.com,Computers and Electronics Manufacturing,https://www.linkedin.com/company/harman-international,,,,,,,,,,,
linkedin,Praktikant (m/w/d) oder wissenschaftliche Hilfskraft (m/w/d) im PV-Testlabor mit 30h bis 80h im Monat,Zentrum für Sonnenenergie- und Wasserstoff-Forschung Baden-Württemberg (ZSW),"Stuttgart, Baden-Württemberg, Germany",2026-09-10,https://www.linkedin.com/jobs/view/4464185225 , ,li-4464185225,fulltime,,,,,,False,internship,Other,,,Research Services,https://de.linkedin.com/company/zsw-bw,,,,,,,,,,,
linkedin,Unterstützung in einem Forschungsprojekt zur Untersuchung von nasslaufenden Friktionssystemen in Kraftfahrzeuganwendungen,Institute of Product Engineering at KIT,"Karlsruhe, Baden-Württemberg, Germany",2026-09-10,https://www.linkedin.com/jobs/view/4465615395 , ,li-4465615395,fulltime,,,,,,False,entry level,Information Technology,,,Machinery Manufacturing,https://de.linkedin.com/school/ipekamkit/,,,,,,,,,,,
linkedin,Senior Engineer II - Applications (Mixed Signal),Microchip Technology Inc.,"Karlsruhe, Baden-Württemberg, Germany",2026-09-10,https://www.linkedin.com/jobs/view/4465604439 , ,li-4465604439,fulltime,,,,,,False,mid-senior level,Engineering,,,"Appliances, Electrical, and Electronics Manufacturing and Semiconductor Manufacturing",https://www.linkedin.com/company/microchip-technology,,,,,,,,,,,
linkedin,Senior Software Engineer - Mission Autonomy (All Genders),STARK,"Munich, Bavaria, Germany",2026-09-10,https://www.linkedin.com/jobs/view/4456486999 , ,li-4456486999,fulltime,,,,,,False,associate,Engineering,,,Defense and Space Manufacturing,https://de.linkedin.com/company/stark-defence,,,,,,,,,,,
linkedin,"Guidance, Navigation, & Control Engineer",Helsing,"Munich, Bavaria, Germany",2026-09-10,https://www.linkedin.com/jobs/view/4463468202 , ,li-4463468202,fulltime,,,,,,True,mid-senior level,Engineering and Information Technology,,,Software Development,https://de.linkedin.com/company/helsing,,,,,,,,,,,
linkedin,Masterand (a) 3D Radar Interferenzen,Baumer Group,"Stockach, Baden-Württemberg, Germany",2026-09-10,https://www.linkedin.com/jobs/view/4463917318 , ,li-4463917318,internship,,,,,,False,entry level,Education and Training,,,Measuring and Control Instrument Manufacturing,https://ch.linkedin.com/company/baumer-group,,,,,,,,,,,
linkedin,"Ingenieur/in der Luft- und Raumfahrt, Physikalischen Ingenieurswissenschaft o. ä. (w/m/d)",German Aerospace Center (DLR),"Berlin, Germany",2026-09-10,https://www.linkedin.com/jobs/view/4464612097 , ,li-4464612097,fulltime,,,,,,False,entry level,Engineering and Information Technology,,,Research Services,https://de.linkedin.com/company/dlr,,,,,,,,,,,
linkedin,Professur für Hard- und Software Digitaler Systeme,"German Association of Women Engineers - dib, deutscher ingenieurinnenbund","Osnabrück, Lower Saxony, Germany",2026-09-10,https://www.linkedin.com/jobs/view/4465675187 , ,li-4465675187,fulltime,,,,,,False,mid-senior level,Information Technology,,,Non-profit Organizations,https://de.linkedin.com/company/german-association-of-women-engineers,,,,,,,,,,,
linkedin,Masterand (a) Materialcharakterisierung mit dem Vector Network Analyzer (VNA) für mmWellen-Anwendungen,Baumer Group,"Stockach, Baden-Württemberg, Germany",2026-09-10,https://www.linkedin.com/jobs/view/4463931191 , ,li-4463931191,internship,,,,,,False,entry level,Education and Training,,,Measuring and Control Instrument Manufacturing,https://ch.linkedin.com/company/baumer-group,,,,,,,,,,,
linkedin,AUTOSAR Software Architect / Senior Embedded Software Engineer (f/m/d) Smart Leveling Systems,Vibracoustic,"Hamburg, Germany",2026-09-10,https://www.linkedin.com/jobs/view/4465692002 , ,li-4465692002,fulltime,,,,,,False,mid-senior level,Research and Product Management,,,Motor Vehicle Manufacturing,https://de.linkedin.com/company/vibracoustic,,,,,,,,,,,
linkedin,Senior Software Engineer (m/w/d) Embedded Systems,NewTec GmbH,"Bremen, Bremen, Germany",2026-09-10,https://www.linkedin.com/jobs/view/4464574240 , ,li-4464574240,fulltime,,,,,,False,mid-senior level,Engineering and Information Technology,,,IT Services and IT Consulting,https://de.linkedin.com/company/newtec-gmbh-system-entwicklung-und-beratung,,,,,,,,,,,
linkedin,Senior Electronics RF Specialist (m/w/d),Marquardt Group,"Rietheim-Weilheim, Baden-Württemberg, Germany",2026-09-10,https://www.linkedin.com/jobs/view/4465639758 , ,li-4465639758,fulltime,,,,,,False,mid-senior level,Engineering and Information Technology,,,Motor Vehicle Parts Manufacturing,https://de.linkedin.com/company/marquardt-group,,,,,,,,,,,
linkedin,Entwicklungsingenieur (m/w/d) im Bereich Hochfrequenztechnik,Rohde & Schwarz,"Meckenheim, North Rhine-Westphalia, Germany",2026-09-10,https://www.linkedin.com/jobs/view/4464174675 , ,li-4464174675,fulltime,,,,,,False,not applicable,Engineering and Information Technology,,,Telecommunications,https://de.linkedin.com/company/rohde-schwarz,,,,,,,,,,,
linkedin,Masterarbeit (w/m/d): Missions Engineering,German Aerospace Center (DLR),"Oberpfaffenhofen, Bavaria, Germany",2026-09-10,https://www.linkedin.com/jobs/view/4465065111 , ,li-4465065111,fulltime,,,,,,False,internship,Education and Training,,,Research Services,https://de.linkedin.com/company/dlr,,,,,,,,,,,
linkedin,Fachkraft WAN-Kommunikation / iMSys-Rollout (m/w/d),Regionetz GmbH,"Aachen, North Rhine-Westphalia, Germany",2026-09-10,https://www.linkedin.com/jobs/view/4465820921 , ,li-4465820921,fulltime,,,,,,True,entry level,Other,,karriere.personalwirtschaft@regionetz.de,Utilities,https://de.linkedin.com/company/regionetzgmbh,,,,,,,,,,,
linkedin,Propulsion Test Engineer (m/f/d),Rocket Factory Augsburg - RFA,"Augsburg, Bavaria, Germany",2026-09-10,https://www.linkedin.com/jobs/view/4464538204 , ,li-4464538204,fulltime,,,,,,False,mid-senior level,Engineering and Information Technology,,,Aviation and Aerospace Component Manufacturing,https://de.linkedin.com/company/rfa-space,,,,,,,,,,,
linkedin,ISR Systems Technician,Metrea,,2026-09-10,https://www.linkedin.com/jobs/view/4443919327 , ,li-4443919327,fulltime,,,,,,False,mid-senior level,Engineering and Information Technology,,,"Construction, Software Development, and IT Services and IT Consulting",https://www.linkedin.com/company/metreaaero,,,,,,,,,,,
linkedin,Mission Systems Technician,Metrea,,2026-09-10,https://www.linkedin.com/jobs/view/4443925194 , ,li-4443925194,fulltime,,,,,,False,mid-senior level,Engineering and Information Technology,,,"Construction, Software Development, and IT Services and IT Consulting",https://www.linkedin.com/company/metreaaero,,,,,,,,,,,
linkedin,FRMCS Architekt:in für Systementwicklung und Felderprobung - 5G & Mission Critical Services,Deutsche Bahn,"Berlin, Berlin, Germany",2026-09-10,https://www.linkedin.com/jobs/view/4456437815 , ,li-4456437815,fulltime,,,,,,False,entry level,Information Technology,,,Truck Transportation,https://de.linkedin.com/company/deutschebahn,,,,,,,,,,,
linkedin,Principal Hardware Engineer,Cisco,"Nuremberg, Bavaria, Germany",2026-09-10,https://www.linkedin.com/jobs/view/4418093491 , ,li-4418093491,fulltime,,,,,,False,mid-senior level,Engineering and Information Technology,,,Software Development,https://www.linkedin.com/company/cisco,,,,,,,,,,,
linkedin,Senior Ingenieur:in (m/w/d) Avionik & MTP,OHB SE,"Bremen, Bremen, Germany",2026-09-10,https://www.linkedin.com/jobs/view/4465691046 , ,li-4465691046,fulltime,,,,,,False,mid-senior level,Engineering,,,Defense and Space Manufacturing,https://de.linkedin.com/company/ohb-se,,,,,,,,,,,
linkedin,Electrical & Electronics Engineer,Helsing,"Munich, Bavaria, Germany",2026-09-10,https://www.linkedin.com/jobs/view/4463489161 , ,li-4463489161,fulltime,,,,,,True,entry level,Engineering and Information Technology,,,Software Development,https://de.linkedin.com/company/helsing,,,,,,,,,,,
linkedin,Entwicklungsingenieur / Physiker Hochleistungslaseroptik / Laserquelle (m/w/d),Rheinmetall,"Unterlüß, Lower Saxony, Germany",2026-09-10,https://www.linkedin.com/jobs/view/4399014929 , ,li-4399014929,fulltime,,,,,,False,entry level,Engineering and Information Technology,,,Defense and Space Manufacturing,https://de.linkedin.com/company/rheinmetall,,,,,,,,,,,
linkedin,Senior Test Engineer (m/f/d),Renesas Electronics,"Dresden, Saxony, Germany",2026-09-10,https://www.linkedin.com/jobs/view/4429550027 , ,li-4429550027,fulltime,,,,,,True,mid-senior level,Manufacturing,,,Semiconductors,https://jp.linkedin.com/company/renesas,,,,,,,,,,,
linkedin,Senior AI/ML Audio Engineer (f/m/d),NXP Semiconductors,"Dresden, Saxony, Germany",2026-09-10,https://www.linkedin.com/jobs/view/4437883012 , ,li-4437883012,fulltime,,,,,,False,mid-senior level,Engineering and Information Technology,,,"Semiconductor Manufacturing, Computers and Electronics Manufacturing, and Software Development",https://nl.linkedin.com/company/nxp-semiconductors,,,,,,,,,,,
linkedin,Entwicklungsingenieur (m/w/d) Leistungselektronik,FERCHAU,"Oberkochen, Baden-Württemberg, Germany",2026-09-10,https://www.linkedin.com/jobs/view/4438582361 , ,li-4438582361,fulltime,,,,,,False,mid-senior level,Engineering and Information Technology,,heidenheim@ferchau.com,Engineering Services,https://de.linkedin.com/company/ferchau,,,,,,,,,,,
linkedin,Systems Engineer for Flight Controls (High Lift Systems) (d/f/m),Airbus Aircraft,"Bremen, Bremen, Germany",2026-09-10,https://www.linkedin.com/jobs/view/4463070837 , ,li-4463070837,parttime,,,,,,False,entry level,Information Technology,,emsom@airbus.com,Aviation and Aerospace Component Manufacturing,https://fr.linkedin.com/company/airbus,,,,,,,,,,,
linkedin,"Principal Engineer, Nitro System, EC2",Amazon Web Services (AWS),"Berlin, Germany",2026-09-10,https://www.linkedin.com/jobs/view/4465830477 , ,li-4465830477,fulltime,,,,,,False,director,"Information Technology, Consulting, and Engineering",,,IT Services and IT Consulting,https://www.linkedin.com/company/amazon-web-services,,,,,,,,,,,
linkedin,Softwareentwickler C/C++  Telefonie/DECT (w/m/d),FRITZ!,"Berlin, Berlin, Germany",2026-09-10,https://www.linkedin.com/jobs/view/4453481045 , ,li-4453481045,fulltime,,,,,,False,entry level,Information Technology,,,Computers and Electronics Manufacturing,https://de.linkedin.com/company/fritz-com,,,,,,,,,,,
linkedin,Praktikant für Entwicklung im Bereich Elektronik und Informatik (m/w/d),BAUER Group,"Aresing, Bavaria, Germany",2026-09-10,https://www.linkedin.com/jobs/view/4465831993 , ,li-4465831993,fulltime,,,,,,False,internship,Other,,,Construction,https://de.linkedin.com/company/bauer-group-,,,,,,,,,,,
linkedin,Engineer Automotive MOSFET Development (f/m/div),Infineon Technologies,"Dresden, Saxony, Germany",2026-09-10,https://www.linkedin.com/jobs/view/4452455421 , ,li-4452455421,fulltime,,,,,,False,mid-senior level,Management and Manufacturing,,,"Semiconductor Manufacturing, Appliances, Electrical, and Electronics Manufacturing, and Computer Hardware Manufacturing",https://de.linkedin.com/company/infineon-technologies,,,,,,,,,,,
linkedin,Ingenieur (m/w/d) E-Technik & Betriebsmittelentwicklung - Lufthansa Technik AG,SCOPE Engineering GmbH,"Hamburg, Hamburg, Germany",2026-09-10,https://www.linkedin.com/jobs/view/4464183003 , ,li-4464183003,fulltime,,,,,,False,entry level,Engineering,,temp@intec.group,Aviation and Aerospace Component Manufacturing,https://de.linkedin.com/company/scope-engineering-gmbh,,,,,,,,,,,
linkedin,RF Engineer / RF Technician - Ground Control Station (m/f/d),STARK,"Berlin, Germany",2026-09-10,https://www.linkedin.com/jobs/view/4456158663 , ,li-4456158663,fulltime,,,,,,False,associate,Engineering and Other,,,Defense and Space Manufacturing,https://de.linkedin.com/company/stark-defence,,,,,,,,,,,
linkedin,Senior PCB Design & Hardware Verification Engineer (f/m/d),Renesas Electronics,"Nabern, Baden-Württemberg, Germany",2026-09-10,https://www.linkedin.com/jobs/view/4465811057 , ,li-4465811057,fulltime,,,,,,False,mid-senior level,Manufacturing,,,Semiconductor Manufacturing,https://jp.linkedin.com/company/renesas,,,,,,,,,,,
linkedin,Systemingenieur (m/w/d) Elektronische Luftfahrtkomponenten,FERCHAU,"Immenstaad am Bodensee, Baden-Württemberg, Germany",2026-09-10,https://www.linkedin.com/jobs/view/4438569878 , ,li-4438569878,fulltime,,,,,,False,entry level,Information Technology,,Melanie.Junginger@ferchau.com,Engineering Services,https://de.linkedin.com/company/ferchau,,,,,,,,,,,
linkedin,Senior Engineer Advanced Technology (M/F/D),Adtran,"Berlin, Berlin, Germany",2026-09-10,https://www.linkedin.com/jobs/view/4379049738 , ,li-4379049738,fulltime,,,,,,False,mid-senior level,Engineering and Information Technology,,,Telecommunications,https://www.linkedin.com/company/adtran,,,,,,,,,,,
linkedin,PLD/FPGA HW Tester Aerospace (m/f/d),Liebherr Aerospace and Transportation,"Lindenberg im Allgäu, Bavaria, Germany",2026-09-10,https://www.linkedin.com/jobs/view/4464576452 , ,li-4464576452,fulltime,,,,,,False,mid-senior level,Other,,,Industrial Machinery Manufacturing,https://fr.linkedin.com/company/liebherr-aerospace-and-transportation,,,,,,,,,,,
linkedin,Product Engineer Kabelsysteme RAIL (m/w/d),BizLink Group,"Georgensgmünd, Bavaria, Germany",2026-09-10,https://www.linkedin.com/jobs/view/4463430927 , ,li-4463430927,fulltime,,,,,,False,entry level,Engineering and Information Technology,,,"Appliances, Electrical, and Electronics Manufacturing",https://www.linkedin.com/company/bizlink-technology-inc-,,,,,,,,,,,
linkedin,Senior - Entwicklungsingenieur Hardware (m/w/d),BMK Group,"Augsburg, Bavaria, Germany",2026-09-10,https://www.linkedin.com/jobs/view/4453575283 , ,li-4453575283,fulltime,,,,,,False,associate,Other,,,Computers and Electronics Manufacturing,https://de.linkedin.com/company/bmk-group-gmbh,,,,,,,,,,,
linkedin,Electrical Engineer (F/M/D) – Maternity leave cover ~1 year,NavVis,"Munich, Bavaria, Germany",2026-09-10,https://www.linkedin.com/jobs/view/4465612234 , ,li-4465612234,fulltime,,,,,,False,entry level,Engineering and Information Technology,,,"Technology, Information and Internet",https://de.linkedin.com/company/navvis,,,,,,,,,,,
linkedin,Electrical Harness Design Engineer (m/f/d),Isar Aerospace,"Ottobrunn, Bavaria, Germany",2026-09-10,https://www.linkedin.com/jobs/view/4465687803 , ,li-4465687803,fulltime,,,,,,False,entry level,Engineering and Information Technology,,,Aviation and Aerospace Component Manufacturing,https://de.linkedin.com/company/isaraerospace,,,,,,,,,,,
linkedin,Senior Hardware Engineer (m/w/d),NewTec GmbH,"Freiburg, Baden-Württemberg, Germany",2026-09-10,https://www.linkedin.com/jobs/view/4464548007 , ,li-4464548007,fulltime,,,,,,False,associate,Engineering and Information Technology,,,IT Services and IT Consulting,https://de.linkedin.com/company/newtec-gmbh-system-entwicklung-und-beratung,,,,,,,,,,,
linkedin,PCB Layouter (m/f/x),Instaffo,"Rastatt, Baden-Württemberg, Germany",2026-09-10,https://www.linkedin.com/jobs/view/4465808155 , ,li-4465808155,fulltime,,,,,,False,mid-senior level,Other,,,Staffing and Recruiting,https://de.linkedin.com/company/instaffo-gmbh,,,,,,,,,,,
linkedin,Hardwareentwickler (m/w/d),Oehmichen & Bürgers Industrieplanung GmbH,"Düsseldorf, North Rhine-Westphalia, Germany",2026-09-10,https://www.linkedin.com/jobs/view/4465819122 , ,li-4465819122,fulltime,,,,,,False,entry level,Engineering and Information Technology,,,Engineering Services,https://de.linkedin.com/company/oub,,,,,,,,,,,
linkedin,Power Electronics Engineer - DC/DC Converter / Power Supply,European Tech Recruit,"Nuremberg, Bavaria, Germany",2026-09-10,https://www.linkedin.com/jobs/view/4465625573 , ,li-4465625573,fulltime,,,,,,False,mid-senior level,"Engineering, Design, and Research",,,"Telecommunications, Semiconductor Manufacturing, and Computers and Electronics Manufacturing",https://uk.linkedin.com/company/european-tech-recruit,,,,,,,,,,,
linkedin,Senior FPGA Engineer (m/f/d),AES Aerospace Embedded Solutions GmbH,"Munich, Bavaria, Germany",2026-09-10,https://www.linkedin.com/jobs/view/4463477244 , ,li-4463477244,fulltime,,,,,,False,not applicable,Engineering,,,Aviation and Aerospace Component Manufacturing,https://de.linkedin.com/company/aes-aerospace-embedded-solutions-gmbh,,,,,,,,,,,
linkedin,AUTOSAR Software Architect / Senior Embedded Software Engineer (w/m/d) Smart Leveling Systems,Vibracoustic,"Hamburg, Germany",2026-09-10,https://www.linkedin.com/jobs/view/4465693000 , ,li-4465693000,fulltime,,,,,,False,mid-senior level,Research and Product Management,,,Motor Vehicle Manufacturing,https://de.linkedin.com/company/vibracoustic,,,,,,,,,,,
linkedin,Senior Power Electronics Engineer,Li Auto,"Munich, Bavaria, Germany",2026-09-10,https://www.linkedin.com/jobs/view/4464526060 , ,li-4464526060,fulltime,,,,,,False,mid-senior level,Engineering,,,Motor Vehicle Manufacturing and Motor Vehicle Parts Manufacturing,https://cn.linkedin.com/company/liauto,,,,,,,,,,,
linkedin,Microwave Design Engineer,Proxima Fusion,"Munich, Bavaria, Germany",2026-09-10,https://www.linkedin.com/jobs/view/4464567139 , ,li-4464567139,fulltime,,,,,,False,entry level,Engineering and Information Technology,,,Electric Power Generation,https://de.linkedin.com/company/proximafusion,,,,,,,,,,,
linkedin,Lead Engineer Analog ASIC Design (f/m/div.),Bosch,"Reutlingen, Baden-Württemberg, Germany",2026-09-10,https://www.linkedin.com/jobs/view/4460962958 , ,li-4460962958,fulltime,,,,,,False,associate,Research,,,Automotive,https://de.linkedin.com/company/bosch,,,,,,,,,,,
linkedin,Senior Hardware Engineer,MULTIROTOR,"Brandenburg, Germany",2026-09-10,https://www.linkedin.com/jobs/view/4463441464 , ,li-4463441464,fulltime,,,,,,False,mid-senior level,Engineering and Information Technology,,,Defense and Space Manufacturing,https://de.linkedin.com/company/multirotor-flight-control,,,,,,,,,,,
linkedin,ASIC Entwicklungsingenieur Analog IC Design (w/m/div.),Bosch,"Erlangen, Bavaria, Germany",2026-09-10,https://www.linkedin.com/jobs/view/4454702744 , ,li-4454702744,fulltime,,,,,,False,associate,Engineering,,,Automotive,https://de.linkedin.com/company/bosch,,,,,,,,,,,
linkedin,"Entwicklungsingenieur Hardware, all genders",SALT AND PEPPER Group,"Bremen, Bremen, Germany",2026-09-10,https://www.linkedin.com/jobs/view/4069346387 , ,li-4069346387,fulltime,,,,,,False,entry level,Engineering and Information Technology,,,Engineering Services,https://de.linkedin.com/company/salt-and-pepper,,,,,,,,,,,
linkedin,Absolvent Konstruktion &amp; Entwicklung (m/w/d),Oehmichen & Bürgers Industrieplanung GmbH,"Düsseldorf, North Rhine-Westphalia, Germany",2026-09-10,https://www.linkedin.com/jobs/view/4465807229 , ,li-4465807229,fulltime,,,,,,False,internship,"Research, Analyst, and Information Technology",,,Engineering Services,https://de.linkedin.com/company/oub,,,,,,,,,,,
linkedin,Senior AMS IC Designer,IC Resources,"Munich, Bavaria, Germany",2026-09-09,https://www.linkedin.com/jobs/view/4441452400 , ,li-4441452400,fulltime,,,,,,False,mid-senior level,Engineering,,,Staffing and Recruiting,https://uk.linkedin.com/company/icresources,,,,,,,,,,,
linkedin,Erfahrene:r Hardware-Entwickler:in in Vollzeit (m/w/d),GUDE Systems GmbH,"Cologne, North Rhine-Westphalia, Germany",2026-09-09,https://www.linkedin.com/jobs/view/4464109945 , ,li-4464109945,fulltime,,,,,,False,mid-senior level,Information Technology,,,IT Services and IT Consulting,https://de.linkedin.com/company/gude-systems,,,,,,,,,,,
linkedin,Elektrotechniker Produktprüfung (m/w/d),Briloner Leuchten GmbH,"Meschede, North Rhine-Westphalia, Germany",2026-09-09,https://www.linkedin.com/jobs/view/4465340841 , ,li-4465340841,fulltime,,,,,,False,entry level,Management and Manufacturing,,,Wholesale,https://de.linkedin.com/company/briloner-leuchten-gmbh,,,,,,,,,,,
linkedin,Electro Mechanical Engineer,Strativ Group,"Constance, Baden-Württemberg, Germany",2026-09-09,https://www.linkedin.com/jobs/view/4464985715 , ,li-4464985715,fulltime,,,,,,False,mid-senior level,Engineering and Design,,,"Robotics Engineering, Defense and Space Manufacturing, and Aviation and Aerospace Component Manufacturing",https://uk.linkedin.com/company/strativgroup,,,,,,,,,,,
linkedin,Entwicklungsingenieur Elektronik (m/w/d),ANSMANN AG,"Assamstadt, Baden-Württemberg, Germany",2026-09-09,https://www.linkedin.com/jobs/view/4463010471 , ,li-4463010471,fulltime,,,,,,False,entry level,Engineering,,,Manufacturing,https://de.linkedin.com/company/ansmann-ag,,,,,,,,,,,
linkedin,Mechatronics Engineering - 50 Prozent studentische Stelle (m/w/d),XRbit gUG (haftungsbeschränkt),"Bochum, North Rhine-Westphalia, Germany",2026-09-09,https://www.linkedin.com/jobs/view/4463051025 , ,li-4463051025,parttime,,,,,,True,internship,Engineering,,,Professional Services,https://de.linkedin.com/company/xrbit-de,,,,,,,,,,,
linkedin,Electrical Engineer,Lonza,"Cologne, North Rhine-Westphalia, Germany",2026-09-09,https://www.linkedin.com/jobs/view/4454998995 , ,li-4454998995,fulltime,,,,,,False,not applicable,Engineering and Information Technology,,,Pharmaceutical Manufacturing,https://ch.linkedin.com/company/lonza,,,,,,,,,,,
linkedin,Senior High-Speed Analog/RF System Architect (f/m/d),Black Semiconductor,"Aachen, North Rhine-Westphalia, Germany",2026-09-09,https://www.linkedin.com/jobs/view/4446328491 , ,li-4446328491,fulltime,,,,,,False,mid-senior level,Engineering and Information Technology,,,Semiconductor Manufacturing,https://de.linkedin.com/company/black-semiconductor,,,,,,,,,,,
linkedin,Senior GHz Analog & Mixed-Signal Engineer (m/f/d),Q.ANT,"Stuttgart, Baden-Württemberg, Germany",2026-09-09,https://www.linkedin.com/jobs/view/4452700800 , ,li-4452700800,fulltime,,,,,,False,associate,Research,,,Semiconductor Manufacturing,https://de.linkedin.com/company/qant,,,,,,,,,,,
linkedin,Master-Studierende,Finanz Informatik,"Münster, North Rhine-Westphalia, Germany",2026-09-09,https://www.linkedin.com/jobs/view/4454974968 , ,li-4454974968,fulltime,,,,,,False,associate,Other,,,"IT Services and IT Consulting, Banking, and Financial Services",https://de.linkedin.com/company/finanz-informatik,,,,,,,,,,,
linkedin,Master-Studierende,Finanz Informatik,"Hannover, Lower Saxony, Germany",2026-09-09,https://www.linkedin.com/jobs/view/4455406000 , ,li-4455406000,fulltime,,,,,,False,associate,Other,,,"IT Services and IT Consulting, Banking, and Financial Services",https://de.linkedin.com/company/finanz-informatik,,,,,,,,,,,
linkedin,"(Junior) Elektroingenieur/ Elektroentwickler, all genders",nexadus GmbH,"Bremen, Bremen, Germany",2026-09-09,https://www.linkedin.com/jobs/view/4400557663 , ,li-4400557663,fulltime,,,,,,False,entry level,Engineering and Information Technology,,n.bayer@nexadus.de,Engineering Services,https://de.linkedin.com/company/nexadus,,,,,,,,,,,
linkedin,"Ingenieur/in der Luft- und Raumfahrt, Physikalischen Ingenieurswissenschaft o. ä. (w/m/d)",German Aerospace Center (DLR),"Cottbus, Brandenburg, Germany",2026-09-09,https://www.linkedin.com/jobs/view/4464609691 , ,li-4464609691,fulltime,,,,,,False,entry level,Engineering and Information Technology,,,Research Services,https://de.linkedin.com/company/dlr,,,,,,,,,,,
linkedin,Senior Characterization & Verification Engineer (w/m/d),Littelfuse,"Lampertheim, Hesse, Germany",2026-09-09,https://www.linkedin.com/jobs/view/4453433036 , ,li-4453433036,fulltime,,,,,,False,mid-senior level,Quality Assurance,,,"Appliances, Electrical, and Electronics Manufacturing and Semiconductor Manufacturing",https://www.linkedin.com/company/littelfuse,,,,,,,,,,,
linkedin,Solutions Engineer EU,Doodle Labs,,2026-09-09,https://www.linkedin.com/jobs/view/4465312370 , ,li-4465312370,fulltime,,,,,,False,mid-senior level,Engineering and Information Technology,,,Wireless Services,https://www.linkedin.com/company/doodle-labs,,,,,,,,,,,
linkedin,EMC-Ingenieur (m/w/d),TDK-Micronas,"Freiburg, Baden-Württemberg, Germany",2026-09-09,https://www.linkedin.com/jobs/view/4451201204 , ,li-4451201204,fulltime,,,,,,False,associate,Engineering,,-recruiting@tdk.com,Semiconductor Manufacturing,https://de.linkedin.com/company/tdk-micronas,,,,,,,,,,,
linkedin,Wissenschaftlicher Mitarbeiter “Adaptive und energieeffiziente Funkkommunikation” (m/w/d),Barkhausen Institut,"Dresden, Saxony, Germany",2026-09-09,https://www.linkedin.com/jobs/view/4463578430 , ,li-4463578430,parttime,,,,,,False,entry level,"Research, Analyst, and Information Technology",,,Research Services,https://de.linkedin.com/company/barkhausen-institut,,,,,,,,,,,
linkedin,Senior Staff Analog Design Engineer,MELEXIS,,2026-09-09,https://www.linkedin.com/jobs/view/4463822880 , ,li-4463822880,fulltime,,,,,,False,mid-senior level,Engineering,,,Semiconductor Manufacturing,https://be.linkedin.com/company/melexis,,,,,,,,,,,
linkedin,"Embedded Developer (Linux, Yocto) m/w/d - €500-€700 per day",Optimus Search,,2026-09-09,https://www.linkedin.com/jobs/view/4463069844 , ,li-4463069844,contract,,,,,,False,mid-senior level,,,,"Automation Machinery Manufacturing, Audio and Video Equipment Manufacturing, and Semiconductor Manufacturing",https://uk.linkedin.com/company/optimus-search,,,,,,,,,,,
linkedin,Applied Biometrics Software Engineer (m/w/d),Maurer Electronics,"Munich, Bavaria, Germany",2026-09-09,https://www.linkedin.com/jobs/view/4455955181 , ,li-4455955181,fulltime,,,,,,False,entry level,Engineering and Information Technology,,,IT Services and IT Consulting,https://www.linkedin.com/company/maurer-electronics,,,,,,,,,,,
linkedin,Postdoctoral Research Associate Position (m/f/d) - Surgical AI,Universitätsklinikum Carl Gustav Carus Dresden,"Dresden, Saxony, Germany",2026-09-09,https://www.linkedin.com/jobs/view/4463817586 , ,li-4463817586,contract,,,,,,False,not applicable,"Research, Analyst, and Information Technology",,,Research Services and Hospitals and Health Care,https://de.linkedin.com/company/universit%C3%A4tsklinikum-carl-gustav-carus,,,,,,,,,,,
linkedin,Softwareentwickler GPU (m/w/d),ORANGE Engineering GmbH & Co. KG,"Bremen, Bremen, Germany",2026-09-09,https://www.linkedin.com/jobs/view/4463043119 , ,li-4463043119,fulltime,,,,,,False,entry level,Engineering and Information Technology,,,Machinery Manufacturing,https://de.linkedin.com/company/orange-engineering-gmbh,,,,,,,,,,,
linkedin,Software Developer - Algorithms and Data Fusion Level 5,NAXCON GROUP,"Bremen, Germany",2026-09-09,https://www.linkedin.com/jobs/view/4465019070 , ,li-4465019070,fulltime,,,,,,False,mid-senior level,Information Technology and Engineering,,,"IT Services and IT Consulting, Engineering Services, and Defense and Space Manufacturing",https://de.linkedin.com/company/naxcon,,,,,,,,,,,
linkedin,"Engineer, scientist or similar (f/m/d)",German Aerospace Center (DLR),"Cottbus, Brandenburg, Germany",2026-09-09,https://www.linkedin.com/jobs/view/4464498803 , ,li-4464498803,fulltime,,,,,,False,mid-senior level,Engineering and Information Technology,,henri.siller@dlr.de,Research Services,https://de.linkedin.com/company/dlr,,,,,,,,,,,
linkedin,Research Associate “Adaptive and Energy-Efficient Wireless Communications” (m/f/d),Barkhausen Institut,"Dresden, Saxony, Germany",2026-09-09,https://www.linkedin.com/jobs/view/4463599012 , ,li-4463599012,fulltime,,,,,,False,entry level,"Marketing, Public Relations, and Writing/Editing",,,Research Services,https://de.linkedin.com/company/barkhausen-institut,,,,,,,,,,,
linkedin,Akustikentwickler (m/w/d),Sennheiser,"Berlin, Berlin, Germany",2026-09-09,https://www.linkedin.com/jobs/view/4460371836 , ,li-4460371836,fulltime,,,,,,False,mid-senior level,Other,,jobs@sennheiser.com,"Appliances, Electrical, and Electronics Manufacturing",https://de.linkedin.com/company/sennheiser,,,,,,,,,,,
linkedin,Acoustic Engineer (m/f/d),Sennheiser,"Berlin, Berlin, Germany",2026-09-09,https://www.linkedin.com/jobs/view/4458990598 , ,li-4458990598,fulltime,,,,,,False,mid-senior level,Engineering and Information Technology,,jobs@sennheiser.com,"Appliances, Electrical, and Electronics Manufacturing",https://de.linkedin.com/company/sennheiser,,,,,,,,,,,
linkedin,"Junior Acoustic Engineer, Pro Audio (m/w/d)",Adam Hall Group,"Neu-Anspach, Hesse, Germany",2026-09-09,https://www.linkedin.com/jobs/view/4463036432 , ,li-4463036432,fulltime,,,,,,False,entry level,Engineering and Information Technology,,,Electrical Equipment Manufacturing,https://de.linkedin.com/company/adam-hall-group,,,,,,,,,,,
linkedin,Entwicklungsingenieur Kommunikationssysteme (m/w/d),ORANGE Engineering GmbH & Co. KG,"Bremen, Bremen, Germany",2026-09-09,https://www.linkedin.com/jobs/view/4463037169 , ,li-4463037169,fulltime,,,,,,False,entry level,Engineering and Information Technology,,,Machinery Manufacturing,https://de.linkedin.com/company/orange-engineering-gmbh,,,,,,,,,,,
linkedin,Sensor & Measurement Technology Engineer,NDT Global,"Stutensee, Baden-Württemberg, Germany",2026-09-09,https://www.linkedin.com/jobs/view/4365246629 , ,li-4365246629,fulltime,,,,,,False,mid-senior level,Engineering and Information Technology,,,Energy Technology and Oil and Gas,https://ca.linkedin.com/company/ndt-global,,,,,,,,,,,
linkedin,"Senior Firmware Engineer, Industrial Robotics Group",Amazon,"Munich, Bavaria, Germany",2026-09-09,https://www.linkedin.com/jobs/view/4455799410 , ,li-4455799410,fulltime,,,,,,False,mid-senior level,"Information Technology, Consulting, and Engineering",,,Software Development,https://www.linkedin.com/company/amazon,,,,,,,,,,,
linkedin,"Firmware Engineer, Amazon Robotics",Amazon,"Munich, Bavaria, Germany",2026-09-09,https://www.linkedin.com/jobs/view/4455906434 , ,li-4455906434,fulltime,,,,,,False,not applicable,"Information Technology, Consulting, and Engineering",,,Software Development,https://www.linkedin.com/company/amazon,,,,,,,,,,,
linkedin,Software Dev Engineer - Embedded Development,Amazon Web Services (AWS),"Berlin, Germany",2026-09-09,https://www.linkedin.com/jobs/view/4455799297 , ,li-4455799297,fulltime,,,,,,False,not applicable,"Information Technology, Consulting, and Engineering",,,IT Services and IT Consulting,https://www.linkedin.com/company/amazon-web-services,,,,,,,,,,,
linkedin,Embedded Software Engineer,agap2 Germany,"Bavaria, Germany",2026-09-09,https://www.linkedin.com/jobs/view/4463809775 , ,li-4463809775,fulltime,,,,,,False,associate,Engineering and Project Management,,,Business Consulting and Services,https://de.linkedin.com/company/agap2-germany,,,,,,,,,,,
linkedin,Team Leader Embedded Software 80 - 100 % (w/m/d),Hamilton Medical,"Munich, Bavaria, Germany",2026-09-09,https://www.linkedin.com/jobs/view/4463888469 , ,li-4463888469,fulltime,,,,,,False,mid-senior level,Information Technology,,,Medical Equipment Manufacturing,https://ch.linkedin.com/company/hamilton-medical-ag,,,,,,,,,,,
linkedin,Software Engineer,Helsing,"Munich, Bavaria, Germany",2026-09-09,https://www.linkedin.com/jobs/view/4343993789 , ,li-4343993789,fulltime,,,,,,False,entry level,Engineering and Information Technology,,,Software Development,https://de.linkedin.com/company/helsing,,,,,,,,,,,
linkedin,Systems Engineer – Satellitenkommunikation & Bodensysteme (all gender),ALTEN,"Friedrichshafen, Baden-Württemberg, Germany",2026-09-09,https://www.linkedin.com/jobs/view/4465015743 , ,li-4465015743,fulltime,,,,,,False,associate,"Production, Distribution, and Engineering",,,Software Development and IT Services and IT Consulting,https://fr.linkedin.com/company/alten,,,,,,,,,,,
linkedin,Technische Universität Dresden,"DGPF -  Deutsche Gesellschaft für Photogrammetrie, Fernerkundung und Geoinformation e.V.","Dresden, Saxony, Germany",2026-09-09,https://www.linkedin.com/jobs/view/4463871060 , ,li-4463871060,fulltime,,,,,,False,mid-senior level,Information Technology,,,Research Services,https://de.linkedin.com/company/dgpf,,,,,,,,,,,
linkedin,Senior Electronic Engineer,5V Tech,"Duisburg, North Rhine-Westphalia, Germany",2026-09-09,https://www.linkedin.com/jobs/view/4452368887 , ,li-4452368887,fulltime,,,,,,False,mid-senior level,Engineering,,,"Audio and Video Equipment Manufacturing, Computers and Electronics Manufacturing, and Manufacturing",https://uk.linkedin.com/company/5vtech,,,,,,,,,,,
linkedin,FPGA / Mixed-Signal Design Engineer (m/f/d),Amoria Bond,,2026-09-09,https://www.linkedin.com/jobs/view/4462597590 , ,li-4462597590,fulltime,,,,,,True,associate,Engineering,,,Defense and Space Manufacturing,https://uk.linkedin.com/company/amoria-bond,,,,,,,,,,,
linkedin,"Embedded Developer (Linux, Yocto) m/w/d - €500-€700 per day",Optimus Search,"Munich, Bavaria, Germany",2026-09-09,https://www.linkedin.com/jobs/view/4463067786 , ,li-4463067786,contract,,,,,,False,associate,,,,"Machinery Manufacturing, Industrial Machinery Manufacturing, and Semiconductor Manufacturing",https://uk.linkedin.com/company/optimus-search,,,,,,,,,,,
linkedin,Doctoral researcher (f_m_x) – Project GHOST,GFZ Helmholtz Centre for Geosciences,"Potsdam, Brandenburg, Germany",2026-09-09,https://www.linkedin.com/jobs/view/4464640235 , ,li-4464640235,parttime,,,,,,False,entry level,"Research, Analyst, and Information Technology",,,Research Services,https://de.linkedin.com/company/gfz-helmholtz-zentrum-fuer-geoforschung,,,,,,,,,,,
linkedin,Robotics Modelling & Simulation Engineer,Cubiq Recruitment,"Bavaria, Germany",2026-09-09,https://www.linkedin.com/jobs/view/4463014966 , ,li-4463014966,fulltime,,,,,,False,mid-senior level,"Engineering, Design, and Analyst",,a.caldwell@cubiqrecruitment.com,"Robotics Engineering, IT System Design Services, and Engineering Services",https://uk.linkedin.com/company/cubiq-recruitment,,,,,,,,,,,
linkedin,"Data Scientist, Music DISCO",Amazon Music,"Berlin, Germany",2026-09-09,https://www.linkedin.com/jobs/view/4455904370 , ,li-4455904370,fulltime,,,,,,False,not applicable,Engineering and Information Technology,,,Entertainment Providers,https://www.linkedin.com/company/amazon-music,,,,,,,,,,,
linkedin,"Electronics Design Engineer, Industrial Robotics Group",Amazon,"Munich, Bavaria, Germany",2026-09-09,https://www.linkedin.com/jobs/view/4455906869 , ,li-4455906869,fulltime,,,,,,False,not applicable,Manufacturing and Engineering,,,Software Development,https://www.linkedin.com/company/amazon,,,,,,,,,,,
linkedin,Senior Digital Design Engineer (m/w/d),TDK-Micronas,,2026-09-09,https://www.linkedin.com/jobs/view/4450128565 , ,li-4450128565,fulltime,,,,,,False,associate,Engineering,,-recruiting@tdk.com,Semiconductor Manufacturing,https://de.linkedin.com/company/tdk-micronas,,,,,,,,,,,
linkedin,Coherent Systems Architect - Optical Modem Modeling and Specification,Nokia,"Nuremberg, Bavaria, Germany",2026-09-09,https://www.linkedin.com/jobs/view/4434504933 , ,li-4434504933,fulltime,,,,,,False,not applicable,Engineering and Information Technology,,,IT Services and IT Consulting and Telecommunications,https://fi.linkedin.com/company/nokia,,,,,,,,,,,
linkedin,Entwicklungsingenieur Elektronik (m/w/d),Schleifring GmbH,"Fürstenfeldbruck, Bavaria, Germany",2026-09-09,https://www.linkedin.com/jobs/view/4465061591 , ,li-4465061591,fulltime,,,,,,False,entry level,Engineering and Information Technology,,,Machinery Manufacturing,https://de.linkedin.com/company/schleifring,,,,,,,,,,,
linkedin,Electrical Hardware Engineer (m/f/d),KLA,"Weilburg, Hesse, Germany",2026-09-09,https://www.linkedin.com/jobs/view/4452841647 , ,li-4452841647,fulltime,,,,,,False,mid-senior level,Engineering and Information Technology,,talent.acquisition@kla.com,Semiconductor Manufacturing,https://www.linkedin.com/company/klacorp,,,,,,,,,,,
linkedin,(Senior) Hardware Design Engineer (f/m/d),Munich Electrification,"Munich, Bavaria, Germany",2026-09-09,https://www.linkedin.com/jobs/view/4355797299 , ,li-4355797299,fulltime,,,,,,False,mid-senior level,Engineering and Information Technology,,,"Appliances, Electrical, and Electronics Manufacturing",https://de.linkedin.com/company/munichelectrification,,,,,,,,,,,
linkedin,Roboter-Programmierer (m/w/d),Oehmichen & Bürgers Industrieplanung GmbH,"Düsseldorf, North Rhine-Westphalia, Germany",2026-09-08,https://www.linkedin.com/jobs/view/4464623401 , ,li-4464623401,fulltime,,,,,,False,entry level,Engineering and Information Technology,,,Engineering Services,https://de.linkedin.com/company/oub,,,,,,,,,,,
linkedin,Avionics Systems Engineer - Navigation (all genders),Deutsche Aircraft,"Wessling, Bavaria, Germany",2026-09-08,https://www.linkedin.com/jobs/view/4462281047 , ,li-4462281047,fulltime,,,,,,False,associate,,,,Aviation and Aerospace Component Manufacturing,https://de.linkedin.com/company/deutsche-aircraft,,,,,,,,,,,
linkedin,Senior Elektroingenieur (m/w/d) – Analogelektronik & Messtechnik,EMPIT,"Berlin, Berlin, Germany",2026-09-08,https://www.linkedin.com/jobs/view/4463500554 , ,li-4463500554,fulltime,,,,,,False,associate,Engineering,,,Software Development,https://de.linkedin.com/company/empit,,,,,,,,,,,
linkedin,Junior Ingenieure (m/w/d) Konstruktion &amp; Entwicklung,Oehmichen & Bürgers Industrieplanung GmbH,"Düsseldorf, North Rhine-Westphalia, Germany",2026-09-08,https://www.linkedin.com/jobs/view/4464631344 , ,li-4464631344,fulltime,,,,,,False,internship,Management and Manufacturing,,,Engineering Services,https://de.linkedin.com/company/oub,,,,,,,,,,,
linkedin,Senior R&D Engineer – Ultrasound & Sensor Systems (all genders welcome),Rosenxt Group,"Lohne, Lower Saxony, Germany",2026-09-08,https://www.linkedin.com/jobs/view/4422024667 , ,li-4422024667,fulltime,,,,,,False,associate,Engineering and Information Technology,,,Engineering Services,https://ch.linkedin.com/company/rosenxt,,,,,,,,,,,
linkedin,Measurement System Engineer (f/m/d),MAGNOTHERM,"Darmstadt, Hesse, Germany",2026-09-08,https://www.linkedin.com/jobs/view/4462285984 , ,li-4462285984,fulltime,,,,,,False,mid-senior level,Engineering,,,Oil and Gas,https://de.linkedin.com/company/magnotherm,,,,,,,,,,,
linkedin,Elektrokonstrukteur (m/w/d),Oehmichen & Bürgers Industrieplanung GmbH,"Düsseldorf, North Rhine-Westphalia, Germany",2026-09-08,https://www.linkedin.com/jobs/view/4464627375 , ,li-4464627375,fulltime,,,,,,False,entry level,Engineering and Information Technology,,,Engineering Services,https://de.linkedin.com/company/oub,,,,,,,,,,,
linkedin,Expert Mech. Design (w/m/d),JENOPTIK,"Wedel, Schleswig-Holstein, Germany",2026-09-08,https://www.linkedin.com/jobs/view/4462294205 , ,li-4462294205,fulltime,,,,,,False,mid-senior level,"Design, Art/Creative, and Information Technology",,,Motor Vehicle Manufacturing,https://de.linkedin.com/company/jenoptik,,,,,,,,,,,
linkedin,Fraunhofer Heinrich-Hertz-Institut (HHI) - Initiativstelle,Fraunhofer Heinrich Hertz Institute HHI,"Berlin, Germany",2026-09-08,https://www.linkedin.com/jobs/view/3827851795 , ,li-3827851795,fulltime,,,,,,False,entry level,Other,,,Research Services,https://de.linkedin.com/company/fraunhofer-hhi,,,,,,,,,,,
linkedin,Electronics Engineer,Darwin Recruitment,"Berlin, Berlin, Germany",2026-09-08,https://www.linkedin.com/jobs/view/4463252037 , ,li-4463252037,fulltime,,,,,,False,not applicable,Engineering,,,Defense and Space Manufacturing,https://uk.linkedin.com/company/darwin-recruitment-3,,,,,,,,,,,
linkedin,Senior ASIC Analog Design Engineer (m/f/d),AUMOVIO,"Regensburg, Bavaria, Germany",2026-09-08,https://www.linkedin.com/jobs/view/4460320243 , ,li-4460320243,fulltime,,,,,,False,mid-senior level,Design,,,Automotive,https://de.linkedin.com/company/aumovio,,,,,,,,,,,
linkedin,Firmware Security Engineer (m/f/d),Swissbit AG,,2026-09-08,https://www.linkedin.com/jobs/view/4414150687 , ,li-4414150687,fulltime,,,,,,False,entry level,Information Technology,,,Semiconductor Manufacturing,https://ch.linkedin.com/company/swissbit-ag,,,,,,,,,,,
linkedin,Senior Hardwareentwickler (m/w/d),Schotstek GmbH,"Mannheim, Baden-Württemberg, Germany",2026-09-08,https://www.linkedin.com/jobs/view/4462295426 , ,li-4462295426,fulltime,,,,,,False,associate,Engineering,,,"Automation Machinery Manufacturing, Motor Vehicle Manufacturing, and Medical Equipment Manufacturing",https://de.linkedin.com/company/schotstek-gmbh,,,,,,,,,,,
linkedin,Technical Staff Engineer-Design,Microchip Technology Inc.,"Neu Ulm, Bavaria, Germany",2026-09-08,https://www.linkedin.com/jobs/view/4455523223 , ,li-4455523223,fulltime,,,,,,False,mid-senior level,Engineering,,,"Appliances, Electrical, and Electronics Manufacturing and Semiconductor Manufacturing",https://www.linkedin.com/company/microchip-technology,,,,,,,,,,,
linkedin,Hardware Ingenieur (m/w/d) - Embedded Systems,Lutz Pumpen GmbH,"Wertheim, Baden-Württemberg, Germany",2026-09-08,https://www.linkedin.com/jobs/view/4462512087 , ,li-4462512087,fulltime,,,,,,False,entry level,Engineering,,,"Appliances, Electrical, and Electronics Manufacturing",https://de.linkedin.com/company/lutz-pumpen-gmbh,,,,,,,,,,,
linkedin,Hardware Engineer,Guldberg GmbH,"Kronach, Bavaria, Germany",2026-09-08,https://www.linkedin.com/jobs/view/4462276787 , ,li-4462276787,fulltime,,,,,,False,associate,Engineering and Information Technology,,,Automation Machinery Manufacturing,https://de.linkedin.com/company/guldberggmbh,,,,,,,,,,,
linkedin,Elektronik-Ingenieur Hard-u. Software (m/w/d),Lutz Pumpen GmbH,"Wertheim, Baden-Württemberg, Germany",2026-09-08,https://www.linkedin.com/jobs/view/4462515148 , ,li-4462515148,fulltime,,,,,,False,mid-senior level,Engineering,,,"Appliances, Electrical, and Electronics Manufacturing",https://de.linkedin.com/company/lutz-pumpen-gmbh,,,,,,,,,,,
linkedin,"Embedded Security Engineer – Stuttgart, Germany",Optimus Search,,2026-09-08,https://www.linkedin.com/jobs/view/4462504388 , ,li-4462504388,fulltime,,,,,,False,mid-senior level,,,,"Software Development, IT Services and IT Consulting, and Engineering Services",https://uk.linkedin.com/company/optimus-search,,,,,,,,,,,
linkedin,"Embedded Software Engineer, Sennheiser (m/f/d)",Sonova Group,"Hannover, Lower Saxony, Germany",2026-09-08,https://www.linkedin.com/jobs/view/4464464854 , ,li-4464464854,fulltime,,,,,,False,mid-senior level,Engineering,,,Medical Equipment Manufacturing,https://ch.linkedin.com/company/sonovagroup,,,,,,,,,,,
linkedin,(Senior) Planungsingenieur Telekommunikationsanlagen Bahn (w/m/d),Arcadis,"Dresden, Saxony, Germany",2026-09-08,https://www.linkedin.com/jobs/view/4462524231 , ,li-4462524231,fulltime,,,,,,False,mid-senior level,Other,,,Professional Services,https://nl.linkedin.com/company/arcadis,,,,,,,,,,,
linkedin,Ingenieur für Sensor- und Messtechnik (m/w/d),NDT Global,"Stutensee, Baden-Württemberg, Germany",2026-09-08,https://www.linkedin.com/jobs/view/4354157552 , ,li-4354157552,fulltime,,,,,,False,mid-senior level,Management and Manufacturing,,,Energy Technology and Oil and Gas,https://ca.linkedin.com/company/ndt-global,,,,,,,,,,,
linkedin,Research Associate (m/f/d) at the Institute of Materials Physics and Technology,Hamburg University of Technology,"Hamburg, Hamburg, Germany",2026-09-08,https://www.linkedin.com/jobs/view/4464499586 , ,li-4464499586,fulltime,,,,,,False,entry level,"Research, Analyst, and Information Technology",,shan.shi@tuhh.de,Internet Publishing,https://de.linkedin.com/school/technische-universit%C3%A4t-hamburg/,,,,,,,,,,,
linkedin,Scientist in the field of optical fiber components,Fraunhofer IOSB,"Oberkochen, Baden-Württemberg, Germany",2026-09-08,https://www.linkedin.com/jobs/view/4327262908 , ,li-4327262908,parttime,,,,,,False,entry level,"Research, Analyst, and Information Technology",,,Research Services,https://de.linkedin.com/company/fraunhofer-iosb,,,,,,,,,,,
linkedin,Softwareentwickler C++ / Machine Vision (all gender) sz,ALTEN,"Munich, Bavaria, Germany",2026-09-08,https://www.linkedin.com/jobs/view/4462287260 , ,li-4462287260,fulltime,,,,,,False,associate,"Engineering, Quality Assurance, and Information Technology",,,Machinery Manufacturing and Aviation and Aerospace Component Manufacturing,https://fr.linkedin.com/company/alten,,,,,,,,,,,
linkedin,Masterrand/in (w/m/d) im Bereich Quanteninformationstechnologie,German Aerospace Center (DLR),"Oberpfaffenhofen, Bavaria, Germany",2026-09-08,https://www.linkedin.com/jobs/view/4464092472 , ,li-4464092472,fulltime,,,,,,False,entry level,Other,,,Research Services,https://de.linkedin.com/company/dlr,,,,,,,,,,,
linkedin,Coherent Systems Architect - Optical Modem Development and Optimization,Nokia,"Nuremberg, Bavaria, Germany",2026-09-08,https://www.linkedin.com/jobs/view/4434508866 , ,li-4434508866,fulltime,,,,,,False,not applicable,Engineering and Information Technology,,,IT Services and IT Consulting and Telecommunications,https://fi.linkedin.com/company/nokia,,,,,,,,,,,
linkedin,Test Engineer for Rocket Engine Test Stand - DAQS & Control (m/f/d),POLARIS Spaceplanes,"Bremen, Bremen, Germany",2026-09-08,https://www.linkedin.com/jobs/view/4462502537 , ,li-4462502537,fulltime,,,,,,False,associate,Engineering,,,Industrial Machinery Manufacturing,https://de.linkedin.com/company/polaris-spaceplanes,,,,,,,,,,,
linkedin,Systemingenieur / Systems Engineer Embedded Software (m/w/d),Product Pulse,"Düsseldorf, North Rhine-Westphalia, Germany",2026-09-08,https://www.linkedin.com/jobs/view/4463530029 , ,li-4463530029,fulltime,,,,,,False,entry level,Engineering,,,Automation Machinery Manufacturing,https://de.linkedin.com/company/product-pulse-consulting,,,,,,,,,,,
linkedin,Copernicus Data Processing IV&V Engineer - (CO2M),Terma Group,"Darmstadt, Hesse, Germany",2026-09-08,https://www.linkedin.com/jobs/view/4464617983 , ,li-4464617983,fulltime,,,,,,False,mid-senior level,"Engineering, Information Technology, and Science",,ta.space@terma.com,"Defense and Space Manufacturing, Space Research and Technology, and Aviation and Aerospace Component Manufacturing",https://dk.linkedin.com/company/terma-a-s,,,,,,,,,,,
linkedin,Senior Machine Learning Engineer – Radiologie-KI – Arbeitsgruppe Machine Learning,Universitätsmedizin Frankfurt,"Frankfurt, Hesse, Germany",2026-09-08,https://www.linkedin.com/jobs/view/4464608031 , ,li-4464608031,fulltime,,,,,,False,mid-senior level,Engineering and Information Technology,,bucher@med.uni,Hospitals and Health Care,https://de.linkedin.com/company/universit%C3%A4tsmedizin-frankfurt,,,,,,,,,,,
linkedin,Embedded Softwareentwickler C++ (m/w/d),SPECTRUM AG,"Munich, Bavaria, Germany",2026-09-08,https://www.linkedin.com/jobs/view/4462297695 , ,li-4462297695,fulltime,,,,,,False,entry level,Other,,,IT Services and IT Consulting,https://de.linkedin.com/company/spectrum-ag,,,,,,,,,,,
linkedin,Entwicklungsingenieur Messtechnik (m/w/d),HIGHVOLT Prüftechnik Dresden GmbH,"Dresden, Saxony, Germany",2026-09-08,https://www.linkedin.com/jobs/view/4464488185 , ,li-4464488185,fulltime,,,,,,False,mid-senior level,Product Management and Engineering,,,"Appliances, Electrical, and Electronics Manufacturing",https://de.linkedin.com/company/highvolt-pr%C3%BCftechnik-dresden-gmbh,,,,,,,,,,,
linkedin,Space Optics System Engineer,GMV,"Darmstadt, Hesse, Germany",2026-09-08,https://www.linkedin.com/jobs/view/4464464446 , ,li-4464464446,fulltime,,,,,,False,entry level,Information Technology and Engineering,,privacy@gmv.com,"Software Development, Computer and Network Security, and IT Services and IT Consulting",https://es.linkedin.com/company/gmv,,,,,,,,,,,
linkedin,(Senior) Planungsingenieur Telekommunikationsanlagen Bahn (w/m/d),Arcadis,"Frankfurt am Main, Hesse, Germany",2026-09-08,https://www.linkedin.com/jobs/view/4462523433 , ,li-4462523433,fulltime,,,,,,False,mid-senior level,Other,,,Professional Services,https://nl.linkedin.com/company/arcadis,,,,,,,,,,,
linkedin,Embedded Software (m/w/d) Engineer Wireless Systems 1,Rohde & Schwarz,"Berlin, Berlin, Germany",2026-09-08,https://www.linkedin.com/jobs/view/4463501895 , ,li-4463501895,fulltime,,,,,,False,not applicable,Engineering and Information Technology,,,Telecommunications,https://de.linkedin.com/company/rohde-schwarz,,,,,,,,,,,
linkedin,Firmware Engineer PCIe/NVMe Storage Controllers (m/f/d),Swissbit AG,,2026-09-08,https://www.linkedin.com/jobs/view/4418371018 , ,li-4418371018,fulltime,,,,,,False,mid-senior level,Engineering and Information Technology,,,Semiconductor Manufacturing,https://ch.linkedin.com/company/swissbit-ag,,,,,,,,,,,
linkedin,RF Antenna Engineer (m/w/d),ZeroPhase,"Munich, Bavaria, Germany",2026-09-08,https://www.linkedin.com/jobs/view/4463286715 , ,li-4463286715,fulltime,,,,,,False,mid-senior level,Engineering,,,"Telecommunications, Aviation and Aerospace Component Manufacturing, and Defense and Space Manufacturing",https://de.linkedin.com/company/zerophase-defense,,,,,,,,,,,
linkedin,"Entwicklungsingenieur (w/m/d) Hochfrequenztechnik, RF",TRUMPF,"Freiburg, Baden-Württemberg, Germany",2026-09-08,https://www.linkedin.com/jobs/view/4463564643 , ,li-4463564643,fulltime,,,,,,False,mid-senior level,Engineering and Information Technology,,david.brodkorb.external@trumpf.com,Machinery Manufacturing,https://www.linkedin.com/company/trumpf-se-co-kg,,,,,,,,,,,
linkedin,Entwicklungsingenieur HF- und Analogelektronik (all gender) 100,ALTEN,"Stuttgart, Baden-Württemberg, Germany",2026-09-08,https://www.linkedin.com/jobs/view/4462288179 , ,li-4462288179,fulltime,,,,,,False,associate,"Engineering, Quality Assurance, and Information Technology",,,Machinery Manufacturing and Aviation and Aerospace Component Manufacturing,https://fr.linkedin.com/company/alten,,,,,,,,,,,
linkedin,Principal Com-Sys Design Engineer,Microchip Technology Inc.,"Neu Ulm, Bavaria, Germany",2026-09-08,https://www.linkedin.com/jobs/view/4464472631 , ,li-4464472631,fulltime,,,,,,False,mid-senior level,Engineering,,,"Appliances, Electrical, and Electronics Manufacturing and Semiconductor Manufacturing",https://www.linkedin.com/company/microchip-technology,,,,,,,,,,,
linkedin,Principal Com-Sys Design Engineer,Microchip Technology Inc.,,2026-09-08,https://www.linkedin.com/jobs/view/4464474667 , ,li-4464474667,fulltime,,,,,,False,mid-senior level,Engineering,,,"Appliances, Electrical, and Electronics Manufacturing and Semiconductor Manufacturing",https://www.linkedin.com/company/microchip-technology,,,,,,,,,,,
linkedin,Modem System Test Engineer (m/f/d) – 6G/5G Air Interface  - Sulzbach am Taunus,Qualcomm,"Hofheim am Taunus, Hesse, Germany",2026-09-08,https://www.linkedin.com/jobs/view/4454270644 , ,li-4454270644,fulltime,,,,,,False,not applicable,Other,,-accomodations@qualcomm.com,Semiconductor Manufacturing,https://www.linkedin.com/company/qualcomm,,,,,,,,,,,
linkedin,Projektingenieur (m/w/d),8R,,2026-09-08,https://www.linkedin.com/jobs/view/4445469964 , ,li-4445469964,fulltime,,,,,,False,associate,Engineering and Project Management,,karriere@8R.de,Engineering Services,https://de.linkedin.com/company/8rpartners,,,,,,,,,,,
linkedin,Data Handling System Engineer (d/m/w),Airbus Defence and Space,"Immenstaad am Bodensee, Baden-Württemberg, Germany",2026-09-08,https://www.linkedin.com/jobs/view/4452547922 , ,li-4452547922,fulltime,,,,,,True,mid-senior level,Information Technology,,emsom@airbus.com,Defense and Space Manufacturing,https://www.linkedin.com/company/airbus-defence-and-space,,,,,,,,,,,
linkedin,Software-Entwickler Embedded (w/m/d) mit abgeschlossenem Informatik-Studium,DEOS AG,"Rheine, North Rhine-Westphalia, Germany",2026-09-07,https://www.linkedin.com/jobs/view/4463260032 , ,li-4463260032,fulltime,,,,,,False,mid-senior level,Engineering,,,"Appliances, Electrical, and Electronics Manufacturing, Information Services, and IT Services and IT Consulting",https://de.linkedin.com/company/deos-ag,,,,,,,,,,,
linkedin,Senior Embedded Software Engineer (C++) (f/m/d),Munich Electrification,"Munich, Bavaria, Germany",2026-09-07,https://www.linkedin.com/jobs/view/4373748250 , ,li-4373748250,fulltime,,,,,,False,mid-senior level,Engineering and Information Technology,,,"Appliances, Electrical, and Electronics Manufacturing",https://de.linkedin.com/company/munichelectrification,,,,,,,,,,,
linkedin,Embedded Software Engineer - Berlin,Better Devices,"Berlin, Germany",,https://www.linkedin.com/jobs/view/4464796864 , ,li-4464796864,fulltime,,,,,,False,entry level,Engineering and Information Technology,,,Engineering Services,https://de.linkedin.com/company/better-devices-gmbh,,,,,,,,,,,
linkedin,"Staff Firmware Engineer (m/f/d), Platform R&D",ARX Robotics,"Munich, Bavaria, Germany",,https://www.linkedin.com/jobs/view/4465216709 , ,li-4465216709,fulltime,,,,,,False,mid-senior level,Engineering and Information Technology,,,Defense and Space Manufacturing,https://de.linkedin.com/company/arx-robotics,,,,,,,,,,,
linkedin,Ingenieur für Embedded Software Entwicklung (m/w/d),Motorenfabrik Hatz,"Munich, Bavaria, Germany",,https://www.linkedin.com/jobs/view/4465799197 , ,li-4465799197,fulltime,,,,,,False,entry level,Engineering and Information Technology,,,Machinery Manufacturing,https://de.linkedin.com/company/motorenfabrik-hatz-gmbh-&-co-kg,,,,,,,,,,,
linkedin,"Staff Embedded Software Engineer (m/f/d), Safety & Security Platform",ARX Robotics,"Munich, Bavaria, Germany",,https://www.linkedin.com/jobs/view/4465228620 , ,li-4465228620,fulltime,,,,,,False,mid-senior level,Engineering and Information Technology,,,Defense and Space Manufacturing,https://de.linkedin.com/company/arx-robotics,,,,,,,,,,,
linkedin,"Staff Embedded Software Engineer (m/f/d), Safety & Security Platform",EngRadar,"Munich, Bavaria, Germany",,https://www.linkedin.com/jobs/view/4467205781 , ,li-4467205781,fulltime,,,,,,False,mid-senior level,Engineering and Information Technology,,,"Technology, Information and Internet",https://www.linkedin.com/company/engradar,,,,,,,,,,,
linkedin,Software Engineer,Legrand,"Zwickau, Saxony, Germany",,https://www.linkedin.com/jobs/view/4467256972 , ,li-4467256972,fulltime,,,,,,True,entry level,Engineering and Information Technology,,,"Appliances, Electrical, and Electronics Manufacturing",https://fr.linkedin.com/company/legrand,,,,,,,,,,,
linkedin,System Architect,Holt Executive Ltd,"Baden-Württemberg, Germany",,https://www.linkedin.com/jobs/view/4464783956 , ,li-4464783956,fulltime,,,,,,False,mid-senior level,,,,Defense and Space Manufacturing and Telecommunications,https://uk.linkedin.com/company/holt-executive-ltd,,,,,,,,,,,
linkedin,PreMaster - GapYear - Firmware-Entwicklung ctrlX DRIVE,Bosch,"Lohr, Bavaria, Germany",,https://www.linkedin.com/jobs/view/4465736734 , ,li-4465736734,fulltime,,,,,,False,not applicable,Engineering,,,Industrial Automation,https://de.linkedin.com/company/bosch,,,,,,,,,,,
linkedin,Camera Engineer,Helsing,"Munich, Bavaria, Germany",,https://www.linkedin.com/jobs/view/4445539475 , ,li-4445539475,fulltime,,,,,,True,mid-senior level,Management and Manufacturing,,,Software Development,https://de.linkedin.com/company/helsing,,,,,,,,,,,
linkedin,Multimodal Sensing and Fusion Engineer,Helsing,"Berlin, Berlin, Germany",,https://www.linkedin.com/jobs/view/4445519730 , ,li-4445519730,fulltime,,,,,,True,mid-senior level,Engineering and Information Technology,,,Software Development,https://de.linkedin.com/company/helsing,,,,,,,,,,,
linkedin,Multimodal Sensing and Fusion Engineer,Helsing,"Munich, Bavaria, Germany",,https://www.linkedin.com/jobs/view/4445539474 , ,li-4445539474,fulltime,,,,,,True,mid-senior level,Engineering and Information Technology,,,Software Development,https://de.linkedin.com/company/helsing,,,,,,,,,,,
linkedin,Staff Software Engineer,Helsing,"Berlin, Berlin, Germany",,https://www.linkedin.com/jobs/view/4435907268 , ,li-4435907268,fulltime,,,,,,False,mid-senior level,Engineering and Information Technology,,,Software Development,https://de.linkedin.com/company/helsing,,,,,,,,,,,
linkedin,Systems Engineer - Physical Products,Helsing,"Munich, Bavaria, Germany",,https://www.linkedin.com/jobs/view/4403234663 , ,li-4403234663,fulltime,,,,,,True,mid-senior level,Information Technology,,,Software Development,https://de.linkedin.com/company/helsing,,,,,,,,,,,
linkedin,Electronics Design Engineer (m/w/d),mamgo | Talente 🔗 Jobs,"Munich, Bavaria, Germany",,https://www.linkedin.com/jobs/view/4467219661 , ,li-4467219661,fulltime,,,,,,False,mid-senior level,Engineering and Information Technology,,,"Technology, Information and Internet",https://de.linkedin.com/company/mamgo-io,,,,,,,,,,,
linkedin,Distinguished ASIC Design Engineer,Astera Labs,,,https://www.linkedin.com/jobs/view/4447668077 , ,li-4447668077,fulltime,,,,,,False,mid-senior level,Engineering and Information Technology,,,Semiconductor Manufacturing,https://www.linkedin.com/company/astera-labs,,,,,,,,,,,
linkedin,Senior Principal ASIC Design Engineer,Astera Labs,,,https://www.linkedin.com/jobs/view/4447661201 , ,li-4447661201,fulltime,,,,,,False,mid-senior level,Engineering and Information Technology,,,Semiconductor Manufacturing,https://www.linkedin.com/company/astera-labs,,,,,,,,,,,
linkedin,Analog / RF / High-Speed IC Design Engineer (f/m/d),Black Semiconductor,"Aachen, North Rhine-Westphalia, Germany",,https://www.linkedin.com/jobs/view/4467208704 , ,li-4467208704,fulltime,,,,,,False,mid-senior level,Engineering and Information Technology,,,Semiconductor Manufacturing,https://de.linkedin.com/company/black-semiconductor,,,,,,,,,,,
linkedin,Senior Elektronikentwickler:in (m/w/d),Frickly Systems GmbH,"Stuttgart, Baden-Württemberg, Germany",,https://www.linkedin.com/jobs/view/4467070833 , ,li-4467070833,fulltime,,,,,,True,mid-senior level,Engineering and Information Technology,,,Computers and Electronics Manufacturing,https://de.linkedin.com/company/frickly-systems,,,,,,,,,,,
linkedin,Senior Entwicklungsingenieur Elektrik/Elektronik Truck (m/w/d),UNO MINDA Systems GmbH,"Munich, Bavaria, Germany",,https://www.linkedin.com/jobs/view/4467035504 , ,li-4467035504,fulltime,,,,,,False,mid-senior level,Engineering and Information Technology,,,Automotive,https://de.linkedin.com/company/uno-minda-systems-gmbh,,,,,,,,,,,
linkedin,Principal SerDes System/DSP Design Engineer,Ciena,,,https://www.linkedin.com/jobs/view/4370239717 , ,li-4370239717,fulltime,,,,,,False,mid-senior level,Education and Training,,,Telecommunications,https://www.linkedin.com/company/ciena,,,,,,,,,,,
linkedin,Founding LPA Engineer (m/f/d),MuRay Tech,"Hamburg, Germany",,https://www.linkedin.com/jobs/view/4467050130 , ,li-4467050130,fulltime,,,,,,False,mid-senior level,Engineering and Information Technology,,,Manufacturing,https://de.linkedin.com/company/muraytech,,,,,,,,,,,
linkedin,Camera Engineer,Helsing,"Berlin, Berlin, Germany",,https://www.linkedin.com/jobs/view/4445532549 , ,li-4445532549,fulltime,,,,,,True,mid-senior level,Management and Manufacturing,,,Software Development,https://de.linkedin.com/company/helsing,,,,,,,,,,,
linkedin,Power Electronics Engineer – Defence / HV Electronics,Optimus Search,"Baden-Württemberg, Germany",,https://www.linkedin.com/jobs/view/4464784912 , ,li-4464784912,fulltime,,,,,,False,mid-senior level,,,,"Engineering Services, Defense and Space Manufacturing, and Electric Power Transmission, Control, and Distribution",https://uk.linkedin.com/company/optimus-search,,,,,,,,,,,
linkedin,Power Electronics Engineer – Rail / Traction / Auxiliary Power,Optimus Search,"Baden-Württemberg, Germany",,https://www.linkedin.com/jobs/view/4464795941 , ,li-4464795941,fulltime,,,,,,False,mid-senior level,,,,"Engineering Services, Rail Transportation, and Retail Appliances, Electrical, and Electronic Equipment",https://uk.linkedin.com/company/optimus-search,,,,,,,,,,,
linkedin,Avionics Hardware Engineer,Helsing,"Munich, Bavaria, Germany",,https://www.linkedin.com/jobs/view/4417978173 , ,li-4417978173,fulltime,,,,,,True,mid-senior level,Engineering and Information Technology,,,Software Development,https://de.linkedin.com/company/helsing,,,,,,,,,,,
linkedin,Power Electronics Engineer – Aerospace / eVTOL,Optimus Search,"Bavaria, Germany",,https://www.linkedin.com/jobs/view/4465211034 , ,li-4465211034,fulltime,,,,,,False,mid-senior level,,,,Engineering Services and Electric Power Generation,https://uk.linkedin.com/company/optimus-search,,,,,,,,,,,
linkedin,Radio Engineer,Helsing,"Munich, Bavaria, Germany",,https://www.linkedin.com/jobs/view/4434855057 , ,li-4434855057,fulltime,,,,,,True,mid-senior level,Engineering and Information Technology,,,Software Development,https://de.linkedin.com/company/helsing,,,,,,,,,,,
linkedin,Mechanisms Engineer - Solar Arrays,Zero to One Search | Recruitment Agency,"Germering, Bavaria, Germany",,https://www.linkedin.com/jobs/view/4464772582 , ,li-4464772582,fulltime,,,,,,False,mid-senior level,Quality Assurance,,,Defense and Space Manufacturing,https://de.linkedin.com/company/zero-to-one-search,,,,,,,,,,,
linkedin,AI Research Engineer - ML & Signal Processing,Helsing,"Berlin, Berlin, Germany",,https://www.linkedin.com/jobs/view/4316259871 , ,li-4316259871,fulltime,,,,,,True,mid-senior level,Engineering and Information Technology,,,Software Development,https://de.linkedin.com/company/helsing,,,,,,,,,,,
linkedin,Embedded Developer,SBG Associates,"Immenstaad am Bodensee, Baden-Württemberg, Germany",,https://www.linkedin.com/jobs/view/4463024327 , ,li-4463024327,fulltime,,,,,,False,mid-senior level,Information Technology,,,Software Development,https://uk.linkedin.com/company/sbg-associates,,,,,,,,,,,
linkedin,Postdoctoral Researcher in Multi-Robot Systems,University of Konstanz,"Constance, Baden-Württemberg, Germany",,https://www.linkedin.com/jobs/view/4467078508 , ,li-4467078508,fulltime,,,,,,False,internship,"Research, Analyst, and Information Technology",,,Internet Publishing,https://de.linkedin.com/school/university-of-konstanz/,,,,,,,,,,,
linkedin,Copernicus Data Processing IV&V Engineer - (CO2M) (m/f/d) Ref. No. 26-84459,Terma Group,,,https://www.linkedin.com/jobs/view/4465775389 , ,li-4465775389,fulltime,,,,,,False,associate,"Research, Science, and Engineering",,ta.space@terma.com,"Defense and Space Manufacturing, Airlines and Aviation, and IT Services and IT Consulting",https://dk.linkedin.com/company/terma-a-s,,,,,,,,,,,
linkedin,Lead Systems Engineer - Active RF Sensing,Helsing,"Munich, Bavaria, Germany",,https://www.linkedin.com/jobs/view/4427381561 , ,li-4427381561,fulltime,,,,,,False,mid-senior level,Engineering and Information Technology,,,Software Development,https://de.linkedin.com/company/helsing,,,,,,,,,,,
linkedin,Entwicklungsingenieur (m/w/d) Hardware,Pepperl+Fuchs Group,"Hamburg, Hamburg, Germany",,https://www.linkedin.com/jobs/view/4467070492 , ,li-4467070492,fulltime,,,,,,False,entry level,Engineering and Information Technology,,,Automation Machinery Manufacturing,https://de.linkedin.com/company/pepperl-fuchs-group,,,,,,,,,,,
linkedin,Entwickler:in/ Programmierer:in (m/w/d),OMAG Maschinenbau GmbH,"Emden, Lower Saxony, Germany",,https://www.linkedin.com/jobs/view/4466105082 , ,li-4466105082,fulltime,,,,,,False,entry level,Engineering and Information Technology,,personal@omag.de,Machinery Manufacturing,https://de.linkedin.com/company/omag-maschinenbau-gmbh,,,,,,,,,,,
linkedin,Avionics System Integration and Design Engineer (m/f/d),POLARIS Spaceplanes,"Bremen, Bremen, Germany",,https://www.linkedin.com/jobs/view/4464799753 , ,li-4464799753,fulltime,,,,,,False,entry level,Engineering,,,Industrial Machinery Manufacturing,https://de.linkedin.com/company/polaris-spaceplanes,,,,,,,,,,,
linkedin,Systems Engineer - Electromagnetic Interference (EMI),Helsing,"Munich, Bavaria, Germany",,https://www.linkedin.com/jobs/view/4410382953 , ,li-4410382953,fulltime,,,,,,True,mid-senior level,Information Technology,,,Software Development,https://de.linkedin.com/company/helsing,,,,,,,,,,,
linkedin,Systems Architect - Electronic Warfare,Helsing,"Munich, Bavaria, Germany",,https://www.linkedin.com/jobs/view/4363998901 , ,li-4363998901,fulltime,,,,,,True,mid-senior level,Engineering and Information Technology,,,Software Development,https://de.linkedin.com/company/helsing,,,,,,,,,,,
linkedin,Software Engineer - Ground to Air HMI,Helsing,"Berlin, Berlin, Germany",,https://www.linkedin.com/jobs/view/4350296200 , ,li-4350296200,fulltime,,,,,,False,mid-senior level,Engineering and Information Technology,,,Software Development,https://de.linkedin.com/company/helsing,,,,,,,,,,,
linkedin,Senior Robotics Research Engineer - Foundation Models & Agentic Systems (m/w/d),BWI GmbH,"Berlin, Berlin, Germany",,https://www.linkedin.com/jobs/view/4467066102 , ,li-4467066102,fulltime,,,,,,False,mid-senior level,Engineering and Information Technology,,,IT Services and IT Consulting,https://de.linkedin.com/company/bwi-gmbh,,,,,,,,,,,
linkedin,Field Application Engineer (w/m/d),FRAMOS,"Munich, Bavaria, Germany",,https://www.linkedin.com/jobs/view/4465202400 , ,li-4465202400,fulltime,,,,,,True,associate,Sales and Engineering,,,"Technology, Information and Media and Robotics Engineering",https://de.linkedin.com/company/framos-gmbh,,,,,,,,,,,
linkedin,Research Assistant (praedoc) (f/m/d) (DM-PHY-912),Freie Universität Berlin,"Berlin, Berlin, Germany",,https://www.linkedin.com/jobs/view/4464771178 , ,li-4464771178,parttime,,,,,,False,entry level,"Research, Analyst, and Information Technology",,"brouwer@physik.fu, brouwer@physik.fu",Research Services,https://de.linkedin.com/school/freie-universitat-berlin/,,,,,,,,,,,
linkedin,RF & EMC Engineer,Helsing,"Munich, Bavaria, Germany",,https://www.linkedin.com/jobs/view/4417959663 , ,li-4417959663,fulltime,,,,,,True,mid-senior level,Engineering and Information Technology,,,Software Development,https://de.linkedin.com/company/helsing,,,,,,,,,,,
linkedin,RF Test & Validation Engineer - Mobilfunktechnologien (m/w/d),Akkodis,"Munich, Bavaria, Germany",,https://www.linkedin.com/jobs/view/4467077725 , ,li-4467077725,fulltime,,,,,,False,not applicable,Information Technology,,,"Technology, Information and Internet",https://www.linkedin.com/company/akkodis,,,,,,,,,,,
linkedin,R&D Engineer (Analog Circuit Board Design),Keysight Technologies,"Böblingen, Baden-Württemberg, Germany",,https://www.linkedin.com/jobs/view/4464794758 , ,li-4464794758,fulltime,,,,,,False,mid-senior level,,,,"Appliances, Electrical, and Electronics Manufacturing",https://www.linkedin.com/company/keysight-technologies,,,,,,,,,,,
linkedin,Mission Systems Technician,Jobgether,,,https://www.linkedin.com/jobs/view/4465495696 , ,li-4465495696,fulltime,,,,,,True,mid-senior level,Engineering and Information Technology,,,Internet Marketplace Platforms,https://be.linkedin.com/company/jobgether,,,,,,,,,,,
linkedin,Research Assistant (m/f/d) - Compute-in-Memory Architectures,Universität Rostock,"Rostock, Mecklenburg-West Pomerania, Germany",,https://www.linkedin.com/jobs/view/4467223948 , ,li-4467223948,fulltime,,,,,,False,entry level,"Research, Analyst, and Information Technology",,,Internet Publishing,https://de.linkedin.com/school/university-of-rostock/,,,,,,,,,,,
linkedin,Senior UICC/eUICC/eSIM Engineer,emnify,"Berlin, Germany",,https://www.linkedin.com/jobs/view/4465207733 , ,li-4465207733,fulltime,,,,,,True,mid-senior level,Product Management,,,Telecommunications and Software Development,https://de.linkedin.com/company/emnify,,,,,,,,,,,
linkedin,EMC Engineer (f/m/d),NXP Semiconductors,"Munich, Bavaria, Germany",,https://www.linkedin.com/jobs/view/4402531935 , ,li-4402531935,fulltime,,,,,,False,mid-senior level,Engineering and Information Technology,,,"Semiconductor Manufacturing, Computers and Electronics Manufacturing, and Software Development",https://nl.linkedin.com/company/nxp-semiconductors,,,,,,,,,,,
linkedin,Power Electronics Engineer – Data Centres / UPS / DC Distribution,Optimus Search,"Bavaria, Germany",,https://www.linkedin.com/jobs/view/4465225043 , ,li-4465225043,fulltime,,,,,,False,mid-senior level,,,,Engineering Services,https://uk.linkedin.com/company/optimus-search,,,,,,,,,,,
linkedin,Design Engineer - Electronics,Helsing,"Munich, Bavaria, Germany",,https://www.linkedin.com/jobs/view/4288518417 , ,li-4288518417,fulltime,,,,,,False,entry level,Engineering and Information Technology,,,Software Development,https://de.linkedin.com/company/helsing,,,,,,,,,,,
linkedin,Power Electronics Engineer – Robotics / Machinery / Servo Drives,Optimus Search,"Bavaria, Germany",,https://www.linkedin.com/jobs/view/4465214145 , ,li-4465214145,fulltime,,,,,,False,mid-senior level,,,,Robotics Engineering and Engineering Services,https://uk.linkedin.com/company/optimus-search,,,,,,,,,,,
linkedin,Charging Infrastructure Engineer – AC/DC / Fast Charging / HV DC,Optimus Search,"Bavaria, Germany",,https://www.linkedin.com/jobs/view/4465205653 , ,li-4465205653,fulltime,,,,,,False,mid-senior level,,,,"Engineering Services and Electric Power Transmission, Control, and Distribution",https://uk.linkedin.com/company/optimus-search,,,,,,,,,,,
