site,title,company,location,date_posted,job_url,job_url_direct,id,job_type,salary_source,interval,min_amount,max_amount,currency,is_remote,job_level,job_function,listing_type,emails,company_industry,company_url,company_url_direct,company_addresses,company_num_employees,company_revenue,company_description,skills,experience_range,company_rating,company_reviews_count,vacancy_count,work_from_home_type
linkedin,Embedded & Firmware Engineer (Mensch),NEURA Robotics,"Riederich, Baden-Württemberg, Germany",2026-09-22,https://www.linkedin.com/jobs/view/4422965275 , ,li-4422965275,fulltime,,,,,,False,mid-senior level,Engineering and Information Technology,,,Automation Machinery Manufacturing,https://de.linkedin.com/company/neura-robotics,,,,,,,,,,,
linkedin,Design Engineer - Road Bikes,Specialized Bicycle Components,,2026-09-22,https://www.linkedin.com/jobs/view/4470417696 , ,li-4470417696,fulltime,,,,,,False,mid-senior level,Engineering and Information Technology,,,Retail,https://www.linkedin.com/company/specialized-bicycle-components,,,,,,,,,,,
linkedin,Thermal Management System Engineer (m/f/d),Nikon SLM Solutions,"Lübeck, Schleswig-Holstein, Germany",2026-09-22,https://www.linkedin.com/jobs/view/4458392061 , ,li-4458392061,fulltime,,,,,,False,mid-senior level,Engineering,,,Industrial Machinery Manufacturing,https://de.linkedin.com/company/nikonslmsolutions,,,,,,,,,,,
linkedin,Subsystem Architect - Stages EUV (f/m/x),ZEISS Group,"Jena, Thuringia, Germany",2026-09-22,https://www.linkedin.com/jobs/view/4468533349 , ,li-4468533349,fulltime,,,,,,False,mid-senior level,"Engineering, Information Technology, and Other",,,"Appliances, Electrical, and Electronics Manufacturing",https://de.linkedin.com/company/zeiss,,,,,,,,,,,
linkedin,Elektrokonstrukteur (m/w/d),mamgo | Talente 🔗 Jobs,"Starnberg, Bavaria, Germany",2026-09-22,https://www.linkedin.com/jobs/view/4470299870 , ,li-4470299870,fulltime,,,,,,False,entry level,Engineering and Information Technology,,,"Technology, Information and Internet",https://de.linkedin.com/company/mamgo-io,,,,,,,,,,,
linkedin,Senior HW System Engineer (m/w/d),Rohde & Schwarz,"Siegburg, North Rhine-Westphalia, Germany",2026-09-22,https://www.linkedin.com/jobs/view/4461214636 , ,li-4461214636,fulltime,,,,,,False,not applicable,Engineering and Information Technology,,,Telecommunications,https://de.linkedin.com/company/rohde-schwarz,,,,,,,,,,,
linkedin,Photonics IC Team Lead,Langham Recruitment,,2026-09-22,https://www.linkedin.com/jobs/view/4447398315 , ,li-4447398315,fulltime,,,,,,False,mid-senior level,Engineering and Information Technology,,,"Semiconductor Manufacturing, Computers and Electronics Manufacturing, and Computer Hardware Manufacturing",https://uk.linkedin.com/company/langham-recruitment,,,,,,,,,,,
linkedin,Konstrukteur (m/w/d),DORST Technologies GmbH,"Kochel, Bavaria, Germany",2026-09-22,https://www.linkedin.com/jobs/view/4468908774 , ,li-4468908774,fulltime,,,,,,False,entry level,Engineering,,,Machinery Manufacturing,https://de.linkedin.com/company/dorst-technologies,,,,,,,,,,,
linkedin,Elektrokonstrukteur (m/w/d) z. B. Eplan P8,MGA Ingenieurdienstleistungen GmbH,"Bielefeld, North Rhine-Westphalia, Germany",2026-09-22,https://www.linkedin.com/jobs/view/4468516586 , ,li-4468516586,fulltime,,,,,,False,entry level,Engineering and Information Technology,,,Industrial Automation,https://www.linkedin.com/company/mga-ingenieurdienstleistungen-gmbh,,,,,,,,,,,
linkedin,System Engineer – Laser & Plasma Light Sources,Optimus Search,"Frankfurt, Hesse, Germany",2026-09-22,https://www.linkedin.com/jobs/view/4468555984 , ,li-4468555984,fulltime,,,,,,False,mid-senior level,,,,Magnetic and Optical Media Manufacturing,https://uk.linkedin.com/company/optimus-search,,,,,,,,,,,
linkedin,Power Electronics Engineer,Akronos Technologies,"North Rhine-Westphalia, Germany",2026-09-22,https://www.linkedin.com/jobs/view/4470480009 , ,li-4470480009,fulltime,,,,,,False,mid-senior level,,,,IT Services and IT Consulting,https://it.linkedin.com/company/akronos-tech,,,,,,,,,,,
linkedin,Konstrukteur Elektrotechnik (m/w/d),DATRON AG,"Ober-Ramstadt, Hesse, Germany",2026-09-22,https://www.linkedin.com/jobs/view/4468565215 , ,li-4468565215,fulltime,,,,,,False,associate,Engineering,,karriere@datron.de,"Transportation, Logistics, Supply Chain and Storage",https://de.linkedin.com/company/datron-ag,,,,,,,,,,,
linkedin,Senior Digital Design Engineer (m/f/x),WORK Microwave,"Holzkirchen, Bavaria, Germany",2026-09-22,https://www.linkedin.com/jobs/view/4450326831 , ,li-4450326831,fulltime,,,,,,False,mid-senior level,Engineering and Information Technology,,,Defense and Space Manufacturing,https://de.linkedin.com/company/work-microwave-gmbh,,,,,,,,,,,
linkedin,Systems Engineer Avionics (m/w/d),AIP SERVICES GmbH,"Wessling, Bavaria, Germany",2026-09-22,https://www.linkedin.com/jobs/view/4468511577 , ,li-4468511577,fulltime,,,,,,False,entry level,Engineering,,,Retail,https://de.linkedin.com/company/metrica-services-gmbh,,,,,,,,,,,
linkedin,Digital IP Design Engineer (f/m/d),NXP Semiconductors,"Munich, Bavaria, Germany",2026-09-22,https://www.linkedin.com/jobs/view/4470445422 , ,li-4470445422,fulltime,,,,,,False,mid-senior level,Engineering and Information Technology,,,"Semiconductor Manufacturing, Computers and Electronics Manufacturing, and Software Development",https://nl.linkedin.com/company/nxp-semiconductors,,,,,,,,,,,
linkedin,Senior Digital Hardware Design Engineer (m/f/d),WORK Microwave,"Holzkirchen, Bavaria, Germany",2026-09-22,https://www.linkedin.com/jobs/view/4323204533 , ,li-4323204533,fulltime,,,,,,False,mid-senior level,Engineering and Information Technology,,,Defense and Space Manufacturing,https://de.linkedin.com/company/work-microwave-gmbh,,,,,,,,,,,
linkedin,Senior Hardware Engineer (m/w/d) Robotik,Amoria Bond,"Berlin, Berlin, Germany",2026-09-22,https://www.linkedin.com/jobs/view/4468541972 , ,li-4468541972,fulltime,,,,,,False,associate,,,,"Communications Equipment Manufacturing, Defense and Space Manufacturing, and Appliances, Electrical, and Electronics Manufacturing",https://uk.linkedin.com/company/amoria-bond,,,,,,,,,,,
linkedin,PCB Design & Electrical Engineer (human),NEURA Robotics,"Riederich, Baden-Württemberg, Germany",2026-09-22,https://www.linkedin.com/jobs/view/4422959405 , ,li-4422959405,fulltime,,,,,,False,mid-senior level,Engineering and Information Technology,,,Automation Machinery Manufacturing,https://de.linkedin.com/company/neura-robotics,,,,,,,,,,,
linkedin,Elektronikentwickler (m/w/d),Eugen Forschner GmbH,"Spaichingen, Baden-Württemberg, Germany",2026-09-22,https://www.linkedin.com/jobs/view/4470227895 , ,li-4470227895,fulltime,,,,,,False,mid-senior level,Research,,,Motor Vehicle Manufacturing,https://de.linkedin.com/company/forschner-group,,,,,,,,,,,
linkedin,Hardwareentwickler (m/w/d),Eugen Forschner GmbH,"Spaichingen, Baden-Württemberg, Germany",2026-09-22,https://www.linkedin.com/jobs/view/4470238532 , ,li-4470238532,fulltime,,,,,,False,mid-senior level,Research,,,Motor Vehicle Manufacturing,https://de.linkedin.com/company/forschner-group,,,,,,,,,,,
linkedin,R&D Layouter (m/w/d) im Bereich Fieldbus Technology,Pepperl+Fuchs Group,"Mannheim, Baden-Württemberg, Germany",2026-09-22,https://www.linkedin.com/jobs/view/4439356966 , ,li-4439356966,fulltime,,,,,,False,entry level,"Research, Analyst, and Information Technology",,,Automation Machinery Manufacturing,https://de.linkedin.com/company/pepperl-fuchs-group,,,,,,,,,,,
linkedin,Senior Elektroingenieur Schaltungstechnik (m/w/d),mamgo | Talente 🔗 Jobs,"Rostock, Mecklenburg-West Pomerania, Germany",2026-09-22,https://www.linkedin.com/jobs/view/4470254263 , ,li-4470254263,fulltime,,,,,,False,mid-senior level,Engineering and Information Technology,,,"Technology, Information and Internet",https://de.linkedin.com/company/mamgo-io,,,,,,,,,,,
linkedin,Hardware Architect - Cognitive Robotics (human),NEURA Robotics,"Riederich, Baden-Württemberg, Germany",2026-09-22,https://www.linkedin.com/jobs/view/4422948633 , ,li-4422948633,fulltime,,,,,,False,mid-senior level,Engineering and Information Technology,,,Automation Machinery Manufacturing,https://de.linkedin.com/company/neura-robotics,,,,,,,,,,,
linkedin,Versuchsingenieur (m/w/d) Komponente & Systeme,expertum Gruppe,"Zschopau, Saxony, Germany",2026-09-22,https://www.linkedin.com/jobs/view/4470415080 , ,li-4470415080,fulltime,,,,,,False,mid-senior level,Engineering and Information Technology,,,Staffing and Recruiting,https://de.linkedin.com/company/expertumgruppe,,,,,,,,,,,
linkedin,Konstrukteur Schiff- und Maschinenbau (m/w/d),Atlas Titan,"Emden, Lower Saxony, Germany",2026-09-22,https://www.linkedin.com/jobs/view/4459518211 , ,li-4459518211,fulltime,,,,,,False,entry level,Engineering and Information Technology,,,Business Consulting and Services,https://de.linkedin.com/company/atlas-titan,,,,,,,,,,,
linkedin,Teamleiter Hardware & Elektronikentwicklung (m/w/d),Real,"Würzburg, Bavaria, Germany",2026-09-22,https://www.linkedin.com/jobs/view/4470465305 , ,li-4470465305,fulltime,,,,,,False,not applicable,Research,,,Medical Equipment Manufacturing,https://uk.linkedin.com/company/real-staffing-group,,,,,,,,,,,
linkedin,"Spezialist:in als Projektingenieur:in Telekommunikation
 
neu",DB Projekt Stuttgart-Ulm GmbH,"Stuttgart, Baden-Württemberg, Germany",2026-09-22,https://www.linkedin.com/jobs/view/4470464151 , ,li-4470464151,fulltime,,,,,,False,mid-senior level,Engineering and Information Technology,,,Rail Transportation,https://de.linkedin.com/company/db-projekt-stuttgart-ulm-gmbh,,,,,,,,,,,
linkedin,Spezialist:in Planungsingenieur:in Telekommunikation,Deutsche Bahn,"Stuttgart, Baden-Württemberg, Germany",2026-09-22,https://www.linkedin.com/jobs/view/4232072198 , ,li-4232072198,fulltime,,,,,,False,mid-senior level,Management and Manufacturing,,,Truck Transportation,https://de.linkedin.com/company/deutschebahn,,,,,,,,,,,
linkedin,Doktorand*in (w/m/d) Project Quantification of Positronium Lifetime as a Novel Imaging Biomarker,Siemens Healthineers,"Tübingen, Baden-Württemberg, Germany",2026-09-22,https://www.linkedin.com/jobs/view/4459226788 , ,li-4459226788,fulltime,,,,,,False,mid-senior level,Product Management,,,"Medical Equipment Manufacturing, Hospitals and Health Care, and Biotechnology Research",https://de.linkedin.com/company/siemens-healthineers,,,,,,,,,,,
linkedin,Application Engineer (m/f/d),Brooks Automation,"Steisslingen, Baden-Württemberg, Germany",2026-09-22,https://www.linkedin.com/jobs/view/4449559732 , ,li-4449559732,fulltime,,,,,,False,entry level,Engineering and Information Technology,,talentattraction@brooks.com,Semiconductor Manufacturing,https://www.linkedin.com/company/brooks-automation,,,,,,,,,,,
linkedin,Smart Factory Expert (Mensch),NEURA Robotics,"Riederich, Baden-Württemberg, Germany",2026-09-22,https://www.linkedin.com/jobs/view/4450634591 , ,li-4450634591,fulltime,,,,,,False,entry level,Other,,,Automation Machinery Manufacturing,https://de.linkedin.com/company/neura-robotics,,,,,,,,,,,
linkedin,System Integration Engineer Funkkommunikation (m/w/d) Verteidigungsindustrie,Amoria Bond,"Ulm, Baden-Württemberg, Germany",2026-09-22,https://www.linkedin.com/jobs/view/4468917223 , ,li-4468917223,fulltime,,,,,,False,associate,"Engineering, Information Technology, and Human Resources",,,"Defense and Space Manufacturing, Aviation and Aerospace Component Manufacturing, and Human Resources Services",https://uk.linkedin.com/company/amoria-bond,,,,,,,,,,,
linkedin,RF Test & Measurement Engineer  (m/f/d) Device under Test,Harvey Nash,,2026-09-22,https://www.linkedin.com/jobs/view/4468739703 , ,li-4468739703,fulltime,,,,,,True,associate,Engineering,,aspasia.joannidou@nashdirect.de,"Telecommunications and Technology, Information and Media",https://uk.linkedin.com/company/harvey-nash,,,,,,,,,,,
linkedin,Quantum Error Correction Scientist (f/m/d),eleQtron,"Hamburg, Hamburg, Germany",2026-09-22,https://www.linkedin.com/jobs/view/4434975120 , ,li-4434975120,fulltime,,,,,,False,mid-senior level,Information Technology,,,IT Services and IT Consulting,https://de.linkedin.com/company/eleqtron-qc,,,,,,,,,,,
linkedin,"Wissenschaftliche*r Mitarbeiter*in (m/w/d) im Forschungsprojekt ""ProSys OSVP""",Hamm-Lippstadt University of Applied Sciences,"Hamm, North Rhine-Westphalia, Germany",2026-09-22,https://www.linkedin.com/jobs/view/4470413851 , ,li-4470413851,fulltime,,,,,,False,mid-senior level,"Research, Analyst, and Information Technology",,,Higher Education,https://de.linkedin.com/school/hochschule-hamm-lippstadt/,,,,,,,,,,,
linkedin,"Dynamics, System Identification & Estimation Engineer - PLA (Mensch)",NEURA Robotics,"Riederich, Baden-Württemberg, Germany",2026-09-22,https://www.linkedin.com/jobs/view/4422954503 , ,li-4422954503,fulltime,,,,,,False,mid-senior level,Management and Manufacturing,,,Automation Machinery Manufacturing,https://de.linkedin.com/company/neura-robotics,,,,,,,,,,,
linkedin,Masterrand/in (w/m/d) Ortung von Zügen mit dem zukünftigen mobilen Kommunikationssystem,German Aerospace Center (DLR),"Oberpfaffenhofen, Bavaria, Germany",2026-09-22,https://www.linkedin.com/jobs/view/4470611385 , ,li-4470611385,fulltime,,,,,,False,internship,Other,,,Research Services,https://de.linkedin.com/company/dlr,,,,,,,,,,,
linkedin,PostDoc (m/f/d) for “Safe and Networked Control for AI-Assisted Teleoperation,Technische Universität München (Technical University of Munich),"Munich, Bavaria, Germany",2026-09-22,https://www.linkedin.com/jobs/view/4468779574 , ,li-4468779574,fulltime,,,,,,True,not applicable,Accounting/Auditing and Finance,,hamid.sadeghian@tum.de,Higher Education,https://de.linkedin.com/school/c446-deccan-m.ed-college-gulbarga/,,,,,,,,,,,
linkedin,Elektronikingenieur (w/m/d),OKM Detectors,"Altenburg, Thuringia, Germany",2026-09-22,https://www.linkedin.com/jobs/view/4468908193 , ,li-4468908193,fulltime,,,,,,False,entry level,Information Technology,,,International Trade and Development,https://de.linkedin.com/company/okmdetectors,,,,,,,,,,,
linkedin,Software Engineer - specializing in radar signal processing,Guldberg GmbH,"Ulm, Baden-Württemberg, Germany",2026-09-22,https://www.linkedin.com/jobs/view/4468570574 , ,li-4468570574,fulltime,,,,,,False,associate,,,,Defense and Space Manufacturing,https://de.linkedin.com/company/guldberggmbh,,,,,,,,,,,
linkedin,Entwicklungsingenieur (w/m/d) RF Power Amplifier Design,TRUMPF,"Freiburg, Baden-Württemberg, Germany",2026-09-22,https://www.linkedin.com/jobs/view/4469037251 , ,li-4469037251,fulltime,,,,,,False,entry level,Engineering and Information Technology,,david.brodkorb.external@trumpf.com,Machinery Manufacturing,https://www.linkedin.com/company/trumpf-se-co-kg,,,,,,,,,,,
linkedin,Experienced Cellular RF Receiver Engineer (m/f/d),Apple,"Munich, Bavaria, Germany",2026-09-22,https://www.linkedin.com/jobs/view/4468787510 , ,li-4468787510,fulltime,,,,,,False,mid-senior level,Management and Manufacturing,,,Computers and Electronics Manufacturing,https://www.linkedin.com/company/apple,,,,,,,,,,,
linkedin,Systemingenieur (m/w/d) im Bereich Funkkommunikation / Avionik (zivile Luftfahrt),Amoria Bond,,2026-09-22,https://www.linkedin.com/jobs/view/4468915445 , ,li-4468915445,fulltime,,,,,,False,associate,"Engineering, Information Technology, and Human Resources",,,"Aviation and Aerospace Component Manufacturing, Airlines and Aviation, and Human Resources Services",https://uk.linkedin.com/company/amoria-bond,,,,,,,,,,,
linkedin,"Senior Firmware Engineer, Industrial Robotics Group",Amazon,"Munich, Bavaria, Germany",2026-09-22,https://www.linkedin.com/jobs/view/4470476821 , ,li-4470476821,fulltime,,,,,,False,mid-senior level,"Information Technology, Consulting, and Engineering",,,Software Development,https://www.linkedin.com/company/amazon,,,,,,,,,,,
linkedin,Senior RF IC Design Validation and Test Engineer,indie.inc,"Nuremberg, Bavaria, Germany",2026-09-22,https://www.linkedin.com/jobs/view/4384893164 , ,li-4384893164,fulltime,,,,,,False,mid-senior level,Engineering and Information Technology,,,Semiconductor Manufacturing,https://www.linkedin.com/company/indieinc,,,,,,,,,,,
linkedin,5G SA Roaming Expert,emnify,"Berlin, Germany",2026-09-22,https://www.linkedin.com/jobs/view/4468537887 , ,li-4468537887,fulltime,,,,,,False,mid-senior level,,,,Telecommunications,https://de.linkedin.com/company/emnify,,,,,,,,,,,
linkedin,Product Manager,SBG Associates,"Immenstadt, Bavaria, Germany",2026-09-22,https://www.linkedin.com/jobs/view/4468585029 , ,li-4468585029,fulltime,,,,,,True,mid-senior level,,,,Software Development,https://uk.linkedin.com/company/sbg-associates,,,,,,,,,,,
linkedin,Senior Electronics Developer - Power Electronics (m/w/d),Saab,"Nuremberg, Bavaria, Germany",2026-09-22,https://www.linkedin.com/jobs/view/4452452241 , ,li-4452452241,fulltime,,,,,,False,not applicable,Engineering and Information Technology,,,"Defense and Space Manufacturing, Security and Investigations, and IT Services and IT Consulting",https://se.linkedin.com/company/saab,,,,,,,,,,,
linkedin,Entwicklungsingenieur - Leistungselektronik Luftfahrt (m/w/d),SII Germany,"Altenstadt, Hesse, Germany",2026-09-22,https://www.linkedin.com/jobs/view/4461294607 , ,li-4461294607,fulltime,,,,,,False,entry level,Engineering and Information Technology,,,IT Services and IT Consulting,https://de.linkedin.com/company/sii-germany,,,,,,,,,,,
linkedin,"Projektingenieur Elektrik/ Elektronik, all genders",SALT AND PEPPER Group,"Osnabrück, Lower Saxony, Germany",2026-09-22,https://www.linkedin.com/jobs/view/4201277430 , ,li-4201277430,fulltime,,,,,,False,entry level,Engineering and Information Technology,,,Engineering Services,https://de.linkedin.com/company/salt-and-pepper,,,,,,,,,,,
linkedin,Senior FPGA Engineer (w/m/d),TRUMPF,"Freiburg, Baden-Württemberg, Germany",2026-09-22,https://www.linkedin.com/jobs/view/4367248829 , ,li-4367248829,fulltime,,,,,,False,mid-senior level,Engineering and Information Technology,,david.brodkorb.external@trumpf.com,Machinery Manufacturing,https://www.linkedin.com/company/trumpf-se-co-kg,,,,,,,,,,,
linkedin,Integration & Distributed Systems Engineer – Cognitive Twin (human),NEURA Robotics,"Riederich, Baden-Württemberg, Germany",2026-09-22,https://www.linkedin.com/jobs/view/4451877919 , ,li-4451877919,fulltime,,,,,,False,mid-senior level,Information Technology,,,Automation Machinery Manufacturing,https://de.linkedin.com/company/neura-robotics,,,,,,,,,,,
linkedin,FPGA Engineer – Quantum Computing (f/m/d),eleQtron,"Hamburg, Hamburg, Germany",2026-09-22,https://www.linkedin.com/jobs/view/4424726740 , ,li-4424726740,fulltime,,,,,,False,mid-senior level,Information Technology,,,IT Services and IT Consulting,https://de.linkedin.com/company/eleqtron-qc,,,,,,,,,,,
linkedin,Duales Studium Embedded Systems ab 2027 (m/w/d),Pilz,"Ostfildern, Baden-Württemberg, Germany",2026-09-22,https://www.linkedin.com/jobs/view/4432250430 , ,li-4432250430,fulltime,,,,,,False,internship,Information Technology,,,Automation Machinery Manufacturing,https://de.linkedin.com/company/pilz,,,,,,,,,,,
linkedin,Compiler Engineer (f/m/d),eleQtron,"Hamburg, Hamburg, Germany",2026-09-22,https://www.linkedin.com/jobs/view/4470296345 , ,li-4470296345,fulltime,,,,,,False,mid-senior level,Other,,,Information Technology & Services,https://de.linkedin.com/company/eleqtron-qc,,,,,,,,,,,
linkedin,Specialist Field Application Engineer for FPGA,Future Electronics,,2026-09-22,https://www.linkedin.com/jobs/view/4407186677 , ,li-4407186677,fulltime,,,,,,False,mid-senior level,Sales and Business Development,,nik.rodway@futureelectronics.com,"Appliances, Electrical, and Electronics Manufacturing",https://ca.linkedin.com/company/future-electronics,,,,,,,,,,,
linkedin,Senior DisplayPort & Display Connectivity Architect,HCLTech,"Munich, Bavaria, Germany",2026-09-22,https://www.linkedin.com/jobs/view/4469010580 , ,li-4469010580,fulltime,,,,,,False,mid-senior level,,,,"Automation Machinery Manufacturing, Information Services, and IT Services and IT Consulting",https://in.linkedin.com/company/hcltech,,,,,,,,,,,
linkedin,Tech Lead — Robot Communication & Connectivity (Mensch),NEURA Robotics,"Riederich, Baden-Württemberg, Germany",2026-09-22,https://www.linkedin.com/jobs/view/4422969206 , ,li-4422969206,fulltime,,,,,,False,mid-senior level,"Marketing, Public Relations, and Writing/Editing",,,Automation Machinery Manufacturing,https://de.linkedin.com/company/neura-robotics,,,,,,,,,,,
linkedin,Robot Platform Engineer (Mensch),NEURA Robotics,,2026-09-22,https://www.linkedin.com/jobs/view/4429247137 , ,li-4429247137,fulltime,,,,,,False,mid-senior level,Engineering and Information Technology,,,Automation Machinery Manufacturing,https://de.linkedin.com/company/neura-robotics,,,,,,,,,,,
linkedin,Tech Lead — Robot Communication & Connectivity (human),NEURA Robotics,"Riederich, Baden-Württemberg, Germany",2026-09-22,https://www.linkedin.com/jobs/view/4422949607 , ,li-4422949607,fulltime,,,,,,False,mid-senior level,"Marketing, Public Relations, and Writing/Editing",,,Automation Machinery Manufacturing,https://de.linkedin.com/company/neura-robotics,,,,,,,,,,,
linkedin,Robot Platform Engineer (human),NEURA Robotics,"Riederich, Baden-Württemberg, Germany",2026-09-22,https://www.linkedin.com/jobs/view/4422966285 , ,li-4422966285,fulltime,,,,,,False,mid-senior level,Engineering and Information Technology,,,Automation Machinery Manufacturing,https://de.linkedin.com/company/neura-robotics,,,,,,,,,,,
linkedin,Software Entwickler autonome Unterwasserfahrzeuge (m/w/d),TKMS ATLAS ELEKTRONIK GmbH,"Wedel, Schleswig-Holstein, Germany",2026-09-22,https://www.linkedin.com/jobs/view/4468593570 , ,li-4468593570,fulltime,,,,,,False,mid-senior level,Engineering,,,Utilities,https://de.linkedin.com/company/tkms-atlas-elektronik,,,,,,,,,,,
linkedin,Software Developer (m/w/d) for Cyber Secure Marine Application Software,PEC Group,"Friedrichshafen, Baden-Württemberg, Germany",2026-09-22,https://www.linkedin.com/jobs/view/4470487858 , ,li-4470487858,fulltime,,,,,,False,entry level,Engineering and Information Technology,,,Business Consulting and Services,https://de.linkedin.com/company/pec-project-engineers-&-consultants-gmbh,,,,,,,,,,,
linkedin,Principal Engineer (f/m/d) Application Engineering,Renesas Electronics,"Düsseldorf, North Rhine-Westphalia, Germany",2026-09-22,https://www.linkedin.com/jobs/view/4461706058 , ,li-4461706058,fulltime,,,,,,False,mid-senior level,Manufacturing,,,Semiconductor Manufacturing,https://jp.linkedin.com/company/renesas,,,,,,,,,,,
linkedin,Ingenieur für Embedded Softwareentwicklung (m/w/d),Randstad Deutschland,"Dresden, Saxony, Germany",2026-09-22,https://www.linkedin.com/jobs/view/4469000481 , ,li-4469000481,fulltime,,,,,,True,entry level,Engineering and Information Technology,,,Human Resources Services,https://de.linkedin.com/company/randstad-deutschland,,,,,,,,,,,
linkedin,Senior Embedded Engineer (d/m/w) Zephyr Yocto Deutschland remote,The Formula Consulting,"Berlin, Berlin, Germany",2026-09-22,https://www.linkedin.com/jobs/view/4469057060 , ,li-4469057060,fulltime,,,,,,True,mid-senior level,Engineering and Information Technology,,,Business Consulting and Services,https://de.linkedin.com/company/the-formula-consulting,,,,,,,,,,,
linkedin,Senior Embedded Linux Software Engineer - Connected Systems (m/f/d),Liebherr Group,"Ulm, Baden-Württemberg, Germany",2026-09-22,https://www.linkedin.com/jobs/view/4344385648 , ,li-4344385648,fulltime,,,,,,False,mid-senior level,Engineering and Information Technology,,Franziska.Rolle@liebherr.com,Industrial Machinery Manufacturing,https://de.linkedin.com/company/liebherr,,,,,,,,,,,
linkedin,Embedded & Firmware Engineer (human),NEURA Robotics,"Riederich, Baden-Württemberg, Germany",2026-09-22,https://www.linkedin.com/jobs/view/4422956493 , ,li-4422956493,fulltime,,,,,,False,mid-senior level,Engineering and Information Technology,,,Automation Machinery Manufacturing,https://de.linkedin.com/company/neura-robotics,,,,,,,,,,,
linkedin,Wissenschaftliche*r Mitarbeiter*in / Doktorand*in/ (m/w/d) - Galliumoxid für die Leistungselektronik,Leibniz Association,"Berlin, Berlin, Germany",2026-09-21,https://www.linkedin.com/jobs/view/4469913696 , ,li-4469913696,fulltime,,,,,,False,entry level,"Research, Analyst, and Information Technology",,,Research,https://de.linkedin.com/company/leibniz-gemeinschaft,,,,,,,,,,,
linkedin,Technischer Produktdesigner Fahrzeugtechnik (m/w/d),Oehmichen & Bürgers Industrieplanung GmbH,"Düsseldorf, North Rhine-Westphalia, Germany",2026-09-21,https://www.linkedin.com/jobs/view/4467626127 , ,li-4467626127,fulltime,,,,,,False,entry level,"Design, Art/Creative, and Information Technology",,,Engineering Services,https://de.linkedin.com/company/oub,,,,,,,,,,,
linkedin,"Planungsingenieur:in Telekommunikationstechnik, Funk-Infrastruktur",Deutsche Bahn,"Limburg an der Lahn, Hesse, Germany",2026-09-21,https://www.linkedin.com/jobs/view/4397508803 , ,li-4397508803,fulltime,,,,,,False,mid-senior level,Management and Manufacturing,,,Truck Transportation,https://de.linkedin.com/company/deutschebahn,,,,,,,,,,,
linkedin,Elektroplaner / Hardwarekonstrukteur (m/w/d),ASE Anlagen und Steuerungstechnik Elektroengineering GmbH,"Neckarsulm, Baden-Württemberg, Germany",2026-09-21,https://www.linkedin.com/jobs/view/4469888243 , ,li-4469888243,fulltime,,,,,,False,entry level,Management and Manufacturing,,,Automation Machinery Manufacturing,https://de.linkedin.com/company/ase-anlagen-und-steuerungstechnik-elektroengineering-gmbh,,,,,,,,,,,
linkedin,Hardwareentwickler (m/w/d),Rosenxt Group,"Lohne, Lower Saxony, Germany",2026-09-21,https://www.linkedin.com/jobs/view/4468755431 , ,li-4468755431,fulltime,,,,,,False,mid-senior level,Engineering and Information Technology,,,Engineering Services,https://ch.linkedin.com/company/rosenxt,,,,,,,,,,,
linkedin,Talentpool Kiel - C++ & Systems Engineering (m/w/d),SPECTRUM AG,"Kiel, Schleswig-Holstein, Germany",2026-09-21,https://www.linkedin.com/jobs/view/4468124228 , ,li-4468124228,fulltime,,,,,,False,entry level,Other,,,IT Services and IT Consulting,https://de.linkedin.com/company/spectrum-ag,,,,,,,,,,,
linkedin,Avionics Integration Engineer (all gender),ALTEN,"Ismaning, Bavaria, Germany",2026-09-21,https://www.linkedin.com/jobs/view/4459220391 , ,li-4459220391,fulltime,,,,,,False,associate,Engineering,,,Aviation and Aerospace Component Manufacturing,https://fr.linkedin.com/company/alten,,,,,,,,,,,
linkedin,Senior ASIC Digital Lead - ATPG & Methodology (f/m/div.),Bosch,"Reutlingen, Baden-Württemberg, Germany",2026-09-21,https://www.linkedin.com/jobs/view/4467627939 , ,li-4467627939,fulltime,,,,,,False,associate,Engineering,,,Automotive,https://de.linkedin.com/company/bosch,,,,,,,,,,,
linkedin,Elektrokonstrukteur (m/w/d),SAE Schaltanlagenbau Erfurt GmbH,"Erfurt, Thuringia, Germany",2026-09-21,https://www.linkedin.com/jobs/view/4468194030 , ,li-4468194030,fulltime,,,,,,False,entry level,Engineering and Information Technology,,,Automation Machinery Manufacturing,https://de.linkedin.com/company/saeschaltanlagenbau,,,,,,,,,,,
linkedin,Research and Development Engineer (f/m/d),ABB,"Sasbach, Baden-Württemberg, Germany",2026-09-21,https://www.linkedin.com/jobs/view/4469920852 , ,li-4469920852,fulltime,,,,,,False,not applicable,Engineering and Information Technology,,,"Appliances, Electrical, and Electronics Manufacturing",https://ch.linkedin.com/company/abb,,,,,,,,,,,
linkedin,Lead Software Engineer – Avionics & Mission Systems xxx,ALTEN,"Manching, Bavaria, Germany",2026-09-21,https://www.linkedin.com/jobs/view/4457236729 , ,li-4457236729,fulltime,,,,,,False,associate,Engineering,,,Machinery Manufacturing and Aviation and Aerospace Component Manufacturing,https://fr.linkedin.com/company/alten,,,,,,,,,,,
linkedin,Hardwareentwickler:in,AlphaConsult-Gruppe,"Erlangen, Bavaria, Germany",2026-09-21,https://www.linkedin.com/jobs/view/4459205916 , ,li-4459205916,fulltime,,,,,,False,associate,Engineering,,t.aumer@alphaengineering.eu,Medical Equipment Manufacturing,https://de.linkedin.com/company/alphaconsult-gruppe,,,,,,,,,,,
linkedin,Hardware RF Engineer,Eagle Wireless,"Kronach, Bavaria, Germany",2026-09-21,https://www.linkedin.com/jobs/view/4469883200 , ,li-4469883200,fulltime,,,,,,False,mid-senior level,Engineering,,,Telecommunications,https://www.linkedin.com/company/eagle-wireless1,,,,,,,,,,,
linkedin,Interim E-Konstrukteur (m/f/d),Michael Page,"Stuttgart, Baden-Württemberg, Germany",2026-09-21,https://www.linkedin.com/jobs/view/4467613232 , ,li-4467613232,fulltime,,,,,,True,mid-senior level,Manufacturing and Engineering,,,"Industrial Machinery Manufacturing and Appliances, Electrical, and Electronics Manufacturing",https://uk.linkedin.com/company/michael-page,,,,,,,,,,,
linkedin,Senior Software & Controls Engineer,Caelora,"Munich, Bavaria, Germany",2026-09-21,https://www.linkedin.com/jobs/view/4469852765 , ,li-4469852765,fulltime,,,,,,True,mid-senior level,Engineering and Information Technology,,,Industrial Machinery Manufacturing,https://www.linkedin.com/company/caeloralasers,,,,,,,,,,,
linkedin,Software Developer C++ – Industrial Automation & Real-Time Systems (m/f/d),Next Ventures,"Gießen, Hesse, Germany",2026-09-21,https://www.linkedin.com/jobs/view/4467395021 , ,li-4467395021,fulltime,,,,,,False,mid-senior level,Production and Manufacturing,,,"Software Development, Computer Hardware Manufacturing, and Industrial Machinery Manufacturing",https://uk.linkedin.com/company/next-ventures,,,,,,,,,,,
linkedin,Embedded Software Engineer,agap2 Germany,"Constance, Baden-Württemberg, Germany",2026-09-21,https://www.linkedin.com/jobs/view/4468767428 , ,li-4468767428,fulltime,,,,,,False,entry level,"Engineering, Consulting, and Product Management",,,"Engineering Services, IT Services and IT Consulting, and Operations Consulting",https://de.linkedin.com/company/agap2-germany,,,,,,,,,,,
linkedin,Senior Embedded Engineer (m/w/d),QAVION GROUP,,2026-09-21,https://www.linkedin.com/jobs/view/4467363226 , ,li-4467363226,fulltime,,,,,,True,associate,Information Technology,,,Professional Services,https://www.linkedin.com/company/qavion-group,,,,,,,,,,,
linkedin,Embedded Software Developer (Embedded Linux),Ambu,"Augsburg, Bavaria, Germany",2026-09-21,https://www.linkedin.com/jobs/view/4459785319 , ,li-4459785319,fulltime,,,,,,True,mid-senior level,Engineering and Information Technology,,,Medical Equipment Manufacturing and Hospitals and Health Care,https://dk.linkedin.com/company/ambu-as,,,,,,,,,,,
linkedin,Senior Electronic Design Engineer,ASP Equipment GmbH,"Salem, Baden-Württemberg, Germany",2026-09-21,https://www.linkedin.com/jobs/view/4469868713 , ,li-4469868713,fulltime,,,,,,True,associate,,,,Aviation and Aerospace Component Manufacturing,https://de.linkedin.com/company/advanced-space-power-equipment-gmbh,,,,,,,,,,,
linkedin,Field Application Engineer (w/m/d),FRAMOS,"Munich, Bavaria, Germany",2026-09-21,https://www.linkedin.com/jobs/view/4467362824 , ,li-4467362824,fulltime,,,,,,True,associate,Sales and Engineering,,,"Technology, Information and Media and Robotics Engineering",https://de.linkedin.com/company/framos-gmbh,,,,,,,,,,,
linkedin,Senior Engineer – Validation and Design,Microchip Technology Inc.,"Dresden, Saxony, Germany",2026-09-21,https://www.linkedin.com/jobs/view/4414650577 , ,li-4414650577,fulltime,,,,,,False,mid-senior level,Engineering,,,"Appliances, Electrical, and Electronics Manufacturing and Semiconductor Manufacturing",https://www.linkedin.com/company/microchip-technology,,,,,,,,,,,
linkedin,Student Research Assistant (m/f/d) – Humanoid Robotics & Reinforcement Learning,SFB 1313 | University of Stuttgart,,2026-09-21,https://www.linkedin.com/jobs/view/4469926974 , ,li-4469926974,fulltime,,,,,,False,entry level,"Research, Analyst, and Information Technology",,applications@imsb.uni,Research,https://de.linkedin.com/company/sfb-1313,,,,,,,,,,,
linkedin,"Space Applications Expert, Satellite Navigation & Connectivity",NTU International A/S,"Berlin, Germany",2026-09-21,https://www.linkedin.com/jobs/view/4469865810 , ,li-4469865810,contract,,,,,,False,mid-senior level,"Consulting, Engineering, and Other",,recruitment@ntu.eu,International Affairs,https://dk.linkedin.com/company/ntu-international,,,,,,,,,,,
linkedin,Wissenschaftliche*r Mitarbeiter*in im Graduiertenkolleg HEARAZ,Carl von Ossietzky University of Oldenburg,"Oldenburg, Lower Saxony, Germany",2026-09-21,https://www.linkedin.com/jobs/view/4468178477 , ,li-4468178477,fulltime,,,,,,False,entry level,"Research, Analyst, and Information Technology",,,Research Services,https://de.linkedin.com/school/carl-von-ossietzky-university-of-oldenburg/,,,,,,,,,,,
linkedin,Senior Engineer – Radar Absorbing Materials (RAM) & Structures (RAS) (m/w/d),Grob Aircraft,"Tussenhausen, Bavaria, Germany",2026-09-21,https://www.linkedin.com/jobs/view/4468233878 , ,li-4468233878,fulltime,,,,,,False,mid-senior level,Engineering and Information Technology,,,Aviation and Aerospace Component Manufacturing,https://de.linkedin.com/company/grobaircraft,,,,,,,,,,,
linkedin,"Principal Engineer, Perceptual & Workflow Validation (m/f/d)",HARMAN International,"Garching, Bavaria, Germany",2026-09-21,https://www.linkedin.com/jobs/view/4449599010 , ,li-4449599010,fulltime,,,,,,False,mid-senior level,Quality Assurance,,harmancareers@harman.com,Computers and Electronics Manufacturing,https://www.linkedin.com/company/harman-international,,,,,,,,,,,
linkedin,Ingenieure (m/w/d) Elektrotechnik Schaltungsentwicklung,Oehmichen & Bürgers Industrieplanung GmbH,"Düsseldorf, North Rhine-Westphalia, Germany",2026-09-21,https://www.linkedin.com/jobs/view/4467619254 , ,li-4467619254,fulltime,,,,,,False,entry level,Engineering and Information Technology,,,Engineering Services,https://de.linkedin.com/company/oub,,,,,,,,,,,
linkedin,Senior Application Engineer (f/m/d),HOLOPLOT,"Berlin, Germany",2026-09-21,https://www.linkedin.com/jobs/view/4468705102 , ,li-4468705102,fulltime,,,,,,False,mid-senior level,Engineering and Information Technology,,,"Appliances, Electrical, and Electronics Manufacturing",https://de.linkedin.com/company/holoplot-gmbh,,,,,,,,,,,
linkedin,Lead Software Engineer – Avionics & Mission Systems xxx,ALTEN,"Ulm, Baden-Württemberg, Germany",2026-09-21,https://www.linkedin.com/jobs/view/4457232766 , ,li-4457232766,fulltime,,,,,,False,associate,Engineering,,,Machinery Manufacturing and Aviation and Aerospace Component Manufacturing,https://fr.linkedin.com/company/alten,,,,,,,,,,,
linkedin,Automation Engineer (m/w/d) - Jobbird.com,Jobster,"Dresden, Saxony, Germany",2026-09-21,https://www.linkedin.com/jobs/view/4468720997 , ,li-4468720997,fulltime,,,,,,False,entry level,Engineering and Information Technology,,,Software Development,https://nl.linkedin.com/company/jobster-com,,,,,,,,,,,
linkedin,Test Equipment Engineer - Satellites (all gender),ALTEN,"Friedrichshafen, Baden-Württemberg, Germany",2026-09-21,https://www.linkedin.com/jobs/view/4467363260 , ,li-4467363260,fulltime,,,,,,False,entry level,Information Technology,,,Software Development and IT Services and IT Consulting,https://fr.linkedin.com/company/alten,,,,,,,,,,,
linkedin,Sachbearbeiter/-in Digitalfunk (m/w/d) Bereich Endgerätemanagement im Test- und Entwicklungscenter,Land Niedersachsen,"Hannover, Lower Saxony, Germany",2026-09-21,https://www.linkedin.com/jobs/view/4468776108 , ,li-4468776108,fulltime,,,,,,False,entry level,Quality Assurance,,"jobs@zpd.polizei.niedersachsen.de, schwerbehindertenvertretung@zpd.polizei.niedersachsen.de",Government Administration,https://de.linkedin.com/company/arbeitgeber-niedersachsen,,,,,,,,,,,
linkedin,Senior EMV- und Funk-Projektingenieur (m/w/d),UL Solutions,"Neu-Isenburg, Hesse, Germany",2026-09-21,https://www.linkedin.com/jobs/view/4355687376 , ,li-4355687376,fulltime,,,,,,False,associate,Engineering and Project Management,,,Public Safety,https://www.linkedin.com/company/ulsolutions,,,,,,,,,,,
linkedin,Space Situational Awareness Engineer,OKAPI:Orbits,"Munich, Bavaria, Germany",2026-09-21,https://www.linkedin.com/jobs/view/4467373490 , ,li-4467373490,fulltime,,,,,,True,associate,Information Technology,,,Software Development,https://de.linkedin.com/company/okapi-orbits,,,,,,,,,,,
linkedin,Studentische Hilfskraft im Bereich Wireless Sensors and Systems,Fraunhofer-Institute for Microelectronic Circuits and Systems,"Duisburg, North Rhine-Westphalia, Germany",2026-09-21,https://www.linkedin.com/jobs/view/4468491018 , ,li-4468491018,fulltime,,,,,,True,internship,Other,,personal@ims.fraunhofer.de,Research Services,https://de.linkedin.com/company/fraunhofer-ims,,,,,,,,,,,
linkedin,Systemarchitekt (m/w/d) Elektronik,Amoria Bond,"Berlin, Germany",2026-09-21,https://www.linkedin.com/jobs/view/4467385215 , ,li-4467385215,fulltime,,,,,,False,associate,Engineering,,,"Communications Equipment Manufacturing and Appliances, Electrical, and Electronics Manufacturing",https://uk.linkedin.com/company/amoria-bond,,,,,,,,,,,
linkedin,Ingenieur Elektrotechnik (m/w/d),SONOTEC GmbH,"Halle, Saxony-Anhalt, Germany",2026-09-21,https://www.linkedin.com/jobs/view/4467608094 , ,li-4467608094,fulltime,,,,,,False,associate,Engineering,,,Medical Equipment Manufacturing,https://de.linkedin.com/company/sonotec-gmbh,,,,,,,,,,,
linkedin,"Head of Neural Software Engineering, Brain-Computer Interfaces",FUTRUE Neurosciences,"Munich, Bavaria, Germany",2026-09-21,https://www.linkedin.com/jobs/view/4458173208 , ,li-4458173208,fulltime,,,,,,False,mid-senior level,Engineering and Information Technology,,jobs@futrue.com,Biotechnology Research,https://de.linkedin.com/company/futrue-neurosciences,,,,,,,,,,,
linkedin,Senior Systems Engineer,Caelora,"Munich, Bavaria, Germany",2026-09-21,https://www.linkedin.com/jobs/view/4469855554 , ,li-4469855554,fulltime,,,,,,False,mid-senior level,Information Technology,,,Industrial Machinery Manufacturing,https://www.linkedin.com/company/caeloralasers,,,,,,,,,,,
linkedin,Manager - OTA Vehicle Engineering,Rivian and Volkswagen Group Technologies,"Berlin, Berlin, Germany",2026-09-21,https://www.linkedin.com/jobs/view/4467610810 , ,li-4467610810,fulltime,,,,,,False,mid-senior level,Other,,candidateaccommodations@rivian.com,Software Development,https://www.linkedin.com/company/rivian-and-vw-group-technologies,,,,,,,,,,,
linkedin,C++ Software Engineer | Flight Test Systems | Airbus Projects | Germany,Orbital Critical Systems (Grupo CAF),"Manching, Bavaria, Germany",2026-09-21,https://www.linkedin.com/jobs/view/4468757951 , ,li-4468757951,other,,,,,,False,not applicable,Engineering and Information Technology,,,Airlines and Aviation,https://es.linkedin.com/company/orbital-aerospace,,,,,,,,,,,
linkedin,Software-Ingenieur PCS7 Elektrotechnik (m/w/d),kurt-personal.de,"Pinneberg, Schleswig-Holstein, Germany",2026-09-21,https://www.linkedin.com/jobs/view/4467358684 , ,li-4467358684,fulltime,,,,,,False,entry level,Information Technology,,,Staffing and Recruiting,https://www.linkedin.com/company/kurt-personal.de,,,,,,,,,,,
linkedin,Mission System Engineer (m/f/x),Grob Aircraft,"Tussenhausen, Bavaria, Germany",2026-09-21,https://www.linkedin.com/jobs/view/4390356649 , ,li-4390356649,fulltime,,,,,,False,entry level,Information Technology,,,Aviation and Aerospace Component Manufacturing,https://de.linkedin.com/company/grobaircraft,,,,,,,,,,,
linkedin,"Senior Software Engineer - Rust / Distributed Systems (m/f/d) - €90,000",Next Ventures,"Stuttgart, Baden-Württemberg, Germany",2026-09-21,https://www.linkedin.com/jobs/view/4455872846 , ,li-4455872846,fulltime,,,,,,False,mid-senior level,Information Technology,,,"Computers and Electronics Manufacturing, Computer Hardware Manufacturing, and Software Development",https://uk.linkedin.com/company/next-ventures,,,,,,,,,,,
linkedin,Softwareentwickler/in (w/m/d),German Aerospace Center (DLR),"Oberpfaffenhofen, Bavaria, Germany",2026-09-21,https://www.linkedin.com/jobs/view/4468645399 , ,li-4468645399,fulltime,,,,,,False,entry level,Engineering and Information Technology,,,Research Services,https://de.linkedin.com/company/dlr,,,,,,,,,,,
linkedin,Wissenschaftlicher Mitarbeiter (m/w/d) im Bereich Emulationsbasierte Validierung verteilter Echtzeitsysteme,SFB 1313 | University of Stuttgart,,2026-09-21,https://www.linkedin.com/jobs/view/4469935566 , ,li-4469935566,fulltime,,,,,,True,internship,"Research, Analyst, and Information Technology",,,Research,https://de.linkedin.com/company/sfb-1313,,,,,,,,,,,
linkedin,Entwicklungsingenieur (w/m/d) FPGA-Programmierung,TRUMPF,"Freiburg, Baden-Württemberg, Germany",2026-09-20,https://www.linkedin.com/jobs/view/4392424950 , ,li-4392424950,fulltime,,,,,,False,entry level,Engineering and Information Technology,,.external@trumpf.com,Machinery Manufacturing,https://www.linkedin.com/company/trumpf-se-co-kg,,,,,,,,,,,
linkedin,Global Graduate Program 2026 - Assistant Wind Resource Engineer,Goldwind,"Frankfurt am Main, Hesse, Germany",2026-09-20,https://www.linkedin.com/jobs/view/4424168687 , ,li-4424168687,fulltime,,,,,,False,internship,Engineering and Information Technology,,,Renewable Energy Equipment Manufacturing,https://cn.linkedin.com/company/goldwind,,,,,,,,,,,
linkedin,Global Graduate Program 2026 - Simulation engineer,Goldwind,"Frankfurt am Main, Hesse, Germany",2026-09-20,https://www.linkedin.com/jobs/view/4424180703 , ,li-4424180703,fulltime,,,,,,False,internship,Engineering and Information Technology,,,Renewable Energy Equipment Manufacturing,https://cn.linkedin.com/company/goldwind,,,,,,,,,,,
linkedin,Senior MRI Application Specialist (f/m/d),Orbem,"Munich, Bavaria, Germany",2026-09-20,https://www.linkedin.com/jobs/view/4450759771 , ,li-4450759771,fulltime,,,,,,True,mid-senior level,Information Technology,,,"Technology, Information and Internet",https://de.linkedin.com/company/orbem-ai,,,,,,,,,,,
linkedin,"System Engineer für Entwicklungsprojekte, all genders",SALT AND PEPPER Group,"Kempten, Bavaria, Germany",2026-09-20,https://www.linkedin.com/jobs/view/4432637781 , ,li-4432637781,fulltime,,,,,,False,entry level,Information Technology,,,Engineering Services,https://de.linkedin.com/company/salt-and-pepper,,,,,,,,,,,
linkedin,System Engineer (all gender) – Electronic Warfare / COMINT Systems Engineering,ALTEN,"Ulm, Baden-Württemberg, Germany",2026-09-20,https://www.linkedin.com/jobs/view/4456586975 , ,li-4456586975,fulltime,,,,,,False,entry level,Engineering,,,Machinery Manufacturing and Aviation and Aerospace Component Manufacturing,https://fr.linkedin.com/company/alten,,,,,,,,,,,
linkedin,Global Graduate Program 2026 - Control strategy engineer,Goldwind,"Frankfurt am Main, Hesse, Germany",2026-09-20,https://www.linkedin.com/jobs/view/4424185709 , ,li-4424185709,fulltime,,,,,,False,internship,Engineering and Information Technology,,,Renewable Energy Equipment Manufacturing,https://cn.linkedin.com/company/goldwind,,,,,,,,,,,
linkedin,ADAS Feature Engineer,Wayve,"Leonberg, Baden-Württemberg, Germany",2026-09-20,https://www.linkedin.com/jobs/view/4420726747 , ,li-4420726747,fulltime,,,,,,False,entry level,Engineering and Information Technology,,,Software Development,https://uk.linkedin.com/company/wayve-technologies,,,,,,,,,,,
linkedin,"Principal Embedded Software Engineer, QNX (m/f/d) – Medical Devices",Alcon,"Erlangen, Bavaria, Germany",2026-09-20,https://www.linkedin.com/jobs/view/4432975474 , ,li-4432975474,fulltime,,,,,,False,mid-senior level,Engineering and Information Technology,,,Medical Equipment Manufacturing,https://ch.linkedin.com/company/alcon,,,,,,,,,,,
linkedin,Staff ML Engineer,develop,"Munich, Bavaria, Germany",2026-09-20,https://www.linkedin.com/jobs/view/4467340398 , ,li-4467340398,fulltime,,,,,,False,mid-senior level,Information Technology,,,"Defense and Space Manufacturing, Technology, Information and Media, and Artificial Intelligence",https://uk.linkedin.com/company/developrec,,,,,,,,,,,
linkedin,Payloads Design Engineer for Seat Integration (Experienced or Senior level) (M/F/D),Boeing,"Hamburg, Hamburg, Germany",2026-09-20,https://www.linkedin.com/jobs/view/4396949497 , ,li-4396949497,fulltime,,,,,,False,not applicable,Engineering and Information Technology,,,"Airlines and Aviation, Aviation and Aerospace Component Manufacturing, and Defense and Space Manufacturing",https://www.linkedin.com/company/boeing,,,,,,,,,,,
linkedin,"Entwicklungsingenieur Hardware, all genders",SALT AND PEPPER Group,"Ulm, Baden-Württemberg, Germany",2026-09-20,https://www.linkedin.com/jobs/view/4432650590 , ,li-4432650590,fulltime,,,,,,False,entry level,Engineering and Information Technology,,,Engineering Services,https://de.linkedin.com/company/salt-and-pepper,,,,,,,,,,,
linkedin,Planer Telekommunikationstechnik (m/w/d),GTU Mobility GmbH & Co. KG,"Hannover, Lower Saxony, Germany",2026-09-19,https://www.linkedin.com/jobs/view/4268615042 , ,li-4268615042,fulltime,,,,,,False,entry level,Other,,,Construction,https://de.linkedin.com/company/gtu-mobility-gmbh-&-co.-kg,,,,,,,,,,,
linkedin,Systementwickler (m/w/d),Zoller + Fröhlich GmbH,"Wangen im Allgäu, Baden-Württemberg, Germany",2026-09-19,https://www.linkedin.com/jobs/view/4469531404 , ,li-4469531404,fulltime,,,,,,False,entry level,Information Technology and Engineering,,jobs@zofre.de,Industrial Machinery Manufacturing,https://de.linkedin.com/company/z-f-gmbh,,,,,,,,,,,
linkedin,Produktmanager (m/w/d) / Projektierungsingenieur (m/w/d) Inkjet-Codier-Systeme,Bluhm Systeme GmbH,"Rheinbreitbach, Rhineland-Palatinate, Germany",2026-09-19,https://www.linkedin.com/jobs/view/4372709783 , ,li-4372709783,fulltime,,,,,,False,mid-senior level,Engineering and Information Technology,,bewerbungen@bluhmsysteme.com,Automation Machinery Manufacturing,https://de.linkedin.com/company/bluhm-systeme-gmbh,,,,,,,,,,,
linkedin,Embedded Hard- & Softwareentwickler (m/w/d),Zoller + Fröhlich GmbH,"Wangen im Allgäu, Baden-Württemberg, Germany",2026-09-19,https://www.linkedin.com/jobs/view/4469523524 , ,li-4469523524,fulltime,,,,,,False,entry level,Information Technology and Engineering,,jobs@zofre.de,Industrial Machinery Manufacturing,https://de.linkedin.com/company/z-f-gmbh,,,,,,,,,,,
linkedin,EGSE Engineer,The Exploration Company,"Munich, Bavaria, Germany",2026-09-19,https://www.linkedin.com/jobs/view/4450341794 , ,li-4450341794,fulltime,,,,,,False,mid-senior level,Engineering and Information Technology,,,Aviation and Aerospace Component Manufacturing,https://de.linkedin.com/company/exploration-company,,,,,,,,,,,
linkedin,Softwareentwickler (M/W/D),TriOS Optical Sensors,"Rastede, Lower Saxony, Germany",2026-09-19,https://www.linkedin.com/jobs/view/4469500894 , ,li-4469500894,fulltime,,,,,,False,entry level,Engineering and Information Technology,,,Automation Machinery Manufacturing,https://de.linkedin.com/company/trios-mess-und-datentechnik-gmbh,,,,,,,,,,,
linkedin,Embedded Firmware Developer (Agri-Tech / Sensor Systems) (m/f/d),stenon,"Potsdam, Brandenburg, Germany",2026-09-19,https://www.linkedin.com/jobs/view/4466938819 , ,li-4466938819,fulltime,,,,,,False,associate,Information Technology,,,IT Services and IT Consulting,https://de.linkedin.com/company/stenon,,,,,,,,,,,
linkedin,EPIC AutoOne Global Integration Lead,HARMAN International,"Karlsbad, Baden-Württemberg, Germany",2026-09-19,https://www.linkedin.com/jobs/view/4439254449 , ,li-4439254449,fulltime,,,,,,False,mid-senior level,Project Management and Information Technology,,harmancareers@harman.com,Computers and Electronics Manufacturing,https://www.linkedin.com/company/harman-international,,,,,,,,,,,
linkedin,Softwareentwickler C++ (m/w/d),SENSYS - Magnetometers & Survey Solutions,"Reichenwalde, Brandenburg, Germany",2026-09-19,https://www.linkedin.com/jobs/view/4466938457 , ,li-4466938457,fulltime,,,,,,False,entry level,Information Technology,,,Computers and Electronics Manufacturing,https://de.linkedin.com/company/sensysmagnetometer,,,,,,,,,,,
linkedin,Systemingenieur (m/w/d),IAMT Engineering GmbH & Co. KG (IAMT Gruppe),"Weischlitz, Saxony, Germany",2026-09-19,https://www.linkedin.com/jobs/view/4469277529 , ,li-4469277529,fulltime,,,,,,False,entry level,Information Technology,,,Motor Vehicle Manufacturing,https://de.linkedin.com/company/iamt-engineering,,,,,,,,,,,
linkedin,Senior Engineer Field Application Engineering (f/m/div),Infineon Technologies,"Munich, Bavaria, Germany",2026-09-19,https://www.linkedin.com/jobs/view/4460326953 , ,li-4460326953,fulltime,,,,,,False,entry level,Engineering and Information Technology,,,"Semiconductor Manufacturing, Appliances, Electrical, and Electronics Manufacturing, and Computer Hardware Manufacturing",https://de.linkedin.com/company/infineon-technologies,,,,,,,,,,,
linkedin,Principal Engineer - Industrial Metaverse,UL Solutions,"Krefeld, North Rhine-Westphalia, Germany",2026-09-19,https://www.linkedin.com/jobs/view/4439259437 , ,li-4439259437,fulltime,,,,,,False,mid-senior level,Management and Manufacturing,,,"Professional Services, Manufacturing, and Technology, Information and Media",https://www.linkedin.com/company/ulsolutions,,,,,,,,,,,
linkedin,"Wissenschaftliche Mitarbeiterin / Wissenschaftlicher Mitarbeiter (m/w/d) Fakultät für Elektrotechnik, Professur für Elektrische Messtechnik",Helmut-Schmidt-Universität/Universität der Bundeswehr Hamburg,"Hamburg, Hamburg, Germany",2026-09-19,https://www.linkedin.com/jobs/view/4466998455 , ,li-4466998455,fulltime,,,,,,False,entry level,"Research, Analyst, and Information Technology",,,Higher Education,https://de.linkedin.com/school/helmut-schmidt-universit%C3%A4t---universit%C3%A4t-der-bundeswehr-hamburg/,,,,,,,,,,,
linkedin,Gruppenleitung Künstliche Intelligenz (m/w/d),Hahn-Schickard,"Freiburg, Baden-Württemberg, Germany",2026-09-19,https://www.linkedin.com/jobs/view/4468078607 , ,li-4468078607,fulltime,,,,,,False,not applicable,Information Technology,,,Research Services,https://de.linkedin.com/company/hahn-schickard,,,,,,,,,,,
linkedin,"Technical Pre-Sales Engineer, FAE (Time and Frequency Systems)",Microchip Technology Inc.,,2026-09-19,https://www.linkedin.com/jobs/view/4393526517 , ,li-4393526517,fulltime,,,,,,True,mid-senior level,Engineering,,,"Appliances, Electrical, and Electronics Manufacturing and Semiconductor Manufacturing",https://www.linkedin.com/company/microchip-technology,,,,,,,,,,,
linkedin,Avionics Manufacturing Team Lead,The Exploration Company,"Munich, Bavaria, Germany",2026-09-19,https://www.linkedin.com/jobs/view/4450382574 , ,li-4450382574,fulltime,,,,,,False,mid-senior level,Engineering and Information Technology,,,Aviation and Aerospace Component Manufacturing,https://de.linkedin.com/company/exploration-company,,,,,,,,,,,
linkedin,Aerodynamic Design & Analysis Engineer (d/f/m),Airbus Defence and Space,"Manching, Bavaria, Germany",2026-09-19,https://www.linkedin.com/jobs/view/4466941227 , ,li-4466941227,parttime,,,,,,False,mid-senior level,Engineering and Information Technology,,emsom@airbus.com,Defense and Space Manufacturing,https://www.linkedin.com/company/airbus-defence-and-space,,,,,,,,,,,
linkedin,Duales Studium - Elektrotechnik und Informationstechnik: Studienrichtung Fahrzeugelektronik ab 2027,Liebherr Group,"Lindau, Bavaria, Germany",2026-09-19,https://www.linkedin.com/jobs/view/4440774261 , ,li-4440774261,fulltime,,,,,,False,internship,Engineering and Information Technology,,leonie.schneider@liebherr.com,Industrial Machinery Manufacturing,https://de.linkedin.com/company/liebherr,,,,,,,,,,,
linkedin,Hardwareentwickler Leistungselektronik (m/w/d),AEconversion GmbH & Co. KG,"Bad Sassendorf, North Rhine-Westphalia, Germany",2026-09-19,https://www.linkedin.com/jobs/view/4466981777 , ,li-4466981777,fulltime,,,,,,False,mid-senior level,Engineering,,,Manufacturing,https://www.linkedin.com/company/aeconversion,,,,,,,,,,,
linkedin,"Entwicklungsingenieur Konstruktion, all genders",SALT AND PEPPER Group,"Hamburg, Hamburg, Germany",2026-09-19,https://www.linkedin.com/jobs/view/4301193050 , ,li-4301193050,fulltime,,,,,,False,entry level,Engineering and Information Technology,,,Engineering Services,https://de.linkedin.com/company/salt-and-pepper,,,,,,,,,,,
linkedin,Engineer (m/w/d) Product Innovation,Getinge,"Hechingen, Baden-Württemberg, Germany",2026-09-19,https://www.linkedin.com/jobs/view/4430222517 , ,li-4430222517,fulltime,,,,,,False,mid-senior level,Engineering and Information Technology,,,"Medical Equipment Manufacturing, Biotechnology Research, and Hospitals and Health Care",https://se.linkedin.com/company/getinge,,,,,,,,,,,
linkedin,Superconducting Systems Specialist (m/f/d),Bilfinger Region DACH,"Würzburg, Bavaria, Germany",2026-09-19,https://www.linkedin.com/jobs/view/4458088760 , ,li-4458088760,fulltime,,,,,,True,mid-senior level,Information Technology,,sarah.weinberg@bilfinger.com,Industrial Machinery Manufacturing,https://de.linkedin.com/company/bilfinger-region-dach,,,,,,,,,,,
linkedin,Senior Technical Lead - AV systems (m/w/d),Mobileye,"Coblenz, Rhineland-Palatinate, Germany",2026-09-19,https://www.linkedin.com/jobs/view/4449742669 , ,li-4449742669,fulltime,,,,,,False,mid-senior level,Analyst,,,Artificial Intelligence,https://il.linkedin.com/company/mobileye,,,,,,,,,,,
linkedin,Applications and Systems Engineer (m/w/d),Emerson,"Amberg, Bavaria, Germany",2026-09-19,https://www.linkedin.com/jobs/view/4440072297 , ,li-4440072297,fulltime,,,,,,False,mid-senior level,Information Technology,,,Automation Machinery Manufacturing,https://www.linkedin.com/company/emerson,,,,,,,,,,,
linkedin,Applications and Systems Engineer (m/w/d),Emerson,"Baden-Württemberg, Germany",2026-09-19,https://www.linkedin.com/jobs/view/4440075082 , ,li-4440075082,fulltime,,,,,,False,mid-senior level,Information Technology,,,Automation Machinery Manufacturing,https://www.linkedin.com/company/emerson,,,,,,,,,,,
linkedin,Electrical Developer (m/w/d),SCOPE Engineering GmbH,"Bremen, Bremen, Germany",2026-09-18,https://www.linkedin.com/jobs/view/4467847349 , ,li-4467847349,fulltime,,,,,,False,entry level,Information Technology,,,Warehousing and Storage,https://de.linkedin.com/company/scope-engineering-gmbh,,,,,,,,,,,
linkedin,Space Avionics Architect,TXT GROUP,"Immenstaad, Baden-Württemberg, Germany",2026-09-18,https://www.linkedin.com/jobs/view/4467852442 , ,li-4467852442,fulltime,,,,,,False,mid-senior level,"Design, Art/Creative, and Information Technology",,,IT Services and IT Consulting,https://it.linkedin.com/company/txtgroup,,,,,,,,,,,
linkedin,Radio Frequency Engineer,Understanding Recruitment,"Munich, Bavaria, Germany",2026-09-18,https://www.linkedin.com/jobs/view/4466684466 , ,li-4466684466,fulltime,,,,,,False,mid-senior level,"Engineering, Information Technology, and Design",,,"Aviation and Aerospace Component Manufacturing, Robot Manufacturing, and Robotics Engineering",https://uk.linkedin.com/company/understanding-recruitment,,,,,,,,,,,
linkedin,Senior Deep Learning Engineer (m/f/d) - Audatic,Sonova Group,"Berlin, Berlin, Germany",2026-09-18,https://www.linkedin.com/jobs/view/4440591393 , ,li-4440591393,fulltime,,,,,,False,mid-senior level,Information Technology,,,Medical Equipment Manufacturing,https://ch.linkedin.com/company/sonovagroup,,,,,,,,,,,
linkedin,Produktmanager*in (m/w/d),ENQT,"Hamburg, Hamburg, Germany",2026-09-18,https://www.linkedin.com/jobs/view/4467871400 , ,li-4467871400,fulltime,,,,,,False,mid-senior level,Management,,,Telecommunications,https://de.linkedin.com/company/enqt-gmbh,,,,,,,,,,,
linkedin,Senior Director - Product Vertical Vector Network Analyzer (m/w/d),Rohde & Schwarz,"Munich, Bavaria, Germany",2026-09-18,https://www.linkedin.com/jobs/view/4465786927 , ,li-4465786927,fulltime,,,,,,False,not applicable,Product Management and Marketing,,,Telecommunications,https://de.linkedin.com/company/rohde-schwarz,,,,,,,,,,,
linkedin,Network Systems Engineer (d/f/m),Airbus Defence and Space,"Munich, Bavaria, Germany",2026-09-18,https://www.linkedin.com/jobs/view/4429837285 , ,li-4429837285,fulltime,,,,,,False,mid-senior level,Information Technology,,emsom@airbus.com,Defense and Space Manufacturing,https://www.linkedin.com/company/airbus-defence-and-space,,,,,,,,,,,
linkedin,Senior Systems Engineer,CesiumAstro,"Munich, Bavaria, Germany",2026-09-18,https://www.linkedin.com/jobs/view/4422383382 , ,li-4422383382,fulltime,,,,,,False,mid-senior level,Information Technology,,,Defense and Space Manufacturing,https://www.linkedin.com/company/cesiumastro,,,,,,,,,,,
linkedin,(Senior) Computer Vision Engineer (f/m/d),B. Braun New Ventures,"Freiburg, Baden-Württemberg, Germany",2026-09-18,https://www.linkedin.com/jobs/view/4467838892 , ,li-4467838892,fulltime,,,,,,False,mid-senior level,Engineering and Information Technology,,,Medical Equipment Manufacturing,https://de.linkedin.com/company/b-braun-new-ventures,,,,,,,,,,,
linkedin,Postdoc Position (m/f/d) K 27/26,Forschungsverbund Berlin e.V.,"Berlin, Berlin, Germany",2026-09-18,https://www.linkedin.com/jobs/view/4466670987 , ,li-4466670987,fulltime,,,,,,False,mid-senior level,Research,,,Research Services,https://de.linkedin.com/company/forschungsverbund-berlin,,,,,,,,,,,
linkedin,Simulation & Avionics Systems Engineer,TXT GROUP,"Immenstaad, Baden-Württemberg, Germany",2026-09-18,https://www.linkedin.com/jobs/view/4467860223 , ,li-4467860223,fulltime,,,,,,False,entry level,Engineering and Information Technology,,,IT Services and IT Consulting,https://it.linkedin.com/company/txtgroup,,,,,,,,,,,
linkedin,Senior Computer Vision Engineer,Understanding Recruitment,"Munich, Bavaria, Germany",2026-09-18,https://www.linkedin.com/jobs/view/4466666847 , ,li-4466666847,fulltime,,,,,,False,mid-senior level,Information Technology,,,Information Services,https://uk.linkedin.com/company/understanding-recruitment,,,,,,,,,,,
linkedin,Wissenschaftliche*r Mitarbeiter*in im Graduiertenkolleg HEARAZ,Campusradio Oldenburg,"Oldenburg, Lower Saxony, Germany",2026-09-18,https://www.linkedin.com/jobs/view/4467858462 , ,li-4467858462,fulltime,,,,,,False,entry level,"Research, Analyst, and Information Technology",,"sandra.hellmers@uol.de, jobs@uol.de",Radio and Television Broadcasting,https://www.linkedin.com/company/campusradio-oldenburg,,,,,,,,,,,
linkedin,"Sr. Engineer, Analog Mixed-Signal Design",SiTime,"Munich, Bavaria, Germany",2026-09-18,https://www.linkedin.com/jobs/view/4440547888 , ,li-4440547888,fulltime,,,,,,False,mid-senior level,Engineering and Information Technology,,,Semiconductor Manufacturing,https://www.linkedin.com/company/sitime,,,,,,,,,,,
linkedin,Scientist in the field of solid-state lasers (all genders),Fraunhofer IOSB,"Ettlingen, Baden-Württemberg, Germany",2026-09-18,https://www.linkedin.com/jobs/view/4468007542 , ,li-4468007542,parttime,,,,,,False,mid-senior level,"Research, Analyst, and Information Technology",,,Research Services,https://de.linkedin.com/company/fraunhofer-iosb,,,,,,,,,,,
linkedin,Entwicklungsingenieur (m/w/d) für Fluggerätstrukturen in Rheinland-Pfalz,"CONDOR Schutz- und Sicherheitsdienst GmbH, UAV-Solutions","Essen, North Rhine-Westphalia, Germany",2026-09-18,https://www.linkedin.com/jobs/view/4466638279 , ,li-4466638279,fulltime,,,,,,False,mid-senior level,Engineering and Information Technology,,,Security and Investigations,https://de.linkedin.com/company/condor-security-and-safety,,,,,,,,,,,
linkedin,Hardwareentwickler Schaltungsdesign Leistungselektronik (all gender),ALTEN,"Erlangen, Bavaria, Germany",2026-09-18,https://www.linkedin.com/jobs/view/4452573606 , ,li-4452573606,fulltime,,,,,,False,associate,Engineering,,,Engineering Services,https://fr.linkedin.com/company/alten,,,,,,,,,,,
linkedin,PLD/FPGA HW-Tester Aerospace (m/w/d),Liebherr Aerospace and Transportation,"Lindenberg im Allgäu, Bavaria, Germany",2026-09-18,https://www.linkedin.com/jobs/view/4449756972 , ,li-4449756972,fulltime,,,,,,False,mid-senior level,Other,,,Industrial Machinery Manufacturing,https://fr.linkedin.com/company/liebherr-aerospace-and-transportation,,,,,,,,,,,
linkedin,CAD Engineer - Mechanics and Cabling (m/w/d),Saab,"Nuremberg, Bavaria, Germany",2026-09-18,https://www.linkedin.com/jobs/view/4460336570 , ,li-4460336570,fulltime,,,,,,False,not applicable,Engineering and Information Technology,,,"Defense and Space Manufacturing, Security and Investigations, and IT Services and IT Consulting",https://se.linkedin.com/company/saab,,,,,,,,,,,
linkedin,FPGA Entwickler (all gender) – VHDL & Embedded Systems 100,ALTEN,"Ulm, Baden-Württemberg, Germany",2026-09-18,https://www.linkedin.com/jobs/view/4441577871 , ,li-4441577871,fulltime,,,,,,False,associate,Engineering and Quality Assurance,,,Machinery Manufacturing and Aviation and Aerospace Component Manufacturing,https://fr.linkedin.com/company/alten,,,,,,,,,,,
linkedin,"Principal Engineer, MEMS Development",SiTime,"Munich, Bavaria, Germany",2026-09-18,https://www.linkedin.com/jobs/view/4469165384 , ,li-4469165384,fulltime,,,,,,False,mid-senior level,Engineering and Information Technology,,,Semiconductor Manufacturing,https://www.linkedin.com/company/sitime,,,,,,,,,,,
linkedin,Electronic System Engineer (m/w/d) - Camera Systems,AUO Mobility Solutions Germany,"Lippstadt, North Rhine-Westphalia, Germany",2026-09-18,https://www.linkedin.com/jobs/view/4467733640 , ,li-4467733640,fulltime,,,,,,False,associate,Engineering,,,Motor Vehicle Manufacturing,https://www.linkedin.com/company/auo-mobility-solutions-germany-gmbh,,,,,,,,,,,
linkedin,Elektronikingenieur – Automotive-Produktentwicklung (m/w/d) – Jülich,QCG Computer,"Jülich, North Rhine-Westphalia, Germany",2026-09-18,https://www.linkedin.com/jobs/view/4466695789 , ,li-4466695789,fulltime,,,,,,False,associate,Engineering,,,Software Development,https://de.linkedin.com/company/qcg-computer,,,,,,,,,,,
linkedin,Senior Hardware Engineer,General Motors,"Munich, Bavaria, Germany",2026-09-18,https://www.linkedin.com/jobs/view/4467853607 , ,li-4467853607,fulltime,,,,,,False,mid-senior level,,,,Motor Vehicle Manufacturing and Motor Vehicle Parts Manufacturing,https://www.linkedin.com/company/general-motors,,,,,,,,,,,
linkedin,Senior Hardware Developer,Utimaco,"Aachen, North Rhine-Westphalia, Germany",2026-09-18,https://www.linkedin.com/jobs/view/4467823988 , ,li-4467823988,fulltime,,,,,,False,mid-senior level,,,,Engineering Services,https://de.linkedin.com/company/utimaco,,,,,,,,,,,
linkedin,Entwicklungsingenieur Hardware – Automotive / Space / Industrial (m/w/d),ACONEXT,,2026-09-18,https://www.linkedin.com/jobs/view/4466691064 , ,li-4466691064,fulltime,,,,,,False,associate,,,,IT Services and IT Consulting,https://de.linkedin.com/company/aconext-holding-gmbh,,,,,,,,,,,
linkedin,Hardwareentwickler Elektronik (all gender) – Analog & Digital Circuit Design 100,ALTEN,"Ulm, Baden-Württemberg, Germany",2026-09-18,https://www.linkedin.com/jobs/view/4441579848 , ,li-4441579848,fulltime,,,,,,False,associate,Engineering and Quality Assurance,,,Machinery Manufacturing and Aviation and Aerospace Component Manufacturing,https://fr.linkedin.com/company/alten,,,,,,,,,,,
linkedin,Duales Studium - Elektrotechnik und Informationstechnik: Studienrichtung Nachrichtentechnik ab 2027,Liebherr Group,"Lindau, Bavaria, Germany",2026-09-18,https://www.linkedin.com/jobs/view/4440762880 , ,li-4440762880,fulltime,,,,,,False,internship,Engineering and Information Technology,,leonie.schneider@liebherr.com,Industrial Machinery Manufacturing,https://de.linkedin.com/company/liebherr,,,,,,,,,,,
linkedin,Elektroingenieur für die Elektrokonstruktion (m/w/d),Fecken-Kirfel,"Aachen, North Rhine-Westphalia, Germany",2026-09-18,https://www.linkedin.com/jobs/view/4467825631 , ,li-4467825631,fulltime,,,,,,False,mid-senior level,Engineering,,,Construction,https://de.linkedin.com/company/fecken-kirfel,,,,,,,,,,,
linkedin,Head of System (m/f/d),Vesoma,"Munich, Bavaria, Germany",2026-09-18,https://www.linkedin.com/jobs/view/4469141968 , ,li-4469141968,fulltime,,,,,,False,director,Other,,,Robotics Engineering,https://de.linkedin.com/company/vesomaai,,,,,,,,,,,
linkedin,"Systems Engineer – Integration, Testing & Commissioning (m/w/d)",SOA Experts GmbH,"Hamburg, Germany",2026-09-18,https://www.linkedin.com/jobs/view/4467882750 , ,li-4467882750,fulltime,,,,,,False,associate,Project Management,,,Engineering Services,https://de.linkedin.com/company/soa-experts-gmbh,,,,,,,,,,,
linkedin,Senior Principal Architect AI Safety,Arm,"Munich, Bavaria, Germany",2026-09-18,https://www.linkedin.com/jobs/view/4467821300 , ,li-4467821300,fulltime,,,,,,False,director,"Design, Art/Creative, and Information Technology",,accommodations@arm.com,"Semiconductor Manufacturing, Software Development, and Computer Hardware Manufacturing",https://uk.linkedin.com/company/arm,,,,,,,,,,,
linkedin,Senior System Application Engineer (f/m/div),Infineon Technologies,"Frankfurt, Hesse, Germany",2026-09-18,https://www.linkedin.com/jobs/view/4459818008 , ,li-4459818008,fulltime,,,,,,False,mid-senior level,Information Technology,,,"Semiconductor Manufacturing, Appliances, Electrical, and Electronics Manufacturing, and Computer Hardware Manufacturing",https://de.linkedin.com/company/infineon-technologies,,,,,,,,,,,
linkedin,Hardware Entwickler (m/w/d) (ID: 22498),Da Vinci Engineering GmbH,"Bietigheim-Bissingen, Baden-Württemberg, Germany",2026-09-18,https://www.linkedin.com/jobs/view/4467857766 , ,li-4467857766,fulltime,,,,,,False,mid-senior level,Engineering,,,Engineering Services,https://de.linkedin.com/company/da-vinci-engineering-gmbh,,,,,,,,,,,
linkedin,Senior Embedded Software Engineer I,CesiumAstro,"Munich, Bavaria, Germany",2026-09-18,https://www.linkedin.com/jobs/view/4422390302 , ,li-4422390302,fulltime,,,,,,False,mid-senior level,Engineering and Information Technology,,,Defense and Space Manufacturing,https://www.linkedin.com/company/cesiumastro,,,,,,,,,,,
linkedin,Embedded Software Engineer for Aerospace Electronics (m/w/d),Liebherr Aerospace and Transportation,"Lindenberg im Allgäu, Bavaria, Germany",2026-09-18,https://www.linkedin.com/jobs/view/4431801477 , ,li-4431801477,fulltime,,,,,,False,mid-senior level,Engineering and Information Technology,,,Industrial Machinery Manufacturing,https://fr.linkedin.com/company/liebherr-aerospace-and-transportation,,,,,,,,,,,
linkedin,"Embedded Systems Engineer – Firmware, DAQ & Sensor Electronics (m/f/d)",CurveSYS™ | GmbH,,2026-09-18,https://www.linkedin.com/jobs/view/4469166372 , ,li-4469166372,fulltime,,,,,,True,entry level,Engineering and Information Technology,,careers@curvesys.com,"Appliances, Electrical, and Electronics Manufacturing",https://de.linkedin.com/company/curvesys-flexible-sensors,,,,,,,,,,,
linkedin,Embedded Systems Engineer (m/w/d),PCB Arts GmbH,"Fürth, Bavaria, Germany",2026-09-18,https://www.linkedin.com/jobs/view/4466694785 , ,li-4466694785,fulltime,,,,,,True,associate,Information Technology,,,Computer Hardware Manufacturing,https://de.linkedin.com/company/pcb-arts-gmbh,,,,,,,,,,,
linkedin,Hardware-/Firmware-Entwickler - Audio Devices (m/w/d),Instaffo,"Aachen, North Rhine-Westphalia, Germany",2026-09-18,https://www.linkedin.com/jobs/view/4469177530 , ,li-4469177530,fulltime,,,,,,False,mid-senior level,Information Technology and Engineering,,,Staffing and Recruiting,https://de.linkedin.com/company/instaffo-gmbh,,,,,,,,,,,
linkedin,"Embedded Software Engineer - C, Python, STM32 - €85,000",Findr,"Ravensburg, Baden-Württemberg, Germany",2026-09-18,https://www.linkedin.com/jobs/view/4469120289 , ,li-4469120289,fulltime,,,,,,False,mid-senior level,"Engineering, Information Technology, and Analyst",,,"Software Development, Computer Hardware Manufacturing, and Technology, Information and Media",https://de.linkedin.com/company/findr-tech,,,,,,,,,,,
linkedin,Software-Entwickler C++ / Embedded Linux (m/w/d),LACROIX,"Cologne, North Rhine-Westphalia, Germany",2026-09-18,https://www.linkedin.com/jobs/view/4467844077 , ,li-4467844077,fulltime,,,,,,False,associate,Engineering,,,Software Development,https://fr.linkedin.com/company/lacroix-group,,,,,,,,,,,
linkedin,"Senior Software Engineer, Embedded Android",Unity,"Munich, Bavaria, Germany",2026-09-18,https://www.linkedin.com/jobs/view/4467872786 , ,li-4467872786,fulltime,,,,,,False,mid-senior level,Engineering and Information Technology,,DPO@unity.com,Software Development,https://www.linkedin.com/company/unity,,,,,,,,,,,
linkedin,Software Engineer - Angular & C++ (m/f/x),Grob Aircraft,"Tussenhausen, Bavaria, Germany",2026-09-18,https://www.linkedin.com/jobs/view/4433085518 , ,li-4433085518,fulltime,,,,,,False,entry level,Engineering and Information Technology,,,Aviation and Aerospace Component Manufacturing,https://de.linkedin.com/company/grobaircraft,,,,,,,,,,,
linkedin,Systems Engineer V&V - Air,Helsing,"Munich, Bavaria, Germany",2026-09-18,https://www.linkedin.com/jobs/view/4466679860 , ,li-4466679860,fulltime,,,,,,True,mid-senior level,Information Technology,,,Software Development,https://de.linkedin.com/company/helsing,,,,,,,,,,,
linkedin,Principal Engineer-Applications (f/m/d),Microchip Technology Inc.,"Munich, Bavaria, Germany",2026-09-18,https://www.linkedin.com/jobs/view/4433093417 , ,li-4433093417,fulltime,,,,,,True,mid-senior level,Engineering,,,"Appliances, Electrical, and Electronics Manufacturing and Semiconductor Manufacturing",https://www.linkedin.com/company/microchip-technology,,,,,,,,,,,
linkedin,Lead Software Engineer (f/m/x),ZEISS Group,"Oberkochen, Baden-Württemberg, Germany",2026-09-17,https://www.linkedin.com/jobs/view/4468634475 , ,li-4468634475,fulltime,,,,,,False,mid-senior level,Engineering,,,"Appliances, Electrical, and Electronics Manufacturing",https://de.linkedin.com/company/zeiss,,,,,,,,,,,
linkedin,Application Engineer,GigaDevice Semiconductor Inc.,"Munich, Bavaria, Germany",2026-09-17,https://www.linkedin.com/jobs/view/4446487886 , ,li-4446487886,fulltime,,,,,,False,mid-senior level,Engineering and Design,,,Semiconductor Manufacturing,https://sg.linkedin.com/company/gigadevice,,,,,,,,,,,
linkedin,Systemarchitekt (w/m/d) Hochfrequenztechnik,TRUMPF,"Stutensee, Baden-Württemberg, Germany",2026-09-17,https://www.linkedin.com/jobs/view/4467578249 , ,li-4467578249,fulltime,,,,,,False,mid-senior level,Engineering and Information Technology,,david.brodkorb.external@trumpf.com,Machinery Manufacturing,https://www.linkedin.com/company/trumpf-se-co-kg,,,,,,,,,,,
linkedin,GNC Engineer (m/f/d),Isar Aerospace,"Parsdorf, Bavaria, Germany",2026-09-17,https://www.linkedin.com/jobs/view/4468697948 , ,li-4468697948,fulltime,,,,,,False,entry level,Engineering and Information Technology,,,Aviation and Aerospace Component Manufacturing,https://de.linkedin.com/company/isaraerospace,,,,,,,,,,,
linkedin,Prüffeldingenieur (m/w/d),DIS AG,"Bremen, Bremen, Germany",2026-09-17,https://www.linkedin.com/jobs/view/4459686996 , ,li-4459686996,fulltime,,,,,,False,entry level,Other,,,Human Resources Services,https://de.linkedin.com/company/dis-ag,,,,,,,,,,,
linkedin,Software Engineer (w/m/d) Embedded (Linux) Systems (w/m/d),TRUMPF,"Freiburg, Baden-Württemberg, Germany",2026-09-17,https://www.linkedin.com/jobs/view/4458313534 , ,li-4458313534,fulltime,,,,,,False,mid-senior level,Engineering and Information Technology,,david.brodkorb.external@trumpf.com,Machinery Manufacturing,https://www.linkedin.com/company/trumpf-se-co-kg,,,,,,,,,,,
linkedin,Senior Embedded (ARM) Engineer - Quantum Computing (m/w/d),eleQtron,"Siegen, North Rhine-Westphalia, Germany",2026-09-17,https://www.linkedin.com/jobs/view/4468394999 , ,li-4468394999,fulltime,,,,,,False,not applicable,Information Technology,,,IT Services and IT Consulting,https://de.linkedin.com/company/eleqtron-qc,,,,,,,,,,,
linkedin,Senior Embedded (ARM) Engineer - Quantum Computing (m/w/d),eleQtron,"Hamburg, Hamburg, Germany",2026-09-17,https://www.linkedin.com/jobs/view/4468611075 , ,li-4468611075,fulltime,,,,,,False,not applicable,Information Technology,,,IT Services and IT Consulting,https://de.linkedin.com/company/eleqtron-qc,,,,,,,,,,,
linkedin,Ground Segment Systems Engineer (d/f/m),Airbus Defence and Space,"Munich, Bavaria, Germany",2026-09-17,https://www.linkedin.com/jobs/view/4429824463 , ,li-4429824463,fulltime,,,,,,False,mid-senior level,Information Technology,,emsom@airbus.com,Defense and Space Manufacturing,https://www.linkedin.com/company/airbus-defence-and-space,,,,,,,,,,,
linkedin,Early Career - 5G/4G Physical Layer Firmware Verification and Integration Engineer (m/f/d),Apple,"Munich, Bavaria, Germany",2026-09-17,https://www.linkedin.com/jobs/view/4467123830 , ,li-4467123830,fulltime,,,,,,False,entry level,Engineering and Information Technology,,,Computers and Electronics Manufacturing,https://www.linkedin.com/company/apple,,,,,,,,,,,
linkedin,Trainee Program – Mixed-Signal IC Design for RF integrated circuits (RFIC) (all genders),Fraunhofer IIS,"Erlangen, Bavaria, Germany",2026-09-17,https://www.linkedin.com/jobs/view/4468619419 , ,li-4468619419,fulltime,,,,,,False,internship,"Design, Art/Creative, and Information Technology",,,Research Services,https://de.linkedin.com/company/fraunhofer-iis,,,,,,,,,,,
linkedin,"Ingenieur, Elektroingenieur - Projektmanagement (m/w/d)",WG SYSTEMS e.K.,"Berlin, Berlin, Germany",2026-09-17,https://www.linkedin.com/jobs/view/4467505302 , ,li-4467505302,fulltime,,,,,,False,mid-senior level,Information Technology,,,Media and Telecommunications,https://de.linkedin.com/company/wg-systems-e-k,,,,,,,,,,,
linkedin,Engineer eNVM Device Data Analysis,GlobalFoundries,"Dresden, Saxony, Germany",2026-09-17,https://www.linkedin.com/jobs/view/4467557709 , ,li-4467557709,fulltime,,,,,,False,entry level,Information Technology,,,Semiconductor Manufacturing,https://www.linkedin.com/company/globalfoundries,,,,,,,,,,,
linkedin,Robotics Software Engineer - Grasping,Intrinsic,"Munich, Bavaria, Germany",2026-09-17,https://www.linkedin.com/jobs/view/4438009491 , ,li-4438009491,fulltime,,,,,,False,mid-senior level,Engineering,,-support@intrinsic.ai,Software Development,https://www.linkedin.com/company/intrinsic,,,,,,,,,,,
linkedin,Satellite Control Center (SCC) Systems Engineer HW/SW (d/m/w,Airbus Defence and Space,"Munich, Bavaria, Germany",2026-09-17,https://www.linkedin.com/jobs/view/4429826423 , ,li-4429826423,fulltime,,,,,,False,mid-senior level,Engineering and Information Technology,,emsom@airbus.com,Defense and Space Manufacturing,https://www.linkedin.com/company/airbus-defence-and-space,,,,,,,,,,,
linkedin,Spezialist Produktsicherheit HF-Funkgeräte (all gender) 100,ALTEN,"Munich, Bavaria, Germany",2026-09-17,https://www.linkedin.com/jobs/view/4455033233 , ,li-4455033233,fulltime,,,,,,False,entry level,Engineering,,,Machinery Manufacturing and Aviation and Aerospace Component Manufacturing,https://fr.linkedin.com/company/alten,,,,,,,,,,,
linkedin,Staff Mixed-Signal Design Engineer,Analog Devices,,2026-09-17,https://www.linkedin.com/jobs/view/4446677291 , ,li-4446677291,fulltime,,,,,,False,mid-senior level,Engineering and Information Technology,,,Semiconductor Manufacturing,https://www.linkedin.com/company/analog-devices,,,,,,,,,,,
linkedin,Senior Engineer Application Engineering Ethernet Solutions (f/m/div),Infineon Technologies,"Ettlingen, Baden-Württemberg, Germany",2026-09-17,https://www.linkedin.com/jobs/view/4468628373 , ,li-4468628373,fulltime,,,,,,False,mid-senior level,Engineering and Information Technology,,,"Semiconductor Manufacturing, Appliances, Electrical, and Electronics Manufacturing, and Computer Hardware Manufacturing",https://de.linkedin.com/company/infineon-technologies,,,,,,,,,,,
linkedin,"Embedded Firmware Engineer (m/f/x) Credentials, Interfaces and Cybersecurity",ELATEC Group | Allegion,"Puchheim, Bavaria, Germany",2026-09-17,https://www.linkedin.com/jobs/view/4462138020 , ,li-4462138020,fulltime,,,,,,True,associate,Engineering,,,IT Services and IT Consulting,https://de.linkedin.com/company/elatec-rfid-systems,,,,,,,,,,,
linkedin,Elektrokonstrukteur in der Systemintegration (m/w/d),SCOPE Engineering GmbH,"Kiel, Schleswig-Holstein, Germany",2026-09-17,https://www.linkedin.com/jobs/view/4468355508 , ,li-4468355508,fulltime,,,,,,False,entry level,Information Technology,,,Warehousing and Storage,https://de.linkedin.com/company/scope-engineering-gmbh,,,,,,,,,,,
linkedin,Safety Entwickler (Mensch),NEURA Robotics,"Riederich, Baden-Württemberg, Germany",2026-09-17,https://www.linkedin.com/jobs/view/4468395335 , ,li-4468395335,fulltime,,,,,,False,entry level,Engineering and Information Technology,,,Automation Machinery Manufacturing,https://de.linkedin.com/company/neura-robotics,,,,,,,,,,,
linkedin,PCBA Quality Engineer (m/f/d),Advantest,"Böblingen, Baden-Württemberg, Germany",2026-09-17,https://www.linkedin.com/jobs/view/4468839527 , ,li-4468839527,fulltime,,,,,,False,mid-senior level,Quality Assurance,,,Semiconductor Manufacturing,https://jp.linkedin.com/company/advantest,,,,,,,,,,,
linkedin,Senior Software Engineer,Cerence AI,"Ulm, Baden-Württemberg, Germany",2026-09-17,https://www.linkedin.com/jobs/view/4462223392 , ,li-4462223392,fulltime,,,,,,False,mid-senior level,Engineering and Information Technology,,,Software Development,https://www.linkedin.com/company/cerence,,,,,,,,,,,
linkedin,Lead Engineer Analog ASIC Design (f/m/div.),Bosch,"Reutlingen, Baden-Württemberg, Germany",2026-09-17,https://www.linkedin.com/jobs/view/4467502742 , ,li-4467502742,fulltime,,,,,,False,associate,Research,,,Automotive,https://de.linkedin.com/company/bosch,,,,,,,,,,,
linkedin,Senior Expert (w/m/d) Vision Systems,B. Braun Group,"Melsungen, Hesse, Germany",2026-09-17,https://www.linkedin.com/jobs/view/4437381489 , ,li-4437381489,fulltime,,,,,,False,mid-senior level,Business Development and Sales,,,Medical Equipment Manufacturing,https://de.linkedin.com/company/bbraun-group,,,,,,,,,,,
linkedin,Lead Technology Expert - Drohnen (m/w/d),BWI GmbH,"Leipzig, Saxony, Germany",2026-09-17,https://www.linkedin.com/jobs/view/4459641664 , ,li-4459641664,fulltime,,,,,,False,mid-senior level,Information Technology,,,IT Services and IT Consulting,https://de.linkedin.com/company/bwi-gmbh,,,,,,,,,,,
linkedin,Embedded DSP Software Engineer (all gender) – SDR & Hochfrequenzsysteme 100,ALTEN,"Munich, Bavaria, Germany",2026-09-17,https://www.linkedin.com/jobs/view/4455023382 , ,li-4455023382,fulltime,,,,,,False,entry level,Engineering,,,Machinery Manufacturing and Aviation and Aerospace Component Manufacturing,https://fr.linkedin.com/company/alten,,,,,,,,,,,
linkedin,"Engineer II, Analog Mixed-Signal Design",SiTime,"Munich, Bavaria, Germany",2026-09-17,https://www.linkedin.com/jobs/view/4440559521 , ,li-4440559521,fulltime,,,,,,False,mid-senior level,Engineering and Information Technology,,,Semiconductor Manufacturing,https://www.linkedin.com/company/sitime,,,,,,,,,,,
linkedin,Electronics Developer (f/m/d),Agile Robots SE,"Munich, Bavaria, Germany",2026-09-17,https://www.linkedin.com/jobs/view/4466264562 , ,li-4466264562,fulltime,,,,,,False,associate,Administrative,,,Robot Manufacturing and Robotics Engineering,https://de.linkedin.com/company/agile-robots-se,,,,,,,,,,,
linkedin,Senior Hardware Engineer Power Electronics (m/w/d),Michael Page,"Munich, Bavaria, Germany",2026-09-17,https://www.linkedin.com/jobs/view/4468648840 , ,li-4468648840,fulltime,,,,,,False,mid-senior level,Manufacturing and Engineering,,,"Industrial Machinery Manufacturing and Appliances, Electrical, and Electronics Manufacturing",https://uk.linkedin.com/company/michael-page,,,,,,,,,,,
linkedin,Elektroingenieur:in,Newton Dynamics,"Augsburg, Bavaria, Germany",2026-09-17,https://www.linkedin.com/jobs/view/4468378754 , ,li-4468378754,fulltime,,,,,,False,mid-senior level,Engineering,,,IT Services and IT Consulting,https://de.linkedin.com/company/newton-dynamics-gmbh,,,,,,,,,,,
linkedin,Control System Engineer (m/f/d),Agile Robots SE,,2026-09-17,https://www.linkedin.com/jobs/view/4466251793 , ,li-4466251793,fulltime,,,,,,False,associate,Administrative,,,"Robotics Engineering, Robot Manufacturing, and Software Development",https://de.linkedin.com/company/agile-robots-se,,,,,,,,,,,
linkedin,High Speed Data Connector SI/EMC Design Engineer,Aptiv,"Wuppertal, North Rhine-Westphalia, Germany",2026-09-17,https://www.linkedin.com/jobs/view/4459683219 , ,li-4459683219,fulltime,,,,,,False,not applicable,Engineering and Information Technology,,,Automation Machinery Manufacturing,https://ch.linkedin.com/company/aptiv,,,,,,,,,,,
linkedin,Entwicklungsingenieur / Produktentwickler (m/w/d) Industriesteckverbinder,HARTING Technology Group,"Espelkamp, North Rhine-Westphalia, Germany",2026-09-17,https://www.linkedin.com/jobs/view/4411311723 , ,li-4411311723,fulltime,,,,,,False,entry level,Engineering and Information Technology,,,Automation Machinery Manufacturing,https://de.linkedin.com/company/harting,,,,,,,,,,,
linkedin,Antenna Design Engineer / RF Integration Specialist (all gender) 100,ALTEN,"Berlin, Germany",2026-09-17,https://www.linkedin.com/jobs/view/4455023398 , ,li-4455023398,fulltime,,,,,,False,entry level,Engineering,,,Machinery Manufacturing and Aviation and Aerospace Component Manufacturing,https://fr.linkedin.com/company/alten,,,,,,,,,,,
linkedin,Mechatronikingenieur / Konstruktionsingenieur (all gender) Mechatronische Baugruppen | Maschinenbau | 3DEXPERIENCE | Defence 100,ALTEN,"Schrobenhausen, Bavaria, Germany",2026-09-17,https://www.linkedin.com/jobs/view/4455040226 , ,li-4455040226,fulltime,,,,,,False,associate,"Engineering, Quality Assurance, and Information Technology",,,Machinery Manufacturing and Aviation and Aerospace Component Manufacturing,https://fr.linkedin.com/company/alten,,,,,,,,,,,
linkedin,Senior Entwicklungsingenieur (all gender),ALTEN,"Munich, Bavaria, Germany",2026-09-17,https://www.linkedin.com/jobs/view/4455034028 , ,li-4455034028,fulltime,,,,,,False,entry level,Engineering,,,Machinery Manufacturing and Aviation and Aerospace Component Manufacturing,https://fr.linkedin.com/company/alten,,,,,,,,,,,
linkedin,Senior Innovation Engineer (m/w/d) im Innovation Hub Espelkamp,HARTING Technology Group,"Espelkamp, North Rhine-Westphalia, Germany",2026-09-17,https://www.linkedin.com/jobs/view/4457104044 , ,li-4457104044,fulltime,,,,,,False,mid-senior level,Engineering and Information Technology,,,Automation Machinery Manufacturing,https://de.linkedin.com/company/harting,,,,,,,,,,,
linkedin,Payload Data Processing Engineer,constellr,"Berlin, Germany",2026-09-17,https://www.linkedin.com/jobs/view/4468699968 , ,li-4468699968,fulltime,,,,,,True,mid-senior level,Information Technology,,,Defense and Space Manufacturing,https://de.linkedin.com/company/constellr,,,,,,,,,,,
linkedin,Senior Application Engineer (f/m/d),HOLOPLOT,"Berlin, Berlin, Germany",2026-09-17,https://www.linkedin.com/jobs/view/4460992470 , ,li-4460992470,fulltime,,,,,,False,associate,Engineering,,,"Appliances, Electrical, and Electronics Manufacturing",https://de.linkedin.com/company/holoplot-gmbh,,,,,,,,,,,
linkedin,Research Associate (Postdoc) (f/m/x) Geodynamics and Geophysics,University of Bremen,"Bremen, Bremen, Germany",2026-09-17,https://www.linkedin.com/jobs/view/4462141748 , ,li-4462141748,fulltime,,,,,,True,entry level,"Science, Research, and Project Management",,,Higher Education and Public Policy Offices,https://de.linkedin.com/school/university-of-bremen/,,,,,,,,,,,
linkedin,Wissenschaftliche/r Mitarbeiter/in im Bereich »Schwarmtechnologie« in Dresden,Fraunhofer IVI,"Dresden, Saxony, Germany",2026-09-17,https://www.linkedin.com/jobs/view/4467168994 , ,li-4467168994,fulltime,,,,,,False,entry level,"Research, Analyst, and Information Technology",,"christoph.steup@ivi.fraunhofer.de, anja.rehm@ivi.fraunhofer.de",Research,https://de.linkedin.com/company/fraunhofer-institute-for-transportation-and-infrastructure-systems-ivi,,,,,,,,,,,
linkedin,GNC Engineer,The Exploration Company,"Munich, Bavaria, Germany",2026-09-17,https://www.linkedin.com/jobs/view/4458391243 , ,li-4458391243,fulltime,,,,,,False,entry level,Engineering and Information Technology,,,Aviation and Aerospace Component Manufacturing,https://de.linkedin.com/company/exploration-company,,,,,,,,,,,
linkedin,Digital SoC ASIC Physical Implementation Engineer (f/m/div.),Bosch,"Dresden, Saxony, Germany",2026-09-17,https://www.linkedin.com/jobs/view/4467504713 , ,li-4467504713,fulltime,,,,,,False,associate,Engineering,,,Automotive,https://de.linkedin.com/company/bosch,,,,,,,,,,,
linkedin,Trainee Program - Digital Accelerator IC Design (all genders),Fraunhofer IIS,"Erlangen, Bavaria, Germany",2026-09-17,https://www.linkedin.com/jobs/view/4466086369 , ,li-4466086369,fulltime,,,,,,False,internship,"Design, Art/Creative, and Information Technology",,,Research Services,https://de.linkedin.com/company/fraunhofer-iis,,,,,,,,,,,
linkedin,Postdoctoral Researcher (f/m/x) – Event Segmentation and Laminar 7T fMRI in Alzheimer’s Disease,German Center for Neurodegenerative Diseases (DZNE),"Magdeburg, Saxony-Anhalt, Germany",2026-09-17,https://www.linkedin.com/jobs/view/4468603316 , ,li-4468603316,fulltime,,,,,,True,mid-senior level,Research,,david.berron@dzne.de,Research Services and Biotechnology Research,https://de.linkedin.com/company/dzne,,,,,,,,,,,
linkedin,Hardware-Entwickler (m/w/d),ISGUS Group,"Villingen-Schwenningen, Baden-Württemberg, Germany",2026-09-17,https://www.linkedin.com/jobs/view/4466250925 , ,li-4466250925,parttime,,,,,,False,mid-senior level,Information Technology,,,Software Development,https://de.linkedin.com/company/isgus-gmbh,,,,,,,,,,,
linkedin,"Engineer, Principal (m/f/d) product system architecture  - Multiple locations possible",Qualcomm,"Munich, Bavaria, Germany",2026-09-17,https://www.linkedin.com/jobs/view/4457961400 , ,li-4457961400,fulltime,,,,,,False,not applicable,Other,,-accomodations@qualcomm.com,Semiconductor Manufacturing,https://www.linkedin.com/company/qualcomm,,,,,,,,,,,
linkedin,"Senior Software Engineer, Behavior Planning",AeroVect,"Frankfurt, Hesse, Germany",2026-09-17,https://www.linkedin.com/jobs/view/4468816413 , ,li-4468816413,fulltime,,,,,,False,mid-senior level,Engineering and Information Technology,,,Airlines and Aviation,https://www.linkedin.com/company/aerovect,,,,,,,,,,,
linkedin,"Engineer, Principal (m/f/d) product system architecture  - Multiple locations possible",Qualcomm,"Ingolstadt, Bavaria, Germany",2026-09-17,https://www.linkedin.com/jobs/view/4457963392 , ,li-4457963392,fulltime,,,,,,False,not applicable,Other,,-accomodations@qualcomm.com,Semiconductor Manufacturing,https://www.linkedin.com/company/qualcomm,,,,,,,,,,,
linkedin,Anwendungsingenieur:in,Volz Servos,"Offenbach, Hesse, Germany",2026-09-17,https://www.linkedin.com/jobs/view/4468609553 , ,li-4468609553,fulltime,,,,,,False,associate,Engineering,,,Aviation and Aerospace Component Manufacturing,https://de.linkedin.com/company/volz-servos,,,,,,,,,,,
linkedin,Teamleiter Electrical Design (m/w/d),Starkstrom Gerätebau GmbH,"Regensburg, Bavaria, Germany",2026-09-17,https://www.linkedin.com/jobs/view/4421813044 , ,li-4421813044,fulltime,,,,,,False,mid-senior level,"Design, Art/Creative, and Information Technology",,,Electrical Equipment Manufacturing,https://de.linkedin.com/company/starkstrom-ger%C3%A4tebau,,,,,,,,,,,
linkedin,Senior Electronic Warfare Engineer,Hypersonica,"Munich, Bavaria, Germany",2026-09-17,https://www.linkedin.com/jobs/view/4468828562 , ,li-4468828562,fulltime,,,,,,False,mid-senior level,Engineering and Information Technology,,,Defense and Space Manufacturing,https://de.linkedin.com/company/hypersonicagmbh,,,,,,,,,,,
linkedin,PLC Developer (m/w/d),SSI SCHÄFER,"Giebelstadt, Bavaria, Germany",2026-09-17,https://www.linkedin.com/jobs/view/4468681124 , ,li-4468681124,fulltime,,,,,,False,entry level,Engineering and Information Technology,,,"Transportation, Logistics, Supply Chain and Storage",https://fr.linkedin.com/company/ssischaefer,,,,,,,,,,,
linkedin,Lead Technology Expert - Drohnen (m/w/d),BWI GmbH,"Ulm, Baden-Württemberg, Germany",2026-09-17,https://www.linkedin.com/jobs/view/4459656560 , ,li-4459656560,fulltime,,,,,,False,mid-senior level,Information Technology,,,IT Services and IT Consulting,https://de.linkedin.com/company/bwi-gmbh,,,,,,,,,,,
linkedin,Senior Engineer Electrical Systems( all genders),Deutsche Aircraft,"Wessling, Bavaria, Germany",2026-09-17,https://www.linkedin.com/jobs/view/4466604066 , ,li-4466604066,fulltime,,,,,,False,associate,,,,Aviation and Aerospace Component Manufacturing,https://de.linkedin.com/company/deutsche-aircraft,,,,,,,,,,,
linkedin,Technischer Berater (m/w/d),Niedersächsische Landesmedienanstalt (NLM),"Hannover, Lower Saxony, Germany",2026-09-16,https://www.linkedin.com/jobs/view/4468307650 , ,li-4468307650,fulltime,,,,,,False,mid-senior level,Information Technology,,"bewerbung@nlm.de, bewerbung@nlm.de",Executive Offices,https://www.linkedin.com/company/niedersaechsische-landesmedienanstalt,,,,,,,,,,,
linkedin,Optical System Engineer (m/f/d),Corning Incorporated,"Berlin, Berlin, Germany",2026-09-16,https://www.linkedin.com/jobs/view/4466226870 , ,li-4466226870,fulltime,,,,,,True,mid-senior level,Information Technology,,accommodations@corning.com,"Glass, Ceramics and Concrete Manufacturing",https://www.linkedin.com/company/corning-incorporated,,,,,,,,,,,
linkedin,Principal SerDes System/DSP Design Engineer,Ciena,,2026-09-16,https://www.linkedin.com/jobs/view/4370239717 , ,li-4370239717,fulltime,,,,,,False,mid-senior level,Education and Training,,,Telecommunications,https://www.linkedin.com/company/ciena,,,,,,,,,,,
linkedin,Wissenschaftlich*e Mitarbeiter*in (PostDoc) im Bereich geokodierte Wahldaten,GESIS - Leibniz Institute for the Social Sciences,"Mannheim, Baden-Württemberg, Germany",2026-09-16,https://www.linkedin.com/jobs/view/4466245651 , ,li-4466245651,fulltime,,,,,,False,internship,"Research, Analyst, and Information Technology",,,Research Services,https://de.linkedin.com/company/gesis-org,,,,,,,,,,,
linkedin,Systemingenieur (M/W/D),OSI Maritime Systems,"Kiel, Schleswig-Holstein, Germany",2026-09-16,https://www.linkedin.com/jobs/view/4468244019 , ,li-4468244019,fulltime,,,,,,False,mid-senior level,Information Technology,,,Defense and Space Manufacturing,https://ca.linkedin.com/company/osimaritime,,,,,,,,,,,
linkedin,Senior Embedded Software-Entwickler / Embedded Software Engineer (m/w/d) C/C++ & RTOS,UX Gruppe,"Gilching, Bavaria, Germany",,https://www.linkedin.com/jobs/view/4469304793 , ,li-4469304793,fulltime,,,,,,False,associate,Information Technology,,,Software Development,https://de.linkedin.com/company/ux-gruppe,,,,,,,,,,,
linkedin,Embedded Software Engineer,Hamilton Barnes 🌳,"Bodenseekreis, Baden-Württemberg, Germany",,https://www.linkedin.com/jobs/view/4457755545 , ,li-4457755545,fulltime,,,,,,False,associate,Engineering,,,Engineering Services,https://uk.linkedin.com/company/hamilton-barnes,,,,,,,,,,,
linkedin,Automotive- Embedded Software Applications Engineer (m/f/d) – Platform/BSP - Ingolstadt,Qualcomm,"Ingolstadt, Bavaria, Germany",,https://www.linkedin.com/jobs/view/4451191637 , ,li-4451191637,fulltime,,,,,,False,not applicable,Other,,-accomodations@qualcomm.com,Semiconductor Manufacturing,https://www.linkedin.com/company/qualcomm,,,,,,,,,,,
linkedin,Senior Embedded Linux Platform Engineer (F/M/D),NavVis,"Munich, Bavaria, Germany",,https://www.linkedin.com/jobs/view/4452487416 , ,li-4452487416,fulltime,,,,,,False,mid-senior level,Engineering and Information Technology,,,"Technology, Information and Internet",https://de.linkedin.com/company/navvis,,,,,,,,,,,
linkedin,Software-Entwickler (m/w/d),Tröger & Cie. Executive Search,"Bavaria, Germany",,https://www.linkedin.com/jobs/view/4470912107 , ,li-4470912107,fulltime,,,,,,False,associate,Engineering and Information Technology,,,"Machinery Manufacturing, Agriculture, Construction, Mining Machinery Manufacturing, and Motor Vehicle Manufacturing",https://de.linkedin.com/company/tr%C3%B6ger-&-cie-aktiengesellschaft,,,,,,,,,,,
linkedin,Founding Robotics Engineer | Field Deployment (m/f/d),Naxon Robotics,"Munich, Bavaria, Germany",,https://www.linkedin.com/jobs/view/4470633894 , ,li-4470633894,fulltime,,,,,,False,mid-senior level,Engineering and Information Technology,,jobs@naxonrobotics.com,Robotics Engineering,https://de.linkedin.com/company/naxonrobotics,,,,,,,,,,,
linkedin,Senior System Engineer,Gentherm,"Treuchtlingen, Bavaria, Germany",,https://www.linkedin.com/jobs/view/4460935500 , ,li-4460935500,fulltime,,,,,,False,mid-senior level,Engineering,,,Motor Vehicle Manufacturing,https://www.linkedin.com/company/gentherm,,,,,,,,,,,
linkedin,Robotics Control Engineer (human),NEURA Robotics,,,https://www.linkedin.com/jobs/view/4470956467 , ,li-4470956467,fulltime,,,,,,False,mid-senior level,Engineering and Information Technology,,,Automation Machinery Manufacturing,https://de.linkedin.com/company/neura-robotics,,,,,,,,,,,
linkedin,"Entwicklungsingenieur (m/w/d) für Radar-Signalverarbeitung in der Flugkörperentwicklung (Nachrichtentechnik, Informationstechnik, Elektrotechnik od...",Diehl Defence,"Überlingen, Baden-Württemberg, Germany",,https://www.linkedin.com/jobs/view/4469419606 , ,li-4469419606,fulltime,,,,,,False,entry level,Engineering and Information Technology,,,Defense and Space Manufacturing,https://de.linkedin.com/company/diehl-defence,,,,,,,,,,,
linkedin,"Entwicklungsingenieur mit einschlägiger Berufserfahrung (m/w/d) für Radar-Signalverarbeitung in der Flugkörperentwicklung (Nachrichtentechnik, Info...",Diehl Group,"Überlingen, Baden-Württemberg, Germany",,https://www.linkedin.com/jobs/view/4469427488 , ,li-4469427488,fulltime,,,,,,False,mid-senior level,Engineering and Information Technology,,,"Appliances, Electrical, and Electronics Manufacturing",https://de.linkedin.com/company/diehl-group,,,,,,,,,,,
linkedin,"Entwicklungsingenieur mit einschlägiger Berufserfahrung (m/w/d) für Radar-Signalverarbeitung in der Flugkörperentwicklung (Nachrichtentechnik, Info...",Diehl Defence,"Überlingen, Baden-Württemberg, Germany",,https://www.linkedin.com/jobs/view/4469423596 , ,li-4469423596,fulltime,,,,,,False,mid-senior level,Engineering and Information Technology,,,Defense and Space Manufacturing,https://de.linkedin.com/company/diehl-defence,,,,,,,,,,,
linkedin,Entwicklungsingenieur (m/w/d) für die Integration & Verifikation von Luftverteidigungssystemen,Diehl Defence,"Röthenbach an der Pegnitz, Bavaria, Germany",,https://www.linkedin.com/jobs/view/4469426427 , ,li-4469426427,fulltime,,,,,,False,entry level,Engineering and Information Technology,,,Defense and Space Manufacturing,https://de.linkedin.com/company/diehl-defence,,,,,,,,,,,
linkedin,Roboter-Programmierer (m/w/d),Oehmichen & Bürgers Industrieplanung GmbH,"Düsseldorf, North Rhine-Westphalia, Germany",,https://www.linkedin.com/jobs/view/4470900840 , ,li-4470900840,fulltime,,,,,,False,entry level,Engineering and Information Technology,,,Engineering Services,https://de.linkedin.com/company/oub,,,,,,,,,,,
linkedin,Systemingenieur (m/w/d) für Sensor- und Messsysteme,Diehl Metall,"Gilching, Bavaria, Germany",,https://www.linkedin.com/jobs/view/4468921912 , ,li-4468921912,fulltime,,,,,,False,mid-senior level,Information Technology,,,Fabricated Metal Products,https://de.linkedin.com/company/diehl-metall,,,,,,,,,,,
linkedin,Entwicklungsingenieur (m/w/d) für Flugregelung,Diehl Defence,"Röthenbach an der Pegnitz, Bavaria, Germany",,https://www.linkedin.com/jobs/view/4469433255 , ,li-4469433255,fulltime,,,,,,False,entry level,Engineering and Information Technology,,,Defense and Space Manufacturing,https://de.linkedin.com/company/diehl-defence,,,,,,,,,,,
linkedin,Entwicklungsingenieur (m/w/d) für Flugregelung,Diehl Group,"Röthenbach an der Pegnitz, Bavaria, Germany",,https://www.linkedin.com/jobs/view/4469431393 , ,li-4469431393,fulltime,,,,,,False,entry level,Engineering and Information Technology,,,"Appliances, Electrical, and Electronics Manufacturing",https://de.linkedin.com/company/diehl-group,,,,,,,,,,,
linkedin,"IT-Affiner Physiker (m/w/d), Mathematiker (m/w/d) oder Ingenieur (m/w/d), vorzugsweise mit Promotion",Diehl Group,"Überlingen, Baden-Württemberg, Germany",,https://www.linkedin.com/jobs/view/4469425568 , ,li-4469425568,fulltime,,,,,,False,entry level,Engineering and Information Technology,,,"Appliances, Electrical, and Electronics Manufacturing",https://de.linkedin.com/company/diehl-group,,,,,,,,,,,
linkedin,"IT-Affiner Physiker (m/w/d), Mathematiker (m/w/d) oder Ingenieur (m/w/d), vorzugsweise mit Promotion",Diehl Defence,"Überlingen, Baden-Württemberg, Germany",,https://www.linkedin.com/jobs/view/4469424469 , ,li-4469424469,fulltime,,,,,,False,entry level,Engineering and Information Technology,,,Defense and Space Manufacturing,https://de.linkedin.com/company/diehl-defence,,,,,,,,,,,
linkedin,Senior Automation & Commissioning Expert – Siemens / Motion Control,Unplayable Talents,"Hamburg, Germany",,https://www.linkedin.com/jobs/view/4469470144 , ,li-4469470144,fulltime,,,,,,False,entry level,Engineering and Information Technology,,,"Industrial Machinery Manufacturing, Machinery Manufacturing, and Defense and Space Manufacturing",https://ae.linkedin.com/company/unplayable-talents,,,,,,,,,,,
linkedin,Systems Engineer (m/w/d) Hardware,mamgo | Talente 🔗 Jobs,"Munich, Bavaria, Germany",,https://www.linkedin.com/jobs/view/4470984413 , ,li-4470984413,fulltime,,,,,,False,mid-senior level,Information Technology,,,"Technology, Information and Internet",https://de.linkedin.com/company/mamgo-io,,,,,,,,,,,
linkedin,"Entwicklungsingenieur Hardware, all genders",SALT AND PEPPER Group,"Osnabrück, Lower Saxony, Germany",,https://www.linkedin.com/jobs/view/4069341891 , ,li-4069341891,fulltime,,,,,,False,entry level,Engineering and Information Technology,,,Engineering Services,https://de.linkedin.com/company/salt-and-pepper,,,,,,,,,,,
linkedin,Entwicklungsingenieur (m/w/d) Hardware,Diehl Group,"Rostock, Mecklenburg-West Pomerania, Germany",,https://www.linkedin.com/jobs/view/4469418794 , ,li-4469418794,fulltime,,,,,,False,entry level,Engineering and Information Technology,,,"Appliances, Electrical, and Electronics Manufacturing",https://de.linkedin.com/company/diehl-group,,,,,,,,,,,
linkedin,Entwicklungsingenieur (m/w/d) Hardware,Diehl Aviation,"Rostock, Mecklenburg-West Pomerania, Germany",,https://www.linkedin.com/jobs/view/4469425468 , ,li-4469425468,fulltime,,,,,,False,entry level,Engineering and Information Technology,,,Aviation and Aerospace Component Manufacturing,https://de.linkedin.com/company/diehl-aviation,,,,,,,,,,,
linkedin,Electronics Design Engineer (m/w/d),mamgo | Talente 🔗 Jobs,"Munich, Bavaria, Germany",,https://www.linkedin.com/jobs/view/4470636671 , ,li-4470636671,fulltime,,,,,,False,mid-senior level,Engineering and Information Technology,,,"Technology, Information and Internet",https://de.linkedin.com/company/mamgo-io,,,,,,,,,,,
linkedin,Hardwareentwickler (m/w/d),XTENDED ENGINEERING GMBH,"Munich, Bavaria, Germany",,https://www.linkedin.com/jobs/view/4470931580 , ,li-4470931580,fulltime,,,,,,False,entry level,Engineering and Information Technology,,,Engineering Services,https://de.linkedin.com/company/xtendedengineering,,,,,,,,,,,
linkedin,Design Engineer (m/w/d) Mechatronik / Hydraulik - Serienbetreuung,Brunel,"Hannover, Lower Saxony, Germany",,https://www.linkedin.com/jobs/view/4470695262 , ,li-4470695262,fulltime,,,,,,False,associate,Production,,,Machinery Manufacturing,https://nl.linkedin.com/company/brunel,,,,,,,,,,,
linkedin,Senior Elektroingenieur (m/w/d) – Analogelektronik & Messtechnik,EMPIT,"Berlin, Berlin, Germany",,https://www.linkedin.com/jobs/view/4463500554 , ,li-4463500554,fulltime,,,,,,False,associate,Engineering,,,Software Development,https://de.linkedin.com/company/empit,,,,,,,,,,,
linkedin,Elektrokonstrukteur / Softwareentwickler (m/w/d) / Achern,KASTO Maschinenbau GmbH & Co. KG,"Achern, Baden-Württemberg, Germany",,https://www.linkedin.com/jobs/view/4469419068 , ,li-4469419068,fulltime,,,,,,False,mid-senior level,Engineering,,,Warehousing and Storage,https://de.linkedin.com/company/kasto,,,,,,,,,,,
linkedin,Mechanical Design Engineer,Proxima Fusion,"Munich, Bavaria, Germany",,https://www.linkedin.com/jobs/view/4469466671 , ,li-4469466671,fulltime,,,,,,False,mid-senior level,Engineering and Information Technology,,,Electric Power Generation,https://de.linkedin.com/company/proximafusion,,,,,,,,,,,
linkedin,Entwicklungsingenieur (m/w/d) Elektrotechnik,Diehl Defence,"Überlingen, Baden-Württemberg, Germany",,https://www.linkedin.com/jobs/view/4469438176 , ,li-4469438176,fulltime,,,,,,False,entry level,Engineering and Information Technology,,,Defense and Space Manufacturing,https://de.linkedin.com/company/diehl-defence,,,,,,,,,,,
linkedin,Entwicklungsingenieur (m/w/d) Elektrotechnik,Diehl Group,"Überlingen, Baden-Württemberg, Germany",,https://www.linkedin.com/jobs/view/4469417813 , ,li-4469417813,fulltime,,,,,,False,entry level,Engineering and Information Technology,,,"Appliances, Electrical, and Electronics Manufacturing",https://de.linkedin.com/company/diehl-group,,,,,,,,,,,
linkedin,"Entwicklungsingenieur (m/w/d) für elektrooptische Systeme mit Schwerpunkt Sensoren, gerne mit Promotion",Diehl Group,"Überlingen, Baden-Württemberg, Germany",,https://www.linkedin.com/jobs/view/4469436324 , ,li-4469436324,fulltime,,,,,,False,mid-senior level,Engineering and Information Technology,,,"Appliances, Electrical, and Electronics Manufacturing",https://de.linkedin.com/company/diehl-group,,,,,,,,,,,
linkedin,"Entwicklungsingenieur (m/w/d) für elektrooptische Systeme mit Schwerpunkt Sensoren, gerne mit Promotion",Diehl Defence,"Überlingen, Baden-Württemberg, Germany",,https://www.linkedin.com/jobs/view/4469416728 , ,li-4469416728,fulltime,,,,,,False,mid-senior level,Engineering and Information Technology,,,Defense and Space Manufacturing,https://de.linkedin.com/company/diehl-defence,,,,,,,,,,,
linkedin,Avionics / Electrical Systems Engineer (m/w/d),mamgo | Talente 🔗 Jobs,"Tussenhausen, Bavaria, Germany",,https://www.linkedin.com/jobs/view/4470976750 , ,li-4470976750,fulltime,,,,,,False,mid-senior level,Engineering and Information Technology,,,"Technology, Information and Internet",https://de.linkedin.com/company/mamgo-io,,,,,,,,,,,
linkedin,Mechanisms Engineer - Solar Arrays,Zero to One Search | Recruitment Agency,"Germering, Bavaria, Germany",,https://www.linkedin.com/jobs/view/4468992172 , ,li-4468992172,fulltime,,,,,,False,mid-senior level,Quality Assurance,,,Defense and Space Manufacturing,https://de.linkedin.com/company/zero-to-one-search,,,,,,,,,,,
linkedin,Flight Control System (FCS) / Flight Management System (FMS) equipment design responsible (m/f/d),Airbus Defence and Space,"Manching, Bavaria, Germany",,https://www.linkedin.com/jobs/view/4459553248 , ,li-4459553248,contract,,,,,,True,mid-senior level,Engineering and Information Technology,,emsom@airbus.com,Defense and Space Manufacturing,https://www.linkedin.com/company/airbus-defence-and-space,,,,,,,,,,,
linkedin,System-/Projektingenieur für Aufklärungssysteme (m/w/d),TKMS,"Kiel, Schleswig-Holstein, Germany",,https://www.linkedin.com/jobs/view/4468990335 , ,li-4468990335,fulltime,,,,,,False,mid-senior level,Engineering,,,Utilities,https://de.linkedin.com/company/tkms,,,,,,,,,,,
linkedin,studentische Aushilfe (w/m/d) - Entwurf und Validierung eines Roboterwerkzeugs,German Aerospace Center (DLR),"Oberpfaffenhofen, Bavaria, Germany",,https://www.linkedin.com/jobs/view/4470995987 , ,li-4470995987,fulltime,,,,,,False,entry level,Other,,,Research Services,https://de.linkedin.com/company/dlr,,,,,,,,,,,
linkedin,Technical Product Designer (w/m/d),GEALAN,"Oberkotzau, Bavaria, Germany",,https://www.linkedin.com/jobs/view/4470977110 , ,li-4470977110,fulltime,,,,,,False,mid-senior level,"Design, Art/Creative, and Information Technology",,tavci@gealan.de,Construction,https://de.linkedin.com/company/gealan-fenster-systeme-gmbh,,,,,,,,,,,
linkedin,EAS- Senior Engineer Systems Installation (m/w/d),XTENDED ENGINEERING GMBH,"Munich, Bavaria, Germany",,https://www.linkedin.com/jobs/view/4470929663 , ,li-4470929663,fulltime,,,,,,False,mid-senior level,Administrative,,,Engineering Services,https://de.linkedin.com/company/xtendedengineering,,,,,,,,,,,
linkedin,RFIC silicon lab validation engineer (m/w/d),Harvey Nash,"München, Bavaria, Germany",,https://www.linkedin.com/jobs/view/4469478292 , ,li-4469478292,fulltime,,,,,,True,associate,,,,Telecommunications,https://uk.linkedin.com/company/harvey-nash,,,,,,,,,,,
linkedin,Duales Studium Konstruktionstechnik (B.Eng.),MeKo Manufacturing,"Sarstedt, Lower Saxony, Germany",,https://www.linkedin.com/jobs/view/4469306417 , ,li-4469306417,fulltime,,,,,,False,entry level,Engineering,,ausbildung@meko.de,Machinery Manufacturing,https://de.linkedin.com/company/meko-laser,,,,,,,,,,,
linkedin,"Entwicklungsingenieur (m/w/d) für Radar-Signalverarbeitung in der Flugkörperentwicklung (Nachrichtentechnik, Informationstechnik, Elektrotechnik od...",Diehl Group,"Überlingen, Baden-Württemberg, Germany",,https://www.linkedin.com/jobs/view/4469434340 , ,li-4469434340,fulltime,,,,,,False,entry level,Engineering and Information Technology,,,"Appliances, Electrical, and Electronics Manufacturing",https://de.linkedin.com/company/diehl-group,,,,,,,,,,,
linkedin,AI Founding Engineer: RF Machine Learning (SIGINT) (f/m/d),Datacept,"Hamburg, Hamburg, Germany",,https://www.linkedin.com/jobs/view/4468924817 , ,li-4468924817,fulltime,,,,,,True,mid-senior level,Engineering,,,Software Development,https://de.linkedin.com/company/datacept-ai,,,,,,,,,,,
linkedin,Research Assistant (all genders) - Speech and Audio Applications,Fraunhofer IIS,"Erlangen, Bavaria, Germany",,https://www.linkedin.com/jobs/view/4470986492 , ,li-4470986492,fulltime,,,,,,False,entry level,"Research, Analyst, and Information Technology",,,Research Services,https://de.linkedin.com/company/fraunhofer-iis,,,,,,,,,,,
linkedin,Forward Deployed Engineer (Audio & Voice AI),ai-coustics,"Berlin, Berlin, Germany",,https://www.linkedin.com/jobs/view/4468988897 , ,li-4468988897,fulltime,,,,,,False,associate,Engineering,,,IT Services and IT Consulting,https://de.linkedin.com/company/ai-coustics,,,,,,,,,,,
linkedin,Physiker (m/w/d) als Data Scientist / Algorithmenentwickler für Wasserstoff- und Energietransportinfrastrukturen,ROSEN,"Lingen, Lower Saxony, Germany",,https://www.linkedin.com/jobs/view/4469473380 , ,li-4469473380,fulltime,,,,,,False,mid-senior level,Engineering and Information Technology,,,Industrial Machinery Manufacturing and Oil and Gas,https://ch.linkedin.com/company/rosen,,,,,,,,,,,
linkedin,PhD Position (f/m/d) in Applied Geosciences: Pattern recognition in DAS data,Karlsruhe Institute of Technology (KIT),"Eggenstein-Leopoldshafen, Baden-Württemberg, Germany",,https://www.linkedin.com/jobs/view/4469463178 , ,li-4469463178,fulltime,,,,,,True,internship,"Research, Analyst, and Information Technology",,"emmanuel.gaucher@kit.edu, jerome.azzola@kit.edu, raquel.carrasco@kit.edu",Higher Education,https://de.linkedin.com/school/kit/,,,,,,,,,,,
linkedin,Embedded Software Developer,Holt Executive Ltd,"Baden-Württemberg, Germany",,https://www.linkedin.com/jobs/view/4458060480 , ,li-4458060480,fulltime,,,,,,False,mid-senior level,Engineering,,,Telecommunications and Defense and Space Manufacturing,https://uk.linkedin.com/company/holt-executive-ltd,,,,,,,,,,,
linkedin,Sr. Software Development Engineer - C++ for 3D/Computer Vision (m/f/d),Esri,"Stuttgart, Baden-Württemberg, Germany",,https://www.linkedin.com/jobs/view/4461796527 , ,li-4461796527,fulltime,,,,,,False,mid-senior level,Engineering,,askcareers@esri.com,Software Development,https://www.linkedin.com/company/esri,,,,,,,,,,,
linkedin,Postdoctoral Researcher in Ecological Spatial Modelling of Coastal Metacommunities,Campusradio Oldenburg,"Oldenburg, Lower Saxony, Germany",,https://www.linkedin.com/jobs/view/4469454044 , ,li-4469454044,parttime,,,,,,True,internship,"Research, Analyst, and Information Technology",,"bernd.blasius@uol.de, bernd.blasius@uol.de",Radio and Television Broadcasting,https://www.linkedin.com/company/campusradio-oldenburg,,,,,,,,,,,
linkedin,Senior Ground Station Operations Engineer,Spektrum,"Darmstadt, Hesse, Germany",,https://www.linkedin.com/jobs/view/4470460706 , ,li-4470460706,fulltime,,,,,,False,mid-senior level,Engineering and Information Technology,,,"Technology, Information and Internet",https://es.linkedin.com/company/spektrumgrp,,,,,,,,,,,
linkedin,Robotic Perception Expert - Arms (human),NEURA Robotics,"Riederich, Baden-Württemberg, Germany",,https://www.linkedin.com/jobs/view/4470944816 , ,li-4470944816,fulltime,,,,,,False,mid-senior level,Engineering and Information Technology,,,Automation Machinery Manufacturing,https://de.linkedin.com/company/neura-robotics,,,,,,,,,,,
linkedin,Locomotion & Whole-Body Control Engineer (human),NEURA Robotics,,,https://www.linkedin.com/jobs/view/4470956468 , ,li-4470956468,fulltime,,,,,,False,mid-senior level,Engineering and Information Technology,,,Automation Machinery Manufacturing,https://de.linkedin.com/company/neura-robotics,,,,,,,,,,,
linkedin,Praktikant im Bereich Hardware-Entwicklung (m/w/d),Reinhausen,"Aachen, North Rhine-Westphalia, Germany",,https://www.linkedin.com/jobs/view/4471103184 , ,li-4471103184,fulltime,,,,,,False,mid-senior level,Product Management and Engineering,,,Electrical Equipment Manufacturing,https://de.linkedin.com/company/reinhausen-gmbh,,,,,,,,,,,
linkedin,Senior Experte (m/w/d) Batterie- und Ladegerätesysteme,Kärcher,"Winnenden, Baden-Württemberg, Germany",,https://www.linkedin.com/jobs/view/4469310564 , ,li-4469310564,fulltime,,,,,,False,mid-senior level,Business Development and Sales,,,Industrial Machinery Manufacturing,https://de.linkedin.com/company/alfred-kaercher-se-&-co-kg,,,,,,,,,,,
linkedin,Dualer Student (m/w/d) Bachelor of Engineering - Elektrotechnik und Informationstechnik ab September 2027,Diehl Aviation,"Friedrichshafen, Baden-Württemberg, Germany",,https://www.linkedin.com/jobs/view/4469419594 , ,li-4469419594,fulltime,,,,,,False,internship,Education and Training,,,Aviation and Aerospace Component Manufacturing,https://de.linkedin.com/company/diehl-aviation,,,,,,,,,,,
linkedin,Research Associate Junior (all genders) - Computational Pediatric Oncology at the Research Institute Children’s Cancer Center,Universitätsklinikum Hamburg Eppendorf,"Hamburg, Hamburg, Germany",,https://www.linkedin.com/jobs/view/4470967557 , ,li-4470967557,fulltime,,,,,,False,entry level,"Research, Analyst, and Information Technology",,m.bockmayr@uke.de,Hospitals and Health Care,https://de.linkedin.com/company/universit-tsklinikum-hamburg-eppendorf,,,,,,,,,,,
linkedin,BI- und Reporting-Spezialist (m/w/d),BWI GmbH,"Munich, Bavaria, Germany",,https://www.linkedin.com/jobs/view/4470902717 , ,li-4470902717,fulltime,,,,,,False,mid-senior level,Business Development and Sales,,,IT Services and IT Consulting,https://de.linkedin.com/company/bwi-gmbh,,,,,,,,,,,
linkedin,BI- und Reporting-Spezialist (m/w/d),BWI GmbH,"Meckenheim, North Rhine-Westphalia, Germany",,https://www.linkedin.com/jobs/view/4470913218 , ,li-4470913218,fulltime,,,,,,False,mid-senior level,Business Development and Sales,,,IT Services and IT Consulting,https://de.linkedin.com/company/bwi-gmbh,,,,,,,,,,,
linkedin,Senior RF Engineer,CesiumAstro,"Munich, Bavaria, Germany",,https://www.linkedin.com/jobs/view/4443529723 , ,li-4443529723,fulltime,,,,,,False,mid-senior level,Engineering and Information Technology,,,Defense and Space Manufacturing,https://www.linkedin.com/company/cesiumastro,,,,,,,,,,,
linkedin,Development Engineer (m/f/x) MMIC Characterization,K-tronik GmbH,"Munich, Bavaria, Germany",,https://www.linkedin.com/jobs/view/4469318419 , ,li-4469318419,fulltime,,,,,,False,associate,Engineering,,,IT Services and IT Consulting,https://de.linkedin.com/company/k-tronik-gmbh,,,,,,,,,,,
linkedin,Baseband Hardware Engineer,Eagle Wireless,"Kronach, Bavaria, Germany",,https://www.linkedin.com/jobs/view/4469867934 , ,li-4469867934,fulltime,,,,,,False,mid-senior level,Engineering,,,Telecommunications,https://www.linkedin.com/company/eagle-wireless1,,,,,,,,,,,
linkedin,Business Development Engineer -RF/Microwave (m/f/d),Molex,"Walldorf, Baden-Württemberg, Germany",,https://www.linkedin.com/jobs/view/4440159880 , ,li-4440159880,fulltime,,,,,,False,mid-senior level,Business Development and Sales,,,"Appliances, Electrical, and Electronics Manufacturing",https://www.linkedin.com/company/molex,,,,,,,,,,,
linkedin,R&D Engineer / Scientist / Developer,Leybold,"Cologne, North Rhine-Westphalia, Germany",,https://www.linkedin.com/jobs/view/4451903665 , ,li-4451903665,fulltime,,,,,,False,not applicable,Engineering and Information Technology,,david.gabriel@atlascopco.com,Machinery Manufacturing,https://de.linkedin.com/company/leybold-vacuum,,,,,,,,,,,
linkedin,Trainee Program - System Engineering (all genders),Fraunhofer IIS,"Erlangen, Bavaria, Germany",,https://www.linkedin.com/jobs/view/4466075525 , ,li-4466075525,fulltime,,,,,,False,internship,Information Technology,,,Research Services,https://de.linkedin.com/company/fraunhofer-iis,,,,,,,,,,,
linkedin,Ingenieur/Techniker Radon-Team,IAF-Radioökologie GmbH,"Radeberg, Saxony, Germany",,https://www.linkedin.com/jobs/view/4468941435 , ,li-4468941435,fulltime,,,,,,False,entry level,Engineering,,,Hospitals and Health Care,https://de.linkedin.com/company/iaf-radio%C3%B6kologie-gmbh,,,,,,,,,,,
linkedin,Entwicklungsingenieur (m/w/d) Navigation für Waffensysteme,Diehl Group,"Überlingen, Baden-Württemberg, Germany",,https://www.linkedin.com/jobs/view/4469440252 , ,li-4469440252,fulltime,,,,,,False,mid-senior level,Engineering and Information Technology,,,"Appliances, Electrical, and Electronics Manufacturing",https://de.linkedin.com/company/diehl-group,,,,,,,,,,,
linkedin,Electrical Engineer (m/f/d) - for semiconductor industry,Applied Materials Europe,"Feldkirchen-Westerham, Bavaria, Germany",,https://www.linkedin.com/jobs/view/4459539743 , ,li-4459539743,fulltime,,,,,,False,not applicable,Engineering and Information Technology,,,"Appliances, Electrical, and Electronics Manufacturing, Nanotechnology Research, and Semiconductor Manufacturing",https://nl.linkedin.com/company/applied-materials-europe,,,,,,,,,,,
linkedin,Entwicklungsingenieur (m/w/d) Test Equipment für Versuchsflugkörper und Flugversuche,Diehl Defence,"Überlingen, Baden-Württemberg, Germany",,https://www.linkedin.com/jobs/view/4469436230 , ,li-4469436230,fulltime,,,,,,False,entry level,Engineering and Information Technology,,,Defense and Space Manufacturing,https://de.linkedin.com/company/diehl-defence,,,,,,,,,,,
linkedin,"Physiker (m/w/d), Mathematiker (m/w/d) oder Ingenieur (m/w/d), vorzugsweise mit Promotion, für Algorithmen und Verfahren und deren Bewertung",Diehl Defence,"Überlingen, Baden-Württemberg, Germany",,https://www.linkedin.com/jobs/view/4469429388 , ,li-4469429388,fulltime,,,,,,False,mid-senior level,"Research, Analyst, and Information Technology",,,Defense and Space Manufacturing,https://de.linkedin.com/company/diehl-defence,,,,,,,,,,,
linkedin,Entwicklungstechniker (m/w/d) im Bereich Pneumatik und Sensorik,Diehl Defence,"Überlingen, Baden-Württemberg, Germany",,https://www.linkedin.com/jobs/view/4469439189 , ,li-4469439189,fulltime,,,,,,False,entry level,Management and Manufacturing,,,Defense and Space Manufacturing,https://de.linkedin.com/company/diehl-defence,,,,,,,,,,,
linkedin,Projektingenieur:in Telekommunikation,Deutsche Bahn,"Stuttgart, Baden-Württemberg, Germany",,https://www.linkedin.com/jobs/view/4470678263 , ,li-4470678263,fulltime,,,,,,False,mid-senior level,Information Technology,,,Truck Transportation,https://de.linkedin.com/company/deutschebahn,,,,,,,,,,,
linkedin,Layoutentwickler Elektronik / PCB Designer (w/m/d),WITTENSTEIN group,"Igersheim, Baden-Württemberg, Germany",,https://www.linkedin.com/jobs/view/4431291543 , ,li-4431291543,fulltime,,,,,,False,associate,Research and Engineering,,,Automation Machinery Manufacturing and Machinery Manufacturing,https://de.linkedin.com/company/wittenstein-group,,,,,,,,,,,
linkedin,Elektronikspezialist (m/w/d) für den Bereich Baugruppen und Systeme,Diehl Defence,"Seedorf, Baden-Württemberg, Germany",,https://www.linkedin.com/jobs/view/4469421554 , ,li-4469421554,fulltime,,,,,,False,mid-senior level,Other,,,Defense and Space Manufacturing,https://de.linkedin.com/company/diehl-defence,,,,,,,,,,,
linkedin,Hardwareentwickler Aktorik (m/w/d),Insta GmbH,"Lüdenscheid, North Rhine-Westphalia, Germany",,https://www.linkedin.com/jobs/view/4468999559 , ,li-4468999559,fulltime,,,,,,False,associate,Business Development,,,Computers and Electronics Manufacturing,https://de.linkedin.com/company/insta-gmbh,,,,,,,,,,,
linkedin,Hardware Development Engineer (m/w/d) Automotive Electronics,ACONEXT,"Kronach, Bavaria, Germany",,https://www.linkedin.com/jobs/view/4469315519 , ,li-4469315519,fulltime,,,,,,False,associate,,,,Motor Vehicle Manufacturing,https://de.linkedin.com/company/aconext-holding-gmbh,,,,,,,,,,,
linkedin,PCB-Layout Designer (m/w/d) mit Fokus auf PLM-Integration & Library Management,Diehl Defence,"Röthenbach an der Pegnitz, Bavaria, Germany",,https://www.linkedin.com/jobs/view/4469436210 , ,li-4469436210,fulltime,,,,,,False,entry level,"Design, Art/Creative, and Information Technology",,,Defense and Space Manufacturing,https://de.linkedin.com/company/diehl-defence,,,,,,,,,,,
linkedin,Spezialist Verdrahtung & Kabelkonfektion (m/w/d),Diehl Controls,"Wangen im Allgäu, Baden-Württemberg, Germany",,https://www.linkedin.com/jobs/view/4469439184 , ,li-4469439184,fulltime,,,,,,False,entry level,Other,,,"Appliances, Electrical, and Electronics Manufacturing",https://de.linkedin.com/company/diehl-controls,,,,,,,,,,,
linkedin,Konstrukteur / Produktentwickler (m/w/d) für Prüfadapter & Testvorrichtungen - CAD / 3D-Druck,ELOPRINT,"Esslingen, Baden-Württemberg, Germany",,https://www.linkedin.com/jobs/view/4469337000 , ,li-4469337000,fulltime,,,,,,False,entry level,Engineering,,,Industrial Machinery Manufacturing,https://de.linkedin.com/company/eloprint-pruefadapter,,,,,,,,,,,
linkedin,Ingenieur/Techniker Projektierung und Elektrokonstruktion m/w/d,Phoenix Contact,"Blomberg, North Rhine-Westphalia, Germany",,https://www.linkedin.com/jobs/view/4461775898 , ,li-4461775898,fulltime,,,,,,False,associate,Engineering and Information Technology,,,Automation Machinery Manufacturing,https://de.linkedin.com/company/phoenix-contact,,,,,,,,,,,
linkedin,Elektroniker / Prüftechniker / Fehlersucher (m/w/d) für elektronische Baugruppen,LACROIX,"Willich, North Rhine-Westphalia, Germany",,https://www.linkedin.com/jobs/view/4468944586 , ,li-4468944586,fulltime,,,,,,False,entry level,Engineering,,,Computers and Electronics Manufacturing,https://fr.linkedin.com/company/lacroix-group,,,,,,,,,,,
