site,title,company,location,date_posted,job_url,job_url_direct,id,job_type,salary_source,interval,min_amount,max_amount,currency,is_remote,job_level,job_function,listing_type,emails,company_industry,company_url,company_url_direct,company_addresses,company_num_employees,company_revenue,company_description,skills,experience_range,company_rating,company_reviews_count,vacancy_count,work_from_home_type
linkedin,Senior Software Engineer (m/w/d) Embedded Systems,NewTec GmbH,"Bremen, Bremen, Germany",2026-09-10,https://www.linkedin.com/jobs/view/4464574240 , ,li-4464574240,fulltime,,,,,,False,mid-senior level,Engineering and Information Technology,,,IT Services and IT Consulting,https://de.linkedin.com/company/newtec-gmbh-system-entwicklung-und-beratung,,,,,,,,,,,
linkedin,Senior Electronics RF Specialist (m/w/d),Marquardt Group,"Rietheim-Weilheim, Baden-Württemberg, Germany",2026-09-10,https://www.linkedin.com/jobs/view/4465639758 , ,li-4465639758,fulltime,,,,,,False,mid-senior level,Engineering and Information Technology,,,Motor Vehicle Parts Manufacturing,https://de.linkedin.com/company/marquardt-group,,,,,,,,,,,
linkedin,Entwicklungsingenieur Wärmepumpensysteme (m/w/d),STIEBEL ELTRON Group,"Holzminden, Lower Saxony, Germany",2026-09-10,https://www.linkedin.com/jobs/view/4463437591 , ,li-4463437591,fulltime,,,,,,False,mid-senior level,Engineering and Information Technology,,,Motor Vehicle Manufacturing,https://de.linkedin.com/company/stiebel-eltron-group,,,,,,,,,,,
linkedin,Praktikant (m/w/d) oder wissenschaftliche Hilfskraft (m/w/d) im PV-Testlabor mit 30h bis 80h im Monat,Zentrum für Sonnenenergie- und Wasserstoff-Forschung Baden-Württemberg (ZSW),"Stuttgart, Baden-Württemberg, Germany",2026-09-10,https://www.linkedin.com/jobs/view/4464185225 , ,li-4464185225,fulltime,,,,,,False,internship,Other,,,Research Services,https://de.linkedin.com/company/zsw-bw,,,,,,,,,,,
linkedin,Principal Hardware Engineer,Cisco,"Nuremberg, Bavaria, Germany",2026-09-10,https://www.linkedin.com/jobs/view/4418093491 , ,li-4418093491,fulltime,,,,,,False,mid-senior level,Engineering and Information Technology,,,Software Development,https://www.linkedin.com/company/cisco,,,,,,,,,,,
linkedin,Mission Systems Technician,Metrea,,2026-09-10,https://www.linkedin.com/jobs/view/4443925194 , ,li-4443925194,fulltime,,,,,,False,mid-senior level,Engineering and Information Technology,,,"Construction, Software Development, and IT Services and IT Consulting",https://www.linkedin.com/company/metreaaero,,,,,,,,,,,
linkedin,AI Research Engineer - ML & Signal Processing,Helsing,"Munich, Bavaria, Germany",2026-09-10,https://www.linkedin.com/jobs/view/4316266734 , ,li-4316266734,fulltime,,,,,,True,mid-senior level,Engineering and Information Technology,,,Software Development,https://de.linkedin.com/company/helsing,,,,,,,,,,,
linkedin,Propulsion Test Engineer (m/f/d),Rocket Factory Augsburg - RFA,"Augsburg, Bavaria, Germany",2026-09-10,https://www.linkedin.com/jobs/view/4464538204 , ,li-4464538204,fulltime,,,,,,False,mid-senior level,Engineering and Information Technology,,,Aviation and Aerospace Component Manufacturing,https://de.linkedin.com/company/rfa-space,,,,,,,,,,,
linkedin,Fachkraft WAN-Kommunikation / iMSys-Rollout (m/w/d),Regionetz GmbH,"Aachen, North Rhine-Westphalia, Germany",2026-09-10,https://www.linkedin.com/jobs/view/4465820921 , ,li-4465820921,fulltime,,,,,,True,entry level,Other,,karriere.personalwirtschaft@regionetz.de,Utilities,https://de.linkedin.com/company/regionetzgmbh,,,,,,,,,,,
linkedin,Microwave Design Engineer,Proxima Fusion,"Munich, Bavaria, Germany",2026-09-10,https://www.linkedin.com/jobs/view/4464567139 , ,li-4464567139,fulltime,,,,,,False,entry level,Engineering and Information Technology,,,Electric Power Generation,https://de.linkedin.com/company/proximafusion,,,,,,,,,,,
linkedin,Entwicklungsingenieur (m/w/d) im Bereich Hochfrequenztechnik,Rohde & Schwarz,"Meckenheim, North Rhine-Westphalia, Germany",2026-09-10,https://www.linkedin.com/jobs/view/4464174675 , ,li-4464174675,fulltime,,,,,,False,not applicable,Engineering and Information Technology,,,Telecommunications,https://de.linkedin.com/company/rohde-schwarz,,,,,,,,,,,
linkedin,"Entwicklungsingenieur Hardware, all genders",SALT AND PEPPER Group,"Bremen, Bremen, Germany",2026-09-10,https://www.linkedin.com/jobs/view/4069346387 , ,li-4069346387,fulltime,,,,,,False,entry level,Engineering and Information Technology,,,Engineering Services,https://de.linkedin.com/company/salt-and-pepper,,,,,,,,,,,
linkedin,ASIC Entwicklungsingenieur Analog IC Design (w/m/div.),Bosch,"Erlangen, Bavaria, Germany",2026-09-10,https://www.linkedin.com/jobs/view/4454702744 , ,li-4454702744,fulltime,,,,,,False,associate,Engineering,,,Automotive,https://de.linkedin.com/company/bosch,,,,,,,,,,,
linkedin,Lead Engineer Analog ASIC Design (f/m/div.),Bosch,"Reutlingen, Baden-Württemberg, Germany",2026-09-10,https://www.linkedin.com/jobs/view/4460962958 , ,li-4460962958,fulltime,,,,,,False,associate,Research,,,Automotive,https://de.linkedin.com/company/bosch,,,,,,,,,,,
linkedin,Sr Principal Design Engineer,Cadence,"Feldkirchen, Bavaria, Germany",2026-09-10,https://www.linkedin.com/jobs/view/4464525083 , ,li-4464525083,fulltime,,,,,,False,mid-senior level,Engineering and Information Technology,,,Software Development,https://www.linkedin.com/company/cadence,,,,,,,,,,,
linkedin,Ingenieur (m/w/d) E-Technik & Betriebsmittelentwicklung - Lufthansa Technik AG,SCOPE Engineering GmbH,"Hamburg, Hamburg, Germany",2026-09-10,https://www.linkedin.com/jobs/view/4464183003 , ,li-4464183003,fulltime,,,,,,False,entry level,Engineering,,temp@intec.group,Aviation and Aerospace Component Manufacturing,https://de.linkedin.com/company/scope-engineering-gmbh,,,,,,,,,,,
linkedin,Design-Ingenieur_in im LHT-Entwicklungsbetrieb (m/w/d) Lufthansa Technik,AIP SERVICES GmbH,"Hamburg, Hamburg, Germany",2026-09-10,https://www.linkedin.com/jobs/view/4464569279 , ,li-4464569279,fulltime,,,,,,False,mid-senior level,Engineering,,,Retail,https://de.linkedin.com/company/metrica-services-gmbh,,,,,,,,,,,
linkedin,Entwicklungsingenieur (m/w/d) Leistungselektronik,FERCHAU,"Oberkochen, Baden-Württemberg, Germany",2026-09-10,https://www.linkedin.com/jobs/view/4438582361 , ,li-4438582361,fulltime,,,,,,False,mid-senior level,Engineering and Information Technology,,heidenheim@ferchau.com,Engineering Services,https://de.linkedin.com/company/ferchau,,,,,,,,,,,
linkedin,Embedded Software Developer C++ / Linux für High-Performance-Shuttle-Systeme (M/W/D)*,TGW Logistics,"Regensburg, Bavaria, Germany",2026-09-10,https://www.linkedin.com/jobs/view/4453443965 , ,li-4453443965,fulltime,,,,,,False,entry level,Engineering and Information Technology,,,Automation Machinery Manufacturing,https://at.linkedin.com/company/tgw-group,,,,,,,,,,,
linkedin,FRMCS Architekt:in für Systementwicklung und Felderprobung - 5G & Mission Critical Services,Deutsche Bahn,"Frankfurt am Main, Hesse, Germany",2026-09-10,https://www.linkedin.com/jobs/view/4456435835 , ,li-4456435835,fulltime,,,,,,False,entry level,Information Technology,,,Truck Transportation,https://de.linkedin.com/company/deutschebahn,,,,,,,,,,,
linkedin,Lead Principal Engineer Device Development RF-GaN (w/m/div),Infineon Technologies,"Regensburg, Bavaria, Germany",2026-09-10,https://www.linkedin.com/jobs/view/4465677454 , ,li-4465677454,fulltime,,,,,,False,mid-senior level,Engineering and Information Technology,,,"Semiconductor Manufacturing, Appliances, Electrical, and Electronics Manufacturing, and Computer Hardware Manufacturing",https://de.linkedin.com/company/infineon-technologies,,,,,,,,,,,
linkedin,Engineer (f/m/x) - for AI-based system dynamics and control engineering,German Aerospace Center (DLR),"Oberpfaffenhofen, Bavaria, Germany",2026-09-10,https://www.linkedin.com/jobs/view/4465059136 , ,li-4465059136,fulltime,,,,,,False,mid-senior level,Engineering and Information Technology,,,Research Services,https://de.linkedin.com/company/dlr,,,,,,,,,,,
linkedin,Team Lead (m/w/d) SIGINT Systems Engineering,Saab,"Nuremberg, Bavaria, Germany",2026-09-10,https://www.linkedin.com/jobs/view/4465696038 , ,li-4465696038,fulltime,,,,,,False,not applicable,Information Technology,,,"Defense and Space Manufacturing, Security and Investigations, and IT Services and IT Consulting",https://se.linkedin.com/company/saab,,,,,,,,,,,
linkedin,Senior Engineer II - Applications (Mixed Signal),Microchip Technology Inc.,"Karlsruhe, Baden-Württemberg, Germany",2026-09-10,https://www.linkedin.com/jobs/view/4465604439 , ,li-4465604439,fulltime,,,,,,False,mid-senior level,Engineering,,,"Appliances, Electrical, and Electronics Manufacturing and Semiconductor Manufacturing",https://www.linkedin.com/company/microchip-technology,,,,,,,,,,,
linkedin,"Verification Engineer (Instrument Development, Verification& Validation) m/f/d",Hach,"Düsseldorf, North Rhine-Westphalia, Germany",2026-09-10,https://www.linkedin.com/jobs/view/4456340576 , ,li-4456340576,fulltime,,,,,,False,mid-senior level,Quality Assurance,,,Environmental Services,https://www.linkedin.com/company/hach,,,,,,,,,,,
linkedin,Electrical & Electronics Engineer,Helsing,"Munich, Bavaria, Germany",2026-09-10,https://www.linkedin.com/jobs/view/4463489161 , ,li-4463489161,fulltime,,,,,,True,entry level,Engineering and Information Technology,,,Software Development,https://de.linkedin.com/company/helsing,,,,,,,,,,,
linkedin,"Guidance, Navigation, & Control Engineer",Helsing,"Munich, Bavaria, Germany",2026-09-10,https://www.linkedin.com/jobs/view/4463468202 , ,li-4463468202,fulltime,,,,,,True,mid-senior level,Engineering and Information Technology,,,Software Development,https://de.linkedin.com/company/helsing,,,,,,,,,,,
linkedin,RF Engineer / RF Technician - Ground Control Station (m/f/d),STARK,"Berlin, Germany",2026-09-10,https://www.linkedin.com/jobs/view/4456158663 , ,li-4456158663,fulltime,,,,,,False,associate,Engineering and Other,,,Defense and Space Manufacturing,https://de.linkedin.com/company/stark-defence,,,,,,,,,,,
linkedin,Softwareentwickler C/C++  Telefonie/DECT (w/m/d),FRITZ!,"Berlin, Berlin, Germany",2026-09-10,https://www.linkedin.com/jobs/view/4453481045 , ,li-4453481045,fulltime,,,,,,False,entry level,Information Technology,,,Computers and Electronics Manufacturing,https://de.linkedin.com/company/fritz-com,,,,,,,,,,,
linkedin,Mixed-Signal ASIC Design Engineer for Analog Frontends and ADCs (f/m/div.),Bosch,"Reutlingen, Baden-Württemberg, Germany",2026-09-10,https://www.linkedin.com/jobs/view/4460975055 , ,li-4460975055,fulltime,,,,,,False,associate,Engineering,,,Automotive,https://de.linkedin.com/company/bosch,,,,,,,,,,,
linkedin,Acoustic Systems Engineer (m/f/d),HARMAN International,"Garching, Bavaria, Germany",2026-09-10,https://www.linkedin.com/jobs/view/4453473200 , ,li-4453473200,fulltime,,,,,,False,mid-senior level,Information Technology,,harmancareers@harman.com,Computers and Electronics Manufacturing,https://www.linkedin.com/company/harman-international,,,,,,,,,,,
linkedin,Senior AI/ML Audio Engineer (f/m/d),NXP Semiconductors,"Dresden, Saxony, Germany",2026-09-10,https://www.linkedin.com/jobs/view/4437883012 , ,li-4437883012,fulltime,,,,,,False,mid-senior level,Engineering and Information Technology,,,"Semiconductor Manufacturing, Computers and Electronics Manufacturing, and Software Development",https://nl.linkedin.com/company/nxp-semiconductors,,,,,,,,,,,
linkedin,"Ingenieur/in der Luft- und Raumfahrt, Physikalischen Ingenieurswissenschaft o. ä. (w/m/d)",German Aerospace Center (DLR),"Berlin, Germany",2026-09-10,https://www.linkedin.com/jobs/view/4464612097 , ,li-4464612097,fulltime,,,,,,False,entry level,Engineering and Information Technology,,,Research Services,https://de.linkedin.com/company/dlr,,,,,,,,,,,
linkedin,ISR Systems Technician,Metrea,,2026-09-10,https://www.linkedin.com/jobs/view/4443919327 , ,li-4443919327,fulltime,,,,,,False,mid-senior level,Engineering and Information Technology,,,"Construction, Software Development, and IT Services and IT Consulting",https://www.linkedin.com/company/metreaaero,,,,,,,,,,,
linkedin,C++ Softwareentwickler Sonar / Signalverarbeitung (all gender),ALTEN,,2026-09-10,https://www.linkedin.com/jobs/view/4426817999 , ,li-4426817999,fulltime,,,,,,False,associate,Engineering,,,Maritime Transportation,https://fr.linkedin.com/company/alten,,,,,,,,,,,
linkedin,Senior PCB Design & Hardware Verification Engineer (f/m/d),Renesas Electronics,"Nabern, Baden-Württemberg, Germany",2026-09-10,https://www.linkedin.com/jobs/view/4465811057 , ,li-4465811057,fulltime,,,,,,False,mid-senior level,Manufacturing,,,Semiconductor Manufacturing,https://jp.linkedin.com/company/renesas,,,,,,,,,,,
linkedin,Senior Engineer Advanced Technology (M/F/D),Adtran,"Berlin, Berlin, Germany",2026-09-10,https://www.linkedin.com/jobs/view/4379049738 , ,li-4379049738,fulltime,,,,,,False,mid-senior level,Engineering and Information Technology,,,Telecommunications,https://www.linkedin.com/company/adtran,,,,,,,,,,,
linkedin,Deployed Hardware Engineer,Helsing,"Munich, Bavaria, Germany",2026-09-10,https://www.linkedin.com/jobs/view/4463489160 , ,li-4463489160,fulltime,,,,,,True,entry level,Engineering and Information Technology,,,Software Development,https://de.linkedin.com/company/helsing,,,,,,,,,,,
linkedin,Electrical Engineer (F/M/D) – Maternity leave cover ~1 year,NavVis,"Munich, Bavaria, Germany",2026-09-10,https://www.linkedin.com/jobs/view/4465612234 , ,li-4465612234,fulltime,,,,,,False,entry level,Engineering and Information Technology,,,"Technology, Information and Internet",https://de.linkedin.com/company/navvis,,,,,,,,,,,
linkedin,Senior Hardware Engineer (m/w/d),NewTec GmbH,"Freiburg, Baden-Württemberg, Germany",2026-09-10,https://www.linkedin.com/jobs/view/4464548007 , ,li-4464548007,fulltime,,,,,,False,associate,Engineering and Information Technology,,,IT Services and IT Consulting,https://de.linkedin.com/company/newtec-gmbh-system-entwicklung-und-beratung,,,,,,,,,,,
linkedin,Hardwareentwickler (m/w/d),Oehmichen & Bürgers Industrieplanung GmbH,"Düsseldorf, North Rhine-Westphalia, Germany",2026-09-10,https://www.linkedin.com/jobs/view/4465819122 , ,li-4465819122,fulltime,,,,,,False,entry level,Engineering and Information Technology,,,Engineering Services,https://de.linkedin.com/company/oub,,,,,,,,,,,
linkedin,Senior Hardware Engineer,MULTIROTOR,"Brandenburg, Germany",2026-09-10,https://www.linkedin.com/jobs/view/4463441464 , ,li-4463441464,fulltime,,,,,,False,mid-senior level,Engineering and Information Technology,,,Defense and Space Manufacturing,https://de.linkedin.com/company/multirotor-flight-control,,,,,,,,,,,
linkedin,Senior Failure Analysis Engineer,Anker Innovations,"Bremerhaven, Bremen, Germany",2026-09-10,https://www.linkedin.com/jobs/view/4465680613 , ,li-4465680613,fulltime,,,,,,False,mid-senior level,Information Technology,,,"Appliances, Electrical, and Electronics Manufacturing",https://www.linkedin.com/company/ankerinnovations,,,,,,,,,,,
linkedin,"Roboticist, Control Systems Engineer (m/f/d)",Mycronic,"Wertheim, Baden-Württemberg, Germany",2026-09-10,https://www.linkedin.com/jobs/view/4453485905 , ,li-4453485905,fulltime,,,,,,False,mid-senior level,Engineering and Information Technology,,,"Appliances, Electrical, and Electronics Manufacturing",https://se.linkedin.com/company/mycronic,,,,,,,,,,,
linkedin,"Entwicklungsingenieur Embedded Software, all genders",SALT AND PEPPER Group,"Augsburg, Bavaria, Germany",2026-09-10,https://www.linkedin.com/jobs/view/4418817121 , ,li-4418817121,fulltime,,,,,,False,entry level,Engineering and Information Technology,,,Engineering Services,https://de.linkedin.com/company/salt-and-pepper,,,,,,,,,,,
linkedin,Systemingenieur (m/w/d) Elektronische Luftfahrtkomponenten,FERCHAU,"Immenstaad am Bodensee, Baden-Württemberg, Germany",2026-09-10,https://www.linkedin.com/jobs/view/4438569878 , ,li-4438569878,fulltime,,,,,,False,entry level,Information Technology,,Melanie.Junginger@ferchau.com,Engineering Services,https://de.linkedin.com/company/ferchau,,,,,,,,,,,
linkedin,Promotion - Virtual Commissioning: Generic Multi-Fidelity Simulation Framework for High-Performance Transport Systems (f/m/div.),Bosch,"Lohr, Bavaria, Germany",2026-09-10,https://www.linkedin.com/jobs/view/4464517206 , ,li-4464517206,fulltime,,,,,,False,associate,Engineering,,,Industrial Automation,https://de.linkedin.com/company/bosch,,,,,,,,,,,
linkedin,AUTOSAR Software Architect / Senior Embedded Software Engineer (f/m/d) Smart Leveling Systems,Vibracoustic,"Hamburg, Germany",2026-09-10,https://www.linkedin.com/jobs/view/4465692002 , ,li-4465692002,fulltime,,,,,,False,mid-senior level,Research and Product Management,,,Motor Vehicle Manufacturing,https://de.linkedin.com/company/vibracoustic,,,,,,,,,,,
linkedin,Research Associate “Adaptive and Energy-Efficient Wireless Communications” (m/f/d),Barkhausen Institut,"Dresden, Saxony, Germany",2026-09-09,https://www.linkedin.com/jobs/view/4463599012 , ,li-4463599012,fulltime,,,,,,False,entry level,"Marketing, Public Relations, and Writing/Editing",,,Research Services,https://de.linkedin.com/company/barkhausen-institut,,,,,,,,,,,
linkedin,Akustikentwickler (m/w/d),Sennheiser,"Berlin, Berlin, Germany",2026-09-09,https://www.linkedin.com/jobs/view/4460371836 , ,li-4460371836,fulltime,,,,,,False,mid-senior level,Other,,jobs@sennheiser.com,"Appliances, Electrical, and Electronics Manufacturing",https://de.linkedin.com/company/sennheiser,,,,,,,,,,,
linkedin,Acoustic Engineer (m/f/d),Sennheiser,"Berlin, Berlin, Germany",2026-09-09,https://www.linkedin.com/jobs/view/4458990598 , ,li-4458990598,fulltime,,,,,,False,mid-senior level,Engineering and Information Technology,,jobs@sennheiser.com,"Appliances, Electrical, and Electronics Manufacturing",https://de.linkedin.com/company/sennheiser,,,,,,,,,,,
linkedin,"Junior Acoustic Engineer, Pro Audio (m/w/d)",Adam Hall Group,"Neu-Anspach, Hesse, Germany",2026-09-09,https://www.linkedin.com/jobs/view/4463036432 , ,li-4463036432,fulltime,,,,,,False,entry level,Engineering and Information Technology,,,Electrical Equipment Manufacturing,https://de.linkedin.com/company/adam-hall-group,,,,,,,,,,,
linkedin,Sensor & Measurement Technology Engineer,NDT Global,"Stutensee, Baden-Württemberg, Germany",2026-09-09,https://www.linkedin.com/jobs/view/4365246629 , ,li-4365246629,fulltime,,,,,,False,mid-senior level,Engineering and Information Technology,,,Energy Technology and Oil and Gas,https://ca.linkedin.com/company/ndt-global,,,,,,,,,,,
linkedin,Senior AMS IC Designer,IC Resources,"Munich, Bavaria, Germany",2026-09-09,https://www.linkedin.com/jobs/view/4441452400 , ,li-4441452400,fulltime,,,,,,False,mid-senior level,Engineering,,,Staffing and Recruiting,https://uk.linkedin.com/company/icresources,,,,,,,,,,,
linkedin,Entwicklungsingenieur Elektronik (m/w/d),ANSMANN AG,"Assamstadt, Baden-Württemberg, Germany",2026-09-09,https://www.linkedin.com/jobs/view/4463010471 , ,li-4463010471,fulltime,,,,,,False,entry level,Engineering,,,Manufacturing,https://de.linkedin.com/company/ansmann-ag,,,,,,,,,,,
linkedin,Development Engineer / Technician in Production Support,NAXCON GROUP,"Penzberg, Bavaria, Germany",2026-09-09,https://www.linkedin.com/jobs/view/4465017069 , ,li-4465017069,fulltime,,,,,,False,mid-senior level,"Engineering, Manufacturing, and Quality Assurance",,,"Defense and Space Manufacturing, Industrial Machinery Manufacturing, and Electrical Equipment Manufacturing",https://de.linkedin.com/company/naxcon,,,,,,,,,,,
linkedin,EMI / EMC Engineer (m/w/d),Emerson,"Augsburg, Bavaria, Germany",2026-09-09,https://www.linkedin.com/jobs/view/4465082251 , ,li-4465082251,fulltime,,,,,,False,mid-senior level,Engineering and Information Technology,,,Automation Machinery Manufacturing,https://www.linkedin.com/company/emerson,,,,,,,,,,,
linkedin,Software Developer / Programmierer* (m/w/d) Mesh Technologies,Broadcast Solutions Group,"Bingen, Rhineland-Palatinate, Germany",2026-09-09,https://www.linkedin.com/jobs/view/4462599195 , ,li-4462599195,fulltime,,,,,,False,associate,Other,,,Software Development,https://de.linkedin.com/company/broadcast-solutions-gmbh,,,,,,,,,,,
linkedin,Entwicklungsingenieur Elektronik und Hochspannungstechnik Elektronenmikroskopie(m/w/x),ZEISS Group,"Oberkochen, Baden-Württemberg, Germany",2026-09-09,https://www.linkedin.com/jobs/view/4465078074 , ,li-4465078074,fulltime,,,,,,False,mid-senior level,"Engineering, Information Technology, and Other",,,"Manufacturing and Appliances, Electrical, and Electronics Manufacturing",https://de.linkedin.com/company/zeiss,,,,,,,,,,,
linkedin,Mechatronics Engineering - 50 Prozent studentische Stelle (m/w/d),XRbit gUG (haftungsbeschränkt),"Bochum, North Rhine-Westphalia, Germany",2026-09-09,https://www.linkedin.com/jobs/view/4463051025 , ,li-4463051025,parttime,,,,,,True,internship,Engineering,,,Professional Services,https://de.linkedin.com/company/xrbit-de,,,,,,,,,,,
linkedin,"(Junior) Elektroingenieur/ Elektroentwickler, all genders",nexadus GmbH,"Bremen, Bremen, Germany",2026-09-09,https://www.linkedin.com/jobs/view/4400557663 , ,li-4400557663,fulltime,,,,,,False,entry level,Engineering and Information Technology,,n.bayer@nexadus.de,Engineering Services,https://de.linkedin.com/company/nexadus,,,,,,,,,,,
linkedin,Senior High-Speed Analog/RF System Architect (f/m/d),Black Semiconductor,"Aachen, North Rhine-Westphalia, Germany",2026-09-09,https://www.linkedin.com/jobs/view/4446328491 , ,li-4446328491,fulltime,,,,,,False,mid-senior level,Engineering and Information Technology,,,Semiconductor Manufacturing,https://de.linkedin.com/company/black-semiconductor,,,,,,,,,,,
linkedin,Software Developer - Algorithms and Data Fusion Level 5,NAXCON GROUP,"Bremen, Germany",2026-09-09,https://www.linkedin.com/jobs/view/4465019070 , ,li-4465019070,fulltime,,,,,,False,mid-senior level,Information Technology and Engineering,,,"IT Services and IT Consulting, Engineering Services, and Defense and Space Manufacturing",https://de.linkedin.com/company/naxcon,,,,,,,,,,,
linkedin,Master-Studierende,Finanz Informatik,"Münster, North Rhine-Westphalia, Germany",2026-09-09,https://www.linkedin.com/jobs/view/4454974968 , ,li-4454974968,fulltime,,,,,,False,associate,Other,,,"IT Services and IT Consulting, Banking, and Financial Services",https://de.linkedin.com/company/finanz-informatik,,,,,,,,,,,
linkedin,Wissenschaftlicher Mitarbeiter “Adaptive und energieeffiziente Funkkommunikation” (m/w/d),Barkhausen Institut,"Dresden, Saxony, Germany",2026-09-09,https://www.linkedin.com/jobs/view/4463578430 , ,li-4463578430,parttime,,,,,,False,entry level,"Research, Analyst, and Information Technology",,,Research Services,https://de.linkedin.com/company/barkhausen-institut,,,,,,,,,,,
linkedin,EMC-Ingenieur (m/w/d),TDK-Micronas,"Freiburg, Baden-Württemberg, Germany",2026-09-09,https://www.linkedin.com/jobs/view/4451201204 , ,li-4451201204,fulltime,,,,,,False,associate,Engineering,,-recruiting@tdk.com,Semiconductor Manufacturing,https://de.linkedin.com/company/tdk-micronas,,,,,,,,,,,
linkedin,Solutions Engineer EU,Doodle Labs,,2026-09-09,https://www.linkedin.com/jobs/view/4465312370 , ,li-4465312370,fulltime,,,,,,False,mid-senior level,Engineering and Information Technology,,,Wireless Services,https://www.linkedin.com/company/doodle-labs,,,,,,,,,,,
linkedin,Senior Characterization & Verification Engineer (w/m/d),Littelfuse,"Lampertheim, Hesse, Germany",2026-09-09,https://www.linkedin.com/jobs/view/4453433036 , ,li-4453433036,fulltime,,,,,,False,mid-senior level,Quality Assurance,,,"Appliances, Electrical, and Electronics Manufacturing and Semiconductor Manufacturing",https://www.linkedin.com/company/littelfuse,,,,,,,,,,,
linkedin,Senior Ingenieur für Sensortechnik (m/w/d),NDT Global,"Stutensee, Baden-Württemberg, Germany",2026-09-09,https://www.linkedin.com/jobs/view/4354233139 , ,li-4354233139,fulltime,,,,,,False,mid-senior level,Engineering and Information Technology,,,Energy Technology and Oil and Gas,https://ca.linkedin.com/company/ndt-global,,,,,,,,,,,
linkedin,Engineer /NMS Software Development (m/f/d),ND SATCOM,"Immenstaad am Bodensee, Baden-Württemberg, Germany",2026-09-09,https://www.linkedin.com/jobs/view/4464656156 , ,li-4464656156,fulltime,,,,,,True,entry level,Engineering and Information Technology,,,Telecommunications,https://de.linkedin.com/company/nd-satcom,,,,,,,,,,,
linkedin,Master-Studierende,Finanz Informatik,"Hannover, Lower Saxony, Germany",2026-09-09,https://www.linkedin.com/jobs/view/4455406000 , ,li-4455406000,fulltime,,,,,,False,associate,Other,,,"IT Services and IT Consulting, Banking, and Financial Services",https://de.linkedin.com/company/finanz-informatik,,,,,,,,,,,
linkedin,Embedded Developer,SBG Associates,"Immenstaad am Bodensee, Baden-Württemberg, Germany",2026-09-09,https://www.linkedin.com/jobs/view/4463024327 , ,li-4463024327,fulltime,,,,,,False,mid-senior level,Information Technology,,,Software Development,https://uk.linkedin.com/company/sbg-associates,,,,,,,,,,,
linkedin,Softwareentwickler GPU (m/w/d),ORANGE Engineering GmbH & Co. KG,"Bremen, Bremen, Germany",2026-09-09,https://www.linkedin.com/jobs/view/4463043119 , ,li-4463043119,fulltime,,,,,,False,entry level,Engineering and Information Technology,,,Machinery Manufacturing,https://de.linkedin.com/company/orange-engineering-gmbh,,,,,,,,,,,
linkedin,Senior Analog IC Designer,IC Resources,"Berlin, Germany",2026-09-09,https://www.linkedin.com/jobs/view/4443369494 , ,li-4443369494,fulltime,,,,,,False,mid-senior level,Engineering,,,Staffing and Recruiting,https://uk.linkedin.com/company/icresources,,,,,,,,,,,
linkedin,Electronic Systems Engineer,agap2 Germany,"Bavaria, Germany",2026-09-09,https://www.linkedin.com/jobs/view/4463809780 , ,li-4463809780,fulltime,,,,,,False,associate,Engineering and Project Management,,,Business Consulting and Services,https://de.linkedin.com/company/agap2-germany,,,,,,,,,,,
linkedin,Entwicklung einer Software mit einer GUI zur Risikobewertung landwirtschaftlicher Flächen,Fraunhofer IVI,"Dresden, Saxony, Germany",2026-09-09,https://www.linkedin.com/jobs/view/4463866432 , ,li-4463866432,fulltime,,,,,,False,internship,Other,,bewerbung.studenten@ivi.fraunhofer.de,Research,https://de.linkedin.com/company/fraunhofer-institute-for-transportation-and-infrastructure-systems-ivi,,,,,,,,,,,
linkedin,Postdoctoral position (m/f/d) 100 % “Bonobo life history incl. data base management”,Max Planck Institute of Animal Behavior,"Radolfzell, Baden-Württemberg, Germany",2026-09-09,https://www.linkedin.com/jobs/view/4465320173 , ,li-4465320173,fulltime,,,,,,True,internship,"Research, Analyst, and Information Technology",,bfruth@ab.mpg.de,Internet Publishing,https://de.linkedin.com/company/mpi-animalbehav,,,,,,,,,,,
linkedin,Postdoc (m/w/d) Chirurgische KI,Universitätsklinikum Carl Gustav Carus Dresden,"Dresden, Saxony, Germany",2026-09-09,https://www.linkedin.com/jobs/view/4463806753 , ,li-4463806753,contract,,,,,,False,not applicable,"Research, Analyst, and Information Technology",,,Research Services and Hospitals and Health Care,https://de.linkedin.com/company/universit%C3%A4tsklinikum-carl-gustav-carus,,,,,,,,,,,
linkedin,Systems Engineer – Satellitenkommunikation & Bodensysteme (all gender),ALTEN,"Friedrichshafen, Baden-Württemberg, Germany",2026-09-09,https://www.linkedin.com/jobs/view/4465015743 , ,li-4465015743,fulltime,,,,,,False,associate,"Production, Distribution, and Engineering",,,Software Development and IT Services and IT Consulting,https://fr.linkedin.com/company/alten,,,,,,,,,,,
linkedin,Senior GHz Analog & Mixed-Signal Engineer (m/f/d),Q.ANT,"Stuttgart, Baden-Württemberg, Germany",2026-09-09,https://www.linkedin.com/jobs/view/4452700800 , ,li-4452700800,fulltime,,,,,,False,associate,Research,,,Semiconductor Manufacturing,https://de.linkedin.com/company/qant,,,,,,,,,,,
linkedin,"Applied Scientist, Amazon Music - DISCO, Music DISCO",Amazon Music,"Berlin, Germany",2026-09-09,https://www.linkedin.com/jobs/view/4455782915 , ,li-4455782915,fulltime,,,,,,False,not applicable,"Research, Analyst, and Information Technology",,,Entertainment Providers,https://www.linkedin.com/company/amazon-music,,,,,,,,,,,
linkedin,Applied Biometrics Software Engineer (m/w/d),Maurer Electronics,"Munich, Bavaria, Germany",2026-09-09,https://www.linkedin.com/jobs/view/4455955181 , ,li-4455955181,fulltime,,,,,,False,entry level,Engineering and Information Technology,,,IT Services and IT Consulting,https://www.linkedin.com/company/maurer-electronics,,,,,,,,,,,
linkedin,Hardwareentwickler (m/w/d),Randstad Deutschland,"Ulm, Baden-Württemberg, Germany",2026-09-09,https://www.linkedin.com/jobs/view/4462937197 , ,li-4462937197,fulltime,,,,,,False,entry level,Engineering and Information Technology,,,Human Resources Services,https://de.linkedin.com/company/randstad-deutschland,,,,,,,,,,,
linkedin,Harness Design (m/w/d),T&S (Technology & Strategy),,2026-09-09,https://www.linkedin.com/jobs/view/4465046498 , ,li-4465046498,fulltime,,,,,,False,associate,Engineering,,,Engineering Services,https://fr.linkedin.com/company/technology-&-strategy-t&s-,,,,,,,,,,,
linkedin,"Senior Systems Engineer Control Systems & Mechatronics, Amazon Robotics",Amazon,"Munich, Bavaria, Germany",2026-09-09,https://www.linkedin.com/jobs/view/4455920105 , ,li-4455920105,fulltime,,,,,,False,mid-senior level,"Quality Assurance, Information Technology, and Engineering",,,Software Development,https://www.linkedin.com/company/amazon,,,,,,,,,,,
linkedin,Lighting Design Engineer (Mid-Level) (m/f/d),Boeing,"Hamburg, Hamburg, Germany",2026-09-09,https://www.linkedin.com/jobs/view/4414812501 , ,li-4414812501,fulltime,,,,,,False,not applicable,Engineering and Information Technology,,,"Airlines and Aviation, Aviation and Aerospace Component Manufacturing, and Defense and Space Manufacturing",https://www.linkedin.com/company/boeing,,,,,,,,,,,
linkedin,"Sr HDE, Industrial Robotics, Industrial Robotics Group",Amazon,"Munich, Bavaria, Germany",2026-09-09,https://www.linkedin.com/jobs/view/4455908038 , ,li-4455908038,fulltime,,,,,,False,mid-senior level,Manufacturing and Engineering,,,Software Development,https://www.linkedin.com/company/amazon,,,,,,,,,,,
linkedin,"Senior/Principal Engineering Experts (m/f/d) – Power, Optics & Automotive System",NXT Talent Studio,"Jena, Thuringia, Germany",2026-09-09,https://www.linkedin.com/jobs/view/4465029264 , ,li-4465029264,fulltime,,,,,,False,associate,"Research, Engineering, and Product Management",,,"Telecommunications, Computers and Electronics Manufacturing, and Semiconductor Manufacturing",https://de.linkedin.com/company/nxt-talent-studio,,,,,,,,,,,
linkedin,Electro Mechanical Engineer,Strativ Group,"Constance, Baden-Württemberg, Germany",2026-09-09,https://www.linkedin.com/jobs/view/4464985715 , ,li-4464985715,fulltime,,,,,,False,mid-senior level,Engineering and Design,,,"Robotics Engineering, Defense and Space Manufacturing, and Aviation and Aerospace Component Manufacturing",https://uk.linkedin.com/company/strativgroup,,,,,,,,,,,
linkedin,Erfahrene:r Hardware-Entwickler:in in Vollzeit (m/w/d),GUDE Systems GmbH,"Cologne, North Rhine-Westphalia, Germany",2026-09-09,https://www.linkedin.com/jobs/view/4464109945 , ,li-4464109945,fulltime,,,,,,False,mid-senior level,Information Technology,,,IT Services and IT Consulting,https://de.linkedin.com/company/gude-systems,,,,,,,,,,,
linkedin,Senior Electronic Engineer,5V Tech,"Duisburg, North Rhine-Westphalia, Germany",2026-09-09,https://www.linkedin.com/jobs/view/4452368887 , ,li-4452368887,fulltime,,,,,,False,mid-senior level,Engineering,,,"Audio and Video Equipment Manufacturing, Computers and Electronics Manufacturing, and Manufacturing",https://uk.linkedin.com/company/5vtech,,,,,,,,,,,
linkedin,(Senior) Hardware Design Engineer (f/m/d),Munich Electrification,"Munich, Bavaria, Germany",2026-09-09,https://www.linkedin.com/jobs/view/4355797299 , ,li-4355797299,fulltime,,,,,,False,mid-senior level,Engineering and Information Technology,,,"Appliances, Electrical, and Electronics Manufacturing",https://de.linkedin.com/company/munichelectrification,,,,,,,,,,,
linkedin,Senior Embedded Linux Engineer,workfully,"Munich, Bavaria, Germany",2026-09-09,https://www.linkedin.com/jobs/view/4465081153 , ,li-4465081153,fulltime,,,,,,False,mid-senior level,Information Technology,,,"Technology, Information and Internet",https://es.linkedin.com/company/workfully,,,,,,,,,,,
linkedin,FPGA / Mixed-Signal Design Engineer (m/f/d),Amoria Bond,,2026-09-09,https://www.linkedin.com/jobs/view/4462597590 , ,li-4462597590,fulltime,,,,,,True,associate,Engineering,,,Defense and Space Manufacturing,https://uk.linkedin.com/company/amoria-bond,,,,,,,,,,,
linkedin,Senior Digital Design Engineer (m/w/d),TDK-Micronas,,2026-09-09,https://www.linkedin.com/jobs/view/4450128565 , ,li-4450128565,fulltime,,,,,,False,associate,Engineering,,-recruiting@tdk.com,Semiconductor Manufacturing,https://de.linkedin.com/company/tdk-micronas,,,,,,,,,,,
linkedin,"Electronics Design Engineer, Industrial Robotics Group",Amazon,"Munich, Bavaria, Germany",2026-09-09,https://www.linkedin.com/jobs/view/4455906869 , ,li-4455906869,fulltime,,,,,,False,not applicable,Manufacturing and Engineering,,,Software Development,https://www.linkedin.com/company/amazon,,,,,,,,,,,
linkedin,Software Engineer,Helsing,"Munich, Bavaria, Germany",2026-09-09,https://www.linkedin.com/jobs/view/4343993789 , ,li-4343993789,fulltime,,,,,,False,entry level,Engineering and Information Technology,,,Software Development,https://de.linkedin.com/company/helsing,,,,,,,,,,,
linkedin,Entwicklungsingenieur Kommunikationssysteme (m/w/d),ORANGE Engineering GmbH & Co. KG,"Bremen, Bremen, Germany",2026-09-09,https://www.linkedin.com/jobs/view/4463037169 , ,li-4463037169,fulltime,,,,,,False,entry level,Engineering and Information Technology,,,Machinery Manufacturing,https://de.linkedin.com/company/orange-engineering-gmbh,,,,,,,,,,,
linkedin,"Principal Engineer, Nitro System, EC2",Amazon Web Services (AWS),"Berlin, Germany",2026-09-09,https://www.linkedin.com/jobs/view/4455793470 , ,li-4455793470,fulltime,,,,,,False,director,"Information Technology, Consulting, and Engineering",,,IT Services and IT Consulting,https://www.linkedin.com/company/amazon-web-services,,,,,,,,,,,
linkedin,Erfahrener Programmierer:in (m/w/d),GUDE Systems GmbH,"Cologne, North Rhine-Westphalia, Germany",2026-09-09,https://www.linkedin.com/jobs/view/4464130037 , ,li-4464130037,fulltime,,,,,,False,mid-senior level,Engineering and Information Technology,,,IT Services and IT Consulting,https://de.linkedin.com/company/gude-systems,,,,,,,,,,,
linkedin,Embedded Software Engineer | Automotive AI | Multiple roles,AI Futures,,2026-09-09,https://www.linkedin.com/jobs/view/4463016745 , ,li-4463016745,fulltime,,,,,,False,director,Design,,will.childs@aifutures.group,Motor Vehicle Manufacturing,https://uk.linkedin.com/company/aifuturesgroup,,,,,,,,,,,
linkedin,Senior Embedded Linux Engineer,Product Pulse,"Munich, Bavaria, Germany",2026-09-09,https://www.linkedin.com/jobs/view/4463855641 , ,li-4463855641,fulltime,,,,,,False,mid-senior level,Information Technology,,,IT Services and IT Consulting,https://de.linkedin.com/company/product-pulse-consulting,,,,,,,,,,,
linkedin,"Senior Firmware Engineer, Industrial Robotics Group",Amazon,"Munich, Bavaria, Germany",2026-09-09,https://www.linkedin.com/jobs/view/4455799410 , ,li-4455799410,fulltime,,,,,,False,mid-senior level,"Information Technology, Consulting, and Engineering",,,Software Development,https://www.linkedin.com/company/amazon,,,,,,,,,,,
linkedin,"Ingenieur/ Konstrukteur Maschinen- und Schiffbau, all genders",nexadus GmbH,"Bremen, Bremen, Germany",2026-09-09,https://www.linkedin.com/jobs/view/4400563353 , ,li-4400563353,fulltime,,,,,,False,entry level,Engineering and Information Technology,,n.bayer@nexadus.de,Engineering Services,https://de.linkedin.com/company/nexadus,,,,,,,,,,,
linkedin,"Firmware Engineer, Amazon Robotics",Amazon,"Munich, Bavaria, Germany",2026-09-09,https://www.linkedin.com/jobs/view/4455906434 , ,li-4455906434,fulltime,,,,,,False,not applicable,"Information Technology, Consulting, and Engineering",,,Software Development,https://www.linkedin.com/company/amazon,,,,,,,,,,,
linkedin,Duales Studium Luft- und Raumfahrttechnik - Elektronik ab 2027,Liebherr Group,"Lindau, Bavaria, Germany",2026-09-09,https://www.linkedin.com/jobs/view/4445704281 , ,li-4445704281,fulltime,,,,,,False,internship,Engineering and Information Technology,,leonie.schneider@liebherr.com,Industrial Machinery Manufacturing,https://de.linkedin.com/company/liebherr,,,,,,,,,,,
linkedin,Senior ASIC Analog Design Engineer (m/f/d),AUMOVIO,"Regensburg, Bavaria, Germany",2026-09-08,https://www.linkedin.com/jobs/view/4460320243 , ,li-4460320243,fulltime,,,,,,False,mid-senior level,Design,,,Automotive,https://de.linkedin.com/company/aumovio,,,,,,,,,,,
linkedin,"Embedded Security Engineer – Stuttgart, Germany",Optimus Search,,2026-09-08,https://www.linkedin.com/jobs/view/4462504388 , ,li-4462504388,fulltime,,,,,,False,mid-senior level,,,,"Software Development, IT Services and IT Consulting, and Engineering Services",https://uk.linkedin.com/company/optimus-search,,,,,,,,,,,
linkedin,Coherent Systems Architect - Optical Modem Development and Optimization,Nokia,"Nuremberg, Bavaria, Germany",2026-09-08,https://www.linkedin.com/jobs/view/4434508866 , ,li-4434508866,fulltime,,,,,,False,not applicable,Engineering and Information Technology,,,IT Services and IT Consulting and Telecommunications,https://fi.linkedin.com/company/nokia,,,,,,,,,,,
linkedin,Masterrand/in (w/m/d) im Bereich Quanteninformationstechnologie,German Aerospace Center (DLR),"Oberpfaffenhofen, Bavaria, Germany",2026-09-08,https://www.linkedin.com/jobs/view/4464092472 , ,li-4464092472,fulltime,,,,,,False,entry level,Other,,,Research Services,https://de.linkedin.com/company/dlr,,,,,,,,,,,
linkedin,Softwareentwickler C++ / Machine Vision (all gender) sz,ALTEN,"Munich, Bavaria, Germany",2026-09-08,https://www.linkedin.com/jobs/view/4462287260 , ,li-4462287260,fulltime,,,,,,False,associate,"Engineering, Quality Assurance, and Information Technology",,,Machinery Manufacturing and Aviation and Aerospace Component Manufacturing,https://fr.linkedin.com/company/alten,,,,,,,,,,,
linkedin,Fraunhofer Heinrich-Hertz-Institut (HHI) - Initiativstelle,Fraunhofer Heinrich Hertz Institute HHI,"Berlin, Germany",2026-09-08,https://www.linkedin.com/jobs/view/3827851795 , ,li-3827851795,fulltime,,,,,,False,entry level,Other,,,Research Services,https://de.linkedin.com/company/fraunhofer-hhi,,,,,,,,,,,
linkedin,Senior Robotics Research Engineer - Foundation Models & Agentic Systems (m/w/d),BWI GmbH,"Frankfurt am Main, Hesse, Germany",2026-09-08,https://www.linkedin.com/jobs/view/4464467163 , ,li-4464467163,fulltime,,,,,,False,mid-senior level,Engineering and Information Technology,,,IT Services and IT Consulting,https://de.linkedin.com/company/bwi-gmbh,,,,,,,,,,,
linkedin,(Lead) IoT Solutions Engineer (m/f/d),Peter Park,"Munich, Bavaria, Germany",2026-09-08,https://www.linkedin.com/jobs/view/4433861027 , ,li-4433861027,fulltime,,,,,,True,mid-senior level,Engineering and Information Technology,,,Information Technology & Services,https://de.linkedin.com/company/peterpark,,,,,,,,,,,
linkedin,Spezialist für Veranstaltungstechnik,SBT Veranstaltungstechnik GmbH,"Osnabrück, Lower Saxony, Germany",2026-09-08,https://www.linkedin.com/jobs/view/4313019200 , ,li-4313019200,fulltime,,,,,,False,entry level,"Design, Art/Creative, and Information Technology",,info@sbt.events,Events Services,https://www.linkedin.com/company/sbt-veranstaltungstechnik-gmbh,,,,,,,,,,,
linkedin,"Entwicklungsingenieur (w/m/d) Hochfrequenztechnik, RF",TRUMPF,"Freiburg, Baden-Württemberg, Germany",2026-09-08,https://www.linkedin.com/jobs/view/4463564643 , ,li-4463564643,fulltime,,,,,,False,mid-senior level,Engineering and Information Technology,,david.brodkorb.external@trumpf.com,Machinery Manufacturing,https://www.linkedin.com/company/trumpf-se-co-kg,,,,,,,,,,,
linkedin,RF Antenna Engineer (m/w/d),ZeroPhase,"Munich, Bavaria, Germany",2026-09-08,https://www.linkedin.com/jobs/view/4463286715 , ,li-4463286715,fulltime,,,,,,False,mid-senior level,Engineering,,,"Telecommunications, Aviation and Aerospace Component Manufacturing, and Defense and Space Manufacturing",https://de.linkedin.com/company/zerophase-defense,,,,,,,,,,,
linkedin,Senior FPGA Development Engineer - Digital Design & SoC Firmware (m/f/d),Rohde & Schwarz,"Stuttgart, Baden-Württemberg, Germany",2026-09-08,https://www.linkedin.com/jobs/view/4463515748 , ,li-4463515748,fulltime,,,,,,False,not applicable,Engineering and Information Technology,,,Telecommunications,https://de.linkedin.com/company/rohde-schwarz,,,,,,,,,,,
linkedin,Senior Hardwareentwickler (m/w/d),Schotstek GmbH,"Mannheim, Baden-Württemberg, Germany",2026-09-08,https://www.linkedin.com/jobs/view/4462295426 , ,li-4462295426,fulltime,,,,,,False,associate,Engineering,,,"Automation Machinery Manufacturing, Motor Vehicle Manufacturing, and Medical Equipment Manufacturing",https://de.linkedin.com/company/schotstek-gmbh,,,,,,,,,,,
linkedin,Roboter-Programmierer (m/w/d),Oehmichen & Bürgers Industrieplanung GmbH,"Düsseldorf, North Rhine-Westphalia, Germany",2026-09-08,https://www.linkedin.com/jobs/view/4464623401 , ,li-4464623401,fulltime,,,,,,False,entry level,Engineering and Information Technology,,,Engineering Services,https://de.linkedin.com/company/oub,,,,,,,,,,,
linkedin,Entwicklungsingenieur Digitale Hardware / FPGA (all gender) 100,ALTEN,"Berlin, Germany",2026-09-08,https://www.linkedin.com/jobs/view/4462285254 , ,li-4462285254,fulltime,,,,,,False,associate,Engineering,,,Machinery Manufacturing and Aviation and Aerospace Component Manufacturing,https://fr.linkedin.com/company/alten,,,,,,,,,,,
linkedin,Avionics Systems Engineer - Navigation (all genders),Deutsche Aircraft,"Wessling, Bavaria, Germany",2026-09-08,https://www.linkedin.com/jobs/view/4462281047 , ,li-4462281047,fulltime,,,,,,False,associate,,,,Aviation and Aerospace Component Manufacturing,https://de.linkedin.com/company/deutsche-aircraft,,,,,,,,,,,
linkedin,Solution Architect Software Defined Systems (m/w/d),VECTOR Informatik,"Karlsruhe, Baden-Württemberg, Germany",2026-09-08,https://www.linkedin.com/jobs/view/4464352077 , ,li-4464352077,fulltime,,,,,,False,mid-senior level,Engineering and Information Technology,,,Software Development,https://de.linkedin.com/company/vectorgrp,,,,,,,,,,,
linkedin,"Embedded Software Engineer, Sennheiser (m/f/d)",Sonova Group,"Hannover, Lower Saxony, Germany",2026-09-08,https://www.linkedin.com/jobs/view/4464464854 , ,li-4464464854,fulltime,,,,,,False,mid-senior level,Engineering,,,Medical Equipment Manufacturing,https://ch.linkedin.com/company/sonovagroup,,,,,,,,,,,
linkedin,Embedded Software (m/w/d) Engineer Wireless Systems 1,Rohde & Schwarz,"Berlin, Berlin, Germany",2026-09-08,https://www.linkedin.com/jobs/view/4463501895 , ,li-4463501895,fulltime,,,,,,False,not applicable,Engineering and Information Technology,,,Telecommunications,https://de.linkedin.com/company/rohde-schwarz,,,,,,,,,,,
linkedin,Firmware Engineer PCIe/NVMe Storage Controllers (m/f/d),Swissbit AG,,2026-09-08,https://www.linkedin.com/jobs/view/4418371018 , ,li-4418371018,fulltime,,,,,,False,mid-senior level,Engineering and Information Technology,,,Semiconductor Manufacturing,https://ch.linkedin.com/company/swissbit-ag,,,,,,,,,,,
linkedin,Electrical Drives & Converter Control Consultant,L&T Technology Services,"Hamburg, Germany",2026-09-08,https://www.linkedin.com/jobs/view/4463506564 , ,li-4463506564,fulltime,,,,,,False,mid-senior level,,,,Energy Technology,https://in.linkedin.com/company/l&t-technology-services-limited,,,,,,,,,,,
linkedin,Head of Hardware Development / Lead Engineer (m/w/d) Leistungselektronik,HAPEKO Deutschland,"Hamm, North Rhine-Westphalia, Germany",2026-09-08,https://www.linkedin.com/jobs/view/4462532636 , ,li-4462532636,fulltime,,,,,,False,mid-senior level,Engineering and Information Technology,,,Staffing and Recruiting,https://de.linkedin.com/company/hapeko-hanseatisches-personalkontor,,,,,,,,,,,
linkedin,Senior System Engineer Robotics,NODE Robotics,"Stuttgart, Baden-Württemberg, Germany",2026-09-08,https://www.linkedin.com/jobs/view/4463573044 , ,li-4463573044,fulltime,,,,,,False,associate,Information Technology,,,Software Development,https://de.linkedin.com/company/node-robotics,,,,,,,,,,,
linkedin,Measurement System Engineer (f/m/d),MAGNOTHERM,"Darmstadt, Hesse, Germany",2026-09-08,https://www.linkedin.com/jobs/view/4462285984 , ,li-4462285984,fulltime,,,,,,False,mid-senior level,Engineering,,,Oil and Gas,https://de.linkedin.com/company/magnotherm,,,,,,,,,,,
linkedin,Test Engineer for Rocket Engine Test Stand - DAQS & Control (m/f/d),POLARIS Spaceplanes,"Bremen, Bremen, Germany",2026-09-08,https://www.linkedin.com/jobs/view/4462502537 , ,li-4462502537,fulltime,,,,,,False,associate,Engineering,,,Industrial Machinery Manufacturing,https://de.linkedin.com/company/polaris-spaceplanes,,,,,,,,,,,
linkedin,Senior Machine Learning Engineer – Radiologie-KI – Arbeitsgruppe Machine Learning,Universitätsmedizin Frankfurt,"Frankfurt, Hesse, Germany",2026-09-08,https://www.linkedin.com/jobs/view/4464608031 , ,li-4464608031,fulltime,,,,,,False,mid-senior level,Engineering and Information Technology,,bucher@med.uni,Hospitals and Health Care,https://de.linkedin.com/company/universit%C3%A4tsmedizin-frankfurt,,,,,,,,,,,
linkedin,Embedded Softwareentwickler C++ (m/w/d),SPECTRUM AG,"Munich, Bavaria, Germany",2026-09-08,https://www.linkedin.com/jobs/view/4462297695 , ,li-4462297695,fulltime,,,,,,False,entry level,Other,,,IT Services and IT Consulting,https://de.linkedin.com/company/spectrum-ag,,,,,,,,,,,
linkedin,Technical Staff Engineer-Design,Microchip Technology Inc.,"Neu Ulm, Bavaria, Germany",2026-09-08,https://www.linkedin.com/jobs/view/4455523223 , ,li-4455523223,fulltime,,,,,,False,mid-senior level,Engineering,,,"Appliances, Electrical, and Electronics Manufacturing and Semiconductor Manufacturing",https://www.linkedin.com/company/microchip-technology,,,,,,,,,,,
linkedin,Hardware Ingenieur (m/w/d) - Embedded Systems,Lutz Pumpen GmbH,"Wertheim, Baden-Württemberg, Germany",2026-09-08,https://www.linkedin.com/jobs/view/4462512087 , ,li-4462512087,fulltime,,,,,,False,entry level,Engineering,,,"Appliances, Electrical, and Electronics Manufacturing",https://de.linkedin.com/company/lutz-pumpen-gmbh,,,,,,,,,,,
linkedin,IO / Analog  Design Engineer – High Speed Memory Interfaces (m/f/d),Micron Technology,"Munich, Bavaria, Germany",2026-09-08,https://www.linkedin.com/jobs/view/4463298718 , ,li-4463298718,fulltime,,,,,,True,entry level,Other,,"_EMEA@micron.com, _EMEA@micron.com","Computer Hardware Manufacturing, Appliances, Electrical, and Electronics Manufacturing, and Semiconductor Manufacturing",https://www.linkedin.com/company/micron-technology,,,,,,,,,,,
linkedin,Hardware Engineer,Guldberg GmbH,"Kronach, Bavaria, Germany",2026-09-08,https://www.linkedin.com/jobs/view/4462276787 , ,li-4462276787,fulltime,,,,,,False,associate,Engineering and Information Technology,,,Automation Machinery Manufacturing,https://de.linkedin.com/company/guldberggmbh,,,,,,,,,,,
linkedin,Entwicklungsingenieur EMV für Displayprodukte (m/w/d),AUO Mobility Solutions Germany,"Lippstadt, North Rhine-Westphalia, Germany",2026-09-08,https://www.linkedin.com/jobs/view/4430444882 , ,li-4430444882,fulltime,,,,,,False,entry level,Engineering and Information Technology,,,Motor Vehicle Manufacturing,https://www.linkedin.com/company/auo-mobility-solutions-germany-gmbh,,,,,,,,,,,
linkedin,EntwicklungsingenieurIn (m/w/d)*,SCHOTT,"Mainz, Rhineland-Palatinate, Germany",2026-09-08,https://www.linkedin.com/jobs/view/4463510729 , ,li-4463510729,fulltime,,,,,,False,entry level,Research,,,"Glass, Ceramics and Concrete Manufacturing",https://de.linkedin.com/company/schott,,,,,,,,,,,
linkedin,Projektingenieur (m/w/d),8R,,2026-09-08,https://www.linkedin.com/jobs/view/4445469964 , ,li-4445469964,fulltime,,,,,,False,associate,Engineering and Project Management,,karriere@8R.de,Engineering Services,https://de.linkedin.com/company/8rpartners,,,,,,,,,,,
linkedin,Ingenieure (m/w/d) Mechatronik,Oehmichen & Bürgers Industrieplanung GmbH,"Düsseldorf, North Rhine-Westphalia, Germany",2026-09-08,https://www.linkedin.com/jobs/view/4464623399 , ,li-4464623399,fulltime,,,,,,False,entry level,Engineering and Information Technology,,,Engineering Services,https://de.linkedin.com/company/oub,,,,,,,,,,,
linkedin,Principal Com-Sys Design Engineer,Microchip Technology Inc.,,2026-09-08,https://www.linkedin.com/jobs/view/4464474667 , ,li-4464474667,fulltime,,,,,,False,mid-senior level,Engineering,,,"Appliances, Electrical, and Electronics Manufacturing and Semiconductor Manufacturing",https://www.linkedin.com/company/microchip-technology,,,,,,,,,,,
linkedin,Coherent Systems Architect - Mixed Signal AFE development,Nokia,"Nuremberg, Bavaria, Germany",2026-09-08,https://www.linkedin.com/jobs/view/4434516598 , ,li-4434516598,fulltime,,,,,,False,not applicable,Engineering and Information Technology,,,IT Services and IT Consulting and Telecommunications,https://fi.linkedin.com/company/nokia,,,,,,,,,,,
linkedin,Modem System Test Engineer (m/f/d) – 6G/5G Air Interface  - Sulzbach am Taunus,Qualcomm,"Hofheim am Taunus, Hesse, Germany",2026-09-08,https://www.linkedin.com/jobs/view/4454270644 , ,li-4454270644,fulltime,,,,,,False,not applicable,Other,,-accomodations@qualcomm.com,Semiconductor Manufacturing,https://www.linkedin.com/company/qualcomm,,,,,,,,,,,
linkedin,Electronics Engineer,Darwin Recruitment,"Berlin, Berlin, Germany",2026-09-08,https://www.linkedin.com/jobs/view/4463229971 , ,li-4463229971,fulltime,,,,,,False,not applicable,Engineering,,,Defense and Space Manufacturing,https://uk.linkedin.com/company/darwin-recruitment-3,,,,,,,,,,,
linkedin,Systemingenieur für TRx-4D Vorentwicklung (w/m/d),HENSOLDT,"Ulm, Baden-Württemberg, Germany",2026-09-08,https://www.linkedin.com/jobs/view/4462716305 , ,li-4462716305,fulltime,,,,,,False,mid-senior level,Information Technology,,jobs@hensoldt.net,Defense and Space Manufacturing,https://de.linkedin.com/company/hensoldt,,,,,,,,,,,
linkedin,Duales Studium Digital Engineering (m/w/d),Indu-Sol,"Schmölln, Thuringia, Germany",2026-09-08,https://www.linkedin.com/jobs/view/4463261130 , ,li-4463261130,fulltime,,,,,,True,internship,Information Technology,,,Automation Machinery Manufacturing,https://de.linkedin.com/company/indusol-de,,,,,,,,,,,
linkedin,Quality & Reliability Engineer Team Lead (f/m/d),HOLOPLOT,"Berlin, Berlin, Germany",2026-09-08,https://www.linkedin.com/jobs/view/4463295843 , ,li-4463295843,fulltime,,,,,,False,associate,Engineering,,,"Appliances, Electrical, and Electronics Manufacturing",https://de.linkedin.com/company/holoplot-gmbh,,,,,,,,,,,
linkedin,Elektronik-Ingenieur Hard-u. Software (m/w/d),Lutz Pumpen GmbH,"Wertheim, Baden-Württemberg, Germany",2026-09-08,https://www.linkedin.com/jobs/view/4462515148 , ,li-4462515148,fulltime,,,,,,False,mid-senior level,Engineering,,,"Appliances, Electrical, and Electronics Manufacturing",https://de.linkedin.com/company/lutz-pumpen-gmbh,,,,,,,,,,,
linkedin,Principal Com-Sys Design Engineer,Microchip Technology Inc.,"Neu Ulm, Bavaria, Germany",2026-09-08,https://www.linkedin.com/jobs/view/4464472631 , ,li-4464472631,fulltime,,,,,,False,mid-senior level,Engineering,,,"Appliances, Electrical, and Electronics Manufacturing and Semiconductor Manufacturing",https://www.linkedin.com/company/microchip-technology,,,,,,,,,,,
linkedin,Entwicklungsingenieur HF- und Analogelektronik (all gender) 100,ALTEN,"Stuttgart, Baden-Württemberg, Germany",2026-09-08,https://www.linkedin.com/jobs/view/4462288179 , ,li-4462288179,fulltime,,,,,,False,associate,"Engineering, Quality Assurance, and Information Technology",,,Machinery Manufacturing and Aviation and Aerospace Component Manufacturing,https://fr.linkedin.com/company/alten,,,,,,,,,,,
linkedin,Ingenieur für Sensor- und Messtechnik (m/w/d),NDT Global,"Stutensee, Baden-Württemberg, Germany",2026-09-08,https://www.linkedin.com/jobs/view/4354157552 , ,li-4354157552,fulltime,,,,,,False,mid-senior level,Management and Manufacturing,,,Energy Technology and Oil and Gas,https://ca.linkedin.com/company/ndt-global,,,,,,,,,,,
linkedin,Entwicklungsingenieur Messtechnik (m/w/d),HIGHVOLT Prüftechnik Dresden GmbH,"Dresden, Saxony, Germany",2026-09-08,https://www.linkedin.com/jobs/view/4464488185 , ,li-4464488185,fulltime,,,,,,False,mid-senior level,Product Management and Engineering,,,"Appliances, Electrical, and Electronics Manufacturing",https://de.linkedin.com/company/highvolt-pr%C3%BCftechnik-dresden-gmbh,,,,,,,,,,,
linkedin,Principal SerDes System/DSP Design Engineer,Ciena,,2026-09-08,https://www.linkedin.com/jobs/view/4370239717 , ,li-4370239717,fulltime,,,,,,False,mid-senior level,Education and Training,,,Telecommunications,https://www.linkedin.com/company/ciena,,,,,,,,,,,
linkedin,Senior Embedded Software Engineer mit Karriereambitionen - realistisch bis zu 140k € im 1. Jahr möglich! | 110k€ - 140k€. Starte jetzt mit uns durch!,The Associated Engineers Group,,2026-09-07,https://www.linkedin.com/jobs/view/4464352597 , ,li-4464352597,fulltime,,,,,,True,associate,"Consulting, Information Technology, and Project Management",,,IT Services and IT Consulting and Software Development,https://ch.linkedin.com/company/the-associated-engineers-group,,,,,,,,,,,
linkedin,Entwicklungsingenieur oder Techniker Embedded Software / Hardware (m/w/d),Lucius & Baer GmbH,"Geretsried, Bavaria, Germany",2026-09-07,https://www.linkedin.com/jobs/view/4462227402 , ,li-4462227402,fulltime,,,,,,False,entry level,Engineering,,,Computers and Electronics Manufacturing,https://de.linkedin.com/company/lucius-&-baer-gmbh,,,,,,,,,,,
linkedin,Senior Electronics Development Engineer (m/f/d),TE Connectivity,"Bensheim, Hesse, Germany",2026-09-07,https://www.linkedin.com/jobs/view/4464374202 , ,li-4464374202,fulltime,,,,,,False,mid-senior level,Engineering and Information Technology,,,"Appliances, Electrical, and Electronics Manufacturing",https://ie.linkedin.com/company/te-connectivity,,,,,,,,,,,
linkedin,Embedded Software Engineer (m/w/d) – Autonomous Driving,Teoresi Group,,2026-09-07,https://www.linkedin.com/jobs/view/4461891468 , ,li-4461891468,fulltime,,,,,,True,entry level,Engineering,,,Engineering Services,https://it.linkedin.com/company/teoresigroup,,,,,,,,,,,
linkedin,Software-Entwickler Embedded (w/m/d) mit abgeschlossenem Informatik-Studium,DEOS AG,"Rheine, North Rhine-Westphalia, Germany",2026-09-07,https://www.linkedin.com/jobs/view/4463260032 , ,li-4463260032,fulltime,,,,,,False,mid-senior level,Engineering,,,"Appliances, Electrical, and Electronics Manufacturing, Information Services, and IT Services and IT Consulting",https://de.linkedin.com/company/deos-ag,,,,,,,,,,,
linkedin,Softwareentwickler - Embedded Linux (m/w/d),Rheinmetall,"Bremen, Bremen, Germany",2026-09-07,https://www.linkedin.com/jobs/view/4462215213 , ,li-4462215213,fulltime,,,,,,False,entry level,Engineering and Information Technology,,,Defense and Space Manufacturing,https://de.linkedin.com/company/rheinmetall,,,,,,,,,,,
linkedin,Senior Embedded Software Engineer (C++) (f/m/d),Munich Electrification,"Munich, Bavaria, Germany",2026-09-07,https://www.linkedin.com/jobs/view/4373748250 , ,li-4373748250,fulltime,,,,,,False,mid-senior level,Engineering and Information Technology,,,"Appliances, Electrical, and Electronics Manufacturing",https://de.linkedin.com/company/munichelectrification,,,,,,,,,,,
linkedin,Senior Firmware Developer,Arm,"Munich, Bavaria, Germany",2026-09-07,https://www.linkedin.com/jobs/view/4462961988 , ,li-4462961988,fulltime,,,,,,False,mid-senior level,Engineering and Information Technology,,accommodations@arm.com,"Semiconductor Manufacturing, Software Development, and Computer Hardware Manufacturing",https://uk.linkedin.com/company/arm,,,,,,,,,,,
linkedin,Firmware Engineer (f/m/d) for Embedded / Automotive / ASIP RISC‑-V,Renesas Electronics,"Germering, Bavaria, Germany",2026-09-07,https://www.linkedin.com/jobs/view/4464350537 , ,li-4464350537,fulltime,,,,,,False,mid-senior level,Engineering,,,Semiconductor Manufacturing,https://jp.linkedin.com/company/renesas,,,,,,,,,,,
linkedin,Robotik-Entwickler (m/w/d),Volt Venture GmbH,"Münster, North Rhine-Westphalia, Germany",2026-09-07,https://www.linkedin.com/jobs/view/4461887947 , ,li-4461887947,fulltime,,,,,,False,entry level,Engineering,,,Retail,https://de.linkedin.com/company/volt-venture-gmbh,,,,,,,,,,,
linkedin,Senior Systems Engineer,Spire,"Munich, Bavaria, Germany",2026-09-07,https://www.linkedin.com/jobs/view/4464344683 , ,li-4464344683,fulltime,,,,,,True,mid-senior level,Information Technology,,,Information Services,https://www.linkedin.com/company/spireglobal,,,,,,,,,,,
linkedin,Avionics Engineer - Thrust Vector Control Actuator (m/f/d),Isar Aerospace,"Ottobrunn, Bavaria, Germany",2026-09-07,https://www.linkedin.com/jobs/view/4464351377 , ,li-4464351377,fulltime,,,,,,False,entry level,Engineering and Information Technology,,,Aviation and Aerospace Component Manufacturing,https://de.linkedin.com/company/isaraerospace,,,,,,,,,,,
linkedin,Wiss. Mitarbeiterin bzw. Mitarbeiter (m/w/d),Technische Universität Dresden,"Dresden, Saxony, Germany",2026-09-07,https://www.linkedin.com/jobs/view/4464365338 , ,li-4464365338,fulltime,,,,,,False,entry level,"Research, Analyst, and Information Technology",,,Research,https://de.linkedin.com/school/tu-dresden/,,,,,,,,,,,
linkedin,Expert Technical Support Engineer – GNSS & Satellite Navigation Systems,Keysight Technologies,"Böblingen, Baden-Württemberg, Germany",2026-09-07,https://www.linkedin.com/jobs/view/4462219504 , ,li-4462219504,fulltime,,,,,,False,not applicable,Information Technology,,,"Appliances, Electrical, and Electronics Manufacturing",https://www.linkedin.com/company/keysight-technologies,,,,,,,,,,,
linkedin,(Senior) Projektingenieur zukünftige Flugkörpertechnologien (m/w/d),IABG,"Coblenz, Rhineland-Palatinate, Germany",2026-09-07,https://www.linkedin.com/jobs/view/4462926561 , ,li-4462926561,fulltime,,,,,,False,entry level,Engineering and Information Technology,,,"IT Services and IT Consulting, Defense and Space Manufacturing, and Motor Vehicle Manufacturing",https://de.linkedin.com/company/iabg,,,,,,,,,,,
linkedin,Electrical Engineer (all gender),ALTEN,,2026-09-07,https://www.linkedin.com/jobs/view/4410373489 , ,li-4410373489,fulltime,,,,,,False,associate,Engineering,,,Maritime Transportation,https://fr.linkedin.com/company/alten,,,,,,,,,,,
linkedin,Robotics Simulation Engineer,Alignerr,"Munich, Bavaria, Germany",2026-09-07,https://www.linkedin.com/jobs/view/4464082463 , ,li-4464082463,contract,,,,,,True,entry level,Engineering and Information Technology,,,"Technology, Information and Internet",https://www.linkedin.com/company/alignerr,,,,,,,,,,,
linkedin,Senior Development Engineer Military Communication Systems (all gender),ALTEN,"Schrobenhausen, Bavaria, Germany",2026-09-07,https://www.linkedin.com/jobs/view/4461886904 , ,li-4461886904,fulltime,,,,,,False,associate,Engineering,,,Aviation and Aerospace Component Manufacturing,https://fr.linkedin.com/company/alten,,,,,,,,,,,
linkedin,VLM Research Engineer (m/f/d),Almetra,"Berlin, Berlin, Germany",2026-09-07,https://www.linkedin.com/jobs/view/4445938504 , ,li-4445938504,contract,,,,,,False,mid-senior level,Engineering and Information Technology,,,Software Development,https://de.linkedin.com/company/almetra-ai,,,,,,,,,,,
linkedin,FPGA Design Engineer (m/w/d),Thales,"Ditzingen, Baden-Württemberg, Germany",2026-09-07,https://www.linkedin.com/jobs/view/4387888525 , ,li-4387888525,fulltime,,,,,,False,not applicable,Engineering and Information Technology,,,Aviation and Aerospace Component Manufacturing and Defense and Space Manufacturing,https://fr.linkedin.com/company/thales,,,,,,,,,,,
linkedin,"RF Payload Engineer - Space Antenna (gn) @ DefenceTech Venture, Munich",Atlantic,"Munich, Bavaria, Germany",2026-09-07,https://www.linkedin.com/jobs/view/4462222795 , ,li-4462222795,fulltime,,,,,,False,mid-senior level,,,,Defense and Space Manufacturing and Aviation and Aerospace Component Manufacturing,https://www.linkedin.com/company/atlantic-vc,,,,,,,,,,,
linkedin,Konstrukteur:in,SOA Experts GmbH,"Kiel, Schleswig-Holstein, Germany",2026-09-07,https://www.linkedin.com/jobs/view/4457443519 , ,li-4457443519,fulltime,,,,,,False,associate,Other,,,Human Resources Services,https://de.linkedin.com/company/soa-experts-gmbh,,,,,,,,,,,
linkedin,"Entwicklungsingenieur Elektrokonstruktion, Cell Manufacturing (m/w/d) – Gigafactory Berlin-Brandenburg",Tesla,"Grünheide, Brandenburg, Germany",2026-09-07,https://www.linkedin.com/jobs/view/4464314106 , ,li-4464314106,fulltime,,,,,,True,mid-senior level,Engineering and Information Technology,,,"Motor Vehicle Manufacturing, Renewable Energy Semiconductor Manufacturing, and Utilities",https://www.linkedin.com/company/tesla-motors,,,,,,,,,,,
linkedin,Senior Platform & Hardware Applications Engineer (f/m/d),Black Semiconductor,"Aachen, North Rhine-Westphalia, Germany",2026-09-07,https://www.linkedin.com/jobs/view/4445900831 , ,li-4445900831,fulltime,,,,,,False,mid-senior level,Engineering and Information Technology,,,Semiconductor Manufacturing,https://de.linkedin.com/company/black-semiconductor,,,,,,,,,,,
linkedin,Hardwareentwickler (m/w/d),Randstad Deutschland,"Munich, Bavaria, Germany",2026-09-07,https://www.linkedin.com/jobs/view/4462937218 , ,li-4462937218,fulltime,,,,,,True,mid-senior level,Engineering and Information Technology,,,Human Resources Services,https://de.linkedin.com/company/randstad-deutschland,,,,,,,,,,,
linkedin,Ingenieure (m/w/d) Elektrotechnik Schaltungsentwicklung,Oehmichen & Bürgers Industrieplanung GmbH,"Düsseldorf, North Rhine-Westphalia, Germany",2026-09-07,https://www.linkedin.com/jobs/view/4464349705 , ,li-4464349705,fulltime,,,,,,False,entry level,Engineering and Information Technology,,,Engineering Services,https://de.linkedin.com/company/oub,,,,,,,,,,,
linkedin,Hardwareentwickler Steuergerät Automotive (m/w/d),prognum Automotive GmbH,"Stuttgart, Baden-Württemberg, Germany",2026-09-07,https://www.linkedin.com/jobs/view/4464090635 , ,li-4464090635,fulltime,,,,,,False,entry level,Engineering and Information Technology,,,Engineering Services,https://de.linkedin.com/company/prognum-automotive,,,,,,,,,,,
linkedin,Spatial Audio Engineer,Audatic,"Berlin, Germany",2026-09-07,https://www.linkedin.com/jobs/view/4462983008 , ,li-4462983008,fulltime,,,,,,False,entry level,Engineering and Information Technology,,,Software Development,https://de.linkedin.com/company/audatic-ai,,,,,,,,,,,
linkedin,Research Assistant (m/f/d) - Energy-Efficient Signal Processing for Electrically Active Implants,Universität Rostock,"Rostock, Mecklenburg-West Pomerania, Germany",2026-09-07,https://www.linkedin.com/jobs/view/4464369821 , ,li-4464369821,fulltime,,,,,,False,entry level,"Research, Analyst, and Information Technology",,,Internet Publishing,https://de.linkedin.com/school/university-of-rostock/,,,,,,,,,,,
linkedin,Ingenieur (m/w/d) für Anomaliedetektion und Prozessanalytik,Siltronic AG,"Burghausen, Bavaria, Germany",2026-09-07,https://www.linkedin.com/jobs/view/4464311225 , ,li-4464311225,fulltime,,,,,,False,mid-senior level,Engineering and Analyst,,,Semiconductor Manufacturing,https://de.linkedin.com/company/siltronic-ag,,,,,,,,,,,
linkedin,R&D Engineer FPGA (m/w/d),ABB,"Minden, North Rhine-Westphalia, Germany",2026-09-07,https://www.linkedin.com/jobs/view/4449747340 , ,li-4449747340,fulltime,,,,,,False,mid-senior level,Engineering and Information Technology,,,Automation Machinery Manufacturing,https://ch.linkedin.com/company/abb,,,,,,,,,,,
linkedin,Initiativ-Projekt &quot;Institut für Methodik der Fernerkundung&quot;,German Aerospace Center (DLR),"Oberpfaffenhofen, Bavaria, Germany",2026-09-07,https://www.linkedin.com/jobs/view/4462417103 , ,li-4462417103,fulltime,,,,,,False,entry level,Other,,,Research Services,https://de.linkedin.com/company/dlr,,,,,,,,,,,
linkedin,PCB-Layout-Designer (m/w/d) mit Fokus auf PLM-Integration und Library Management,Diehl Defence,"Röthenbach an der Pegnitz, Bavaria, Germany",2026-09-07,https://www.linkedin.com/jobs/view/4462241311 , ,li-4462241311,fulltime,,,,,,False,mid-senior level,Engineering and Information Technology,,,Defense and Space Manufacturing,https://de.linkedin.com/company/diehl-defence,,,,,,,,,,,
linkedin,Duales Studium Elektro- und Informationstechnik (ausbildungsintegriert) (B. Sc.) HAW (w/m/d) - Start 2027,Hamburger Hochbahn AG,"Hamburg, Hamburg, Germany",2026-09-07,https://www.linkedin.com/jobs/view/4456185398 , ,li-4456185398,fulltime,,,,,,False,internship,Engineering and Information Technology,,,Urban Transit Services,https://de.linkedin.com/company/hamburger-hochbahn-ag,,,,,,,,,,,
linkedin,Robotics ML Expert — MuJoCo & Reinforcement Learning,Alignerr,"Munich, Bavaria, Germany",2026-09-07,https://www.linkedin.com/jobs/view/4464073514 , ,li-4464073514,contract,,,,,,True,mid-senior level,Engineering and Information Technology,,,"Technology, Information and Internet",https://www.linkedin.com/company/alignerr,,,,,,,,,,,
linkedin,Software Developer - Algorithms and Data Fusion,Guldberg GmbH,"Bremen, Germany",2026-09-07,https://www.linkedin.com/jobs/view/4462208576 , ,li-4462208576,fulltime,,,,,,False,mid-senior level,Engineering and Information Technology,,,Defense and Space Manufacturing,https://de.linkedin.com/company/guldberggmbh,,,,,,,,,,,
linkedin,Wissenschaftliche Mitarbeiterin/Wissenschaftlicher Mitarbeiter (m/w/d) / PhD Schneider Lab,Universitätsklinikum Carl Gustav Carus Dresden,"Dresden, Saxony, Germany",2026-09-07,https://www.linkedin.com/jobs/view/4462938099 , ,li-4462938099,contract,,,,,,False,not applicable,"Research, Analyst, and Information Technology",,markus.schneider@ukdd.de,"Research Services, Wellness and Fitness Services, and Hospitals and Health Care",https://de.linkedin.com/company/universit%C3%A4tsklinikum-carl-gustav-carus,,,,,,,,,,,
linkedin,"Principal Digital Design Engineer, Automotive",NXP Semiconductors,"Hamburg, Hamburg, Germany",2026-09-07,https://www.linkedin.com/jobs/view/4386511432 , ,li-4386511432,fulltime,,,,,,True,mid-senior level,Engineering and Information Technology,,,"Semiconductor Manufacturing, Computers and Electronics Manufacturing, and Software Development",https://nl.linkedin.com/company/nxp-semiconductors,,,,,,,,,,,
linkedin,Elektronikentwickler (m/w/d),SOMNOmedics AG,"Randersacker, Bavaria, Germany",2026-09-07,https://www.linkedin.com/jobs/view/4464328536 , ,li-4464328536,fulltime,,,,,,False,mid-senior level,Research and Engineering,,,Medical Equipment Manufacturing,https://de.linkedin.com/company/somnomedics-europe,,,,,,,,,,,
linkedin,Systementwickler Steuerungs- und E-Antriebstechnik (m/w/d),Liebherr Group,"Bad Schussenried, Baden-Württemberg, Germany",2026-09-06,https://www.linkedin.com/jobs/view/4387702849 , ,li-4387702849,fulltime,,,,,,False,mid-senior level,Engineering and Information Technology,,,Industrial Machinery Manufacturing,https://de.linkedin.com/company/liebherr,,,,,,,,,,,
linkedin,Senior Applications Engineer II – Physical Layer (m/f/d),Microchip Technology Inc.,"Karlsruhe, Baden-Württemberg, Germany",2026-09-06,https://www.linkedin.com/jobs/view/4427566673 , ,li-4427566673,fulltime,,,,,,False,mid-senior level,Engineering,,,"Appliances, Electrical, and Electronics Manufacturing and Semiconductor Manufacturing",https://www.linkedin.com/company/microchip-technology,,,,,,,,,,,
linkedin,Duales Studium | Bachelor of Science (w/m/d) Schwerpunkt: Elektrotechnik/Informationstechnik,TURCK,"Detmold, North Rhine-Westphalia, Germany",2026-09-06,https://www.linkedin.com/jobs/view/4341222767 , ,li-4341222767,fulltime,,,,,,False,entry level,Project Management and Information Technology,,,Automation Machinery Manufacturing,https://de.linkedin.com/company/turck,,,,,,,,,,,
linkedin,"Principal Engineer, Product Target Selling Price (m/f/d)",HARMAN International,"Garching, Bavaria, Germany",2026-09-06,https://www.linkedin.com/jobs/view/4433194794 , ,li-4433194794,fulltime,,,,,,False,mid-senior level,Engineering and Information Technology,,harmancareers@harman.com,Computers and Electronics Manufacturing,https://www.linkedin.com/company/harman-international,,,,,,,,,,,
linkedin,Harvesting Machinery Engineering Specialist,LOVOL GLOBAL,"Mannheim, Baden-Württemberg, Germany",2026-09-06,https://www.linkedin.com/jobs/view/4451179824 , ,li-4451179824,fulltime,,,,,,True,mid-senior level,Engineering,,,"Agriculture, Construction, Mining Machinery Manufacturing",https://cn.linkedin.com/company/weichailovolintelligentagriculture,,,,,,,,,,,
linkedin,Entwicklungsingenieur Hardware für Prüfmittel (m/w/x),K-tronik GmbH,"Memmingen, Bavaria, Germany",2026-09-06,https://www.linkedin.com/jobs/view/4461843122 , ,li-4461843122,fulltime,,,,,,False,entry level,Engineering,,,IT Services and IT Consulting,https://de.linkedin.com/company/k-tronik-gmbh,,,,,,,,,,,
linkedin,"Senior Engineer, Resource Optimization & Algorithm, IRIS2",SES Satellites,"Unterföhring, Bavaria, Germany",2026-09-06,https://www.linkedin.com/jobs/view/4435493094 , ,li-4435493094,fulltime,,,,,,False,mid-senior level,Engineering and Information Technology,,,Telecommunications,https://lu.linkedin.com/company/ses,,,,,,,,,,,
linkedin,R&D Engineer (m/f/d),Large Space Structures GmbH,"Eching, Bavaria, Germany",2026-09-06,https://www.linkedin.com/jobs/view/4461821471 , ,li-4461821471,fulltime,,,,,,False,associate,Engineering,,,Government Administration,https://de.linkedin.com/company/largespace,,,,,,,,,,,
linkedin,"Research & Development Engineer, Light Technology (m/w/d)",Adam Hall Group,"Neu-Anspach, Hesse, Germany",2026-09-05,https://www.linkedin.com/jobs/view/4426065945 , ,li-4426065945,fulltime,,,,,,False,mid-senior level,Engineering and Information Technology,,,Electrical Equipment Manufacturing,https://de.linkedin.com/company/adam-hall-group,,,,,,,,,,,
linkedin,"Entwicklungsingenieur Elektrik/ Elektronik, all genders",SALT AND PEPPER Group,"Bremen, Bremen, Germany",2026-09-05,https://www.linkedin.com/jobs/view/3983796992 , ,li-3983796992,fulltime,,,,,,False,entry level,Engineering and Information Technology,,,Engineering Services,https://de.linkedin.com/company/salt-and-pepper,,,,,,,,,,,
linkedin,Duales Studium zum B. Eng. (d/m/w) Elektrotechnik Fachrichtung Nachrichten- und Kommunikationstechnik,Airbus Helicopters,"Donauwörth, Bavaria, Germany",2026-09-05,https://www.linkedin.com/jobs/view/4444915216 , ,li-4444915216,fulltime,,,,,,False,entry level,Information Technology,,emsom@airbus.com,Aviation and Aerospace Component Manufacturing,https://fr.linkedin.com/company/airbus-helicopters,,,,,,,,,,,
linkedin,Lead Electronics Engineer (m/f/d),Clarios,"Hannover, Lower Saxony, Germany",2026-09-05,https://www.linkedin.com/jobs/view/4427053318 , ,li-4427053318,fulltime,,,,,,False,mid-senior level,Engineering,,Special.Accommodations@Clarios.com,Motor Vehicle Parts Manufacturing,https://www.linkedin.com/company/clarios,,,,,,,,,,,
linkedin,Customer Success Engineer (UAV),TechTree,"Munich, Bavaria, Germany",2026-09-05,https://www.linkedin.com/jobs/view/4441535451 , ,li-4441535451,fulltime,,,,,,False,associate,Management and Manufacturing,,,Software Development,https://uk.linkedin.com/company/techtreehq,,,,,,,,,,,
linkedin,Ingenieur/in (w/m/d) - KI-gestützte Systemdynamik und Regelungstechnik,German Aerospace Center (DLR),"Oberpfaffenhofen, Bavaria, Germany",2026-09-05,https://www.linkedin.com/jobs/view/4461756225 , ,li-4461756225,fulltime,,,,,,False,entry level,Engineering and Information Technology,,,Research Services,https://de.linkedin.com/company/dlr,,,,,,,,,,,
linkedin,Sr. Product Application Engineer,AMD,"Munich, Bavaria, Germany",2026-09-05,https://www.linkedin.com/jobs/view/4441846286 , ,li-4441846286,fulltime,,,,,,False,mid-senior level,Engineering,,,Semiconductor Manufacturing,https://www.linkedin.com/company/amd,,,,,,,,,,,
linkedin,HW Project Leader (m/f/d),HARMAN International,"Ulm, Baden-Württemberg, Germany",2026-09-05,https://www.linkedin.com/jobs/view/4398254113 , ,li-4398254113,fulltime,,,,,,True,mid-senior level,Project Management and Information Technology,,harmancareers@harman.com,Computers and Electronics Manufacturing,https://www.linkedin.com/company/harman-international,,,,,,,,,,,
linkedin,Advanced Specialist Electrical Design (w/m/d),JENOPTIK,"Wedel, Schleswig-Holstein, Germany",2026-09-05,https://www.linkedin.com/jobs/view/4461444832 , ,li-4461444832,fulltime,,,,,,False,mid-senior level,Engineering and Information Technology,,,Motor Vehicle Manufacturing,https://de.linkedin.com/company/jenoptik,,,,,,,,,,,
linkedin,Antenna Technology Developer (m/f/d),Ericsson,"Rosenheim, Bavaria, Germany",2026-09-05,https://www.linkedin.com/jobs/view/4433682076 , ,li-4433682076,fulltime,,,,,,False,not applicable,Other,,,Telecommunications,https://se.linkedin.com/company/ericsson,,,,,,,,,,,
linkedin,Senior RF Experte (w/m/d),TRUMPF,"Freiburg, Baden-Württemberg, Germany",2026-09-05,https://www.linkedin.com/jobs/view/4395446568 , ,li-4395446568,fulltime,,,,,,False,mid-senior level,Business Development and Sales,,david.brodkorb.external@trumpf.com,Machinery Manufacturing,https://www.linkedin.com/company/trumpf-se-co-kg,,,,,,,,,,,
linkedin,Spatial Audio Engineer (m/w/d),Sonova Group,"Berlin, Berlin, Germany",2026-09-05,https://www.linkedin.com/jobs/view/4443519327 , ,li-4443519327,fulltime,,,,,,False,mid-senior level,Information Technology,,,Medical Equipment Manufacturing,https://ch.linkedin.com/company/sonovagroup,,,,,,,,,,,
linkedin,Ingenieur/in (w/m/d) - Signalverarbeitung für die Satellitenkommunikation mit SDR-Kenntnisse,German Aerospace Center (DLR),"Oberpfaffenhofen, Bavaria, Germany",2026-09-05,https://www.linkedin.com/jobs/view/4460154289 , ,li-4460154289,fulltime,,,,,,False,mid-senior level,Engineering and Information Technology,,,Research Services,https://de.linkedin.com/company/dlr,,,,,,,,,,,
linkedin,Ingenieur/in (w/m/d) - Kommunikationsprotokolle in SDR unterstützt durch Flugplattformen,German Aerospace Center (DLR),"Oberpfaffenhofen, Bavaria, Germany",2026-09-05,https://www.linkedin.com/jobs/view/4460165143 , ,li-4460165143,fulltime,,,,,,False,mid-senior level,Engineering and Information Technology,,,Research Services,https://de.linkedin.com/company/dlr,,,,,,,,,,,
linkedin,Senior Engineer Advanced Technology (M/F/D),Adtran,"Meiningen, Thuringia, Germany",2026-09-05,https://www.linkedin.com/jobs/view/4436417449 , ,li-4436417449,fulltime,,,,,,False,mid-senior level,Engineering and Information Technology,,,Telecommunications,https://www.linkedin.com/company/adtran,,,,,,,,,,,
linkedin,Factory Project Commissioning Engineer EU (m/f/x),Lawo,"Rastatt, Baden-Württemberg, Germany",2026-09-05,https://www.linkedin.com/jobs/view/4365768717 , ,li-4365768717,fulltime,,,,,,True,entry level,Engineering and Information Technology,,,Broadcast Media Production and Distribution,https://de.linkedin.com/company/lawo,,,,,,,,,,,
linkedin,"(Senior) Engineer, UHF Payload Systems, IRIS2",SES Satellites,"Unterföhring, Bavaria, Germany",2026-09-05,https://www.linkedin.com/jobs/view/4435477679 , ,li-4435477679,fulltime,,,,,,False,mid-senior level,Information Technology,,,Telecommunications,https://lu.linkedin.com/company/ses,,,,,,,,,,,
linkedin,Informatiker/in (w/m/d) - Forschung und Entwicklung von Payload-Software für Raumfahrtsysteme,German Aerospace Center (DLR),"Oberpfaffenhofen, Bavaria, Germany",2026-09-05,https://www.linkedin.com/jobs/view/4460171065 , ,li-4460171065,fulltime,,,,,,False,mid-senior level,"Research, Analyst, and Information Technology",,,Research Services,https://de.linkedin.com/company/dlr,,,,,,,,,,,
linkedin,Researcher (m/f/d/x) in Visual Perception for Interactive 3D World,Deutsches Forschungszentrum für Künstliche Intelligenz (DFKI),"Kaiserslautern, Rhineland-Palatinate, Germany",2026-09-05,https://www.linkedin.com/jobs/view/4462368284 , ,li-4462368284,fulltime,,,,,,False,internship,"Research, Analyst, and Information Technology",,,Research Services,https://de.linkedin.com/company/dfki,,,,,,,,,,,
linkedin,Sensor Integration Engineer (m/f/d),MOTOR Ai,"Berlin, Berlin, Germany",2026-09-05,https://www.linkedin.com/jobs/view/4461445844 , ,li-4461445844,fulltime,,,,,,True,mid-senior level,Engineering,,,Software Development,https://de.linkedin.com/company/motorai,,,,,,,,,,,
linkedin,Staff GNC Engineer,Archer,"Munich, Bavaria, Germany",2026-09-05,https://www.linkedin.com/jobs/view/4435235694 , ,li-4435235694,fulltime,,,,,,False,mid-senior level,Engineering and Information Technology,,"people@archer.com, People@archer.com",Airlines and Aviation,https://www.linkedin.com/company/flyarcher,,,,,,,,,,,
linkedin,Entwicklungsingenieur Elektronik (m/w/d) Regler,ProMinent Group,"Heidelberg, Baden-Württemberg, Germany",2026-09-05,https://www.linkedin.com/jobs/view/4435853385 , ,li-4435853385,fulltime,,,,,,False,mid-senior level,Engineering and Information Technology,,Bewerbungen@prominent.com,Industrial Machinery Manufacturing,https://de.linkedin.com/company/prominentgroup,,,,,,,,,,,
linkedin,Lead Engineer – EV Charging Infrastructure (all genders),gridX,,2026-09-05,https://www.linkedin.com/jobs/view/4427018486 , ,li-4427018486,fulltime,,,,,,True,associate,Information Technology,,,"Technology, Information and Internet",https://de.linkedin.com/company/gridx,,,,,,,,,,,
linkedin,Entwicklungsingenieur (m/w/d) Embedded Software,ProMinent Group,"Heidelberg, Baden-Württemberg, Germany",2026-09-05,https://www.linkedin.com/jobs/view/4435845803 , ,li-4435845803,fulltime,,,,,,False,mid-senior level,Engineering and Information Technology,,Bewerbungen@prominent.com,Industrial Machinery Manufacturing,https://de.linkedin.com/company/prominentgroup,,,,,,,,,,,
linkedin,Embedded Software Engineer,IC Resources,"North Rhine-Westphalia, Germany",2026-09-05,https://www.linkedin.com/jobs/view/4417015290 , ,li-4417015290,fulltime,,,,,,False,mid-senior level,Engineering and Information Technology,,,Staffing and Recruiting,https://uk.linkedin.com/company/icresources,,,,,,,,,,,
linkedin,Embedded-Softwareentwickler (m/w/d),KERN & SOHN GmbH,"Balingen, Baden-Württemberg, Germany",2026-09-05,https://www.linkedin.com/jobs/view/4461492517 , ,li-4461492517,fulltime,,,,,,False,entry level,Other,,,Manufacturing,https://de.linkedin.com/company/kern-sohn,,,,,,,,,,,
linkedin,RF / Microwave Engineer,TechTree,"Munich, Bavaria, Germany",2026-09-05,https://www.linkedin.com/jobs/view/4441532515 , ,li-4441532515,fulltime,,,,,,False,mid-senior level,Engineering and Information Technology,,,Software Development,https://uk.linkedin.com/company/techtreehq,,,,,,,,,,,
linkedin,Konstrukteur Elektrotechnik (m/w/d),DATRON AG,"Ober-Ramstadt, Hesse, Germany",2026-09-05,https://www.linkedin.com/jobs/view/4456200847 , ,li-4456200847,fulltime,,,,,,False,associate,Engineering,,karriere@datron.de,"Transportation, Logistics, Supply Chain and Storage",https://de.linkedin.com/company/datron-ag,,,,,,,,,,,
linkedin,Senior Avionics System Engineer,The Exploration Company,"Munich, Bavaria, Germany",2026-09-04,https://www.linkedin.com/jobs/view/4462345025 , ,li-4462345025,fulltime,,,,,,False,mid-senior level,Engineering and Information Technology,,,Aviation and Aerospace Component Manufacturing,https://de.linkedin.com/company/exploration-company,,,,,,,,,,,
linkedin,Embedded Hard- & Softwareentwickler (m/w/d),Zoller + Fröhlich GmbH,"Wangen im Allgäu, Baden-Württemberg, Germany",2026-09-04,https://www.linkedin.com/jobs/view/4463661659 , ,li-4463661659,fulltime,,,,,,False,entry level,Information Technology and Engineering,,jobs@zofre.de,Industrial Machinery Manufacturing,https://de.linkedin.com/company/z-f-gmbh,,,,,,,,,,,
linkedin,Embedded Software Test Lead Engineer,indie.inc,"Munich, Bavaria, Germany",2026-09-04,https://www.linkedin.com/jobs/view/4295691235 , ,li-4295691235,fulltime,,,,,,False,mid-senior level,Engineering and Information Technology,,,Semiconductor Manufacturing,https://www.linkedin.com/company/indieinc,,,,,,,,,,,
linkedin,Systementwickler (m/w/d),Zoller + Fröhlich GmbH,"Wangen im Allgäu, Baden-Württemberg, Germany",2026-09-04,https://www.linkedin.com/jobs/view/4463655866 , ,li-4463655866,fulltime,,,,,,False,entry level,Information Technology and Engineering,,jobs@zofre.de,Industrial Machinery Manufacturing,https://de.linkedin.com/company/z-f-gmbh,,,,,,,,,,,
linkedin,Senior Embedded Software Engineer,The Exploration Company,"Munich, Bavaria, Germany",,https://www.linkedin.com/jobs/view/4464877383 , ,li-4464877383,fulltime,,,,,,False,mid-senior level,Engineering and Information Technology,,,Aviation and Aerospace Component Manufacturing,https://de.linkedin.com/company/exploration-company,,,,,,,,,,,
linkedin,Senior Softwareentwickler Embedded Systems (m/w/d),Lorch Schweißtechnik GmbH,"Oberbrüden, Baden-Württemberg, Germany",,https://www.linkedin.com/jobs/view/4464867862 , ,li-4464867862,fulltime,,,,,,False,mid-senior level,Engineering and Information Technology,,,Industrial Machinery Manufacturing,https://de.linkedin.com/company/lorch-schwei%C3%9Ftechnik-gmbh,,,,,,,,,,,
linkedin,Embedded Software Engineer (m/f/d),Alpitronic,"Nuremberg, Bavaria, Germany",,https://www.linkedin.com/jobs/view/4385741400 , ,li-4385741400,fulltime,,,,,,False,associate,Engineering and Information Technology,,,"Appliances, Electrical, and Electronics Manufacturing",https://it.linkedin.com/company/alpitronic-srl,,,,,,,,,,,
linkedin,"Entwicklungsingenieur Embedded Software, all genders",SALT AND PEPPER Group,"Hamburg, Hamburg, Germany",,https://www.linkedin.com/jobs/view/4318837452 , ,li-4318837452,fulltime,,,,,,False,entry level,Engineering and Information Technology,,,Engineering Services,https://de.linkedin.com/company/salt-and-pepper,,,,,,,,,,,
linkedin,Lead Engineer - Robotics & Autonomous Systems (m/f/d),Autonomous Teaming,"Munich, Bavaria, Germany",,https://www.linkedin.com/jobs/view/4466045762 , ,li-4466045762,fulltime,,,,,,False,mid-senior level,Engineering and Information Technology,,,Software Development,https://de.linkedin.com/company/autonomous-teaming,,,,,,,,,,,
linkedin,Softwareentwickler-Applikateur-in Steuerungstechnik (m/w/d),Liebherr Group,"Bad Schussenried, Baden-Württemberg, Germany",,https://www.linkedin.com/jobs/view/4410481817 , ,li-4410481817,fulltime,,,,,,False,mid-senior level,Engineering and Information Technology,,,Industrial Machinery Manufacturing,https://de.linkedin.com/company/liebherr,,,,,,,,,,,
linkedin,Member of Technical Staff - Robotics Lab (Remote),Hire Feed,,,https://www.linkedin.com/jobs/view/4466020510 , ,li-4466020510,contract,,,,,,True,associate,"Engineering, Research, and Information Technology",,,"Software Development, Technology, Information and Media, and IT Services and IT Consulting",https://www.linkedin.com/company/hirefeedd,,,,,,,,,,,
linkedin,Softwareentwickler (m/w/d) C++/Linux mit Schwerpunkt Qt/QML - Jobbird.com,Jobster,"Garching an der Alz, Bavaria, Germany",,https://www.linkedin.com/jobs/view/4464812264 , ,li-4464812264,fulltime,,,,,,False,entry level,Engineering and Information Technology,,,Software Development,https://nl.linkedin.com/company/jobster-com,,,,,,,,,,,
linkedin,Entwicklungsingenieur Fahrerassistenzsysteme Automotive (m/w/d),FERCHAU,"Stuttgart, Baden-Württemberg, Germany",,https://www.linkedin.com/jobs/view/4438570811 , ,li-4438570811,fulltime,,,,,,False,entry level,Engineering and Information Technology,,-automotive@ferchau.com,Engineering Services,https://de.linkedin.com/company/ferchau,,,,,,,,,,,
linkedin,Entwicklungsingenieur (m/w/d) Autonome Roboter,FERCHAU,"Wiesbaden, Hesse, Germany",,https://www.linkedin.com/jobs/view/4438582367 , ,li-4438582367,fulltime,,,,,,False,mid-senior level,Engineering and Information Technology,,wiesbaden@ferchau.com,Engineering Services,https://de.linkedin.com/company/ferchau,,,,,,,,,,,
linkedin,Commissioning Engineer – Prototype Vehicles,Teoresi Group,"Ingolstadt, Bavaria, Germany",,https://www.linkedin.com/jobs/view/4463970657 , ,li-4463970657,fulltime,,,,,,True,associate,Engineering,,,IT Services and IT Consulting and Engineering Services,https://it.linkedin.com/company/teoresigroup,,,,,,,,,,,
linkedin,System Engineer (m/w/d) IoT / OT,Basalt-Actien-Gesellschaft,"Wiedemar, Saxony, Germany",,https://www.linkedin.com/jobs/view/4464892480 , ,li-4464892480,fulltime,,,,,,False,entry level,Information Technology,,,Construction,https://de.linkedin.com/company/basaltactiengesellschaft,,,,,,,,,,,
linkedin,SDV Connectivity In-Vehicle Communication Expert (all genders),MHP – A Porsche Company,"Dresden, Saxony, Germany",,https://www.linkedin.com/jobs/view/4466082657 , ,li-4466082657,fulltime,,,,,,False,entry level,"Marketing, Public Relations, and Writing/Editing",,,Business Consulting and Services,https://de.linkedin.com/company/mhp-a-porsche-company,,,,,,,,,,,
linkedin,Control Engineer (m/f/d),Alpitronic,"Nuremberg, Bavaria, Germany",,https://www.linkedin.com/jobs/view/4385745244 , ,li-4385745244,fulltime,,,,,,False,associate,Engineering and Information Technology,,,"Appliances, Electrical, and Electronics Manufacturing",https://it.linkedin.com/company/alpitronic-srl,,,,,,,,,,,
linkedin,Systemingenieur Mechatronik (m/w/d),FERCHAU,"Kiel, Schleswig-Holstein, Germany",,https://www.linkedin.com/jobs/view/4438577586 , ,li-4438577586,fulltime,,,,,,False,mid-senior level,Information Technology,,john.kaehler@ferchau.com,Engineering Services,https://de.linkedin.com/company/ferchau,,,,,,,,,,,
linkedin,Duales Studium Elektrotechnik und Informationstechnik Studienrichtung Infotronik 2027 m/w/x,Magna International,"Neuenstein, Baden-Württemberg, Germany",,https://www.linkedin.com/jobs/view/4466089083 , ,li-4466089083,fulltime,,,,,,False,internship,Engineering and Information Technology,,,Motor Vehicle Manufacturing,https://ca.linkedin.com/company/magna-international,,,,,,,,,,,
linkedin,Senior Ingenieur:in (m/w/d) Avionik & MTP,OHB Space UK,"Bremen, Bremen, Germany",,https://www.linkedin.com/jobs/view/4464844216 , ,li-4464844216,fulltime,,,,,,False,mid-senior level,Engineering and Information Technology,,,Defense and Space Manufacturing,https://uk.linkedin.com/company/ohb-space-uk,,,,,,,,,,,
linkedin,Hardwareentwickler Schaltungsdesign Leistungselektronik (all gender),ALTEN,"Erlangen, Bavaria, Germany",,https://www.linkedin.com/jobs/view/4452573606 , ,li-4452573606,fulltime,,,,,,False,associate,Engineering,,,Engineering Services,https://fr.linkedin.com/company/alten,,,,,,,,,,,
linkedin,"Entwicklungsingenieur Hardware, all genders",SALT AND PEPPER Group,"Augsburg, Bavaria, Germany",,https://www.linkedin.com/jobs/view/4418801525 , ,li-4418801525,fulltime,,,,,,False,entry level,Engineering and Information Technology,,,Engineering Services,https://de.linkedin.com/company/salt-and-pepper,,,,,,,,,,,
linkedin,Development Engineer Digital Design FPGA (m/w/d),Rohde & Schwarz,"Duisburg, North Rhine-Westphalia, Germany",,https://www.linkedin.com/jobs/view/4464873322 , ,li-4464873322,fulltime,,,,,,False,not applicable,Engineering and Information Technology,,,Telecommunications,https://de.linkedin.com/company/rohde-schwarz,,,,,,,,,,,
linkedin,Digital Hardware Engineer (m/f/d),Emerson,"Dresden, Saxony, Germany",,https://www.linkedin.com/jobs/view/4466074289 , ,li-4466074289,fulltime,,,,,,False,entry level,Engineering and Information Technology,,idisability.administrator@emerson.com,Automation Machinery Manufacturing,https://www.linkedin.com/company/emerson,,,,,,,,,,,
linkedin,Development Engineer (m/f/d) Digital,Elmos,"Frankfurt an der Oder, Brandenburg, Germany",,https://www.linkedin.com/jobs/view/4451740303 , ,li-4451740303,fulltime,,,,,,False,mid-senior level,Engineering,,,Semiconductor Manufacturing,https://de.linkedin.com/company/elmos,,,,,,,,,,,
linkedin,R&D Senior Engineer - Power Electronics for Power Transformers,Hitachi Energy,"Bad Honnef am Rhein, North Rhine-Westphalia, Germany",,https://www.linkedin.com/jobs/view/4465805529 , ,li-4465805529,fulltime,,,,,,False,mid-senior level,Engineering and Information Technology,,,"Appliances, Electrical, and Electronics Manufacturing and IT Services and IT Consulting",https://ch.linkedin.com/company/hitachienergy,,,,,,,,,,,
linkedin,Senior Entwicklungskonstrukteur (m/w/d),Mühlbauer Group,"Roding, Bavaria, Germany",,https://www.linkedin.com/jobs/view/4425272600 , ,li-4425272600,fulltime,,,,,,False,mid-senior level,Engineering and Information Technology,,,Machinery Manufacturing,https://de.linkedin.com/company/muhlbauer-group,,,,,,,,,,,
linkedin,Digital Board Entwickler (m/w/d) für Funkgeräte - Tactical Secure Communications,Rohde & Schwarz,"Memmingen, Bavaria, Germany",,https://www.linkedin.com/jobs/view/4464899508 , ,li-4464899508,fulltime,,,,,,False,not applicable,Engineering and Information Technology,,,Telecommunications,https://de.linkedin.com/company/rohde-schwarz,,,,,,,,,,,
linkedin,Senior Analog Designer (m/w/d) in Direktvermittlung,FERCHAU,"Dresden, Saxony, Germany",,https://www.linkedin.com/jobs/view/4438582360 , ,li-4438582360,fulltime,,,,,,False,mid-senior level,Engineering and Information Technology,,friedrich.mickel@ferchau.com,Engineering Services,https://de.linkedin.com/company/ferchau,,,,,,,,,,,
linkedin,Entwicklungsingenieur (m/w/d) Automotive,FERCHAU,"Karlsruhe, Baden-Württemberg, Germany",,https://www.linkedin.com/jobs/view/4438572807 , ,li-4438572807,fulltime,,,,,,False,entry level,Engineering and Information Technology,,-mobility@ferchau.com,Engineering Services,https://de.linkedin.com/company/ferchau,,,,,,,,,,,
linkedin,Entwicklungsingenieur Elektrik (m/w/d),FERCHAU,"Munich, Bavaria, Germany",,https://www.linkedin.com/jobs/view/4438571755 , ,li-4438571755,fulltime,,,,,,False,entry level,Engineering and Information Technology,,jennifer.tillmann@ferchau.com,Engineering Services,https://de.linkedin.com/company/ferchau,,,,,,,,,,,
linkedin,System Architect Radar Signal Processing (m/w/d) - Product Line Detect,Valeo,"Bietigheim-Bissingen, Baden-Württemberg, Germany",,https://www.linkedin.com/jobs/view/4438666652 , ,li-4438666652,fulltime,,,,,,False,mid-senior level,Engineering and Information Technology,,Julia.Mittelmaier@valeo.com,Motor Vehicle Parts Manufacturing,https://fr.linkedin.com/company/valeo,,,,,,,,,,,
linkedin,Senior System Architect,Beagle,"Hannover, Lower Saxony, Germany",,https://www.linkedin.com/jobs/view/4463975727 , ,li-4463975727,fulltime,,,,,,False,mid-senior level,Design and Engineering,,,"Semiconductor Manufacturing and Appliances, Electrical, and Electronics Manufacturing",https://uk.linkedin.com/company/beagletalent,,,,,,,,,,,
linkedin,Broadcast Engineer / Medieningenieur / Systemingenieur (w/m/d) für Kontributionssysteme,BR - Bayerischer Rundfunk,,,https://www.linkedin.com/jobs/view/4466304208 , ,li-4466304208,fulltime,,,,,,False,associate,,,,Broadcast Media Production and Distribution,https://de.linkedin.com/company/br-bayerischer-rundfunk,,,,,,,,,,,
linkedin,Analog Transceiver Design Engineer  (f/m/d),Black Semiconductor,"Aachen, North Rhine-Westphalia, Germany",,https://www.linkedin.com/jobs/view/4446881380 , ,li-4446881380,fulltime,,,,,,False,mid-senior level,Engineering and Information Technology,,,Semiconductor Manufacturing,https://de.linkedin.com/company/black-semiconductor,,,,,,,,,,,
linkedin,Senior Medical Imaging Scientist (Ultrasound),ImFusion,"Munich, Bavaria, Germany",,https://www.linkedin.com/jobs/view/4435104113 , ,li-4435104113,fulltime,,,,,,True,mid-senior level,"Engineering, Research, and Information Technology",,,Medical Equipment Manufacturing and Software Development,https://de.linkedin.com/company/imfusion,,,,,,,,,,,
linkedin,Senior Digital Design Engineer (FPGA),Hypersonica,"Munich, Bavaria, Germany",,https://www.linkedin.com/jobs/view/4466355962 , ,li-4466355962,fulltime,,,,,,False,mid-senior level,Engineering and Information Technology,,,Defense and Space Manufacturing,https://de.linkedin.com/company/hypersonicagmbh,,,,,,,,,,,
linkedin,Software Engineer C++ (m/f/d),Next Ventures,"Hannover, Lower Saxony, Germany",,https://www.linkedin.com/jobs/view/4463998098 , ,li-4463998098,fulltime,,,,,,False,mid-senior level,Research,,,"Defense and Space Manufacturing, IT Services and IT Consulting, and Software Development",https://uk.linkedin.com/company/next-ventures,,,,,,,,,,,
linkedin,Senior Machine Learning Engineer - Radiologie-KI - Arbeitsgruppe Machine Learning,Universitätsmedizin Frankfurt,"Frankfurt, Hesse, Germany",,https://www.linkedin.com/jobs/view/4466079872 , ,li-4466079872,fulltime,,,,,,False,associate,Other,,bucher@med.uni,Hospitals and Health Care,https://de.linkedin.com/company/universit%C3%A4tsmedizin-frankfurt,,,,,,,,,,,
linkedin,Wissenschaftlicher Mitarbeiter (m/w/d) Technische Informatik,State Chancellery of Saxony,"Chemnitz, Saxony, Germany",,https://www.linkedin.com/jobs/view/4464882142 , ,li-4464882142,temporary,,,,,,False,entry level,"Research, Analyst, and Information Technology",,,Government Administration,https://de.linkedin.com/company/s%C3%A4chsische-staatskanzlei,,,,,,,,,,,
linkedin,Junior Embedded Softwareentwickler Linux (m/w/d) – C/C++ & Qt,ingserv GmbH,"Kassel, Hesse, Germany",,https://www.linkedin.com/jobs/view/4466058248 , ,li-4466058248,fulltime,,,,,,False,associate,,,,Machinery Manufacturing,https://www.linkedin.com/company/ingserv-gmbh,,,,,,,,,,,
linkedin,GNC Lead,Hypersonica,"Munich, Bavaria, Germany",,https://www.linkedin.com/jobs/view/4466359838 , ,li-4466359838,fulltime,,,,,,False,mid-senior level,Other,,,Defense and Space Manufacturing,https://de.linkedin.com/company/hypersonicagmbh,,,,,,,,,,,
linkedin,Space Avionics & Embedded Systems Engineer,NeuralAgent,"Gauting, Bavaria, Germany",,https://www.linkedin.com/jobs/view/4463990849 , ,li-4463990849,fulltime,,,,,,False,associate,Engineering,,,Software Development,https://de.linkedin.com/company/neuralagent,,,,,,,,,,,
linkedin,Senior Ground Software Engineer,Hypersonica,"Munich, Bavaria, Germany",,https://www.linkedin.com/jobs/view/4466352883 , ,li-4466352883,fulltime,,,,,,False,mid-senior level,Engineering and Information Technology,,,Defense and Space Manufacturing,https://de.linkedin.com/company/hypersonicagmbh,,,,,,,,,,,
linkedin,Hochfrequenz Engineering Manager (all gender),ALTEN,"Siegburg, North Rhine-Westphalia, Germany",,https://www.linkedin.com/jobs/view/4445008446 , ,li-4445008446,fulltime,,,,,,False,associate,Engineering,,,Engineering Services,https://fr.linkedin.com/company/alten,,,,,,,,,,,
linkedin,Wissenschaftliche/r Mitarbeiter/in (m/w/d) - experimentelle Physik,Universität Rostock,"Rostock, Mecklenburg-West Pomerania, Germany",,https://www.linkedin.com/jobs/view/4466343980 , ,li-4466343980,fulltime,,,,,,False,entry level,"Research, Analyst, and Information Technology",,,Internet Publishing,https://de.linkedin.com/school/university-of-rostock/,,,,,,,,,,,
linkedin,Energy Forecasting & Optimization Engineer (m/f/d),adjusted flow,"Karlsruhe, Baden-Württemberg, Germany",,https://www.linkedin.com/jobs/view/4463975228 , ,li-4463975228,contract,,,,,,False,associate,Information Technology,,,Automation Machinery Manufacturing,https://www.linkedin.com/company/adjustedflow,,,,,,,,,,,
linkedin,Leiter Produktentwicklung & Projektmanagement V/UHF-Funksysteme (m/w/d),Rohde & Schwarz,"Munich, Bavaria, Germany",,https://www.linkedin.com/jobs/view/4461353012 , ,li-4461353012,fulltime,,,,,,False,not applicable,Product Management and Marketing,,,Telecommunications,https://de.linkedin.com/company/rohde-schwarz,,,,,,,,,,,
linkedin,Principal Engineer  LCC HVDC systems.,Quest Global,"Erlangen, Bavaria, Germany",,https://www.linkedin.com/jobs/view/4464886953 , ,li-4464886953,fulltime,,,,,,False,mid-senior level,Engineering and Information Technology,,,Engineering Services,https://sg.linkedin.com/company/quest-global,,,,,,,,,,,
linkedin,Engineer (m/f/d) WRC Engine Application - Race & Test,TOYOTA RACING,"Cologne, North Rhine-Westphalia, Germany",,https://www.linkedin.com/jobs/view/4438627436 , ,li-4438627436,fulltime,,,,,,False,entry level,Engineering and Information Technology,,,Motor Vehicle Manufacturing,https://de.linkedin.com/company/toyota-racing,,,,,,,,,,,
linkedin,Embedded Software Developer (m/w/d),Thales,"Ditzingen, Baden-Württemberg, Germany",,https://www.linkedin.com/jobs/view/4419463033 , ,li-4419463033,fulltime,,,,,,False,not applicable,Engineering and Information Technology,,,Aviation and Aerospace Component Manufacturing and Defense and Space Manufacturing,https://fr.linkedin.com/company/thales,,,,,,,,,,,
linkedin,Masterand (a) Materialcharakterisierung mit dem Vector Network Analyzer (VNA) für mmWellen-Anwendungen,Baumer Group,"Stockach, Baden-Württemberg, Germany",,https://www.linkedin.com/jobs/view/4463931191 , ,li-4463931191,internship,,,,,,False,entry level,Education and Training,,,Measuring and Control Instrument Manufacturing,https://ch.linkedin.com/company/baumer-group,,,,,,,,,,,
linkedin,Elektroingenieur im Bereich Planung Telekommunikationsanlage der Deutschen Bahn AG (m/w/d),Arcadis,"Stuttgart, Baden-Württemberg, Germany",,https://www.linkedin.com/jobs/view/4463996057 , ,li-4463996057,fulltime,,,,,,False,not applicable,Other,,,Professional Services,https://nl.linkedin.com/company/arcadis,,,,,,,,,,,
linkedin,Entwicklungsingenieur Leistungselektronik (m/w/d),AIP SERVICES GmbH,"Altenstadt, Hesse, Germany",,https://www.linkedin.com/jobs/view/4464590701 , ,li-4464590701,fulltime,,,,,,False,mid-senior level,Engineering,,,Retail,https://de.linkedin.com/company/metrica-services-gmbh,,,,,,,,,,,
linkedin,Prüftechniker Radartechnik (m/w/d),ep group,"Ulm, Baden-Württemberg, Germany",,https://www.linkedin.com/jobs/view/4466011163 , ,li-4466011163,fulltime,,,,,,False,entry level,Quality Assurance,,,Alternative Dispute Resolution and Alternative Medicine,https://de.linkedin.com/company/ep-group-gmbh,,,,,,,,,,,
linkedin,Elektroingenieur im Bereich Planung Telekommunikationsanlage der Deutschen Bahn AG (m/w/d),Arcadis,"Nuremberg, Bavaria, Germany",,https://www.linkedin.com/jobs/view/4463979900 , ,li-4463979900,fulltime,,,,,,False,not applicable,Other,,,Professional Services,https://nl.linkedin.com/company/arcadis,,,,,,,,,,,
linkedin,Elektroingenieur im Bereich Planung Telekommunikationsanlage der Deutschen Bahn AG (m/w/d),Arcadis,"Munich, Bavaria, Germany",,https://www.linkedin.com/jobs/view/4463992123 , ,li-4463992123,fulltime,,,,,,False,not applicable,Other,,,Professional Services,https://nl.linkedin.com/company/arcadis,,,,,,,,,,,
linkedin,Elektroingenieur im Bereich Planung Telekommunikationsanlage der Deutschen Bahn AG (m/w/d),Arcadis,"Hamburg, Hamburg, Germany",,https://www.linkedin.com/jobs/view/4463978913 , ,li-4463978913,fulltime,,,,,,False,not applicable,Other,,,Professional Services,https://nl.linkedin.com/company/arcadis,,,,,,,,,,,
linkedin,Elektroingenieur im Bereich Planung Telekommunikationsanlage der Deutschen Bahn AG (m/w/d),Arcadis,"Halle, Saxony-Anhalt, Germany",,https://www.linkedin.com/jobs/view/4463996045 , ,li-4463996045,fulltime,,,,,,False,not applicable,Other,,,Professional Services,https://nl.linkedin.com/company/arcadis,,,,,,,,,,,
linkedin,"Research Engineer - Electrical, Mechanical & Chemical (Remote)",Hire Feed,,,https://www.linkedin.com/jobs/view/4466036388 , ,li-4466036388,contract,,,,,,True,associate,"Engineering, Research, and Science",,,"Research Services, Technology, Information and Media, and Engineering Services",https://www.linkedin.com/company/hirefeedd,,,,,,,,,,,
linkedin,(Junior) Systemingenieur Land (m/w/d),IABG,"Ottobrunn, Bavaria, Germany",,https://www.linkedin.com/jobs/view/4464859424 , ,li-4464859424,fulltime,,,,,,False,mid-senior level,Information Technology,,,"IT Services and IT Consulting, Defense and Space Manufacturing, and Motor Vehicle Manufacturing",https://de.linkedin.com/company/iabg,,,,,,,,,,,
linkedin,PCB Designer (all gender),ALTEN,"Bamberg, Bavaria, Germany",,https://www.linkedin.com/jobs/view/4466063983 , ,li-4466063983,fulltime,,,,,,False,associate,"Production, Distribution, and Engineering",,,Software Development and IT Services and IT Consulting,https://fr.linkedin.com/company/alten,,,,,,,,,,,
linkedin,Electronics Hardware Design Engineer,Hypersonica,"Munich, Bavaria, Germany",,https://www.linkedin.com/jobs/view/4466356833 , ,li-4466356833,fulltime,,,,,,False,mid-senior level,Engineering and Information Technology,,,Defense and Space Manufacturing,https://de.linkedin.com/company/hypersonicagmbh,,,,,,,,,,,
linkedin,Senior Power Electronics Engineer,Hypersonica,"Munich, Bavaria, Germany",,https://www.linkedin.com/jobs/view/4466363820 , ,li-4466363820,fulltime,,,,,,False,mid-senior level,Engineering and Information Technology,,,Defense and Space Manufacturing,https://de.linkedin.com/company/hypersonicagmbh,,,,,,,,,,,
linkedin,Senior Hardwareentwickler (m/w/d),Michael Page,"Kiel, Schleswig-Holstein, Germany",,https://www.linkedin.com/jobs/view/4465857856 , ,li-4465857856,fulltime,,,,,,False,mid-senior level,Manufacturing and Engineering,,,"Industrial Machinery Manufacturing and Appliances, Electrical, and Electronics Manufacturing",https://uk.linkedin.com/company/michael-page,,,,,,,,,,,
linkedin,Electrical Engineer,Envipco,"Osnabrück, Lower Saxony, Germany",,https://www.linkedin.com/jobs/view/4463985031 , ,li-4463985031,fulltime,,,,,,False,entry level,Engineering and Information Technology,,,Environmental Services,https://nl.linkedin.com/company/envipco,,,,,,,,,,,
linkedin,Power Electronics Engineer (m/f/d),Alpitronic,"Nuremberg, Bavaria, Germany",,https://www.linkedin.com/jobs/view/4261106552 , ,li-4261106552,fulltime,,,,,,False,associate,Engineering and Information Technology,,,"Appliances, Electrical, and Electronics Manufacturing",https://it.linkedin.com/company/alpitronic-srl,,,,,,,,,,,
linkedin,(Senior) EPLAN Hardware Entwickler (m/w/d),EKU Power Drives,"Stuttgart, Baden-Württemberg, Germany",,https://www.linkedin.com/jobs/view/4466098810 , ,li-4466098810,fulltime,,,,,,False,not applicable,Engineering and Information Technology,,bewerbung@ekupd.com,Electric Power Generation,https://de.linkedin.com/company/eku-power-drives,,,,,,,,,,,
linkedin,Technical Product Manager Hardware (m/w/d),blackned GmbH,,,https://www.linkedin.com/jobs/view/4464865432 , ,li-4464865432,fulltime,,,,,,True,mid-senior level,Product Management,,,Software Development,https://de.linkedin.com/company/blackned-gmbh,,,,,,,,,,,
linkedin,Elektrokonstrukteur (m/w/d) Elektrobaugruppen & Rack-Systeme,ACONEXT,"Nuremberg, Bavaria, Germany",,https://www.linkedin.com/jobs/view/4463981676 , ,li-4463981676,fulltime,,,,,,False,associate,Information Technology,,,Defense and Space Manufacturing,https://de.linkedin.com/company/aconext-holding-gmbh,,,,,,,,,,,
linkedin,Product Line Application Engineer –  Custom Test Systems,Tektronix,"Viersen, North Rhine-Westphalia, Germany",,https://www.linkedin.com/jobs/view/4466076492 , ,li-4466076492,fulltime,,,,,,True,not applicable,Other,,"applyassistance@Ralliant.com, applyassistance@Ralliant.com","Appliances, Electrical, and Electronics Manufacturing",https://www.linkedin.com/company/tektronix,,,,,,,,,,,
